{
"type": "FeatureCollection",
"name": "EGKK.pavements",
"crs": { "type": "name", "properties": { "name": "urn:ogc:def:crs:OGC:1.3:CRS84" } },
"features": [
{ "type": "Feature", "properties": { "name": "New Taxiway 41", "surface_type": "GRAVEL", "smoothness": 0.0, "texture_orientation": 348.0 }, "geometry": { "type": "Polygon", "coordinates": [ [ [ -0.18348625, 51.15956344 ], [ -0.1835438, 51.1597231 ], [ -0.18364141, 51.15976901 ], [ -0.18364141, 51.15978764 ], [ -0.18387374, 51.15977433 ], [ -0.18395382, 51.15975177 ], [ -0.1839047, 51.15956739 ], [ -0.183901204622222, 51.159561321733335 ], [ -0.183896777155556, 51.159555746266669 ], [ -0.1838914176, 51.159550663600008 ], [ -0.183885125955556, 51.159546073733345 ], [ -0.183877902222222, 51.159541976666667 ], [ -0.1838697464, 51.1595383724 ], [ -0.183860658488889, 51.159535260933332 ], [ -0.183850638488889, 51.159532642266669 ], [ -0.1838396864, 51.159530516400004 ], [ -0.183827802222222, 51.159528883333337 ], [ -0.183814985955556, 51.159527743066668 ], [ -0.1838012376, 51.159527095599998 ], [ -0.183786557155556, 51.159526940933333 ], [ -0.183770944622222, 51.159527279066666 ], [ -0.1837544, 51.15952811 ], [ -0.18348625, 51.15956344 ] ] ] } },
{ "type": "Feature", "properties": { "name": "New Taxiway 32", "surface_type": "UNKNOWN_53", "smoothness": 0.0, "texture_orientation": 78.0 }, "geometry": { "type": "Polygon", "coordinates": [ [ [ -0.16788068, 51.15838403 ], [ -0.16782616, 51.15814733 ], [ -0.16694237, 51.15798805 ], [ -0.16506189, 51.15758698 ], [ -0.16509644, 51.15770927 ], [ -0.16513438, 51.15771937 ], [ -0.16517184, 51.15771468 ], [ -0.16518876, 51.15776108 ], [ -0.16530625, 51.15774298 ], [ -0.16532232, 51.15778277 ], [ -0.16538971, 51.15777223 ], [ -0.16540147, 51.15781612 ], [ -0.16546594, 51.15780661 ], [ -0.16547266, 51.15782656 ], [ -0.16554618, 51.15781573 ], [ -0.16555987, 51.15785464 ], [ -0.16566925, 51.15784051 ], [ -0.16568241, 51.15786123 ], [ -0.16574307, 51.15785333 ], [ -0.16575167, 51.15787135 ], [ -0.16581624, 51.15786597 ], [ -0.1658412, 51.15794711 ], [ -0.16608956, 51.15794295 ], [ -0.1661028, 51.15797307 ], [ -0.166275, 51.15796164 ], [ -0.16631971, 51.15805095 ], [ -0.16576602, 51.15822358 ], [ -0.1659214, 51.15840781 ], [ -0.1661504, 51.15838377 ], [ -0.16620119, 51.15852199 ], [ -0.16627592, 51.15850997 ], [ -0.16632, 51.15864999 ], [ -0.16639282, 51.15863797 ], [ -0.16647153, 51.15886651 ], [ -0.16653831, 51.15894413 ], [ -0.16788068, 51.15838403 ] ] ] } },
{ "type": "Feature", "properties": { "name": "New Taxiway 50", "surface_type": "ASPHALT", "smoothness": 0.0, "texture_orientation": 348.0 }, "geometry": { "type": "Polygon", "coordinates": [ [ [ -0.16652056, 51.15584372 ], [ -0.16535693, 51.1557855 ], [ -0.16462026, 51.15588456 ], [ -0.16487274, 51.15667964 ], [ -0.16576384, 51.1565593 ], [ -0.16567042, 51.15628637 ], [ -0.16598501, 51.15624591 ], [ -0.1660417, 51.15639104 ], [ -0.16610717, 51.15638152 ], [ -0.16613831, 51.15646315 ], [ -0.16607284, 51.15647367 ], [ -0.16608721, 51.15651223 ], [ -0.16666134, 51.15643517 ], [ -0.16664303, 51.15639163 ], [ -0.16670618, 51.15638397 ], [ -0.16652056, 51.15584372 ] ] ] } },
{ "type": "Feature", "properties": { "name": "New Taxiway 49", "surface_type": "ASPHALT", "smoothness": 0.0, "texture_orientation": 348.0 }, "geometry": { "type": "Polygon", "coordinates": [ [ [ -0.16370624, 51.14956981 ], [ -0.163677527422222, 51.149588981066671 ], [ -0.163651637688889, 51.149609099600006 ], [ -0.1636285708, 51.149630165600009 ], [ -0.163608326755556, 51.149652179066678 ], [ -0.163590905555556, 51.149675140000014 ], [ -0.1635763072, 51.149699048400009 ], [ -0.163564531688889, 51.149723904266672 ], [ -0.163555579022222, 51.149749707600009 ], [ -0.1635494492, 51.149776458399998 ], [ -0.163546142222222, 51.149804156666676 ], [ -0.163545658088889, 51.149832802399999 ], [ -0.1635479968, 51.14986239560001 ], [ -0.163553158355556, 51.149892936266667 ], [ -0.163561142755556, 51.149924424400012 ], [ -0.16357195, 51.14995686 ], [ -0.16450706, 51.152641 ], [ -0.164511562888889, 51.152633629244448 ], [ -0.164515658222222, 51.152626276977784 ], [ -0.164519346, 51.152618943200018 ], [ -0.164522626222222, 51.152611627911114 ], [ -0.164525498888889, 51.152604331111114 ], [ -0.164527964, 51.152597052800004 ], [ -0.164530021555556, 51.152589792977771 ], [ -0.164531671555556, 51.152582551644443 ], [ -0.164532914, 51.152575328799998 ], [ -0.164533748888889, 51.152568124444443 ], [ -0.164534176222222, 51.152560938577778 ], [ -0.164534196, 51.152553771199997 ], [ -0.164533808222222, 51.152546622311114 ], [ -0.164533012888889, 51.152539491911106 ], [ -0.16453181, 51.15253238 ], [ -0.16450147, 51.15245125 ], [ -0.16451664, 51.15244925 ], [ -0.16424491, 51.1516709 ], [ -0.16430929, 51.15166153 ], [ -0.16417363, 51.15127572 ], [ -0.16410695, 51.15128293 ], [ -0.16364424, 51.1499389 ], [ -0.163639670355556, 51.149913409911107 ], [ -0.163636884088889, 51.149888392977779 ], [ -0.1636358812, 51.14986384920001 ], [ -0.163636661688889, 51.149839778577785 ], [ -0.163639225555556, 51.149816181111127 ], [ -0.1636435728, 51.1497930568 ], [ -0.163649703422222, 51.149770405644453 ], [ -0.163657617422222, 51.149748227644452 ], [ -0.1636673148, 51.149726522799995 ], [ -0.163678795555556, 51.149705291111118 ], [ -0.163692059688889, 51.14968453257778 ], [ -0.1637071072, 51.149664247200008 ], [ -0.163723938088889, 51.149644434977787 ], [ -0.163742552355556, 51.149625095911112 ], [ -0.16376295, 51.14960623 ], [ -0.16375233, 51.14960159 ], [ -0.163763474088889, 51.149594638266663 ], [ -0.163774015688889, 51.149587623066672 ], [ -0.1637839548, 51.149580544400003 ], [ -0.163793291422222, 51.149573402266675 ], [ -0.163802025555556, 51.149566196666676 ], [ -0.1638101572, 51.149558927599998 ], [ -0.163817686355556, 51.149551595066669 ], [ -0.163824613022222, 51.149544199066668 ], [ -0.1638309372, 51.149536739600002 ], [ -0.163836658888889, 51.149529216666664 ], [ -0.163841778088889, 51.149521630266662 ], [ -0.1638462948, 51.149513980400002 ], [ -0.163850209022222, 51.14950626706667 ], [ -0.163853520755556, 51.149498490266666 ], [ -0.16385623, 51.14949065 ], [ -0.16370624, 51.14956981 ] ] ] } },
{ "type": "Feature", "properties": { "name": "New Taxiway 48", "surface_type": "UNKNOWN_53", "smoothness": 0.0, "texture_orientation": 77.6 }, "geometry": { "type": "Polygon", "coordinates": [ [ [ -0.16677491, 51.14902122 ], [ -0.16655484, 51.14906503 ], [ -0.16633586, 51.1490619 ], [ -0.166318853466667, 51.149060336311109 ], [ -0.166302417866667, 51.14905827724445 ], [ -0.1662865532, 51.149055722800007 ], [ -0.166271259466667, 51.149052672977774 ], [ -0.166256536666667, 51.149049127777786 ], [ -0.1662423848, 51.149045087200001 ], [ -0.166228803866667, 51.14904055124444 ], [ -0.166215793866667, 51.149035519911109 ], [ -0.1662033548, 51.149029993200003 ], [ -0.166191486666667, 51.14902397111112 ], [ -0.166180189466667, 51.149017453644447 ], [ -0.1661694632, 51.149010440799998 ], [ -0.166159307866667, 51.14900293257778 ], [ -0.166149723466667, 51.148994928977778 ], [ -0.16614071, 51.14898643 ], [ -0.16606476, 51.14889845 ], [ -0.16604868, 51.14886715 ], [ -0.16574399, 51.14888393 ], [ -0.16574843, 51.14901678 ], [ -0.165748102755556, 51.14903102164444 ], [ -0.165746057022222, 51.149044767911114 ], [ -0.1657422928, 51.149058018800005 ], [ -0.165736810088889, 51.149070774311113 ], [ -0.165729608888889, 51.149083034444445 ], [ -0.1657206892, 51.1490947992 ], [ -0.165710051022222, 51.14910606857778 ], [ -0.165697694355556, 51.149116842577776 ], [ -0.1656836192, 51.149127121200003 ], [ -0.165667825555556, 51.149136904444447 ], [ -0.165650313422222, 51.149146192311115 ], [ -0.1656310828, 51.149154984800006 ], [ -0.165610133688889, 51.149163281911115 ], [ -0.165587466088889, 51.149171083644447 ], [ -0.16556308, 51.14917839 ], [ -0.16524952, 51.1492477 ], [ -0.16525063, 51.14925361 ], [ -0.16449515, 51.1493613 ], [ -0.164455154933333, 51.149365565333341 ], [ -0.1644175724, 51.149367977333341 ], [ -0.1643824024, 51.149368536 ], [ -0.164349644933333, 51.149367241333337 ], [ -0.1643193, 51.14936409333334 ], [ -0.1642913676, 51.149359092 ], [ -0.164265847733333, 51.149352237333332 ], [ -0.1642427404, 51.149343529333336 ], [ -0.1642220456, 51.149332968 ], [ -0.164203763333333, 51.149320553333339 ], [ -0.1641878936, 51.149306285333331 ], [ -0.1641744364, 51.149290164 ], [ -0.164163391733333, 51.149272189333331 ], [ -0.1641547596, 51.149252361333339 ], [ -0.16414854, 51.14923068 ], [ -0.16387248, 51.14929531 ], [ -0.16389466, 51.14930539 ], [ -0.16389688, 51.14933565 ], [ -0.16388634, 51.14933843 ], [ -0.163888242, 51.149360756400007 ], [ -0.163888596, 51.1493823996 ], [ -0.163887402, 51.149403359600008 ], [ -0.16388466, 51.149423636400002 ], [ -0.16388037, 51.14944323000001 ], [ -0.163874532, 51.149462140400004 ], [ -0.163867146, 51.149480367600006 ], [ -0.163858212, 51.149497911600001 ], [ -0.16384773, 51.149514772400003 ], [ -0.1638357, 51.14953095 ], [ -0.163822122, 51.149546444400002 ], [ -0.163806996, 51.149561255600005 ], [ -0.163790322, 51.149575383600002 ], [ -0.1637721, 51.149588828399999 ], [ -0.16375233, 51.14960159 ], [ -0.16376295, 51.14960623 ], [ -0.1637425536, 51.149625095911112 ], [ -0.1637239404, 51.149644434977787 ], [ -0.1637071104, 51.149664247200015 ], [ -0.1636920636, 51.149684532577787 ], [ -0.1636788, 51.149705291111118 ], [ -0.1636673196, 51.149726522800009 ], [ -0.1636576224, 51.149748227644444 ], [ -0.1636497084, 51.149770405644446 ], [ -0.1636435776, 51.1497930568 ], [ -0.16363923, 51.149816181111113 ], [ -0.1636366656, 51.149839778577785 ], [ -0.1636358844, 51.149863849200003 ], [ -0.1636368864, 51.149888392977779 ], [ -0.1636396716, 51.149913409911122 ], [ -0.16364424, 51.1499389 ], [ -0.16391049, 51.14995448 ], [ -0.163898995066667, 51.149913297777772 ], [ -0.163892494266667, 51.149874348444442 ], [ -0.1638909876, 51.149837632 ], [ -0.163894475066667, 51.149803148444441 ], [ -0.163902956666667, 51.149770897777785 ], [ -0.1639164324, 51.14974088 ], [ -0.163934902266667, 51.14971309511111 ], [ -0.163958366266667, 51.149687543111114 ], [ -0.1639868244, 51.149664224 ], [ -0.164020276666667, 51.149643137777772 ], [ -0.164058723066667, 51.149624284444442 ], [ -0.1641021636, 51.149607664 ], [ -0.164150598266667, 51.149593276444435 ], [ -0.164204027066667, 51.149581121777778 ], [ -0.16426245, 51.1495712 ], [ -0.16684011, 51.14920427 ], [ -0.16677491, 51.14902122 ] ] ] } },
{ "type": "Feature", "properties": { "name": "New Taxiway 47", "surface_type": "ASPHALT", "smoothness": 0.0, "texture_orientation": 77.6 }, "geometry": { "type": "Polygon", "coordinates": [ [ [ -0.17105221, 51.14844871 ], [ -0.17110728, 51.1484422 ], [ -0.171092103866667, 51.148437767333334 ], [ -0.171077562133333, 51.148432712 ], [ -0.1710636548, 51.148427034 ], [ -0.171050381866667, 51.148420733333346 ], [ -0.171037743333333, 51.148413810000015 ], [ -0.1710257392, 51.148406264 ], [ -0.171014369466667, 51.148398095333334 ], [ -0.171003634133333, 51.148389304 ], [ -0.1709935332, 51.14837989 ], [ -0.170984066666667, 51.148369853333335 ], [ -0.170975234533333, 51.148359194 ], [ -0.1709670368, 51.148347912 ], [ -0.170959473466667, 51.148336007333334 ], [ -0.170952544533333, 51.14832348 ], [ -0.17094625, 51.14831033 ], [ -0.17089502, 51.14818429 ], [ -0.1705686, 51.14822986 ], [ -0.1705766948, 51.148253819155556 ], [ -0.170582328533333, 51.148276816622229 ], [ -0.1705855012, 51.148298852400004 ], [ -0.1705862128, 51.148319926488902 ], [ -0.170584463333333, 51.148340038888897 ], [ -0.1705802528, 51.148359189600008 ], [ -0.1705735812, 51.148377378622229 ], [ -0.170564448533333, 51.148394605955559 ], [ -0.1705528548, 51.148410871600007 ], [ -0.1705388, 51.148426175555556 ], [ -0.170522284133333, 51.148440517822223 ], [ -0.1705033072, 51.148453898400007 ], [ -0.1704818692, 51.148466317288893 ], [ -0.170457970133333, 51.148477774488889 ], [ -0.17043161, 51.14848827 ], [ -0.170403671155556, 51.148498136622223 ], [ -0.170375035955556, 51.148507707155559 ], [ -0.1703457044, 51.148516981600011 ], [ -0.170315676488889, 51.148525959955556 ], [ -0.170284952222222, 51.148534642222224 ], [ -0.1702535316, 51.148543028399999 ], [ -0.170221414622222, 51.148551118488882 ], [ -0.170188601288889, 51.148558912488895 ], [ -0.1701550916, 51.148566410399994 ], [ -0.170120885555556, 51.148573612222222 ], [ -0.170085983155556, 51.148580517955551 ], [ -0.1700503844, 51.148587127599995 ], [ -0.170014089288889, 51.148593441155555 ], [ -0.169977097822222, 51.148599458622222 ], [ -0.16993941, 51.14860518 ], [ -0.16965463, 51.14864126 ], [ -0.169628264577778, 51.148641369511111 ], [ -0.169603240311111, 51.148640628711114 ], [ -0.1695795572, 51.148639037600013 ], [ -0.169557215244444, 51.148636596177781 ], [ -0.169536214444444, 51.148633304444445 ], [ -0.1695165548, 51.148629162399999 ], [ -0.169498236311111, 51.148624170044449 ], [ -0.169481258977778, 51.148618327377775 ], [ -0.1694656228, 51.148611634399998 ], [ -0.169451327777778, 51.14860409111111 ], [ -0.169438373911111, 51.148595697511112 ], [ -0.1694267612, 51.148586453600004 ], [ -0.169416489644444, 51.148576359377778 ], [ -0.169407559244444, 51.148565414844455 ], [ -0.16939997, 51.14855362 ], [ -0.16932446, 51.14833392 ], [ -0.1686691, 51.1483974 ], [ -0.16869234, 51.14848453 ], [ -0.16909305, 51.14843482 ], [ -0.16913041, 51.14855741 ], [ -0.169134280577778, 51.148577535066671 ], [ -0.169135417644444, 51.148596622266659 ], [ -0.1691338212, 51.148614671600001 ], [ -0.169129491244444, 51.148631683066668 ], [ -0.169122427777778, 51.148647656666668 ], [ -0.1691126308, 51.148662592400001 ], [ -0.169100100311111, 51.148676490266659 ], [ -0.169084836311111, 51.148689350266665 ], [ -0.1690668388, 51.148701172399996 ], [ -0.169046107777778, 51.148711956666666 ], [ -0.169022643244444, 51.148721703066656 ], [ -0.1689964452, 51.148730411599999 ], [ -0.168967513644444, 51.148738082266661 ], [ -0.168935848577778, 51.14874471506667 ], [ -0.16890145, 51.14875031 ], [ -0.16807819, 51.14886646 ], [ -0.16789777, 51.14887898 ], [ -0.1676934, 51.14887046 ], [ -0.167670098888889, 51.148868878133328 ], [ -0.167647883555556, 51.148866668533337 ], [ -0.167626754, 51.148863831199996 ], [ -0.167606710222222, 51.148860366133341 ], [ -0.167587752222222, 51.148856273333344 ], [ -0.16756988, 51.148851552800004 ], [ -0.167553093555556, 51.148846204533328 ], [ -0.167537392888889, 51.148840228533338 ], [ -0.167522778, 51.148833624800005 ], [ -0.167509248888889, 51.148826393333337 ], [ -0.167496805555556, 51.148818534133333 ], [ -0.167485448, 51.148810047200001 ], [ -0.167475176222222, 51.148800932533334 ], [ -0.167465990222222, 51.148791190133338 ], [ -0.16745789, 51.14878082 ], [ -0.16738205, 51.14867365 ], [ -0.167380194533333, 51.148665271022224 ], [ -0.167379524133333, 51.148656558088888 ], [ -0.1673800388, 51.148647511200011 ], [ -0.167381738533333, 51.148638130355558 ], [ -0.167384623333333, 51.148628415555564 ], [ -0.1673886932, 51.148618366800001 ], [ -0.167393948133333, 51.148607984088883 ], [ -0.167400388133333, 51.148597267422218 ], [ -0.1674080132, 51.148586216799998 ], [ -0.167416823333333, 51.148574832222224 ], [ -0.167426818533333, 51.148563113688887 ], [ -0.1674379988, 51.148551061200003 ], [ -0.167450364133333, 51.148538674755557 ], [ -0.167463914533333, 51.148525954355556 ], [ -0.16747865, 51.1485129 ], [ -0.16737167, 51.14852692 ], [ -0.16733256, 51.14868617 ], [ -0.16740281, 51.14878082 ], [ -0.1674086928, 51.148788089555559 ], [ -0.1674148452, 51.148795074222221 ], [ -0.1674212672, 51.148801774 ], [ -0.1674279588, 51.1488081888889 ], [ -0.16743492, 51.148814318888896 ], [ -0.1674421508, 51.148820164 ], [ -0.1674496512, 51.14882572422222 ], [ -0.1674574212, 51.148830999555564 ], [ -0.1674654608, 51.14883599 ], [ -0.16747377, 51.148840695555556 ], [ -0.1674823488, 51.148845116222219 ], [ -0.1674911972, 51.148849252 ], [ -0.1675003152, 51.148853102888893 ], [ -0.1675097028, 51.148856668888889 ], [ -0.16751936, 51.14885995 ], [ -0.16699407, 51.14893256 ], [ -0.167000302355556, 51.148924387466664 ], [ -0.167006079422222, 51.148916525866667 ], [ -0.1670114012, 51.148908975200001 ], [ -0.167016267688889, 51.148901735466673 ], [ -0.167020678888889, 51.148894806666675 ], [ -0.1670246348, 51.148888188800001 ], [ -0.167028135422222, 51.148881881866664 ], [ -0.167031180755556, 51.148875885866673 ], [ -0.1670337708, 51.148870200800005 ], [ -0.167035905555556, 51.148864826666667 ], [ -0.167037585022222, 51.148859763466668 ], [ -0.1670388092, 51.148855011200006 ], [ -0.167039578088889, 51.148850569866674 ], [ -0.167039891688889, 51.148846439466666 ], [ -0.16703975, 51.14884262 ], [ -0.16702048, 51.1487282 ], [ -0.16699087, 51.14873225 ], [ -0.16699652, 51.14886788 ], [ -0.166994664622222, 51.148877234888893 ], [ -0.166992101155556, 51.148886283555562 ], [ -0.1669888296, 51.148895026 ], [ -0.166984849955556, 51.148903462222222 ], [ -0.166980162222222, 51.148911592222227 ], [ -0.1669747664, 51.148919416 ], [ -0.166968662488889, 51.148926933555551 ], [ -0.166961850488889, 51.148934144888891 ], [ -0.1669543304, 51.14894105 ], [ -0.166946102222222, 51.148947648888893 ], [ -0.166937165955556, 51.148953941555561 ], [ -0.1669275216, 51.148959928000011 ], [ -0.166917169155556, 51.14896560822222 ], [ -0.166906108622222, 51.148970982222231 ], [ -0.16689434, 51.14897605 ], [ -0.16677491, 51.14902122 ], [ -0.16684011, 51.14920427 ], [ -0.16426245, 51.1495712 ], [ -0.164204027066667, 51.149581123022223 ], [ -0.164150598266667, 51.14959327875556 ], [ -0.1641021636, 51.149607667199994 ], [ -0.164058723066667, 51.149624288355561 ], [ -0.164020276666667, 51.149643142222224 ], [ -0.1639868244, 51.149664228799992 ], [ -0.163958366266667, 51.149687548088892 ], [ -0.163934902266667, 51.149713100088881 ], [ -0.1639164324, 51.149740884799996 ], [ -0.163902956666667, 51.149770902222222 ], [ -0.163894475066667, 51.149803152355553 ], [ -0.1638909876, 51.149837635200001 ], [ -0.163892494266667, 51.149874350755553 ], [ -0.163898995066667, 51.149913299022224 ], [ -0.16391049, 51.14995448 ], [ -0.16398482, 51.15016804 ], [ -0.16401032, 51.15016212 ], [ -0.16399539, 51.14991223 ], [ -0.163995006103704, 51.149883667407408 ], [ -0.16399919242963, 51.149855945525921 ], [ -0.164008372, 51.149829043200022 ], [ -0.164022967837037, 51.149802939274075 ], [ -0.164043402962963, 51.149777612592601 ], [ -0.1640701004, 51.149753042 ], [ -0.16410348317037, 51.149729206340737 ], [ -0.164143974296296, 51.149706084459268 ], [ -0.1641919968, 51.1496836552 ], [ -0.164247973703704, 51.149661897407405 ], [ -0.16431232802963, 51.149640789925925 ], [ -0.1643854828, 51.149620311600003 ], [ -0.164467861037037, 51.149600441274075 ], [ -0.164559885762963, 51.149581157792596 ], [ -0.16466198, 51.14956244 ], [ -0.16523806, 51.14946587 ], [ -0.1711276, 51.14865288 ], [ -0.17105221, 51.14844871 ] ] ] } },
{ "type": "Feature", "properties": { "name": "New Taxiway 44", "surface_type": "UNKNOWN_53", "smoothness": 0.0, "texture_orientation": 77.6 }, "geometry": { "type": "Polygon", "coordinates": [ [ [ -0.17718179, 51.14923608 ], [ -0.17692875, 51.14926967 ], [ -0.17699487, 51.14946558 ], [ -0.17724845, 51.14942724 ], [ -0.17718179, 51.14923608 ] ] ] } },
{ "type": "Feature", "properties": { "name": "New Taxiway 45", "surface_type": "UNKNOWN_53", "smoothness": 0.0, "texture_orientation": 348.0 }, "geometry": { "type": "Polygon", "coordinates": [ [ [ -0.17568796, 51.14785898 ], [ -0.17540168, 51.14785998 ], [ -0.1754003, 51.14785129 ], [ -0.17477777, 51.14785319 ], [ -0.174751377288889, 51.147852252488889 ], [ -0.174726492488889, 51.147849994622227 ], [ -0.1747031156, 51.1478464164 ], [ -0.174681246622222, 51.147841517822229 ], [ -0.174660885555556, 51.147835298888886 ], [ -0.1746420324, 51.147827759599998 ], [ -0.174624687155556, 51.147818899955553 ], [ -0.174608849822222, 51.147808719955556 ], [ -0.1745945204, 51.147797219599994 ], [ -0.174581698888889, 51.147784398888888 ], [ -0.174570385288889, 51.147770257822216 ], [ -0.1745605796, 51.147754796399994 ], [ -0.174552281822222, 51.14773801462222 ], [ -0.174545491955556, 51.147719912488888 ], [ -0.17454021, 51.14770049 ], [ -0.17510773, 51.14762324 ], [ -0.17498437, 51.14665533 ], [ -0.17383508, 51.14672029 ], [ -0.17377463, 51.14627192 ], [ -0.1719966, 51.14636869 ], [ -0.17199792, 51.1464659 ], [ -0.17179832, 51.14647056 ], [ -0.17200033, 51.14773671 ], [ -0.17205078, 51.14772926 ], [ -0.17208687, 51.14803443 ], [ -0.17276453, 51.14794219 ], [ -0.172773185111111, 51.147959616533335 ], [ -0.172779825111111, 51.147976421466673 ], [ -0.17278445, 51.147992604800002 ], [ -0.172787059777778, 51.148008166533337 ], [ -0.172787654444444, 51.148023106666678 ], [ -0.172786234, 51.148037425200002 ], [ -0.172782798444444, 51.148051122133332 ], [ -0.172777347777778, 51.148064197466674 ], [ -0.172769882, 51.148076651200007 ], [ -0.172760401111111, 51.148088483333339 ], [ -0.172748905111111, 51.148099693866669 ], [ -0.172735394, 51.148110282800005 ], [ -0.172719867777778, 51.148120250133339 ], [ -0.172702326444444, 51.148129595866664 ], [ -0.17268277, 51.14813832 ], [ -0.17214512, 51.14830293 ], [ -0.17209052, 51.14831014 ], [ -0.172075684533333, 51.148304749377779 ], [ -0.172061791466667, 51.148299550844449 ], [ -0.1720488408, 51.148294544400009 ], [ -0.172036832533333, 51.148289730044446 ], [ -0.172025766666667, 51.148285107777781 ], [ -0.1720156432, 51.148280677599999 ], [ -0.172006462133333, 51.148276439511122 ], [ -0.171998223466667, 51.148272393511114 ], [ -0.1719909272, 51.148268539600004 ], [ -0.171984573333333, 51.148264877777777 ], [ -0.171979161866667, 51.148261408044448 ], [ -0.1719746928, 51.148258130400009 ], [ -0.171971166133333, 51.148255044844447 ], [ -0.171968581866667, 51.148252151377783 ], [ -0.17196694, 51.14824945 ], [ -0.17185676, 51.14805294 ], [ -0.17089502, 51.14818429 ], [ -0.17094625, 51.14831033 ], [ -0.170952544533333, 51.148323478755565 ], [ -0.170959473466667, 51.148336005022223 ], [ -0.1709670368, 51.148347908800012 ], [ -0.170975234533333, 51.14835919008889 ], [ -0.170984066666667, 51.148369848888905 ], [ -0.1709935332, 51.148379885200001 ], [ -0.171003634133333, 51.148389299022213 ], [ -0.171014369466667, 51.148398090355556 ], [ -0.1710257392, 51.148406259200002 ], [ -0.171037743333333, 51.148413805555556 ], [ -0.171050381866667, 51.14842072942222 ], [ -0.1710636548, 51.148427030800008 ], [ -0.171077562133333, 51.148432709688883 ], [ -0.171092103866667, 51.14843776608889 ], [ -0.17110728, 51.1484422 ], [ -0.17105221, 51.14844871 ], [ -0.1711276, 51.14865288 ], [ -0.17511794, 51.14810821 ], [ -0.17512005, 51.14811876 ], [ -0.175162473466667, 51.148114797866668 ], [ -0.1752039092, 51.148111244799999 ], [ -0.1752443572, 51.148108100800016 ], [ -0.175283817466667, 51.148105365866677 ], [ -0.17532229, 51.14810304 ], [ -0.1753597748, 51.148101123200007 ], [ -0.175396271866667, 51.14809961546667 ], [ -0.1754317812, 51.148098516800005 ], [ -0.1754663028, 51.148097827200004 ], [ -0.175499836666667, 51.148097546666676 ], [ -0.1755323828, 51.148097675200006 ], [ -0.1755639412, 51.148098212800008 ], [ -0.175594511866667, 51.148099159466668 ], [ -0.1756240948, 51.148100515200007 ], [ -0.17565269, 51.14810228 ], [ -0.17568796, 51.14785898 ] ], [ [ -0.17416778, 51.14802452 ], [ -0.17410194, 51.14803369 ], [ -0.17409885, 51.14802452 ], [ -0.1735836, 51.14802023 ], [ -0.1735529888, 51.148019660711107 ], [ -0.173524312533333, 51.148017699511108 ], [ -0.1734975712, 51.148014346400004 ], [ -0.1734727648, 51.148009601377787 ], [ -0.173449893333333, 51.148003464444457 ], [ -0.1734289568, 51.147995935600001 ], [ -0.1734099552, 51.147987014844446 ], [ -0.173392888533333, 51.147976702177772 ], [ -0.1733777568, 51.147964997599999 ], [ -0.17336456, 51.147951901111114 ], [ -0.173353298133333, 51.147937412711102 ], [ -0.1733439712, 51.147921532399998 ], [ -0.1733365792, 51.147904260177775 ], [ -0.173331122133333, 51.147885596044446 ], [ -0.1733276, 51.14786554 ], [ -0.17388749, 51.14778934 ], [ -0.17389715, 51.14781453 ], [ -0.17395906, 51.14780699 ], [ -0.17397383, 51.1478438 ], [ -0.17403436, 51.14783539 ], [ -0.17405007, 51.14787568 ], [ -0.17411198, 51.14786756 ], [ -0.17416778, 51.14802452 ] ] ] } },
{ "type": "Feature", "properties": { "name": "New Taxiway 43", "surface_type": "UNKNOWN_27", "smoothness": 0.0, "texture_orientation": 77.6 }, "geometry": { "type": "Polygon", "coordinates": [ [ [ -0.17735051, 51.14972627 ], [ -0.17727968, 51.14952126 ], [ -0.17724845, 51.14942724 ], [ -0.17699487, 51.14946558 ], [ -0.17692875, 51.14926967 ], [ -0.17718179, 51.14923608 ], [ -0.17695079, 51.14857387 ], [ -0.176936378311111, 51.148536814444455 ], [ -0.176920465911111, 51.148500829111114 ], [ -0.1769030528, 51.148465914 ], [ -0.176884138977778, 51.148432069111109 ], [ -0.176863724444444, 51.148399294444452 ], [ -0.1768418092, 51.14836759 ], [ -0.176818393244444, 51.148336955777779 ], [ -0.176793476577778, 51.148307391777777 ], [ -0.1767670592, 51.148278898 ], [ -0.176739141111111, 51.14825147444445 ], [ -0.176709722311111, 51.148225121111111 ], [ -0.1766788028, 51.148199838000011 ], [ -0.176646382577778, 51.148175625111115 ], [ -0.176612461644444, 51.148152482444445 ], [ -0.17657704, 51.14813041 ], [ -0.17639343, 51.14803109 ], [ -0.176353528711111, 51.148012107644448 ], [ -0.176312608844444, 51.147994197911117 ], [ -0.1762706704, 51.147977360800006 ], [ -0.176227713377778, 51.147961596311113 ], [ -0.176183737777778, 51.14794690444446 ], [ -0.1761387436, 51.147933285200004 ], [ -0.176092730844444, 51.147920738577781 ], [ -0.176045699511111, 51.147909264577777 ], [ -0.1759976496, 51.147898863199998 ], [ -0.175948581111111, 51.147889534444445 ], [ -0.175898494044444, 51.147881278311111 ], [ -0.1758473884, 51.147874094800009 ], [ -0.175795264177778, 51.147867983911112 ], [ -0.175742121377778, 51.147862945644448 ], [ -0.17568796, 51.14785898 ], [ -0.17565269, 51.14810228 ], [ -0.175729693911111, 51.148103179688889 ], [ -0.175804209644444, 51.148108246755562 ], [ -0.1758762372, 51.148117481200011 ], [ -0.175945776577778, 51.148130883022226 ], [ -0.176012827777778, 51.14814845222223 ], [ -0.1760773908, 51.148170188800009 ], [ -0.176139465644444, 51.148196092755562 ], [ -0.176199052311111, 51.148226164088882 ], [ -0.1762561508, 51.148260402799998 ], [ -0.176310761111111, 51.148298808888889 ], [ -0.176362883244444, 51.148341382355554 ], [ -0.1764125172, 51.148388123200007 ], [ -0.176459662977778, 51.148439031422221 ], [ -0.176504320577778, 51.148494107022223 ], [ -0.17654649, 51.14855335 ], [ -0.17667784, 51.14880158 ], [ -0.1769582, 51.14956556 ], [ -0.17602829, 51.14969414 ], [ -0.17609449, 51.14989722 ], [ -0.17735051, 51.14972627 ] ] ] } },
{ "type": "Feature", "properties": { "name": "New Taxiway 42", "surface_type": "UNKNOWN_53", "smoothness": 0.0, "texture_orientation": 350.0 }, "geometry": { "type": "Polygon", "coordinates": [ [ [ -0.16468118, 51.15292412 ], [ -0.16450074, 51.15272361 ], [ -0.16451151, 51.15282403 ], [ -0.164511976631111, 51.152831223810367 ], [ -0.164511793715556, 51.152837792482977 ], [ -0.16451096904, 51.152843782879998 ], [ -0.164509510391111, 51.152849241863713 ], [ -0.164507425555556, 51.152854216296298 ], [ -0.16450472232, 51.15285875304 ], [ -0.164501408471111, 51.152862898957032 ], [ -0.164497491795556, 51.152866700909627 ], [ -0.16449298008, 51.152870205760003 ], [ -0.164487881111111, 51.152873460370373 ], [ -0.164482202675556, 51.152876511602962 ], [ -0.16447595256, 51.152879406320004 ], [ -0.164469138551111, 51.152882191383711 ], [ -0.164461768435556, 51.152884913656301 ], [ -0.16445385, 51.15288762 ], [ -0.16415161, 51.15296427 ], [ -0.16395112, 51.15299021 ], [ -0.16373492, 51.15283227 ], [ -0.16384025, 51.15283876 ], [ -0.16388146, 51.15256298 ], [ -0.16376103, 51.15255338 ], [ -0.16376236, 51.1525346 ], [ -0.16321081, 51.15248118 ], [ -0.16318386, 51.15263191 ], [ -0.16328366, 51.15264164 ], [ -0.16328366, 51.15264999 ], [ -0.1636037, 51.15267276 ], [ -0.16358926, 51.15277072 ], [ -0.16264634, 51.15269776 ], [ -0.16249144, 51.15270762 ], [ -0.162479321555556, 51.152708809066667 ], [ -0.162467798222222, 51.152710248266665 ], [ -0.16245687, 51.152711937600003 ], [ -0.162446536888889, 51.152713877066667 ], [ -0.162436798888889, 51.15271606666667 ], [ -0.162427656, 51.152718506399999 ], [ -0.162419108222222, 51.152721196266661 ], [ -0.162411155555556, 51.152724136266663 ], [ -0.162403798, 51.152727326399997 ], [ -0.162397035555556, 51.152730766666664 ], [ -0.162390868222222, 51.152734457066664 ], [ -0.162385296, 51.152738397600004 ], [ -0.162380318888889, 51.152742588266662 ], [ -0.162375936888889, 51.15274702906666 ], [ -0.16237215, 51.15275172 ], [ -0.162368677244444, 51.152756680933329 ], [ -0.162365237644444, 51.152761931733338 ], [ -0.1623618312, 51.152767472400015 ], [ -0.162358457911111, 51.152773302933333 ], [ -0.162355117777778, 51.152779423333328 ], [ -0.1623518108, 51.152785833599999 ], [ -0.162348536977778, 51.152792533733333 ], [ -0.162345296311111, 51.152799523733336 ], [ -0.1623420888, 51.152806803600001 ], [ -0.162338914444444, 51.152814373333328 ], [ -0.162335773244444, 51.152822232933332 ], [ -0.1623326652, 51.152830382399998 ], [ -0.162329590311111, 51.152838821733333 ], [ -0.162326548577778, 51.152847550933338 ], [ -0.16232354, 51.15285657 ], [ -0.16228016, 51.1531371 ], [ -0.16228907, 51.15339436 ], [ -0.1628406, 51.15514919 ], [ -0.16325173, 51.15521703 ], [ -0.16375484, 51.15529795 ], [ -0.16493698, 51.15290609 ], [ -0.16468118, 51.15292412 ] ] ] } },
{ "type": "Feature", "properties": { "name": "New Taxiway 41", "surface_type": "ASPHALT", "smoothness": 0.0, "texture_orientation": 348.0 }, "geometry": { "type": "Polygon", "coordinates": [ [ [ -0.17207768, 51.15283738 ], [ -0.17217487, 51.15312776 ], [ -0.1724278, 51.1530929 ], [ -0.17232004, 51.15280664 ], [ -0.17207768, 51.15283738 ] ] ] } },
{ "type": "Feature", "properties": { "name": "New Taxiway 40", "surface_type": "UNKNOWN_53", "smoothness": 0.0, "texture_orientation": 325.0 }, "geometry": { "type": "Polygon", "coordinates": [ [ [ -0.17247135, 51.1514945 ], [ -0.17245577, 51.15148407 ], [ -0.17234984, 51.15152511 ], [ -0.17216187, 51.15136682 ], [ -0.172150509866667, 51.151357690399998 ], [ -0.172138656133333, 51.151348890933335 ], [ -0.1721263088, 51.151340421600004 ], [ -0.172113467866667, 51.151332282400006 ], [ -0.172100133333333, 51.151324473333339 ], [ -0.1720863052, 51.151316994400005 ], [ -0.172071983466667, 51.151309845600004 ], [ -0.172057168133333, 51.151303026933334 ], [ -0.1720418592, 51.151296538400004 ], [ -0.172026056666667, 51.15129038 ], [ -0.172009760533333, 51.151284551733326 ], [ -0.1719929708, 51.151279053600007 ], [ -0.171975687466667, 51.151273885599998 ], [ -0.171957910533333, 51.151269047733336 ], [ -0.17193964, 51.15126454 ], [ -0.17123684, 51.151358 ], [ -0.17121822, 51.15166388 ], [ -0.17117894, 51.15166678 ], [ -0.17117894, 51.15170011 ], [ -0.17121081, 51.1517004 ], [ -0.17121312, 51.15173402 ], [ -0.17116785, 51.15173836 ], [ -0.17117941, 51.15177314 ], [ -0.17122191, 51.15176763 ], [ -0.17122429, 51.15177532 ], [ -0.17123785, 51.1518219 ], [ -0.17127377, 51.15181839 ], [ -0.17130253, 51.15183842 ], [ -0.17128656, 51.15186647 ], [ -0.17138874, 51.1519536 ], [ -0.17136718, 51.15196312 ], [ -0.17137437, 51.15200569 ], [ -0.17134963, 51.1520117 ], [ -0.17136821, 51.15214675 ], [ -0.17125899, 51.15216406 ], [ -0.17133487, 51.15237679 ], [ -0.17180026, 51.152775 ], [ -0.1718587, 51.15275036 ], [ -0.17195356, 51.15285313 ], [ -0.17250757, 51.15278285 ], [ -0.172508112933333, 51.152784408133336 ], [ -0.172508669733333, 51.152785943866668 ], [ -0.1725092404, 51.152787457200006 ], [ -0.172509824933333, 51.152788948133342 ], [ -0.172510423333333, 51.152790416666676 ], [ -0.1725110356, 51.152791862800001 ], [ -0.172511661733333, 51.152793286533338 ], [ -0.172512301733333, 51.152794687866667 ], [ -0.1725129556, 51.152796066799993 ], [ -0.172513623333333, 51.15279742333334 ], [ -0.172514304933333, 51.15279875746667 ], [ -0.1725150004, 51.152800069199998 ], [ -0.172515709733333, 51.152801358533331 ], [ -0.172516432933333, 51.15280262546667 ], [ -0.17251717, 51.15280387 ], [ -0.17253382, 51.15279937 ], [ -0.17255511, 51.15267706 ], [ -0.172565484933333, 51.152668102444451 ], [ -0.1725760284, 51.152659592444451 ], [ -0.1725867404, 51.15265153 ], [ -0.172597620933333, 51.152643915111113 ], [ -0.17260867, 51.152636747777784 ], [ -0.1726198876, 51.152630028 ], [ -0.172631273733333, 51.152623755777782 ], [ -0.1726428284, 51.152617931111116 ], [ -0.1726545516, 51.152612554 ], [ -0.172666443333333, 51.15260762444445 ], [ -0.1726785036, 51.152603142444448 ], [ -0.1726907324, 51.152599108 ], [ -0.172703129733333, 51.152595521111117 ], [ -0.1727156956, 51.152592381777779 ], [ -0.17272843, 51.15258969 ], [ -0.17273444, 51.15256519 ], [ -0.17287421, 51.15250374 ], [ -0.17227215, 51.15196884 ], [ -0.17267717, 51.15178264 ], [ -0.17251865, 51.1515696 ], [ -0.17253686, 51.15156239 ], [ -0.17249627, 51.15149059 ], [ -0.17247135, 51.1514945 ] ] ] } },
{ "type": "Feature", "properties": { "name": "New Taxiway 39", "surface_type": "UNKNOWN_53", "smoothness": 0.0, "texture_orientation": 77.6 }, "geometry": { "type": "Polygon", "coordinates": [ [ [ -0.16862995, 51.15730452 ], [ -0.17031973, 51.15707238 ], [ -0.17022651, 51.15680148 ], [ -0.17015261, 51.15681183 ], [ -0.17010245, 51.15667391 ], [ -0.17002961, 51.15668432 ], [ -0.1700159, 51.15664225 ], [ -0.16994305, 51.15665039 ], [ -0.16992752, 51.15660354 ], [ -0.16574641, 51.15717671 ], [ -0.16566664, 51.15694689 ], [ -0.16896, 51.15649672 ], [ -0.1689548, 51.15648477 ], [ -0.17261864, 51.15598261 ], [ -0.17260368, 51.15592711 ], [ -0.17291276, 51.1558888 ], [ -0.17286291, 51.15574497 ], [ -0.17290977, 51.15570246 ], [ -0.17289953, 51.15567219 ], [ -0.17300783, 51.15565969 ], [ -0.17298836, 51.15559183 ], [ -0.17302008, 51.15558821 ], [ -0.17250272, 51.15410191 ], [ -0.17237859, 51.15411874 ], [ -0.17233304, 51.15396898 ], [ -0.17226695, 51.15397434 ], [ -0.17225084, 51.15394132 ], [ -0.1722244, 51.15392737 ], [ -0.17191871, 51.15397196 ], [ -0.17190188, 51.15392106 ], [ -0.16886992, 51.15433934 ], [ -0.16887377, 51.15434991 ], [ -0.16842794, 51.15441008 ], [ -0.16837168, 51.1542494 ], [ -0.17188036, 51.15376848 ], [ -0.1718717, 51.15374351 ], [ -0.17200381, 51.1537234 ], [ -0.1719998, 51.15370863 ], [ -0.17219063, 51.15368413 ], [ -0.17216258, 51.15360433 ], [ -0.17228478, 51.15358674 ], [ -0.17226375, 51.15350632 ], [ -0.17222418, 51.15349815 ], [ -0.172213614, 51.153515843022227 ], [ -0.172202334666667, 51.153532519422235 ], [ -0.172190342, 51.153548179200008 ], [ -0.172177636, 51.153562822355553 ], [ -0.172164216666667, 51.153576448888899 ], [ -0.172150084, 51.153589058799994 ], [ -0.172135238, 51.15360065208889 ], [ -0.172119678666667, 51.153611228755551 ], [ -0.172103406, 51.153620788799998 ], [ -0.17208642, 51.153629332222224 ], [ -0.172068720666667, 51.153636859022228 ], [ -0.172050308, 51.153643369200005 ], [ -0.172031182, 51.153648862755553 ], [ -0.172011342666667, 51.153653339688894 ], [ -0.17199079, 51.1536568 ], [ -0.17191666, 51.15366748 ], [ -0.17191766, 51.15367816 ], [ -0.17154468, 51.15372847 ], [ -0.17089689, 51.15381563 ], [ -0.17055199, 51.15370085 ], [ -0.16996957, 51.15377845 ], [ -0.17002421, 51.15393941 ], [ -0.16815194, 51.15419364 ], [ -0.16804018, 51.15390459 ], [ -0.16839659, 51.15381144 ], [ -0.171285, 51.1534224 ], [ -0.17189411, 51.15341681 ], [ -0.171916267866667, 51.153417808311119 ], [ -0.171937056133333, 51.153419227244449 ], [ -0.1719564748, 51.1534210668 ], [ -0.171974523866667, 51.15342332697778 ], [ -0.171991203333333, 51.153426007777782 ], [ -0.1720065132, 51.153429109200005 ], [ -0.172020453466667, 51.153432631244449 ], [ -0.172033024133333, 51.153436573911108 ], [ -0.1720442252, 51.153440937200003 ], [ -0.172054056666667, 51.153445721111119 ], [ -0.172062518533333, 51.153450925644449 ], [ -0.1720696108, 51.153456550800001 ], [ -0.172075333466667, 51.153462596577775 ], [ -0.172079686533333, 51.153469062977777 ], [ -0.17208267, 51.15347595 ], [ -0.17228744, 51.15344715 ], [ -0.17221729, 51.15324684 ], [ -0.17252846, 51.15320064 ], [ -0.17260302, 51.15341486 ], [ -0.17256646, 51.15341957 ], [ -0.172575151911111, 51.153431516977776 ], [ -0.172585160977778, 51.15344303524445 ], [ -0.1725964872, 51.153454124800007 ], [ -0.172609130577778, 51.153464785644452 ], [ -0.172623091111111, 51.153475017777787 ], [ -0.1726383688, 51.153484821199996 ], [ -0.172654963644444, 51.153494195911115 ], [ -0.172672875644444, 51.153503141911116 ], [ -0.1726921048, 51.153511659199999 ], [ -0.172712651111111, 51.153519747777779 ], [ -0.172734514577778, 51.153527407644447 ], [ -0.1727576952, 51.153534638800011 ], [ -0.172782192977778, 51.15354144124445 ], [ -0.172808007911111, 51.153547814977777 ], [ -0.17283514, 51.15355376 ], [ -0.17307174, 51.15352369 ], [ -0.17304579, 51.1534504 ], [ -0.17282343, 51.15350422 ], [ -0.172817808788148, 51.15350311013038 ], [ -0.172812277105185, 51.153501942109635 ], [ -0.17280683488, 51.153500718320011 ], [ -0.172801482041482, 51.153499441143722 ], [ -0.172796218518519, 51.153498112962971 ], [ -0.17279104424, 51.153496736160001 ], [ -0.172785959134815, 51.153495313117034 ], [ -0.172780963131852, 51.153493846216293 ], [ -0.17277605616, 51.153492337839999 ], [ -0.172771238148148, 51.153490790370377 ], [ -0.172766509025185, 51.153489206189633 ], [ -0.17276186872, 51.153487587680004 ], [ -0.172757317161482, 51.153485937223707 ], [ -0.172752854278519, 51.153484257202962 ], [ -0.17274848, 51.15348255 ], [ -0.172738969688889, 51.153478659288893 ], [ -0.172729790755556, 51.153474675155557 ], [ -0.1727209432, 51.153470597600013 ], [ -0.172712427022222, 51.153466426622224 ], [ -0.172704242222222, 51.153462162222226 ], [ -0.1726963888, 51.153457804400006 ], [ -0.172688866755556, 51.153453353155555 ], [ -0.172681676088889, 51.153448808488889 ], [ -0.1726748168, 51.153444170400007 ], [ -0.172668288888889, 51.153439438888896 ], [ -0.172662092355556, 51.153434613955554 ], [ -0.1726562272, 51.153429695599996 ], [ -0.172650693422222, 51.153424683822223 ], [ -0.172645491022222, 51.153419578622227 ], [ -0.17264062, 51.15341438 ], [ -0.17271174, 51.1534037 ], [ -0.1727081112, 51.153392429288886 ], [ -0.172705947466667, 51.153381617155553 ], [ -0.1727052488, 51.153371263600008 ], [ -0.1727060152, 51.153361368622235 ], [ -0.172708246666667, 51.153351932222236 ], [ -0.1727119432, 51.153342954400003 ], [ -0.1727171048, 51.153334435155557 ], [ -0.172723731466667, 51.153326374488891 ], [ -0.1727318232, 51.153318772400006 ], [ -0.17274138, 51.153311628888893 ], [ -0.172752401866667, 51.153304943955561 ], [ -0.1727648888, 51.153298717600002 ], [ -0.1727788408, 51.153292949822216 ], [ -0.172794257866667, 51.153287640622217 ], [ -0.17281114, 51.15328279 ], [ -0.17297319, 51.15325824 ], [ -0.17285456, 51.15290758 ], [ -0.172815840044444, 51.152909161111111 ], [ -0.172779346844444, 51.152909328444451 ], [ -0.1727450804, 51.15290808200001 ], [ -0.172713040711111, 51.152905421777781 ], [ -0.172683227777778, 51.152901347777778 ], [ -0.1726556416, 51.15289586 ], [ -0.172630282177778, 51.152888958444443 ], [ -0.172607149511111, 51.152880643111111 ], [ -0.1725862436, 51.152870914 ], [ -0.172567564444444, 51.15285977111111 ], [ -0.172551112044444, 51.152847214444449 ], [ -0.1725368864, 51.152833244 ], [ -0.172524887511111, 51.152817859777777 ], [ -0.172515115377778, 51.15280106177778 ], [ -0.17250757, 51.15278285 ], [ -0.17232004, 51.15280664 ], [ -0.1724278, 51.1530929 ], [ -0.17217487, 51.15312776 ], [ -0.17207768, 51.15283738 ], [ -0.17195356, 51.15285313 ], [ -0.1718587, 51.15275036 ], [ -0.17180026, 51.152775 ], [ -0.17133487, 51.15237679 ], [ -0.17125899, 51.15216406 ], [ -0.17136821, 51.15214675 ], [ -0.17134963, 51.1520117 ], [ -0.17137437, 51.15200569 ], [ -0.17136718, 51.15196312 ], [ -0.17138874, 51.1519536 ], [ -0.17128656, 51.15186647 ], [ -0.17130253, 51.15183842 ], [ -0.17127377, 51.15181839 ], [ -0.17123785, 51.1518219 ], [ -0.17122429, 51.15177532 ], [ -0.17012206, 51.15193478 ], [ -0.170021647244444, 51.151946538888886 ], [ -0.169923427644444, 51.151957343555551 ], [ -0.1698274012, 51.151967194 ], [ -0.169733567911111, 51.151976090222227 ], [ -0.169641927777778, 51.151984032222231 ], [ -0.1695524808, 51.15199102 ], [ -0.169465226977778, 51.151997053555547 ], [ -0.169380166311111, 51.152002132888882 ], [ -0.1692972988, 51.152006258 ], [ -0.169216624444444, 51.152009428888888 ], [ -0.169138143244444, 51.152011645555554 ], [ -0.1690618552, 51.152012908 ], [ -0.168987760311111, 51.152013216222215 ], [ -0.168915858577778, 51.152012570222226 ], [ -0.16884615, 51.15201097 ], [ -0.168815558355556, 51.152009340888888 ], [ -0.168785956755556, 51.152007453555562 ], [ -0.1687573452, 51.152005308 ], [ -0.168729723688889, 51.152002904222222 ], [ -0.168703092222222, 51.152000242222222 ], [ -0.1686774508, 51.151997322 ], [ -0.168652799422222, 51.151994143555555 ], [ -0.168629138088889, 51.151990706888888 ], [ -0.1686064668, 51.151987012 ], [ -0.168584785555556, 51.151983058888888 ], [ -0.168564094355556, 51.151978847555554 ], [ -0.1685443932, 51.151974378 ], [ -0.168525682088889, 51.15196965022222 ], [ -0.168507961022222, 51.15196466422222 ], [ -0.16849123, 51.15195942 ], [ -0.16780082, 51.15205357 ], [ -0.16785584, 51.15221826 ], [ -0.167861323555556, 51.15223759551111 ], [ -0.167866211555556, 51.152258330044447 ], [ -0.167870504, 51.1522804636 ], [ -0.167874200888889, 51.152303996177785 ], [ -0.167877302222222, 51.152328927777788 ], [ -0.167879808, 51.152355258400007 ], [ -0.167881718222222, 51.152382988044437 ], [ -0.167883032888889, 51.152412116711112 ], [ -0.167883752, 51.152442644399997 ], [ -0.167883875555556, 51.152474571111114 ], [ -0.167883403555556, 51.15250789684444 ], [ -0.167882336, 51.152542621600006 ], [ -0.167880672888889, 51.152578745377781 ], [ -0.167878414222222, 51.152616268177773 ], [ -0.16787556, 51.15265519 ], [ -0.16778757, 51.15267012 ], [ -0.16780993, 51.15272803 ], [ -0.16759501, 51.15275743 ], [ -0.16752505, 51.15274838 ], [ -0.167523843288889, 51.152760817422219 ], [ -0.167522132488889, 51.152772665688886 ], [ -0.1675199176, 51.152783924800012 ], [ -0.167517198622222, 51.152794594755562 ], [ -0.167513975555556, 51.152804675555558 ], [ -0.1675102484, 51.152814167199992 ], [ -0.167506017155556, 51.152823069688893 ], [ -0.167501281822222, 51.152831383022225 ], [ -0.1674960424, 51.152839107199995 ], [ -0.167490298888889, 51.152846242222225 ], [ -0.167484051288889, 51.152852788088886 ], [ -0.1674772996, 51.1528587448 ], [ -0.167470043822222, 51.152864112355559 ], [ -0.167462283955556, 51.152868890755549 ], [ -0.16745402, 51.15287308 ], [ -0.16736939, 51.15291214 ], [ -0.167363277555556, 51.152914651599993 ], [ -0.167357004222222, 51.152916957066665 ], [ -0.16735057, 51.152919056400002 ], [ -0.167343974888889, 51.152920949600009 ], [ -0.167337218888889, 51.152922636666666 ], [ -0.167330302, 51.152924117600001 ], [ -0.167323224222222, 51.152925392400007 ], [ -0.167315985555556, 51.15292646106667 ], [ -0.167308586, 51.152927323599997 ], [ -0.167301025555556, 51.15292798 ], [ -0.167293304222222, 51.15292843026667 ], [ -0.167285422, 51.152928674400002 ], [ -0.167277378888889, 51.152928712400005 ], [ -0.167269174888889, 51.152928544266672 ], [ -0.16726081, 51.15292817 ], [ -0.16713902, 51.15290999 ], [ -0.167130776933333, 51.152908470222222 ], [ -0.167122791733333, 51.152906780222224 ], [ -0.1671150644, 51.15290492 ], [ -0.167107594933333, 51.152902889555563 ], [ -0.167100383333333, 51.152900688888892 ], [ -0.1670934296, 51.152898318 ], [ -0.167086733733333, 51.15289577688889 ], [ -0.167080295733333, 51.15289306555556 ], [ -0.1670741156, 51.152890184 ], [ -0.167068193333333, 51.152887132222226 ], [ -0.167062528933333, 51.152883910222222 ], [ -0.1670571224, 51.152880518 ], [ -0.167051973733333, 51.152876955555556 ], [ -0.167047082933333, 51.152873222888893 ], [ -0.16704245, 51.15286932 ], [ -0.167001126888889, 51.152827808488894 ], [ -0.166961946888889, 51.152785921955555 ], [ -0.16692491, 51.152743660400006 ], [ -0.166890016222222, 51.152701023822232 ], [ -0.166857265555556, 51.152658012222233 ], [ -0.166826658, 51.152614625600002 ], [ -0.166798193555556, 51.15257086395556 ], [ -0.166771872222222, 51.152526727288887 ], [ -0.166747694, 51.152482215600003 ], [ -0.166725658888889, 51.152437328888894 ], [ -0.166705766888889, 51.152392067155553 ], [ -0.166688018, 51.152346430400002 ], [ -0.166672412222222, 51.152300418622218 ], [ -0.166658949555556, 51.152254031822224 ], [ -0.16664763, 51.15220727 ], [ -0.16625007, 51.15226493 ], [ -0.16624553, 51.15252519 ], [ -0.166243964888889, 51.15253365364444 ], [ -0.166241592222222, 51.152541852577784 ], [ -0.166238412, 51.152549786800009 ], [ -0.166234424222222, 51.152557456311115 ], [ -0.166229628888889, 51.152564861111117 ], [ -0.166224026, 51.152572001199999 ], [ -0.166217615555556, 51.152578876577785 ], [ -0.166210397555556, 51.152585487244444 ], [ -0.166202372, 51.152591833200006 ], [ -0.166193538888889, 51.152597914444449 ], [ -0.166183898222222, 51.152603730977781 ], [ -0.16617345, 51.1526092828 ], [ -0.166162194222222, 51.152614569911115 ], [ -0.166150130888889, 51.152619592311119 ], [ -0.16613726, 51.15262435 ], [ -0.16594852, 51.15269225 ], [ -0.165938150222222, 51.15269462404445 ], [ -0.165928139555556, 51.152696882177779 ], [ -0.165918488, 51.152699024400007 ], [ -0.165909195555556, 51.152701050711123 ], [ -0.165900262222222, 51.152702961111117 ], [ -0.165891688, 51.152704755600006 ], [ -0.165883472888889, 51.15270643417778 ], [ -0.165875616888889, 51.152707996844455 ], [ -0.16586812, 51.152709443600003 ], [ -0.165860982222222, 51.152710774444451 ], [ -0.165854203555556, 51.152711989377778 ], [ -0.165847784, 51.152713088399999 ], [ -0.165841723555556, 51.152714071511113 ], [ -0.165836022222222, 51.152714938711114 ], [ -0.16583068, 51.15271569 ], [ -0.1654284, 51.15277045 ], [ -0.16516167, 51.15275531 ], [ -0.165145545466667, 51.152753529822228 ], [ -0.1651298412, 51.152750959955561 ], [ -0.1651145572, 51.152747600400012 ], [ -0.165099693466667, 51.152743451155565 ], [ -0.16508525, 51.152738512222228 ], [ -0.1650712268, 51.152732783600001 ], [ -0.165057623866667, 51.152726265288898 ], [ -0.1650444412, 51.152718957288883 ], [ -0.1650316788, 51.152710859600006 ], [ -0.165019336666667, 51.152701972222232 ], [ -0.1650074148, 51.152692295155553 ], [ -0.1649959132, 51.152681828400006 ], [ -0.164984831866667, 51.152670571955554 ], [ -0.1649741708, 51.152658525822225 ], [ -0.16496393, 51.15264569 ], [ -0.164936303511111, 51.152612582888892 ], [ -0.164909354711111, 51.152578018888889 ], [ -0.1648830836, 51.152541998 ], [ -0.164857490177778, 51.152504520222223 ], [ -0.164832574444444, 51.152465585555554 ], [ -0.1648083364, 51.152425193999989 ], [ -0.164784776044444, 51.152383345555556 ], [ -0.164761893377778, 51.152340040222221 ], [ -0.1647396884, 51.152295278 ], [ -0.164718161111111, 51.152249058888884 ], [ -0.164697311511111, 51.152201382888883 ], [ -0.1646771396, 51.15215225 ], [ -0.164657645377778, 51.152101660222215 ], [ -0.164638828844444, 51.152049613555555 ], [ -0.16462069, 51.15199611 ], [ -0.16391049, 51.14995448 ], [ -0.16364424, 51.1499389 ], [ -0.16410695, 51.15128293 ], [ -0.16417363, 51.15127572 ], [ -0.16430929, 51.15166153 ], [ -0.16424491, 51.1516709 ], [ -0.16451664, 51.15244925 ], [ -0.16450147, 51.15245125 ], [ -0.16453181, 51.15253238 ], [ -0.164533346933333, 51.152543990666672 ], [ -0.1645340484, 51.152555417333325 ], [ -0.1645339144, 51.15256666 ], [ -0.164532944933333, 51.152577718666663 ], [ -0.16453114, 51.152588593333334 ], [ -0.1645284996, 51.152599284 ], [ -0.164525023733333, 51.152609790666659 ], [ -0.1645207124, 51.152620113333327 ], [ -0.1645155656, 51.152630252 ], [ -0.164509583333333, 51.152640206666668 ], [ -0.1645027656, 51.152649977333326 ], [ -0.1644951124, 51.152659564 ], [ -0.164486623733333, 51.15266896666666 ], [ -0.1644772996, 51.152678185333336 ], [ -0.16446714, 51.15268722 ], [ -0.16468118, 51.15292412 ], [ -0.16493698, 51.15290609 ], [ -0.16375484, 51.15529795 ], [ -0.16453074, 51.15531277 ], [ -0.16473209, 51.15587023 ], [ -0.16535693, 51.1557855 ], [ -0.16652056, 51.15584372 ], [ -0.16670618, 51.15638397 ], [ -0.16664303, 51.15639163 ], [ -0.16666134, 51.15643517 ], [ -0.16608721, 51.15651223 ], [ -0.16607284, 51.15647367 ], [ -0.16613831, 51.15646315 ], [ -0.16610717, 51.15638152 ], [ -0.1660417, 51.15639104 ], [ -0.16598501, 51.15624591 ], [ -0.16567042, 51.15628637 ], [ -0.16576384, 51.1565593 ], [ -0.16508565, 51.15665089 ], [ -0.16531004, 51.15686155 ], [ -0.16531387, 51.15693607 ], [ -0.16525543, 51.15696011 ], [ -0.16542215, 51.15712777 ], [ -0.16544802, 51.1572059 ], [ -0.16515138, 51.15724134 ], [ -0.1652585, 51.15752723 ], [ -0.16787639, 51.15808831 ], [ -0.16836309, 51.15798314 ], [ -0.16858043, 51.15777293 ], [ -0.1684367, 51.15772535 ], [ -0.16845134, 51.15766943 ], [ -0.1684012, 51.15766408 ], [ -0.1684309, 51.15748981 ], [ -0.16838108, 51.15749101 ], [ -0.16834125, 51.15740083 ], [ -0.16835733, 51.15739805 ], [ -0.16832073, 51.15730311 ], [ -0.1683723, 51.15729824 ], [ -0.16835511, 51.15725407 ], [ -0.16838672, 51.15725001 ], [ -0.16836722, 51.15720376 ], [ -0.16840003, 51.15719878 ], [ -0.16838117, 51.157148 ], [ -0.16842553, 51.15714348 ], [ -0.1684089, 51.15710036 ], [ -0.16843385, 51.15709583 ], [ -0.16841611, 51.15705167 ], [ -0.16868504, 51.15701306 ], [ -0.16871941, 51.15710696 ], [ -0.16866452, 51.15711427 ], [ -0.1686816, 51.15716073 ], [ -0.16866175, 51.15716261 ], [ -0.16867616, 51.15720712 ], [ -0.16862737, 51.15721331 ], [ -0.16864456, 51.15726277 ], [ -0.16862016, 51.15726555 ], [ -0.16862995, 51.15730452 ] ] ] } },
{ "type": "Feature", "properties": { "name": "New Taxiway 38", "surface_type": "ASPHALT", "smoothness": 0.0, "texture_orientation": 170.0 }, "geometry": { "type": "Polygon", "coordinates": [ [ [ -0.16858515, 51.15735159 ], [ -0.16860455, 51.15735449 ], [ -0.16862995, 51.15730452 ], [ -0.16862016, 51.15726555 ], [ -0.16864456, 51.15726277 ], [ -0.16862737, 51.15721331 ], [ -0.16867616, 51.15720712 ], [ -0.16866175, 51.15716261 ], [ -0.1686816, 51.15716073 ], [ -0.16866452, 51.15711427 ], [ -0.16871941, 51.15710696 ], [ -0.16868504, 51.15701306 ], [ -0.16841611, 51.15705167 ], [ -0.16843385, 51.15709583 ], [ -0.1684089, 51.15710036 ], [ -0.16842553, 51.15714348 ], [ -0.16838117, 51.157148 ], [ -0.16840003, 51.15719878 ], [ -0.16836722, 51.15720376 ], [ -0.16838672, 51.15725001 ], [ -0.16835511, 51.15725407 ], [ -0.1683723, 51.15729824 ], [ -0.16832073, 51.15730311 ], [ -0.16835733, 51.15739805 ], [ -0.16834125, 51.15740083 ], [ -0.16838108, 51.15749101 ], [ -0.1684309, 51.15748981 ], [ -0.1684012, 51.15766408 ], [ -0.16845134, 51.15766943 ], [ -0.16858515, 51.15735159 ] ] ] } },
{ "type": "Feature", "properties": { "name": "New Taxiway 37", "surface_type": "UNKNOWN_53", "smoothness": 0.0, "texture_orientation": 170.0 }, "geometry": { "type": "Polygon", "coordinates": [ [ [ -0.16859971, 51.15816701 ], [ -0.1705289, 51.15768292 ], [ -0.17055414, 51.15767342 ], [ -0.17055145, 51.15766253 ], [ -0.1704736, 51.15761092 ], [ -0.1705313, 51.15757737 ], [ -0.17042672, 51.15750763 ], [ -0.17048743, 51.1574737 ], [ -0.17038164, 51.15740848 ], [ -0.17043213, 51.15737304 ], [ -0.17038344, 51.15733912 ], [ -0.17043934, 51.15730406 ], [ -0.17033355, 51.15723582 ], [ -0.17038945, 51.15720454 ], [ -0.17028787, 51.15713442 ], [ -0.17034377, 51.15710388 ], [ -0.17033596, 51.15708315 ], [ -0.17031973, 51.15707221 ], [ -0.16862995, 51.15730435 ], [ -0.16860455, 51.15735433 ], [ -0.16858515, 51.15735143 ], [ -0.16845134, 51.15766927 ], [ -0.1684367, 51.15772519 ], [ -0.16858043, 51.15777276 ], [ -0.16836309, 51.15798314 ], [ -0.16859971, 51.15816701 ] ] ] } },
{ "type": "Feature", "properties": { "name": "New Taxiway 36", "surface_type": "UNKNOWN_53", "smoothness": 0.0, "texture_orientation": 170.0 }, "geometry": { "type": "Polygon", "coordinates": [ [ [ -0.16864082, 51.15826881 ], [ -0.17051602, 51.15867911 ], [ -0.17051544, 51.15866279 ], [ -0.1705485, 51.15861598 ], [ -0.17060961, 51.15861629 ], [ -0.17060474, 51.15839615 ], [ -0.17068192, 51.15839479 ], [ -0.17066159, 51.1580173 ], [ -0.17058369, 51.15801893 ], [ -0.17057073, 51.1577428 ], [ -0.1705289, 51.15768309 ], [ -0.16859971, 51.15816701 ], [ -0.16864082, 51.15826881 ] ] ] } },
{ "type": "Feature", "properties": { "name": "New Taxiway 35", "surface_type": "UNKNOWN_53", "smoothness": 0.0, "texture_orientation": 170.0 }, "geometry": { "type": "Polygon", "coordinates": [ [ [ -0.16941122, 51.15954921 ], [ -0.16943195, 51.15954253 ], [ -0.16957528, 51.15942398 ], [ -0.16964384, 51.15945655 ], [ -0.16987755, 51.1592735 ], [ -0.16993032, 51.15930494 ], [ -0.17039071, 51.15895338 ], [ -0.17038421, 51.15892761 ], [ -0.17034914, 51.15890876 ], [ -0.17053949, 51.15876143 ], [ -0.17047888, 51.15873347 ], [ -0.17051694, 51.15870488 ], [ -0.17051602, 51.15867911 ], [ -0.16864082, 51.15826881 ], [ -0.16845042, 51.15847241 ], [ -0.16941122, 51.15954921 ] ] ] } },
{ "type": "Feature", "properties": { "name": "New Taxiway 34", "surface_type": "UNKNOWN_53", "smoothness": 0.0, "texture_orientation": 170.0 }, "geometry": { "type": "Polygon", "coordinates": [ [ [ -0.1678903, 51.15961134 ], [ -0.1680596, 51.15959832 ], [ -0.16807311, 51.15964457 ], [ -0.16829435, 51.15962372 ], [ -0.16830266, 51.15966867 ], [ -0.16939352, 51.15955491 ], [ -0.16941122, 51.15954921 ], [ -0.16845042, 51.15847241 ], [ -0.1682384, 51.15852375 ], [ -0.1678903, 51.15961134 ] ] ] } },
{ "type": "Feature", "properties": { "name": "New Taxiway 33", "surface_type": "UNKNOWN_53", "smoothness": 0.0, "texture_orientation": 170.0 }, "geometry": { "type": "Polygon", "coordinates": [ [ [ -0.1682384, 51.15852375 ], [ -0.16788068, 51.15838403 ], [ -0.16653831, 51.15894413 ], [ -0.16676098, 51.15921253 ], [ -0.16693069, 51.15929907 ], [ -0.16767993, 51.15958911 ], [ -0.16772822, 51.15954224 ], [ -0.1678903, 51.15961134 ], [ -0.1682384, 51.15852375 ] ] ] } },
{ "type": "Feature", "properties": { "name": "New Taxiway 31", "surface_type": "UNKNOWN_53", "smoothness": 0.0, "texture_orientation": 170.0 }, "geometry": { "type": "Polygon", "coordinates": [ [ [ -0.16676098, 51.15921253 ], [ -0.16647153, 51.15886651 ], [ -0.16639282, 51.15863797 ], [ -0.16632, 51.15864999 ], [ -0.16627592, 51.15850997 ], [ -0.16620119, 51.15852199 ], [ -0.1661504, 51.15838377 ], [ -0.1659214, 51.15840781 ], [ -0.16576602, 51.15822358 ], [ -0.16631971, 51.15805095 ], [ -0.166275, 51.15796164 ], [ -0.1661028, 51.15797307 ], [ -0.16608956, 51.15794295 ], [ -0.1658412, 51.15794711 ], [ -0.16581624, 51.15786597 ], [ -0.16575167, 51.15787135 ], [ -0.16574307, 51.15785333 ], [ -0.16568241, 51.15786123 ], [ -0.16566925, 51.15784051 ], [ -0.16555987, 51.15785464 ], [ -0.16554618, 51.15781573 ], [ -0.16547266, 51.15782656 ], [ -0.16546594, 51.15780661 ], [ -0.16540147, 51.15781612 ], [ -0.16538971, 51.15777223 ], [ -0.16532232, 51.15778277 ], [ -0.16530625, 51.15774298 ], [ -0.16518876, 51.15776108 ], [ -0.16517184, 51.15771468 ], [ -0.16513438, 51.15771937 ], [ -0.16509644, 51.15770927 ], [ -0.16490902, 51.15771504 ], [ -0.16431114, 51.15768783 ], [ -0.16485596, 51.1580853 ], [ -0.16491345, 51.15805285 ], [ -0.16509303, 51.15815793 ], [ -0.1651375, 51.15835989 ], [ -0.1652832, 51.15834328 ], [ -0.16534272, 51.15853421 ], [ -0.16543059, 51.15852643 ], [ -0.16557145, 51.15828425 ], [ -0.16570378, 51.15824299 ], [ -0.16591739, 51.15855052 ], [ -0.16590186, 51.15855365 ], [ -0.16586748, 51.15868024 ], [ -0.16565455, 51.1588103 ], [ -0.1656734, 51.15882595 ], [ -0.16586383, 51.15871337 ], [ -0.16600835, 51.15869484 ], [ -0.16641437, 51.15926685 ], [ -0.16676098, 51.15921253 ] ] ] } },
{ "type": "Feature", "properties": { "name": "New Taxiway 30", "surface_type": "UNKNOWN_53", "smoothness": 0.0, "texture_orientation": 170.0 }, "geometry": { "type": "Polygon", "coordinates": [ [ [ -0.1678903, 51.15961134 ], [ -0.16772822, 51.15954224 ], [ -0.16767993, 51.15958911 ], [ -0.16693069, 51.15929907 ], [ -0.16676098, 51.15921253 ], [ -0.16641437, 51.15926685 ], [ -0.166434702228148, 51.159290841810375 ], [ -0.166456573958519, 51.159315372216298 ], [ -0.16647994176, 51.159340229680012 ], [ -0.166504762201481, 51.159365202663722 ], [ -0.166530991851852, 51.159390079629638 ], [ -0.16655858728, 51.159414649040002 ], [ -0.166587505054815, 51.159438699357032 ], [ -0.166617701745185, 51.159462019042962 ], [ -0.16664913392, 51.159484396560003 ], [ -0.166681758148148, 51.159505620370382 ], [ -0.166715530998518, 51.159525478936288 ], [ -0.16675040904, 51.159543760719998 ], [ -0.166786348841481, 51.159560254183702 ], [ -0.166823306971852, 51.159574747789627 ], [ -0.16686124, 51.15958703 ], [ -0.16717584, 51.15967426 ], [ -0.16783213, 51.15980807 ], [ -0.1678903, 51.15961134 ] ] ] } },
{ "type": "Feature", "properties": { "name": "New Taxiway 29", "surface_type": "UNKNOWN_53", "smoothness": 0.0, "texture_orientation": 285.0 }, "geometry": { "type": "Polygon", "coordinates": [ [ [ -0.17099169, 51.15911772 ], [ -0.17110437, 51.15891797 ], [ -0.17119866, 51.15903119 ], [ -0.17169318, 51.1588679 ], [ -0.17160753, 51.15861093 ], [ -0.17164664, 51.15851284 ], [ -0.171656078844444, 51.158488317244448 ], [ -0.171666462044444, 51.158463820977779 ], [ -0.1716777896, 51.158439351200009 ], [ -0.171690061511111, 51.158414907911109 ], [ -0.171703277777778, 51.158390491111113 ], [ -0.1717174384, 51.158366100800002 ], [ -0.171732543377778, 51.158341736977775 ], [ -0.171748592711111, 51.158317399644453 ], [ -0.1717655864, 51.158293088799994 ], [ -0.171783524444444, 51.158268804444447 ], [ -0.171802406844444, 51.158244546577777 ], [ -0.1718222336, 51.158220315199998 ], [ -0.171843004711111, 51.15819611031111 ], [ -0.171864720177778, 51.158171931911113 ], [ -0.17188738, 51.15814778 ], [ -0.1715775, 51.15820912 ], [ -0.17155587, 51.15820532 ], [ -0.17148489, 51.15821835 ], [ -0.17122903, 51.1582999 ], [ -0.171214171733333, 51.158306480444452 ], [ -0.171200108933333, 51.158313232444449 ], [ -0.1711868416, 51.158320156 ], [ -0.171174369733333, 51.158327251111118 ], [ -0.171162693333333, 51.158334517777789 ], [ -0.1711518124, 51.158341956 ], [ -0.171141726933333, 51.158349565777776 ], [ -0.171132436933333, 51.158357347111107 ], [ -0.1711239424, 51.1583653 ], [ -0.171116243333333, 51.158373424444441 ], [ -0.171109339733333, 51.158381720444439 ], [ -0.1711032316, 51.158390188 ], [ -0.171097918933333, 51.158398827111114 ], [ -0.171093401733333, 51.158407637777778 ], [ -0.17108968, 51.15841662 ], [ -0.171073360711111, 51.158457146533337 ], [ -0.171055802844444, 51.158497446133332 ], [ -0.1710370064, 51.15853751880001 ], [ -0.171016971377778, 51.158577364533336 ], [ -0.170995697777778, 51.158616983333332 ], [ -0.1709731856, 51.158656375199996 ], [ -0.170949434844444, 51.158695540133337 ], [ -0.170924445511111, 51.15873447813334 ], [ -0.1708982176, 51.158773189199998 ], [ -0.170870751111111, 51.158811673333332 ], [ -0.170842046044444, 51.158849930533336 ], [ -0.1708121024, 51.158887960800001 ], [ -0.170780920177778, 51.158925764133329 ], [ -0.170748499377778, 51.158963340533333 ], [ -0.17071484, 51.15900069 ], [ -0.17099169, 51.15911772 ] ] ] } },
{ "type": "Feature", "properties": { "name": "New Taxiway 28", "surface_type": "UNKNOWN_53", "smoothness": 0.0, "texture_orientation": 310.0 }, "geometry": { "type": "Polygon", "coordinates": [ [ [ -0.17030745, 51.15967519 ], [ -0.17099169, 51.15911772 ], [ -0.17071484, 51.15900069 ], [ -0.170678197155556, 51.159040326622225 ], [ -0.170640705955556, 51.15907893782223 ], [ -0.1706023664, 51.159116523600005 ], [ -0.170563178488889, 51.159153083955566 ], [ -0.170523142222222, 51.159188618888898 ], [ -0.1704822576, 51.159223128400001 ], [ -0.170440524622222, 51.159256612488896 ], [ -0.170397943288889, 51.159289071155548 ], [ -0.1703545136, 51.1593205044 ], [ -0.170310235555556, 51.15935091222223 ], [ -0.170265109155556, 51.159380294622224 ], [ -0.1702191344, 51.159408651600003 ], [ -0.170172311288889, 51.159435983155561 ], [ -0.170124639822222, 51.159462289288896 ], [ -0.17007612, 51.15948757 ], [ -0.17030745, 51.15967519 ] ] ] } },
{ "type": "Feature", "properties": { "name": "New Taxiway 27", "surface_type": "UNKNOWN_53", "smoothness": 0.0, "texture_orientation": 332.0 }, "geometry": { "type": "Polygon", "coordinates": [ [ [ -0.17169318, 51.1588679 ], [ -0.17119866, 51.15903119 ], [ -0.17110437, 51.15891797 ], [ -0.17099169, 51.15911772 ], [ -0.17030745, 51.15967519 ], [ -0.17007612, 51.15948757 ], [ -0.169987938977778, 51.159533232 ], [ -0.169899166577778, 51.159575874 ], [ -0.1698098028, 51.159615496 ], [ -0.169719847644444, 51.159652098 ], [ -0.169629301111111, 51.15968568000001 ], [ -0.1695381632, 51.159716242 ], [ -0.169446433911111, 51.159743784 ], [ -0.169354113244444, 51.159768306 ], [ -0.1692612012, 51.159789808 ], [ -0.169167697777778, 51.15980829 ], [ -0.169073602977778, 51.159823752 ], [ -0.1689789168, 51.159836194 ], [ -0.168883639244444, 51.159845616 ], [ -0.168787770311111, 51.159852018 ], [ -0.16869131, 51.1598554 ], [ -0.16927513, 51.16059354 ], [ -0.17048876, 51.16065429 ], [ -0.17132694, 51.16054327 ], [ -0.17239348, 51.1598337 ], [ -0.17184466, 51.1593224 ], [ -0.17169318, 51.1588679 ] ] ] } },
{ "type": "Feature", "properties": { "name": "New Taxiway 26", "surface_type": "UNKNOWN_53", "smoothness": 0.0, "texture_orientation": 348.0 }, "geometry": { "type": "Polygon", "coordinates": [ [ [ -0.17164664, 51.15851284 ], [ -0.17160753, 51.15861093 ], [ -0.17184466, 51.1593224 ], [ -0.17802007, 51.1584729 ], [ -0.17792739, 51.15831519 ], [ -0.1776702, 51.15759045 ], [ -0.17726564, 51.15764234 ], [ -0.177271920139259, 51.157619918171854 ], [ -0.177279292047407, 51.157598678174821 ], [ -0.17728849896, 51.157578436240009 ], [ -0.177300284112593, 51.157559008598525 ], [ -0.177315390740741, 51.157540211481482 ], [ -0.17733456208, 51.157521861120003 ], [ -0.177358541365926, 51.157503773745191 ], [ -0.177388071834074, 51.157485765588156 ], [ -0.17742389672, 51.157467652880008 ], [ -0.177466759259259, 51.157449251851858 ], [ -0.177517402687407, 51.157430378734816 ], [ -0.17757657024, 51.157410849760005 ], [ -0.177645005152593, 51.157390481158529 ], [ -0.177723450660741, 51.157369089161485 ], [ -0.17781265, 51.15734649 ], [ -0.17780486, 51.15731772 ], [ -0.17500857, 51.15770879 ], [ -0.17504285, 51.15780585 ], [ -0.17512073, 51.15779478 ], [ -0.17515294, 51.15788533 ], [ -0.17522356, 51.15787751 ], [ -0.17524329, 51.15792181 ], [ -0.17541986, 51.15789486 ], [ -0.1754205048, 51.157879351644453 ], [ -0.175421476533333, 51.157864826577779 ], [ -0.1754227752, 51.15785128480001 ], [ -0.1754244008, 51.157838726311113 ], [ -0.175426353333333, 51.157827151111114 ], [ -0.1754286328, 51.1578165592 ], [ -0.1754312392, 51.157806950577779 ], [ -0.175434172533333, 51.157798325244443 ], [ -0.1754374328, 51.157790683200005 ], [ -0.17544102, 51.157784024444453 ], [ -0.175444934133333, 51.157778348977779 ], [ -0.1754491752, 51.157773656800003 ], [ -0.1754537432, 51.157769947911113 ], [ -0.175458638133333, 51.157767222311115 ], [ -0.17546386, 51.15776548 ], [ -0.17553889, 51.15797539 ], [ -0.17164664, 51.15851284 ] ] ] } },
{ "type": "Feature", "properties": { "name": "New Taxiway 23", "surface_type": "UNKNOWN_53", "smoothness": 0.0, "texture_orientation": 348.0 }, "geometry": { "type": "Polygon", "coordinates": [ [ [ -0.17449957, 51.15643029 ], [ -0.17456641, 51.15641964 ], [ -0.17453274, 51.15632577 ], [ -0.17448706, 51.15633105 ], [ -0.17438498, 51.15603581 ], [ -0.17430085, 51.15604938 ], [ -0.17427978, 51.15599573 ], [ -0.17400428, 51.15603753 ], [ -0.17399037, 51.15600437 ], [ -0.17396185, 51.15600786 ], [ -0.17395453, 51.1559891 ], [ -0.17341575, 51.15606291 ], [ -0.17342377, 51.15608144 ], [ -0.17263651, 51.15616612 ], [ -0.17263891, 51.15618045 ], [ -0.17180429, 51.15629457 ], [ -0.1711992, 51.15641849 ], [ -0.17096203, 51.15650483 ], [ -0.17098941, 51.15654173 ], [ -0.17145969, 51.15787949 ], [ -0.17145969, 51.15790558 ], [ -0.171441, 51.15790576 ], [ -0.17144219, 51.15795515 ], [ -0.17150291, 51.15795553 ], [ -0.17176036, 51.15791702 ], [ -0.17176686, 51.15794215 ], [ -0.17198927, 51.15791042 ], [ -0.17198326, 51.15789314 ], [ -0.1727164, 51.15781828 ], [ -0.17335173, 51.15772775 ], [ -0.1739595, 51.1576155 ], [ -0.17397603, 51.15765823 ], [ -0.17448249, 51.15758935 ], [ -0.1745063, 51.15757035 ], [ -0.17449332, 51.15753823 ], [ -0.17471546, 51.15750792 ], [ -0.17468623, 51.15741324 ], [ -0.17482903, 51.15739243 ], [ -0.17477855, 51.15725626 ], [ -0.17485283, 51.15724224 ], [ -0.17474213, 51.15692347 ], [ -0.17468855, 51.15693163 ], [ -0.1746931408, 51.156957019155556 ], [ -0.1746970332, 51.156982605288896 ], [ -0.1747002272, 51.157008388400001 ], [ -0.1747027228, 51.157034368488894 ], [ -0.17470452, 51.157060545555559 ], [ -0.1747056188, 51.157086919600005 ], [ -0.1747060192, 51.157113490622223 ], [ -0.1747057212, 51.157140258622228 ], [ -0.1747047248, 51.157167223599998 ], [ -0.17470303, 51.157194385555556 ], [ -0.1747006368, 51.157221744488886 ], [ -0.1746975452, 51.157249300400004 ], [ -0.1746937552, 51.157277053288887 ], [ -0.1746892668, 51.157305003155557 ], [ -0.17468408, 51.15733315 ], [ -0.174681598711111, 51.157341976888887 ], [ -0.174678413511111, 51.157350561555553 ], [ -0.1746745244, 51.157358904 ], [ -0.174669931377778, 51.157367004222223 ], [ -0.174664634444444, 51.157374862222234 ], [ -0.1746586336, 51.157382478 ], [ -0.174651928844444, 51.157389851555557 ], [ -0.174644520177778, 51.157396982888891 ], [ -0.1746364076, 51.157403872 ], [ -0.174627591111111, 51.157410518888895 ], [ -0.174618070711111, 51.157416923555552 ], [ -0.1746078464, 51.157423086 ], [ -0.174596918177778, 51.157429006222216 ], [ -0.174585286044444, 51.157434684222224 ], [ -0.17457295, 51.15744012 ], [ -0.17444838, 51.15748045 ], [ -0.17441455, 51.15749193 ], [ -0.17392454, 51.15609513 ], [ -0.173961569422222, 51.156091760311114 ], [ -0.173996935022222, 51.156089739244443 ], [ -0.1740306368, 51.156089066800007 ], [ -0.174062674755556, 51.156089742977784 ], [ -0.174093048888889, 51.156091767777774 ], [ -0.1741217592, 51.156095141200005 ], [ -0.174148805688889, 51.156099863244449 ], [ -0.174174188355556, 51.156105933911107 ], [ -0.1741979072, 51.156113353199999 ], [ -0.174219962222222, 51.15612212111111 ], [ -0.174240353422222, 51.156132237644442 ], [ -0.1742590808, 51.156143702800001 ], [ -0.174276144355556, 51.156156516577781 ], [ -0.174291544088889, 51.15617067897778 ], [ -0.17430528, 51.15618619 ], [ -0.17449957, 51.15643029 ] ], [ [ -0.17246288, 51.15765416 ], [ -0.17239706, 51.15746471 ], [ -0.17264593, 51.15742632 ], [ -0.17267122, 51.157491 ], [ -0.172673407955556, 51.157506687511109 ], [ -0.172673939822222, 51.157521584711112 ], [ -0.1726728156, 51.157535691600003 ], [ -0.172670035288889, 51.157549008177782 ], [ -0.172665598888889, 51.157561534444447 ], [ -0.1726595064, 51.1575732704 ], [ -0.172651757822222, 51.157584216044448 ], [ -0.172642353155556, 51.157594371377783 ], [ -0.1726312924, 51.157603736399992 ], [ -0.172618575555556, 51.157612311111109 ], [ -0.172604202622222, 51.157620095511106 ], [ -0.1725881736, 51.157627089600005 ], [ -0.172570488488889, 51.157633293377771 ], [ -0.172551147288889, 51.157638706844445 ], [ -0.17253015, 51.15764333 ], [ -0.17246288, 51.15765416 ] ], [ [ -0.17338065, 51.15765412 ], [ -0.17309414, 51.15769368 ], [ -0.17310079, 51.15771956 ], [ -0.17284793, 51.15775628 ], [ -0.17283928, 51.15772999 ], [ -0.17250646, 51.1577744 ], [ -0.17249769, 51.15775469 ], [ -0.17252541, 51.15772919 ], [ -0.172567174533333, 51.157722791600001 ], [ -0.172605537466667, 51.157714849733338 ], [ -0.1726404988, 51.157705364400002 ], [ -0.172672058533333, 51.157694335600006 ], [ -0.172700216666667, 51.157681763333336 ], [ -0.1727249732, 51.1576676476 ], [ -0.172746328133333, 51.157651988400005 ], [ -0.172764281466667, 51.157634785733329 ], [ -0.1727788332, 51.157616039600001 ], [ -0.172789983333333, 51.15759575 ], [ -0.172797731866667, 51.157573916933337 ], [ -0.1728020788, 51.157550540400003 ], [ -0.172803024133333, 51.157525620399994 ], [ -0.172800567866667, 51.157499156933341 ], [ -0.17279471, 51.15747115 ], [ -0.17319262, 51.15741564 ], [ -0.17317267, 51.15735472 ], [ -0.17326915, 51.15733927 ], [ -0.17338065, 51.15765412 ] ] ] } },
{ "type": "Feature", "properties": { "name": "New Taxiway 21", "surface_type": "UNKNOWN_53", "smoothness": 0.0, "texture_orientation": 348.0 }, "geometry": { "type": "Polygon", "coordinates": [ [ [ -0.17411351, 51.15523592 ], [ -0.17419228, 51.15522452 ], [ -0.17408408, 51.15490913 ], [ -0.17400409, 51.15491672 ], [ -0.17399156, 51.15487619 ], [ -0.17396201, 51.15486394 ], [ -0.17390591, 51.15487242 ], [ -0.17389389, 51.15483127 ], [ -0.17386985, 51.1548209 ], [ -0.17380074, 51.15482781 ], [ -0.17378171, 51.15478572 ], [ -0.17374614, 51.15477786 ], [ -0.17369957, 51.15479325 ], [ -0.17368004, 51.15474425 ], [ -0.17365599, 51.15473231 ], [ -0.1734346, 51.15476687 ], [ -0.17346866, 51.154863 ], [ -0.17338502, 51.15487493 ], [ -0.17338702, 51.15488499 ], [ -0.17331991, 51.15489598 ], [ -0.17333093, 51.15493776 ], [ -0.17323927, 51.15495316 ], [ -0.17327233, 51.15504709 ], [ -0.17318618, 51.15505746 ], [ -0.17341886, 51.15572679 ], [ -0.17344831, 51.15574564 ], [ -0.17352105, 51.15573621 ], [ -0.17353066, 51.15576713 ], [ -0.173531504622222, 51.155768233244451 ], [ -0.173532411822222, 51.155769236311109 ], [ -0.1735333816, 51.155770139200008 ], [ -0.173534413955556, 51.155770941911129 ], [ -0.173535508888889, 51.155771644444457 ], [ -0.1735366664, 51.155772246799998 ], [ -0.173537886488889, 51.155772748977775 ], [ -0.173539169155556, 51.155773150977794 ], [ -0.1735405144, 51.155773452800005 ], [ -0.173541922222222, 51.155773654444445 ], [ -0.173543392622222, 51.155773755911113 ], [ -0.1735449256, 51.155773757200009 ], [ -0.173546521155556, 51.155773658311119 ], [ -0.173548179288889, 51.15577345924445 ], [ -0.1735499, 51.15577316 ], [ -0.17378666, 51.15572997 ], [ -0.17382213, 51.15571368 ], [ -0.17381608, 51.15569143 ], [ -0.1738931, 51.1556822 ], [ -0.1739071124, 51.155678044977783 ], [ -0.1739207336, 51.155673750577783 ], [ -0.1739339636, 51.155669316800001 ], [ -0.1739468024, 51.155664743644451 ], [ -0.17395925, 51.155660031111111 ], [ -0.1739713064, 51.155655179200004 ], [ -0.1739829716, 51.155650187911107 ], [ -0.1739942456, 51.155645057244442 ], [ -0.1740051284, 51.155639787200002 ], [ -0.17401562, 51.15563437777778 ], [ -0.1740257204, 51.155628828977775 ], [ -0.1740354296, 51.155623140800003 ], [ -0.1740447476, 51.155617313244441 ], [ -0.1740536744, 51.155611346311112 ], [ -0.17406221, 51.15560524 ], [ -0.17423585, 51.15558449 ], [ -0.17411351, 51.15523592 ] ], [ [ -0.17398152, 51.1556396 ], [ -0.17392883, 51.1556431 ], [ -0.17385456, 51.15566063 ], [ -0.1737348, 51.15566714 ], [ -0.173721167111111, 51.155667011822224 ], [ -0.173707945777778, 51.15566640595555 ], [ -0.173695136, 51.155665322400004 ], [ -0.173682737777778, 51.155663761155559 ], [ -0.173670751111111, 51.155661722222227 ], [ -0.173659176, 51.155659205600003 ], [ -0.173648012444444, 51.155656211288893 ], [ -0.173637260444444, 51.15565273928889 ], [ -0.17362692, 51.155648789600008 ], [ -0.173616991111111, 51.155644362222233 ], [ -0.173607473777778, 51.155639457155559 ], [ -0.173598368, 51.155634074400005 ], [ -0.173589673777778, 51.155628213955559 ], [ -0.173581391111111, 51.155621875822227 ], [ -0.17357352, 51.15561506 ], [ -0.1733236, 51.15531709 ], [ -0.17329965, 51.15523245 ], [ -0.17330151, 51.155057 ], [ -0.173301959866667, 51.155049041688891 ], [ -0.173302960133333, 51.155041206755556 ], [ -0.1733045108, 51.155033495200001 ], [ -0.173306611866667, 51.155025907022221 ], [ -0.173309263333333, 51.155018442222222 ], [ -0.1733124652, 51.155011100799996 ], [ -0.173316217466667, 51.155003882755558 ], [ -0.173320520133333, 51.154996788088887 ], [ -0.1733253732, 51.154989816799997 ], [ -0.173330776666667, 51.154982968888888 ], [ -0.173336730533333, 51.154976244355552 ], [ -0.1733432348, 51.154969643199998 ], [ -0.173350289466667, 51.154963165422217 ], [ -0.173357894533333, 51.154956811022224 ], [ -0.17336605, 51.15495058 ], [ -0.17348927, 51.15487583 ], [ -0.1735001812, 51.154869882888889 ], [ -0.173511200133333, 51.154864542888895 ], [ -0.1735223268, 51.15485981 ], [ -0.1735335612, 51.154855684222234 ], [ -0.173544903333333, 51.154852165555567 ], [ -0.1735563532, 51.154849254 ], [ -0.1735679108, 51.154846949555555 ], [ -0.173579576133333, 51.154845252222223 ], [ -0.1735913492, 51.154844162 ], [ -0.17360323, 51.154843678888895 ], [ -0.173615218533333, 51.154843802888891 ], [ -0.1736273148, 51.154844534 ], [ -0.1736395188, 51.154845872222225 ], [ -0.173651830533333, 51.154847817555556 ], [ -0.17366425, 51.15485037 ], [ -0.17375541, 51.15487867 ], [ -0.173770276888889, 51.154883287111112 ], [ -0.173784730888889, 51.154888165111117 ], [ -0.173798772, 51.154893304000012 ], [ -0.173812400222222, 51.154898703777789 ], [ -0.173825615555556, 51.154904364444455 ], [ -0.173838418, 51.154910286 ], [ -0.173850807555556, 51.154916468444448 ], [ -0.173862784222222, 51.154922911777774 ], [ -0.173874348, 51.154929616 ], [ -0.173885498888889, 51.154936581111116 ], [ -0.173896236888889, 51.15494380711111 ], [ -0.173906562, 51.154951294 ], [ -0.173916474222222, 51.154959041777779 ], [ -0.173925973555556, 51.154967050444448 ], [ -0.17393506, 51.15497532 ], [ -0.17406441, 51.15514759 ], [ -0.174067203911111, 51.155154551511117 ], [ -0.174069796311111, 51.155161734711122 ], [ -0.1740721872, 51.155169139600005 ], [ -0.174074376577778, 51.155176766177782 ], [ -0.174076364444444, 51.155184614444451 ], [ -0.1740781508, 51.155192684399999 ], [ -0.174079735644444, 51.155200976044448 ], [ -0.174081118977778, 51.155209489377775 ], [ -0.1740823008, 51.155218224399995 ], [ -0.174083281111111, 51.155227181111108 ], [ -0.174084059911111, 51.155236359511107 ], [ -0.1740846372, 51.155245759600007 ], [ -0.174085012977778, 51.155255381377778 ], [ -0.174085187244444, 51.155265224844449 ], [ -0.17408516, 51.15527529 ], [ -0.17408516, 51.15543655 ], [ -0.174062, 51.15555573 ], [ -0.174061313777778, 51.155562749333342 ], [ -0.174059959111111, 51.155569564666671 ], [ -0.174057936, 51.155576176000011 ], [ -0.174055244444444, 51.155582583333334 ], [ -0.174051884444444, 51.155588786666677 ], [ -0.174047856, 51.155594786 ], [ -0.174043159111111, 51.155600581333331 ], [ -0.174037793777778, 51.155606172666666 ], [ -0.17403176, 51.15561156 ], [ -0.174025057777778, 51.15561674333334 ], [ -0.174017687111111, 51.155621722666666 ], [ -0.174009648, 51.155626498 ], [ -0.174000940444444, 51.155631069333339 ], [ -0.173991564444444, 51.155635436666671 ], [ -0.17398152, 51.1556396 ] ] ] } },
{ "type": "Feature", "properties": { "name": "New Taxiway 19", "surface_type": "UNKNOWN_53", "smoothness": 0.0, "texture_orientation": 348.0 }, "geometry": { "type": "Polygon", "coordinates": [ [ [ -0.17366513, 51.15444576 ], [ -0.17374977, 51.15443288 ], [ -0.17370869, 51.15432387 ], [ -0.17379434, 51.15430974 ], [ -0.17377931, 51.15426512 ], [ -0.17375228, 51.15425224 ], [ -0.17373774, 51.15419381 ], [ -0.17369618, 51.15413852 ], [ -0.17381031, 51.15412164 ], [ -0.17371514, 51.15384935 ], [ -0.17363518, 51.15386042 ], [ -0.17361961, 51.15381156 ], [ -0.17354068, 51.15382198 ], [ -0.17352302, 51.15377378 ], [ -0.17344201, 51.1537829 ], [ -0.17342436, 51.15373339 ], [ -0.17334438, 51.15374186 ], [ -0.17332776, 51.15369561 ], [ -0.17313506, 51.15372207 ], [ -0.17313191, 51.1537092 ], [ -0.17306722, 51.15371706 ], [ -0.1730728, 51.15373233 ], [ -0.17302202, 51.15373516 ], [ -0.17300915, 51.15374913 ], [ -0.17305123, 51.15385646 ], [ -0.1728537, 51.15388269 ], [ -0.17286796, 51.15392393 ], [ -0.1728064, 51.15393374 ], [ -0.17286147, 51.15409116 ], [ -0.17283991, 51.15409487 ], [ -0.17296944, 51.15445676 ], [ -0.17304557, 51.15444576 ], [ -0.17305909, 51.15449602 ], [ -0.173077652533333, 51.154506029955563 ], [ -0.1730965588, 51.154515166488892 ], [ -0.1731158088, 51.154523429600012 ], [ -0.173135402533333, 51.154530819288901 ], [ -0.17315534, 51.154537335555567 ], [ -0.1731756212, 51.154542978400002 ], [ -0.173196246133333, 51.154547747822221 ], [ -0.1732172148, 51.154551643822224 ], [ -0.1732385272, 51.154554666400003 ], [ -0.173260183333333, 51.154556815555559 ], [ -0.1732821832, 51.154558091288891 ], [ -0.1733045268, 51.154558493600007 ], [ -0.173327214133333, 51.154558022488892 ], [ -0.1733502452, 51.154556677955554 ], [ -0.17337362, 51.15455446 ], [ -0.17345477, 51.15454221 ], [ -0.17345978, 51.15455194 ], [ -0.17352287, 51.15454472 ], [ -0.17351737, 51.1545221 ], [ -0.17368265, 51.15449917 ], [ -0.17366513, 51.15444576 ] ], [ [ -0.17348298, 51.15444836 ], [ -0.17343107, 51.15445712 ], [ -0.17327539, 51.15444001 ], [ -0.17310173, 51.15438868 ], [ -0.17295203, 51.15420798 ], [ -0.17293274, 51.15416374 ], [ -0.17295868, 51.15394047 ], [ -0.17299128, 51.15391293 ], [ -0.17316413, 51.15382303 ], [ -0.173170925377778, 51.153819977288897 ], [ -0.173177898177778, 51.153817227155557 ], [ -0.1731850484, 51.153814779600012 ], [ -0.173192376044444, 51.153812634622227 ], [ -0.173199881111111, 51.153810792222224 ], [ -0.1732075636, 51.153809252400002 ], [ -0.173215423511111, 51.153808015155555 ], [ -0.173223460844444, 51.153807080488889 ], [ -0.1732316756, 51.153806448399997 ], [ -0.173240067777778, 51.153806118888888 ], [ -0.173248637377778, 51.153806091955559 ], [ -0.1732573844, 51.153806367600012 ], [ -0.173266308844444, 51.153806945822225 ], [ -0.173275410711111, 51.153807826622227 ], [ -0.17328469, 51.15380901 ], [ -0.1733041728, 51.153812126088894 ], [ -0.173322906533333, 51.153815639688894 ], [ -0.1733408912, 51.153819550800009 ], [ -0.1733581268, 51.153823859422225 ], [ -0.173374613333333, 51.153828565555564 ], [ -0.1733903508, 51.153833669199997 ], [ -0.1734053392, 51.153839170355546 ], [ -0.173419578533333, 51.153845069022225 ], [ -0.1734330688, 51.153851365199998 ], [ -0.17344581, 51.153858058888886 ], [ -0.173457802133333, 51.15386515008889 ], [ -0.1734690452, 51.153872638800003 ], [ -0.1734795392, 51.153880525022217 ], [ -0.173489284133333, 51.153888808755553 ], [ -0.17349828, 51.15389749 ], [ -0.17362469, 51.15402936 ], [ -0.17368125, 51.15412284 ], [ -0.17368458, 51.15429144 ], [ -0.173685137244444, 51.154294967955551 ], [ -0.173685392977778, 51.15429842915556 ], [ -0.1736853472, 51.154301823600008 ], [ -0.173684999911111, 51.154305151288888 ], [ -0.173684351111111, 51.154308412222235 ], [ -0.1736834008, 51.1543116064 ], [ -0.173682148977778, 51.154314733822218 ], [ -0.173680595644444, 51.154317794488882 ], [ -0.1736787408, 51.1543207884 ], [ -0.173676584444444, 51.154323715555556 ], [ -0.173674126577778, 51.154326575955551 ], [ -0.1736713672, 51.154329369600006 ], [ -0.173668306311111, 51.154332096488886 ], [ -0.173664943911111, 51.15433475662222 ], [ -0.17366128, 51.15433735 ], [ -0.17348298, 51.15444836 ] ] ] } },
{ "type": "Feature", "properties": { "name": "New Taxiway 18", "surface_type": "UNKNOWN_53", "smoothness": 0.0, "texture_orientation": 77.5 }, "geometry": { "type": "Polygon", "coordinates": [ [ [ -0.1742528, 51.15279917 ], [ -0.17393471, 51.15274749 ], [ -0.173910921777778, 51.152737138977791 ], [ -0.173889373111111, 51.152726435244453 ], [ -0.173870064, 51.152715378800011 ], [ -0.173852994444444, 51.152703969644449 ], [ -0.173838164444444, 51.15269220777779 ], [ -0.173825574, 51.152680093200004 ], [ -0.173815223111111, 51.152667625911107 ], [ -0.173807111777778, 51.152654805911112 ], [ -0.17380124, 51.152641633199998 ], [ -0.173797607777778, 51.152628107777787 ], [ -0.173796215111111, 51.152614229644442 ], [ -0.173797062, 51.152599998800007 ], [ -0.173800148444444, 51.152585415244452 ], [ -0.173805474444444, 51.152570478977779 ], [ -0.17381304, 51.15255519 ], [ -0.17379153, 51.15254359 ], [ -0.17363143, 51.15256621 ], [ -0.1736985, 51.1527743 ], [ -0.17378144, 51.152763 ], [ -0.17380596, 51.15283492 ], [ -0.17388673, 51.15282497 ], [ -0.17390403, 51.15287609 ], [ -0.17415863, 51.15284035 ], [ -0.17418315, 51.15289147 ], [ -0.17456105, 51.15283764 ], [ -0.17454664, 51.15279557 ], [ -0.1742528, 51.15279917 ] ] ] } },
{ "type": "Feature", "properties": { "name": "New Taxiway 17", "surface_type": "ASPHALT", "smoothness": 0.0, "texture_orientation": 77.0 }, "geometry": { "type": "Polygon", "coordinates": [ [ [ -0.17780033, 51.15125464 ], [ -0.17774524, 51.15127067 ], [ -0.17762311, 51.1512892 ], [ -0.1775225, 51.1512877 ], [ -0.17739396, 51.15131925 ], [ -0.17722072, 51.15134128 ], [ -0.17705066, 51.15131624 ], [ -0.17695965, 51.15131674 ], [ -0.17666904, 51.15128369 ], [ -0.17674391, 51.15163419 ], [ -0.17821118, 51.15143124 ], [ -0.17799797, 51.15131316 ], [ -0.17790412, 51.15119917 ], [ -0.17780033, 51.15125464 ] ] ] } },
{ "type": "Feature", "properties": { "name": "New Taxiway 16", "surface_type": "UNKNOWN_53", "smoothness": 0.0, "texture_orientation": 354.0 }, "geometry": { "type": "Polygon", "coordinates": [ [ [ -0.17781585, 51.15099353 ], [ -0.17790833, 51.15077778 ], [ -0.177913583244444, 51.150767059288881 ], [ -0.177919838977778, 51.150756435822224 ], [ -0.1779270972, 51.150745909599998 ], [ -0.177935357911111, 51.150735480622224 ], [ -0.177944621111111, 51.150725148888903 ], [ -0.1779548868, 51.150714914399998 ], [ -0.177966154977778, 51.150704777155561 ], [ -0.177978425644444, 51.150694737155554 ], [ -0.1779916988, 51.150684794400007 ], [ -0.178005974444444, 51.150674948888891 ], [ -0.178021252577778, 51.150665200622228 ], [ -0.1780375332, 51.150655549600003 ], [ -0.178054816311111, 51.150645995822224 ], [ -0.178073101911111, 51.150636539288897 ], [ -0.17809239, 51.15062718 ], [ -0.17788305, 51.15045471 ], [ -0.17729784, 51.15052305 ], [ -0.17730385, 51.15055609 ], [ -0.17729057, 51.15055823 ], [ -0.177300646622222, 51.150579698222224 ], [ -0.177306865822222, 51.150600326888892 ], [ -0.1773092276, 51.150620116 ], [ -0.177307731955556, 51.150639065555552 ], [ -0.177302378888889, 51.150657175555565 ], [ -0.1772931684, 51.150674446 ], [ -0.177280100488889, 51.150690876888888 ], [ -0.177263175155556, 51.150706468222218 ], [ -0.1772423924, 51.15072122 ], [ -0.177217752222222, 51.150735132222223 ], [ -0.177189254622222, 51.150748204888885 ], [ -0.1771568996, 51.150760438 ], [ -0.177120687155556, 51.150771831555552 ], [ -0.177080617288889, 51.150782385555551 ], [ -0.17703669, 51.1507921 ], [ -0.17692492, 51.15080111 ], [ -0.1768798448, 51.150807037422233 ], [ -0.176838376533333, 51.150814403688891 ], [ -0.1768005152, 51.150823208800013 ], [ -0.1767662608, 51.150833452755563 ], [ -0.176735613333333, 51.150845135555556 ], [ -0.1767085728, 51.150858257200007 ], [ -0.1766851392, 51.150872817688892 ], [ -0.176665312533333, 51.150888817022228 ], [ -0.1766490928, 51.150906255199999 ], [ -0.17663648, 51.150925132222227 ], [ -0.176627474133333, 51.150945448088891 ], [ -0.1766220752, 51.150967202800004 ], [ -0.1766202832, 51.150990396355553 ], [ -0.176622098133333, 51.151015028755559 ], [ -0.17662752, 51.1510411 ], [ -0.17666904, 51.15128369 ], [ -0.17695965, 51.15131674 ], [ -0.17705066, 51.15131624 ], [ -0.17722072, 51.15134128 ], [ -0.17739396, 51.15131925 ], [ -0.1775225, 51.1512877 ], [ -0.17762311, 51.1512892 ], [ -0.17774524, 51.15127067 ], [ -0.17780033, 51.15125464 ], [ -0.17790412, 51.15119917 ], [ -0.177888594, 51.151183343866663 ], [ -0.177874445333333, 51.151167820133331 ], [ -0.177861674, 51.151152598800003 ], [ -0.17785028, 51.151137679866672 ], [ -0.177840263333333, 51.151123063333344 ], [ -0.177831624, 51.151108749200006 ], [ -0.177824362, 51.151094737466664 ], [ -0.177818477333333, 51.151081028133341 ], [ -0.17781397, 51.151067621200006 ], [ -0.17781084, 51.151054516666669 ], [ -0.177809087333333, 51.151041714533335 ], [ -0.177808712, 51.151029214800005 ], [ -0.177809714, 51.151017017466671 ], [ -0.177812093333333, 51.151005122533334 ], [ -0.17781585, 51.15099353 ] ] ] } },
{ "type": "Feature", "properties": { "name": "New Taxiway 15", "surface_type": "UNKNOWN_53", "smoothness": 0.0, "texture_orientation": 352.0 }, "geometry": { "type": "Polygon", "coordinates": [ [ [ -0.1770793, 51.1521844 ], [ -0.1768377, 51.15210711 ], [ -0.17690751, 51.15249109 ], [ -0.17716714, 51.15247481 ], [ -0.17716023, 51.15242486 ], [ -0.17739908, 51.15240695 ], [ -0.17735062, 51.15214855 ], [ -0.1770793, 51.1521844 ] ] ] } },
{ "type": "Feature", "properties": { "name": "RA", "surface_type": "UNKNOWN_53", "smoothness": 0.0, "texture_orientation": 35.0 }, "geometry": { "type": "Polygon", "coordinates": [ [ [ -0.18285399, 51.15537866 ], [ -0.182842750666667, 51.155395127333335 ], [ -0.18283151, 51.155411270666661 ], [ -0.182820268, 51.155427090000011 ], [ -0.182809024666667, 51.15544258533334 ], [ -0.18279778, 51.155457756666678 ], [ -0.182786534, 51.155472604 ], [ -0.182775286666667, 51.155487127333338 ], [ -0.182764038, 51.155501326666666 ], [ -0.182752788, 51.155515202 ], [ -0.182741536666667, 51.155528753333328 ], [ -0.182730284, 51.155541980666662 ], [ -0.18271903, 51.155554884 ], [ -0.182707774666667, 51.155567463333334 ], [ -0.182696518, 51.155579718666665 ], [ -0.18268526, 51.15559165 ], [ -0.18245835, 51.15582237 ], [ -0.18263513, 51.15615812 ], [ -0.18269342, 51.15605542 ], [ -0.18282978, 51.15593014 ], [ -0.18280181, 51.15591118 ], [ -0.18318271, 51.15553972 ], [ -0.18285399, 51.15537866 ] ] ] } },
{ "type": "Feature", "properties": { "name": "New Taxiway 8", "surface_type": "UNKNOWN_53", "smoothness": 0.0, "texture_orientation": 348.0 }, "geometry": { "type": "Polygon", "coordinates": [ [ [ -0.17859118, 51.15220443 ], [ -0.17830398, 51.15215817 ], [ -0.178294962444444, 51.152156446888888 ], [ -0.178286019111111, 51.152154368222227 ], [ -0.17827715, 51.152151934 ], [ -0.178268355111111, 51.152149144222236 ], [ -0.178259634444444, 51.152145998888891 ], [ -0.178250988, 51.152142498 ], [ -0.178242415777778, 51.152138641555553 ], [ -0.178233917777778, 51.152134429555559 ], [ -0.178225494, 51.15212986200001 ], [ -0.178217144444444, 51.152124938888889 ], [ -0.178208869111111, 51.152119660222219 ], [ -0.178200668, 51.152114026 ], [ -0.178192541111111, 51.152108036222224 ], [ -0.178184488444444, 51.152101690888898 ], [ -0.17817651, 51.15209499 ], [ -0.17801129, 51.15213944 ], [ -0.17801549, 51.15217526 ], [ -0.17810745, 51.15216508 ], [ -0.17812187, 51.15221446 ], [ -0.17821322, 51.15220504 ], [ -0.17823185, 51.15225329 ], [ -0.1783208, 51.15224085 ], [ -0.17833763, 51.15229099 ], [ -0.17850471, 51.15226875 ], [ -0.17852394, 51.15231587 ], [ -0.17923058, 51.15222671 ], [ -0.17921606, 51.15217865 ], [ -0.179186904266667, 51.152182934711114 ], [ -0.1791559624, 51.152186852844451 ], [ -0.1791232344, 51.15219040440001 ], [ -0.179088720266667, 51.152193589377788 ], [ -0.17905242, 51.152196407777787 ], [ -0.1790143336, 51.152198859599999 ], [ -0.178974461066667, 51.152200944844445 ], [ -0.1789328024, 51.152202663511112 ], [ -0.1788893576, 51.152204015600006 ], [ -0.178844126666667, 51.152205001111113 ], [ -0.1787971096, 51.152205620044441 ], [ -0.1787483064, 51.152205872399996 ], [ -0.178697717066667, 51.152205758177772 ], [ -0.1786453416, 51.152205277377774 ], [ -0.17859118, 51.15220443 ] ] ] } },
{ "type": "Feature", "properties": { "name": "New Taxiway 7", "surface_type": "UNKNOWN_53", "smoothness": 0.0, "texture_orientation": 348.0 }, "geometry": { "type": "Polygon", "coordinates": [ [ [ -0.17726675, 51.15267261 ], [ -0.17727139, 51.15271315 ], [ -0.17695395, 51.15273547 ], [ -0.176961484355556, 51.152756241511113 ], [ -0.176966727422222, 51.152776369377783 ], [ -0.1769696792, 51.152795853600004 ], [ -0.176970339688889, 51.152814694177785 ], [ -0.176968708888889, 51.15283289111111 ], [ -0.1769647868, 51.152850444399995 ], [ -0.176958573422222, 51.152867354044439 ], [ -0.176950068755556, 51.152883620044442 ], [ -0.1769392728, 51.152899242399997 ], [ -0.176926185555556, 51.152914221111104 ], [ -0.176910807022222, 51.15292855617777 ], [ -0.1768931372, 51.152942247599995 ], [ -0.176873176088889, 51.152955295377772 ], [ -0.176850923688889, 51.152967699511109 ], [ -0.17682638, 51.15297946 ], [ -0.17682721, 51.15299715 ], [ -0.17778295, 51.15286896 ], [ -0.17805965, 51.15281305 ], [ -0.17813613, 51.15278172 ], [ -0.17807504, 51.15261687 ], [ -0.17726675, 51.15267261 ] ] ] } },
{ "type": "Feature", "properties": { "name": "New Taxiway 6", "surface_type": "UNKNOWN_53", "smoothness": 0.0, "texture_orientation": 345.0 }, "geometry": { "type": "Polygon", "coordinates": [ [ [ -0.17869484, 51.15251453 ], [ -0.17868112, 51.15250277 ], [ -0.17808304, 51.15258851 ], [ -0.17807226, 51.1525968 ], [ -0.17807504, 51.15261687 ], [ -0.17813613, 51.15278172 ], [ -0.17831309, 51.15270922 ], [ -0.17869484, 51.15251453 ] ] ] } },
{ "type": "Feature", "properties": { "name": "New Taxiway 5", "surface_type": "UNKNOWN_53", "smoothness": 0.0, "texture_orientation": 50.0 }, "geometry": { "type": "Polygon", "coordinates": [ [ [ -0.18090887, 51.15273843 ], [ -0.18080175, 51.15265596 ], [ -0.18078401, 51.15266774 ], [ -0.18076767, 51.15265792 ], [ -0.18067304, 51.15239177 ], [ -0.18067165, 51.15236298 ], [ -0.18060487, 51.15236996 ], [ -0.18049308, 51.15228176 ], [ -0.18042671, 51.15232121 ], [ -0.18036729, 51.15227976 ], [ -0.1803073, 51.15231594 ], [ -0.1802531, 51.15227522 ], [ -0.1801211, 51.15234505 ], [ -0.1800651, 51.15230338 ], [ -0.18000284, 51.15233938 ], [ -0.17994754, 51.15229945 ], [ -0.17981468, 51.15237101 ], [ -0.17976008, 51.15232934 ], [ -0.17962836, 51.15240105 ], [ -0.17956894, 51.15235227 ], [ -0.17946582, 51.15240938 ], [ -0.17941267, 51.15236454 ], [ -0.1793279, 51.15241151 ], [ -0.17929843, 51.15238408 ], [ -0.17927645, 51.15238287 ], [ -0.1791837, 51.15243347 ], [ -0.17914773, 51.15240045 ], [ -0.17913588, 51.15239969 ], [ -0.17898673, 51.15247753 ], [ -0.1789519, 51.15245013 ], [ -0.17891185, 51.15247488 ], [ -0.1788565, 51.15243208 ], [ -0.17831309, 51.15270922 ], [ -0.17805965, 51.15281305 ], [ -0.17818202, 51.1530025 ], [ -0.178141880355556, 51.153044456557048 ], [ -0.178119997244444, 51.153088236189632 ], [ -0.1781147744, 51.153132791840008 ], [ -0.178124615555556, 51.153177076450376 ], [ -0.178147924444444, 51.153220042962971 ], [ -0.1781831048, 51.153260644320007 ], [ -0.178228560355556, 51.153297833463711 ], [ -0.178282694844444, 51.153330563336297 ], [ -0.178343912, 51.153357786880008 ], [ -0.178410615555556, 51.153378457037043 ], [ -0.178481209244444, 51.15339152674963 ], [ -0.1785540968, 51.153395948960004 ], [ -0.178627681955556, 51.153390676610371 ], [ -0.178700368444444, 51.153374662642968 ], [ -0.17877056, 51.15334686 ], [ -0.17878557, 51.15335381 ], [ -0.17839584, 51.15363697 ], [ -0.17843135, 51.15374686 ], [ -0.17853972, 51.15374587 ], [ -0.17865433, 51.1537278 ], [ -0.17861773, 51.15365338 ], [ -0.18031158, 51.1527901 ], [ -0.18034928, 51.15282418 ], [ -0.18040528, 51.15279323 ], [ -0.18043467, 51.15281897 ], [ -0.1805134, 51.15277897 ], [ -0.18054611, 51.15280471 ], [ -0.1809117, 51.15275688 ], [ -0.18090887, 51.15273843 ] ] ] } },
{ "type": "Feature", "properties": { "name": "Large Q", "surface_type": "UNKNOWN_53", "smoothness": 0.0, "texture_orientation": 257.6 }, "geometry": { "type": "Polygon", "coordinates": [ [ [ -0.1809117, 51.15275688 ], [ -0.18054611, 51.15280471 ], [ -0.1805134, 51.15277897 ], [ -0.18043467, 51.15281897 ], [ -0.18040528, 51.15279323 ], [ -0.18034928, 51.15282418 ], [ -0.18031158, 51.1527901 ], [ -0.17861773, 51.15365338 ], [ -0.17865433, 51.1537278 ], [ -0.18009722, 51.153534 ], [ -0.180094794088889, 51.153542470444449 ], [ -0.180091276355556, 51.15355051377778 ], [ -0.1800866668, 51.15355813 ], [ -0.180080965422222, 51.153565319111117 ], [ -0.180074172222222, 51.153572081111115 ], [ -0.1800662872, 51.153578416 ], [ -0.180057310355556, 51.153584323777778 ], [ -0.180047241688889, 51.153589804444451 ], [ -0.1800360812, 51.153594858 ], [ -0.180023828888889, 51.153599484444449 ], [ -0.180010484755556, 51.153603683777774 ], [ -0.1799960488, 51.153607456 ], [ -0.179980521022222, 51.153610801111114 ], [ -0.179963901422222, 51.153613719111121 ], [ -0.17994619, 51.15361621 ], [ -0.17845562, 51.15382195 ], [ -0.17839584, 51.15363697 ], [ -0.17878557, 51.15335381 ], [ -0.17877056, 51.15334686 ], [ -0.178700370186667, 51.153374662642968 ], [ -0.17862768496, 51.153390676610385 ], [ -0.17855410064, 51.153395948960018 ], [ -0.178481213546667, 51.153391526749637 ], [ -0.17841062, 51.153378457037043 ], [ -0.17834391632, 51.153357786880001 ], [ -0.178282698826667, 51.15333056333629 ], [ -0.17822856384, 51.153297833463697 ], [ -0.17818310768, 51.153260644320007 ], [ -0.178147926666667, 51.153220042962971 ], [ -0.17812461712, 51.153177076450362 ], [ -0.17811477536, 51.153132791840001 ], [ -0.178119997706667, 51.153088236189632 ], [ -0.17814188048, 51.153044456557041 ], [ -0.17818202, 51.1530025 ], [ -0.17805965, 51.15281305 ], [ -0.17778295, 51.15286896 ], [ -0.17682721, 51.15299715 ], [ -0.17682638, 51.15297946 ], [ -0.176850922444444, 51.152967700755553 ], [ -0.176873173777778, 51.152955297688884 ], [ -0.176893134, 51.152942250800002 ], [ -0.176910803111111, 51.152928560088895 ], [ -0.176926181111111, 51.152914225555563 ], [ -0.176939268, 51.152899247199997 ], [ -0.176950063777778, 51.15288362502222 ], [ -0.176958568444444, 51.152867359022224 ], [ -0.176964782, 51.152850449200002 ], [ -0.176968704444444, 51.152832895555555 ], [ -0.176970335777778, 51.152814698088889 ], [ -0.176969676, 51.152795856799997 ], [ -0.176966725111111, 51.152776371688887 ], [ -0.176961483111111, 51.152756242755558 ], [ -0.17695395, 51.15273547 ], [ -0.17695013, 51.15271329 ], [ -0.17412364, 51.1531039 ], [ -0.17408191, 51.1531416 ], [ -0.17408609, 51.15316281 ], [ -0.17406146, 51.15316647 ], [ -0.1740143, 51.15319658 ], [ -0.17402306, 51.15322538 ], [ -0.17394709, 51.15323297 ], [ -0.17396296, 51.1533013 ], [ -0.17401179, 51.15330889 ], [ -0.1740001, 51.15333245 ], [ -0.17402055, 51.15338743 ], [ -0.17389242, 51.15340104 ], [ -0.17396475, 51.15360824 ], [ -0.17438775, 51.15354867 ], [ -0.17467541, 51.15429907 ], [ -0.17461552, 51.1543802 ], [ -0.17450535, 51.15441275 ], [ -0.17422435, 51.15444979 ], [ -0.17428774, 51.15465742 ], [ -0.17436708, 51.15483347 ], [ -0.17439812, 51.15484394 ], [ -0.17442593, 51.1548442 ], [ -0.17452954, 51.15470186 ], [ -0.17454839, 51.15470881 ], [ -0.17460439, 51.15460796 ], [ -0.17476907, 51.15458326 ], [ -0.17487553, 51.15489646 ], [ -0.174875979111111, 51.154899308400012 ], [ -0.174876121111111, 51.154902008266674 ], [ -0.174875956, 51.154904559600006 ], [ -0.174875483777778, 51.154906962400005 ], [ -0.174874704444444, 51.154909216666674 ], [ -0.174873618, 51.154911322400004 ], [ -0.174872224444444, 51.154913279600002 ], [ -0.174870523777778, 51.154915088266677 ], [ -0.174868516, 51.154916748399998 ], [ -0.174866201111111, 51.15491826 ], [ -0.174863579111111, 51.154919623066668 ], [ -0.17486065, 51.154920837600002 ], [ -0.174857413777778, 51.154921903600005 ], [ -0.174853870444444, 51.15492282106667 ], [ -0.17485002, 51.15492359 ], [ -0.17481398, 51.15492985 ], [ -0.17482674, 51.15496115 ], [ -0.17486721, 51.15495523 ], [ -0.174870762533333, 51.154955052088887 ], [ -0.1748741508, 51.15495509168889 ], [ -0.1748773748, 51.154955348800002 ], [ -0.174880434533333, 51.15495582342222 ], [ -0.17488333, 51.154956515555561 ], [ -0.1748860612, 51.154957425199996 ], [ -0.174888628133333, 51.154958552355559 ], [ -0.1748910308, 51.154959897022223 ], [ -0.1748932692, 51.154961459199995 ], [ -0.174895343333333, 51.15496323888889 ], [ -0.1748972532, 51.154965236088884 ], [ -0.1748989988, 51.154967450800001 ], [ -0.174900580133333, 51.154969883022218 ], [ -0.1749019972, 51.154972532755558 ], [ -0.17490325, 51.1549754 ], [ -0.17481842, 51.15500844 ], [ -0.17457892, 51.15503876 ], [ -0.174566054888889, 51.155027296311111 ], [ -0.174553630222222, 51.155015718577786 ], [ -0.174541646, 51.155004026800007 ], [ -0.174530102222222, 51.154992220977782 ], [ -0.174518998888889, 51.154980301111124 ], [ -0.174508336, 51.154968267200005 ], [ -0.174498113555556, 51.154956119244446 ], [ -0.174488331555556, 51.154943857244447 ], [ -0.17447899, 51.154931481199995 ], [ -0.174470088888889, 51.15491899111111 ], [ -0.174461628222222, 51.154906386977785 ], [ -0.174453608, 51.1548936688 ], [ -0.174446028222222, 51.154880836577782 ], [ -0.174438888888889, 51.15486789031111 ], [ -0.17443219, 51.15485483 ], [ -0.17438311, 51.15486677 ], [ -0.17443219, 51.15497892 ], [ -0.17448321, 51.15497276 ], [ -0.17448459, 51.15497887 ], [ -0.17450651, 51.15497821 ], [ -0.17452808, 51.15504563 ], [ -0.17450825, 51.15504803 ], [ -0.17452146, 51.15509711 ], [ -0.17456947, 51.15509297 ], [ -0.17462959, 51.15526948 ], [ -0.1747148, 51.15526036 ], [ -0.17472036, 51.1552704 ], [ -0.1748901, 51.15524705 ], [ -0.17488488, 51.15522982 ], [ -0.17496454, 51.15521804 ], [ -0.17497045, 51.15523702 ], [ -0.17519714, 51.15520234 ], [ -0.17520173, 51.15521936 ], [ -0.17527351, 51.15524737 ], [ -0.1813088, 51.15441197 ], [ -0.18138152, 51.1546178 ], [ -0.175285, 51.15545695 ], [ -0.17530231, 51.15550942 ], [ -0.17494002, 51.15556278 ], [ -0.17495204, 51.15559513 ], [ -0.17486487, 51.15560896 ], [ -0.17488291, 51.15565294 ], [ -0.17479575, 51.1556633 ], [ -0.17481429, 51.15571483 ], [ -0.17472062, 51.15572488 ], [ -0.17477523, 51.15587567 ], [ -0.17467955, 51.15588729 ], [ -0.17488794, 51.15647054 ], [ -0.17493253, 51.15646552 ], [ -0.174916404177778, 51.156414722577779 ], [ -0.174901610711111, 51.15636553297778 ], [ -0.1748881496, 51.156317951200009 ], [ -0.174876020844444, 51.156271977244444 ], [ -0.174865224444444, 51.15622761111112 ], [ -0.1748557604, 51.156184852799996 ], [ -0.174847628711111, 51.156143702311105 ], [ -0.174840829377778, 51.156104159644443 ], [ -0.1748353624, 51.156066224799993 ], [ -0.174831227777778, 51.156029897777771 ], [ -0.174828425511111, 51.155995178577768 ], [ -0.1748269556, 51.155962067200008 ], [ -0.174826818044444, 51.155930563644446 ], [ -0.174828012844444, 51.155900667911112 ], [ -0.17483054, 51.15587238 ], [ -0.17518603, 51.15581913 ], [ -0.175188190888889, 51.155819567777776 ], [ -0.175190289555556, 51.155820241111108 ], [ -0.175192326, 51.15582115 ], [ -0.175194300222222, 51.155822294444455 ], [ -0.175196212222222, 51.155823674444463 ], [ -0.175198062, 51.15582529000001 ], [ -0.175199849555556, 51.155827141111118 ], [ -0.175201574888889, 51.155829227777787 ], [ -0.175203238, 51.15583155 ], [ -0.175204838888889, 51.155834107777778 ], [ -0.175206377555556, 51.155836901111115 ], [ -0.175207854, 51.155839930000013 ], [ -0.175209268222222, 51.155843194444444 ], [ -0.175210620222222, 51.155846694444449 ], [ -0.17521191, 51.15585043 ], [ -0.17536026, 51.15626593 ], [ -0.17535384, 51.15626875 ], [ -0.17526079, 51.15622106 ], [ -0.1752332, 51.15623776 ], [ -0.17519983, 51.15624138 ], [ -0.1752101, 51.15626513 ], [ -0.17523159, 51.15626312 ], [ -0.17535898, 51.15633154 ], [ -0.17532976, 51.15643044 ], [ -0.17538946, 51.15640621 ], [ -0.175394050488889, 51.156405946888889 ], [ -0.175398440622222, 51.156405962888897 ], [ -0.1754026304, 51.156406258 ], [ -0.175406619822222, 51.156406832222231 ], [ -0.175410408888889, 51.156407685555557 ], [ -0.1754139976, 51.156408818 ], [ -0.175417385955556, 51.156410229555561 ], [ -0.175420573955556, 51.156411920222226 ], [ -0.1754235616, 51.15641389 ], [ -0.175426348888889, 51.156416138888893 ], [ -0.175428935822222, 51.156418666888896 ], [ -0.1754313224, 51.156421474 ], [ -0.175433508622222, 51.15642456022222 ], [ -0.175435494488889, 51.156427925555555 ], [ -0.17543728, 51.15643157 ], [ -0.175567, 51.15680879 ], [ -0.17550078, 51.15681817 ], [ -0.17551118, 51.15684908 ], [ -0.17557776, 51.15684006 ], [ -0.1756725, 51.15711553 ], [ -0.17569983, 51.15711288 ], [ -0.17572563, 51.15717881 ], [ -0.17573036, 51.15722685 ], [ -0.17569802, 51.15722569 ], [ -0.17567953, 51.1572341 ], [ -0.175682290933333, 51.157235616977779 ], [ -0.1756847764, 51.157237154577778 ], [ -0.1756869864, 51.157238712800009 ], [ -0.175688920933333, 51.157240291644442 ], [ -0.17569058, 51.157241891111113 ], [ -0.1756919636, 51.157243511200001 ], [ -0.175693071733333, 51.157245151911098 ], [ -0.1756939044, 51.157246813244441 ], [ -0.1756944616, 51.157248495199994 ], [ -0.175694743333333, 51.157250197777778 ], [ -0.1756947496, 51.157251920977771 ], [ -0.1756944804, 51.157253664800002 ], [ -0.175693935733333, 51.157255429244444 ], [ -0.1756931156, 51.157257214311109 ], [ -0.17569202, 51.15725902 ], [ -0.17563471, 51.15728423 ], [ -0.175618163555556, 51.157289314977781 ], [ -0.175601668222222, 51.157293284577783 ], [ -0.175585224, 51.157296138800007 ], [ -0.175568830888889, 51.157297877644446 ], [ -0.175552488888889, 51.157298501111114 ], [ -0.175536198, 51.157298009200005 ], [ -0.175519958222222, 51.157296401911111 ], [ -0.175503769555556, 51.157293679244447 ], [ -0.175487632, 51.157289841199997 ], [ -0.175471545555556, 51.157284887777777 ], [ -0.175455510222222, 51.157278818977773 ], [ -0.175439526, 51.157271634799997 ], [ -0.175423592888889, 51.157263335244444 ], [ -0.175407710888889, 51.157253920311113 ], [ -0.17539188, 51.15724339 ], [ -0.175365141733333, 51.157215102 ], [ -0.1753394736, 51.157187062 ], [ -0.1753148756, 51.15715927 ], [ -0.175291347733333, 51.157131726 ], [ -0.17526889, 51.157104430000011 ], [ -0.1752475024, 51.157077382 ], [ -0.175227184933333, 51.157050581999989 ], [ -0.1752079376, 51.15702403 ], [ -0.1751897604, 51.156997726 ], [ -0.175172653333333, 51.15697167 ], [ -0.1751566164, 51.156945862 ], [ -0.1751416496, 51.156920302 ], [ -0.175127752933333, 51.15689499 ], [ -0.1751149264, 51.156869926 ], [ -0.17510317, 51.15684511 ], [ -0.17502239, 51.15685416 ], [ -0.1751617, 51.15724958 ], [ -0.17523733, 51.15723957 ], [ -0.17526654, 51.1573325 ], [ -0.17534079, 51.15732254 ], [ -0.17535448, 51.15736899 ], [ -0.17542822, 51.15735787 ], [ -0.17544568, 51.15740489 ], [ -0.17566647, 51.15737442 ], [ -0.1756838, 51.15742061 ], [ -0.17944569, 51.15692152 ], [ -0.17941453, 51.15682924 ], [ -0.17980056, 51.15677331 ], [ -0.17978412, 51.15672826 ], [ -0.18001149, 51.15669765 ], [ -0.17999639, 51.15664905 ], [ -0.18015113, 51.15662685 ], [ -0.18009455, 51.15649628 ], [ -0.18017609, 51.15648088 ], [ -0.18016238, 51.15643701 ], [ -0.18023739, 51.15642661 ], [ -0.18022368, 51.15637955 ], [ -0.18044689, 51.15634814 ], [ -0.18043205, 51.15630377 ], [ -0.18066333, 51.15627191 ], [ -0.1806572, 51.15624956 ], [ -0.18064615, 51.1562239 ], [ -0.17959082, 51.1564077 ], [ -0.17920686, 51.15523714 ], [ -0.18082305, 51.15516433 ], [ -0.18113557, 51.15613886 ], [ -0.18073632, 51.1562372 ], [ -0.18101546, 51.15697946 ], [ -0.18091695, 51.15699386 ], [ -0.180899, 51.15694517 ], [ -0.17962153, 51.15712388 ], [ -0.17960651, 51.15707374 ], [ -0.17787777, 51.1573122 ], [ -0.17799889, 51.15767404 ], [ -0.17795735, 51.15768121 ], [ -0.17802, 51.15788439 ], [ -0.17806985, 51.15787787 ], [ -0.17813321, 51.15806223 ], [ -0.17808439, 51.15806939 ], [ -0.17815606, 51.15828892 ], [ -0.17849712, 51.15827598 ], [ -0.18016817, 51.1634527 ], [ -0.180195173422222, 51.163461834933337 ], [ -0.180223679688889, 51.163469919733338 ], [ -0.1802536888, 51.163476954400004 ], [ -0.180285200755556, 51.163482938933342 ], [ -0.180318215555556, 51.163487873333338 ], [ -0.1803527332, 51.163491757599999 ], [ -0.180388753688889, 51.163494591733333 ], [ -0.180426277022222, 51.163496375733331 ], [ -0.1804653032, 51.163497109600002 ], [ -0.180505832222222, 51.163496793333337 ], [ -0.180547864088889, 51.163495426933331 ], [ -0.1805913988, 51.163493010399996 ], [ -0.180636436355556, 51.163489543733334 ], [ -0.180682976755556, 51.16348502693333 ], [ -0.18073102, 51.16347946 ], [ -0.18189169, 51.16332095 ], [ -0.1819004, 51.16334032 ], [ -0.18324721, 51.16315541 ], [ -0.18354136, 51.16308172 ], [ -0.183650684577778, 51.1630403996 ], [ -0.183750383644444, 51.162996987733337 ], [ -0.1838404572, 51.162951484400004 ], [ -0.183920905244444, 51.162903889600003 ], [ -0.183991727777778, 51.162854203333339 ], [ -0.1840529248, 51.162802425600006 ], [ -0.184104496311111, 51.162748556399997 ], [ -0.184146442311111, 51.162692595733333 ], [ -0.1841787628, 51.162634543599999 ], [ -0.184201457777778, 51.1625744 ], [ -0.184214527244444, 51.162512164933332 ], [ -0.1842179712, 51.162447838400006 ], [ -0.184211789644444, 51.162381420400003 ], [ -0.184195982577778, 51.162312910933338 ], [ -0.18417055, 51.16224231 ], [ -0.18356607, 51.16049635 ], [ -0.18350334, 51.16050569 ], [ -0.18349972, 51.16049317 ], [ -0.18347051, 51.16049699 ], [ -0.18347467, 51.16050993 ], [ -0.18340569, 51.16052014 ], [ -0.18295719, 51.16012192 ], [ -0.18294322, 51.1600736 ], [ -0.18290769, 51.16007886 ], [ -0.18288213, 51.16001075 ], [ -0.1828462, 51.16001726 ], [ -0.1820319, 51.15768218 ], [ -0.18200056, 51.15759519 ], [ -0.18196183, 51.15707358 ], [ -0.18196884, 51.15695052 ], [ -0.1820384, 51.1568863 ], [ -0.18222547, 51.15680624 ], [ -0.18221447, 51.15678372 ], [ -0.18252692, 51.15673257 ], [ -0.18254123, 51.15676643 ], [ -0.18277461, 51.15627879 ], [ -0.18263513, 51.15615812 ], [ -0.18245835, 51.15582237 ], [ -0.18240861, 51.15578515 ], [ -0.18221308, 51.15529902 ], [ -0.18213733, 51.15490772 ], [ -0.182138209511111, 51.154892760311114 ], [ -0.182139229377778, 51.154878243911106 ], [ -0.1821403896, 51.154864170800003 ], [ -0.182141690177778, 51.154850540977783 ], [ -0.182143131111111, 51.154837354444446 ], [ -0.1821447124, 51.154824611199999 ], [ -0.182146434044444, 51.154812311244434 ], [ -0.182148296044444, 51.154800454577774 ], [ -0.1821502984, 51.15478904119999 ], [ -0.182152441111111, 51.154778071111103 ], [ -0.182154724177778, 51.154767544311106 ], [ -0.1821571476, 51.154757460799999 ], [ -0.182159711377778, 51.154747820577768 ], [ -0.182162415511111, 51.154738623644441 ], [ -0.18216526, 51.15472987 ], [ -0.182169961398519, 51.154717090408894 ], [ -0.182175411454815, 51.154704396737777 ], [ -0.18218174496, 51.154691862640007 ], [ -0.182189096705185, 51.154679561768901 ], [ -0.182197601481481, 51.154667567777786 ], [ -0.18220739408, 51.154655954319999 ], [ -0.182218609291852, 51.154644795048888 ], [ -0.182231381908148, 51.154634163617771 ], [ -0.18224584672, 51.154624133680002 ], [ -0.182262138518519, 51.154614778888892 ], [ -0.182280392094815, 51.154606172897772 ], [ -0.18230074224, 51.154598389360004 ], [ -0.182323323745185, 51.154591501928891 ], [ -0.182348271401481, 51.154585584257774 ], [ -0.18237572, 51.15458071 ], [ -0.18223978, 51.15417486 ], [ -0.182179196133333, 51.154176084622229 ], [ -0.182120177866667, 51.154169787822219 ], [ -0.1820627252, 51.154155969600005 ], [ -0.182006838133333, 51.154134629955557 ], [ -0.181952516666667, 51.15410576888889 ], [ -0.1818997608, 51.15406938640001 ], [ -0.181848570533333, 51.15402548248889 ], [ -0.181798945866667, 51.153974057155551 ], [ -0.1817508868, 51.1539151104 ], [ -0.181704393333333, 51.153848642222229 ], [ -0.181659465466667, 51.153774652622225 ], [ -0.1816161032, 51.153693141600002 ], [ -0.181574306533333, 51.153604109155552 ], [ -0.181534075466667, 51.153507555288897 ], [ -0.18149541, 51.15340348 ], [ -0.18114358, 51.15345356 ], [ -0.18122739, 51.15383073 ], [ -0.18119465, 51.15386528 ], [ -0.18053817, 51.15395653 ], [ -0.18037679, 51.1534919 ], [ -0.18116146, 51.15338262 ], [ -0.18109506, 51.15318886 ], [ -0.18113771, 51.15318213 ], [ -0.18112744, 51.15315486 ], [ -0.18108608, 51.15316261 ], [ -0.18104064, 51.15303002 ], [ -0.1810783, 51.15302455 ], [ -0.18097426, 51.15274869 ], [ -0.1809117, 51.15275688 ] ], [ [ -0.1777299, 51.15382422 ], [ -0.17754528, 51.15389969 ], [ -0.17750425, 51.1537884 ], [ -0.17750647, 51.15378249 ], [ -0.17765006, 51.15376441 ], [ -0.177659591377778, 51.153765151199998 ], [ -0.177668521511111, 51.153766356133339 ], [ -0.1776768504, 51.153768024800009 ], [ -0.177684578044444, 51.153770157200007 ], [ -0.177691704444444, 51.153772753333328 ], [ -0.1776982296, 51.153775813199999 ], [ -0.177704153511111, 51.1537793368 ], [ -0.177709476177778, 51.153783324133329 ], [ -0.1777141976, 51.153787775199994 ], [ -0.177718317777778, 51.15379269 ], [ -0.177721836711111, 51.153798068533334 ], [ -0.1777247544, 51.153803910800001 ], [ -0.177727070844444, 51.153810216799997 ], [ -0.177728786044444, 51.153816986533329 ], [ -0.1777299, 51.15382422 ] ], [ [ -0.17748728, 51.15392211 ], [ -0.17716238, 51.15400488 ], [ -0.17716016, 51.15399549 ], [ -0.17692469, 51.15403018 ], [ -0.17690891, 51.15399386 ], [ -0.17686687, 51.15399734 ], [ -0.17687637, 51.1540373 ], [ -0.17682681, 51.1540446 ], [ -0.176789, 51.15394064 ], [ -0.176791373022222, 51.15393396915556 ], [ -0.176794188088889, 51.153927673955558 ], [ -0.1767974452, 51.15392175440001 ], [ -0.176801144355556, 51.153916210488887 ], [ -0.176805285555556, 51.153911042222227 ], [ -0.1768098688, 51.153906249599999 ], [ -0.176814894088889, 51.153901832622225 ], [ -0.176820361422222, 51.153897791288891 ], [ -0.1768262708, 51.153894125600004 ], [ -0.176832622222222, 51.153890835555558 ], [ -0.176839415688889, 51.153887921155558 ], [ -0.1768466512, 51.153885382400006 ], [ -0.176854328755556, 51.153883219288886 ], [ -0.176862448355556, 51.153881431822228 ], [ -0.17687101, 51.15388002 ], [ -0.17688333, 51.15386843 ], [ -0.17701617, 51.15384621 ], [ -0.17702503, 51.15389934 ], [ -0.17707238, 51.1538863 ], [ -0.1770593, 51.15384138 ], [ -0.17738851, 51.153795 ], [ -0.17746745, 51.1538363 ], [ -0.177473084622222, 51.153841813466677 ], [ -0.177478103155556, 51.15384735653334 ], [ -0.1774825056, 51.153852929200006 ], [ -0.177486291955556, 51.153858531466675 ], [ -0.177489462222222, 51.153864163333346 ], [ -0.1774920164, 51.153869824800005 ], [ -0.177493954488889, 51.153875515866673 ], [ -0.177495276488889, 51.153881236533337 ], [ -0.1774959824, 51.153886986800003 ], [ -0.177496072222222, 51.153892766666672 ], [ -0.177495545955556, 51.153898576133329 ], [ -0.1774944036, 51.153904415200003 ], [ -0.177492645155556, 51.153910283866672 ], [ -0.177490270622222, 51.153916182133337 ], [ -0.17748728, 51.15392211 ] ], [ [ -0.18098595, 51.15737898 ], [ -0.18079062, 51.15731367 ], [ -0.180774319422222, 51.157306394355565 ], [ -0.180760169688889, 51.15729847408889 ], [ -0.1807481708, 51.15728990920001 ], [ -0.180738322755556, 51.157280699688897 ], [ -0.180730625555556, 51.157270845555566 ], [ -0.1807250792, 51.157260346800001 ], [ -0.180721683688889, 51.157249203422225 ], [ -0.180720439022222, 51.157237415422216 ], [ -0.1807213452, 51.157224982800003 ], [ -0.180724402222222, 51.157211905555556 ], [ -0.180729610088889, 51.157198183688891 ], [ -0.1807369688, 51.1571838172 ], [ -0.180746478355556, 51.15716880608889 ], [ -0.180758138755556, 51.157153150355562 ], [ -0.18077195, 51.15713685 ], [ -0.18087471, 51.15705618 ], [ -0.180892163822222, 51.157047675511116 ], [ -0.180909551955556, 51.157040218044443 ], [ -0.1809268744, 51.157033807600008 ], [ -0.180944131155556, 51.157028444177783 ], [ -0.180961322222222, 51.157024127777788 ], [ -0.1809784476, 51.157020858400003 ], [ -0.180995507288889, 51.157018636044448 ], [ -0.181012501288889, 51.157017460711117 ], [ -0.1810294296, 51.157017332400002 ], [ -0.181046292222222, 51.157018251111118 ], [ -0.181063089155556, 51.157020216844444 ], [ -0.1810798204, 51.157023229600007 ], [ -0.181096485955556, 51.15702728937778 ], [ -0.181113085822222, 51.157032396177783 ], [ -0.18112962, 51.15703855 ], [ -0.18125256, 51.15708637 ], [ -0.181266081155556, 51.157093904444444 ], [ -0.181278207288889, 51.157101633111118 ], [ -0.1812889384, 51.157109556 ], [ -0.181298274488889, 51.157117673111117 ], [ -0.181306215555556, 51.157125984444448 ], [ -0.1813127616, 51.15713449 ], [ -0.181317912622222, 51.157143189777777 ], [ -0.181321668622222, 51.157152083777774 ], [ -0.1813240296, 51.157161172 ], [ -0.181324995555556, 51.157170454444447 ], [ -0.181324566488889, 51.157179931111109 ], [ -0.1813227424, 51.157189602 ], [ -0.181319523288889, 51.157199467111113 ], [ -0.181314909155556, 51.15720952644444 ], [ -0.1813089, 51.15721978 ], [ -0.18118804, 51.15734931 ], [ -0.181176526711111, 51.157358634577783 ], [ -0.181164733511111, 51.157366909644445 ], [ -0.1811526604, 51.157374135200008 ], [ -0.181140307377778, 51.157380311244452 ], [ -0.181127674444444, 51.157385437777783 ], [ -0.1811147616, 51.157389514800002 ], [ -0.181101568844444, 51.157392542311108 ], [ -0.181088096177778, 51.157394520311108 ], [ -0.1810743436, 51.157395448800003 ], [ -0.181060311111111, 51.157395327777785 ], [ -0.181045998711111, 51.15739415724444 ], [ -0.1810314064, 51.157391937200003 ], [ -0.181016534177778, 51.15738866764444 ], [ -0.181001382044444, 51.157384348577779 ], [ -0.18098595, 51.15737898 ] ], [ [ -0.18144442, 51.15944674 ], [ -0.1814253084, 51.159408938088887 ], [ -0.1814061336, 51.159368903022219 ], [ -0.1813868956, 51.159326634800003 ], [ -0.1813675944, 51.159282133422224 ], [ -0.18134823, 51.159235398888889 ], [ -0.1813288024, 51.159186431199991 ], [ -0.1813093116, 51.159135230355545 ], [ -0.1812897576, 51.159081796355551 ], [ -0.1812701404, 51.159026129199994 ], [ -0.18125046, 51.158968228888888 ], [ -0.1812307164, 51.15890809542222 ], [ -0.1812109096, 51.158845728800003 ], [ -0.1811910396, 51.158781129022216 ], [ -0.1811711064, 51.158714296088888 ], [ -0.18115111, 51.15864523 ], [ -0.181142777777778, 51.158599449333337 ], [ -0.181134730444444, 51.15855461933333 ], [ -0.181126968, 51.158510740000011 ], [ -0.181119490444444, 51.158467811333338 ], [ -0.181112297777778, 51.158425833333339 ], [ -0.18110539, 51.158384806 ], [ -0.181098767111111, 51.158344729333336 ], [ -0.181092429111111, 51.158305603333332 ], [ -0.181086376, 51.158267428 ], [ -0.181080607777778, 51.158230203333332 ], [ -0.181075124444444, 51.158193929333329 ], [ -0.181069926, 51.158158606 ], [ -0.181065012444444, 51.158124233333325 ], [ -0.181060383777778, 51.158090811333331 ], [ -0.18105604, 51.15805834 ], [ -0.181051682044444, 51.158029076799998 ], [ -0.181049781511111, 51.158001433866666 ], [ -0.1810503384, 51.157975411200006 ], [ -0.181053352711111, 51.157951008800005 ], [ -0.181058824444444, 51.157928226666677 ], [ -0.1810667536, 51.1579070648 ], [ -0.181077140177778, 51.157887523199996 ], [ -0.181089984177778, 51.157869601866672 ], [ -0.1811052856, 51.157853300799999 ], [ -0.181123044444444, 51.15783862 ], [ -0.181143260711111, 51.157825559466673 ], [ -0.1811659344, 51.157814119199998 ], [ -0.181191065511111, 51.157804299200002 ], [ -0.181218654044444, 51.157796099466665 ], [ -0.1812487, 51.15778952 ], [ -0.181293869866667, 51.15778664684445 ], [ -0.181337755466667, 51.157788024711117 ], [ -0.1813803568, 51.157793653600002 ], [ -0.181421673866667, 51.157803533511121 ], [ -0.181461706666667, 51.157817664444444 ], [ -0.1815004552, 51.1578360464 ], [ -0.181537919466667, 51.157858679377782 ], [ -0.181574099466667, 51.157885563377775 ], [ -0.1816089952, 51.157916698400001 ], [ -0.181642606666667, 51.157952084444446 ], [ -0.181674933866667, 51.15799172151111 ], [ -0.1817059768, 51.158035609600006 ], [ -0.181735735466667, 51.158083748711114 ], [ -0.181764209866667, 51.158136138844448 ], [ -0.1817914, 51.15819278 ], [ -0.181840297555556, 51.158293708888891 ], [ -0.181886392888889, 51.15839206355556 ], [ -0.181929686, 51.158487844 ], [ -0.181970176888889, 51.158581050222224 ], [ -0.182007865555556, 51.158671682222227 ], [ -0.182042752, 51.15875974 ], [ -0.182074836222222, 51.158845223555559 ], [ -0.182104118222222, 51.158928132888889 ], [ -0.182130598, 51.159008468 ], [ -0.182154275555556, 51.159086228888896 ], [ -0.182175150888889, 51.159161415555559 ], [ -0.182193224, 51.159234028 ], [ -0.182208494888889, 51.159304066222219 ], [ -0.182220963555556, 51.159371530222224 ], [ -0.18223063, 51.15943642 ], [ -0.1822418208, 51.15947291102222 ], [ -0.182251723866667, 51.15950833075555 ], [ -0.1822603392, 51.159542679200008 ], [ -0.1822676668, 51.15957595635556 ], [ -0.182273706666667, 51.159608162222213 ], [ -0.1822784588, 51.159639296800002 ], [ -0.1822819232, 51.159669360088884 ], [ -0.182284099866667, 51.159698352088888 ], [ -0.1822849888, 51.1597262728 ], [ -0.18228459, 51.159753122222213 ], [ -0.182282903466667, 51.159778900355555 ], [ -0.1822799292, 51.159803607199997 ], [ -0.1822756672, 51.159827242755554 ], [ -0.182270117466667, 51.159849807022226 ], [ -0.18226328, 51.1598713 ], [ -0.182251096773333, 51.159902642213332 ], [ -0.182236854453333, 51.159933310240014 ], [ -0.18222034808, 51.159962574160012 ], [ -0.182201372693333, 51.159989704053345 ], [ -0.182179723333333, 51.16001397 ], [ -0.18215519504, 51.160034642080007 ], [ -0.182127582853333, 51.160050990373328 ], [ -0.182096681813333, 51.160062284960006 ], [ -0.18206228696, 51.16006779592 ], [ -0.182024193333333, 51.160066793333343 ], [ -0.181982195973333, 51.160058547280002 ], [ -0.18193608992, 51.160042327840003 ], [ -0.181885670213333, 51.160017405093335 ], [ -0.181830731893333, 51.159983049120001 ], [ -0.18177107, 51.15993853 ], [ -0.181750214844444, 51.159921591377774 ], [ -0.181729228044444, 51.159902388844451 ], [ -0.1817081096, 51.159880922400006 ], [ -0.181686859511111, 51.159857192044448 ], [ -0.181665477777778, 51.159831197777784 ], [ -0.1816439644, 51.159802939599999 ], [ -0.181622319377778, 51.159772417511114 ], [ -0.181600542711111, 51.159739631511115 ], [ -0.1815786344, 51.159704581599996 ], [ -0.181556594444444, 51.159667267777778 ], [ -0.181534422844444, 51.159627690044445 ], [ -0.1815121196, 51.159585848400006 ], [ -0.181489684711111, 51.159541742844446 ], [ -0.181467118177778, 51.15949537337778 ], [ -0.18144442, 51.15944674 ] ], [ [ -0.18228459, 51.16061362 ], [ -0.18197487, 51.16065004 ], [ -0.181966568977778, 51.160633264222227 ], [ -0.181961913911111, 51.160617267555565 ], [ -0.1819609048, 51.160602050000016 ], [ -0.181963541644444, 51.160587611555563 ], [ -0.181969824444444, 51.160573952222236 ], [ -0.1819797532, 51.160561072 ], [ -0.181993327911111, 51.16054897088889 ], [ -0.182010548577778, 51.160537648888891 ], [ -0.1820314152, 51.160527106 ], [ -0.182055927777778, 51.160517342222228 ], [ -0.182084086311111, 51.160508357555557 ], [ -0.1821158908, 51.160500152000012 ], [ -0.182151341244444, 51.160492725555557 ], [ -0.182190437644444, 51.160486078222227 ], [ -0.18223318, 51.16048021 ], [ -0.18228459, 51.16061362 ] ], [ [ -0.18168739, 51.1555682 ], [ -0.18181498, 51.15541756 ], [ -0.18189003, 51.15540971 ], [ -0.18203513, 51.1558836 ], [ -0.18205014, 51.15620842 ], [ -0.18194507, 51.15628373 ], [ -0.18168739, 51.1555682 ] ] ] } },
{ "type": "Feature", "properties": { "name": "New Taxiway 3", "surface_type": "UNKNOWN_53", "smoothness": 0.0, "texture_orientation": 348.0 }, "geometry": { "type": "Polygon", "coordinates": [ [ [ -0.18138564, 51.15269277 ], [ -0.18122394, 51.15271516 ], [ -0.1814399, 51.15334309 ], [ -0.18147524, 51.15334248 ], [ -0.18169412, 51.15331243 ], [ -0.18158773, 51.15300656 ], [ -0.18184101, 51.15291477 ], [ -0.18176451, 51.15269209 ], [ -0.18211319, 51.15264305 ], [ -0.18208071, 51.15259568 ], [ -0.18174758, 51.15264283 ], [ -0.18170938, 51.15253165 ], [ -0.18138564, 51.15269277 ] ] ] } },
{ "type": "Feature", "properties": { "name": "New Taxiway 2", "surface_type": "UNKNOWN_53", "smoothness": 0.0, "texture_orientation": 50.0 }, "geometry": { "type": "Polygon", "coordinates": [ [ [ -0.1816176, 51.15207384 ], [ -0.18118095, 51.15229236 ], [ -0.18122644, 51.15232666 ], [ -0.18112837, 51.15237457 ], [ -0.18112878, 51.15239342 ], [ -0.18121225, 51.15245284 ], [ -0.18117636, 51.15247012 ], [ -0.18117343, 51.15251593 ], [ -0.18119389, 51.15252667 ], [ -0.18115799, 51.15254813 ], [ -0.18121058, 51.15258348 ], [ -0.18117636, 51.15260494 ], [ -0.18127903, 51.15267929 ], [ -0.18128795, 51.15270629 ], [ -0.18138564, 51.15269277 ], [ -0.18201375, 51.15238017 ], [ -0.1816176, 51.15207384 ] ] ] } },
{ "type": "Feature", "properties": { "name": "New Taxiway 1", "surface_type": "UNKNOWN_53", "smoothness": 0.0, "texture_orientation": 50.0 }, "geometry": { "type": "Polygon", "coordinates": [ [ [ -0.18031506, 51.1517337 ], [ -0.180320894586667, 51.151761123137788 ], [ -0.18032078816, 51.151786854702223 ], [ -0.18031527144, 51.15181096392002 ], [ -0.180304875146667, 51.151833520017789 ], [ -0.18029013, 51.151854592222243 ], [ -0.18027156672, 51.151874249759999 ], [ -0.180249716026667, 51.151892561857778 ], [ -0.18022510864, 51.151909597742218 ], [ -0.18019827528, 51.151925426640005 ], [ -0.180169746666667, 51.151940117777784 ], [ -0.18014005352, 51.151953740382211 ], [ -0.18010972656, 51.151966363680003 ], [ -0.180079296506667, 51.151978056897775 ], [ -0.18004929408, 51.151988889262221 ], [ -0.18002025, 51.15199893 ], [ -0.18012008, 51.15208608 ], [ -0.1801937, 51.15204461 ], [ -0.18024579, 51.15208577 ], [ -0.18048368, 51.15196325 ], [ -0.18050288, 51.15197573 ], [ -0.18050664, 51.15199463 ], [ -0.18056171, 51.15199136 ], [ -0.18061127, 51.15203045 ], [ -0.18067975, 51.15199418 ], [ -0.18073084, 51.15203754 ], [ -0.18100321, 51.15190132 ], [ -0.18105188, 51.15194241 ], [ -0.18118951, 51.15187342 ], [ -0.18123939, 51.15191526 ], [ -0.18139685, 51.15184138 ], [ -0.18137401, 51.15176787 ], [ -0.18129969, 51.15177324 ], [ -0.181287416622222, 51.151772017955551 ], [ -0.181275468488889, 51.151770613155556 ], [ -0.1812638456, 51.151769025600011 ], [ -0.181252547955556, 51.151767255288888 ], [ -0.181241575555556, 51.151765302222231 ], [ -0.1812309284, 51.151763166400002 ], [ -0.181220606488889, 51.151760847822217 ], [ -0.181210609822222, 51.151758346488883 ], [ -0.1812009384, 51.151755662400006 ], [ -0.181191592222222, 51.151752795555552 ], [ -0.181182571288889, 51.151749745955556 ], [ -0.1811738756, 51.151746513600003 ], [ -0.181165505155556, 51.151743098488893 ], [ -0.181157459955556, 51.15173950062222 ], [ -0.18114974, 51.15173572 ], [ -0.181139965377778, 51.151726912711105 ], [ -0.181130865511111, 51.151718384177784 ], [ -0.1811224404, 51.151710134400005 ], [ -0.181114690044444, 51.151702163377777 ], [ -0.181107614444444, 51.151694471111121 ], [ -0.1811012136, 51.151687057600007 ], [ -0.181095487511111, 51.151679922844444 ], [ -0.181090436177778, 51.151673066844445 ], [ -0.1810860596, 51.151666489600004 ], [ -0.181082357777778, 51.15166019111112 ], [ -0.181079330711111, 51.151654171377771 ], [ -0.1810769784, 51.151648430400002 ], [ -0.181075300844444, 51.151642968177782 ], [ -0.181074298044444, 51.151637784711113 ], [ -0.18107397, 51.15163288 ], [ -0.18031506, 51.1517337 ] ] ] } },
{ "type": "Feature", "properties": { "name": "New Taxiway 9", "surface_type": "ASPHALT", "smoothness": 0.0, "texture_orientation": 235.0 }, "geometry": { "type": "Polygon", "coordinates": [ [ [ -0.17876819, 51.15029902 ], [ -0.1787715648, 51.150297534933337 ], [ -0.1787801212, 51.150293983733334 ], [ -0.1787938592, 51.150288366399998 ], [ -0.1788127788, 51.150280682933342 ], [ -0.17883688, 51.150270933333339 ], [ -0.1788661628, 51.150259117599994 ], [ -0.1789006272, 51.150245235733337 ], [ -0.1789402732, 51.150229287733339 ], [ -0.1789851008, 51.1502112736 ], [ -0.17903511, 51.150191193333342 ], [ -0.1790903008, 51.150169046933335 ], [ -0.1791506732, 51.150144834400002 ], [ -0.1792162272, 51.150118555733329 ], [ -0.1792869628, 51.150090210933335 ], [ -0.17936288, 51.1500598 ], [ -0.18035224, 51.14970197 ], [ -0.17752733, 51.15009079 ], [ -0.1775784, 51.15032829 ], [ -0.17788304, 51.1504547 ], [ -0.17809237, 51.15062717 ], [ -0.178179406, 51.150584903733332 ], [ -0.178260444666667, 51.150545550266671 ], [ -0.178335486, 51.150509109600009 ], [ -0.17840453, 51.150475581733339 ], [ -0.178467576666667, 51.150444966666669 ], [ -0.178524626, 51.150417264399991 ], [ -0.178575678, 51.150392474933334 ], [ -0.178620732666667, 51.150370598266662 ], [ -0.17865979, 51.150351634399996 ], [ -0.17869285, 51.15033558333333 ], [ -0.178719912666667, 51.150322445066664 ], [ -0.178740978, 51.150312219600004 ], [ -0.178756046, 51.150304906933336 ], [ -0.178765116666667, 51.150300507066667 ], [ -0.17876819, 51.15029902 ] ] ] } },
{ "type": "Feature", "properties": { "name": "New Taxiway 12", "surface_type": "ASPHALT", "smoothness": 0.0, "texture_orientation": 260.0 }, "geometry": { "type": "Polygon", "coordinates": [ [ [ -0.17400789, 51.15057567 ], [ -0.17269245, 51.15075681 ], [ -0.17114627, 51.15096978 ], [ -0.17116814, 51.15110933 ], [ -0.17116528, 51.15116406 ], [ -0.17124679, 51.15116269 ], [ -0.1712368, 51.151358 ], [ -0.171326610488889, 51.151345865688889 ], [ -0.171410284622222, 51.151334574755559 ], [ -0.1714878224, 51.151324127200006 ], [ -0.171559223822222, 51.151314523022229 ], [ -0.171624488888889, 51.151305762222222 ], [ -0.1716836176, 51.151297844799998 ], [ -0.171736609955556, 51.151290770755558 ], [ -0.171783465955556, 51.151284540088888 ], [ -0.1718241856, 51.151279152800001 ], [ -0.171858768888889, 51.15127460888889 ], [ -0.171887215822222, 51.151270908355556 ], [ -0.1719095264, 51.151268051199999 ], [ -0.171925700622222, 51.151266037422218 ], [ -0.171935738488889, 51.151264867022221 ], [ -0.17193964, 51.15126454 ], [ -0.171959515866667, 51.151269743377775 ], [ -0.1719786688, 51.151275177511124 ], [ -0.1719970988, 51.151280842400013 ], [ -0.172014805866667, 51.151286738044448 ], [ -0.17203179, 51.15129286444445 ], [ -0.1720480512, 51.151299221600006 ], [ -0.172063589466667, 51.151305809511115 ], [ -0.1720784048, 51.151312628177777 ], [ -0.1720924972, 51.1513196776 ], [ -0.172105866666667, 51.151326957777783 ], [ -0.1721185132, 51.151334468711113 ], [ -0.1721304368, 51.151342210400003 ], [ -0.172141637466667, 51.151350182844439 ], [ -0.1721521152, 51.15135838604445 ], [ -0.17216187, 51.15136682 ], [ -0.17234984, 51.15152511 ], [ -0.17245578, 51.15148407 ], [ -0.17247134, 51.1514945 ], [ -0.17249629, 51.15149059 ], [ -0.1724485, 51.15131216 ], [ -0.172445298977778, 51.151297075466672 ], [ -0.172444909244444, 51.151281936533337 ], [ -0.1724473308, 51.151266743200011 ], [ -0.172452563644444, 51.151251495466667 ], [ -0.172460607777778, 51.151236193333339 ], [ -0.1724714632, 51.151220836800007 ], [ -0.172485129911111, 51.151205425866678 ], [ -0.172501607911111, 51.15118996053333 ], [ -0.1725208972, 51.151174440800006 ], [ -0.172542997777778, 51.151158866666677 ], [ -0.172567909644444, 51.151143238133329 ], [ -0.1725956328, 51.151127555200006 ], [ -0.172626167244444, 51.151111817866671 ], [ -0.172659512977778, 51.151096026133338 ], [ -0.17269567, 51.15108018 ], [ -0.172695880311111, 51.151079900222221 ], [ -0.172695881911111, 51.151079455555553 ], [ -0.1726956748, 51.151078846 ], [ -0.172695258977778, 51.15107807155556 ], [ -0.172694634444444, 51.151077132222227 ], [ -0.1726938012, 51.151076028 ], [ -0.172692759244444, 51.151074758888882 ], [ -0.172691508577778, 51.151073324888891 ], [ -0.1726900492, 51.151071726 ], [ -0.172688381111111, 51.151069962222223 ], [ -0.172686504311111, 51.151068033555553 ], [ -0.1726844188, 51.15106594 ], [ -0.172682124577778, 51.151063681555549 ], [ -0.172679621644444, 51.151061258222221 ], [ -0.17267691, 51.15105867 ], [ -0.17341668, 51.15079138 ], [ -0.17400789, 51.15057567 ] ] ] } },
{ "type": "Feature", "properties": { "name": "New Taxiway 6", "surface_type": "UNKNOWN_27", "smoothness": 0.0, "texture_orientation": 77.6 }, "geometry": { "type": "Polygon", "coordinates": [ [ [ -0.16826056, 51.15138406 ], [ -0.16823927, 51.15131914 ], [ -0.16604576, 51.15165632 ], [ -0.16610387, 51.15181497 ], [ -0.16625007, 51.15226493 ], [ -0.16664763, 51.15220727 ], [ -0.166641586355556, 51.152182664622224 ], [ -0.166636482088889, 51.152157021822227 ], [ -0.1666323172, 51.152130341600014 ], [ -0.166629091688889, 51.152102623955571 ], [ -0.166626805555556, 51.152073868888898 ], [ -0.1666254588, 51.152044076400003 ], [ -0.166625051422222, 51.152013246488899 ], [ -0.166625583422222, 51.151981379155565 ], [ -0.1666270548, 51.151948474400001 ], [ -0.166629465555556, 51.151914532222229 ], [ -0.166632815688889, 51.151879552622233 ], [ -0.1666371052, 51.151843535600008 ], [ -0.166642334088889, 51.15180648115556 ], [ -0.166648502355556, 51.151768389288897 ], [ -0.16665561, 51.15172926 ], [ -0.16718595, 51.15165435 ], [ -0.16727076, 51.15166629 ], [ -0.16726556, 51.15181178 ], [ -0.16735643, 51.15181883 ], [ -0.16746202, 51.15212229 ], [ -0.16742913, 51.15212717 ], [ -0.16749837, 51.15236658 ], [ -0.167503227422222, 51.152385232444452 ], [ -0.167507645022222, 51.152404856444448 ], [ -0.1675116228, 51.15242545200001 ], [ -0.167515160755556, 51.152447019111108 ], [ -0.167518258888889, 51.152469557777778 ], [ -0.1675209172, 51.152493068 ], [ -0.167523135688889, 51.152517549777777 ], [ -0.167524914355556, 51.152543003111106 ], [ -0.1675262532, 51.152569428 ], [ -0.167527152222222, 51.152596824444444 ], [ -0.167527611422222, 51.152625192444447 ], [ -0.1675276308, 51.152654532 ], [ -0.167527210355556, 51.152684843111118 ], [ -0.167526350088889, 51.152716125777779 ], [ -0.16752505, 51.15274838 ], [ -0.16759501, 51.15275743 ], [ -0.16780993, 51.15272803 ], [ -0.16778757, 51.15267012 ], [ -0.16787556, 51.15265519 ], [ -0.167878415466667, 51.152616268177781 ], [ -0.1678806752, 51.152578745377774 ], [ -0.1678823392, 51.152542621600006 ], [ -0.167883407466667, 51.152507896844455 ], [ -0.16788388, 51.152474571111114 ], [ -0.1678837568, 51.152442644399997 ], [ -0.167883037866667, 51.152412116711112 ], [ -0.1678817232, 51.152382988044444 ], [ -0.1678798128, 51.152355258399993 ], [ -0.167877306666667, 51.152328927777774 ], [ -0.1678742048, 51.152303996177778 ], [ -0.1678705072, 51.152280463599993 ], [ -0.167866213866667, 51.15225833004444 ], [ -0.1678613248, 51.15223759551111 ], [ -0.16785584, 51.15221826 ], [ -0.16780082, 51.15205357 ], [ -0.16849123, 51.15195942 ], [ -0.168435883733333, 51.15194080311111 ], [ -0.168386538266667, 51.15192045111111 ], [ -0.1683431936, 51.151898364 ], [ -0.168305849733333, 51.151874541777779 ], [ -0.168274506666667, 51.151848984444442 ], [ -0.1682491644, 51.151821692 ], [ -0.168229822933333, 51.151792664444443 ], [ -0.168216482266667, 51.151761901777782 ], [ -0.1682091424, 51.151729404 ], [ -0.168207803333333, 51.151695171111115 ], [ -0.168212465066667, 51.151659203111109 ], [ -0.1682231276, 51.1516215 ], [ -0.168239790933333, 51.151582061777788 ], [ -0.168262455066667, 51.151540888444451 ], [ -0.16829112, 51.15149798 ], [ -0.168290184355556, 51.151495309422224 ], [ -0.168289313422222, 51.151492823022231 ], [ -0.1682885072, 51.15149052080001 ], [ -0.168287765688889, 51.151488402755568 ], [ -0.168287088888889, 51.151486468888891 ], [ -0.1682864768, 51.151484719199999 ], [ -0.168285929422222, 51.151483153688893 ], [ -0.168285446755556, 51.151481772355552 ], [ -0.1682850288, 51.151480575200004 ], [ -0.168284675555556, 51.151479562222221 ], [ -0.168284387022222, 51.151478733422223 ], [ -0.1682841632, 51.151478088800005 ], [ -0.168284004088889, 51.151477628355565 ], [ -0.168283909688889, 51.151477352088897 ], [ -0.16828388, 51.15147726 ], [ -0.16826056, 51.15138406 ] ] ] } },
{ "type": "Feature", "properties": { "name": "New Taxiway 1", "surface_type": "ASPHALT", "smoothness": 0.0, "texture_orientation": 77.6 }, "geometry": { "type": "Polygon", "coordinates": [ [ [ -0.17992982, 51.15158856 ], [ -0.180145, 51.15162366 ], [ -0.180163509066667, 51.151627037422223 ], [ -0.1801809936, 51.151630980355556 ], [ -0.1801974536, 51.151635488800004 ], [ -0.180212889066667, 51.15164056275556 ], [ -0.1802273, 51.151646202222231 ], [ -0.1802406864, 51.151652407200004 ], [ -0.180253048266667, 51.151659177688884 ], [ -0.1802643856, 51.151666513688888 ], [ -0.1802746984, 51.151674415199999 ], [ -0.180283986666667, 51.151682882222225 ], [ -0.1802922504, 51.15169191475556 ], [ -0.1802994896, 51.151701512800003 ], [ -0.180305704266667, 51.151711676355561 ], [ -0.1803108944, 51.15172240542222 ], [ -0.18031506, 51.1517337 ], [ -0.18107397, 51.15163288 ], [ -0.181071635822222, 51.151612304399997 ], [ -0.181071555955556, 51.151592846933333 ], [ -0.1810737304, 51.15157450760001 ], [ -0.181078159155556, 51.151557286400013 ], [ -0.181084842222222, 51.151541183333336 ], [ -0.1810937796, 51.151526198400006 ], [ -0.181104971288889, 51.151512331600003 ], [ -0.181118417288889, 51.151499582933326 ], [ -0.1811341176, 51.151487952400004 ], [ -0.181152072222222, 51.15147744 ], [ -0.181172281155556, 51.151468045733338 ], [ -0.1811947444, 51.151459769600002 ], [ -0.181219461955556, 51.1514526116 ], [ -0.181246433822222, 51.151446571733338 ], [ -0.18127566, 51.15144165 ], [ -0.181311684577778, 51.151438806933342 ], [ -0.181345678311111, 51.151437517733335 ], [ -0.1813776412, 51.151437782400009 ], [ -0.181407573244444, 51.151439600933337 ], [ -0.181435474444444, 51.151442973333339 ], [ -0.1814613448, 51.151447899599994 ], [ -0.181485184311111, 51.151454379733337 ], [ -0.181506992977778, 51.151462413733334 ], [ -0.1815267708, 51.151472001599998 ], [ -0.181544517777778, 51.15148314333333 ], [ -0.181560233911111, 51.151495838933329 ], [ -0.1815739192, 51.151510088400002 ], [ -0.181585573644444, 51.151525891733336 ], [ -0.181595197244444, 51.151543248933329 ], [ -0.18160279, 51.15156216 ], [ -0.181607912044444, 51.151581449733328 ], [ -0.181610123511111, 51.151599942933345 ], [ -0.1816094244, 51.151617639600005 ], [ -0.181605814711111, 51.151634539733337 ], [ -0.181599294444444, 51.151650643333333 ], [ -0.1815898636, 51.151665950400002 ], [ -0.181577522177778, 51.151680460933335 ], [ -0.181562270177778, 51.151694174933333 ], [ -0.1815441076, 51.151707092400002 ], [ -0.181523034444444, 51.151719213333337 ], [ -0.181499050711111, 51.151730537733336 ], [ -0.1814721564, 51.151741065600007 ], [ -0.181442351511111, 51.151750796933335 ], [ -0.181409636044444, 51.151759731733335 ], [ -0.18137401, 51.15176787 ], [ -0.18139685, 51.15184138 ], [ -0.18123939, 51.15191526 ], [ -0.18118951, 51.15187342 ], [ -0.18105188, 51.15194241 ], [ -0.18100321, 51.15190132 ], [ -0.18073084, 51.15203754 ], [ -0.18067975, 51.15199418 ], [ -0.18061127, 51.15203045 ], [ -0.18056171, 51.15199136 ], [ -0.18050664, 51.15199463 ], [ -0.18050288, 51.15197573 ], [ -0.18048368, 51.15196325 ], [ -0.18024579, 51.15208577 ], [ -0.1801937, 51.15204461 ], [ -0.18012008, 51.15208608 ], [ -0.18002025, 51.15199893 ], [ -0.179964519911111, 51.152018786177777 ], [ -0.179909092311111, 51.152037517377785 ], [ -0.1798539672, 51.152055123600007 ], [ -0.179799144577778, 51.152071604844451 ], [ -0.179744624444444, 51.152086961111117 ], [ -0.1796904068, 51.152101192400011 ], [ -0.179636491644444, 51.152114298711112 ], [ -0.179582878977778, 51.152126280044456 ], [ -0.1795295688, 51.1521371364 ], [ -0.179476561111111, 51.15214686777778 ], [ -0.179423855911111, 51.152155474177775 ], [ -0.1793714532, 51.152162955600005 ], [ -0.179319352977778, 51.15216931204445 ], [ -0.179267555244444, 51.152174543511116 ], [ -0.17921606, 51.15217865 ], [ -0.17923058, 51.15222671 ], [ -0.17852394, 51.15231587 ], [ -0.17850471, 51.15226875 ], [ -0.17833763, 51.15229099 ], [ -0.1783208, 51.15224085 ], [ -0.17823185, 51.15225329 ], [ -0.17821322, 51.15220504 ], [ -0.17812187, 51.15221446 ], [ -0.17810745, 51.15216508 ], [ -0.17801549, 51.15217526 ], [ -0.17801129, 51.15213944 ], [ -0.17817651, 51.15209499 ], [ -0.178161655377778, 51.152079916133339 ], [ -0.178149219511111, 51.152065097200001 ], [ -0.1781392024, 51.152050533200004 ], [ -0.178131604044444, 51.15203622413334 ], [ -0.178126424444444, 51.15202217 ], [ -0.1781236636, 51.152008370800004 ], [ -0.178123321511111, 51.151994826533333 ], [ -0.178125398177778, 51.151981537199994 ], [ -0.1781298936, 51.151968502799996 ], [ -0.178136807777778, 51.151955723333337 ], [ -0.178146140711111, 51.151943198799998 ], [ -0.1781578924, 51.151930929200006 ], [ -0.178172062844444, 51.151918914533333 ], [ -0.178188652044444, 51.1519071548 ], [ -0.17820766, 51.15189565 ], [ -0.17838213, 51.15180051 ], [ -0.1768542, 51.1520112 ], [ -0.17673523, 51.15167505 ], [ -0.1759643, 51.15182409 ], [ -0.17411268, 51.15208469 ], [ -0.17408218, 51.15207343 ], [ -0.1737869, 51.15210383 ], [ -0.17332562, 51.15210274 ], [ -0.17312311, 51.15206365 ], [ -0.17267717, 51.15178264 ], [ -0.17227215, 51.15196884 ], [ -0.17287747, 51.15250035 ], [ -0.17273444, 51.15256519 ], [ -0.17272843, 51.15258969 ], [ -0.1727628476, 51.152595390711113 ], [ -0.172795225733333, 51.152601986177778 ], [ -0.1728255644, 51.152609476400002 ], [ -0.1728538636, 51.152617861377777 ], [ -0.172880123333333, 51.152627141111111 ], [ -0.1729043436, 51.152637315600003 ], [ -0.1729265244, 51.152648384844447 ], [ -0.172946665733333, 51.152660348844435 ], [ -0.1729647676, 51.152673207599996 ], [ -0.17298083, 51.152686961111108 ], [ -0.172994852933333, 51.152701609377772 ], [ -0.1730068364, 51.152717152400001 ], [ -0.1730167804, 51.152733590177775 ], [ -0.173024684933333, 51.152750922711114 ], [ -0.17303055, 51.15276915 ], [ -0.173033536, 51.152784424799997 ], [ -0.173034419333333, 51.152798835866669 ], [ -0.1730332, 51.152812383200008 ], [ -0.173029878, 51.152825066800006 ], [ -0.173024453333333, 51.152836886666663 ], [ -0.173016926, 51.1528478428 ], [ -0.173007296, 51.152857935200004 ], [ -0.172995563333333, 51.152867163866667 ], [ -0.172981728, 51.152875528799996 ], [ -0.17296579, 51.15288303 ], [ -0.172947749333333, 51.152889667466667 ], [ -0.172927606, 51.152895441200002 ], [ -0.17290536, 51.152900351200003 ], [ -0.172881011333333, 51.152904397466664 ], [ -0.17285456, 51.15290758 ], [ -0.17297319, 51.15325824 ], [ -0.173001203955556, 51.15325363777778 ], [ -0.173027557822222, 51.153250276444446 ], [ -0.1730522516, 51.153248156 ], [ -0.173075285288889, 51.153247276444453 ], [ -0.173096658888889, 51.153247637777781 ], [ -0.1731163724, 51.15324924 ], [ -0.173134425822222, 51.153252083111113 ], [ -0.173150819155556, 51.15325616711111 ], [ -0.1731655524, 51.153261492 ], [ -0.173178625555556, 51.15326805777778 ], [ -0.173190038622222, 51.153275864444439 ], [ -0.1731997916, 51.153284912000011 ], [ -0.173207884488889, 51.153295200444447 ], [ -0.173214317288889, 51.153306729777782 ], [ -0.17321909, 51.1533195 ], [ -0.173221906133333, 51.153332560666676 ], [ -0.1732224692, 51.153344961333332 ], [ -0.1732207792, 51.153356702 ], [ -0.173216836133333, 51.153367782666663 ], [ -0.17321064, 51.15337820333334 ], [ -0.1732021908, 51.153387964 ], [ -0.173191488533333, 51.15339706466667 ], [ -0.1731785332, 51.153405505333332 ], [ -0.1731633248, 51.153413286 ], [ -0.173145863333333, 51.153420406666669 ], [ -0.1731261488, 51.153426867333323 ], [ -0.1731041812, 51.153432668 ], [ -0.173079960533333, 51.153437808666666 ], [ -0.1730534868, 51.153442289333334 ], [ -0.17302476, 51.15344611 ], [ -0.17286499, 51.15346778 ], [ -0.172854257511111, 51.153468677422225 ], [ -0.172843598711111, 51.153468836355557 ], [ -0.1728330136, 51.153468256800004 ], [ -0.172822502177778, 51.153466938755564 ], [ -0.172812064444444, 51.153464882222238 ], [ -0.1728017004, 51.153462087199998 ], [ -0.172791410044444, 51.153458553688878 ], [ -0.172781193377778, 51.15345428168888 ], [ -0.1727710504, 51.153449271199996 ], [ -0.172760981111111, 51.153443522222219 ], [ -0.172750985511111, 51.153437034755555 ], [ -0.1727410636, 51.153429808799999 ], [ -0.172731215377778, 51.153421844355556 ], [ -0.172721440844444, 51.15341314142222 ], [ -0.17271174, 51.1534037 ], [ -0.17264062, 51.15341438 ], [ -0.172648834444444, 51.153423031200006 ], [ -0.172657616444444, 51.153431302133335 ], [ -0.172666966, 51.153439192800015 ], [ -0.172676883111111, 51.153446703200011 ], [ -0.172687367777778, 51.15345383333333 ], [ -0.17269842, 51.153460583200008 ], [ -0.172710039777778, 51.153466952800009 ], [ -0.172722227111111, 51.153472942133334 ], [ -0.172734982, 51.153478551200003 ], [ -0.172748304444444, 51.15348378 ], [ -0.172762194444444, 51.153488628533339 ], [ -0.172776652, 51.153493096800005 ], [ -0.172791677111111, 51.153497184800003 ], [ -0.172807269777778, 51.153500892533337 ], [ -0.17282343, 51.15350422 ], [ -0.17304579, 51.1534504 ], [ -0.17307174, 51.15352369 ], [ -0.17283514, 51.15355376 ], [ -0.172808007911111, 51.153547816222222 ], [ -0.172782192977778, 51.153541443555561 ], [ -0.1727576952, 51.153534642 ], [ -0.172734514577778, 51.153527411555572 ], [ -0.172712651111111, 51.153519752222223 ], [ -0.1726921048, 51.153511664 ], [ -0.172672875644444, 51.153503146888887 ], [ -0.172654963644444, 51.153494200888893 ], [ -0.1726383688, 51.153484826 ], [ -0.172623091111111, 51.153475022222224 ], [ -0.172609130577778, 51.153464789555557 ], [ -0.1725964872, 51.153454128 ], [ -0.172585160977778, 51.153443037555554 ], [ -0.172575151911111, 51.15343151822222 ], [ -0.17256646, 51.15341957 ], [ -0.17260302, 51.15341486 ], [ -0.17252846, 51.15320064 ], [ -0.17221729, 51.15324684 ], [ -0.17228744, 51.15344715 ], [ -0.17215638, 51.15346391 ], [ -0.172158967911111, 51.153473657644447 ], [ -0.172160422311111, 51.153483020577781 ], [ -0.1721607432, 51.1534919988 ], [ -0.172159930577778, 51.153500592311119 ], [ -0.172157984444444, 51.153508801111123 ], [ -0.1721549048, 51.153516625200005 ], [ -0.172150691644444, 51.15352406457778 ], [ -0.172145344977778, 51.153531119244441 ], [ -0.1721388648, 51.153537789200001 ], [ -0.172131251111111, 51.153544074444447 ], [ -0.172122503911111, 51.153549974977778 ], [ -0.1721126232, 51.153555490800002 ], [ -0.172101608977778, 51.153560621911112 ], [ -0.172089461244444, 51.153565368311114 ], [ -0.17207618, 51.15356973 ], [ -0.17154468, 51.15372847 ], [ -0.17191766, 51.15367816 ], [ -0.17191666, 51.15366748 ], [ -0.17199079, 51.1536568 ], [ -0.172011342666667, 51.15365333844445 ], [ -0.172031182, 51.153648860444449 ], [ -0.172050308, 51.153643366000011 ], [ -0.172068720666667, 51.153636855111124 ], [ -0.17208642, 51.153629327777786 ], [ -0.172103406, 51.153620784 ], [ -0.172119678666667, 51.15361122377778 ], [ -0.172135238, 51.153600647111105 ], [ -0.172150084, 51.153589054 ], [ -0.172164216666667, 51.15357644444444 ], [ -0.172177636, 51.153562818444442 ], [ -0.172190342, 51.153548176 ], [ -0.172202334666667, 51.15353251711111 ], [ -0.172213614, 51.153515841777782 ], [ -0.17222418, 51.15349815 ], [ -0.17226375, 51.15350632 ], [ -0.17228478, 51.15358674 ], [ -0.17216258, 51.15360433 ], [ -0.17219063, 51.15368413 ], [ -0.1719998, 51.15370863 ], [ -0.17200381, 51.1537234 ], [ -0.1718717, 51.15374351 ], [ -0.17188036, 51.15376848 ], [ -0.16837168, 51.1542494 ], [ -0.16842794, 51.15441008 ], [ -0.16887377, 51.15434991 ], [ -0.16886992, 51.15433934 ], [ -0.17190188, 51.15392106 ], [ -0.17191871, 51.15397196 ], [ -0.1722244, 51.15392737 ], [ -0.17225084, 51.15394132 ], [ -0.17226695, 51.15397434 ], [ -0.17233304, 51.15396898 ], [ -0.17237859, 51.15411874 ], [ -0.17250272, 51.15410191 ], [ -0.17302008, 51.15558821 ], [ -0.17298836, 51.15559183 ], [ -0.17300783, 51.15565969 ], [ -0.17289953, 51.15567219 ], [ -0.17290977, 51.15570246 ], [ -0.17286291, 51.15574497 ], [ -0.17291276, 51.1558888 ], [ -0.17260368, 51.15592711 ], [ -0.17261864, 51.15598261 ], [ -0.1689548, 51.15648477 ], [ -0.16896, 51.15649672 ], [ -0.16566664, 51.15694689 ], [ -0.16574641, 51.15717671 ], [ -0.16992646, 51.15660425 ], [ -0.16994305, 51.15665039 ], [ -0.1700159, 51.15664225 ], [ -0.17002961, 51.15668432 ], [ -0.17010245, 51.15667391 ], [ -0.17015261, 51.15681183 ], [ -0.17022651, 51.15680148 ], [ -0.17031973, 51.15707238 ], [ -0.17033596, 51.15708331 ], [ -0.17034377, 51.15710405 ], [ -0.17028787, 51.15713458 ], [ -0.17038945, 51.1572047 ], [ -0.17033355, 51.15723599 ], [ -0.17043934, 51.15730422 ], [ -0.17038344, 51.15733928 ], [ -0.17043213, 51.15737321 ], [ -0.17038164, 51.15740865 ], [ -0.17048743, 51.15747386 ], [ -0.17042672, 51.15750779 ], [ -0.1705313, 51.15757753 ], [ -0.1704736, 51.15761108 ], [ -0.1705527, 51.15766318 ], [ -0.17055414, 51.15767359 ], [ -0.1705289, 51.15768309 ], [ -0.17057073, 51.1577428 ], [ -0.17058369, 51.15801893 ], [ -0.17066159, 51.1580173 ], [ -0.17068192, 51.15839479 ], [ -0.17060474, 51.15839615 ], [ -0.17060961, 51.15861629 ], [ -0.1705485, 51.15861598 ], [ -0.17051544, 51.15866279 ], [ -0.17051694, 51.15870488 ], [ -0.17047888, 51.15873347 ], [ -0.17053949, 51.15876143 ], [ -0.17034914, 51.15890876 ], [ -0.17038421, 51.15892761 ], [ -0.17039071, 51.15895338 ], [ -0.16993032, 51.15930494 ], [ -0.16987755, 51.1592735 ], [ -0.16964384, 51.15945655 ], [ -0.16957528, 51.15942398 ], [ -0.16943195, 51.15954253 ], [ -0.16939352, 51.15955491 ], [ -0.16830266, 51.15966867 ], [ -0.16829435, 51.15962372 ], [ -0.16807311, 51.15964457 ], [ -0.1680596, 51.15959832 ], [ -0.1678903, 51.15961134 ], [ -0.16783213, 51.15980807 ], [ -0.167882220755556, 51.159818061688895 ], [ -0.167933338355556, 51.159827076755555 ], [ -0.1679854828, 51.159835115200003 ], [ -0.168038654088889, 51.159842177022227 ], [ -0.168092852222222, 51.159848262222219 ], [ -0.1681480772, 51.159853370799993 ], [ -0.168204329022222, 51.159857502755557 ], [ -0.168261607688889, 51.159860658088888 ], [ -0.1683199132, 51.159862836800002 ], [ -0.168379245555556, 51.159864038888884 ], [ -0.168439604755556, 51.159864264355548 ], [ -0.1685009908, 51.159863513200001 ], [ -0.168563403688889, 51.159861785422223 ], [ -0.168626843422222, 51.159859081022219 ], [ -0.16869131, 51.1598554 ], [ -0.168925323555556, 51.159845895555556 ], [ -0.169148748222222, 51.159824046222219 ], [ -0.169361584, 51.15978985200001 ], [ -0.169563830888889, 51.159743312888892 ], [ -0.169755488888889, 51.159684428888895 ], [ -0.169936558, 51.1596132 ], [ -0.170107038222222, 51.159529626222216 ], [ -0.170266929555556, 51.15943370755555 ], [ -0.170416232, 51.159325444 ], [ -0.170554945555556, 51.159204835555549 ], [ -0.170683070222222, 51.159071882222214 ], [ -0.170800606, 51.158926584 ], [ -0.170907552888889, 51.158768940888891 ], [ -0.171003910888889, 51.158598952888887 ], [ -0.17108968, 51.15841662 ], [ -0.171093401733333, 51.158407637777778 ], [ -0.171097918933333, 51.158398827111107 ], [ -0.1711032316, 51.158390188 ], [ -0.171109339733333, 51.158381720444446 ], [ -0.171116243333333, 51.158373424444449 ], [ -0.1711239424, 51.1583653 ], [ -0.171132436933333, 51.158357347111107 ], [ -0.171141726933333, 51.158349565777769 ], [ -0.1711518124, 51.158341956 ], [ -0.171162693333333, 51.158334517777774 ], [ -0.171174369733333, 51.15832725111111 ], [ -0.1711868416, 51.158320156 ], [ -0.171200108933333, 51.158313232444442 ], [ -0.171214171733333, 51.158306480444445 ], [ -0.17122903, 51.1582999 ], [ -0.17148489, 51.15821835 ], [ -0.17155587, 51.15820532 ], [ -0.1715775, 51.15820912 ], [ -0.17188738, 51.15814778 ], [ -0.171864718933333, 51.158171931911113 ], [ -0.1718430024, 51.158196110311117 ], [ -0.1718222304, 51.158220315200005 ], [ -0.171802402933333, 51.158244546577784 ], [ -0.17178352, 51.158268804444447 ], [ -0.1717655816, 51.158293088800001 ], [ -0.171748587733333, 51.158317399644446 ], [ -0.1717325384, 51.158341736977782 ], [ -0.1717174336, 51.158366100799995 ], [ -0.171703273333333, 51.158390491111113 ], [ -0.1716900576, 51.158414907911109 ], [ -0.1716777864, 51.158439351200002 ], [ -0.171666459733333, 51.158463820977779 ], [ -0.1716560776, 51.158488317244448 ], [ -0.17164664, 51.15851284 ], [ -0.17553889, 51.15797539 ], [ -0.17546386, 51.15776548 ], [ -0.175458639377778, 51.157767222311115 ], [ -0.175453745511111, 51.157769947911113 ], [ -0.1754491784, 51.157773656800011 ], [ -0.175444938044444, 51.157778348977786 ], [ -0.175441024444444, 51.157784024444453 ], [ -0.1754374376, 51.157790683199998 ], [ -0.175434177511111, 51.15779832524445 ], [ -0.175431244177778, 51.157806950577779 ], [ -0.1754286376, 51.1578165592 ], [ -0.175426357777778, 51.157827151111114 ], [ -0.175424404711111, 51.157838726311113 ], [ -0.1754227784, 51.157851284800003 ], [ -0.175421478844444, 51.157864826577779 ], [ -0.175420506044444, 51.157879351644446 ], [ -0.17541986, 51.15789486 ], [ -0.17524329, 51.15792181 ], [ -0.17522356, 51.15787751 ], [ -0.17515294, 51.15788533 ], [ -0.17512073, 51.15779478 ], [ -0.17504285, 51.15780585 ], [ -0.17500857, 51.15770879 ], [ -0.17780486, 51.15731772 ], [ -0.17781265, 51.15734649 ], [ -0.177723452527407, 51.15736908903704 ], [ -0.177645008619259, 51.157390480696307 ], [ -0.17757657504, 51.157410848800012 ], [ -0.177517408554074, 51.157430377170371 ], [ -0.177466765925926, 51.157449249629643 ], [ -0.17742390392, 51.15746765 ], [ -0.177388079300741, 51.157485762103704 ], [ -0.177358548832593, 51.157503769762961 ], [ -0.17733456928, 51.157521856800003 ], [ -0.177315397407407, 51.157540207037044 ], [ -0.177300289979259, 51.157559004296296 ], [ -0.17728850376, 51.157578432400008 ], [ -0.177279295514074, 51.157598675170377 ], [ -0.177271922005926, 51.157619916429638 ], [ -0.17726564, 51.15764234 ], [ -0.1776702, 51.15759045 ], [ -0.17792739, 51.15831519 ], [ -0.17815606, 51.15828892 ], [ -0.17808439, 51.15806939 ], [ -0.17813321, 51.15806223 ], [ -0.17806985, 51.15787787 ], [ -0.17802, 51.15788439 ], [ -0.17795734, 51.15768121 ], [ -0.17799889, 51.15767404 ], [ -0.17787777, 51.1573122 ], [ -0.1796065, 51.15707374 ], [ -0.17962153, 51.15712388 ], [ -0.180899, 51.15694517 ], [ -0.18091695, 51.15699386 ], [ -0.18101545, 51.15697946 ], [ -0.18073632, 51.1562372 ], [ -0.1806572, 51.15624956 ], [ -0.18066333, 51.15627191 ], [ -0.18043205, 51.15630377 ], [ -0.18044689, 51.15634814 ], [ -0.18022368, 51.15637955 ], [ -0.18023739, 51.15642661 ], [ -0.18016238, 51.15643701 ], [ -0.18017609, 51.15648088 ], [ -0.18009455, 51.15649628 ], [ -0.18015113, 51.15662685 ], [ -0.17999639, 51.15664905 ], [ -0.18001149, 51.15669765 ], [ -0.17978412, 51.15672826 ], [ -0.17980056, 51.15677331 ], [ -0.17941453, 51.15682924 ], [ -0.17944569, 51.15692152 ], [ -0.17568379, 51.15742061 ], [ -0.17566647, 51.15737442 ], [ -0.17544568, 51.15740489 ], [ -0.17542822, 51.15735787 ], [ -0.17535448, 51.15736899 ], [ -0.17534079, 51.15732254 ], [ -0.17526654, 51.1573325 ], [ -0.17523732, 51.15723957 ], [ -0.17516169, 51.15724958 ], [ -0.17502239, 51.15685416 ], [ -0.17510317, 51.15684511 ], [ -0.17499038, 51.15662224 ], [ -0.175015931022222, 51.156609551644451 ], [ -0.175041064088889, 51.156596849244444 ], [ -0.1750657792, 51.156584132800006 ], [ -0.175090076355556, 51.156571402311116 ], [ -0.175113955555556, 51.156558657777779 ], [ -0.1751374168, 51.156545899199998 ], [ -0.175160460088889, 51.156533126577777 ], [ -0.175183085422222, 51.156520339911111 ], [ -0.1752052928, 51.1565075392 ], [ -0.175227082222222, 51.156494724444443 ], [ -0.175248453688889, 51.156481895644447 ], [ -0.1752694072, 51.156469052800006 ], [ -0.175289942755556, 51.156456195911112 ], [ -0.175310060355556, 51.156443324977786 ], [ -0.17532976, 51.15643044 ], [ -0.17535897, 51.15633154 ], [ -0.17522098, 51.15638483 ], [ -0.1752058328, 51.156397691644443 ], [ -0.175190364533333, 51.156410271244447 ], [ -0.1751745752, 51.156422568800004 ], [ -0.1751584648, 51.156434584311107 ], [ -0.175142033333333, 51.156446317777778 ], [ -0.1751252808, 51.156457769200003 ], [ -0.1751082072, 51.156468938577781 ], [ -0.175090812533333, 51.156479825911106 ], [ -0.1750730968, 51.156490431199998 ], [ -0.17505506, 51.156500754444444 ], [ -0.175036702133333, 51.156510795644444 ], [ -0.1750180232, 51.156520554800004 ], [ -0.1749990232, 51.15653003191111 ], [ -0.174979702133333, 51.156539226977777 ], [ -0.17496006, 51.15654814 ], [ -0.17493252, 51.15646552 ], [ -0.17488794, 51.15647054 ], [ -0.17467955, 51.15588729 ], [ -0.17477523, 51.15587567 ], [ -0.17472062, 51.15572488 ], [ -0.17481429, 51.15571483 ], [ -0.17479575, 51.1556633 ], [ -0.1748829, 51.15565294 ], [ -0.17486487, 51.15560896 ], [ -0.17495203, 51.15559513 ], [ -0.17494001, 51.15556278 ], [ -0.17530231, 51.15550942 ], [ -0.175285, 51.15545695 ], [ -0.18138152, 51.1546178 ], [ -0.18130879, 51.15441197 ], [ -0.17527351, 51.15524737 ], [ -0.17520173, 51.15521936 ], [ -0.17519714, 51.15520234 ], [ -0.17497045, 51.15523702 ], [ -0.174969683911111, 51.155234573688887 ], [ -0.174968964311111, 51.15523229608889 ], [ -0.1749682912, 51.155230187200011 ], [ -0.174967664577778, 51.155228247022222 ], [ -0.174967084444444, 51.155226475555558 ], [ -0.1749665508, 51.155224872800005 ], [ -0.174966063644444, 51.155223438755556 ], [ -0.174965622977778, 51.155222173422224 ], [ -0.1749652288, 51.155221076800004 ], [ -0.174964881111111, 51.155220148888887 ], [ -0.174964579911111, 51.155219389688888 ], [ -0.1749643252, 51.1552187992 ], [ -0.174964116977778, 51.155218377422223 ], [ -0.174963955244444, 51.155218124355557 ], [ -0.17496384, 51.15521804 ], [ -0.1749634032, 51.155218092355554 ], [ -0.1749622768, 51.155218249422227 ], [ -0.1749604608, 51.155218511200005 ], [ -0.1749579552, 51.155218877688895 ], [ -0.17495476, 51.155219348888892 ], [ -0.1749508752, 51.155219924800008 ], [ -0.1749463008, 51.155220605422222 ], [ -0.1749410368, 51.155221390755557 ], [ -0.1749350832, 51.155222280800004 ], [ -0.17492844, 51.155223275555556 ], [ -0.1749211072, 51.155224375022229 ], [ -0.1749130848, 51.155225579200007 ], [ -0.1749043728, 51.15522688808889 ], [ -0.1748949712, 51.155228301688894 ], [ -0.17488488, 51.15522982 ], [ -0.17489009, 51.15524705 ], [ -0.17472036, 51.1552704 ], [ -0.1747148, 51.15526036 ], [ -0.17462959, 51.15526948 ], [ -0.17456947, 51.15509297 ], [ -0.17452146, 51.15509711 ], [ -0.17450825, 51.15504803 ], [ -0.17452808, 51.15504563 ], [ -0.17450651, 51.15497821 ], [ -0.17448459, 51.15497887 ], [ -0.17448321, 51.15497276 ], [ -0.17443219, 51.15497892 ], [ -0.17438309, 51.15486677 ], [ -0.17443219, 51.15485483 ], [ -0.17442593, 51.1548442 ], [ -0.17439812, 51.15484394 ], [ -0.17436708, 51.15483347 ], [ -0.17428774, 51.15465742 ], [ -0.17422434, 51.15444979 ], [ -0.17408603, 51.15407594 ], [ -0.17396475, 51.15360824 ], [ -0.17389241, 51.15340104 ], [ -0.17402055, 51.15338743 ], [ -0.1740001, 51.15333245 ], [ -0.17401179, 51.15330889 ], [ -0.17396296, 51.1533013 ], [ -0.17394709, 51.15323297 ], [ -0.17402306, 51.15322538 ], [ -0.1740143, 51.15319658 ], [ -0.17406146, 51.15316647 ], [ -0.17408608, 51.15316281 ], [ -0.17408191, 51.1531416 ], [ -0.17412364, 51.1531039 ], [ -0.17695013, 51.15271329 ], [ -0.17695395, 51.15273547 ], [ -0.17727139, 51.15271315 ], [ -0.17726675, 51.15267261 ], [ -0.17807504, 51.15261687 ], [ -0.17807226, 51.1525968 ], [ -0.17808304, 51.15258851 ], [ -0.17868112, 51.15250277 ], [ -0.17869484, 51.15251453 ], [ -0.1788565, 51.15243208 ], [ -0.17891185, 51.15247488 ], [ -0.1789519, 51.15245013 ], [ -0.17898673, 51.15247753 ], [ -0.17913588, 51.15239969 ], [ -0.17914773, 51.15240045 ], [ -0.1791837, 51.15243347 ], [ -0.17927645, 51.15238287 ], [ -0.17929843, 51.15238408 ], [ -0.1793279, 51.15241151 ], [ -0.17941267, 51.15236454 ], [ -0.17946582, 51.15240938 ], [ -0.17956894, 51.15235227 ], [ -0.17962836, 51.15240105 ], [ -0.17976008, 51.15232934 ], [ -0.17981468, 51.15237101 ], [ -0.17994754, 51.15229945 ], [ -0.18000284, 51.15233938 ], [ -0.1800651, 51.15230338 ], [ -0.1801211, 51.15234505 ], [ -0.1802531, 51.15227522 ], [ -0.1803073, 51.15231594 ], [ -0.18036729, 51.15227976 ], [ -0.18042671, 51.15232121 ], [ -0.18049308, 51.15228176 ], [ -0.18060487, 51.15236996 ], [ -0.18067165, 51.15236298 ], [ -0.18067304, 51.15239177 ], [ -0.18076767, 51.15265792 ], [ -0.18078401, 51.15266774 ], [ -0.18080175, 51.15265596 ], [ -0.18090887, 51.15273843 ], [ -0.1809117, 51.15275688 ], [ -0.18097426, 51.15274869 ], [ -0.1810783, 51.15302455 ], [ -0.18104064, 51.15303002 ], [ -0.18108608, 51.15316261 ], [ -0.18112744, 51.15315486 ], [ -0.18113771, 51.15318213 ], [ -0.18109506, 51.15318886 ], [ -0.18116145, 51.15338262 ], [ -0.18112218, 51.15338809 ], [ -0.18114358, 51.15345356 ], [ -0.18149541, 51.15340348 ], [ -0.18147524, 51.15334248 ], [ -0.1814399, 51.15334309 ], [ -0.18122394, 51.15271516 ], [ -0.18128795, 51.15270629 ], [ -0.18127903, 51.15267929 ], [ -0.18117636, 51.15260494 ], [ -0.18121058, 51.15258348 ], [ -0.18115799, 51.15254813 ], [ -0.18119389, 51.15252667 ], [ -0.18117343, 51.15251593 ], [ -0.18117636, 51.15247012 ], [ -0.18121225, 51.15245284 ], [ -0.18112878, 51.15239342 ], [ -0.18112837, 51.15237457 ], [ -0.18122644, 51.15232666 ], [ -0.18118095, 51.15229236 ], [ -0.1816176, 51.15207384 ], [ -0.18201375, 51.15238017 ], [ -0.18209311, 51.15249769 ], [ -0.18249462, 51.15244188 ], [ -0.182489660355556, 51.152422231066673 ], [ -0.182485429422222, 51.152402588266668 ], [ -0.1824819272, 51.152382951600011 ], [ -0.182479153688889, 51.15236332106668 ], [ -0.182477108888889, 51.152343696666676 ], [ -0.1824757928, 51.152324078400007 ], [ -0.182475205422222, 51.152304466266671 ], [ -0.182475346755556, 51.152284860266676 ], [ -0.1824762168, 51.1522652604 ], [ -0.182477815555556, 51.152245666666666 ], [ -0.182480143022222, 51.152226079066665 ], [ -0.1824831992, 51.152206497600005 ], [ -0.182486984088889, 51.152186922266672 ], [ -0.182491497688889, 51.152167353066673 ], [ -0.18249674, 51.15214779 ], [ -0.18252948, 51.15211625 ], [ -0.18279967, 51.15198185 ], [ -0.18270194, 51.15170598 ], [ -0.18266091, 51.15171081 ], [ -0.18261561, 51.15167703 ], [ -0.18257287, 51.1517033 ], [ -0.18245393, 51.15160722 ], [ -0.18245244, 51.15159605 ], [ -0.18238186, 51.15154254 ], [ -0.18238357, 51.15152983 ], [ -0.182361956844444, 51.151506137822224 ], [ -0.182345357377778, 51.151482914622214 ], [ -0.1823337716, 51.151460160400006 ], [ -0.182327199511111, 51.151437875155558 ], [ -0.182325641111111, 51.151416058888891 ], [ -0.1823290964, 51.151394711599998 ], [ -0.182337565377778, 51.151373833288886 ], [ -0.182351048044444, 51.151353423955555 ], [ -0.1823695444, 51.151333483599998 ], [ -0.182393054444444, 51.151314012222223 ], [ -0.182421578177778, 51.151295009822221 ], [ -0.1824551156, 51.151276476400007 ], [ -0.182493666711111, 51.15125841195556 ], [ -0.182537231511111, 51.151240816488894 ], [ -0.18258581, 51.15122369 ], [ -0.17992982, 51.15158856 ] ], [ [ -0.17613845, 51.15261966 ], [ -0.17529297, 51.15273238 ], [ -0.17454664, 51.15279557 ], [ -0.17456105, 51.15283764 ], [ -0.17418315, 51.15289147 ], [ -0.17415863, 51.15284035 ], [ -0.17390403, 51.15287609 ], [ -0.17388673, 51.15282497 ], [ -0.17380596, 51.15283492 ], [ -0.17378144, 51.152763 ], [ -0.1736985, 51.1527743 ], [ -0.17363143, 51.15256621 ], [ -0.17379153, 51.15254359 ], [ -0.17381304, 51.15255519 ], [ -0.173851672088889, 51.152522900311112 ], [ -0.173892683022222, 51.15249225257778 ], [ -0.1739360728, 51.152463246800004 ], [ -0.173981841422222, 51.152435882977784 ], [ -0.174029988888889, 51.152410161111121 ], [ -0.1740805152, 51.1523860812 ], [ -0.174133420355556, 51.152363643244442 ], [ -0.174188704355556, 51.152342847244448 ], [ -0.1742463672, 51.152323693200003 ], [ -0.174306408888889, 51.152306181111115 ], [ -0.174368829422222, 51.152290310977776 ], [ -0.1744336288, 51.1522760828 ], [ -0.174500807022222, 51.152263496577781 ], [ -0.174570364088889, 51.152252552311111 ], [ -0.1746423, 51.15224325 ], [ -0.17528296, 51.15213069 ], [ -0.17581597, 51.15206002 ], [ -0.17680945, 51.15198158 ], [ -0.1768377, 51.15210711 ], [ -0.1770793, 51.1521844 ], [ -0.17735062, 51.15214855 ], [ -0.17739908, 51.15240695 ], [ -0.17716023, 51.15242486 ], [ -0.17716714, 51.15247481 ], [ -0.17690751, 51.15249109 ], [ -0.17690343, 51.15246863 ], [ -0.17613845, 51.15261966 ] ], [ [ -0.17381036, 51.15412219 ], [ -0.17369618, 51.15413852 ], [ -0.17373774, 51.15419381 ], [ -0.17375228, 51.15425224 ], [ -0.17377931, 51.15426512 ], [ -0.17379434, 51.15430974 ], [ -0.17370869, 51.15432387 ], [ -0.17374977, 51.15443288 ], [ -0.17366513, 51.15444576 ], [ -0.17368265, 51.15449917 ], [ -0.17351737, 51.1545221 ], [ -0.17352287, 51.15454472 ], [ -0.17345978, 51.15455194 ], [ -0.17345477, 51.15454221 ], [ -0.17337362, 51.15455446 ], [ -0.1733502452, 51.15455667671111 ], [ -0.173327214133333, 51.154558020177781 ], [ -0.1733045268, 51.154558490400007 ], [ -0.1732821832, 51.154558087377779 ], [ -0.173260183333333, 51.154556811111114 ], [ -0.1732385272, 51.154554661599995 ], [ -0.1732172148, 51.154551638844453 ], [ -0.173196246133333, 51.154547742844443 ], [ -0.1731756212, 51.154542973599995 ], [ -0.17315534, 51.154537331111115 ], [ -0.173135402533333, 51.154530815377775 ], [ -0.1731158088, 51.154523426400004 ], [ -0.1730965588, 51.154515164177788 ], [ -0.173077652533333, 51.154506028711111 ], [ -0.17305909, 51.15449602 ], [ -0.17304557, 51.15444576 ], [ -0.17296944, 51.15445676 ], [ -0.17283991, 51.15409487 ], [ -0.17286147, 51.15409116 ], [ -0.1728064, 51.15393374 ], [ -0.17286796, 51.15392393 ], [ -0.1728537, 51.15388269 ], [ -0.17305123, 51.15385646 ], [ -0.17300915, 51.15374913 ], [ -0.17302202, 51.15373516 ], [ -0.1730728, 51.15373233 ], [ -0.17306722, 51.15371706 ], [ -0.17313191, 51.1537092 ], [ -0.17313506, 51.15372207 ], [ -0.17332776, 51.15369561 ], [ -0.17334438, 51.15374186 ], [ -0.17342436, 51.15373339 ], [ -0.17344201, 51.1537829 ], [ -0.17352302, 51.15377378 ], [ -0.17354068, 51.15382198 ], [ -0.17361961, 51.15381156 ], [ -0.17363518, 51.15386042 ], [ -0.17371514, 51.15384935 ], [ -0.17381036, 51.15412219 ] ], [ [ -0.17408408, 51.15490913 ], [ -0.17419228, 51.15522452 ], [ -0.17411351, 51.15523592 ], [ -0.17423585, 51.15558449 ], [ -0.17406221, 51.15560524 ], [ -0.174053675644444, 51.155611346311112 ], [ -0.174044749911111, 51.155617313244441 ], [ -0.1740354328, 51.155623140800003 ], [ -0.174025724311111, 51.155628828977775 ], [ -0.174015624444444, 51.155634377777787 ], [ -0.1740051332, 51.155639787200009 ], [ -0.173994250577778, 51.155645057244442 ], [ -0.173982976577778, 51.155650187911107 ], [ -0.1739713112, 51.155655179199996 ], [ -0.173959254444444, 51.155660031111111 ], [ -0.173946806311111, 51.155664743644444 ], [ -0.1739339668, 51.155669316800001 ], [ -0.173920735911111, 51.155673750577776 ], [ -0.173907113644444, 51.155678044977783 ], [ -0.1738931, 51.1556822 ], [ -0.17381608, 51.15569143 ], [ -0.17382213, 51.15571368 ], [ -0.17378666, 51.15572997 ], [ -0.1735499, 51.15577316 ], [ -0.173548175555556, 51.155773458 ], [ -0.173546514222222, 51.155773656 ], [ -0.173544916, 51.155773754 ], [ -0.173543380888889, 51.155773752 ], [ -0.173541908888889, 51.15577365 ], [ -0.1735405, 51.155773448 ], [ -0.173539154222222, 51.155773146 ], [ -0.173537871555556, 51.155772744 ], [ -0.173536652, 51.155772242 ], [ -0.173535495555556, 51.15577164 ], [ -0.173534402222222, 51.155770938 ], [ -0.173533372, 51.155770136 ], [ -0.173532404888889, 51.155769234 ], [ -0.173531500888889, 51.155768232 ], [ -0.17353066, 51.15576713 ], [ -0.17352105, 51.15573621 ], [ -0.17344831, 51.15574564 ], [ -0.17341886, 51.15572679 ], [ -0.17318618, 51.15505746 ], [ -0.17327233, 51.15504709 ], [ -0.17323927, 51.15495316 ], [ -0.17333093, 51.15493776 ], [ -0.17331991, 51.15489598 ], [ -0.17338702, 51.15488499 ], [ -0.17338502, 51.15487493 ], [ -0.17346866, 51.154863 ], [ -0.1734346, 51.15476687 ], [ -0.17365599, 51.15473231 ], [ -0.17368004, 51.15474425 ], [ -0.17369957, 51.15479325 ], [ -0.17374614, 51.15477786 ], [ -0.17378171, 51.15478572 ], [ -0.17380074, 51.15482781 ], [ -0.17386985, 51.1548209 ], [ -0.17389389, 51.15483127 ], [ -0.17390591, 51.15487242 ], [ -0.17396201, 51.15486394 ], [ -0.17399156, 51.15487619 ], [ -0.17400409, 51.15491672 ], [ -0.17408408, 51.15490913 ] ], [ [ -0.17485283, 51.15724224 ], [ -0.17477855, 51.15725626 ], [ -0.17482903, 51.15739243 ], [ -0.17468623, 51.15741324 ], [ -0.17471546, 51.15750792 ], [ -0.17449332, 51.15753823 ], [ -0.1745063, 51.15757035 ], [ -0.17448249, 51.15758935 ], [ -0.17397603, 51.15765823 ], [ -0.1739595, 51.1576155 ], [ -0.17335173, 51.15772775 ], [ -0.1727164, 51.15781828 ], [ -0.17198326, 51.15789314 ], [ -0.17198927, 51.15791042 ], [ -0.17176686, 51.15794215 ], [ -0.17176036, 51.15791702 ], [ -0.17150291, 51.15795553 ], [ -0.17144219, 51.15795515 ], [ -0.171441, 51.15790576 ], [ -0.17130061, 51.15789396 ], [ -0.17104442, 51.15775554 ], [ -0.17077041, 51.15734303 ], [ -0.170728, 51.15724151 ], [ -0.17074012, 51.15724097 ], [ -0.17071155, 51.15719754 ], [ -0.170687015244444, 51.15712960582222 ], [ -0.170668370977778, 51.157064779288888 ], [ -0.1706556172, 51.157003060400008 ], [ -0.170648753911111, 51.156944449155567 ], [ -0.170647781111111, 51.156888945555565 ], [ -0.1706526988, 51.156836549600001 ], [ -0.170663506977778, 51.156787261288891 ], [ -0.170680205644444, 51.156741080622226 ], [ -0.1707027948, 51.156698007600006 ], [ -0.170731274444444, 51.156658042222233 ], [ -0.170765644577778, 51.156621184488891 ], [ -0.1708059052, 51.156587434400009 ], [ -0.170852056311111, 51.156556791955566 ], [ -0.170904097911111, 51.156529257155562 ], [ -0.17096203, 51.15650483 ], [ -0.1711992, 51.15641849 ], [ -0.17180429, 51.15629457 ], [ -0.17263891, 51.15618045 ], [ -0.17263651, 51.15616612 ], [ -0.17342377, 51.15608144 ], [ -0.17341575, 51.15606291 ], [ -0.17395453, 51.1559891 ], [ -0.17396185, 51.15600786 ], [ -0.17399037, 51.15600437 ], [ -0.17400428, 51.15603753 ], [ -0.17428402, 51.1559966 ], [ -0.17430085, 51.15604938 ], [ -0.17438498, 51.15603581 ], [ -0.17448706, 51.15633105 ], [ -0.17453274, 51.15632577 ], [ -0.17456641, 51.15641964 ], [ -0.17449957, 51.15643029 ], [ -0.17463349, 51.1567093 ], [ -0.17441855, 51.15678892 ], [ -0.17438754, 51.15681471 ], [ -0.17439907, 51.15686085 ], [ -0.17465441, 51.15677128 ], [ -0.17468053, 51.1568377 ], [ -0.17467352, 51.15684179 ], [ -0.17468855, 51.15693163 ], [ -0.17474213, 51.15692347 ], [ -0.17485283, 51.15724224 ] ] ] } },
{ "type": "Feature", "properties": { "name": "New Taxiway 13", "surface_type": "UNKNOWN_53", "smoothness": 0.0, "texture_orientation": 52.0 }, "geometry": { "type": "Polygon", "coordinates": [ [ [ -0.18310424, 51.15115076 ], [ -0.18311018, 51.15116677 ], [ -0.1824875, 51.15147813 ], [ -0.18269204, 51.1516399 ], [ -0.18351014, 51.15122054 ], [ -0.18394569, 51.15103402 ], [ -0.18310424, 51.15115076 ] ] ] } },
{ "type": "Feature", "properties": { "name": "S+R", "surface_type": "UNKNOWN_53", "smoothness": 0.0, "texture_orientation": 77.6 }, "geometry": { "type": "Polygon", "coordinates": [ [ [ -0.19196384, 51.15044826 ], [ -0.191454, 51.15052271 ], [ -0.19143143, 51.1505182 ], [ -0.1914181, 51.1504944 ], [ -0.191364102222222, 51.150504797555556 ], [ -0.191310410222222, 51.150514960888884 ], [ -0.191257024, 51.15052489 ], [ -0.191203943555556, 51.150534584888895 ], [ -0.191151168888889, 51.150544045555556 ], [ -0.1910987, 51.150553272 ], [ -0.191046536888889, 51.150562264222224 ], [ -0.190994679555556, 51.150571022222216 ], [ -0.190943128, 51.150579545999989 ], [ -0.190891882222222, 51.150587835555555 ], [ -0.190840942222222, 51.15059589088888 ], [ -0.190790308, 51.150603712 ], [ -0.190739979555556, 51.15061129888889 ], [ -0.190689956888889, 51.150618651555561 ], [ -0.19064024, 51.15062577 ], [ -0.18945103, 51.1507906 ], [ -0.189381412844444, 51.150799541777779 ], [ -0.189313886711111, 51.150807985777782 ], [ -0.1892484516, 51.150815932 ], [ -0.189185107511111, 51.15082338044445 ], [ -0.189123854444444, 51.150830331111123 ], [ -0.1890646924, 51.150836784 ], [ -0.189007621377778, 51.150842739111113 ], [ -0.188952641377778, 51.150848196444443 ], [ -0.1888997524, 51.150853156 ], [ -0.188848954444444, 51.150857617777781 ], [ -0.188800247511111, 51.150861581777775 ], [ -0.1887536316, 51.150865048 ], [ -0.188709106711111, 51.150868016444448 ], [ -0.188666672844444, 51.150870487111114 ], [ -0.18862633, 51.15087246 ], [ -0.18614841, 51.15121348 ], [ -0.18532311, 51.15136282 ], [ -0.18358218, 51.15158618 ], [ -0.18287052, 51.15162236 ], [ -0.1828695, 51.15161143 ], [ -0.182864296355556, 51.151611390044451 ], [ -0.182859370755556, 51.151611270177781 ], [ -0.1828547232, 51.151611070400008 ], [ -0.182850353688889, 51.151610790711111 ], [ -0.182846262222222, 51.151610431111123 ], [ -0.1828424488, 51.151609991600004 ], [ -0.182838913422222, 51.151609472177775 ], [ -0.182835656088889, 51.151608872844449 ], [ -0.1828326768, 51.151608193599998 ], [ -0.182829975555556, 51.151607434444443 ], [ -0.182827552355556, 51.151606595377771 ], [ -0.1828254072, 51.15160567640001 ], [ -0.182823540088889, 51.151604677511102 ], [ -0.182821951022222, 51.151603598711105 ], [ -0.18282064, 51.15160244 ], [ -0.18280195, 51.15161177 ], [ -0.182763, 51.15160352 ], [ -0.18269204, 51.1516399 ], [ -0.1824875, 51.15147813 ], [ -0.18238357, 51.15152983 ], [ -0.18238186, 51.15154254 ], [ -0.18245244, 51.15159605 ], [ -0.18245393, 51.15160722 ], [ -0.18257287, 51.1517033 ], [ -0.18261561, 51.15167703 ], [ -0.18266091, 51.15171081 ], [ -0.18270194, 51.15170598 ], [ -0.18279967, 51.15198185 ], [ -0.18252948, 51.15211625 ], [ -0.18249674, 51.15214779 ], [ -0.182491496444444, 51.152167353066666 ], [ -0.182486981777778, 51.152186922266672 ], [ -0.182483196, 51.152206497600012 ], [ -0.182480139111111, 51.152226079066672 ], [ -0.182477811111111, 51.152245666666673 ], [ -0.182476212, 51.1522652604 ], [ -0.182475341777778, 51.152284860266661 ], [ -0.182475200444444, 51.152304466266663 ], [ -0.182475788, 51.1523240784 ], [ -0.182477104444444, 51.152343696666662 ], [ -0.182479149777778, 51.152363321066673 ], [ -0.182481924, 51.152382951600003 ], [ -0.182485427111111, 51.152402588266668 ], [ -0.182489659111111, 51.152422231066666 ], [ -0.18249462, 51.15244188 ], [ -0.18209311, 51.15249769 ], [ -0.18201375, 51.15238017 ], [ -0.18193739, 51.15241817 ], [ -0.181946053644444, 51.152424983288888 ], [ -0.181954844577778, 51.15243251382222 ], [ -0.1819637628, 51.152440761600005 ], [ -0.181972808311111, 51.15244972662223 ], [ -0.181981981111111, 51.152459408888902 ], [ -0.1819912812, 51.152469808399999 ], [ -0.182000708577778, 51.152480925155558 ], [ -0.182010263244444, 51.15249275915555 ], [ -0.1820199452, 51.152505310400002 ], [ -0.182029754444444, 51.152518578888888 ], [ -0.182039690977778, 51.15253256462222 ], [ -0.1820497548, 51.152547267599999 ], [ -0.182059945911111, 51.152562687822218 ], [ -0.182070264311111, 51.152578825288884 ], [ -0.18208071, 51.15259568 ], [ -0.18211319, 51.15264305 ], [ -0.1824046, 51.15325677 ], [ -0.18238383, 51.15325702 ], [ -0.182422396, 51.153364803822221 ], [ -0.182454080666667, 51.153465931288885 ], [ -0.182478884, 51.153560402400004 ], [ -0.182496806, 51.153648217155549 ], [ -0.182507846666667, 51.153729375555564 ], [ -0.182512006, 51.153803877600005 ], [ -0.182509284, 51.153871723288894 ], [ -0.182499680666667, 51.153932912622224 ], [ -0.182483196, 51.153987445600002 ], [ -0.18245983, 51.154035322222221 ], [ -0.182429582666667, 51.15407654248888 ], [ -0.182392454, 51.154111106400002 ], [ -0.182348444, 51.154139013955557 ], [ -0.182297552666667, 51.154160265155554 ], [ -0.18223978, 51.15417486 ], [ -0.18237572, 51.15458071 ], [ -0.182421741555556, 51.154577160444447 ], [ -0.182466235555556, 51.154577546444443 ], [ -0.182509202, 51.154581868 ], [ -0.182550640888889, 51.154590125111113 ], [ -0.182590552222222, 51.154602317777773 ], [ -0.182628936, 51.154618446 ], [ -0.182665792222222, 51.154638509777776 ], [ -0.182701120888889, 51.154662509111105 ], [ -0.182734922, 51.154690444 ], [ -0.182767195555556, 51.154722314444442 ], [ -0.182797941555556, 51.154758120444441 ], [ -0.18282716, 51.154797862 ], [ -0.182854850888889, 51.154841539111111 ], [ -0.182881014222222, 51.15488915177778 ], [ -0.18290565, 51.1549407 ], [ -0.182916671422222, 51.154973086844443 ], [ -0.182925626355556, 51.155005018044442 ], [ -0.1829325148, 51.155036493600008 ], [ -0.182937336755556, 51.155067513511113 ], [ -0.182940092222222, 51.15509807777778 ], [ -0.1829407812, 51.155128186399999 ], [ -0.182939403688889, 51.155157839377772 ], [ -0.182935959688889, 51.155187036711112 ], [ -0.1829304492, 51.155215778400006 ], [ -0.182922872222222, 51.155244064444446 ], [ -0.182913228755556, 51.155271894844446 ], [ -0.1829015188, 51.1552992696 ], [ -0.182887742355556, 51.155326188711115 ], [ -0.182871899422222, 51.155352652177775 ], [ -0.18285399, 51.15537866 ], [ -0.18318271, 51.15553972 ], [ -0.18320086, 51.15562033 ], [ -0.1832023, 51.15563578 ], [ -0.18324991, 51.15584981 ], [ -0.183256072177778, 51.155886840622223 ], [ -0.183260932044444, 51.15592222848889 ], [ -0.1832644896, 51.155955973600008 ], [ -0.183266744844444, 51.155988075955563 ], [ -0.183267697777778, 51.156018535555567 ], [ -0.1832673484, 51.156047352400002 ], [ -0.183265696711111, 51.156074526488894 ], [ -0.183262742711111, 51.156100057822229 ], [ -0.1832584864, 51.156123946400001 ], [ -0.183252927777778, 51.156146192222224 ], [ -0.183246066844444, 51.156166795288897 ], [ -0.1832379036, 51.156185755600006 ], [ -0.183228438044444, 51.156203073155559 ], [ -0.183217670177778, 51.156218747955563 ], [ -0.1832056, 51.15623278 ], [ -0.183202063822222, 51.15624355813334 ], [ -0.183196951288889, 51.156253593866673 ], [ -0.1831902624, 51.156262887200008 ], [ -0.183181997155556, 51.156271438133345 ], [ -0.183172155555556, 51.156279246666678 ], [ -0.1831607376, 51.156286312800006 ], [ -0.183147743288889, 51.156292636533337 ], [ -0.183133172622222, 51.15629821786667 ], [ -0.1831170256, 51.156303056800013 ], [ -0.183099302222222, 51.156307153333344 ], [ -0.183080002488889, 51.156310507466671 ], [ -0.1830591264, 51.156313119200007 ], [ -0.183036673955556, 51.156314988533339 ], [ -0.183012645155556, 51.156316115466673 ], [ -0.18298704, 51.1563165 ], [ -0.18277461, 51.15627879 ], [ -0.18254123, 51.15676643 ], [ -0.1826059, 51.15675931 ], [ -0.18288565, 51.15752942 ], [ -0.18287246, 51.1575333 ], [ -0.18287543, 51.15758073 ], [ -0.18284159, 51.15761163 ], [ -0.18291352, 51.15782382 ], [ -0.19095748, 51.15671239 ], [ -0.1908021, 51.15630463 ], [ -0.19085855, 51.1562966 ], [ -0.19073774, 51.15594587 ], [ -0.19064522, 51.15595518 ], [ -0.19062508, 51.15590381 ], [ -0.19067406, 51.15589667 ], [ -0.190682412933333, 51.15589572413333 ], [ -0.190690565066667, 51.155895267866669 ], [ -0.1906985164, 51.155895301199998 ], [ -0.190706266933333, 51.155895824133339 ], [ -0.190713816666667, 51.15589683666667 ], [ -0.1907211656, 51.155898338799993 ], [ -0.190728313733333, 51.155900330533328 ], [ -0.190735261066667, 51.155902811866667 ], [ -0.1907420076, 51.155905782800005 ], [ -0.190748553333333, 51.15590924333334 ], [ -0.190754898266667, 51.155913193466667 ], [ -0.1907610424, 51.155917633199998 ], [ -0.190766985733333, 51.155922562533334 ], [ -0.190772728266667, 51.155927981466668 ], [ -0.19077827, 51.15593389 ], [ -0.19072214, 51.15577059 ], [ -0.190721910222222, 51.155777025777773 ], [ -0.190721132888889, 51.155783095777785 ], [ -0.190719808, 51.1557888 ], [ -0.190717935555556, 51.155794138444449 ], [ -0.190715515555556, 51.155799111111122 ], [ -0.190712548, 51.155803718 ], [ -0.190709032888889, 51.155807959111122 ], [ -0.190704970222222, 51.155811834444442 ], [ -0.19070036, 51.155815344 ], [ -0.190695202222222, 51.155818487777786 ], [ -0.190689496888889, 51.155821265777782 ], [ -0.190683244, 51.155823678 ], [ -0.190676443555556, 51.155825724444448 ], [ -0.190669095555556, 51.155827405111111 ], [ -0.1906612, 51.15582872 ], [ -0.19060777, 51.15583585 ], [ -0.1902849, 51.15490857 ], [ -0.19014511, 51.15492494 ], [ -0.19015006, 51.15488987 ], [ -0.19002993, 51.15456235 ], [ -0.1901447, 51.15454311 ], [ -0.19014965, 51.15448322 ], [ -0.19018972, 51.15444909 ], [ -0.19018428, 51.15442489 ], [ -0.19014074, 51.15442116 ], [ -0.18999414, 51.15444233 ], [ -0.18995852, 51.15434738 ], [ -0.1901099, 51.15431976 ], [ -0.19010149, 51.15429215 ], [ -0.18997487, 51.15430593 ], [ -0.18995827, 51.15431743 ], [ -0.18995569, 51.15431114 ], [ -0.18994424, 51.15431168 ], [ -0.18993183, 51.15427549 ], [ -0.18999982, 51.15426533 ], [ -0.1890553, 51.1515531 ], [ -0.18897269, 51.15155993 ], [ -0.18738731, 51.15178122 ], [ -0.187382894, 51.151781665866658 ], [ -0.187378736666667, 51.151781974133335 ], [ -0.187374838, 51.151782144800002 ], [ -0.187371198, 51.151782177866679 ], [ -0.187367816666667, 51.151782073333337 ], [ -0.187364694, 51.151781831199997 ], [ -0.18736183, 51.151781451466668 ], [ -0.187359224666667, 51.151780934133342 ], [ -0.187356878, 51.151780279200011 ], [ -0.18735479, 51.151779486666669 ], [ -0.187352960666667, 51.151778556533337 ], [ -0.18735139, 51.151777488800008 ], [ -0.187350078, 51.151776283466674 ], [ -0.187349024666667, 51.151774940533336 ], [ -0.18734823, 51.15177346 ], [ -0.18732547, 51.15170613 ], [ -0.187316580580741, 51.151660745946664 ], [ -0.187326171179259, 51.151617257573342 ], [ -0.18735355008, 51.151575592560008 ], [ -0.187398025567407, 51.151535678586683 ], [ -0.187458905925926, 51.151497443333355 ], [ -0.18753549944, 51.151460814480011 ], [ -0.187627114394074, 51.151425719706666 ], [ -0.187733059072593, 51.151392086693335 ], [ -0.18785264176, 51.151359843119998 ], [ -0.187985170740741, 51.151328916666671 ], [ -0.188129954299259, 51.151299235013326 ], [ -0.18828630072, 51.15127072584 ], [ -0.188453518287407, 51.151243316826658 ], [ -0.188630915285926, 51.151216935653331 ], [ -0.1888178, 51.15119151 ], [ -0.18881681, 51.15118468 ], [ -0.19126744, 51.15084819 ], [ -0.19127109, 51.15085833 ], [ -0.19170277, 51.1508042 ], [ -0.191761421155556, 51.150797152844454 ], [ -0.191818553288889, 51.15079104071112 ], [ -0.1918741664, 51.150785863600014 ], [ -0.191928260488889, 51.150781621511122 ], [ -0.191980835555556, 51.150778314444459 ], [ -0.1920318916, 51.150775942400003 ], [ -0.192081428622222, 51.150774505377775 ], [ -0.192129446622222, 51.150774003377784 ], [ -0.1921759456, 51.150774436399999 ], [ -0.192220925555556, 51.15077580444445 ], [ -0.192264386488889, 51.150778107511115 ], [ -0.1923063284, 51.150781345600002 ], [ -0.192346751288889, 51.15078551871111 ], [ -0.192385655155556, 51.15079062684444 ], [ -0.19242304, 51.15079667 ], [ -0.19196384, 51.15044826 ] ], [ [ -0.18470146, 51.15175228 ], [ -0.18494607, 51.15171915 ], [ -0.18494893, 51.15172687 ], [ -0.18565246, 51.15165085 ], [ -0.18574467, 51.151643467244455 ], [ -0.185831596, 51.151637118977774 ], [ -0.185913238, 51.151631805200012 ], [ -0.185989596, 51.151627525911124 ], [ -0.18606067, 51.151624281111111 ], [ -0.18612646, 51.151622070800002 ], [ -0.186186966, 51.151620894977775 ], [ -0.186242188, 51.151620753644451 ], [ -0.186292126, 51.151621646800002 ], [ -0.18633678, 51.151623574444443 ], [ -0.18637615, 51.151626536577773 ], [ -0.186410236, 51.151630533200006 ], [ -0.186439038, 51.151635564311114 ], [ -0.186462556, 51.151641629911111 ], [ -0.18648079, 51.15164873 ], [ -0.186495954622222, 51.151656345911114 ], [ -0.186510264488889, 51.151663958977785 ], [ -0.1865237196, 51.151671569200005 ], [ -0.186536319955556, 51.15167917657778 ], [ -0.186548065555556, 51.151686781111117 ], [ -0.1865589564, 51.151694382800002 ], [ -0.186568992488889, 51.15170198164445 ], [ -0.186578173822222, 51.151709577644446 ], [ -0.1865865004, 51.151717170799998 ], [ -0.186593972222222, 51.151724761111112 ], [ -0.186600589288889, 51.151732348577774 ], [ -0.1866063516, 51.151739933200005 ], [ -0.186611259155556, 51.151747514977778 ], [ -0.186615311955556, 51.151755093911113 ], [ -0.18661851, 51.15176267 ], [ -0.1866561, 51.1518796 ], [ -0.18480266, 51.15213554 ], [ -0.18478414, 51.15212884 ], [ -0.184774556177778, 51.152107017600002 ], [ -0.184765554044444, 51.152084726400005 ], [ -0.1847571336, 51.152061966400005 ], [ -0.184749294844444, 51.152038737600002 ], [ -0.184742037777778, 51.15201504 ], [ -0.1847353624, 51.151990873599999 ], [ -0.184729268711111, 51.1519662384 ], [ -0.184723756711111, 51.151941134399991 ], [ -0.1847188264, 51.151915561599999 ], [ -0.184714477777778, 51.15188952 ], [ -0.184710710844444, 51.151863009599992 ], [ -0.1847075256, 51.151836030399998 ], [ -0.184704922044444, 51.151808582399994 ], [ -0.184702900177778, 51.151780665599993 ], [ -0.18470146, 51.15175228 ] ], [ [ -0.18447383, 51.15219039 ], [ -0.18446987, 51.15221056 ], [ -0.1844199, 51.15221956 ], [ -0.18442782, 51.15225989 ], [ -0.18441793, 51.15226269 ], [ -0.18441694, 51.15226951 ], [ -0.18419922, 51.15229833 ], [ -0.18444123, 51.1529895 ], [ -0.18454894, 51.15297221 ], [ -0.18455667, 51.15299789 ], [ -0.18462967, 51.15303434 ], [ -0.18469823, 51.15300978 ], [ -0.18492313, 51.15297558 ], [ -0.18494468, 51.15304419 ], [ -0.18502465, 51.15303178 ], [ -0.18517267, 51.15338604 ], [ -0.18515246, 51.15339716 ], [ -0.18468242, 51.1534655 ], [ -0.18479722, 51.15381818 ], [ -0.18476266, 51.15388706 ], [ -0.184740200622222, 51.153897452844447 ], [ -0.184717958488889, 51.153905983377783 ], [ -0.1846959336, 51.15391265160001 ], [ -0.184674125955556, 51.15391745751112 ], [ -0.184652535555556, 51.153920401111115 ], [ -0.1846311624, 51.153921482400001 ], [ -0.184610006488889, 51.153920701377778 ], [ -0.184589067822222, 51.153918058044447 ], [ -0.1845683464, 51.153913552400006 ], [ -0.184547842222222, 51.153907184444449 ], [ -0.184527555288889, 51.153898954177777 ], [ -0.1845074856, 51.153888861600002 ], [ -0.184487633155556, 51.153876906711112 ], [ -0.184467997955556, 51.153863089511113 ], [ -0.18444858, 51.15384741 ], [ -0.18449253, 51.15402664 ], [ -0.18459807, 51.15401191 ], [ -0.184625044888889, 51.154008067688892 ], [ -0.184650612222222, 51.154005596755553 ], [ -0.184674772, 51.154004497199999 ], [ -0.184697524222222, 51.154004769022229 ], [ -0.184718868888889, 51.15400641222223 ], [ -0.184738806, 51.154009426799995 ], [ -0.184757335555556, 51.154013812755558 ], [ -0.184774457555556, 51.154019570088884 ], [ -0.184790172, 51.154026698799996 ], [ -0.184804478888889, 51.154035198888892 ], [ -0.184817378222222, 51.154045070355551 ], [ -0.18482887, 51.154056313199995 ], [ -0.184838954222222, 51.154068927422223 ], [ -0.184847630888889, 51.154082913022222 ], [ -0.1848549, 51.15409827 ], [ -0.18489526, 51.15420117 ], [ -0.18483256, 51.15427461 ], [ -0.184830549022222, 51.154276117822228 ], [ -0.184828345422222, 51.154277569288887 ], [ -0.1848259492, 51.154278964400007 ], [ -0.184823360355556, 51.154280303155559 ], [ -0.184820578888889, 51.154281585555559 ], [ -0.1848176048, 51.154282811599998 ], [ -0.184814438088889, 51.154283981288884 ], [ -0.184811078755556, 51.154285094622225 ], [ -0.1848075268, 51.154286151599997 ], [ -0.184803782222222, 51.154287152222224 ], [ -0.184799845022222, 51.154288096488884 ], [ -0.1847957152, 51.154288984400004 ], [ -0.184791392755556, 51.154289815955551 ], [ -0.184786877688889, 51.154290591155551 ], [ -0.18478217, 51.15429131 ], [ -0.18367797, 51.15444723 ], [ -0.18370064, 51.1545151 ], [ -0.18342255, 51.15455935 ], [ -0.1833693, 51.15455935 ], [ -0.18318709, 51.15448608 ], [ -0.1831584, 51.15446467 ], [ -0.18301046, 51.15404623 ], [ -0.1830263, 51.15401985 ], [ -0.18308516, 51.15401054 ], [ -0.18308022, 51.15398541 ], [ -0.18348101, 51.15392774 ], [ -0.18349795, 51.15394082 ], [ -0.18353667, 51.15405444 ], [ -0.18438289, 51.1539383 ], [ -0.18420185, 51.15342664 ], [ -0.18409168, 51.15344169 ], [ -0.18411007, 51.1534814 ], [ -0.18337828, 51.15358967 ], [ -0.18342061, 51.15371388 ], [ -0.18340697, 51.15372744 ], [ -0.18322591, 51.15375071 ], [ -0.18321084, 51.15374057 ], [ -0.18318107, 51.15374362 ], [ -0.18318708, 51.1537578 ], [ -0.1830357, 51.15377836 ], [ -0.18300396, 51.15377138 ], [ -0.18300314, 51.15375871 ], [ -0.18291162, 51.15376621 ], [ -0.18266468, 51.15297433 ], [ -0.18257699, 51.1525704 ], [ -0.18260475, 51.15255597 ], [ -0.18259585, 51.15244736 ], [ -0.18256963, 51.15245016 ], [ -0.18257457, 51.15241168 ], [ -0.182573954533333, 51.152392381333335 ], [ -0.182573908133333, 51.15237379733334 ], [ -0.1825744308, 51.152355928 ], [ -0.182575522533333, 51.152338773333334 ], [ -0.182577183333333, 51.152322333333345 ], [ -0.1825794132, 51.152306608 ], [ -0.182582212133333, 51.152291597333331 ], [ -0.182585580133333, 51.152277301333342 ], [ -0.1825895172, 51.15226372 ], [ -0.182594023333333, 51.152250853333335 ], [ -0.182599098533333, 51.152238701333332 ], [ -0.1826047428, 51.152227264 ], [ -0.182610956133333, 51.152216541333331 ], [ -0.182617738533333, 51.152206533333334 ], [ -0.18262509, 51.15219724 ], [ -0.18269217, 51.15215926 ], [ -0.18295276, 51.15224937 ], [ -0.18278685, 51.15233357 ], [ -0.18279401, 51.15233429 ], [ -0.18284268, 51.15231238 ], [ -0.18296263, 51.15228652 ], [ -0.18297278, 51.15231845 ], [ -0.18294462, 51.15232276 ], [ -0.18295973, 51.15236758 ], [ -0.18299362, 51.15236267 ], [ -0.18299134, 51.15234732 ], [ -0.18308649, 51.15227191 ], [ -0.1832303, 51.15225015 ], [ -0.18318965, 51.15222823 ], [ -0.183190102711111, 51.152225250177779 ], [ -0.183191594177778, 51.152221689377775 ], [ -0.1831941244, 51.152217547600003 ], [ -0.183197693377778, 51.152212824844455 ], [ -0.183202301111111, 51.152207521111116 ], [ -0.1832079476, 51.152201636400001 ], [ -0.183214632844444, 51.15219517071111 ], [ -0.183222356844444, 51.152188124044443 ], [ -0.1832311196, 51.1521804964 ], [ -0.183240921111111, 51.152172287777773 ], [ -0.183251761377778, 51.152163498177771 ], [ -0.1832636404, 51.152154127599999 ], [ -0.183276558177778, 51.152144176044445 ], [ -0.183290514711111, 51.152133643511114 ], [ -0.18330551, 51.15212253 ], [ -0.18338692, 51.15215119 ], [ -0.1833694, 51.15216865 ], [ -0.18355182, 51.15223717 ], [ -0.18348711, 51.15224669 ], [ -0.18341372, 51.15222295 ], [ -0.18338624, 51.15222855 ], [ -0.1834538, 51.15225159 ], [ -0.18323677, 51.15228352 ], [ -0.18325566, 51.15232473 ], [ -0.18318872, 51.15233443 ], [ -0.18320482, 51.15237861 ], [ -0.18314058, 51.15238852 ], [ -0.18315432, 51.1524314 ], [ -0.18303683, 51.15244809 ], [ -0.18324071, 51.15302983 ], [ -0.18329809, 51.15303076 ], [ -0.18334064, 51.15305899 ], [ -0.18335795, 51.15310212 ], [ -0.18334212, 51.15314277 ], [ -0.18330146, 51.15317394 ], [ -0.18330249, 51.15318665 ], [ -0.18366317, 51.15317395 ], [ -0.18366482, 51.15315637 ], [ -0.183640905155556, 51.153153147866668 ], [ -0.183619032622222, 51.153149265466674 ], [ -0.1835992024, 51.153144722800008 ], [ -0.183581414488889, 51.153139519866663 ], [ -0.183565668888889, 51.153133656666668 ], [ -0.1835519656, 51.153127133200002 ], [ -0.183540304622222, 51.153119949466664 ], [ -0.183530685955556, 51.153112105466661 ], [ -0.1835231096, 51.153103601199994 ], [ -0.183517575555556, 51.153094436666663 ], [ -0.183514083822222, 51.15308461186666 ], [ -0.1835126344, 51.1530741268 ], [ -0.183513227288889, 51.153062981466661 ], [ -0.183515862488889, 51.153051175866665 ], [ -0.18352054, 51.15303871 ], [ -0.18357083, 51.15298803 ], [ -0.18410738, 51.15290847 ], [ -0.18414211, 51.1530061 ], [ -0.18436107, 51.15297769 ], [ -0.18433005, 51.15288043 ], [ -0.18417665, 51.15290213 ], [ -0.18415502, 51.15283189 ], [ -0.184175, 51.15282902 ], [ -0.1841679, 51.15280657 ], [ -0.18417763, 51.15280513 ], [ -0.18407226, 51.15249262 ], [ -0.18403351, 51.1524978 ], [ -0.18389731, 51.15209911 ], [ -0.18396544, 51.15209049 ], [ -0.18393653, 51.15200143 ], [ -0.18400352, 51.15199299 ], [ -0.18398977, 51.15194684 ], [ -0.18413293, 51.15192807 ], [ -0.18410719, 51.15184591 ], [ -0.1841112, 51.15183119 ], [ -0.18426865, 51.15181036 ], [ -0.184272174222222, 51.151810108888895 ], [ -0.184275528222222, 51.151810003555553 ], [ -0.184278712, 51.151810044 ], [ -0.184281725555556, 51.151810230222232 ], [ -0.184284568888889, 51.151810562222231 ], [ -0.184287242, 51.15181104 ], [ -0.184289744888889, 51.151811663555556 ], [ -0.184292077555556, 51.151812432888896 ], [ -0.18429424, 51.151813348 ], [ -0.184296232222222, 51.151814408888896 ], [ -0.184298054222222, 51.151815615555556 ], [ -0.184299706, 51.151816968 ], [ -0.184301187555556, 51.151818466222224 ], [ -0.184302498888889, 51.151820110222225 ], [ -0.18430364, 51.1518219 ], [ -0.184319725466667, 51.151847749644453 ], [ -0.184335133866667, 51.151873415911112 ], [ -0.1843498652, 51.151898898800006 ], [ -0.184363919466667, 51.151924198311121 ], [ -0.184377296666667, 51.151949314444444 ], [ -0.1843899968, 51.151974247200002 ], [ -0.184402019866667, 51.151998996577774 ], [ -0.184413365866667, 51.152023562577781 ], [ -0.1844240348, 51.152047945199996 ], [ -0.184434026666667, 51.152072144444446 ], [ -0.184443341466667, 51.15209616031111 ], [ -0.1844519792, 51.152119992799996 ], [ -0.184459939866667, 51.15214364191111 ], [ -0.184467223466667, 51.152167107644445 ], [ -0.18447383, 51.15219039 ] ], [ [ -0.18433238, 51.15606669 ], [ -0.18431671, 51.15611405 ], [ -0.18417992, 51.15615203 ], [ -0.184155688444444, 51.156151383911123 ], [ -0.184132577777778, 51.156150400311112 ], [ -0.184110588, 51.156149079200013 ], [ -0.184089719111111, 51.156147420577774 ], [ -0.184069971111111, 51.156145424444453 ], [ -0.184051344, 51.156143090800001 ], [ -0.184033837777778, 51.156140419644444 ], [ -0.184017452444444, 51.156137410977777 ], [ -0.184002188, 51.1561340648 ], [ -0.183988044444444, 51.156130381111112 ], [ -0.183975021777778, 51.156126359911106 ], [ -0.18396312, 51.156122001200004 ], [ -0.183952339111111, 51.156117304977769 ], [ -0.183942679111111, 51.156112271244446 ], [ -0.18393414, 51.1561069 ], [ -0.183912144222222, 51.156089843555563 ], [ -0.183890799555556, 51.156072274222218 ], [ -0.183870106, 51.156054192 ], [ -0.183850063555556, 51.156035596888898 ], [ -0.183830672222222, 51.156016488888902 ], [ -0.183811932, 51.155996868 ], [ -0.183793842888889, 51.155976734222229 ], [ -0.183776404888889, 51.155956087555559 ], [ -0.183759618, 51.155934928 ], [ -0.183743482222222, 51.155913255555561 ], [ -0.183727997555556, 51.155891070222225 ], [ -0.183713164, 51.155868372 ], [ -0.183698981555556, 51.155845160888894 ], [ -0.183685450222222, 51.155821436888893 ], [ -0.18367257, 51.1557972 ], [ -0.18366377, 51.15579775 ], [ -0.18347522, 51.15538045 ], [ -0.18350906, 51.15537635 ], [ -0.18368785, 51.15519732 ], [ -0.18368272, 51.15517866 ], [ -0.1839997, 51.15513748 ], [ -0.18412785, 51.15548461 ], [ -0.18403136, 51.15549705 ], [ -0.18405576, 51.15556981 ], [ -0.18415517, 51.15555736 ], [ -0.18433238, 51.15606669 ] ], [ [ -0.18557623, 51.15484978 ], [ -0.18575347, 51.15482616 ], [ -0.18569903, 51.15464921 ], [ -0.1855166, 51.15467203 ], [ -0.18549278, 51.15460108 ], [ -0.18571202, 51.15457289 ], [ -0.18550556, 51.15398241 ], [ -0.18554576, 51.1539788 ], [ -0.18584059, 51.15483687 ], [ -0.18558474, 51.15487514 ], [ -0.18557623, 51.15484978 ] ], [ [ -0.185515, 51.15488421 ], [ -0.1852813, 51.15491734 ], [ -0.18518704, 51.15464039 ], [ -0.18541716, 51.1546108 ], [ -0.18544245, 51.15468131 ], [ -0.18525791, 51.15470441 ], [ -0.1853295, 51.15488267 ], [ -0.18550602, 51.15485914 ], [ -0.185515, 51.15488421 ] ] ] } },
{ "type": "Feature", "properties": { "name": "New Taxiway 8", "surface_type": "UNKNOWN_54", "smoothness": 0.0, "texture_orientation": 348.0 }, "geometry": { "type": "Polygon", "coordinates": [ [ [ -0.19294873, 51.15294717 ], [ -0.19135862, 51.15316407 ], [ -0.19146409, 51.15343318 ], [ -0.19164694, 51.15414771 ], [ -0.19180145, 51.15463431 ], [ -0.19345078, 51.15440159 ], [ -0.19322353, 51.15374326 ], [ -0.19294873, 51.15294717 ] ] ] } },
{ "type": "Feature", "properties": { "name": "New Taxiway 7", "surface_type": "ASPHALT", "smoothness": 0.0, "texture_orientation": 348.0 }, "geometry": { "type": "Polygon", "coordinates": [ [ [ -0.19187335, 51.14994154 ], [ -0.19209001, 51.14997815 ], [ -0.1921106152, 51.149985423422223 ], [ -0.1921299668, 51.149992718355563 ], [ -0.1921480648, 51.150000034800009 ], [ -0.1921649092, 51.150007372755567 ], [ -0.1921805, 51.150014732222232 ], [ -0.1921948372, 51.150022113200009 ], [ -0.1922079208, 51.150029515688892 ], [ -0.1922197508, 51.150036939688889 ], [ -0.1922303272, 51.150044385200005 ], [ -0.19223965, 51.150051852222227 ], [ -0.1922477192, 51.150059340755561 ], [ -0.1922545348, 51.150066850800002 ], [ -0.1922600968, 51.150074382355562 ], [ -0.1922644052, 51.150081935422229 ], [ -0.19226746, 51.15008951 ], [ -0.19303713, 51.14998157 ], [ -0.193033349155556, 51.149967094844442 ], [ -0.193032667955556, 51.149952424044457 ], [ -0.1930350864, 51.149937557600005 ], [ -0.193040604488889, 51.149922495511113 ], [ -0.193049222222222, 51.149907237777789 ], [ -0.1930609396, 51.149891784400005 ], [ -0.193075756622222, 51.149876135377781 ], [ -0.193093673288889, 51.149860290711111 ], [ -0.1931146896, 51.149844250400001 ], [ -0.193138805555556, 51.149828014444445 ], [ -0.193166021155556, 51.149811582844443 ], [ -0.1931963364, 51.149794955600001 ], [ -0.193229751288889, 51.149778132711106 ], [ -0.193266265822222, 51.149761114177778 ], [ -0.19330588, 51.1497439 ], [ -0.19187335, 51.14994154 ] ] ] } },
{ "type": "Feature", "properties": { "name": "New Taxiway 6", "surface_type": "ASPHALT", "smoothness": 0.0, "texture_orientation": 28.0 }, "geometry": { "type": "Polygon", "coordinates": [ [ [ -0.2055571, 51.14805501 ], [ -0.20611377, 51.14822618 ], [ -0.20614107, 51.14818782 ], [ -0.20619034, 51.14820421 ], [ -0.20622536, 51.14817181 ], [ -0.20629302, 51.14819043 ], [ -0.20632033, 51.14815692 ], [ -0.20638206, 51.14817442 ], [ -0.20640996, 51.14814054 ], [ -0.20646162, 51.14815554 ], [ -0.20646935, 51.14814656 ], [ -0.20652459, 51.14816559 ], [ -0.20655064, 51.14813651 ], [ -0.20660198, 51.14815281 ], [ -0.20663702, 51.14810989 ], [ -0.20670874, 51.14813264 ], [ -0.20673141, 51.14810316 ], [ -0.20679118, 51.1481223 ], [ -0.20682127, 51.14808455 ], [ -0.20690248, 51.14811195 ], [ -0.2071697, 51.14783517 ], [ -0.2055571, 51.14805501 ] ] ] } },
{ "type": "Feature", "properties": { "name": "New Taxiway 4", "surface_type": "UNKNOWN_53", "smoothness": 0.0, "texture_orientation": 77.6 }, "geometry": { "type": "Polygon", "coordinates": [ [ [ -0.21265903, 51.14708006 ], [ -0.2126597, 51.14707762 ], [ -0.21129355, 51.14726755 ], [ -0.211323205155556, 51.147288838933335 ], [ -0.211350767955556, 51.147308991066673 ], [ -0.2113762384, 51.147328006400009 ], [ -0.211399616488889, 51.147345884933337 ], [ -0.211420902222222, 51.14736262666667 ], [ -0.2114400956, 51.147378231600001 ], [ -0.211457196622222, 51.147392699733331 ], [ -0.211472205288889, 51.147406031066666 ], [ -0.2114851216, 51.147418225599999 ], [ -0.211495945555556, 51.147429283333338 ], [ -0.211504677155556, 51.147439204266668 ], [ -0.2115113164, 51.147447988400003 ], [ -0.211515863288889, 51.14745563573333 ], [ -0.211518317822222, 51.147462146266662 ], [ -0.21151868, 51.14746752 ], [ -0.21151201, 51.1475115 ], [ -0.21154169, 51.14751448 ], [ -0.211542413377778, 51.147538607688887 ], [ -0.211541106177778, 51.147561633422221 ], [ -0.2115377684, 51.147583557200001 ], [ -0.211532400044445, 51.147604379022226 ], [ -0.211525001111111, 51.14762409888889 ], [ -0.2115155716, 51.1476427168 ], [ -0.211504111511111, 51.147660232755555 ], [ -0.211490620844444, 51.147676646755556 ], [ -0.2114750996, 51.147691958799996 ], [ -0.211457547777778, 51.147706168888888 ], [ -0.211437965377778, 51.147719277022219 ], [ -0.2114163524, 51.147731283200002 ], [ -0.211392708844444, 51.147742187422217 ], [ -0.211367034711111, 51.147751989688885 ], [ -0.21133933, 51.14776069 ], [ -0.21132884, 51.14775851 ], [ -0.211286493066667, 51.147777127644446 ], [ -0.2112364176, 51.147795940577787 ], [ -0.2111786136, 51.147814948800011 ], [ -0.211113081066667, 51.14783415231112 ], [ -0.21103982, 51.147853551111119 ], [ -0.2109588304, 51.147873145199995 ], [ -0.210870112266667, 51.147892934577776 ], [ -0.2107736656, 51.147912919244447 ], [ -0.2106694904, 51.147933099200003 ], [ -0.210557586666667, 51.147953474444449 ], [ -0.2104379544, 51.147974044977772 ], [ -0.2103105936, 51.1479948108 ], [ -0.210175504266667, 51.148015771911119 ], [ -0.2100326864, 51.148036928311114 ], [ -0.20988214, 51.14805828 ], [ -0.20853974, 51.14824496 ], [ -0.208397026044444, 51.148263318666665 ], [ -0.208260854844444, 51.148279968 ], [ -0.2081312264, 51.148294908 ], [ -0.208008140711111, 51.148308138666671 ], [ -0.207891597777778, 51.14831966 ], [ -0.2077815976, 51.148329472 ], [ -0.207678140177778, 51.14833757466667 ], [ -0.207581225511111, 51.148343968 ], [ -0.2074908536, 51.148348652 ], [ -0.207407024444444, 51.148351626666667 ], [ -0.207329738044444, 51.148352892 ], [ -0.2072589944, 51.148352448 ], [ -0.207194793511111, 51.14835029466667 ], [ -0.207137135377778, 51.148346432 ], [ -0.20708602, 51.14834086 ], [ -0.207120635466667, 51.148344030844449 ], [ -0.207150305866667, 51.148346748711113 ], [ -0.2071750312, 51.148349013600004 ], [ -0.207194811466667, 51.148350825511116 ], [ -0.207209646666667, 51.148352184444448 ], [ -0.2072195368, 51.148353090400001 ], [ -0.207224481866667, 51.148353543377766 ], [ -0.207224481866667, 51.148353543377773 ], [ -0.2072195368, 51.148353090400001 ], [ -0.207209646666667, 51.148352184444441 ], [ -0.207194811466667, 51.148350825511109 ], [ -0.2071750312, 51.148349013599997 ], [ -0.207150305866667, 51.148346748711113 ], [ -0.207120635466667, 51.148344030844441 ], [ -0.20708602, 51.14834086 ], [ -0.207050302977778, 51.148336976355559 ], [ -0.207017327911111, 51.148332120088888 ], [ -0.2069870948, 51.148326291200007 ], [ -0.206959603644444, 51.148319489688895 ], [ -0.206934854444444, 51.148311715555565 ], [ -0.2069128472, 51.148302968799996 ], [ -0.206893581911111, 51.148293249422224 ], [ -0.206877058577778, 51.14828255742222 ], [ -0.2068632772, 51.148270892799999 ], [ -0.206852237777778, 51.148258255555554 ], [ -0.206843940311111, 51.148244645688891 ], [ -0.2068383848, 51.148230063200003 ], [ -0.206835571244444, 51.148214508088891 ], [ -0.206835499644444, 51.148197980355555 ], [ -0.20683817, 51.14818048 ], [ -0.20690248, 51.14811195 ], [ -0.20682127, 51.14808455 ], [ -0.20679118, 51.1481223 ], [ -0.20673141, 51.14810316 ], [ -0.20670874, 51.14813264 ], [ -0.20663702, 51.14810989 ], [ -0.20660198, 51.14815281 ], [ -0.20655064, 51.14813651 ], [ -0.20652459, 51.14816559 ], [ -0.20646935, 51.14814656 ], [ -0.20646162, 51.14815554 ], [ -0.20640996, 51.14814054 ], [ -0.20638206, 51.14817442 ], [ -0.20632033, 51.14815692 ], [ -0.20629302, 51.14819043 ], [ -0.20622536, 51.14817181 ], [ -0.20619034, 51.14820421 ], [ -0.20614107, 51.14818782 ], [ -0.20611377, 51.14822618 ], [ -0.20609596, 51.14822096 ], [ -0.206092275955556, 51.148238068133345 ], [ -0.206086173155556, 51.148254947200009 ], [ -0.2060776516, 51.148271597200008 ], [ -0.206066711288889, 51.148288018133343 ], [ -0.206053352222222, 51.14830421 ], [ -0.2060375744, 51.148320172800005 ], [ -0.206019377822222, 51.148335906533333 ], [ -0.205998762488889, 51.148351411200004 ], [ -0.2059757284, 51.148366686800003 ], [ -0.205950275555556, 51.148381733333331 ], [ -0.205922403955556, 51.148396550800001 ], [ -0.2058921136, 51.1484111392 ], [ -0.205859404488889, 51.148425498533328 ], [ -0.205824276622222, 51.148439628799999 ], [ -0.20578673, 51.14845353 ], [ -0.205717817511111, 51.148475485111106 ], [ -0.205642000044444, 51.148497470444447 ], [ -0.2055592776, 51.148519486 ], [ -0.205469650177778, 51.148541531777781 ], [ -0.205373117777778, 51.148563607777774 ], [ -0.2052696804, 51.148585714 ], [ -0.205159338044444, 51.148607850444449 ], [ -0.205042090711111, 51.148630017111103 ], [ -0.2049179384, 51.148652214 ], [ -0.204786881111111, 51.148674441111112 ], [ -0.204648918844444, 51.148696698444439 ], [ -0.2045040516, 51.148718986 ], [ -0.204352279377778, 51.148741303777776 ], [ -0.204193602177778, 51.14876365177777 ], [ -0.20402802, 51.14878603 ], [ -0.203963867022222, 51.148794009022218 ], [ -0.203899346755556, 51.148801818088891 ], [ -0.2038344592, 51.148809457200002 ], [ -0.203769204355556, 51.148816926355558 ], [ -0.203703582222222, 51.148824225555558 ], [ -0.2036375928, 51.148831354800002 ], [ -0.203571236088889, 51.148838314088891 ], [ -0.203504512088889, 51.148845103422218 ], [ -0.2034374208, 51.148851722800003 ], [ -0.203369962222222, 51.148858172222234 ], [ -0.203302136355556, 51.148864451688894 ], [ -0.2032339432, 51.148870561200006 ], [ -0.203165382755556, 51.148876500755563 ], [ -0.203096455022222, 51.148882270355557 ], [ -0.20302716, 51.14888787 ], [ -0.20212088, 51.14901422 ], [ -0.20133294, 51.14912408 ], [ -0.20054644, 51.14923373 ], [ -0.200453407377778, 51.149253311111117 ], [ -0.200355802844444, 51.149272561111118 ], [ -0.2002536264, 51.14929148 ], [ -0.200146878044444, 51.14931006777779 ], [ -0.200035557777778, 51.149328324444454 ], [ -0.1999196656, 51.14934625 ], [ -0.199799201511111, 51.149363844444444 ], [ -0.199674165511111, 51.149381107777778 ], [ -0.1995445576, 51.14939804 ], [ -0.199410377777778, 51.149414641111122 ], [ -0.199271626044444, 51.149430911111111 ], [ -0.1991283024, 51.14944685 ], [ -0.198980406844444, 51.14946245777778 ], [ -0.198827939377778, 51.149477734444446 ], [ -0.1986709, 51.14949268 ], [ -0.19614181, 51.1498362 ], [ -0.19496166, 51.15003818 ], [ -0.194849256133333, 51.15005174986667 ], [ -0.194741556533333, 51.150064363466669 ], [ -0.1946385612, 51.150076020800007 ], [ -0.194540270133333, 51.150086721866678 ], [ -0.194446683333333, 51.150096466666682 ], [ -0.1943578008, 51.150105255200003 ], [ -0.194273622533333, 51.150113087466679 ], [ -0.194194148533333, 51.150119963466679 ], [ -0.1941193788, 51.150125883200005 ], [ -0.194049313333333, 51.15013084666667 ], [ -0.193983952133333, 51.150134853866675 ], [ -0.1939232952, 51.150137904800005 ], [ -0.193867342533333, 51.150139999466674 ], [ -0.193816094133333, 51.150141137866669 ], [ -0.19376955, 51.15014132 ], [ -0.19377383, 51.150165 ], [ -0.19332362, 51.15022729 ], [ -0.193285965822222, 51.150230900266664 ], [ -0.193250517955556, 51.150231947066665 ], [ -0.1932172764, 51.150230430400001 ], [ -0.193186241155556, 51.150226350266671 ], [ -0.193157412222222, 51.150219706666675 ], [ -0.1931307896, 51.1502104996 ], [ -0.193106373288889, 51.150198729066666 ], [ -0.193084163288889, 51.150184395066667 ], [ -0.1930641596, 51.150167497599995 ], [ -0.193046362222222, 51.150148036666664 ], [ -0.193030771155556, 51.150126012266661 ], [ -0.1930173864, 51.150101424400006 ], [ -0.193006207955556, 51.150074273066664 ], [ -0.192997235822222, 51.150044558266671 ], [ -0.19299047, 51.15001228 ], [ -0.19304286, 51.15000509 ], [ -0.19303713, 51.14998157 ], [ -0.19226746, 51.15008951 ], [ -0.19227694, 51.15011459 ], [ -0.19233244, 51.15010738 ], [ -0.192344705955556, 51.150139554400006 ], [ -0.192351709155556, 51.150170378933339 ], [ -0.1923534496, 51.1501998536 ], [ -0.192349927288889, 51.150227978400004 ], [ -0.192341142222222, 51.150254753333336 ], [ -0.1923270944, 51.150280178399996 ], [ -0.192307783822222, 51.150304253599991 ], [ -0.192283210488889, 51.150326978933336 ], [ -0.1922533744, 51.150348354399995 ], [ -0.192218275555556, 51.15036838 ], [ -0.192177913955556, 51.150387055733326 ], [ -0.1921322896, 51.150404381599998 ], [ -0.192081402488889, 51.150420357599998 ], [ -0.192025252622222, 51.150434983733334 ], [ -0.19196384, 51.15044826 ], [ -0.19242304, 51.15079667 ], [ -0.192443037377778, 51.150805186 ], [ -0.192462949511111, 51.150814768666663 ], [ -0.1924827764, 51.150825418 ], [ -0.192502518044444, 51.150837134 ], [ -0.192522174444444, 51.150849916666672 ], [ -0.1925417456, 51.150863766 ], [ -0.192561231511111, 51.150878682 ], [ -0.192580632177778, 51.150894664666673 ], [ -0.1925999476, 51.150911714 ], [ -0.192619177777778, 51.15092983 ], [ -0.192638322711111, 51.150949012666665 ], [ -0.1926573824, 51.150969262 ], [ -0.192676356844444, 51.150990578 ], [ -0.192695246044444, 51.151012960666669 ], [ -0.19271405, 51.15103641 ], [ -0.19277228, 51.15112798 ], [ -0.1928025904, 51.151178866622217 ], [ -0.192831508266667, 51.151228942488899 ], [ -0.1928590336, 51.151278207600008 ], [ -0.1928851664, 51.151326661955558 ], [ -0.192909906666667, 51.151374305555564 ], [ -0.1929332544, 51.151421138399996 ], [ -0.1929552096, 51.151467160488885 ], [ -0.192975772266667, 51.151512371822221 ], [ -0.1929949424, 51.151556772399992 ], [ -0.19301272, 51.151600362222219 ], [ -0.193029105066667, 51.151643141288886 ], [ -0.1930440976, 51.151685109600002 ], [ -0.1930576976, 51.151726267155553 ], [ -0.193069905066667, 51.151766613955552 ], [ -0.19308072, 51.15180615 ], [ -0.19310302, 51.15181308 ], [ -0.19342137, 51.15272093 ], [ -0.19340801, 51.15272682 ], [ -0.19346381, 51.15290952 ], [ -0.193467854355556, 51.152945714977776 ], [ -0.193471459422222, 51.15298020657778 ], [ -0.1934746252, 51.153012994800001 ], [ -0.193477351688889, 51.153044079644452 ], [ -0.193479638888889, 51.153073461111113 ], [ -0.1934814868, 51.15310113919999 ], [ -0.193482895422222, 51.153127113911111 ], [ -0.193483864755556, 51.153151385244442 ], [ -0.1934843948, 51.153173953199996 ], [ -0.193484485555556, 51.153194817777774 ], [ -0.193484137022222, 51.153213978977774 ], [ -0.1934833492, 51.153231436799999 ], [ -0.193482122088889, 51.153247191244446 ], [ -0.193480455688889, 51.15326124231111 ], [ -0.19347835, 51.15327359 ], [ -0.193475457822222, 51.153284908222219 ], [ -0.193471431955556, 51.15329587088889 ], [ -0.1934662724, 51.153306478000012 ], [ -0.193459979155556, 51.153316729555563 ], [ -0.193452552222222, 51.153326625555565 ], [ -0.1934439916, 51.153336166 ], [ -0.193434297288889, 51.153345350888884 ], [ -0.193423469288889, 51.153354180222223 ], [ -0.1934115076, 51.153362654 ], [ -0.193398412222222, 51.153370772222225 ], [ -0.193384183155556, 51.153378534888887 ], [ -0.1933688204, 51.153385942 ], [ -0.193352323955556, 51.153392993555556 ], [ -0.193334693822222, 51.153399689555556 ], [ -0.19331593, 51.15340603 ], [ -0.19312719, 51.15346418 ], [ -0.19322353, 51.15374326 ], [ -0.19344754, 51.15374414 ], [ -0.193471016222222, 51.153740780044451 ], [ -0.193493879555556, 51.153739278844448 ], [ -0.19351613, 51.153739636400012 ], [ -0.193537767555556, 51.153741852711121 ], [ -0.193558792222222, 51.153745927777777 ], [ -0.193579204, 51.1537518616 ], [ -0.193599002888889, 51.153759654177776 ], [ -0.193618188888889, 51.153769305511105 ], [ -0.193636762, 51.153780815600001 ], [ -0.193654722222222, 51.15379418444445 ], [ -0.193672069555556, 51.153809412044438 ], [ -0.193688804, 51.153826498400008 ], [ -0.193704925555556, 51.153845443511109 ], [ -0.193720434222222, 51.153866247377778 ], [ -0.19373533, 51.15388891 ], [ -0.19381777, 51.15402105 ], [ -0.1940178, 51.15399467 ], [ -0.19400344, 51.15395284 ], [ -0.19407422, 51.1539374 ], [ -0.19405575, 51.15388915 ], [ -0.19416039, 51.15387628 ], [ -0.19329108, 51.15133054 ], [ -0.1933044, 51.15132868 ], [ -0.19325471, 51.15110899 ], [ -0.19348004, 51.15110012 ], [ -0.1935060248, 51.151102066755556 ], [ -0.1935303312, 51.151104752355558 ], [ -0.1935529592, 51.151108176800008 ], [ -0.1935739088, 51.151112340088901 ], [ -0.19359318, 51.151117242222234 ], [ -0.1936107728, 51.151122883199996 ], [ -0.1936266872, 51.151129263022213 ], [ -0.1936409232, 51.151136381688886 ], [ -0.1936534808, 51.151144239199994 ], [ -0.19366436, 51.15115283555555 ], [ -0.1936735608, 51.151162170755555 ], [ -0.1936810832, 51.151172244800001 ], [ -0.1936869272, 51.151183057688883 ], [ -0.1936910928, 51.15119460942222 ], [ -0.19369358, 51.1512069 ], [ -0.19372474, 51.15120236 ], [ -0.19474377, 51.15412106 ], [ -0.1945336, 51.15414976 ], [ -0.19489078, 51.1551843 ], [ -0.19495812, 51.15525325 ], [ -0.19513045, 51.15522859 ], [ -0.19522465, 51.15549842 ], [ -0.1956026, 51.15565387 ], [ -0.19620867, 51.15556825 ], [ -0.19623371, 51.1555731 ], [ -0.1962807, 51.15570684 ], [ -0.19646702, 51.15567743 ], [ -0.19648694, 51.15572742 ], [ -0.19666662, 51.1557007 ], [ -0.19665941, 51.15568605 ], [ -0.19667521, 51.15568432 ], [ -0.19666697, 51.15565911 ], [ -0.19662471, 51.1556645 ], [ -0.19657374, 51.15551667 ], [ -0.19718098, 51.15543089 ], [ -0.19724272, 51.15560813 ], [ -0.19759358, 51.1555601 ], [ -0.19605711, 51.15115435 ], [ -0.19607611, 51.15115175 ], [ -0.19601996, 51.15097256 ], [ -0.196002434666667, 51.150911578400006 ], [ -0.195987506666667, 51.150853366933326 ], [ -0.195975176, 51.15079792560001 ], [ -0.195965442666667, 51.150745254400015 ], [ -0.195958306666667, 51.15069535333334 ], [ -0.195953768, 51.150648222400001 ], [ -0.195951826666667, 51.150603861600004 ], [ -0.195952482666667, 51.150562270933335 ], [ -0.195955736, 51.150523450399994 ], [ -0.195961586666667, 51.1504874 ], [ -0.195970034666667, 51.150454119733332 ], [ -0.19598108, 51.150423609600011 ], [ -0.195994722666667, 51.150395869600004 ], [ -0.196010962666667, 51.150370899733339 ], [ -0.1960298, 51.1503487 ], [ -0.196063327822222, 51.150328293866664 ], [ -0.196098684622222, 51.150308704800011 ], [ -0.1961358704, 51.150289932800007 ], [ -0.196174885155556, 51.150271977866673 ], [ -0.196215728888889, 51.150254840000017 ], [ -0.1962584016, 51.150238519200002 ], [ -0.196302903288889, 51.150223015466665 ], [ -0.196349233955556, 51.150208328799998 ], [ -0.1963973936, 51.150194459200009 ], [ -0.196447382222222, 51.150181406666675 ], [ -0.196499199822222, 51.150169171200005 ], [ -0.1965528464, 51.150157752799998 ], [ -0.196608321955556, 51.150147151466669 ], [ -0.196665626488889, 51.150137367200003 ], [ -0.19672476, 51.1501284 ], [ -0.19690853, 51.1501016 ], [ -0.19690425, 51.15009355 ], [ -0.19698289, 51.15008122 ], [ -0.19697776, 51.15006835 ], [ -0.20521394, 51.14892675 ], [ -0.21161386, 51.14804549 ], [ -0.21189817, 51.1479541 ], [ -0.21200618, 51.14792914 ], [ -0.21261508, 51.14782228 ], [ -0.21437663, 51.14757542 ], [ -0.21412953, 51.14687021 ], [ -0.21265903, 51.14708006 ] ], [ [ -0.19363554, 51.15094506 ], [ -0.19365038, 51.15098788 ], [ -0.19324138, 51.15101878 ], [ -0.19326335, 51.15077638 ], [ -0.193288052355556, 51.150754323511109 ], [ -0.193316359422222, 51.15073290071112 ], [ -0.1933482712, 51.150712111600008 ], [ -0.193383787688889, 51.150691956177781 ], [ -0.193422908888889, 51.150672434444459 ], [ -0.1934656348, 51.150653546399994 ], [ -0.193511965422222, 51.150635292044441 ], [ -0.193561900755556, 51.150617671377773 ], [ -0.1936154408, 51.150600684400004 ], [ -0.193672585555556, 51.150584331111119 ], [ -0.193733335022222, 51.150568611511105 ], [ -0.1937976892, 51.150553525600003 ], [ -0.193865648088889, 51.150539073377772 ], [ -0.193937211688889, 51.150525254844446 ], [ -0.19401238, 51.15051207 ], [ -0.19401134, 51.15050065 ], [ -0.19440079, 51.1504891 ], [ -0.19461685, 51.1505066 ], [ -0.19477891, 51.1505416 ], [ -0.19489466, 51.15061235 ], [ -0.19531524, 51.15055026 ], [ -0.19544399, 51.15069452 ], [ -0.19363554, 51.15094506 ] ] ] } },
{ "type": "Feature", "properties": { "name": "New Taxiway 3", "surface_type": "ASPHALT", "smoothness": 0.0, "texture_orientation": 105.0 }, "geometry": { "type": "Polygon", "coordinates": [ [ [ -0.20541987, 51.14768786 ], [ -0.20538759, 51.14760363 ], [ -0.20517587, 51.14762341 ], [ -0.20216792, 51.14719998 ], [ -0.20105626, 51.14696616 ], [ -0.20063484, 51.14683745 ], [ -0.19836451, 51.14718378 ], [ -0.20201988, 51.14740147 ], [ -0.20341977, 51.14758969 ], [ -0.203447016444444, 51.147593228355554 ], [ -0.203473179777778, 51.147597051422217 ], [ -0.20349826, 51.147601159200001 ], [ -0.203522257111111, 51.147605551688898 ], [ -0.203545171111111, 51.147610228888894 ], [ -0.203567002, 51.147615190800003 ], [ -0.203587749777778, 51.147620437422219 ], [ -0.203607414444444, 51.147625968755555 ], [ -0.203625996, 51.147631784799998 ], [ -0.203643494444444, 51.147637885555554 ], [ -0.203659909777778, 51.147644271022216 ], [ -0.203675242, 51.147650941199998 ], [ -0.203689491111111, 51.147657896088887 ], [ -0.203702657111111, 51.147665135688882 ], [ -0.20371474, 51.14767266 ], [ -0.203725989511111, 51.147680449511114 ], [ -0.203736655377778, 51.147688484711111 ], [ -0.2037467376, 51.14769676560001 ], [ -0.203756236177778, 51.147705292177776 ], [ -0.203765151111111, 51.147714064444457 ], [ -0.2037734824, 51.147723082399999 ], [ -0.203781230044444, 51.147732346044442 ], [ -0.203788394044444, 51.147741855377781 ], [ -0.2037949744, 51.1477516104 ], [ -0.203800971111111, 51.147761611111115 ], [ -0.203806384177778, 51.14777185751111 ], [ -0.2038112136, 51.147782349600007 ], [ -0.203815459377778, 51.147793087377778 ], [ -0.203819121511111, 51.147804070844444 ], [ -0.2038222, 51.1478153 ], [ -0.20376415, 51.14782505 ], [ -0.20380495, 51.14791049 ], [ -0.20541987, 51.14768786 ] ] ] } },
{ "type": "Feature", "properties": { "name": "New Taxiway 1", "surface_type": "ASPHALT", "smoothness": 0.0, "texture_orientation": 348.0 }, "geometry": { "type": "Polygon", "coordinates": [ [ [ -0.20844387, 51.14578914 ], [ -0.208544510755556, 51.145822888977783 ], [ -0.208639403688889, 51.145857303911114 ], [ -0.2087285488, 51.1458923848 ], [ -0.208811946088889, 51.145928131644446 ], [ -0.208889595555556, 51.145964544444453 ], [ -0.2089614972, 51.146001623200007 ], [ -0.209027651022222, 51.146039367911115 ], [ -0.209088057022222, 51.146077778577776 ], [ -0.2091427152, 51.146116855200006 ], [ -0.209191625555556, 51.146156597777775 ], [ -0.209234788088889, 51.146197006311112 ], [ -0.2092722028, 51.146238080800003 ], [ -0.209303869688889, 51.146279821244441 ], [ -0.209329788755556, 51.146322227644447 ], [ -0.20934996, 51.1463653 ], [ -0.20948141, 51.14671645 ], [ -0.20947107, 51.14699534 ], [ -0.209469929733333, 51.147000923644441 ], [ -0.209467820933333, 51.147007173244447 ], [ -0.2094647436, 51.147014088799999 ], [ -0.209460697733333, 51.147021670311105 ], [ -0.209455683333333, 51.147029917777786 ], [ -0.2094497004, 51.147038831199993 ], [ -0.209442748933333, 51.147048410577781 ], [ -0.209434828933333, 51.14705865591111 ], [ -0.2094259404, 51.147069567200006 ], [ -0.209416083333333, 51.147081144444442 ], [ -0.209405257733333, 51.147093387644446 ], [ -0.2093934636, 51.147106296800004 ], [ -0.209380700933333, 51.147119871911109 ], [ -0.209366969733333, 51.147134112977774 ], [ -0.20935227, 51.14714902 ], [ -0.21039647, 51.14700263 ], [ -0.210372211422222, 51.146995444755561 ], [ -0.210349286355556, 51.146988307688886 ], [ -0.2103276948, 51.146981218800008 ], [ -0.210307436755556, 51.146974178088897 ], [ -0.210288512222222, 51.146967185555567 ], [ -0.2102709212, 51.146960241200006 ], [ -0.210254663688889, 51.146953345022233 ], [ -0.210239739688889, 51.146946497022228 ], [ -0.2102261492, 51.146939697200011 ], [ -0.210213892222222, 51.146932945555562 ], [ -0.210202968755556, 51.146926242088895 ], [ -0.2101933788, 51.146919586800003 ], [ -0.210185122355556, 51.146912979688892 ], [ -0.210178199422222, 51.146906420755556 ], [ -0.21017261, 51.14689991 ], [ -0.20979895, 51.14637456 ], [ -0.209766214977778, 51.146314848977781 ], [ -0.209731529911111, 51.146257038577772 ], [ -0.2096948948, 51.146201128800008 ], [ -0.209656309644444, 51.146147119644453 ], [ -0.209615774444444, 51.146095011111122 ], [ -0.2095732892, 51.146044803199999 ], [ -0.209528853911111, 51.145996495911113 ], [ -0.209482468577778, 51.145950089244437 ], [ -0.2094341332, 51.145905583199998 ], [ -0.209383847777778, 51.145862977777782 ], [ -0.209331612311111, 51.145822272977775 ], [ -0.2092774268, 51.145783468800005 ], [ -0.209221291244444, 51.145746565244444 ], [ -0.209163205644444, 51.145711562311106 ], [ -0.20910317, 51.14567846 ], [ -0.20844387, 51.14578914 ] ] ] } },
{ "type": "Feature", "properties": { "name": "New Taxiway 1", "surface_type": "ASPHALT", "smoothness": 0.0, "texture_orientation": 77.6 }, "geometry": { "type": "Polygon", "coordinates": [ [ [ -0.2118536, 51.14534992 ], [ -0.211967917422222, 51.145360340133344 ], [ -0.212075989688889, 51.145374576533335 ], [ -0.2121778168, 51.145392629200011 ], [ -0.212273398755556, 51.145414498133341 ], [ -0.212362735555556, 51.145440183333335 ], [ -0.2124458272, 51.145469684800005 ], [ -0.212522673688889, 51.145503002533339 ], [ -0.212593275022222, 51.145540136533342 ], [ -0.2126576312, 51.145581086800007 ], [ -0.212715742222222, 51.145625853333335 ], [ -0.212767608088889, 51.145674436133334 ], [ -0.2128132288, 51.145726835200001 ], [ -0.212852604355556, 51.145783050533332 ], [ -0.212885734755556, 51.145843082133339 ], [ -0.21291262, 51.14590693 ], [ -0.21300698, 51.14614118 ], [ -0.2130002, 51.14646864 ], [ -0.212997339022222, 51.146489200044449 ], [ -0.212990334755556, 51.146508917511113 ], [ -0.2129791872, 51.146527792400015 ], [ -0.212963896355556, 51.146545824711126 ], [ -0.212944462222222, 51.146563014444453 ], [ -0.2129208848, 51.146579361600004 ], [ -0.212893164088889, 51.146594866177779 ], [ -0.212861300088889, 51.146609528177784 ], [ -0.2128252928, 51.146623347599999 ], [ -0.212785142222222, 51.146636324444451 ], [ -0.212740848355556, 51.146648458711113 ], [ -0.2126924112, 51.146659750400005 ], [ -0.212639830755556, 51.146670199511121 ], [ -0.212583107022222, 51.146679806044446 ], [ -0.21252224, 51.14668857 ], [ -0.21265903, 51.14708006 ], [ -0.21412953, 51.14687021 ], [ -0.2140243, 51.14657169 ], [ -0.21395681, 51.1465815 ], [ -0.213927660488889, 51.14658186684445 ], [ -0.213899710622222, 51.146580986044448 ], [ -0.2138729604, 51.146578857600012 ], [ -0.213847409822222, 51.146575481511114 ], [ -0.213823058888889, 51.146570857777789 ], [ -0.2137999076, 51.146564986400008 ], [ -0.213777955955556, 51.14655786737778 ], [ -0.213757203955556, 51.14654950071111 ], [ -0.2137376516, 51.146539886399992 ], [ -0.213719298888889, 51.146529024444447 ], [ -0.213702145822222, 51.14651691484444 ], [ -0.2136861924, 51.146503557599999 ], [ -0.213671438622222, 51.14648895271111 ], [ -0.213657884488889, 51.146473100177779 ], [ -0.21364553, 51.146456 ], [ -0.2134024, 51.14608088 ], [ -0.21330424, 51.14580119 ], [ -0.213259706888889, 51.145721815333332 ], [ -0.213210707555556, 51.145647214 ], [ -0.213157242, 51.145577386 ], [ -0.213099310222222, 51.145512331333343 ], [ -0.213036912222222, 51.14545205 ], [ -0.212970048, 51.145396542 ], [ -0.212898717555556, 51.145345807333328 ], [ -0.212822920888889, 51.145299846 ], [ -0.212742658, 51.145258658 ], [ -0.212657928888889, 51.145222243333336 ], [ -0.212568733555556, 51.145190602 ], [ -0.212475072, 51.145163734 ], [ -0.212376944222222, 51.145141639333332 ], [ -0.212274350222222, 51.145124318 ], [ -0.21216729, 51.14511177 ], [ -0.2118536, 51.14534992 ] ] ] } },
{ "type": "Feature", "properties": { "name": "New Taxiway 10", "surface_type": "ASPHALT", "smoothness": 0.0, "texture_orientation": 80.0 }, "geometry": { "type": "Polygon", "coordinates": [ [ [ -0.1775784, 51.15032829 ], [ -0.17752733, 51.15009079 ], [ -0.17722083, 51.15013305 ], [ -0.17726596, 51.15034671 ], [ -0.17729782, 51.15052305 ], [ -0.17788304, 51.1504547 ], [ -0.1775784, 51.15032829 ] ] ] } },
{ "type": "Feature", "properties": { "name": "New Taxiway 8", "surface_type": "ASPHALT", "smoothness": 0.0, "texture_orientation": 235.0 }, "geometry": { "type": "Polygon", "coordinates": [ [ [ -0.18583094, 51.14916619 ], [ -0.18659464, 51.14881148 ], [ -0.18448611, 51.14910249 ], [ -0.1845675, 51.14934645 ], [ -0.1846268, 51.1493835 ], [ -0.18457508, 51.14941242 ], [ -0.18461622, 51.14944175 ], [ -0.18433599, 51.14963537 ], [ -0.18390451, 51.14985633 ], [ -0.18392462, 51.14987311 ], [ -0.18178141, 51.15094097 ], [ -0.18255554, 51.15083427 ], [ -0.18583094, 51.14916619 ] ] ] } },
{ "type": "Feature", "properties": { "name": "New Taxiway 6", "surface_type": "ASPHALT", "smoothness": 0.0, "texture_orientation": 20.0 }, "geometry": { "type": "Polygon", "coordinates": [ [ [ -0.20774128, 51.14729486 ], [ -0.207722213244444, 51.147292108622231 ], [ -0.207704607644444, 51.147288846488891 ], [ -0.2076884632, 51.14728507360001 ], [ -0.207673779911111, 51.147280789955559 ], [ -0.207660557777778, 51.14727599555556 ], [ -0.2076487968, 51.147270690400006 ], [ -0.207638496977778, 51.147264874488897 ], [ -0.207629658311111, 51.147258547822226 ], [ -0.2076222808, 51.147251710400006 ], [ -0.207616364444444, 51.147244362222224 ], [ -0.207611909244444, 51.147236503288894 ], [ -0.2076089152, 51.147228133600009 ], [ -0.207607382311111, 51.147219253155555 ], [ -0.207607310577778, 51.14720986195556 ], [ -0.2076087, 51.14719996 ], [ -0.207609440047407, 51.14719908552 ], [ -0.207611325712593, 51.147196933226674 ], [ -0.20761418528, 51.147193693840016 ], [ -0.207617847034074, 51.147189558080008 ], [ -0.207622139259259, 51.147184716666686 ], [ -0.20762689024, 51.147179360320003 ], [ -0.207631928260741, 51.147173679760002 ], [ -0.207637081605926, 51.14716786570667 ], [ -0.20764217856, 51.147162108880003 ], [ -0.207647047407407, 51.1471566 ], [ -0.207651516432593, 51.147151529786662 ], [ -0.20765541392, 51.147147088959997 ], [ -0.207658568154074, 51.147143468239996 ], [ -0.207660807419259, 51.147140858346667 ], [ -0.20766196, 51.14713945 ], [ -0.207681383955556, 51.147110843422219 ], [ -0.207696461155556, 51.147083309022229 ], [ -0.2077071916, 51.147056846800012 ], [ -0.207713575288889, 51.147031456755563 ], [ -0.207715612222222, 51.147007138888895 ], [ -0.2077133024, 51.146983893200002 ], [ -0.207706645822222, 51.146961719688882 ], [ -0.207695642488889, 51.146940618355558 ], [ -0.2076802924, 51.146920589200001 ], [ -0.207660595555556, 51.146901632222225 ], [ -0.207636551955556, 51.146883747422223 ], [ -0.2076081616, 51.146866934800002 ], [ -0.207575424488889, 51.146851194355555 ], [ -0.207538340622222, 51.14683652608889 ], [ -0.20749691, 51.14682293 ], [ -0.207471962488889, 51.146815225111105 ], [ -0.207448714622222, 51.146808038444448 ], [ -0.2074271664, 51.14680137 ], [ -0.207407317822222, 51.146795219777779 ], [ -0.207389168888889, 51.146789587777782 ], [ -0.2073727196, 51.146784474 ], [ -0.207357969955556, 51.146779878444441 ], [ -0.207344919955556, 51.146775801111104 ], [ -0.2073335696, 51.146772242 ], [ -0.207323918888889, 51.146769201111113 ], [ -0.207315967822222, 51.146766678444436 ], [ -0.2073097164, 51.146764674 ], [ -0.207305164622222, 51.146763187777779 ], [ -0.207302312488889, 51.146762219777777 ], [ -0.20730116, 51.14676177 ], [ -0.207294470488889, 51.146759294622214 ], [ -0.207288193955556, 51.146756815155562 ], [ -0.2072823304, 51.1467543316 ], [ -0.207276879822222, 51.146751843955563 ], [ -0.207271842222222, 51.146749352222223 ], [ -0.2072672176, 51.146746856400007 ], [ -0.207263005955556, 51.146744356488881 ], [ -0.207259207288889, 51.146741852488894 ], [ -0.2072558216, 51.146739344399997 ], [ -0.207252848888889, 51.146736832222231 ], [ -0.207250289155556, 51.146734315955555 ], [ -0.2072481424, 51.146731795600004 ], [ -0.207246408622222, 51.146729271155557 ], [ -0.207245087822222, 51.146726742622228 ], [ -0.20724418, 51.14672421 ], [ -0.20719811, 51.1463079 ], [ -0.2072577, 51.14610311 ], [ -0.20720194, 51.14593427 ], [ -0.20643472, 51.14604043 ], [ -0.20655122, 51.14631369 ], [ -0.2065649668, 51.146353711555555 ], [ -0.206577769866667, 51.146390994888897 ], [ -0.2065896292, 51.14642554000001 ], [ -0.2066005448, 51.146457346888901 ], [ -0.206610516666667, 51.146486415555557 ], [ -0.2066195448, 51.146512746 ], [ -0.2066276292, 51.146536338222226 ], [ -0.206634769866667, 51.146557192222218 ], [ -0.2066409668, 51.146575308 ], [ -0.20664622, 51.146590685555559 ], [ -0.206650529466667, 51.146603324888893 ], [ -0.2066538952, 51.146613226000014 ], [ -0.2066563172, 51.146620388888891 ], [ -0.206657795466667, 51.146624813555562 ], [ -0.20665833, 51.1466265 ], [ -0.206661371822222, 51.146635630177784 ], [ -0.206664054622222, 51.146644794044448 ], [ -0.2066663784, 51.146653991600004 ], [ -0.206668343155556, 51.146663222844452 ], [ -0.206669948888889, 51.146672487777792 ], [ -0.2066711956, 51.146681786400002 ], [ -0.206672083288889, 51.146691118711118 ], [ -0.206672611955556, 51.146700484711118 ], [ -0.2066727816, 51.146709884400003 ], [ -0.206672592222222, 51.14671931777778 ], [ -0.206672043822222, 51.146728784844441 ], [ -0.2066711364, 51.146738285600009 ], [ -0.206669869955556, 51.146747820044446 ], [ -0.206668244488889, 51.146757388177782 ], [ -0.20666626, 51.14676699 ], [ -0.20537931, 51.14650955 ], [ -0.20466861, 51.14635217 ], [ -0.204449969822222, 51.146382217777784 ], [ -0.204246473288889, 51.146410185111115 ], [ -0.2040581204, 51.146436072 ], [ -0.203884911155556, 51.146459878444446 ], [ -0.203726845555556, 51.146481604444446 ], [ -0.2035839236, 51.14650125 ], [ -0.203456145288889, 51.146518815111108 ], [ -0.203343510622222, 51.146534299777777 ], [ -0.2032460196, 51.146547704 ], [ -0.203163672222222, 51.146559027777776 ], [ -0.203096468488889, 51.146568271111107 ], [ -0.2030444084, 51.146575434 ], [ -0.203007491955556, 51.146580516444445 ], [ -0.202985719155556, 51.146583518444444 ], [ -0.20297909, 51.14658444 ], [ -0.203101163537778, 51.146587866577775 ], [ -0.203224623368889, 51.146591350222224 ], [ -0.20334802832, 51.146594848800007 ], [ -0.203469937217778, 51.146598320177787 ], [ -0.203588908888889, 51.146601722222236 ], [ -0.20370350216, 51.146605012799995 ], [ -0.203812275857778, 51.146608149777762 ], [ -0.203913788808889, 51.146611091022223 ], [ -0.20400659984, 51.146613794399997 ], [ -0.204089267777778, 51.146616217777776 ], [ -0.204160351448889, 51.146618319022224 ], [ -0.20421840968, 51.146620056 ], [ -0.204262001297778, 51.146621386577777 ], [ -0.204289685128889, 51.146622268622217 ], [ -0.20430002, 51.14662266 ], [ -0.204329290844444, 51.146624305555555 ], [ -0.204358588711111, 51.146626154222226 ], [ -0.2043879136, 51.146628206 ], [ -0.204417265511111, 51.146630460888886 ], [ -0.204446644444444, 51.146632918888891 ], [ -0.2044760504, 51.14663558 ], [ -0.204505483377778, 51.146638444222219 ], [ -0.204534943377778, 51.146641511555558 ], [ -0.2045644304, 51.146644782 ], [ -0.204593944444444, 51.146648255555554 ], [ -0.204623485511111, 51.14665193222222 ], [ -0.2046530536, 51.146655812 ], [ -0.204682648711111, 51.146659894888884 ], [ -0.204712270844444, 51.146664180888891 ], [ -0.20474192, 51.14666867 ], [ -0.20474635, 51.1466535 ], [ -0.20650004, 51.14695737 ], [ -0.20648725, 51.14697565 ], [ -0.206493686622222, 51.146977032888891 ], [ -0.206499684488889, 51.146978333555559 ], [ -0.2065052436, 51.146979552 ], [ -0.206510363955556, 51.146980688222236 ], [ -0.206515045555556, 51.146981742222231 ], [ -0.2065192884, 51.146982714 ], [ -0.206523092488889, 51.146983603555562 ], [ -0.206526457822222, 51.146984410888891 ], [ -0.2065293844, 51.146985136000012 ], [ -0.206531872222222, 51.14698577888889 ], [ -0.206533921288889, 51.146986339555554 ], [ -0.2065355316, 51.146986818 ], [ -0.206536703155556, 51.146987214222221 ], [ -0.206537435955556, 51.146987528222226 ], [ -0.20653773, 51.14698776 ], [ -0.206540742, 51.146988746533339 ], [ -0.206543412666667, 51.146989804800008 ], [ -0.206545742, 51.146990934800009 ], [ -0.20654773, 51.146992136533342 ], [ -0.206549376666667, 51.14699341 ], [ -0.206550682, 51.146994755200005 ], [ -0.206551646, 51.146996172133342 ], [ -0.206552268666667, 51.146997660799997 ], [ -0.20655255, 51.146999221200005 ], [ -0.20655249, 51.147000853333338 ], [ -0.206552088666667, 51.147002557200004 ], [ -0.206551346, 51.147004332800002 ], [ -0.206550262, 51.147006180133339 ], [ -0.206548836666667, 51.147008099200008 ], [ -0.20654707, 51.14701009 ], [ -0.20604525, 51.14760251 ], [ -0.20804388, 51.14732709 ], [ -0.20774128, 51.14729486 ] ] ] } },
{ "type": "Feature", "properties": { "name": "E", "surface_type": "CONCRETE", "smoothness": 0.2, "texture_orientation": 167.0 }, "geometry": { "type": "Polygon", "coordinates": [ [ [ -0.20187892, 51.14856519 ], [ -0.20127128, 51.148647 ], [ -0.201351829422222, 51.148669656177773 ], [ -0.201421459022222, 51.148693619377781 ], [ -0.2014801688, 51.148718889599998 ], [ -0.201527958755556, 51.148745466844446 ], [ -0.201564828888889, 51.148773351111117 ], [ -0.2015907792, 51.148802542400006 ], [ -0.201605809688889, 51.148833040711111 ], [ -0.201609920355556, 51.148864846044447 ], [ -0.2016031112, 51.148897958399999 ], [ -0.201585382222222, 51.148932377777783 ], [ -0.201556733422222, 51.148968104177783 ], [ -0.2015171648, 51.1490051376 ], [ -0.201466676355556, 51.149043478044447 ], [ -0.201405268088889, 51.149083125511112 ], [ -0.20133294, 51.14912408 ], [ -0.20212088, 51.14901422 ], [ -0.202128090133333, 51.148976012222214 ], [ -0.202131965866667, 51.148938986222234 ], [ -0.2021325072, 51.148903142 ], [ -0.202129714133333, 51.14886847955556 ], [ -0.202123586666667, 51.148834998888894 ], [ -0.2021141248, 51.1488027 ], [ -0.202101328533333, 51.148771582888891 ], [ -0.202085197866667, 51.148741647555553 ], [ -0.2020657328, 51.148712894 ], [ -0.202042933333333, 51.148685322222221 ], [ -0.202016799466667, 51.148658932222219 ], [ -0.2019873312, 51.148633724 ], [ -0.201954528533333, 51.148609697555557 ], [ -0.201918391466667, 51.14858685288889 ], [ -0.20187892, 51.14856519 ] ] ] } },
{ "type": "Feature", "properties": { "name": "ER", "surface_type": "ASPHALT", "smoothness": 0.2, "texture_orientation": 98.0 }, "geometry": { "type": "Polygon", "coordinates": [ [ [ -0.19799327, 51.1478626 ], [ -0.19687862, 51.14778173 ], [ -0.196814992533333, 51.147771451377778 ], [ -0.196749278133333, 51.147760684844442 ], [ -0.1966814768, 51.147749430400005 ], [ -0.196611588533333, 51.147737688044451 ], [ -0.196539613333333, 51.147725457777781 ], [ -0.1964655512, 51.147712739600003 ], [ -0.196389402133333, 51.147699533511116 ], [ -0.196311166133333, 51.147685839511105 ], [ -0.1962308432, 51.147671657600007 ], [ -0.196148433333333, 51.147656987777779 ], [ -0.196063936533333, 51.147641830044442 ], [ -0.1959773528, 51.147626184400004 ], [ -0.195888682133333, 51.147610050844449 ], [ -0.195797924533333, 51.147593429377778 ], [ -0.19570508, 51.14757632 ], [ -0.19280584, 51.14798247 ], [ -0.19425588, 51.14799908 ], [ -0.19701807, 51.14805569 ], [ -0.19820932, 51.14813497 ], [ -0.198235370355556, 51.148139979288892 ], [ -0.198260865422222, 51.148145308488893 ], [ -0.1982858052, 51.148150957600002 ], [ -0.198310189688889, 51.148156926622235 ], [ -0.198334018888889, 51.14816321555557 ], [ -0.1983572928, 51.148169824400007 ], [ -0.198380011422222, 51.148176753155553 ], [ -0.198402174755556, 51.14818400182223 ], [ -0.1984237828, 51.148191570400002 ], [ -0.198444835555556, 51.148199458888897 ], [ -0.198465333022222, 51.148207667288887 ], [ -0.1984852752, 51.1482161956 ], [ -0.198504662088889, 51.148225043822222 ], [ -0.198523493688889, 51.148234211955554 ], [ -0.19854177, 51.1482437 ], [ -0.1985592576, 51.148253600711108 ], [ -0.198575723066667, 51.148264006844443 ], [ -0.1985911664, 51.148274918400006 ], [ -0.1986055876, 51.14828633537779 ], [ -0.198618986666667, 51.148298257777782 ], [ -0.1986313636, 51.148310685599995 ], [ -0.1986427184, 51.148323618844444 ], [ -0.198653051066667, 51.148337057511114 ], [ -0.1986623616, 51.148351001600005 ], [ -0.19867065, 51.148365451111111 ], [ -0.198677916266667, 51.148380406044438 ], [ -0.1986841604, 51.148395866400001 ], [ -0.1986893824, 51.148411832177771 ], [ -0.198693582266667, 51.148428303377777 ], [ -0.19869676, 51.14844528 ], [ -0.19867861, 51.14865217 ], [ -0.20184162, 51.14822154 ], [ -0.19799327, 51.1478626 ] ] ] } },
{ "type": "Feature", "properties": { "name": "New Taxiway 4", "surface_type": "UNKNOWN_24", "smoothness": 0.0, "texture_orientation": 110.0 }, "geometry": { "type": "Polygon", "coordinates": [ [ [ -0.2016937, 51.14801551 ], [ -0.201693439567407, 51.148014046020755 ], [ -0.201693063472593, 51.148012151765926 ], [ -0.20169259152, 51.148009877760011 ], [ -0.201692043514074, 51.148007274527423 ], [ -0.201691439259259, 51.148004392592597 ], [ -0.20169079856, 51.14800128248001 ], [ -0.201690141220741, 51.147997994714075 ], [ -0.201689487045926, 51.147994579819262 ], [ -0.20168885584, 51.147991088319998 ], [ -0.201688267407407, 51.147987570740746 ], [ -0.201687741552593, 51.147984077605919 ], [ -0.20168729808, 51.147980659440002 ], [ -0.201686956794074, 51.147977366767407 ], [ -0.201686737499259, 51.147974250112597 ], [ -0.20168666, 51.14797136 ], [ -0.201672601955556, 51.147928042088886 ], [ -0.201654542488889, 51.147886811022225 ], [ -0.2016324816, 51.147847666800004 ], [ -0.201606419288889, 51.14781060942223 ], [ -0.201576355555556, 51.147775638888895 ], [ -0.2015422904, 51.147742755199999 ], [ -0.201504223822222, 51.147711958355558 ], [ -0.201462155822222, 51.147683248355548 ], [ -0.2014160864, 51.1476566252 ], [ -0.201366015555556, 51.147632088888884 ], [ -0.201311943288889, 51.147609639422221 ], [ -0.2012538696, 51.147589276800005 ], [ -0.201191794488889, 51.147571001022222 ], [ -0.201125717955556, 51.147554812088892 ], [ -0.20105564, 51.14754071 ], [ -0.20102087, 51.14760398 ], [ -0.19994471, 51.14739173 ], [ -0.19932847, 51.14748483 ], [ -0.199472574222222, 51.14751228288889 ], [ -0.199607361555556, 51.147537964222231 ], [ -0.199732832, 51.147561874 ], [ -0.199848985555556, 51.147584012222218 ], [ -0.199955822222222, 51.1476043788889 ], [ -0.200053342, 51.147622974 ], [ -0.200141544888889, 51.147639797555556 ], [ -0.200220430888889, 51.147654849555551 ], [ -0.20029, 51.14766813 ], [ -0.200350252222222, 51.147679638888889 ], [ -0.200401187555556, 51.147689376222218 ], [ -0.200442806, 51.147697342 ], [ -0.200475107555556, 51.147703536222217 ], [ -0.200498092222222, 51.147707958888887 ], [ -0.20051176, 51.14771061 ], [ -0.20069233712, 51.147765563294811 ], [ -0.200836102826667, 51.147820859558522 ], [ -0.20094666064, 51.147875887360009 ], [ -0.20102761408, 51.147930035268153 ], [ -0.201082566666667, 51.147982691851858 ], [ -0.20111512192, 51.148033245680004 ], [ -0.20112888336, 51.148081085321479 ], [ -0.201127454506667, 51.148125599345185 ], [ -0.20111443888, 51.148166176320004 ], [ -0.20109344, 51.148202204814815 ], [ -0.201068061386667, 51.148233073398515 ], [ -0.20104190656, 51.148258170640005 ], [ -0.20101857904, 51.148276885108146 ], [ -0.201001682346667, 51.148288605371853 ], [ -0.20099482, 51.14829272 ], [ -0.200998537822222, 51.148292220222224 ], [ -0.201010549955556, 51.14829057688889 ], [ -0.2010308564, 51.148287790000012 ], [ -0.201059457155556, 51.148283859555562 ], [ -0.201096352222222, 51.148278785555554 ], [ -0.2011415416, 51.148272568 ], [ -0.201195025288889, 51.148265206888894 ], [ -0.201256803288889, 51.14825670222222 ], [ -0.2013268756, 51.148247054 ], [ -0.201405242222222, 51.148236262222227 ], [ -0.201491903155556, 51.148224326888887 ], [ -0.2015868584, 51.148211248 ], [ -0.201690107955556, 51.148197025555554 ], [ -0.201801651822222, 51.148181659555561 ], [ -0.20192149, 51.14816515 ], [ -0.201895552622222, 51.148153223955553 ], [ -0.201871151155556, 51.148141576488882 ], [ -0.2018482856, 51.148130207600005 ], [ -0.201826955955556, 51.148119117288893 ], [ -0.201807162222222, 51.14810830555556 ], [ -0.2017889044, 51.1480977724 ], [ -0.201772182488889, 51.148087517822226 ], [ -0.201756996488889, 51.148077541822218 ], [ -0.2017433464, 51.148067844400003 ], [ -0.201731232222222, 51.148058425555561 ], [ -0.201720653955556, 51.148049285288891 ], [ -0.2017116116, 51.148040423600008 ], [ -0.201704105155556, 51.148031840488891 ], [ -0.201698134622222, 51.148023535955559 ], [ -0.2016937, 51.14801551 ] ] ] } },
{ "type": "Feature", "properties": { "name": "New Taxiway 5", "surface_type": "UNKNOWN_24", "smoothness": 0.0, "texture_orientation": 110.0 }, "geometry": { "type": "Polygon", "coordinates": [ [ [ -0.19466247, 51.1484102 ], [ -0.194662067866667, 51.14841046608889 ], [ -0.194661357466667, 51.148411309688889 ], [ -0.1946603388, 51.148412730800011 ], [ -0.194659011866667, 51.148414729422228 ], [ -0.194657376666667, 51.148417305555562 ], [ -0.1946554332, 51.148420459200004 ], [ -0.194653181466667, 51.148424190355556 ], [ -0.194650621466667, 51.148428499022224 ], [ -0.1946477532, 51.148433385200001 ], [ -0.194644576666667, 51.148438848888894 ], [ -0.194641091866667, 51.148444890088882 ], [ -0.1946372988, 51.148451508800008 ], [ -0.194633197466667, 51.148458705022222 ], [ -0.194628787866667, 51.148466478755552 ], [ -0.19462407, 51.14847483 ], [ -0.19361802, 51.14826545 ], [ -0.19296768, 51.14836363 ], [ -0.1940398, 51.14857995 ], [ -0.1941814, 51.14860755 ], [ -0.19446535, 51.14869568 ], [ -0.19451042, 51.14872035 ], [ -0.194510419822222, 51.14872058973333 ], [ -0.194510408622222, 51.148720850266663 ], [ -0.1945103864, 51.148721131599999 ], [ -0.194510353155556, 51.148721433733336 ], [ -0.194510308888889, 51.148721756666674 ], [ -0.1945102536, 51.148722100400001 ], [ -0.194510187288889, 51.148722464933329 ], [ -0.194510109955556, 51.148722850266665 ], [ -0.1945100216, 51.148723256399997 ], [ -0.194509922222222, 51.14872368333333 ], [ -0.194509811822222, 51.148724131066665 ], [ -0.1945096904, 51.148724599600001 ], [ -0.194509557955556, 51.148725088933332 ], [ -0.194509414488889, 51.148725599066665 ], [ -0.19450926, 51.14872613 ], [ -0.194571487688889, 51.148753122266669 ], [ -0.194626386755556, 51.148780448399997 ], [ -0.1946739572, 51.148808108400004 ], [ -0.194714199022222, 51.148836102266671 ], [ -0.194747112222222, 51.14886443 ], [ -0.1947726968, 51.148893091599994 ], [ -0.194790952755556, 51.148922087066666 ], [ -0.194801880088889, 51.148951416400003 ], [ -0.1948054788, 51.148981079600006 ], [ -0.194801748888889, 51.149011076666667 ], [ -0.194790690355556, 51.149041407599995 ], [ -0.1947723032, 51.149072072400003 ], [ -0.194746587422222, 51.149103071066662 ], [ -0.194713543022222, 51.149134403600002 ], [ -0.19467317, 51.14916607 ], [ -0.19533044, 51.14907621 ], [ -0.195339996287407, 51.14903436969481 ], [ -0.195342962299259, 51.14898905502519 ], [ -0.19533907576, 51.148940983360006 ], [ -0.195328074394074, 51.148890872068158 ], [ -0.195309695925926, 51.148839438518529 ], [ -0.19528367808, 51.14878740008001 ], [ -0.195249758580741, 51.148735474121473 ], [ -0.195207675152593, 51.148684378011843 ], [ -0.19515716552, 51.148634829119999 ], [ -0.195097967407407, 51.148587544814824 ], [ -0.195029818539259, 51.14854324246518 ], [ -0.19495245664, 51.148502639440004 ], [ -0.194865619434074, 51.148466453108156 ], [ -0.194769044645926, 51.148435400838522 ], [ -0.19466247, 51.1484102 ] ] ] } },
{ "type": "Feature", "properties": { "name": "New Taxiway 13", "surface_type": "UNKNOWN_53", "smoothness": 0.0, "texture_orientation": 348.0 }, "geometry": { "type": "Polygon", "coordinates": [ [ [ -0.18113557, 51.15613886 ], [ -0.18064615, 51.1562239 ], [ -0.1806572, 51.15624956 ], [ -0.18073632, 51.1562372 ], [ -0.18113557, 51.15613886 ] ] ] } },
{ "type": "Feature", "properties": { "name": "New Taxiway 3", "surface_type": "UNKNOWN_53", "smoothness": 0.25, "texture_orientation": 325.0 }, "geometry": { "type": "Polygon", "coordinates": [ [ [ -0.18356607, 51.16049635 ], [ -0.18355294, 51.16045681 ], [ -0.18351914, 51.16046139 ], [ -0.18315559, 51.16013257 ], [ -0.18303593, 51.16019043 ], [ -0.18340587, 51.1605204 ], [ -0.18347467, 51.16050993 ], [ -0.18347051, 51.16049699 ], [ -0.18349972, 51.16049317 ], [ -0.18350334, 51.16050569 ], [ -0.18356607, 51.16049635 ] ] ] } },
{ "type": "Feature", "properties": { "name": "New Taxiway 3", "surface_type": "UNKNOWN_27", "smoothness": 0.5, "texture_orientation": 77.6 }, "geometry": { "type": "Polygon", "coordinates": [ [ [ -0.1769582, 51.14956556 ], [ -0.17730845, 51.14960472 ], [ -0.20755447, 51.14546583 ], [ -0.20751294, 51.14534095 ], [ -0.1769582, 51.14956556 ] ] ] } },
{ "type": "Feature", "properties": { "name": "asphalt_1D.pol", "surface_type": "UNKNOWN_27", "smoothness": 0.25, "texture_orientation": 77.6 }, "geometry": { "type": "Polygon", "coordinates": [ [ [ -0.20655122, 51.14631369 ], [ -0.20651167, 51.14620284 ], [ -0.2049795, 51.14642288 ], [ -0.20537931, 51.14650955 ], [ -0.20536345, 51.1464856 ], [ -0.20655122, 51.14631369 ] ] ] } },
{ "type": "Feature", "properties": { "name": "asphalt_1D.pol", "surface_type": "UNKNOWN_27", "smoothness": 0.25, "texture_orientation": 77.6 }, "geometry": { "type": "Polygon", "coordinates": [ [ [ -0.20429401, 51.14662304 ], [ -0.20364353, 51.14659903 ], [ -0.20106073, 51.14697111 ], [ -0.20139872, 51.14704712 ], [ -0.20429401, 51.14662304 ] ] ] } },
{ "type": "Feature", "properties": { "name": "asphalt_1D.pol", "surface_type": "UNKNOWN_27", "smoothness": 0.25, "texture_orientation": 77.6 }, "geometry": { "type": "Polygon", "coordinates": [ [ [ -0.19967065, 51.14726096 ], [ -0.19910128, 51.14722063 ], [ -0.19207601, 51.14819427 ], [ -0.1924709, 51.1482634 ], [ -0.19967065, 51.14726096 ] ] ] } },
{ "type": "Feature", "properties": { "name": "asphalt_1D.pol", "surface_type": "UNKNOWN_27", "smoothness": 0.25, "texture_orientation": 77.6 }, "geometry": { "type": "Polygon", "coordinates": [ [ [ -0.1924709, 51.1482634 ], [ -0.19207601, 51.14819427 ], [ -0.18618018, 51.14898931 ], [ -0.18583094, 51.14916619 ], [ -0.1924709, 51.1482634 ] ] ] } },
{ "type": "Feature", "properties": { "name": "asphalt_1D.pol", "surface_type": "UNKNOWN_27", "smoothness": 0.25, "texture_orientation": 77.6 }, "geometry": { "type": "Polygon", "coordinates": [ [ [ -0.17727381, 51.15034865 ], [ -0.1772428, 51.15024585 ], [ -0.17626397, 51.15037643 ], [ -0.1762994, 51.15048201 ], [ -0.17727381, 51.15034865 ] ] ] } },
{ "type": "Feature", "properties": { "name": "asphalt_1D.pol", "surface_type": "UNKNOWN_27", "smoothness": 0.25, "texture_orientation": 77.6 }, "geometry": { "type": "Polygon", "coordinates": [ [ [ -0.18456537, 51.14934523 ], [ -0.18453205, 51.14924072 ], [ -0.17984396, 51.14987421 ], [ -0.17936288, 51.1500598 ], [ -0.18456537, 51.14934523 ] ] ] } }
]
}
