{"type": "FeatureCollection", "features": [{"type": "Feature", "properties": {"name": "New Taxiway 123", "surface_type": "ASPHALT", "smoothness": 0.0, "texture_orientation": 30.9}, "geometry": {"type": "Polygon", "coordinates": [[[-73.8123369, 40.64747169], [-73.81259531, 40.6471475], [-73.8126191828, 40.64712054497778], [-73.81264372653332, 40.647096106577784], [-73.8126689412, 40.647074184800005], [-73.81269482680001, 40.647054779644456], [-73.81272138333335, 40.64703789111112], [-73.8127486108, 40.6470235192], [-73.8127765092, 40.64701166391111], [-73.81280507853333, 40.64700232524445], [-73.8128343188, 40.6469955032], [-73.81286423, 40.64699119777778], [-73.81289481213332, 40.64698940897778], [-73.8129260652, 40.6469901368], [-73.81295798919999, 40.64699338124445], [-73.81299058413333, 40.64699914231112], [-73.81302385, 40.64700742], [-73.81314805, 40.64687591], [-73.81177269, 40.64623433], [-73.81166625, 40.64639215], [-73.81176270760001, 40.6464516116], [-73.8118493604, 40.64651088173333], [-73.8119262084, 40.64656996040001], [-73.81199325160001, 40.64662884759999], [-73.81205049000002, 40.646687543333336], [-73.8120979236, 40.6467460476], [-73.8121355524, 40.6468043604], [-73.81216337640001, 40.64686248173332], [-73.8121813956, 40.64692041159999], [-73.81218961000002, 40.64697815], [-73.8121880196, 40.64703569693333], [-73.8121766244, 40.647093052399995], [-73.8121554244, 40.64715021639999], [-73.81212441960001, 40.64720718893333], [-73.81208361, 40.64726397], [-73.81203730484445, 40.64731794315556], [-73.81198981337778, 40.64736649195555], [-73.81194113560001, 40.647409616400004], [-73.81189127151113, 40.64744731648889], [-73.81184022111113, 40.647479592222226], [-73.81178798440001, 40.6475064436], [-73.81173456137778, 40.64752787062222], [-73.81167995204444, 40.64754387328889], [-73.8116241564, 40.6475544516], [-73.81156717444445, 40.64755960555556], [-73.81150900617777, 40.647559335155556], [-73.81144965160001, 40.647553640400005], [-73.8113891107111, 40.647542521288884], [-73.81132738351111, 40.64752597782222], [-73.81126447, 40.64750401], [-73.81248692, 40.64805786], [-73.8124347904889, 40.648028209288896], [-73.81238867928889, 40.64799721182222], [-73.8123485864, 40.6479648676], [-73.81231451182225, 40.64793117662223], [-73.81228645555558, 40.647896138888896], [-73.8122644176, 40.6478597544], [-73.81224839795556, 40.64782202315556], [-73.81223839662223, 40.647782945155555], [-73.81223441360001, 40.6477425204], [-73.81223644888891, 40.647700748888894], [-73.8122445024889, 40.64765763062222], [-73.8122585744, 40.647613165600006], [-73.81227866462223, 40.647567353822225], [-73.81230477315556, 40.6475201952889], [-73.8123369, 40.64747169]]]}}, {"type": "Feature", "properties": {"name": "New Taxiway 122", "surface_type": "ASPHALT", "smoothness": 0.0, "texture_orientation": 155.0}, "geometry": {"type": "Polygon", "coordinates": [[[-73.80300147, 40.64366652], [-73.80184312, 40.64208791], [-73.80183563102223, 40.64207047591111], [-73.80183078808889, 40.64205484031112], [-73.8018285912, 40.64204100320001], [-73.80182904035557, 40.64202896457778], [-73.80183213555556, 40.64201872444445], [-73.8018378768, 40.6420102828], [-73.80184626408888, 40.64200363964444], [-73.80185729742223, 40.64199879497778], [-73.8018709768, 40.6419957488], [-73.80188730222221, 40.641994501111114], [-73.80190627368889, 40.64199505191111], [-73.80192789120001, 40.6419974012], [-73.80195215475555, 40.642001548977774], [-73.80197906435555, 40.64200749524444], [-73.80200862, 40.64201524], [-73.80211965, 40.64190424], [-73.80068099, 40.64125777], [-73.80060106, 40.64137732], [-73.80065613271111, 40.641405111333334], [-73.80071119084447, 40.641435597333334], [-73.80076623440002, 40.641468778], [-73.80082126337778, 40.64150465333333], [-73.8008762777778, 40.641543223333336], [-73.80093127760001, 40.641584488], [-73.80098626284446, 40.641628447333325], [-73.80104123351111, 40.64167510133333], [-73.8010961896, 40.64172445], [-73.80115113111111, 40.64177649333333], [-73.80120605804444, 40.64183123133333], [-73.80126097040001, 40.641888664], [-73.80131586817778, 40.641948791333334], [-73.80137075137779, 40.64201161333333], [-73.80142562, 40.64207713], [-73.80162184, 40.64234616], [-73.80164505804443, 40.64238418431111], [-73.80166548551111, 40.64242122257779], [-73.80168312240001, 40.64245727480001], [-73.80169796871112, 40.64249234097778], [-73.80171002444445, 40.64252642111112], [-73.8017192896, 40.642559515200006], [-73.80172576417777, 40.642591623244456], [-73.8017294481778, 40.64262274524445], [-73.8017303416, 40.64265288120001], [-73.80172844444445, 40.64268203111112], [-73.80172375671111, 40.64271019497778], [-73.80171627840001, 40.642737372800006], [-73.80170600951112, 40.642763564577784], [-73.80169295004445, 40.64278877031112], [-73.8016771, 40.64281299], [-73.80165935066667, 40.642835669111115], [-73.80164059333335, 40.64285625311112], [-73.80162082800001, 40.642874742], [-73.80160005466668, 40.64289113577779], [-73.80157827333335, 40.64290543444446], [-73.801555484, 40.642917638], [-73.80153168666668, 40.64292774644444], [-73.80150688133334, 40.64293575977778], [-73.801481068, 40.642941678], [-73.80145424666668, 40.642945501111114], [-73.80142641733333, 40.64294722911111], [-73.80139758000001, 40.642946862], [-73.80136773466667, 40.642944399777775], [-73.80133688133334, 40.64293984244445], [-73.80130502, 40.64293319], [-73.80062101, 40.64268185], [-73.80331845, 40.64390396], [-73.80329527462223, 40.643892767466674], [-73.80327239115556, 40.64388091253334], [-73.80324979960001, 40.6438683952], [-73.80322749995557, 40.643855215466665], [-73.80320549222222, 40.64384137333334], [-73.8031837764, 40.6438268688], [-73.80316235248888, 40.64381170186667], [-73.80314122048888, 40.643795872533325], [-73.8031203804, 40.6437793808], [-73.80309983222222, 40.64376222666667], [-73.80307957595556, 40.64374441013333], [-73.80305961159999, 40.643725931199995], [-73.80303993915555, 40.64370678986666], [-73.80302055862222, 40.64368698613333], [-73.80300147, 40.64366652]]]}}, {"type": "Feature", "properties": {"name": "New Taxiway 121", "surface_type": "ASPHALT", "smoothness": 0.0, "texture_orientation": 30.9}, "geometry": {"type": "Polygon", "coordinates": [[[-73.80463393, 40.64397255], [-73.8048872, 40.64363866], [-73.80490748715555, 40.64361539195556], [-73.8049291192889, 40.643594334488895], [-73.8049520964, 40.6435754876], [-73.80497641848889, 40.643558851288894], [-73.80500208555556, 40.64354442555556], [-73.8050290976, 40.6435322104], [-73.80505745462223, 40.64352220582222], [-73.80508715662222, 40.643514411822224], [-73.8051182036, 40.6435088284], [-73.80515059555555, 40.643505455555555], [-73.80518433248889, 40.643504293288885], [-73.8052194144, 40.643505341600004], [-73.80525584128888, 40.643508600488886], [-73.80529361315557, 40.64351406995556], [-73.80533273, 40.64352175], [-73.80548671, 40.64337285], [-73.80404578, 40.64272591], [-73.80392356, 40.6428831], [-73.80401203417777, 40.64295086577778], [-73.80409166204446, 40.64301773644445], [-73.8041624436, 40.643083712], [-73.80422437884445, 40.64314879244445], [-73.8042774677778, 40.643212977777786], [-73.8043217104, 40.643276268], [-73.80435710671111, 40.643338663111116], [-73.80438365671112, 40.64340016311112], [-73.8044013604, 40.643460768], [-73.80441021777779, 40.643520477777784], [-73.80441022884445, 40.64357929244444], [-73.8044013936, 40.643637212], [-73.80438371204446, 40.643694236444446], [-73.80435718417779, 40.643750365777784], [-73.80432181, 40.6438056], [-73.80428110826668, 40.64385757995555], [-73.80423859773336, 40.6439039464889], [-73.8041942784, 40.643944699600006], [-73.80414815026668, 40.643979839288896], [-73.80410021333336, 40.64400936555556], [-73.8040504676, 40.6440332784], [-73.80399891306666, 40.64405157782222], [-73.80394554973334, 40.64406426382222], [-73.8038903776, 40.6440713364], [-73.80383339666668, 40.64407279555556], [-73.80377460693333, 40.64406864128888], [-73.80371400840002, 40.6440588736], [-73.80365160106666, 40.64404349248889], [-73.80358738493334, 40.644022497955554], [-73.80352136, 40.64399589], [-73.80478614, 40.64456891], [-73.80473415382222, 40.64453734111111], [-73.80468814462223, 40.64450460244444], [-73.8046481124, 40.644470694], [-73.80461405715556, 40.64443561577778], [-73.8045859788889, 40.64439936777779], [-73.80456387759999, 40.64436195], [-73.80454775328889, 40.644323362444446], [-73.80453760595556, 40.64428360511111], [-73.8045334356, 40.644242678], [-73.80453524222222, 40.64420058111111], [-73.80454302582221, 40.64415731444444], [-73.8045567864, 40.644112878], [-73.80457652395555, 40.64406727177778], [-73.80460223848888, 40.64402049577778], [-73.80463393, 40.64397255]]]}}, {"type": "Feature", "properties": {"name": "New Taxiway 113", "surface_type": "CONCRETE", "smoothness": 0.0, "texture_orientation": 120.8}, "geometry": {"type": "Polygon", "coordinates": [[[-73.8159314, 40.64832514], [-73.81595658737778, 40.64835110764444], [-73.81597874417778, 40.64837733324444], [-73.8159978704, 40.64840381679999], [-73.81601396604445, 40.64843055831111], [-73.81602703111112, 40.64845755777778], [-73.8160370656, 40.64848481519999], [-73.81604406951111, 40.64851233057777], [-73.81604804284444, 40.64854010391111], [-73.81604898559999, 40.648568135199994], [-73.81604689777777, 40.64859642444445], [-73.81604177937777, 40.648624971644445], [-73.8160336304, 40.648653776799996], [-73.81602245084444, 40.64868283991111], [-73.81600824071111, 40.64871216097777], [-73.815991, 40.64874174], [-73.81581523, 40.64897261], [-73.81576941124445, 40.649018730044446], [-73.81572417097777, 40.64906065284445], [-73.81567950920001, 40.649098378400005], [-73.81563542591111, 40.64913190671112], [-73.81559192111112, 40.64916123777779], [-73.8155489948, 40.6491863716], [-73.81550664697778, 40.64920730817778], [-73.81546487764444, 40.64922404751111], [-73.8154236868, 40.6492365896], [-73.81538307444444, 40.64924493444445], [-73.81534304057777, 40.64924908204445], [-73.8153035852, 40.64924903240001], [-73.8152647083111, 40.649244785511115], [-73.81522640991112, 40.64923634137778], [-73.81518869, 40.6492237], [-73.8151530304, 40.64920845906667], [-73.81512091293334, 40.64919221626667], [-73.81509233760002, 40.649174971600004], [-73.8150673044, 40.64915672506667], [-73.81504581333334, 40.64913747666667], [-73.81502786440001, 40.6491172264], [-73.8150134576, 40.649095974266665], [-73.81500259293333, 40.649073720266664], [-73.8149952704, 40.649050464400005], [-73.81499149000001, 40.64902620666666], [-73.81499125173333, 40.64900094706667], [-73.8149945556, 40.648974685599995], [-73.8150014016, 40.648947422266666], [-73.81501178973333, 40.648919157066665], [-73.81502572, 40.64888989], [-73.81517129, 40.6486029], [-73.81529545, 40.64844525], [-73.81532452688889, 40.648415681866666], [-73.81535483488888, 40.648388889466666], [-73.815386374, 40.64836487280001], [-73.81541914422223, 40.648343631866666], [-73.81545314555555, 40.64832516666668], [-73.815488378, 40.6483094772], [-73.81552484155554, 40.64829656346667], [-73.81556253622222, 40.648286425466665], [-73.81560146199999, 40.6482790632], [-73.81564161888889, 40.64827447666667], [-73.81568300688889, 40.64827266586666], [-73.815725626, 40.648273630800006], [-73.81576947622221, 40.64827737146667], [-73.81581455755554, 40.64828388786667], [-73.81586087, 40.64829318], [-73.81598698, 40.6481434], [-73.81507188, 40.64775349], [-73.81494791, 40.64787942], [-73.81496748444445, 40.64790573297778], [-73.81498468777777, 40.647932239911114], [-73.81499952, 40.6479589408], [-73.81501198111111, 40.64798583564445], [-73.81502207111112, 40.64801292444445], [-73.81502979, 40.6480402072], [-73.81503513777776, 40.64806768391111], [-73.81503811444443, 40.64809535457778], [-73.81503872, 40.6481232192], [-73.81503695444444, 40.64815127777777], [-73.81503281777776, 40.648179530311104], [-73.81502631, 40.648207976799995], [-73.8150174311111, 40.648236617244436], [-73.8150061811111, 40.64826545164444], [-73.81499256, 40.64829448], [-73.8148415, 40.64848177], [-73.81459097, 40.6487026], [-73.8145596539111, 40.648723438], [-73.81452856964444, 40.648741872], [-73.8144977172, 40.648757902], [-73.81446709657779, 40.648771528], [-73.81443670777779, 40.64878275], [-73.8144065508, 40.648791568], [-73.81437662564443, 40.648797982], [-73.8143469323111, 40.648801992], [-73.81431747079999, 40.648803598], [-73.81428824111111, 40.6488028], [-73.81425924324444, 40.648799598], [-73.8142304772, 40.648793992], [-73.81420194297777, 40.648785982], [-73.81417364057776, 40.648775568], [-73.81414557, 40.64876275], [-73.81411893684442, 40.64874819222223], [-73.81409494671111, 40.64873255888889], [-73.8140735996, 40.64871585], [-73.8140548955111, 40.64869806555556], [-73.81403883444446, 40.64867920555557], [-73.8140254164, 40.64865927], [-73.81401464137778, 40.64863825888889], [-73.81400650937778, 40.64861617222222], [-73.8140010204, 40.64859301], [-73.81399817444445, 40.64856877222222], [-73.81399797151111, 40.64854345888889], [-73.8140004116, 40.64851707], [-73.81400549471111, 40.648489605555554], [-73.81401322084446, 40.64846106555555], [-73.81402359, 40.64843145], [-73.81415623, 40.6481603], [-73.8143165, 40.64796536], [-73.81434523560002, 40.647939136488894], [-73.81437505840002, 40.64791546862222], [-73.81440596840001, 40.6478943564], [-73.8144379656, 40.64787579982222], [-73.81447105000002, 40.647859798888895], [-73.8145052216, 40.6478463536], [-73.8145404804, 40.64783546395556], [-73.8145768264, 40.64782712995556], [-73.8146142596, 40.6478213516], [-73.81465278, 40.647818128888886], [-73.81469238759999, 40.64781746182222], [-73.81473308240001, 40.6478193504], [-73.81477486440001, 40.64782379462223], [-73.81481773360001, 40.64783079448889], [-73.81486169, 40.64784035], [-73.81497249, 40.64771021], [-73.81396943, 40.64724955], [-73.81382994, 40.64737275], [-73.81386452315556, 40.647398238177786], [-73.81389565928889, 40.647424497377784], [-73.81392334840001, 40.647451527600005], [-73.81394759048891, 40.64747932884445], [-73.81396838555557, 40.64750790111112], [-73.8139857336, 40.6475372444], [-73.81399963462222, 40.647567358711115], [-73.81401008862223, 40.647598244044445], [-73.8140170956, 40.647629900400005], [-73.81402065555557, 40.64766232777778], [-73.81402076848889, 40.64769552617778], [-73.8140174344, 40.6477294956], [-73.81401065328889, 40.647764236044445], [-73.81400042515556, 40.647799747511115], [-73.81398675, 40.64783603], [-73.81382833, 40.6480401], [-73.81355937, 40.6482777], [-73.81353565568888, 40.64829542346667], [-73.81351112608888, 40.64831124453334], [-73.8134857812, 40.648325163200006], [-73.81345962102222, 40.64833717946667], [-73.81343264555557, 40.648347293333345], [-73.81340485479998, 40.6483555048], [-73.81337624875555, 40.64836181386667], [-73.81334682742221, 40.64836622053333], [-73.81331659079999, 40.6483687248], [-73.81328553888889, 40.64836932666667], [-73.81325367168888, 40.64836802613333], [-73.8132209892, 40.648364823200005], [-73.81318749142221, 40.64835971786667], [-73.81315317835555, 40.64835271013334], [-73.81311805, 40.6483438], [-73.81248692, 40.64805786], [-73.81126447, 40.64750401], [-73.80478614, 40.64456891], [-73.80352136, 40.64399589], [-73.80331845, 40.64390396], [-73.80062101, 40.64268185], [-73.80041143, 40.64258689], [-73.8002553, 40.64278598], [-73.80338031, 40.6442018], [-73.80468048, 40.64479086], [-73.80868875, 40.64660686], [-73.80991826, 40.6471639], [-73.81108402, 40.64769206], [-73.81236113, 40.64827067], [-73.81281169, 40.64847481], [-73.81286780511113, 40.64851496822223], [-73.81291877977779, 40.64855403488889], [-73.81296461400002, 40.64859201], [-73.8130053077778, 40.64862889355556], [-73.81304086111113, 40.64866468555556], [-73.813071274, 40.648699386], [-73.81309654644444, 40.64873299488889], [-73.81311667844446, 40.64876551222223], [-73.81313167000002, 40.648796938], [-73.81314152111113, 40.64882727222222], [-73.81314623177778, 40.64885651488889], [-73.813145802, 40.648884666], [-73.8131402317778, 40.64891172555556], [-73.81312952111112, 40.64893769355555], [-73.81311367, 40.64896257], [-73.81309368026669, 40.64898566457778], [-73.81307055373334, 40.649006286977794], [-73.81304429040001, 40.6490244372], [-73.81301489026669, 40.64904011524445], [-73.81298235333335, 40.64905332111112], [-73.8129466796, 40.6490640548], [-73.81290786906666, 40.64907231631111], [-73.81286592173333, 40.64907810564445], [-73.8128208376, 40.6490814228], [-73.81277261666668, 40.649082267777786], [-73.81272125893332, 40.64908064057778], [-73.8126667644, 40.6490765412], [-73.81260913306667, 40.64906996964445], [-73.81254836493332, 40.649060925911115], [-73.81248446, 40.64904941], [-73.81563865, 40.65047844], [-73.81559739599999, 40.65044768813333], [-73.81556086600001, 40.65041578453334], [-73.81552906000002, 40.65038272920001], [-73.81550197800001, 40.65034852213334], [-73.81547962000002, 40.65031316333334], [-73.815461986, 40.6502766528], [-73.815449076, 40.65023899053333], [-73.81544089000002, 40.65020017653334], [-73.81543742800001, 40.6501602108], [-73.81543869, 40.65011909333334], [-73.81544467600001, 40.650076824133336], [-73.81545538600001, 40.650033403200005], [-73.81547082, 40.64998883053333], [-73.81549097800001, 40.64994310613334], [-73.81551586, 40.64989623], [-73.81646204, 40.6487036], [-73.81654257, 40.64860213], [-73.81665713, 40.64840639], [-73.81603973, 40.64815002], [-73.8159314, 40.64832514]], [[-73.81512185, 40.64988336], [-73.81511053254518, 40.64989592310519], [-73.81509421009481, 40.64990993070815], [-73.81507322752002, 40.64992479824001], [-73.81504792969186, 40.64993994113186], [-73.81501866148149, 40.64995477481482], [-73.81498576775999, 40.64996871472], [-73.81494959339851, 40.649981176278516], [-73.81491048326814, 40.649991574921486], [-73.81486878223998, 40.64999932608], [-73.81482483518518, 40.65000384518518], [-73.8147789869748, 40.650004547668146], [-73.81473158248, 40.650000848960005], [-73.81468296657185, 40.64999216449185], [-73.81463348412149, 40.64997790969482], [-73.81458348, 40.6499575], [-73.81453697450074, 40.64993249397333], [-73.81449745760592, 40.649905160853336], [-73.81446447872, 40.64987598208001], [-73.81443758724743, 40.64984543909335], [-73.8144163325926, 40.64981401333334], [-73.81440026416, 40.649782186239996], [-73.81438893135406, 40.64975043925334], [-73.81438188357926, 40.64971925381333], [-73.81437867023999, 40.64968911135999], [-73.81437884074074, 40.649660493333336], [-73.81438194448592, 40.64963388117333], [-73.81438753088, 40.649609756320004], [-73.81439514932741, 40.649588600213335], [-73.81440434923259, 40.64957089429333], [-73.81441468, 40.64955712], [-73.81442792080296, 40.64954474841481], [-73.81444592189038, 40.649531264118515], [-73.81446833928003, 40.64951716880001], [-73.81449482898964, 40.64950296414815], [-73.81452504703705, 40.64948915185186], [-73.81455864944, 40.649476233600005], [-73.81459529221628, 40.64946471108148], [-73.81463463138371, 40.64945508598518], [-73.81467632296, 40.64944786], [-73.81472002296297, 40.649443534814814], [-73.81476538741036, 40.64944261211852], [-73.81481207232, 40.64944559360001], [-73.81485973370962, 40.649452980948155], [-73.81490802759704, 40.64946527585186], [-73.81495661, 40.64948298], [-73.81500160306668, 40.64950528048], [-73.81503967613334, 40.64953065370667], [-73.815071306, 40.64955853536001], [-73.81509696946668, 40.64958836112001], [-73.81511714333334, 40.64961956666668], [-73.81513230440001, 40.649651587680005], [-73.81514292946666, 40.649683859839996], [-73.81514949533333, 40.649715818826664], [-73.81515247880002, 40.649746900320004], [-73.81515235666667, 40.64977654], [-73.81514960573332, 40.64980417354666], [-73.81514470280001, 40.64982923664], [-73.81513812466667, 40.64985116496], [-73.81513034813334, 40.649869394186666], [-73.81512185, 40.64988336]], [[-73.81411618, 40.64942636], [-73.81410126053926, 40.64944086291852], [-73.81408047578076, 40.64945542281482], [-73.81405447616002, 40.64946970840001], [-73.8140239121126, 40.64948338838519], [-73.81398943407409, 40.64949613148149], [-73.81395169248, 40.6495076064], [-73.81391133776592, 40.649517481851845], [-73.81386902036742, 40.64952542654815], [-73.81382539072001, 40.649531109200005], [-73.81378109925927, 40.649534198518516], [-73.81373679642074, 40.649534363214805], [-73.81369313264001, 40.649531272], [-73.8136507583526, 40.649524593585184], [-73.81361032399408, 40.64951399668148], [-73.81357248, 40.64949915], [-73.81353802933037, 40.649480058799995], [-73.81350729277631, 40.649457347066665], [-73.81348019752002, 40.64943161160001], [-73.81345667074372, 40.64940344920001], [-73.81343663962964, 40.64937345666668], [-73.81342003136001, 40.6493422308], [-73.81340677311702, 40.649310368399995], [-73.81339679208295, 40.64927846626667], [-73.81339001544, 40.6492471212], [-73.81338637037037, 40.64921693], [-73.81338578405628, 40.64918848946666], [-73.81338818367999, 40.6491623964], [-73.8133934964237, 40.649139247600004], [-73.81340164946963, 40.64911963986667], [-73.81341257, 40.64910417], [-73.8134280150074, 40.64909074204446], [-73.81344935352593, 40.64907707035556], [-73.81347593080002, 40.64906346720001], [-73.81350709207409, 40.64905024484446], [-73.81354218259261, 40.649037715555565], [-73.81358054760001, 40.6490261916], [-73.81362153234073, 40.64901598524444], [-73.81366448205925, 40.64900740875556], [-73.813708742, 40.6490007744], [-73.81375365740742, 40.648996394444445], [-73.81379857352593, 40.648994581155556], [-73.81384283560001, 40.6489956468], [-73.81388578887407, 40.648999903644444], [-73.81392677859259, 40.64900766395556], [-73.81396515, 40.64901924], [-73.81399990180742, 40.649035369908155], [-73.81403055699262, 40.64905611553186], [-73.8140572472, 40.64908077472001], [-73.81408010407408, 40.64910864532149], [-73.81409925925928, 40.64913902518519], [-73.81411484440001, 40.649171212160006], [-73.81412699114074, 40.64920450409481], [-73.81413583112592, 40.649238198838525], [-73.814141496, 40.649271594240005], [-73.81414411740741, 40.64930398814815], [-73.81414382699259, 40.64933467841185], [-73.81414075640001, 40.649362962880005], [-73.81413503727407, 40.64938813940148], [-73.81412680125926, 40.64940950582518], [-73.81411618, 40.64942636]]]}}, {"type": "Feature", "properties": {"name": "New Taxiway 119", "surface_type": "CONCRETE", "smoothness": 0.0, "texture_orientation": 0.0}, "geometry": {"type": "Polygon", "coordinates": [[[-73.77426407, 40.63771812], [-73.77426683777779, 40.637631246800005], [-73.77427173044445, 40.63754706453334], [-73.774278748, 40.637465573200004], [-73.77428789044446, 40.637386772800006], [-73.77429915777779, 40.63731066333334], [-73.77431255, 40.6372372448], [-73.77432806711111, 40.6371665172], [-73.7743457091111, 40.63709848053334], [-73.774365476, 40.63703313480001], [-73.77438736777779, 40.63697048], [-73.77441138444445, 40.636910516133334], [-73.77443752600001, 40.63685324320001], [-73.77446579244445, 40.636798661200004], [-73.77449618377779, 40.636746770133335], [-73.7745287, 40.63669757], [-73.77439175, 40.63659246], [-73.77350805, 40.63771582], [-73.77371041, 40.63774483], [-73.7737279124889, 40.63773113022223], [-73.77374479595557, 40.63771929755556], [-73.7737610604, 40.637709332], [-73.77377670582223, 40.63770123355557], [-73.77379173222224, 40.63769500222223], [-73.7738061396, 40.637690638], [-73.77381992795554, 40.63768814088889], [-73.77383309728887, 40.637687510888895], [-73.77384564759998, 40.637688748], [-73.77385757888888, 40.63769185222222], [-73.77386889115554, 40.63769682355556], [-73.77387958439999, 40.637703662], [-73.77388965862221, 40.63771236755556], [-73.77389911382222, 40.637722940222226], [-73.77390795, 40.63773538], [-73.77390814, 40.63788226], [-73.77425809, 40.63788506], [-73.77426407, 40.63771812]]]}}, {"type": "Feature", "properties": {"name": "New Taxiway 120", "surface_type": "CONCRETE", "smoothness": 0.0, "texture_orientation": 120.9}, "geometry": {"type": "Polygon", "coordinates": [[[-73.7879003, 40.65555781], [-73.78808834, 40.65563867], [-73.7888375, 40.65601234], [-73.78885585911111, 40.656023491511114], [-73.78887330444445, 40.65603491137778], [-73.788889836, 40.6560465996], [-73.78890545377777, 40.656058556177776], [-73.7889201577778, 40.65607078111112], [-73.788933948, 40.656083274400004], [-73.78894682444445, 40.656096036044445], [-73.78895878711111, 40.65610906604445], [-73.788969836, 40.656122364400005], [-73.7889799711111, 40.656135931111116], [-73.78898919244443, 40.656149766177776], [-73.7889975, 40.65616386960001], [-73.78900489377777, 40.65617824137778], [-73.78901137377777, 40.65619288151112], [-73.78901694, 40.65620779], [-73.7890215896, 40.656222791911105], [-73.78902531973334, 40.65623771231112], [-73.7890281304, 40.656252551200005], [-73.7890300216, 40.65626730857779], [-73.78903099333334, 40.656281984444455], [-73.7890310456, 40.6562965788], [-73.7890301784, 40.65631109164445], [-73.78902839173332, 40.65632552297778], [-73.7890256856, 40.656339872800004], [-73.78902206, 40.656354141111116], [-73.78901751493333, 40.65636832791111], [-73.7890120504, 40.6563824332], [-73.7890056664, 40.65639645697778], [-73.78899836293333, 40.65641039924444], [-73.78899014, 40.65642426], [-73.78882274, 40.65663943], [-73.7888096164889, 40.65665120168889], [-73.78879612595556, 40.65666187675556], [-73.78878226840001, 40.6566714552], [-73.78876804382224, 40.656679937022226], [-73.78875345222222, 40.656687322222226], [-73.78873849360001, 40.656693610800005], [-73.78872316795555, 40.65669880275556], [-73.7887074752889, 40.65670289808889], [-73.78869141560001, 40.6567058968], [-73.78867498888889, 40.65670779888889], [-73.78865819515556, 40.65670860435555], [-73.7886410344, 40.656708313200006], [-73.78862350662222, 40.65670692542222], [-73.78860561182222, 40.65670444102223], [-73.78858735, 40.65670086], [-73.78842556, 40.65682825], [-73.78920938, 40.65720589], [-73.78929909, 40.65702305], [-73.78928723955556, 40.65701375066667], [-73.78927673355557, 40.657004298], [-73.78926757200001, 40.65699469200001], [-73.7892597548889, 40.65698493266667], [-73.78925328222225, 40.65697502000001], [-73.789248154, 40.656964954], [-73.78924437022224, 40.65695473466667], [-73.78924193088889, 40.656944362], [-73.789240836, 40.656933836], [-73.78924108555557, 40.65692315666667], [-73.78924267955557, 40.656912324], [-73.78924561800001, 40.656901338], [-73.7892499008889, 40.65689019866667], [-73.78925552822223, 40.656878906], [-73.7892625, 40.65686746], [-73.78953689, 40.65651393], [-73.78954944813333, 40.65650211044445], [-73.78956243186667, 40.65649150777778], [-73.7895758412, 40.656482122], [-73.78958967613333, 40.65647395311112], [-73.78960393666668, 40.65646700111112], [-73.7896186228, 40.656461266], [-73.78963373453334, 40.65645674777778], [-73.78964927186665, 40.656453446444445], [-73.7896652348, 40.656451362], [-73.78968162333334, 40.65645049444445], [-73.78969843746665, 40.656450843777776], [-73.7897156772, 40.65645241], [-73.78973334253332, 40.656455193111114], [-73.78975143346666, 40.65645919311111], [-73.78976995, 40.65646441], [-73.78996461, 40.65656819], [-73.79020773, 40.65682629], [-73.79021783537779, 40.656840034888894], [-73.79022658351113, 40.65685360555556], [-73.79023397440002, 40.656867002], [-73.79024000804446, 40.65688022422223], [-73.79024468444446, 40.65689327222223], [-73.7902480036, 40.656906146], [-73.79024996551112, 40.65691884555555], [-73.79025057017779, 40.656931370888884], [-73.7902498176, 40.656943722], [-73.79024770777778, 40.656955898888896], [-73.7902442407111, 40.65696790155555], [-73.7902394164, 40.65697973], [-73.79023323484444, 40.65699138422222], [-73.79022569604444, 40.65700286422222], [-73.7902168, 40.65701417], [-73.79005759, 40.65721293], [-73.79004601115555, 40.65722274195556], [-73.79003397862223, 40.657231644488895], [-73.79002149240002, 40.6572396376], [-73.7900085524889, 40.65724672128889], [-73.78999515888889, 40.65725289555556], [-73.7899813116, 40.65725816039999], [-73.78996701062222, 40.65726251582222], [-73.78995225595555, 40.65726596182222], [-73.7899370476, 40.6572684984], [-73.78992138555554, 40.657270125555556], [-73.78990526982221, 40.657270843288885], [-73.7898887004, 40.6572706516], [-73.78987167728889, 40.65726955048889], [-73.78985420048889, 40.657267539955555], [-73.78983627, 40.65726462], [-73.78965386, 40.65739314], [-73.79032087, 40.65768646], [-73.79049751, 40.65746183], [-73.79049107, 40.65745905], [-73.79072211, 40.65715033], [-73.79075988048888, 40.65709732893334], [-73.79079015195556, 40.6570456804], [-73.7908129244, 40.656995384400005], [-73.79082819782222, 40.656946440933346], [-73.79083597222223, 40.65689885], [-73.7908362476, 40.6568526116], [-73.79082902395555, 40.65680772573334], [-73.79081430128889, 40.656764192400004], [-73.7907920796, 40.656722011599996], [-73.79076235888888, 40.65668118333333], [-73.79072513915555, 40.6566417076], [-73.7906804204, 40.6566035844], [-73.79062820262222, 40.656566813733335], [-73.79056848582222, 40.6565313956], [-73.79050127, 40.65649733], [-73.78803735, 40.65537985], [-73.7879003, 40.65555781]]]}}, {"type": "Feature", "properties": {"name": "New Taxiway 83", "surface_type": "ASPHALT", "smoothness": 0.0, "texture_orientation": 120.8}, "geometry": {"type": "Polygon", "coordinates": [[[-73.76812597, 40.64914134], [-73.7681617752889, 40.64916566822223], [-73.76819278048889, 40.64919017022222], [-73.76821898560002, 40.649214846], [-73.76824039062222, 40.649239695555565], [-73.76825699555556, 40.649264718888894], [-73.7682688004, 40.649289916], [-73.76827580515555, 40.649315286888886], [-73.76827800982223, 40.649340831555556], [-73.76827541440001, 40.64936655], [-73.76826801888889, 40.64939244222222], [-73.76825582328888, 40.649418508222226], [-73.76823882760002, 40.649444748], [-73.76821703182223, 40.64947116155555], [-73.76819043595556, 40.64949774888889], [-73.76815904, 40.64952451], [-73.76794942, 40.64964221], [-73.76791086484445, 40.649657634577785], [-73.7678715407111, 40.64967132697779], [-73.76783144760002, 40.649683287200006], [-73.76779058551111, 40.64969351524445], [-73.76774895444446, 40.64970201111112], [-73.76770655440001, 40.649708774800004], [-73.76766338537777, 40.64971380631111], [-73.76761944737778, 40.64971710564444], [-73.7675747404, 40.6497186728], [-73.76752926444445, 40.64971850777778], [-73.7674830195111, 40.64971661057778], [-73.7674360056, 40.649712981200004], [-73.7673882227111, 40.649707619644445], [-73.76733967084444, 40.649700525911115], [-73.76729035, 40.6496917], [-73.76709969, 40.64993721], [-73.76751271, 40.65013331], [-73.7685727, 40.64955544], [-73.76860073546666, 40.64954314893333], [-73.7686287912, 40.649532425066674], [-73.76865686720002, 40.64952326840001], [-73.76868496346668, 40.64951567893334], [-73.76871308000003, 40.64950965666667], [-73.76874121680001, 40.64950520160001], [-73.76876937386669, 40.649502313733336], [-73.76879755120001, 40.64950099306667], [-73.76882574880001, 40.649501239600006], [-73.76885396666668, 40.64950305333334], [-73.76888220480001, 40.64950643426667], [-73.76891046320002, 40.64951138240001], [-73.76893874186668, 40.64951789773334], [-73.7689670408, 40.64952598026667], [-73.76899536, 40.64953563], [-73.77109528, 40.650488], [-73.7711300288, 40.6505071512889], [-73.77116119253334, 40.65052707715556], [-73.77118877120002, 40.6505477776], [-73.7712127648, 40.650569252622226], [-73.77123317333334, 40.650591502222234], [-73.7712499968, 40.650614526400005], [-73.7712632352, 40.650638325155555], [-73.77127288853333, 40.65066289848889], [-73.7712789568, 40.6506882464], [-73.77128144, 40.650714368888885], [-73.77128033813332, 40.65074126595556], [-73.7712756512, 40.650768937600006], [-73.7712673792, 40.65079738382222], [-73.77125552213333, 40.65082660462222], [-73.77124008, 40.6508566], [-73.77117324, 40.65095364], [-73.77140518, 40.65105883], [-73.77148915, 40.65096086], [-73.77151511893332, 40.6509372568], [-73.77154194040001, 40.65091629253333], [-73.77156961440001, 40.6508979672], [-73.77159814093335, 40.6508822808], [-73.77162752000001, 40.65086923333333], [-73.7716577516, 40.6508588248], [-73.77168883573333, 40.6508510552], [-73.7717207724, 40.65084592453333], [-73.77175356160001, 40.650843432799995], [-73.77178720333333, 40.65084358], [-73.7718216976, 40.65084636613333], [-73.77185704440001, 40.6508517912], [-73.77189324373333, 40.6508598552], [-73.7719302956, 40.65087055813333], [-73.7719682, 40.6508839], [-73.77743862, 40.65336488], [-73.77749195911112, 40.65339181902222], [-73.77753984577778, 40.65342050808889], [-73.77758228000002, 40.6534509472], [-73.77761926177779, 40.65348313635556], [-73.77765079111111, 40.65351707555556], [-73.77767686799999, 40.6535527648], [-73.77769749244445, 40.653590204088886], [-73.77771266444444, 40.65362939342222], [-73.77772238399999, 40.6536703328], [-73.77772665111111, 40.65371302222222], [-73.77772546577776, 40.65375746168889], [-73.777718828, 40.6538036512], [-73.77770673777778, 40.65385159075556], [-73.77768919511111, 40.653901280355555], [-73.7776662, 40.65395272], [-73.77639143, 40.65559287], [-73.77638296208889, 40.655601488933335], [-73.77637385168889, 40.6556095404], [-73.7763640988, 40.6556170244], [-73.77635370342223, 40.65562394093334], [-73.77634266555556, 40.65563029], [-73.77633098519999, 40.6556360716], [-73.77631866235555, 40.65564128573333], [-73.77630569702222, 40.6556459324], [-73.7762920892, 40.6556500116], [-73.77627783888889, 40.655653523333335], [-73.77626294608888, 40.6556564676], [-73.77624741080001, 40.6556588444], [-73.77623123302222, 40.655660653733335], [-73.77621441275555, 40.6556618956], [-73.77619695, 40.65566257], [-73.7757583, 40.65565974], [-73.77575457, 40.65586525], [-73.77607145, 40.65586902], [-73.77608415022223, 40.65586967346666], [-73.77609538422223, 40.65587107653334], [-73.776105152, 40.655873229200004], [-73.77611345355557, 40.65587613146667], [-73.7761202888889, 40.65587978333334], [-73.776125658, 40.65588418480001], [-73.77612956088888, 40.655889335866675], [-73.77613199755555, 40.65589523653334], [-73.776132968, 40.6559018868], [-73.77613247222222, 40.65590928666667], [-73.77613051022222, 40.655917436133336], [-73.77612708199999, 40.65592633520001], [-73.77612218755556, 40.65593598386667], [-73.77611582688888, 40.65594638213334], [-73.776108, 40.65595753], [-73.7758925, 40.6562348], [-73.77727945, 40.65686377], [-73.77730310306667, 40.65687113977778], [-73.7773259476, 40.65687696111112], [-73.77734798360001, 40.65688123400001], [-73.77736921106667, 40.656883958444446], [-73.77738963, 40.65688513444446], [-73.7774092404, 40.656884762], [-73.77742804226666, 40.65688284111111], [-73.77744603560001, 40.656879371777784], [-73.7774632204, 40.656874354], [-73.77747959666667, 40.656867787777784], [-73.7774951644, 40.656859673111114], [-73.77750992360001, 40.65685001], [-73.77752387426668, 40.65683879844445], [-73.7775370164, 40.65682603844445], [-73.77754935, 40.65681173], [-73.77782671, 40.65645312], [-73.77760154, 40.65635131], [-73.77758103115556, 40.65634016137778], [-73.77756260862223, 40.65632891817778], [-73.7775462724, 40.6563175804], [-73.7775320224889, 40.65630614804445], [-73.77751985888891, 40.656294621111115], [-73.7775097816, 40.656282999599995], [-73.77750179062222, 40.6562712835111], [-73.77749588595556, 40.65625947284444], [-73.77749206760001, 40.65624756759999], [-73.77749033555557, 40.65623556777778], [-73.77749068982223, 40.65622347337778], [-73.7774931304, 40.6562112844], [-73.77749765728889, 40.65619900084444], [-73.77750427048889, 40.65618662271111], [-73.77751297, 40.65617415], [-73.77880313, 40.65451797], [-73.77884499115555, 40.65447418657779], [-73.7788889212889, 40.654435220311115], [-73.77893492039999, 40.654401071200006], [-73.7789829884889, 40.65437173924445], [-73.77903312555556, 40.65434722444446], [-73.7790853316, 40.6543275268], [-73.77913960662222, 40.65431264631111], [-73.77919595062221, 40.65430258297778], [-73.77925436359999, 40.6542973368], [-73.77931484555555, 40.65429690777778], [-73.77937739648888, 40.65430129591112], [-73.7794420164, 40.65431050120001], [-73.77950870528889, 40.65432452364445], [-73.77957746315555, 40.65434336324445], [-73.77964829, 40.65436702], [-73.78341413, 40.65607493], [-73.78345247222222, 40.65609514888889], [-73.78348685622221, 40.656115984222225], [-73.783517282, 40.656137436], [-73.78354374955556, 40.65615950422223], [-73.7835662588889, 40.6561821888889], [-73.78358481, 40.65620549], [-73.78359940288888, 40.65622940755556], [-73.78361003755555, 40.65625394155556], [-73.783616714, 40.656279092], [-73.78361943222222, 40.65630485888889], [-73.7836181922222, 40.65633124222222], [-73.783612994, 40.656358242], [-73.78360383755555, 40.65638585822222], [-73.78359072288889, 40.656414090888894], [-73.78357365, 40.65644294], [-73.78350564, 40.65654667], [-73.78372883, 40.65664789], [-73.78380806, 40.65655154], [-73.78384065635555, 40.65653099751112], [-73.78387315742224, 40.65651262071111], [-73.78390556320001, 40.65649640960001], [-73.7839378736889, 40.65648236417779], [-73.7839700888889, 40.656470484444455], [-73.78400220879999, 40.6564607704], [-73.78403423342223, 40.65645322204445], [-73.78406616275555, 40.65644783937778], [-73.7840979968, 40.6564446224], [-73.78412973555557, 40.65644357111111], [-73.78416137902224, 40.65644468551111], [-73.78419292720001, 40.65644796560001], [-73.7842243800889, 40.65645341137778], [-73.78425573768891, 40.65646102284445], [-73.784287, 40.6564708], [-73.78582263, 40.65722131], [-73.78619606, 40.65752138], [-73.78605398, 40.65791887], [-73.78582423, 40.65824074], [-73.78537827, 40.65804157], [-73.78524599, 40.65798299], [-73.78391954, 40.6596886], [-73.78349615, 40.65959573], [-73.78324509, 40.65968677], [-73.78321728, 40.65971519], [-73.78319181, 40.65974765], [-73.78105939, 40.65880814], [-73.78044625, 40.65957925], [-73.78612001, 40.66212323], [-73.78621898, 40.66227009], [-73.78667368, 40.66247711], [-73.78888838, 40.65964153], [-73.78775668, 40.65912083], [-73.78758288, 40.65904091], [-73.78713464, 40.65883679], [-73.78740152, 40.6585216], [-73.78764341, 40.65835004], [-73.78780639, 40.65830764], [-73.78782720422222, 40.65830569888889], [-73.78784756155557, 40.65830396622222], [-73.787867462, 40.658302442], [-73.78788690555557, 40.65830112622223], [-73.78790589222224, 40.6583000188889], [-73.787924422, 40.65829912], [-73.7879424948889, 40.65829842955556], [-73.78796011088889, 40.65829794755556], [-73.78797727000001, 40.658297674], [-73.78799397222224, 40.658297608888894], [-73.78801021755557, 40.658297752222225], [-73.78802600600002, 40.658298104], [-73.78804133755557, 40.65829866422223], [-73.78805621222224, 40.65829943288889], [-73.78807063, 40.65830041], [-73.78808639248889, 40.658302056711115], [-73.7881053012889, 40.658304834177784], [-73.78812735640001, 40.6583087424], [-73.78815255782223, 40.658313781377785], [-73.78818090555556, 40.65831995111112], [-73.7882123996, 40.6583272516], [-73.78824703995556, 40.658335682844445], [-73.78828482662222, 40.65834524484445], [-73.7883257596, 40.65835593759999], [-73.78836983888888, 40.65836776111111], [-73.7884170644889, 40.658380715377774], [-73.7884674364, 40.658394800399996], [-73.78852095462221, 40.658410016177776], [-73.78857761915555, 40.65842636271111], [-73.78863743, 40.65844384], [-73.78892813, 40.65857148], [-73.78895568786668, 40.658582132755555], [-73.78898341213335, 40.65859164835556], [-73.7890113028, 40.65860002680001], [-73.78903935986666, 40.6586072680889], [-73.78906758333333, 40.658613372222234], [-73.78909597319999, 40.6586183392], [-73.78912452946666, 40.65862216902223], [-73.78915325213333, 40.65862486168889], [-73.7891821412, 40.658626417200004], [-73.78921119666666, 40.65862683555556], [-73.78924041853332, 40.658626116755556], [-73.7892698068, 40.65862426080001], [-73.78929936146666, 40.65862126768889], [-73.78932908253333, 40.658617137422226], [-73.78935897, 40.65861187], [-73.7893885108, 40.658605653600006], [-73.78941719186666, 40.6585986764], [-73.78944501320001, 40.6585909384], [-73.78947197480001, 40.6585824396], [-73.78949807666667, 40.65857318000001], [-73.7895233188, 40.6585631596], [-73.78954770120001, 40.6585523784], [-73.78957122386666, 40.6585408364], [-73.7895938868, 40.6585285336], [-73.78961569, 40.65851547], [-73.78963663346667, 40.6585016456], [-73.7896567172, 40.6584870604], [-73.7896759412, 40.6584717144], [-73.78969430546667, 40.658455607600004], [-73.78971181, 40.65843874], [-73.78997475, 40.65811176], [-73.78998329, 40.65811576], [-73.79016835, 40.65788041], [-73.78946939, 40.65756296], [-73.78940927, 40.65770584], [-73.78942897315557, 40.6577200292], [-73.78944669328888, 40.65773431946667], [-73.78946243040001, 40.65774871080001], [-73.78947618448889, 40.657763203200005], [-73.78948795555557, 40.65777779666667], [-73.7894977436, 40.6577924912], [-73.78950554862222, 40.6578072868], [-73.78951137062222, 40.65782218346666], [-73.7895152096, 40.657837181199994], [-73.78951706555556, 40.65785228], [-73.78951693848889, 40.65786747986667], [-73.78951482840002, 40.6578827808], [-73.78951073528889, 40.6578981828], [-73.78950465915557, 40.65791368586666], [-73.7894966, 40.65792929], [-73.78933607, 40.65813412], [-73.78932523751111, 40.65814348902222], [-73.78931402537778, 40.65815214542223], [-73.78930243360001, 40.6581600892], [-73.7892904621778, 40.65816732035557], [-73.78927811111112, 40.6581738388889], [-73.7892653804, 40.6581796448], [-73.78925227004444, 40.65818473808889], [-73.78923878004444, 40.65818911875556], [-73.7892249104, 40.6581927868], [-73.7892106611111, 40.65819574222222], [-73.78919603217778, 40.65819798502223], [-73.78918102360001, 40.6581995152], [-73.78916563537777, 40.658200332755555], [-73.78914986751111, 40.65820043768889], [-73.78913372, 40.65819983], [-73.78877381, 40.65817223], [-73.78876479537777, 40.6581709616], [-73.78875572484445, 40.65816949773333], [-73.78874659840001, 40.658167838400004], [-73.78873741604444, 40.6581659836], [-73.78872817777778, 40.65816393333334], [-73.7887188836, 40.6581616876], [-73.78870953351111, 40.658159246400004], [-73.7887001275111, 40.65815660973333], [-73.7886906656, 40.658153777600006], [-73.78868114777778, 40.65815075], [-73.78867157404444, 40.658147526933334], [-73.7886619444, 40.6581441084], [-73.78865225884445, 40.6581404944], [-73.78864251737778, 40.65813668493334], [-73.78863272, 40.65813268], [-73.78783643, 40.65780862], [-73.78753751, 40.65766673], [-73.78709856, 40.65736466], [-73.78700047, 40.65693887], [-73.78702204, 40.65674717], [-73.78702398248889, 40.656738687911115], [-73.7870268526222, 40.65673080431111], [-73.7870306504, 40.65672351920001], [-73.78703537582223, 40.656716832577786], [-73.7870410288889, 40.65671074444445], [-73.78704760960001, 40.6567052548], [-73.78705511795556, 40.65670036364445], [-73.78706355395555, 40.65669607097778], [-73.7870729176, 40.6566923768], [-73.78708320888889, 40.65668928111111], [-73.78709442782221, 40.65668678391111], [-73.7871065744, 40.6566848852], [-73.78711964862222, 40.65668358497778], [-73.78713365048888, 40.65668288324445], [-73.78714858, 40.65668278], [-73.78725088, 40.65656799], [-73.78649538, 40.65620249], [-73.7864128, 40.65634771], [-73.7864251168, 40.6563558428], [-73.78643696586667, 40.656364107866665], [-73.78644834720001, 40.656372505200004], [-73.78645926080002, 40.656381034800006], [-73.78646970666668, 40.65638969666667], [-73.7864796848, 40.6563984908], [-73.7864891952, 40.6564074172], [-73.78649823786667, 40.65641647586666], [-73.7865068128, 40.6564256668], [-73.78651492, 40.65643499], [-73.78652255946668, 40.65644444546666], [-73.7865297312, 40.656454033200006], [-73.7865364352, 40.6564637532], [-73.78654267146668, 40.65647360546667], [-73.78654844, 40.65648359], [-73.78655370017778, 40.656493659288884], [-73.7865584113778, 40.65650376582222], [-73.78656257360001, 40.6565139096], [-73.78656618684447, 40.656524090622234], [-73.78656925111112, 40.656534308888894], [-73.7865717664, 40.6565445644], [-73.78657373271112, 40.656554857155555], [-73.78657515004446, 40.65656518715556], [-73.78657601840001, 40.6565755544], [-73.78657633777779, 40.65658595888889], [-73.78657610817778, 40.65659640062222], [-73.78657532960001, 40.656606879600005], [-73.78657400204445, 40.656617395822224], [-73.78657212551111, 40.65662794928889], [-73.7865697, 40.65663854], [-73.78647525, 40.65687908], [-73.78646515817778, 40.6568926216], [-73.78645451204444, 40.65690496906667], [-73.7864433116, 40.6569161224], [-73.78643155684445, 40.656926081600005], [-73.78641924777777, 40.65693484666667], [-73.7864063844, 40.6569424176], [-73.7863929667111, 40.6569487944], [-73.78637899471111, 40.656953977066664], [-73.7863644684, 40.6569579656], [-73.78634938777778, 40.65696076], [-73.78633375284444, 40.65696236026666], [-73.7863175636, 40.6569627664], [-73.78630082004445, 40.6569619784], [-73.78628352217778, 40.656959996266664], [-73.78626567, 40.65695682], [-73.78579804, 40.65686016], [-73.78421378, 40.65619552], [-73.78416092764445, 40.65617224204444], [-73.78411022657778, 40.656149056177775], [-73.78406167680002, 40.65612596240001], [-73.78401527831112, 40.65610296071112], [-73.78397103111114, 40.65608005111112], [-73.78392893520001, 40.6560572336], [-73.7838889905778, 40.65603450817778], [-73.78385119724446, 40.65601187484445], [-73.78381555520001, 40.655989333600004], [-73.78378206444447, 40.65596688444445], [-73.78375072497778, 40.65594452737778], [-73.78372153680002, 40.655922262400004], [-73.78369449991112, 40.655900089511114], [-73.78366961431112, 40.65587800871112], [-73.78364688, 40.65585602], [-73.78362606702223, 40.6558338896], [-73.78360694542224, 40.65581138373334], [-73.7835895152, 40.655788502400014], [-73.78357377635557, 40.6557652456], [-73.7835597288889, 40.65574161333334], [-73.7835473728, 40.6557176056], [-73.78353670808889, 40.655693222400004], [-73.78352773475555, 40.655668463733335], [-73.78352045279999, 40.6556433296], [-73.78351486222223, 40.65561782], [-73.78351096302222, 40.65559193493333], [-73.7835087552, 40.6555656744], [-73.78350823875556, 40.6555390384], [-73.78350941368888, 40.65551202693333], [-73.78351228, 40.65548464], [-73.78356674, 40.65517424], [-73.78357081662223, 40.65516355022223], [-73.78357567582222, 40.65515389688889], [-73.78358131760001, 40.65514528], [-73.78358774195556, 40.65513769955557], [-73.7835949488889, 40.65513115555556], [-73.7836029384, 40.655125648], [-73.78361171048888, 40.6551211768889], [-73.78362126515556, 40.655117742222224], [-73.78363160239999, 40.655115344], [-73.78364272222223, 40.655113982222225], [-73.78365462462223, 40.655113656888894], [-73.7836673096, 40.655114368], [-73.78368077715555, 40.65511611555556], [-73.7836950272889, 40.65511889955556], [-73.78371006, 40.65512272], [-73.78384375, 40.65504352], [-73.78305234, 40.65469615], [-73.78298103, 40.6547923], [-73.78301078782223, 40.65480922728889], [-73.78303849862223, 40.65482713182222], [-73.78306416240001, 40.6548460136], [-73.78308777915557, 40.654865872622224], [-73.7831093488889, 40.65488670888889], [-73.78312887160001, 40.65490852240001], [-73.78314634728889, 40.65493131315555], [-73.78316177595556, 40.654955081155556], [-73.7831751576, 40.6549798264], [-73.78318649222223, 40.655005548888894], [-73.78319577982222, 40.65503224862222], [-73.78320302040001, 40.65505992560001], [-73.78320821395556, 40.65508857982222], [-73.78321136048889, 40.65511821128889], [-73.78321246, 40.65514882], [-73.78313438, 40.65560562], [-73.78313125404445, 40.65561673431112], [-73.78312714017778, 40.65562661057779], [-73.78312203840001, 40.6556352488], [-73.78311594871111, 40.65564264897778], [-73.78310887111112, 40.65564881111112], [-73.7831008056, 40.655653735200005], [-73.78309175217777, 40.65565742124445], [-73.78308171084444, 40.655659869244445], [-73.7830706816, 40.6556610792], [-73.78305866444444, 40.65566105111111], [-73.78304565937776, 40.65565978497777], [-73.78303166639999, 40.65565728080001], [-73.7830166855111, 40.65565353857778], [-73.78300071671111, 40.655648558311114], [-73.78298376, 40.65564234], [-73.78180064, 40.65510528], [-73.78178730395557, 40.65509641111111], [-73.78177595715556, 40.655087633777775], [-73.7817665996, 40.655078948], [-73.78175923128889, 40.65507035377779], [-73.78175385222224, 40.655061851111114], [-73.7817504624, 40.65505344], [-73.78174906182223, 40.65504512044445], [-73.78174965048889, 40.65503689244444], [-73.7817522284, 40.655028756], [-73.78175679555557, 40.655020711111106], [-73.78176335195556, 40.655012757777776], [-73.78177189760001, 40.655004896], [-73.7817824324889, 40.654997125777776], [-73.78179495662222, 40.65498944711111], [-73.78180947, 40.65498186], [-73.78252468, 40.65467872], [-73.78253735813333, 40.65467437146666], [-73.7825499872, 40.65467054453333], [-73.7825625672, 40.6546672392], [-73.78257509813332, 40.65466445546667], [-73.78258758000001, 40.654662193333344], [-73.78260001279999, 40.6546604528], [-73.78261239653332, 40.65465923386667], [-73.7826247312, 40.65465853653333], [-73.7826370168, 40.654658360800006], [-73.78264925333332, 40.65465870666667], [-73.7826614408, 40.65465957413333], [-73.78267357920001, 40.6546609632], [-73.78268566853333, 40.65466287386667], [-73.7826977088, 40.65466530613334], [-73.7827097, 40.65466826], [-73.78282471, 40.65463976], [-73.78217327, 40.65433491], [-73.78213894, 40.65441052], [-73.78215320977776, 40.65442105106667], [-73.78216533377778, 40.65443131093333], [-73.78217531200002, 40.6544412996], [-73.78218314444446, 40.65445101706667], [-73.78218883111113, 40.654460463333336], [-73.782192372, 40.6544696384], [-73.78219376711111, 40.65447854226666], [-73.78219301644445, 40.65448717493334], [-73.78219012000001, 40.6544955364], [-73.78218507777778, 40.65450362666667], [-73.78217788977778, 40.65451144573333], [-73.78216855600002, 40.6545189936], [-73.78215707644445, 40.654526270266665], [-73.78214345111111, 40.65453327573333], [-73.78212768, 40.65454001], [-73.78160518, 40.6547545], [-73.781564878, 40.654769612933336], [-73.781523884, 40.65478213840001], [-73.781482198, 40.65479207640001], [-73.78143982000002, 40.654799426933344], [-73.78139675, 40.654804190000014], [-73.781352988, 40.65480636560001], [-73.781308534, 40.654805953733344], [-73.781263388, 40.654802954400004], [-73.78121755, 40.65479736760001], [-73.78117101999999, 40.65478919333334], [-73.781123798, 40.65477843160001], [-73.781075884, 40.654765082400004], [-73.781027278, 40.654749145733334], [-73.78097798, 40.65473062160001], [-73.78092799, 40.65470951], [-73.77886725, 40.65377071], [-73.77884234844446, 40.65375937831111], [-73.77881857711112, 40.65374715124445], [-73.778795936, 40.6537340288], [-73.77877442511112, 40.653720010977786], [-73.77875404444447, 40.65370509777779], [-73.778734794, 40.6536892892], [-73.77871667377778, 40.65367258524445], [-73.77869968377777, 40.65365498591112], [-73.778683824, 40.653636491200004], [-73.77866909444444, 40.65361710111112], [-73.77865549511111, 40.65359681564445], [-73.778643026, 40.653575634800006], [-73.77863168711112, 40.653553558577784], [-73.77862147844445, 40.65353058697779], [-73.7786124, 40.65350672], [-73.77860459097778, 40.65348258577777], [-73.7785981905778, 40.65345881244445], [-73.77859319880001, 40.6534354], [-73.77858961564445, 40.65341234844445], [-73.77858744111111, 40.65338965777779], [-73.7785866752, 40.653367328], [-73.7785873179111, 40.653345359111114], [-73.77858936924444, 40.65332375111111], [-73.7785928292, 40.653302504], [-73.77859769777777, 40.65328161777778], [-73.77860397497778, 40.65326109244444], [-73.7786116608, 40.653240928], [-73.77862075524445, 40.65322112444444], [-73.77863125831111, 40.65320168177778], [-73.77864317, 40.6531826], [-73.7787643, 40.65302901], [-73.77877488568889, 40.653018963688886], [-73.77878594942224, 40.65300983808889], [-73.77879749120001, 40.6530016332], [-73.77880951102223, 40.65299434902222], [-73.77882200888891, 40.65298798555556], [-73.7788349848, 40.6529825428], [-73.77884843875557, 40.652978020755555], [-73.77886237075555, 40.65297441942222], [-73.7788767808, 40.6529717388], [-73.77889166888889, 40.65296997888889], [-73.77890703502223, 40.652969139688885], [-73.7789228792, 40.6529692212], [-73.77893920142223, 40.65297022342222], [-73.7789560016889, 40.65297214635556], [-73.77897328, 40.65297499], [-73.77911786, 40.65284919], [-73.77799016, 40.65232958], [-73.77787902, 40.65247902], [-73.77794492355555, 40.652530049911114], [-73.77800454888889, 40.65257982497778], [-73.778057896, 40.65262834520001], [-73.77810496488888, 40.65267561057778], [-73.77814575555556, 40.65272162111112], [-73.778180268, 40.6527663768], [-73.77820850222221, 40.652809877644444], [-73.77823045822221, 40.65285212364445], [-73.778246136, 40.6528931148], [-73.77825553555556, 40.65293285111112], [-73.77825865688888, 40.65297133257778], [-73.7782555, 40.6530085592], [-73.77824606488889, 40.65304453097778], [-73.77823035155555, 40.653079247911116], [-73.77820836, 40.65311271], [-73.77818215724444, 40.653143705955564], [-73.77815381031112, 40.65317102448889], [-73.7781233192, 40.65319466560001], [-73.77809068391112, 40.65321462928889], [-73.77805590444444, 40.65323091555557], [-73.7780189808, 40.6532435244], [-73.77797991297777, 40.653252455822226], [-73.77793870097778, 40.65325770982222], [-73.77789534480002, 40.6532592864], [-73.77784984444445, 40.65325718555556], [-73.77780219991112, 40.65325140728889], [-73.7777524112, 40.6532419516], [-73.77770047831112, 40.65322881848889], [-73.77764640124445, 40.65321200795556], [-73.77759018, 40.65319152], [-73.77422593, 40.65166574], [-73.77421124097776, 40.65165752137777], [-73.77419692857778, 40.651648766844446], [-73.77418299280001, 40.65163947640001], [-73.77416943364446, 40.65162965004445], [-73.77415625111112, 40.651619287777784], [-73.7741434452, 40.6516083896], [-73.77413101591111, 40.65159695551111], [-73.77411896324443, 40.65158498551111], [-73.7741072872, 40.651572479600006], [-73.77409598777777, 40.65155943777778], [-73.77408506497777, 40.65154586004444], [-73.7740745188, 40.6515317464], [-73.77406434924444, 40.651517096844444], [-73.77405455631111, 40.65150191137778], [-73.77404514, 40.65148619], [-73.77403326597927, 40.65146402945185], [-73.77402248143409, 40.65144061094815], [-73.77401289664002, 40.65141616720001], [-73.7740046218726, 40.651390930918524], [-73.77399776740742, 40.651365134814824], [-73.77399244352, 40.6513390116], [-73.77398876048593, 40.65131279398518], [-73.77398682858073, 40.65128671468148], [-73.77398675808, 40.6512610064], [-73.77398865925926, 40.651235901851855], [-73.77399264239406, 40.65121163374815], [-73.77399881776, 40.651188434800005], [-73.77400729563259, 40.65116653771852], [-73.7740181862874, 40.65114617521482], [-73.7740316, 40.65112758], [-73.77404860009482, 40.65110949457778], [-73.77406787142519, 40.65109306595556], [-73.77408920256003, 40.65107823360001], [-73.77411238206817, 40.65106493697779], [-73.77413719851853, 40.65105311555556], [-73.77416344048001, 40.651042708800006], [-73.77419089652147, 40.65103365617778], [-73.77421935521187, 40.651025897155556], [-73.77424860512001, 40.65101937120001], [-73.77427843481482, 40.65101401777778], [-73.7743086328652, 40.65100977635556], [-73.77433898784001, 40.6510065864], [-73.77436928830815, 40.65100438737778], [-73.77439932283852, 40.651003118755554], [-73.77442888, 40.65100272], [-73.77444773435555, 40.6510028600889], [-73.77446636942223, 40.651003259022225], [-73.77448478520002, 40.65100391680001], [-73.7745029816889, 40.65100483342222], [-73.7745209588889, 40.6510060088889], [-73.7745387168, 40.6510074432], [-73.77455625542223, 40.65100913635556], [-73.77457357475556, 40.65101108835556], [-73.7745906748, 40.6510132992], [-73.77460755555555, 40.65101576888889], [-73.77462421702222, 40.65101849742222], [-73.7746406592, 40.651021484800005], [-73.77465688208889, 40.65102473102222], [-73.77467288568889, 40.65102823608889], [-73.77468867, 40.651032], [-73.77484425, 40.65090518], [-73.77367791, 40.65034278], [-73.77352785, 40.65050599], [-73.77354206848888, 40.650517233555554], [-73.77355587062223, 40.650528628222226], [-73.7735692564, 40.650540174], [-73.77358222582222, 40.65055187088889], [-73.77359477888889, 40.6505637188889], [-73.7736069156, 40.650575718], [-73.77361863595554, 40.65058786822222], [-73.77362993995555, 40.65060016955556], [-73.77364082759999, 40.650612622], [-73.7736512988889, 40.65062522555556], [-73.77366135382222, 40.650637980222214], [-73.7736709924, 40.650650886], [-73.77368021462222, 40.65066394288888], [-73.77368902048887, 40.65067715088889], [-73.77369741, 40.65069051], [-73.77370798875259, 40.65070906582221], [-73.77371739522076, 40.650727883511124], [-73.77372568672001, 40.65074678040001], [-73.77373292056595, 40.650765573822234], [-73.7737391540741, 40.65078408111113], [-73.77374444456001, 40.65080211960001], [-73.77374884933927, 40.65081950662223], [-73.77375242572741, 40.650836059511114], [-73.77375523104001, 40.6508515956], [-73.7737573225926, 40.650865932222224], [-73.77375875770075, 40.65087888671111], [-73.77375959368001, 40.650890276400006], [-73.77375988784594, 40.65089991862222], [-73.77375969751408, 40.65090763071111], [-73.77375908, 40.65091323], [-73.77375713030223, 40.65092306514963], [-73.77375444455112, 40.65093373146371], [-73.77375065576001, 40.65094517024001], [-73.77374539694223, 40.6509573227763], [-73.77373830111112, 40.650970130370375], [-73.77372900128, 40.650983534320005], [-73.77371713046222, 40.65099747592296], [-73.77370232167111, 40.65101189647703], [-73.77368420792001, 40.651026737280006], [-73.77366242222223, 40.651041939629636], [-73.7736365975911, 40.65105744482371], [-73.77360636704, 40.651073194160006], [-73.77357136358223, 40.6510891289363], [-73.77353122023112, 40.65110519045037], [-73.77348557, 40.65112132], [-73.77345329457779, 40.651131348488896], [-73.77342116964445, 40.65113990862222], [-73.77338919520001, 40.65114700040001], [-73.77335737124446, 40.65115262382222], [-73.7733256977778, 40.6511567788889], [-73.7732941748, 40.651159465599996], [-73.77326280231111, 40.65116068395555], [-73.77323158031112, 40.65116043395555], [-73.7732005088, 40.651158715600005], [-73.77316958777779, 40.65115552888889], [-73.77313881724444, 40.65115087382222], [-73.7731081972, 40.6511447504], [-73.77307772764445, 40.65113715862222], [-73.77304740857778, 40.65112809848889], [-73.77301724, 40.65111757], [-73.76959847, 40.64956706], [-73.76954395933333, 40.649540762044445], [-73.76949635000001, 40.649513612177785], [-73.76945564200001, 40.649485610400006], [-73.76942183533335, 40.64945675671112], [-73.76939493, 40.64942705111112], [-73.769374926, 40.64939649360001], [-73.76936182333334, 40.64936508417778], [-73.769355622, 40.64933282284445], [-73.769356322, 40.6492997096], [-73.76936392333334, 40.64926574444445], [-73.769378426, 40.64923092737778], [-73.76939983, 40.6491952584], [-73.76942813533333, 40.649158737511115], [-73.769463342, 40.649121364711114], [-73.76950545, 40.64908314], [-73.76972181, 40.64896043], [-73.76974443853332, 40.64895136631111], [-73.7697670628, 40.64894333791112], [-73.7697896828, 40.6489363448], [-73.76981229853334, 40.64893038697778], [-73.76983491000001, 40.648925464444446], [-73.7698575172, 40.6489215772], [-73.76988012013334, 40.64891872524444], [-73.76990271880001, 40.64891690857778], [-73.7699253132, 40.648916127199996], [-73.76994790333333, 40.64891638111111], [-73.7699704892, 40.64891767031111], [-73.76999307080001, 40.648919994799996], [-73.77001564813334, 40.648923354577775], [-73.7700382212, 40.64892774964444], [-73.77006079, 40.64893318], [-73.77014464, 40.64887916], [-73.76950827, 40.64858959], [-73.7694505, 40.64865776], [-73.76945996600001, 40.64866605342222], [-73.76946805733336, 40.64867427235555], [-73.76947477400002, 40.64868241680001], [-73.76948011600003, 40.64869048675556], [-73.76948408333335, 40.64869848222223], [-73.769486676, 40.648706403199995], [-73.769487894, 40.648714249688894], [-73.76948773733334, 40.64872202168889], [-73.76948620600001, 40.648729719200006], [-73.76948330000002, 40.648737342222226], [-73.76947901933333, 40.64874489075556], [-73.769473364, 40.6487523648], [-73.769466334, 40.64875976435556], [-73.76945792933334, 40.64876708942223], [-73.76944815, 40.64877434], [-73.76902929, 40.64900335], [-73.7689898888889, 40.649019465377776], [-73.76895001622223, 40.64903342217778], [-73.768909672, 40.649045220400005], [-73.76886885622224, 40.64905486004445], [-73.76882756888891, 40.64906234111112], [-73.76878581, 40.6490676636], [-73.76874357955555, 40.64907082751111], [-73.76870087755556, 40.64907183284444], [-73.768657704, 40.6490706796], [-73.76861405888889, 40.64906736777778], [-73.76856994222223, 40.64906189737778], [-73.768525354, 40.6490542684], [-73.76848029422223, 40.649044480844445], [-73.76843476288889, 40.64903253471111], [-73.76838876, 40.64901843], [-73.76826869, 40.64896397], [-73.76812597, 40.64914134]], [[-73.77726851, 40.65606334], [-73.77725796728889, 40.65607411804445], [-73.7772470164889, 40.65608382551111], [-73.7772356576, 40.65609246240001], [-73.77722389062222, 40.656100028711116], [-73.77721171555557, 40.65610652444445], [-73.7771991324, 40.6561119496], [-73.77718614115555, 40.65611630417778], [-73.77717274182223, 40.65611958817778], [-73.7771589344, 40.6561218016], [-73.77714471888889, 40.65612294444445], [-73.7771300952889, 40.656123016711106], [-73.77711506360001, 40.656122018400005], [-73.77709962382222, 40.656119949511115], [-73.77708377595556, 40.65611681004445], [-73.77706752, 40.6561126], [-73.77664391, 40.6559179], [-73.77662664008889, 40.655906477733325], [-73.77661142502224, 40.65589469893334], [-73.77659826480001, 40.6558825636], [-73.77658715942223, 40.65587007173333], [-73.7765781088889, 40.655857223333335], [-73.77657111319999, 40.6558440184], [-73.77656617235554, 40.65583045693333], [-73.77656328635555, 40.65581653893333], [-73.77656245520001, 40.6558022644], [-73.77656367888889, 40.65578763333333], [-73.77656695742222, 40.655772645733336], [-73.7765722908, 40.655757301600005], [-73.77657967902222, 40.65574160093333], [-73.7765891220889, 40.65572554373333], [-73.77660062, 40.65570913], [-73.77778798, 40.65419843], [-73.77785072577778, 40.65413995306666], [-73.7779116617778, 40.65408664493334], [-73.777970788, 40.654038505600006], [-73.77802810444446, 40.65399553506667], [-73.77808361111113, 40.65395773333334], [-73.77813730800001, 40.653925100399995], [-73.77818919511112, 40.65389763626666], [-73.77823927244445, 40.653875340933325], [-73.77828754, 40.653858214399996], [-73.77833399777779, 40.65384625666667], [-73.77837864577779, 40.653839467733334], [-73.778421484, 40.6538378476], [-73.77846251244445, 40.65384139626667], [-73.77850173111112, 40.653850113733334], [-73.77853914, 40.653864], [-73.77857318377778, 40.6538820892], [-73.77860230711111, 40.653903415466665], [-73.77862651, 40.653927978800006], [-73.77864579244446, 40.653955779200004], [-73.77866015444445, 40.653986816666674], [-73.778669596, 40.65402109119999], [-73.77867411711111, 40.6540586028], [-73.77867371777778, 40.65409935146667], [-73.778668398, 40.654143337200004], [-73.77865815777778, 40.65419056], [-73.77864299711112, 40.65424101986667], [-73.778622916, 40.6542947168], [-73.77859791444445, 40.6543516508], [-73.77856799244444, 40.65441182186667], [-73.77853315, 40.65447523], [-73.77726851, 40.65606334]], [[-73.78612805, 40.65838215], [-73.78639306, 40.65807093], [-73.78678428, 40.65778417], [-73.78703076, 40.65783767], [-73.78720317, 40.65798161], [-73.78705885, 40.65837356], [-73.78682387, 40.65869354], [-73.78612805, 40.65838215]]]}}, {"type": "Feature", "properties": {"name": "New Taxiway 82", "surface_type": "CONCRETE", "smoothness": 0.0, "texture_orientation": 30.7}, "geometry": {"type": "Polygon", "coordinates": [[[-73.76714599, 40.64964399], [-73.76709111777778, 40.64960544328889], [-73.76704203711112, 40.649567008488894], [-73.76699874800002, 40.6495286856], [-73.76696125044445, 40.64949047462223], [-73.76692954444447, 40.64945237555556], [-73.76690363, 40.6494143884], [-73.76688350711112, 40.64937651315555], [-73.76686917577779, 40.64933874982222], [-73.766860636, 40.6493010984], [-73.76685788777779, 40.64926355888889], [-73.76686093111113, 40.649226131288884], [-73.76686976600001, 40.6491888156], [-73.76688439244444, 40.64915161182222], [-73.76690481044444, 40.64911451995556], [-73.76693102, 40.64907754], [-73.76696152364444, 40.649042466711116], [-73.76699482391112, 40.64901109484445], [-73.76703092080001, 40.6489834244], [-73.76706981431111, 40.64895945537779], [-73.76711150444446, 40.648939187777785], [-73.76715599119999, 40.6489226216], [-73.76720327457778, 40.648909756844446], [-73.76725335457778, 40.648900593511115], [-73.7673062312, 40.6488951316], [-73.76736190444444, 40.648893371111114], [-73.7674203743111, 40.648895312044445], [-73.7674816408, 40.648900954400006], [-73.76754570391111, 40.64891029817778], [-73.76761256364445, 40.64892334337778], [-73.76768222, 40.64894009], [-73.76812597, 40.64914134], [-73.76826869, 40.64896397], [-73.76788728, 40.64879099], [-73.76783058857778, 40.64875734373334], [-73.76777931697778, 40.64872301293333], [-73.76773346520001, 40.64868799760001], [-73.76769303324446, 40.648652297733335], [-73.76765802111113, 40.64861591333334], [-73.76762842880001, 40.6485788444], [-73.76760425631112, 40.648541090933335], [-73.76758550364445, 40.64850265293333], [-73.76757217080001, 40.6484635304], [-73.76756425777779, 40.64842372333333], [-73.76756176457778, 40.648383231733334], [-73.76756469120001, 40.648342055600004], [-73.76757303764445, 40.648300194933334], [-73.76758680391112, 40.64825764973334], [-73.76760599, 40.64821442], [-73.76767166, 40.64811686], [-73.76768048493335, 40.648105814], [-73.76768975440001, 40.64809536933334], [-73.76769946840001, 40.64808552600001], [-73.76770962693335, 40.648076284], [-73.76772023, 40.64806764333334], [-73.7677312776, 40.648059604], [-73.76774276973335, 40.648052166], [-73.76775470640001, 40.648045329333335], [-73.76776708760002, 40.648039094], [-73.76777991333334, 40.64803346], [-73.7677931836, 40.64802842733333], [-73.76780689840001, 40.648023996], [-73.76782105773334, 40.648020166], [-73.7678356616, 40.64801693733333], [-73.76785071, 40.64801431], [-73.76786597728889, 40.64801223542223], [-73.76788123782222, 40.64801066502222], [-73.76789649160001, 40.6480095988], [-73.76791173862223, 40.64800903675556], [-73.7679269788889, 40.648008978888896], [-73.7679422124, 40.6480094252], [-73.76795743915555, 40.64801037568889], [-73.76797265915556, 40.64801183035556], [-73.7679878724, 40.64801378920001], [-73.76800307888888, 40.64801625222223], [-73.76801827862221, 40.648019219422224], [-73.7680334716, 40.648022690800005], [-73.76804865782222, 40.648026666355555], [-73.76806383728888, 40.64803114608889], [-73.76807901, 40.64803613], [-73.76815828, 40.64793881], [-73.76753561, 40.6476479], [-73.7674366, 40.64774502], [-73.7674491940889, 40.647756673377785], [-73.76746036302222, 40.647768393511114], [-73.7674701068, 40.64778018040001], [-73.76747842542223, 40.64779203404446], [-73.7674853188889, 40.647803954444456], [-73.76749078719999, 40.64781594160001], [-73.76749483035555, 40.64782799551112], [-73.76749744835556, 40.64784011617778], [-73.7674986412, 40.647852303600004], [-73.76749840888888, 40.64786455777778], [-73.76749675142221, 40.647876878711116], [-73.7674936688, 40.64788926640001], [-73.76748916102223, 40.647901720844445], [-73.76748322808889, 40.64791424204445], [-73.76747587, 40.64792683], [-73.76733789, 40.6480994], [-73.76730787204444, 40.64812680955556], [-73.76727666351113, 40.64815172088889], [-73.76724426439999, 40.648174134], [-73.76721067471111, 40.64819404888889], [-73.76717589444443, 40.64821146555556], [-73.7671399236, 40.648226384], [-73.76710276217779, 40.648238804222224], [-73.76706441017778, 40.64824872622222], [-73.7670248676, 40.64825615], [-73.76698413444444, 40.64826107555555], [-73.76694221071111, 40.64826350288889], [-73.76689909640001, 40.648263432], [-73.76685479151111, 40.64826086288889], [-73.76680929604444, 40.648255795555556], [-73.76676261, 40.64824823], [-73.76627728, 40.6480235], [-73.76623095115556, 40.64799192813334], [-73.76618937795556, 40.64795995920001], [-73.7661525604, 40.6479275932], [-73.76612049848889, 40.64789483013334], [-73.76609319222223, 40.64786167], [-73.76607064159998, 40.6478281128], [-73.76605284662222, 40.64779415853333], [-73.76603980728889, 40.6477598072], [-73.76603152359999, 40.6477250588], [-73.76602799555556, 40.64768991333334], [-73.76602922315556, 40.6476543708], [-73.7660352064, 40.6476184312], [-73.76604594528888, 40.647582094533334], [-73.76606143982221, 40.6475453608], [-73.76608169, 40.64750823], [-73.76594382, 40.64739458], [-73.7652498, 40.6482934], [-73.76542616, 40.6483472], [-73.76547482373334, 40.64831707182223], [-73.76552343360001, 40.64829065795556], [-73.76557198960002, 40.64826795840001], [-73.76562049173336, 40.64824897315557], [-73.76566894000003, 40.648233702222235], [-73.76571733440001, 40.6482221456], [-73.76576567493333, 40.648214303288896], [-73.7658139616, 40.648210175288895], [-73.7658621944, 40.64820976160001], [-73.76591037333336, 40.648213062222226], [-73.76595849840001, 40.64822007715556], [-73.76600656960001, 40.64823080640001], [-73.76605458693334, 40.648245249955565], [-73.7661025504, 40.64826340782223], [-73.76615046, 40.64828528], [-73.7665608, 40.64856039], [-73.76658798755557, 40.64857717697778], [-73.7666122142222, 40.64859455391111], [-73.76663348, 40.6486125208], [-73.7666517848889, 40.648631077644445], [-73.7666671288889, 40.64865022444445], [-73.766679512, 40.6486699612], [-73.76668893422223, 40.64869028791111], [-73.76669539555556, 40.64871120457777], [-73.766698896, 40.6487327112], [-73.76669943555555, 40.64875480777778], [-73.76669701422222, 40.648777494311105], [-73.766691632, 40.648800770799994], [-73.76668328888888, 40.64882463724444], [-73.76667198488889, 40.64884909364444], [-73.76665772, 40.64887414], [-73.76654896, 40.64901325], [-73.7665290295111, 40.64903239746667], [-73.76650788604445, 40.649049655866676], [-73.7664855296, 40.6490650252], [-73.76646196017778, 40.64907850546667], [-73.76643717777779, 40.649090096666676], [-73.76641118239999, 40.649099798799995], [-73.76638397404444, 40.64910761186667], [-73.76635555271112, 40.64911353586667], [-73.76632591840001, 40.6491175708], [-73.76629507111112, 40.64911971666667], [-73.76626301084445, 40.64911997346667], [-73.76622973760001, 40.6491183412], [-73.76619525137778, 40.64911481986667], [-73.7661595521778, 40.64910940946667], [-73.76612264, 40.64910211], [-73.76560342, 40.64894121], [-73.76555682506667, 40.64891907128889], [-73.76551445360002, 40.648895391155556], [-73.76547630560002, 40.64887016960001], [-73.76544238106668, 40.64884340662223], [-73.76541268000001, 40.64881510222223], [-73.7653872024, 40.6487852564], [-73.76536594826666, 40.648753869155556], [-73.76534891760001, 40.648720940488886], [-73.76533611040001, 40.6486864704], [-73.76532752666668, 40.648650458888895], [-73.76532316640001, 40.64861290595556], [-73.76532302960001, 40.6485738116], [-73.76532711626666, 40.64853317582222], [-73.7653354264, 40.64849099862222], [-73.76534796, 40.64844728], [-73.76523597, 40.64839647], [-73.76479722, 40.64895145], [-73.76494426, 40.64896395], [-73.76532807, 40.6491326], [-73.76584131, 40.64944929], [-73.7658700636, 40.649470798533336], [-73.76589584706669, 40.6494922468], [-73.7659186604, 40.64951363480001], [-73.76593850360001, 40.64953496253334], [-73.76595537666668, 40.64955623], [-73.76596927960001, 40.649577437199994], [-73.76598021240001, 40.64959858413333], [-73.76598817506668, 40.6496196708], [-73.7659931676, 40.6496406972], [-73.76599519000001, 40.64966166333333], [-73.76599424226667, 40.649682569199996], [-73.76599032440001, 40.6497034148], [-73.7659834364, 40.649724200133335], [-73.76597357826668, 40.649744925200004], [-73.76596075, 40.64976559], [-73.76594587066666, 40.649785403288895], [-73.76592985933335, 40.64980357382222], [-73.765912716, 40.649820101600014], [-73.76589444066668, 40.64983498662223], [-73.76587503333334, 40.64984822888889], [-73.76585449400001, 40.649859828400004], [-73.76583282266667, 40.64986978515556], [-73.76581001933334, 40.64987809915556], [-73.765786084, 40.64988477040001], [-73.76576101666667, 40.64988979888889], [-73.76573481733334, 40.64989318462223], [-73.76570748600001, 40.64989492760001], [-73.76567902266667, 40.649895027822225], [-73.76564942733333, 40.64989348528889], [-73.7656187, 40.6498903], [-73.76500343, 40.64971905], [-73.76495558368889, 40.649695463022226], [-73.76491224208888, 40.64967031542223], [-73.7648734052, 40.649643607200005], [-73.76483907302223, 40.64961533835556], [-73.76480924555557, 40.64958550888889], [-73.76478392279999, 40.6495541188], [-73.76476310475556, 40.64952116808889], [-73.76474679142221, 40.649486656755556], [-73.76473498280001, 40.6494505848], [-73.76472767888887, 40.64941295222222], [-73.76472487968888, 40.649373759022225], [-73.76472658520001, 40.649333005200006], [-73.76473279542222, 40.64929069075556], [-73.76474351035556, 40.64924681568889], [-73.76475873, 40.64920138], [-73.76465078, 40.64909617], [-73.76396008, 40.64999984], [-73.76412464, 40.65001291], [-73.76416402782222, 40.64998527417777], [-73.76420433262223, 40.64996086537778], [-73.7642455544, 40.64993968360001], [-73.76428769315557, 40.64992172884445], [-73.7643307488889, 40.64990700111111], [-73.76437472159999, 40.64989550039999], [-73.76441961128889, 40.64988722671111], [-73.76446541795556, 40.64988218004444], [-73.7645121416, 40.649880360400005], [-73.76455978222222, 40.64988176777777], [-73.76460833982222, 40.64988640217777], [-73.76465781440001, 40.649894263600004], [-73.76470820595556, 40.64990535204444], [-73.76475951448889, 40.64991966751111], [-73.76481174, 40.64993721], [-73.7652446, 40.65021167], [-73.76527329964445, 40.650232923955556], [-73.76529895057779, 40.65025427248889], [-73.76532155280002, 40.65027571560001], [-73.76534110631111, 40.65029725328889], [-73.76535761111111, 40.650318885555556], [-73.76537106720001, 40.6503406124], [-73.76538147457778, 40.650362433822224], [-73.76538883324444, 40.650384349822225], [-73.76539314320001, 40.6504063604], [-73.76539440444444, 40.65042846555555], [-73.76539261697778, 40.650450665288886], [-73.7653877808, 40.6504729596], [-73.76537989591111, 40.65049534848889], [-73.76536896231111, 40.650517831955554], [-73.76535498, 40.65054041], [-73.76522775, 40.65070315], [-73.7652061663111, 40.65072253555555], [-73.76518349791111, 40.650739966888885], [-73.7651597448, 40.650755444], [-73.76513490697779, 40.6507689668889], [-73.76510898444445, 40.65078053555556], [-73.7650819772, 40.65079015], [-73.76505388524444, 40.65079781022222], [-73.76502470857778, 40.65080351622222], [-73.7649944472, 40.650807268], [-73.7649631011111, 40.65080906555556], [-73.76493067031112, 40.65080890888889], [-73.7648971548, 40.650806798], [-73.76486255457777, 40.65080273288889], [-73.76482686964445, 40.65079671355556], [-73.7647901, 40.65078874], [-73.76428442, 40.65063513], [-73.7642336190222, 40.65060762893333], [-73.76418777608889, 40.65057912573333], [-73.7641468912, 40.65054962040001], [-73.76411096435557, 40.65051911293334], [-73.76407999555556, 40.65048760333333], [-73.7640539848, 40.6504550916], [-73.7640329320889, 40.65042157773333], [-73.76401683742222, 40.65038706173333], [-73.7640057008, 40.650351543599996], [-73.76399952222224, 40.650315023333334], [-73.76399830168889, 40.65027750093333], [-73.7640020392, 40.6502389764], [-73.76401073475556, 40.650199449733336], [-73.76402438835555, 40.650158920933336], [-73.764043, 40.65011739], [-73.76390251, 40.6500386], [-73.76347997, 40.65059521], [-73.76375768, 40.65072092], [-73.76376493, 40.65071162], [-73.76475609, 40.65116172], [-73.7648066268889, 40.65117743515555], [-73.76485606422223, 40.651189607288885], [-73.764904402, 40.6511982364], [-73.76495164022224, 40.65120332248889], [-73.7649977788889, 40.651204865555556], [-73.765042818, 40.6512028656], [-73.76508675755557, 40.65119732262222], [-73.76512959755556, 40.65118823662222], [-73.765171338, 40.651175607599995], [-73.76521197888889, 40.651159435555556], [-73.76525152022222, 40.651139720488885], [-73.76528996200001, 40.6511164624], [-73.76532730422221, 40.651089661288886], [-73.76536354688889, 40.65105931715556], [-73.76539869, 40.65102543], [-73.76626181, 40.64991844], [-73.76629539404446, 40.64989171817778], [-73.76632972217777, 40.64986787537779], [-73.7663647944, 40.64984691160001], [-73.7664006107111, 40.64982882684445], [-73.76643717111111, 40.649813621111115], [-73.7664744756, 40.6498012944], [-73.76651252417777, 40.64979184671111], [-73.76655131684444, 40.64978527804445], [-73.7665908536, 40.6497815884], [-73.76663113444444, 40.64978077777778], [-73.76667215937778, 40.64978284617777], [-73.7667139284, 40.6497877936], [-73.7667564415111, 40.64979562004444], [-73.76679969871111, 40.64980632551111], [-73.7668437, 40.64981991], [-73.76709969, 40.64993721], [-73.76729035, 40.6496917], [-73.76728321239999, 40.649690537199994], [-73.76727571960001, 40.649689086133336], [-73.76726787160001, 40.64968734680001], [-73.7672596684, 40.64968531920001], [-73.76725111000002, 40.649683003333344], [-73.7672421964, 40.6496803992], [-73.7672329276, 40.6496775068], [-73.7672233036, 40.649674326133336], [-73.7672133244, 40.6496708572], [-73.76720299, 40.6496671], [-73.76719230040001, 40.649663054533335], [-73.76718125560001, 40.649658720800005], [-73.7671698556, 40.6496540988], [-73.76715810040001, 40.64964918853334], [-73.76714599, 40.64964399]]]}}, {"type": "Feature", "properties": {"name": "New Taxiway 73", "surface_type": "CONCRETE", "smoothness": 0.0, "texture_orientation": 30.7}, "geometry": {"type": "Polygon", "coordinates": [[[-73.77920737, 40.6307097], [-73.77925088982222, 40.630670298044436], [-73.77929506795557, 40.63063523617778], [-73.7793399044, 40.63060451440001], [-73.77938539915557, 40.63057813271112], [-73.77943155222223, 40.63055609111112], [-73.77947836359999, 40.6305383896], [-73.77952583328889, 40.63052502817778], [-73.77957396128889, 40.630516006844445], [-73.7796227476, 40.6305113256], [-73.77967219222222, 40.63051098444444], [-73.77972229515555, 40.63051498337778], [-73.7797730564, 40.6305233224], [-73.77982447595555, 40.63053600151111], [-73.77987655382222, 40.63055302071111], [-73.77992929, 40.63057438], [-73.77997994813333, 40.63059883031111], [-73.78002579186666, 40.63062512257778], [-73.78006682120001, 40.63065325680001], [-73.78010303613334, 40.63068323297778], [-73.78013443666667, 40.63071505111111], [-73.7801610228, 40.630748711200006], [-73.78018279453332, 40.63078421324444], [-73.78019975186666, 40.630821557244445], [-73.7802118948, 40.630860743199996], [-73.78021922333333, 40.63090177111111], [-73.78022173746666, 40.63094464097777], [-73.7802194372, 40.6309893528], [-73.78021232253333, 40.63103590657778], [-73.78020039346667, 40.63108430231111], [-73.78018365, 40.63113454], [-73.7800458, 40.63131086], [-73.780037386, 40.63131882195556], [-73.78002847733333, 40.631325947822226], [-73.780019074, 40.631332237600006], [-73.780009176, 40.63133769128889], [-73.77999878333334, 40.6313423088889], [-73.779987896, 40.631346090399994], [-73.779976514, 40.63134903582222], [-73.77996463733332, 40.631351145155556], [-73.779952266, 40.631352418400006], [-73.77993939999999, 40.631352855555555], [-73.77992603933333, 40.631352456622224], [-73.77991218400001, 40.6313512216], [-73.779897834, 40.63134915048889], [-73.77988298933334, 40.63134624328889], [-73.77986765, 40.6313425], [-73.7797648, 40.63147205], [-73.78053632, 40.63180965], [-73.7806246, 40.63168556], [-73.7805821188889, 40.631654216222216], [-73.78054420088888, 40.631622840888895], [-73.78051084600001, 40.631591434], [-73.78048205422222, 40.631559995555556], [-73.78045782555556, 40.63152852555556], [-73.78043815999999, 40.631497024], [-73.78042305755554, 40.631465490888885], [-73.78041251822222, 40.63143392622222], [-73.78040654199998, 40.63140233], [-73.78040512888889, 40.63137070222222], [-73.78040827888888, 40.63133904288888], [-73.780415992, 40.631307352], [-73.78042826822222, 40.63127562955555], [-73.78044510755555, 40.631243875555555], [-73.78046651, 40.63121209], [-73.780491652, 40.631182033200005], [-73.78051971, 40.63115546546667], [-73.780550684, 40.631132386800004], [-73.780584574, 40.631112797200004], [-73.78062138, 40.631096696666674], [-73.78066110200001, 40.6310840852], [-73.78070374, 40.6310749628], [-73.780749294, 40.63106932946667], [-73.780797764, 40.63106718520001], [-73.78084915, 40.63106853], [-73.780903452, 40.63107336386666], [-73.78096067000001, 40.6310816868], [-73.781020804, 40.6310934988], [-73.781083854, 40.631108799866674], [-73.78114982, 40.63112759], [-73.78284388, 40.63189543], [-73.78290202022224, 40.631928248533335], [-73.78295432622224, 40.63196190413334], [-73.783000798, 40.631996396800005], [-73.78304143555556, 40.632031726533334], [-73.7830762388889, 40.632067893333335], [-73.783105208, 40.6321048972], [-73.78312834288889, 40.63214273813334], [-73.78314564355556, 40.63218141613333], [-73.78315711, 40.632220931199996], [-73.78316274222223, 40.632261283333335], [-73.78316254022222, 40.632302472533325], [-73.783156504, 40.6323444988], [-73.78314463355555, 40.632387362133336], [-73.78312692888889, 40.632431062533335], [-73.78310339, 40.6324756], [-73.78298265, 40.6326385], [-73.78297339879998, 40.632648646622215], [-73.78296386386666, 40.6326577184889], [-73.7829540452, 40.632665715600005], [-73.7829439428, 40.632672637955565], [-73.78293355666666, 40.63267848555556], [-73.7829228868, 40.63268325839999], [-73.7829119332, 40.63268695648888], [-73.78290069586666, 40.63268957982223], [-73.7828891748, 40.632691128400005], [-73.78287737, 40.63269160222222], [-73.78286528146666, 40.63269100128889], [-73.7828529092, 40.6326893256], [-73.78284025319999, 40.63268657515556], [-73.78282731346667, 40.632682749955556], [-73.78281409, 40.63267785], [-73.78272691, 40.63281136], [-73.78343577, 40.63313443], [-73.7835652, 40.63301826], [-73.783535498, 40.63299374111111], [-73.78350898666667, 40.632968587111115], [-73.783485666, 40.632942798], [-73.783465536, 40.63291637377779], [-73.78344859666667, 40.63288931444445], [-73.783434848, 40.63286162], [-73.78342429, 40.63283329044444], [-73.78341692266666, 40.63280432577778], [-73.783412746, 40.632774726], [-73.78341176, 40.63274449111111], [-73.78341396466666, 40.63271362111111], [-73.78341936000001, 40.632682116], [-73.783427946, 40.632649975777774], [-73.78343972266667, 40.63261720044444], [-73.78345469, 40.63258379], [-73.78386657, 40.6320498], [-73.78135114, 40.63090967], [-73.78129607417779, 40.630878371777776], [-73.78124734337779, 40.63084560777778], [-73.7812049476, 40.630811378], [-73.78116888684445, 40.630775682444444], [-73.78113916111113, 40.63073852111112], [-73.7811157704, 40.630699894], [-73.7810987147111, 40.63065980111111], [-73.78108799404446, 40.63061824244445], [-73.7810836084, 40.630575218], [-73.78108555777779, 40.63053072777778], [-73.7810938421778, 40.63048477177777], [-73.78110846160001, 40.63043735], [-73.78112941604445, 40.630388462444444], [-73.78115670551111, 40.630338109111115], [-73.78119033, 40.63028629], [-73.78511251, 40.62526964], [-73.78623473, 40.62383421], [-73.78710582, 40.62272], [-73.78602545, 40.62222079], [-73.78588938, 40.62215792], [-73.7856912, 40.62210575], [-73.78528826, 40.62265875], [-73.78545386, 40.6227153], [-73.78550079462222, 40.62268309884445], [-73.7855482064889, 40.62265465804445], [-73.78559609560001, 40.6226299776], [-73.78564446195557, 40.62260905751111], [-73.78569330555557, 40.62259189777778], [-73.7857426264, 40.622578498399996], [-73.78579242448889, 40.62256885937777], [-73.78584269982221, 40.62256298071111], [-73.78589345239999, 40.62256086239999], [-73.78594468222222, 40.62256250444444], [-73.78599638928888, 40.62256790684444], [-73.7860485736, 40.6225770696], [-73.78610123515556, 40.62258999271111], [-73.78615437395555, 40.622606676177774], [-73.78620799, 40.62262712], [-73.78625863724443, 40.62265058413333], [-73.78630286964444, 40.62267632853334], [-73.7863406872, 40.62270435320001], [-73.78637208991111, 40.62273465813334], [-73.78639707777778, 40.622767243333335], [-73.7864156508, 40.622802108799995], [-73.78642780897778, 40.62283925453333], [-73.7864335523111, 40.62287868053333], [-73.78643288079999, 40.6229203868], [-73.78642579444444, 40.62296437333333], [-73.78641229324444, 40.62301064013333], [-73.7863923772, 40.623059187200006], [-73.7863660463111, 40.62311001453334], [-73.78633330057778, 40.623163122133334], [-73.78629414, 40.62321851], [-73.78628047328887, 40.623229880800004], [-73.78626681715555, 40.62324003053334], [-73.7862531716, 40.623248959200005], [-73.78623953662223, 40.62325666680001], [-73.78622591222224, 40.62326315333334], [-73.78621229839999, 40.623268418799995], [-73.78619869515555, 40.6232724632], [-73.78618510248889, 40.623275286533335], [-73.78617152039999, 40.6232768888], [-73.78615794888889, 40.62327727], [-73.78614438795555, 40.62327643013334], [-73.7861308376, 40.623274369200004], [-73.78611729782222, 40.6232710872], [-73.78610376862221, 40.62326658413334], [-73.78609025, 40.62326086], [-73.78538414, 40.62293668], [-73.78537679377779, 40.62293074715556], [-73.78537025644447, 40.622924711288896], [-73.78536452800002, 40.62291857240001], [-73.78535960844447, 40.622912330488894], [-73.7853554977778, 40.62290598555556], [-73.785352196, 40.6228995376], [-73.78534970311111, 40.62289298662222], [-73.78534801911113, 40.62288633262222], [-73.78534714400001, 40.622879575599995], [-73.78534707777779, 40.62287271555556], [-73.78534782044446, 40.622865752488885], [-73.78534937200001, 40.6228586864], [-73.78535173244444, 40.622851517288886], [-73.78535490177778, 40.622844245155555], [-73.78535888, 40.62283687], [-73.78523011, 40.62272339], [-73.78457553, 40.62350342], [-73.78479485, 40.62355873], [-73.78484291933334, 40.623519621511115], [-73.784891226, 40.62348476804445], [-73.78493977, 40.62345416960001], [-73.78498855133334, 40.62342782617779], [-73.78503757, 40.62340573777778], [-73.785086826, 40.6233879044], [-73.78513631933333, 40.62337432604444], [-73.78518605, 40.62336500271111], [-73.785236018, 40.62335993440001], [-73.78528622333334, 40.623359121111115], [-73.785336666, 40.62336256284445], [-73.785387346, 40.62337025960001], [-73.78543826333333, 40.62338221137778], [-73.785489418, 40.623398418177786], [-73.78554081, 40.62341888], [-73.78559001222223, 40.62344178062222], [-73.78563459755557, 40.62346530382223], [-73.78567456600001, 40.62348944960001], [-73.78570991755555, 40.62351421795557], [-73.78574065222223, 40.6235396088889], [-73.78576677, 40.6235656224], [-73.7857882708889, 40.623592258488884], [-73.78580515488889, 40.62361951715556], [-73.785817422, 40.6236473984], [-73.78582507222222, 40.62367590222223], [-73.78582810555554, 40.623705028622226], [-73.785826522, 40.6237347776], [-73.78582032155555, 40.62376514915555], [-73.78580950422221, 40.623796143288885], [-73.78579407, 40.62382776], [-73.78537076, 40.62449998], [-73.78394283, 40.62632637], [-73.78391582506667, 40.62635071542223], [-73.7838880556, 40.62637257568889], [-73.78385952160001, 40.626391950800006], [-73.78383022306667, 40.62640884075556], [-73.78380016, 40.62642324555556], [-73.7837693324, 40.6264351652], [-73.78373774026666, 40.62644459968889], [-73.7837053836, 40.62645154902222], [-73.78367226239999, 40.6264560132], [-73.78363837666666, 40.62645799222222], [-73.7836037264, 40.62645748608889], [-73.78356831159999, 40.6264544948], [-73.78353213226666, 40.62644901835556], [-73.7834951884, 40.62644105675556], [-73.78345748, 40.62643061], [-73.78313732, 40.62629214], [-73.78310028431112, 40.62626803991111], [-73.78306701457778, 40.62624350497777], [-73.78303751079999, 40.6262185352], [-73.78301177297779, 40.62619313057778], [-73.78298980111111, 40.626167291111116], [-73.7829715952, 40.62614101679999], [-73.78295715524445, 40.62611430764444], [-73.78294648124445, 40.62608716364444], [-73.7829395732, 40.626059584800004], [-73.78293643111111, 40.62603157111111], [-73.78293705497777, 40.626003122577785], [-73.7829414448, 40.625974239200005], [-73.78294960057778, 40.62594492097778], [-73.78296152231111, 40.62591516791112], [-73.78297721, 40.62588498], [-73.78272181, 40.62577588], [-73.78204253, 40.62662878], [-73.78230797, 40.62674149], [-73.78237036213334, 40.626704746044446], [-73.78243150120001, 40.62667191951112], [-73.7824913872, 40.62664301040001], [-73.78255002013334, 40.62661801871111], [-73.7826074, 40.62659694444445], [-73.7826635268, 40.6265797876], [-73.78271840053333, 40.62656654817778], [-73.78277202119999, 40.62655722617778], [-73.7828243888, 40.6265518216], [-73.78287550333333, 40.626550334444445], [-73.7829253648, 40.62655276471111], [-73.7829739732, 40.6265591124], [-73.78302132853334, 40.62656937751111], [-73.7830674308, 40.626583560044445], [-73.78311228, 40.62660166], [-73.78315442893333, 40.62662276084444], [-73.7831924304, 40.62664594604445], [-73.78322628440002, 40.626671215600005], [-73.78325599093334, 40.62669856951111], [-73.78328155, 40.62672800777778], [-73.7833029616, 40.62675953040001], [-73.78332022573333, 40.626793137377774], [-73.7833333424, 40.62682882871111], [-73.7833423116, 40.6268666044], [-73.78334713333334, 40.626906464444446], [-73.7833478076, 40.62694840884444], [-73.7833443344, 40.6269924376], [-73.78333671373333, 40.62703855071111], [-73.7833249456, 40.62708674817778], [-73.78330903, 40.62713703], [-73.78091082, 40.63020445], [-73.78086438533335, 40.630247136533335], [-73.78081724666669, 40.6302852148], [-73.78076940400001, 40.63031868480001], [-73.78072085733335, 40.63034754653333], [-73.78067160666669, 40.6303718], [-73.780621652, 40.6303914452], [-73.78057099333333, 40.63040648213333], [-73.78051963066667, 40.630416910799994], [-73.780467564, 40.6304227312], [-73.78041479333334, 40.630423943333334], [-73.78036131866668, 40.630420547199996], [-73.78030714000002, 40.6304125428], [-73.78025225733334, 40.63039993013333], [-73.78019667066667, 40.6303827092], [-73.78014038, 40.63036088], [-73.78008636622224, 40.630336067155554], [-73.78003761022222, 40.63030989528889], [-73.779994112, 40.6302823644], [-73.77995587155556, 40.630253474488896], [-73.7799228888889, 40.630223225555554], [-73.77989516400001, 40.6301916176], [-73.77987269688889, 40.63015865062222], [-73.77985548755555, 40.63012432462222], [-73.779843536, 40.630088639600004], [-73.77983684222224, 40.63005159555556], [-73.77983540622222, 40.63001319248889], [-73.77983922800001, 40.6299734304], [-73.77984830755557, 40.62993230928889], [-73.7798626448889, 40.62988982915556], [-73.77988224, 40.62984599], [-73.77931243, 40.62952234], [-73.77928928253334, 40.62954247582222], [-73.7792650348, 40.629561256622225], [-73.7792396868, 40.6295786824], [-73.77921323853334, 40.62959475315556], [-73.77918569000002, 40.62960946888889], [-73.77915704120001, 40.6296228296], [-73.77912729213334, 40.62963483528888], [-73.77909644280001, 40.62964548595555], [-73.7790644932, 40.629654781599996], [-73.77903144333334, 40.62966272222222], [-73.7789972932, 40.62966930782222], [-73.7789620428, 40.629674538399996], [-73.77892569213333, 40.62967841395555], [-73.77888824120001, 40.62968093448889], [-73.77884969, 40.6296821], [-73.77882922248001, 40.62968210434074], [-73.77880835384, 40.6296815981926], [-73.77878708696001, 40.629680558800004], [-73.77876542472, 40.629678963407414], [-73.77874337000002, 40.62967678925927], [-73.77872092568, 40.629674013599995], [-73.77869809463999, 40.629670613674065], [-73.77867487976, 40.62966656672592], [-73.77865128392, 40.62966185], [-73.77862731000002, 40.629656440740746], [-73.77860296088, 40.62965031619258], [-73.77857823944001, 40.6296434536], [-73.77855314856001, 40.629635830207405], [-73.77852769112, 40.62962742325926], [-73.77850187, 40.62961821], [-73.77832832, 40.62984873], [-73.77835038167112, 40.629861378482964], [-73.77837140990223, 40.62987414079704], [-73.77839142752, 40.62988700624001], [-73.77841045735111, 40.62989996410963], [-73.77842852222223, 40.629913003703706], [-73.77844564496002, 40.62992611432], [-73.77846184839112, 40.629939285256285], [-73.77847715534223, 40.629952505810365], [-73.77849158864001, 40.62996576528], [-73.77850517111112, 40.629979052962966], [-73.77851792558224, 40.629992358157025], [-73.77852987488001, 40.630005670159996], [-73.77854104183112, 40.630018978269625], [-73.77855144926224, 40.630032271783705], [-73.77856112, 40.63004554], [-73.7785788276889, 40.63007222315555], [-73.77859437742222, 40.630098789955554], [-73.77860776920002, 40.630125240400005], [-73.77861900302223, 40.63015157448889], [-73.7786280788889, 40.63017779222223], [-73.7786349968, 40.6302038936], [-73.77863975675555, 40.630229878622224], [-73.77864235875556, 40.630255747288885], [-73.7786428028, 40.6302814996], [-73.77864108888889, 40.630307135555555], [-73.77863721702222, 40.630332655155556], [-73.7786311872, 40.6303580584], [-73.77862299942223, 40.63038334528889], [-73.7786126536889, 40.630408515822225], [-73.77860015, 40.63043357], [-73.77920737, 40.6307097]]]}}, {"type": "Feature", "properties": {"name": "New Taxiway 77", "surface_type": "CONCRETE", "smoothness": 0.0, "texture_orientation": 166.0}, "geometry": {"type": "Polygon", "coordinates": [[[-73.77287157, 40.62554677], [-73.77235208, 40.62564924], [-73.77289569, 40.62727933], [-73.77292092, 40.62727383], [-73.77301605, 40.62721678], [-73.77340623, 40.6271459], [-73.77287157, 40.62554677]]]}}, {"type": "Feature", "properties": {"name": "New Taxiway 75", "surface_type": "UNKNOWN_25", "smoothness": 0.0, "texture_orientation": 166.0}, "geometry": {"type": "Polygon", "coordinates": [[[-73.77255348, 40.6275709], [-73.77264828, 40.62745958], [-73.77266421982222, 40.62744064644444], [-73.77268103395556, 40.627422581777786], [-73.7726987224, 40.627405386], [-73.77271728515557, 40.62738905911112], [-73.77273672222223, 40.62737360111112], [-73.77275703359999, 40.627359012], [-73.77277821928888, 40.62734529177778], [-73.77280027928887, 40.62733244044445], [-73.7728232136, 40.627320458], [-73.77284702222221, 40.62730934444445], [-73.77287170515555, 40.62729909977778], [-73.7728972624, 40.627289724], [-73.77292369395555, 40.62728121711111], [-73.77295099982221, 40.62727357911112], [-73.77297918, 40.62726681], [-73.77345853, 40.62718265], [-73.77290048, 40.62550882], [-73.7721582, 40.62564593], [-73.77212158622221, 40.62565203262222], [-73.77208649955556, 40.62565759648889], [-73.77205294000002, 40.62566262160001], [-73.77202090755557, 40.625667107955564], [-73.77199040222223, 40.62567105555556], [-73.771961424, 40.62567446440001], [-73.77193397288889, 40.62567733448889], [-73.77190804888889, 40.625679665822226], [-73.771883652, 40.6256814584], [-73.77186078222223, 40.62568271222222], [-73.77183943955556, 40.62568342728889], [-73.771819624, 40.6256836036], [-73.77180133555557, 40.625683241155556], [-73.77178457422222, 40.62568233995556], [-73.77176934, 40.6256809], [-73.77175625, 40.62571672], [-73.77174194933333, 40.625713411199996], [-73.77172800199999, 40.6257102848], [-73.771714408, 40.625707340800005], [-73.77170116733335, 40.625704579200004], [-73.77168828, 40.625702], [-73.77167574600001, 40.625699603200005], [-73.77166356533334, 40.6256973888], [-73.771651738, 40.6256953568], [-73.771640264, 40.6256935072], [-73.77162914333334, 40.62569184], [-73.771618376, 40.62569035519999], [-73.771607962, 40.6256890528], [-73.77159790133334, 40.6256879328], [-73.771588194, 40.625686995200006], [-73.77157884, 40.62568624], [-73.77073049, 40.62564347], [-73.77071842351111, 40.625641161333334], [-73.77070706671113, 40.625638843333334], [-73.7706964196, 40.625636516], [-73.7706864821778, 40.62563417933334], [-73.77067725444445, 40.62563183333334], [-73.7706687364, 40.625629478], [-73.77066092804444, 40.62562711333334], [-73.77065382937778, 40.62562473933333], [-73.77064744040001, 40.625622356], [-73.77064176111111, 40.625619963333335], [-73.77063679151112, 40.62561756133333], [-73.7706325316, 40.62561515], [-73.77062898137778, 40.625612729333334], [-73.77062614084446, 40.62561029933334], [-73.77062401, 40.62560786], [-73.77046935, 40.62554726], [-73.76994106, 40.62619999], [-73.77017729, 40.62617944], [-73.7702090882667, 40.626147111377776], [-73.77024331240001, 40.62611654417778], [-73.77027996240001, 40.6260877384], [-73.77031903826668, 40.62606069404445], [-73.77036054000001, 40.62603541111112], [-73.7704044676, 40.6260118896], [-73.77045082106667, 40.62599012951111], [-73.77049960040002, 40.62597013084444], [-73.77055080560001, 40.6259518936], [-73.77060443666667, 40.62593541777778], [-73.7706604936, 40.62592070337777], [-73.7707189764, 40.6259077504], [-73.77077988506667, 40.625896558844445], [-73.7708432196, 40.62588712871111], [-73.77090898, 40.62587946], [-73.7715854, 40.62590973], [-73.77164425888888, 40.62591614422222], [-73.77170026222224, 40.62592500288889], [-73.77175341, 40.625936306], [-73.77180370222224, 40.625950053555556], [-73.7718511388889, 40.62596624555556], [-73.77189572, 40.625984882], [-73.77193744555555, 40.62600596288889], [-73.77197631555556, 40.626029488222215], [-73.77201233, 40.626055458], [-73.77204548888889, 40.626083872222225], [-73.77207579222221, 40.62611473088889], [-73.77210324, 40.626148034], [-73.77212783222222, 40.626183781555554], [-73.77214956888889, 40.62622197355556], [-73.77216845, 40.62626261], [-73.77234102, 40.62676891], [-73.77235836884445, 40.626821206], [-73.77237225804446, 40.62687251], [-73.7723826876, 40.626922822], [-73.77238965751113, 40.626972142], [-73.77239316777778, 40.62702047], [-73.7723932184, 40.627067806], [-73.77238980937777, 40.62711415], [-73.77238294071111, 40.627159502], [-73.77237261239999, 40.627203862], [-73.77235882444444, 40.62724723], [-73.77234157684444, 40.627289606], [-73.77232086960001, 40.62733099], [-73.7722967027111, 40.627371382], [-73.77226907617776, 40.627410782], [-73.77223799, 40.62744919], [-73.77197284, 40.62776452], [-73.77188766, 40.62792141], [-73.77256778, 40.62824447], [-73.77266445, 40.62807797], [-73.7726245502222, 40.628047809688894], [-73.77258929355554, 40.62801712875556], [-73.77255867999999, 40.62798592720001], [-73.77253270955555, 40.62795420502223], [-73.77251138222223, 40.62792196222223], [-73.772494698, 40.6278891988], [-73.77248265688888, 40.62785591475556], [-73.77247525888889, 40.627822110088886], [-73.772472504, 40.627787784800006], [-73.77247439222222, 40.6277529388889], [-73.77248092355556, 40.62771757235556], [-73.772492098, 40.6276816852], [-73.77250791555556, 40.627645277422225], [-73.77252837622223, 40.627608349022225], [-73.77255348, 40.6275709]], [[-73.77340623, 40.6271459], [-73.77301605, 40.62721678], [-73.77292092, 40.62727383], [-73.77289569, 40.62727933], [-73.77235208, 40.62564924], [-73.77287157, 40.62554677], [-73.77340623, 40.6271459]]]}}, {"type": "Feature", "properties": {"name": "New Taxiway 79", "surface_type": "UNKNOWN_25", "smoothness": 0.0, "texture_orientation": 120.8}, "geometry": {"type": "Polygon", "coordinates": [[[-73.77549825, 40.63000054], [-73.77551730742222, 40.63001972857777], [-73.77553416235556, 40.630039211644444], [-73.77554881479999, 40.6300589892], [-73.77556126475557, 40.63007906124445], [-73.77557151222224, 40.630099427777786], [-73.77557955719999, 40.630120088800005], [-73.77558539968888, 40.63014104431112], [-73.77558903968888, 40.63016229431111], [-73.7755904772, 40.63018383880001], [-73.77558971222223, 40.63020567777778], [-73.77558674475556, 40.63022781124444], [-73.7755815748, 40.63025023920001], [-73.77557420235556, 40.630272961644444], [-73.77556462742223, 40.63029597857778], [-73.77555285, 40.63031929], [-73.77494395, 40.63108402], [-73.77489877395554, 40.6311213108], [-73.77485297115557, 40.63115453786667], [-73.7748065416, 40.6311837012], [-73.77475948528891, 40.63120880080002], [-73.77471180222223, 40.63122983666668], [-73.7746634924, 40.63124680880001], [-73.77461455582224, 40.6312597172], [-73.77456499248889, 40.63126856186667], [-73.7745148024, 40.63127334280001], [-73.77446398555557, 40.63127406000001], [-73.77441254195557, 40.63127071346667], [-73.7743604716, 40.6312633032], [-73.7743077744889, 40.631251829200004], [-73.77425445062222, 40.63123629146667], [-73.7742005, 40.63121669], [-73.77391379, 40.6310868], [-73.77388961, 40.63112456], [-73.77426003, 40.6312822], [-73.77415682, 40.63141594], [-73.77039889, 40.62969737], [-73.77048791, 40.62957633], [-73.77023437, 40.62946227], [-73.77029026, 40.62939425], [-73.7701283, 40.62934579], [-73.76974165, 40.62920587], [-73.76967391004445, 40.62918474471111], [-73.76960604751112, 40.62916712084445], [-73.7695380624, 40.6291529984], [-73.76946995471113, 40.62914237737779], [-73.76940172444445, 40.62913525777778], [-73.7693333716, 40.629131639600004], [-73.76926489617777, 40.629131522844446], [-73.76919629817777, 40.629134907511116], [-73.76912757759999, 40.6291417936], [-73.76905873444444, 40.62915218111112], [-73.76898976871111, 40.62916607004445], [-73.7689206804, 40.62918346040001], [-73.7688514695111, 40.62920435217778], [-73.76878213604444, 40.62922874537777], [-73.76871268, 40.62925664], [-73.76872603537777, 40.629251977066666], [-73.76873748284444, 40.62924798026667], [-73.7687470224, 40.629244649600004], [-73.76875465404446, 40.62924198506668], [-73.76876037777778, 40.629239986666676], [-73.76876419359999, 40.6292386544], [-73.7687661015111, 40.62923798826667], [-73.76876610151109, 40.62923798826667], [-73.76876419359999, 40.629238654400005], [-73.76876037777777, 40.629239986666676], [-73.76875465404444, 40.62924198506667], [-73.76874702239999, 40.629244649600004], [-73.76873748284444, 40.62924798026667], [-73.76872603537777, 40.629251977066666], [-73.76871268, 40.62925664], [-73.76869417053334, 40.62926359022222], [-73.76866726080002, 40.629274448888886], [-73.7686319508, 40.62928921600001], [-73.76858824053333, 40.629307891555555], [-73.76853613, 40.62933047555556], [-73.76847561919999, 40.629356968], [-73.76840670813333, 40.629387368888885], [-73.7683293968, 40.629421678222215], [-73.76824368519999, 40.629459896], [-73.76814957333333, 40.629502022222226], [-73.76804706120001, 40.629548056888886], [-73.7679361488, 40.629598], [-73.76781683613333, 40.62965185155555], [-73.7676891232, 40.629709611555555], [-73.76755301, 40.62977128], [-73.76757104448889, 40.629764599822224], [-73.76758650262224, 40.62975887395555], [-73.7675993844, 40.62975410240001], [-73.76760968982224, 40.62975028515555], [-73.7676174188889, 40.62974742222222], [-73.7676225716, 40.6297455136], [-73.76762514795556, 40.62974455928889], [-73.7676225716, 40.6297455136], [-73.7676174188889, 40.62974742222222], [-73.76760968982222, 40.62975028515555], [-73.7675993844, 40.6297541024], [-73.76758650262222, 40.62975887395556], [-73.76757104448889, 40.629764599822224], [-73.76755301, 40.62977128], [-73.76753432324445, 40.62977775462222], [-73.76751690831112, 40.62978286382223], [-73.76750076520003, 40.6297866076], [-73.76748589391113, 40.629788985955564], [-73.76747229444446, 40.629789998888896], [-73.7674599668, 40.6297896464], [-73.76744891097778, 40.629787928488895], [-73.76743912697778, 40.629784845155555], [-73.76743061479999, 40.6297803964], [-73.76742337444445, 40.629774582222225], [-73.7674174059111, 40.62976740262222], [-73.7674127092, 40.62975885760001], [-73.76740928431111, 40.62974894715556], [-73.76740713124444, 40.62973767128889], [-73.76740625, 40.62972503], [-73.7673131, 40.62955936], [-73.76628536, 40.63081754], [-73.76654695, 40.63082452], [-73.76659764093336, 40.63076255479999], [-73.76665111906668, 40.63070190453333], [-73.76670738440001, 40.630642569200006], [-73.76676643693334, 40.6305845488], [-73.76682827666669, 40.63052784333333], [-73.76689290360001, 40.6304724528], [-73.76696031773335, 40.630418377199994], [-73.76703051906668, 40.63036561653333], [-73.76710350760001, 40.6303141708], [-73.76717928333335, 40.63026404], [-73.76725784626667, 40.63021522413334], [-73.7673391964, 40.630167723199996], [-73.76742333373335, 40.6301215372], [-73.76751025826668, 40.630076666133334], [-73.76759997, 40.63003311], [-73.76865396, 40.62957098], [-73.76875461173333, 40.629529141288884], [-73.76885215893333, 40.629493078488885], [-73.7689466016, 40.629462791600005], [-73.76903793973334, 40.629438280622225], [-73.76912617333335, 40.629419545555564], [-73.7692113024, 40.629406586399995], [-73.76929332693334, 40.62939940315556], [-73.76937224693333, 40.62939799582222], [-73.7694480624, 40.62940236439999], [-73.76952077333334, 40.62941250888889], [-73.76959037973333, 40.629428429288886], [-73.7696568816, 40.6294501256], [-73.76972027893333, 40.629477597822216], [-73.76978057173335, 40.62951084595556], [-73.76983776, 40.62954987], [-73.76989063555557, 40.62959204702223], [-73.76993799022222, 40.62963475408889], [-73.769979824, 40.629677991200005], [-73.77001613688888, 40.62972175835556], [-73.77004692888889, 40.629766055555564], [-73.7700722, 40.6298108828], [-73.77009195022222, 40.62985624008889], [-73.77010617955555, 40.62990212742222], [-73.770114888, 40.6299485448], [-73.77011807555556, 40.62999549222222], [-73.77011574222223, 40.63004296968889], [-73.770107888, 40.6300909772], [-73.77009451288889, 40.630139514755555], [-73.77007561688889, 40.63018858235556], [-73.7700512, 40.63023818], [-73.76985322, 40.63049054], [-73.76980752408889, 40.63054742595555], [-73.76976385235557, 40.63060652915556], [-73.76972220479999, 40.6306678496], [-73.76968258142223, 40.6307313872889], [-73.76964498222223, 40.63079714222222], [-73.76960940720001, 40.6308651144], [-73.76957585635556, 40.63093530382222], [-73.76954432968888, 40.63100771048889], [-73.7695148272, 40.63108233439999], [-73.76948734888889, 40.63115917555555], [-73.76946189475555, 40.63123823395556], [-73.7694384648, 40.631319509600004], [-73.76941705902222, 40.63140300248889], [-73.76939767742222, 40.63148871262222], [-73.76938032, 40.63157664], [-73.7692876, 40.63219359], [-73.76925978, 40.6324399], [-73.76915383, 40.63273664], [-73.76914092641779, 40.632760490210366], [-73.7691282768089, 40.63278186274963], [-73.76911561888002, 40.63280083248], [-73.76910269033779, 40.63281747426371], [-73.76908922888889, 40.632831862962966], [-73.76907497223999, 40.63284407344], [-73.76905965809777, 40.63285418055703], [-73.76904302416888, 40.63286225917629], [-73.76902480816, 40.63286838416], [-73.76900474777779, 40.63287263037037], [-73.76898258072887, 40.63287507266962], [-73.76895804472, 40.63287578592], [-73.76893087745778, 40.632874844983704], [-73.76890081664888, 40.63287232472296], [-73.7688676, 40.6328683], [-73.76835189, 40.63274049], [-73.76727536, 40.63230384], [-73.76719715373333, 40.63227612906667], [-73.76711937493334, 40.632252510933334], [-73.76704202360001, 40.6322329856], [-73.76696509973334, 40.632217553066674], [-73.76688860333334, 40.63220621333334], [-73.7668125344, 40.632198966400004], [-73.76673689293332, 40.632195812266666], [-73.76666167893333, 40.63219675093333], [-73.7665868924, 40.632201782399996], [-73.76651253333333, 40.63221090666667], [-73.76643860173333, 40.63222412373333], [-73.7663650976, 40.6322414336], [-73.76629202093334, 40.63226283626666], [-73.76621937173334, 40.632288331733335], [-73.76614715, 40.63231792], [-73.76528654, 40.63268658], [-73.76526879053334, 40.632691486977784], [-73.7652522728, 40.632694986577775], [-73.76523698680002, 40.6326970788], [-73.76522293253335, 40.63269776364445], [-73.76521011000003, 40.632697041111115], [-73.7651985192, 40.6326949112], [-73.76518816013333, 40.63269137391111], [-73.7651790328, 40.632686429244444], [-73.7651711372, 40.6326800772], [-73.76516447333334, 40.63267231777778], [-73.76515904120001, 40.63266315097778], [-73.76515484080001, 40.6326525768], [-73.76515187213333, 40.632640595244446], [-73.7651501352, 40.63262720631111], [-73.76514963, 40.63261241], [-73.76509759, 40.63244358], [-73.76408516, 40.63363449], [-73.76433399, 40.63365603], [-73.76437214995556, 40.63361064946666], [-73.76441294182223, 40.633565777200005], [-73.76445636560001, 40.63352141320001], [-73.7645024212889, 40.63347755746667], [-73.76455110888891, 40.63343421], [-73.7646024284, 40.633391370800005], [-73.76465637982221, 40.63334903986667], [-73.76471296315556, 40.633307217200006], [-73.7647721784, 40.633265902800005], [-73.76483402555556, 40.63322509666667], [-73.76489850462222, 40.6331847988], [-73.7649656156, 40.63314500920001], [-73.76503535848889, 40.63310572786667], [-73.76510773328889, 40.63306695480001], [-73.76518274, 40.63302869], [-73.76613169, 40.63263225], [-73.76621856518815, 40.632600542948154], [-73.7663041379052, 40.63257321918518], [-73.76638856888, 40.63255032280001], [-73.76647201884148, 40.632531897881485], [-73.76655464851854, 40.63251798851853], [-73.76663661864, 40.632508638800005], [-73.76671808993481, 40.63250389281482], [-73.76679922313186, 40.632503794651846], [-73.76688017896002, 40.6325083884], [-73.76696111814816, 40.632517718148144], [-73.76704220142518, 40.632531827985176], [-73.76712358952003, 40.632550762], [-73.76720544316149, 40.632574564281484], [-73.76728792307853, 40.632603278918516], [-73.76737119, 40.63263695], [-73.76857053, 40.63317648], [-73.76879069, 40.63329231], [-73.76885038115853, 40.63333014333926], [-73.76890414673483, 40.633364785780756], [-73.76895224488003, 40.63339702696002], [-73.76899493374519, 40.6334276565126], [-73.7690324714815, 40.633457464074084], [-73.76906511624001, 40.63348723928001], [-73.76909312617184, 40.63351777176592], [-73.76911675942814, 40.633549851167416], [-73.76913627415999, 40.63358426712], [-73.76915192851853, 40.63362180925927], [-73.76916398065481, 40.63366326722074], [-73.76917268872, 40.63370943064], [-73.76917831086519, 40.6337610891526], [-73.76918110524149, 40.63381903239407], [-73.76918133, 40.63388405], [-73.76917212, 40.63419793], [-73.76910467, 40.63480321], [-73.76910029626666, 40.63484525284445], [-73.76909610573334, 40.63488693071112], [-73.76909209840001, 40.63492824360001], [-73.7690882742667, 40.63496919151111], [-73.76908463333335, 40.63500977444445], [-73.7690811756, 40.635049992400006], [-73.76907790106667, 40.63508984537778], [-73.76907480973334, 40.635129333377776], [-73.7690719016, 40.635168456399995], [-73.76906917666668, 40.63520721444445], [-73.76906663493332, 40.63524560751111], [-73.7690642764, 40.635283635600004], [-73.76906210106667, 40.635321298711105], [-73.76906010893333, 40.63535859684444], [-73.7690583, 40.63539553], [-73.76900137, 40.63854699], [-73.76899947826666, 40.63857595488889], [-73.76899664573334, 40.63860425222222], [-73.7689928724, 40.638631882], [-73.76898815826668, 40.63865884422223], [-73.76898250333333, 40.638685138888896], [-73.76897590760001, 40.638710766], [-73.76896837106666, 40.638735725555556], [-73.76895989373334, 40.638760017555555], [-73.76895047560001, 40.638783642], [-73.76894011666667, 40.63880659888889], [-73.76892881693334, 40.63882888822222], [-73.76891657640002, 40.63885051], [-73.76890339506667, 40.63887146422222], [-73.76888927293334, 40.638891750888895], [-73.76887421, 40.63891137], [-73.76641801, 40.64205301], [-73.76637645573332, 40.64209353364444], [-73.76633361693334, 40.64212975257778], [-73.7662894936, 40.6421616668], [-73.76624408573333, 40.64218927631111], [-73.76619739333333, 40.64221258111112], [-73.7661494164, 40.642231581199994], [-73.76610015493333, 40.64224627657777], [-73.76604960893332, 40.64225666724444], [-73.76599777839999, 40.6422627532], [-73.76594466333333, 40.64226453444444], [-73.76589026373333, 40.64226201097777], [-73.7658345796, 40.6422551828], [-73.76577761093333, 40.642244049911106], [-73.76571935773333, 40.64222861231111], [-73.76565982, 40.64220887], [-73.76197487, 40.64054101], [-73.76122033, 40.64011172], [-73.76117747115555, 40.64007983324445], [-73.76113705728889, 40.64004716231112], [-73.7610990884, 40.6400137072], [-73.76106356448891, 40.63997946791112], [-73.76103048555557, 40.63994444444445], [-73.76099985159999, 40.6399086368], [-73.76097166262221, 40.63987204497778], [-73.76094591862223, 40.639834668977784], [-73.7609226196, 40.6397965088], [-73.76090176555556, 40.639757564444444], [-73.76088335648888, 40.639717835911114], [-73.7608673924, 40.6396773232], [-73.76085387328888, 40.63963602631111], [-73.76084279915554, 40.63959394524444], [-73.76083417, 40.63955108], [-73.76083727, 40.63882622], [-73.76084715333333, 40.638725359199995], [-73.76086169133335, 40.638624515466674], [-73.760880884, 40.63852368880001], [-73.76090473133334, 40.63842287920001], [-73.76093323333335, 40.638322086666676], [-73.76096639, 40.6382213112], [-73.76100420133334, 40.638120552800004], [-73.76104666733333, 40.63801981146666], [-73.76109378800001, 40.637919087200004], [-73.76114556333334, 40.63781838], [-73.76120199333333, 40.63771768986666], [-73.76126307800001, 40.63761701680001], [-73.76132881733334, 40.6375163608], [-73.76139921133333, 40.637415721866674], [-73.76147426, 40.6373151], [-73.76137308, 40.63714346], [-73.76010326, 40.63873704], [-73.76033518, 40.63877256], [-73.76035299004445, 40.63876381328889], [-73.76036984151112, 40.63875669315556], [-73.7603857344, 40.63875119960001], [-73.76040066871113, 40.63874733262222], [-73.76041464444447, 40.63874509222222], [-73.7604276616, 40.6387444784], [-73.76043972017779, 40.63874549115556], [-73.76045082017778, 40.638748130488885], [-73.7604609616, 40.6387523964], [-73.76047014444444, 40.63875828888889], [-73.76047836871112, 40.63876580795555], [-73.76048563440001, 40.638774953600006], [-73.76049194151112, 40.638785725822224], [-73.76049729004444, 40.63879812462223], [-73.76050168, 40.63881215], [-73.76050031, 40.63963787], [-73.7604994964, 40.63969621457778], [-73.76050406893333, 40.639753261644444], [-73.7605140276, 40.63980901120001], [-73.7605293724, 40.639863463244446], [-73.76055010333334, 40.639916617777786], [-73.7605762204, 40.6399684748], [-73.76060772359999, 40.64001903431111], [-73.76064461293332, 40.640068296311114], [-73.76068688839999, 40.6401162608], [-73.76073455, 40.64016292777778], [-73.76078759773333, 40.64020829724444], [-73.7608460316, 40.6402523692], [-73.76090985159999, 40.640295143644444], [-73.76097905773332, 40.64033662057778], [-73.76105365, 40.6403768], [-73.76538472, 40.6423332], [-73.76540614031111, 40.64234699773926], [-73.76542344835556, 40.64236300964741], [-73.76543659480001, 40.64238079576002], [-73.76544553031113, 40.642399916112595], [-73.76545020555558, 40.64241993074075], [-73.76545057119999, 40.642440399680005], [-73.7654465779111, 40.64246088296593], [-73.76543817635554, 40.642480940634066], [-73.7654253172, 40.64250013272], [-73.76540795111111, 40.642518019259256], [-73.76538602875554, 40.6425341602874], [-73.76535950079999, 40.64254811584], [-73.7653283179111, 40.64255944595259], [-73.76529243075555, 40.64256771066074], [-73.76525179, 40.64257247], [-73.75965315, 40.64273433], [-73.75954448937779, 40.642730690044445], [-73.75944301951112, 40.64272106884445], [-73.75934874040001, 40.6427054664], [-73.75926165204446, 40.64268388271112], [-73.75918175444447, 40.642656317777785], [-73.7591090476, 40.642622771599996], [-73.75904353151111, 40.64258324417778], [-73.75898520617778, 40.64253773551111], [-73.75893407160001, 40.6424862456], [-73.75889012777779, 40.642428774444454], [-73.75885337471111, 40.64236532204444], [-73.7588238124, 40.6422958884], [-73.75880144084444, 40.64222047351112], [-73.75878626004445, 40.64213907737778], [-73.75877827, 40.6420517], [-73.75878755, 40.64150513], [-73.7587957699111, 40.641405890222224], [-73.7588055443111, 40.64131017088889], [-73.7588168732, 40.641217972], [-73.75882975657778, 40.641129293555565], [-73.75884419444445, 40.64104413555556], [-73.75886018679999, 40.640962498], [-73.75887773364445, 40.640884380888885], [-73.75889683497776, 40.64080978422223], [-73.7589174908, 40.640738708], [-73.7589397011111, 40.640671152222225], [-73.75896346591111, 40.64060711688889], [-73.75898878519999, 40.640546602], [-73.75901565897777, 40.64048960755555], [-73.75904408724445, 40.64043613355555], [-73.75907407, 40.64038618], [-73.75894113, 40.64021995], [-73.75800394, 40.64139169], [-73.75823976, 40.64145368], [-73.75826595573335, 40.64144477213333], [-73.75829056426667, 40.64143787253334], [-73.7583135856, 40.641432981200005], [-73.75833501973334, 40.64143009813334], [-73.75835486666668, 40.64142922333334], [-73.7583731264, 40.6414303568], [-73.75838979893334, 40.64143349853333], [-73.75840488426667, 40.64143864853334], [-73.75841838240001, 40.6414458068], [-73.75843029333333, 40.64145497333334], [-73.75844061706667, 40.64146614813333], [-73.7584493536, 40.6414793312], [-73.75845650293334, 40.641494522533335], [-73.75846206506668, 40.64151172213334], [-73.75846604, 40.64153093], [-73.75774313, 40.64469776], [-73.75771684386666, 40.64481274151112], [-73.75770100146666, 40.64492352071111], [-73.75769560279998, 40.6450300976], [-73.75770064786667, 40.64513247217778], [-73.75771613666667, 40.645230644444446], [-73.75774206919999, 40.645324614399996], [-73.75777844546666, 40.64541438204444], [-73.75782526546666, 40.64549994737777], [-73.7578825292, 40.6455813104], [-73.75795023666666, 40.645658471111105], [-73.75802838786666, 40.6457314295111], [-73.7581169828, 40.645800185599995], [-73.75821602146667, 40.64586473937778], [-73.75832550386667, 40.64592509084444], [-73.75844543, 40.64598124], [-73.7588963, 40.64618031], [-73.7589136326163, 40.64618910677037], [-73.7589289262637, 40.64619790736297], [-73.75894251664, 40.64620672120001], [-73.75895473944297, 40.64621555770371], [-73.75896593037038, 40.64622442629631], [-73.75897642512, 40.646233336399995], [-73.75898655938963, 40.64624229743703], [-73.75899666887703, 40.64625131882963], [-73.75900708928, 40.64626041], [-73.75901815629629, 40.64626958037037], [-73.7590302056237, 40.646278839362964], [-73.75904357296, 40.64628819640001], [-73.75905859400297, 40.646297660903706], [-73.75907560445037, 40.646307242296295], [-73.75909494, 40.64631695], [-73.75984853, 40.64664713], [-73.75987724320001, 40.64666403182222], [-73.75990175613333, 40.646680801288895], [-73.75992206880002, 40.6466974384], [-73.7599381812, 40.64671394315556], [-73.75995009333334, 40.64673031555556], [-73.7599578052, 40.6467465556], [-73.7599613168, 40.64676266328889], [-73.75996062813334, 40.64677863862222], [-73.75995573920001, 40.646794481600004], [-73.75994665, 40.64681019222222], [-73.75993336053334, 40.64682577048889], [-73.7599158708, 40.646841216400006], [-73.7598941808, 40.646856529955556], [-73.75986829053333, 40.646871711155555], [-73.7598382, 40.64688676], [-73.75914514, 40.64716043], [-73.75859674, 40.64733248], [-73.75855368413333, 40.647344951066664], [-73.75851079386668, 40.64735521493334], [-73.7584680692, 40.64736327160001], [-73.75842551013334, 40.647369121066674], [-73.75838311666668, 40.64737276333334], [-73.7583408888, 40.6473741984], [-73.75829882653333, 40.64737342626667], [-73.75825692986666, 40.64737044693334], [-73.7582151988, 40.6473652604], [-73.75817363333334, 40.64735786666667], [-73.75813223346665, 40.647348265733335], [-73.7580909992, 40.6473364576], [-73.75804993053333, 40.64732244226667], [-73.75800902746667, 40.64730621973334], [-73.75796829, 40.64728779], [-73.75665847, 40.64665663], [-73.75658866862223, 40.646618209688896], [-73.7565216004889, 40.64657866875555], [-73.7564572656, 40.64653800720001], [-73.75639566395556, 40.646496225022226], [-73.75633679555557, 40.64645332222223], [-73.7562806604, 40.6464092988], [-73.75622725848888, 40.64636415475556], [-73.75617658982222, 40.646317890088895], [-73.7561286544, 40.6462705048], [-73.75608345222221, 40.64622199888889], [-73.75604098328888, 40.64617237235556], [-73.7560012476, 40.6461216252], [-73.75596424515555, 40.646069757422225], [-73.75592997595555, 40.646016769022225], [-73.75589844, 40.64596266], [-73.75569019, 40.64559776], [-73.75566169226667, 40.64552104706667], [-73.75563816973334, 40.64544573760001], [-73.7556196224, 40.6453718316], [-73.75560605026668, 40.645299329066674], [-73.75559745333334, 40.64522823], [-73.75559383160001, 40.645158534400004], [-73.75559518506667, 40.64509024226666], [-73.75560151373334, 40.6450233536], [-73.7556128176, 40.6449578684], [-73.75562909666667, 40.64489378666667], [-73.75565035093334, 40.6448311084], [-73.7556765804, 40.6447698336], [-73.75570778506666, 40.64470996226667], [-73.75574396493333, 40.644651494399994], [-73.75578512, 40.64459443], [-73.75564138, 40.6444503], [-73.75498179, 40.64524835], [-73.75519327, 40.64535171], [-73.75519766435558, 40.64535207808889], [-73.75520201275556, 40.645352689022225], [-73.75520631520001, 40.6453535428], [-73.75521057168889, 40.64535463942222], [-73.75521478222224, 40.645355978888894], [-73.7552189468, 40.6453575612], [-73.75522306542221, 40.64535938635556], [-73.75522713808888, 40.64536145435556], [-73.7552311648, 40.6453637652], [-73.75523514555555, 40.64536631888889], [-73.75523908035555, 40.64536911542222], [-73.7552429692, 40.6453721548], [-73.75524681208888, 40.645375437022224], [-73.75525060902223, 40.6453789620889], [-73.75525436, 40.64538273], [-73.75569448, 40.64617281], [-73.75571352662222, 40.64621344146667], [-73.75573519448889, 40.646253434533335], [-73.7557594836, 40.646292789200004], [-73.75578639395556, 40.64633150546668], [-73.75581592555557, 40.64636958333334], [-73.75584807839999, 40.646407022800005], [-73.75588285248888, 40.64644382386667], [-73.75592024782223, 40.646479986533336], [-73.7559602644, 40.64651551079999], [-73.75600290222222, 40.64655039666667], [-73.75604816128889, 40.646584644133334], [-73.75609604159999, 40.6466182532], [-73.75614654315555, 40.64665122386667], [-73.75619966595555, 40.64668355613334], [-73.75625541, 40.64671525], [-73.76248299, 40.65005654], [-73.76259429, 40.65012456], [-73.7627798, 40.65026297], [-73.76287525, 40.65030787], [-73.76286757, 40.65031798], [-73.76321138, 40.65047362], [-73.76366037, 40.64986295], [-73.76343076, 40.64984339], [-73.76338891560002, 40.649879623333334], [-73.76334608373334, 40.64991145933333], [-73.76330226440001, 40.649938898], [-73.76325745759999, 40.64996193933334], [-73.76321166333335, 40.64998058333334], [-73.76316488159999, 40.64999483], [-73.7631171124, 40.650004679333335], [-73.76306835573332, 40.65001013133334], [-73.76301861159999, 40.650011186], [-73.76296788, 40.65000784333334], [-73.76291616093332, 40.65000010333334], [-73.7628634544, 40.649987966], [-73.76280976039999, 40.649971431333334], [-73.76275507893332, 40.649950499333336], [-73.76269941, 40.64992517], [-73.75962623, 40.64827138], [-73.75900789, 40.64787494], [-73.7589717288, 40.64784749395555], [-73.75894135186667, 40.64782019315556], [-73.75891675920002, 40.6477930376], [-73.75889795080002, 40.647766027288895], [-73.7588849266667, 40.64773916222222], [-73.7588776868, 40.6477124424], [-73.7588762312, 40.64768586782222], [-73.75888055986667, 40.64765943848889], [-73.7588906728, 40.6476331544], [-73.75890657, 40.64760701555556], [-73.75892825146667, 40.64758102195555], [-73.75895571720001, 40.647555173600004], [-73.7589889672, 40.647529470488884], [-73.75902800146667, 40.64750391262222], [-73.75907282, 40.6474785], [-73.76012708, 40.64700465], [-73.76016122906667, 40.64698953857777], [-73.76019630026667, 40.64697669764445], [-73.7602322936, 40.64696612720001], [-73.76026920906668, 40.64695782724445], [-73.7603070466667, 40.64695179777778], [-73.7603458064, 40.6469480388], [-73.76038548826666, 40.64694655031111], [-73.76042609226667, 40.64694733231111], [-73.76046761840001, 40.64695038479999], [-73.76051006666667, 40.64695570777777], [-73.76055343706668, 40.64696330124444], [-73.76059772960001, 40.6469731652], [-73.76064294426666, 40.64698529964444], [-73.76068908106667, 40.64699970457778], [-73.76073614, 40.64701638], [-73.76423285, 40.64859745], [-73.76424578564443, 40.64860436146666], [-73.76425739791112, 40.64861170386667], [-73.76426768680001, 40.6486194772], [-73.76427665231112, 40.64862768146667], [-73.76428429444445, 40.64863631666667], [-73.7642906132, 40.6486453828], [-73.76429560857777, 40.64865487986667], [-73.76429928057777, 40.648664807866666], [-73.76430162919999, 40.648675166800004], [-73.76430265444444, 40.64868595666667], [-73.7643023563111, 40.648697177466666], [-73.7643007348, 40.648708829200004], [-73.7642977899111, 40.64872091186667], [-73.76429352164443, 40.648733425466666], [-73.76428793, 40.64874637], [-73.76437583, 40.64884627], [-73.76490446, 40.64823693], [-73.76471514, 40.64819961], [-73.76468283391111, 40.6482243964], [-73.76464964631111, 40.64824673693334], [-73.7646155772, 40.6482666316], [-73.76458062657778, 40.6482840804], [-73.76454479444445, 40.648299083333335], [-73.76450808080001, 40.648311640399996], [-73.76447048564444, 40.648321751599994], [-73.76443200897778, 40.64832941693333], [-73.7643926508, 40.648334636399994], [-73.7643524111111, 40.64833741], [-73.7643112899111, 40.64833773773333], [-73.7642692872, 40.6483356196], [-73.76422640297778, 40.648331055599996], [-73.76418263724445, 40.64832404573333], [-73.76413799, 40.64831459], [-73.7619099, 40.64730324], [-73.76130486, 40.64692896], [-73.76127149164739, 40.64690572501036], [-73.76124294677926, 40.64688026728296], [-73.76121921368001, 40.64685298168], [-73.76120028063409, 40.646824263063706], [-73.76118613592594, 40.6467945062963], [-73.76117676784, 40.646764106240006], [-73.76117216466074, 40.64673345775704], [-73.76117231467258, 40.64670295570963], [-73.76117720616, 40.64667299496001], [-73.76118682740741, 40.64664397037037], [-73.76120116669925, 40.646616276802966], [-73.76122021232, 40.64659030912001], [-73.76124395255407, 40.646566462183706], [-73.76127237568592, 40.646545130856296], [-73.76130547, 40.64652671], [-73.76171135, 40.64631627], [-73.76220007, 40.64611189], [-73.76293627, 40.64585726], [-73.76296257764444, 40.645851985688886], [-73.76298901524444, 40.64584777608889], [-73.76301558280001, 40.645844631200006], [-73.76304228031111, 40.64584255102222], [-73.7630691077778, 40.64584153555556], [-73.7630960652, 40.6458415848], [-73.76312315257778, 40.64584269875556], [-73.7631503699111, 40.64584487742222], [-73.7631777172, 40.6458481208], [-73.76320519444445, 40.645852428888894], [-73.76323280164445, 40.64585780168889], [-73.7632605388, 40.6458642392], [-73.76328840591111, 40.645871741422226], [-73.76331640297778, 40.64588030835556], [-73.76334453, 40.64588994], [-73.7634311, 40.64582089], [-73.76270238, 40.64548075], [-73.76263268, 40.64556633], [-73.76264554875556, 40.645576676], [-73.76265641902224, 40.64558682066667], [-73.7626652908, 40.645596764], [-73.7626721640889, 40.645606506], [-73.7626770388889, 40.645616046666674], [-73.76267991520001, 40.645625386], [-73.76268079302224, 40.645634524], [-73.76267967235556, 40.64564346066667], [-73.76267655320001, 40.645652196], [-73.76267143555557, 40.64566073], [-73.76266431942223, 40.64566906266667], [-73.76265520480001, 40.645677194], [-73.7626440916889, 40.645685124], [-73.76263098008889, 40.64569285266667], [-73.76261587, 40.64570038], [-73.76137922, 40.6462235], [-73.76073617, 40.64642054], [-73.76068822563852, 40.64643218308149], [-73.76064347857482, 40.64644208278519], [-73.76060133784003, 40.64645016480001], [-73.7605612124652, 40.64645635481482], [-73.7605225114815, 40.64646057851853], [-73.76048464392, 40.646462761600006], [-73.76044701881185, 40.646462829748145], [-73.76040904518814, 40.646460708651844], [-73.76037013208, 40.646456324], [-73.76032968851852, 40.64644960148148], [-73.76028712353481, 40.64644046678518], [-73.76024184616, 40.6464288456], [-73.76019326542519, 40.64641466361481], [-73.76014079036149, 40.64639784651851], [-73.76008383, 40.64637832], [-73.75935602, 40.64609493], [-73.75933467283261, 40.646085890791106], [-73.75931352186075, 40.64607817232889], [-73.75929249288002, 40.64607155136001], [-73.75927151168594, 40.646065804631114], [-73.75925050407409, 40.64606070888889], [-73.75922939584, 40.64605604088], [-73.75920811277926, 40.6460515773511], [-73.75918658068741, 40.64604709504889], [-73.75916472536, 40.64604237072], [-73.7591424725926, 40.64603718111111], [-73.75911974818075, 40.646031302968886], [-73.75909647792001, 40.646024513040004], [-73.75907258760594, 40.64601658807111], [-73.75904800303408, 40.64600730480889], [-73.75902265, 40.64599644], [-73.75887662093334, 40.645932776933336], [-73.75874253906669, 40.64586377173333], [-73.7586204044, 40.6457894244], [-73.75851021693335, 40.645709734933334], [-73.75841197666668, 40.64562470333333], [-73.7583256836, 40.6455343296], [-73.75825133773334, 40.64543861373333], [-73.75818893906666, 40.645337555733335], [-73.75813848760001, 40.6452311556], [-73.75809998333334, 40.64511941333333], [-73.75807342626666, 40.64500232893333], [-73.7580588164, 40.6448799024], [-73.75805615373334, 40.644752133733334], [-73.75806543826667, 40.644619022933334], [-73.75808667, 40.64448057], [-73.75854811, 40.64252051], [-73.75855038571557, 40.64251218323852], [-73.75855466799112, 40.64250487350816], [-73.75856072152001, 40.642498614640004], [-73.75856831099556, 40.64249344046519], [-73.75857720111112, 40.64248938481481], [-73.75858715656, 40.64248648152], [-73.75859794203554, 40.64248476441185], [-73.75860932223111, 40.64248426732148], [-73.75862106183999, 40.64248502408], [-73.75863292555555, 40.64248706851852], [-73.7586446780711, 40.642490434468144], [-73.75865608408, 40.64249515576], [-73.75866690827554, 40.64250126622518], [-73.7586769153511, 40.642508799694816], [-73.75868587, 40.64251779], [-73.75874849, 40.64259789], [-73.75879459217778, 40.642643724533336], [-73.75884322404445, 40.64268630813333], [-73.75889438560002, 40.6427256408], [-73.75894807684446, 40.64276172253334], [-73.75900429777779, 40.64279455333333], [-73.75906304840001, 40.6428241332], [-73.75912432871112, 40.64285046213333], [-73.75918813871112, 40.64287354013334], [-73.75925447840001, 40.642893367199996], [-73.75932334777778, 40.64290994333333], [-73.75939474684445, 40.64292326853334], [-73.7594686756, 40.6429333428], [-73.75954513404446, 40.64294016613333], [-73.75962412217778, 40.642943738533326], [-73.75970564, 40.64294406], [-73.76574831, 40.64276812], [-73.76576051807703, 40.64276856940741], [-73.7657714978163, 40.64276988592592], [-73.76578124248, 40.642772022], [-73.7657897453304, 40.64277493007408], [-73.76579699962963, 40.64277856259261], [-73.76580299864, 40.642782872], [-73.76580773562368, 40.642787810740735], [-73.76581120384297, 40.642793331259256], [-73.76581339656, 40.642799386], [-73.76581430703703, 40.64280592740741], [-73.76581392853629, 40.64281290792592], [-73.76581225432, 40.64282028], [-73.76580927765036, 40.642827996074075], [-73.76580499178964, 40.64283600859259], [-73.76579939, 40.64284427], [-73.76457022, 40.64441645], [-73.76454184373333, 40.64444218902223], [-73.7645125816, 40.644465059422224], [-73.76448243360001, 40.644485061200015], [-73.76445139973333, 40.64450219435556], [-73.76441948000002, 40.64451645888889], [-73.7643866744, 40.644527854799996], [-73.76435298293333, 40.64453638208889], [-73.7643184056, 40.64454204075555], [-73.7642829424, 40.6445448308], [-73.76424659333333, 40.64454475222222], [-73.7642093584, 40.64454180502222], [-73.76417123760001, 40.6445359892], [-73.76413223093333, 40.64452730475555], [-73.76409233839999, 40.644515751688886], [-73.76405156, 40.64450133], [-73.76211603, 40.64362349], [-73.76209659351112, 40.6436152112], [-73.76207684937778, 40.643607569466674], [-73.76205679760001, 40.64360056480001], [-73.76203643817779, 40.6435941972], [-73.76201577111112, 40.64358846666667], [-73.7619947964, 40.6435833732], [-73.76197351404446, 40.6435789168], [-73.76195192404444, 40.643575097466666], [-73.76193002640001, 40.6435719152], [-73.76190782111111, 40.64356937], [-73.76188530817778, 40.64356746186667], [-73.76186248760001, 40.6435661908], [-73.76183935937777, 40.6435655568], [-73.76181592351112, 40.643565559866666], [-73.76179218, 40.6435662], [-73.76054898, 40.64359531], [-73.76050598719999, 40.64359700875555], [-73.76046497946668, 40.64360029702223], [-73.7604259568, 40.6436051748], [-73.7603889192, 40.64361164208889], [-73.76035386666668, 40.6436196988889], [-73.7603207992, 40.643629345200004], [-73.7602897168, 40.643640581022225], [-73.76026061946668, 40.64365340635556], [-73.76023350720001, 40.643667821200005], [-73.76020838, 40.64368382555556], [-73.76018523786666, 40.64370141942222], [-73.76016408080001, 40.6437206028], [-73.76014490880002, 40.64374137568889], [-73.76012772186667, 40.64376373808889], [-73.76011252, 40.64378769], [-73.75997035, 40.6439497], [-73.76065221, 40.64424511], [-73.76076794, 40.64408627], [-73.76075572617776, 40.64407918568889], [-73.76074460737777, 40.64407180742223], [-73.7607345836, 40.64406413520001], [-73.76072565484445, 40.64405616902222], [-73.76071782111113, 40.64404790888889], [-73.7607110824, 40.6440393548], [-73.76070543871111, 40.644030506755556], [-73.76070089004443, 40.64402136475555], [-73.7606974364, 40.6440119288], [-73.76069507777777, 40.644002198888884], [-73.76069381417778, 40.64399217502222], [-73.7606936456, 40.6439818572], [-73.76069457204444, 40.64397124542222], [-73.76069659351111, 40.64396033968889], [-73.76069971, 40.64394914], [-73.76070371666667, 40.643938080488894], [-73.76070840866666, 40.643927595288886], [-73.76071378600001, 40.6439176844], [-73.76071984866668, 40.64390834782222], [-73.76072659666667, 40.64389958555556], [-73.76073403, 40.643891397599994], [-73.76074214866667, 40.64388378395555], [-73.76075095266665, 40.64387674462222], [-73.760760442, 40.6438702796], [-73.76077061666666, 40.643864388888886], [-73.76078147666666, 40.64385907248888], [-73.760793022, 40.6438543304], [-73.76080525266667, 40.64385016262222], [-73.76081816866667, 40.643846569155556], [-73.76083177, 40.64384355], [-73.76113471, 40.64379977], [-73.76144209, 40.64379284], [-73.76147622062223, 40.64379505017778], [-73.76150936715555, 40.64379740604445], [-73.76154152960001, 40.643799907600005], [-73.76157270795557, 40.64380255484445], [-73.76160290222222, 40.643805347777786], [-73.7616321124, 40.6438082864], [-73.7616603384889, 40.643811370711106], [-73.76168758048888, 40.64381460071111], [-73.7617138384, 40.643817976399994], [-73.76173911222222, 40.64382149777778], [-73.76176340195556, 40.64382516484444], [-73.7617867076, 40.643828977599995], [-73.76180902915556, 40.64383293604444], [-73.76183036662222, 40.64383704017777], [-73.76185072, 40.64384129], [-73.76187085991111, 40.643845786444444], [-73.76189155697779, 40.64385063044444], [-73.7619128112, 40.643855822], [-73.76193462257778, 40.64386136111112], [-73.7619569911111, 40.643867247777784], [-73.7619799168, 40.643873482], [-73.76200339964444, 40.64388006377777], [-73.76202743964444, 40.64388699311112], [-73.76205203680001, 40.64389427], [-73.7620771911111, 40.64390189444445], [-73.76210290257778, 40.643909866444446], [-73.7621291712, 40.643918186], [-73.76215599697778, 40.64392685311111], [-73.76218337991111, 40.64393586777778], [-73.76221132, 40.64394523], [-73.76297871, 40.6442549], [-73.76407905, 40.64475395], [-73.76409255102223, 40.644762300711115], [-73.7641045420889, 40.64477105684445], [-73.76411502320002, 40.64478021840001], [-73.76412399435557, 40.64478978537779], [-73.76413145555557, 40.64479975777779], [-73.7641374068, 40.6448101356], [-73.76414184808888, 40.644820918844445], [-73.76414477942222, 40.644832107511114], [-73.7641462008, 40.6448437016], [-73.76414611222222, 40.64485570111111], [-73.76414451368888, 40.64486810604444], [-73.76414140520001, 40.6448809164], [-73.76413678675556, 40.644894132177775], [-73.76413065835555, 40.64490775337778], [-73.76412302, 40.64492178], [-73.7640517, 40.64501171], [-73.76404203217778, 40.645021051111115], [-73.76403243404444, 40.64502998377778], [-73.7640229056, 40.645038508], [-73.76401344684443, 40.64504662377778], [-73.7640040577778, 40.64505433111112], [-73.76399473839999, 40.64506163], [-73.76398548871111, 40.64506852044445], [-73.76397630871111, 40.64507500244445], [-73.7639671984, 40.645081076], [-73.76395815777778, 40.645086741111115], [-73.76394918684443, 40.645091997777776], [-73.7639402856, 40.645096846], [-73.76393145404444, 40.64510128577778], [-73.76392269217777, 40.64510531711112], [-73.763914, 40.64510894], [-73.7635193, 40.64527345], [-73.76350891995556, 40.645277021199995], [-73.76349881982222, 40.64528010813334], [-73.7634889996, 40.64528271080001], [-73.76347945928889, 40.64528482920001], [-73.7634701988889, 40.645286463333335], [-73.7634612184, 40.6452876132], [-73.76345251782222, 40.645288278799995], [-73.76344409715556, 40.64528846013333], [-73.76343595639999, 40.6452881572], [-73.76342809555555, 40.64528737], [-73.76342051462223, 40.64528609853333], [-73.76341321359999, 40.645284342800004], [-73.76340619248889, 40.645282102799996], [-73.76339945128889, 40.64527937853334], [-73.76339299, 40.64527617], [-73.76324623, 40.64541755], [-73.76442346, 40.64597314], [-73.7644931, 40.64577532], [-73.76448229222221, 40.645770092577784], [-73.76447163422223, 40.64576446631111], [-73.764461126, 40.6457584412], [-73.76445076755556, 40.64575201724445], [-73.7644405588889, 40.64574519444445], [-73.7644305, 40.6457379728], [-73.76442059088888, 40.645730352311105], [-73.76441083155555, 40.64572233297778], [-73.764401222, 40.6457139148], [-73.7643917622222, 40.64570509777778], [-73.76438245222221, 40.64569588191111], [-73.764373292, 40.645686267200006], [-73.76436428155556, 40.645676253644446], [-73.76435542088888, 40.645665841244444], [-73.76434671, 40.64565503], [-73.76432986314074, 40.64563225097482], [-73.76431390205926, 40.645607973265186], [-73.764299048, 40.645582429920005], [-73.76428552220743, 40.64555585398816], [-73.76427354592593, 40.64552847851853], [-73.76426334039999, 40.64550053656], [-73.76425512687406, 40.64547226116148], [-73.76424912659259, 40.645443885371854], [-73.76424556079999, 40.64541564224], [-73.76424465074074, 40.645387764814814], [-73.76424661765925, 40.64536048614518], [-73.7642516828, 40.64533403928], [-73.7642600674074, 40.645308657268146], [-73.76427199272592, 40.64528457315851], [-73.76428768, 40.64526202], [-73.76430817831111, 40.64524269330369], [-73.76433134622222, 40.64522527762963], [-73.76435690320001, 40.6452097136], [-73.76438456871112, 40.645195941837045], [-73.76441406222224, 40.64518390296297], [-73.7644451032, 40.6451735376], [-73.76447741111112, 40.645164786370366], [-73.76451070542223, 40.64515758989629], [-73.76454470560002, 40.6451518888], [-73.76457913111112, 40.64514762370371], [-73.76461370142222, 40.64514473522962], [-73.764648136, 40.645143164], [-73.7646821543111, 40.645142850637036], [-73.76471547582221, 40.645143735762964], [-73.76474782, 40.64514576], [-73.76476395413333, 40.64514719515556], [-73.76477983920002, 40.645148863288895], [-73.7647954752, 40.6451507644], [-73.76481086213333, 40.645152898488895], [-73.764826, 40.64515526555556], [-73.7648408888, 40.6451578656], [-73.76485552853333, 40.64516069862222], [-73.7648699192, 40.645163764622225], [-73.7648840608, 40.6451670636], [-73.76489795333333, 40.645170595555555], [-73.76491159679999, 40.64517436048889], [-73.76492499119999, 40.6451783584], [-73.76493813653333, 40.64518258928889], [-73.7649510328, 40.64518705315556], [-73.76496368, 40.64519175], [-73.76639354, 40.64585053], [-73.76640560995556, 40.64585731333333], [-73.76641630782223, 40.645864591333336], [-73.76642563360001, 40.645872364], [-73.7664335872889, 40.64588063133334], [-73.7664401688889, 40.64588939333334], [-73.76644537840001, 40.64589865], [-73.76644921582222, 40.64590840133333], [-73.76645168115556, 40.64591864733333], [-73.7664527744, 40.645929388], [-73.76645249555557, 40.64594062333334], [-73.76645084462223, 40.64595235333333], [-73.7664478216, 40.645964578], [-73.76644342648889, 40.64597729733334], [-73.7664376592889, 40.64599051133334], [-73.76643052, 40.64600422], [-73.76652653, 40.64610127], [-73.76707702, 40.64541321], [-73.76691769, 40.64538073], [-73.76688077031112, 40.6454087036], [-73.76684303791112, 40.6454335604], [-73.76680449280002, 40.6454553004], [-73.76676513497779, 40.6454739236], [-73.76672496444446, 40.64548943], [-73.7666839812, 40.6455018196], [-73.76664218524445, 40.6455110924], [-73.76659957657779, 40.645517248400004], [-73.7665561552, 40.6455202876], [-73.76651192111112, 40.64552021], [-73.7664668743111, 40.64551701560001], [-73.76642101480002, 40.6455107044], [-73.76637434257778, 40.645501276400005], [-73.76632685764446, 40.645488731600004], [-73.76627856, 40.64547307], [-73.76514378, 40.64496557], [-73.76508228786666, 40.64493213906667], [-73.76502805946667, 40.644897006266675], [-73.7649810948, 40.64486017160001], [-73.76494139386666, 40.64482163506667], [-73.76490895666669, 40.64478139666667], [-73.76488378319999, 40.6447394564], [-73.76486587346666, 40.64469581426667], [-73.76485522746667, 40.64465047026667], [-73.7648518452, 40.6446034244], [-73.76485572666667, 40.64455467666667], [-73.76486687186667, 40.64450422706666], [-73.7648852808, 40.6444520756], [-73.76491095346667, 40.64439822226667], [-73.76494388986667, 40.644342667066674], [-73.76498409, 40.64428541], [-73.76588714, 40.64313035], [-73.765937436, 40.64308047035556], [-73.76598878800002, 40.64303595408889], [-73.766041196, 40.6429968012], [-73.76609466, 40.6429630116889], [-73.76614918000001, 40.642934585555565], [-73.766204756, 40.64291152279999], [-73.766261388, 40.64289382342223], [-73.766319076, 40.64288148742222], [-73.76637782, 40.642874514800006], [-73.76643762, 40.642872905555556], [-73.76649847600001, 40.642876659688895], [-73.76656038800002, 40.64288577720001], [-73.76662335600001, 40.64290025808889], [-73.76668738, 40.64292010235555], [-73.76675246, 40.64294531], [-73.7682755, 40.64364297], [-73.76838232, 40.64370316], [-73.7685423, 40.64350694], [-73.76841252, 40.64346761], [-73.76689073, 40.64277167], [-73.76683112391112, 40.64273786137778], [-73.76677802564444, 40.642702640844455], [-73.7667314352, 40.6426660084], [-73.76669135257778, 40.64262796404445], [-73.76665777777778, 40.64258850777778], [-73.7666307108, 40.642547639600004], [-73.76661015164444, 40.64250535951111], [-73.7665961003111, 40.642461667511114], [-73.7665885568, 40.64241656360001], [-73.76658752111112, 40.642370047777774], [-73.76659299324444, 40.64232212004444], [-73.7666049732, 40.642272780400006], [-73.76662346097778, 40.642222028844444], [-73.76664845657778, 40.642169865377774], [-73.76667996, 40.64211629], [-73.76885975, 40.6393282], [-73.76886614043555, 40.639321678933335], [-73.76887381161781, 40.639316561600005], [-73.76888250536003, 40.639312796800006], [-73.76889196347558, 40.639310333333334], [-73.7689019277778, 40.639309120000014], [-73.76891214008, 40.639309105600006], [-73.76892234219557, 40.639310238933334], [-73.76893227593779, 40.6393124688], [-73.76894168312002, 40.639315744], [-73.76895030555556, 40.63932001333334], [-73.76895788505777, 40.639325225600004], [-73.76896416344002, 40.63933132960001], [-73.76896888251557, 40.63933827413334], [-73.76897178409779, 40.639346008], [-73.76897261, 40.63935448], [-73.7689723, 40.64013941], [-73.76896151461928, 40.6403170589126], [-73.76894576282075, 40.64048334743408], [-73.76892590912003, 40.64064159624001], [-73.76890281803261, 40.64079512600593], [-73.76887735407409, 40.64094725740742], [-73.76885038176002, 40.64110131112], [-73.76882276560593, 40.64126060781926], [-73.76879537012742, 40.64142846818074], [-73.76876905984001, 40.64160821288], [-73.76874469925927, 40.641803162592595], [-73.76872315290075, 40.642016637994075], [-73.76870528528, 40.64225195976], [-73.7686919609126, 40.64251244856593], [-73.76868404431409, 40.642801425087406], [-73.7686824, 40.64312221], [-73.76875804, 40.64328103], [-73.76910006, 40.64283979], [-73.7689721, 40.64275144], [-73.76896923568593, 40.64252769910518], [-73.76897376948743, 40.64231858350814], [-73.76898467952003, 40.64212237584], [-73.76900094389927, 40.64193735873186], [-73.76902154074077, 40.64176181481483], [-73.76904544816, 40.64159402672], [-73.76907164427259, 40.641432277078515], [-73.76909910719408, 40.641274848521476], [-73.76912681504001, 40.64112002368], [-73.76915374592593, 40.640966085185184], [-73.76917887796742, 40.640811315668145], [-73.76920118928001, 40.64065399776], [-73.76921965797926, 40.64049241409185], [-73.76923326218075, 40.64032484729482], [-73.76924098, 40.64014958], [-73.76926782, 40.63903315], [-73.76926905293332, 40.639004627466676], [-73.76927103439999, 40.63897683586667], [-73.7692737644, 40.638949775200004], [-73.76927724293334, 40.63892344546667], [-73.76928147000001, 40.63889784666667], [-73.7692864456, 40.63887297880001], [-73.76929216973333, 40.63884884186667], [-73.7692986424, 40.63882543586667], [-73.76930586360001, 40.638802760800004], [-73.76931383333334, 40.63878081666667], [-73.7693225516, 40.63875960346667], [-73.76933201840001, 40.638739121200004], [-73.76934223373333, 40.63871936986667], [-73.7693531976, 40.638700349466674], [-73.76936491, 40.63868206], [-73.76941217, 40.63862161], [-73.76945394653333, 40.63857620733334], [-73.76949783613334, 40.638536018], [-73.7695438388, 40.638501042], [-73.76959195453334, 40.638471279333345], [-73.76964218333333, 40.63844673], [-73.7696945252, 40.638427394], [-73.76974898013333, 40.63841327133333], [-73.76980554813333, 40.638404362], [-73.76986422920001, 40.638400666], [-73.76992502333333, 40.63840218333334], [-73.76998793053333, 40.638408914], [-73.7700529508, 40.638420858], [-73.77012008413334, 40.638438015333335], [-73.77018933053333, 40.638460386], [-73.77026069, 40.63848797], [-73.77166692, 40.63930253], [-73.7718012, 40.63938636], [-73.77194965, 40.63919315], [-73.77180038, 40.63913172], [-73.77035729, 40.63828705], [-73.77029997733335, 40.638247656400004], [-73.77024920733335, 40.63820766760001], [-73.77020498000002, 40.6381670836], [-73.77016729533335, 40.638125904400006], [-73.77013615333335, 40.63808413], [-73.77011155400001, 40.6380417604], [-73.77009349733333, 40.6379987956], [-73.77008198333334, 40.6379552356], [-73.770077012, 40.6379110804], [-73.77007858333334, 40.63786633], [-73.77008669733334, 40.637820984399994], [-73.770101354, 40.6377750436], [-73.77012255333334, 40.6377285076], [-73.77015029533334, 40.637681376399996], [-73.77018458, 40.63763365], [-73.77203991, 40.63526056], [-73.77208253466667, 40.63521569964445], [-73.77212728866668, 40.63517576657778], [-73.772174172, 40.6351407608], [-73.77222318466667, 40.635110682311115], [-73.77227432666669, 40.63508553111111], [-73.772327598, 40.635065307199994], [-73.77238299866667, 40.63505001057777], [-73.77244052866666, 40.63503964124444], [-73.772500188, 40.63503419919999], [-73.77256197666668, 40.63503368444444], [-73.77262589466667, 40.63503809697778], [-73.772691942, 40.6350474368], [-73.77276011866667, 40.635061703911106], [-73.77283042466668, 40.63508089831111], [-73.77290286, 40.63510502], [-73.77440926, 40.63579281], [-73.7745181, 40.63590045], [-73.77471484, 40.63565593], [-73.77454961, 40.63561318], [-73.7730245, 40.6349299], [-73.77296621751111, 40.6348911552], [-73.77291434604444, 40.634851550133334], [-73.7728688856, 40.634811084800006], [-73.7728298361778, 40.63476975920001], [-73.77279719777779, 40.634727573333336], [-73.7727709704, 40.6346845272], [-73.77275115404444, 40.6346406208], [-73.77273774871111, 40.63459585413334], [-73.7727307544, 40.63455022720001], [-73.7727301711111, 40.63450374], [-73.77273599884444, 40.63445639253334], [-73.7727482376, 40.6344081848], [-73.77276688737777, 40.6343591168], [-73.77279194817777, 40.63430918853333], [-73.77282342, 40.6342584], [-73.77450263, 40.63211058], [-73.7745496644889, 40.6320675868], [-73.77459821595556, 40.632029625866664], [-73.7746482844, 40.6319966972], [-73.77469986982223, 40.6319688008], [-73.77475297222223, 40.63194593666667], [-73.77480759160001, 40.6319281048], [-73.77486372795556, 40.631915305199996], [-73.77492138128889, 40.63190753786666], [-73.77498055160001, 40.631904802799994], [-73.77504123888889, 40.6319071], [-73.77510344315556, 40.63191442946666], [-73.77516716440002, 40.6319267912], [-73.77523240262222, 40.6319441852], [-73.77529915782223, 40.631966611466666], [-73.77536743, 40.63199407], [-73.77685191, 40.63266663], [-73.77698957, 40.63275714], [-73.77716361, 40.63254387], [-73.77699543, 40.63248296], [-73.77548979, 40.63180082], [-73.77543491213333, 40.63177320484445], [-73.77538567319999, 40.631744052711106], [-73.77534207320001, 40.6317133636], [-73.77530411213334, 40.63168113751111], [-73.77527179, 40.631647374444455], [-73.77524510679999, 40.6316120744], [-73.77522406253333, 40.63157523737778], [-73.7752086572, 40.631536863377775], [-73.7751988908, 40.6314969524], [-73.77519476333333, 40.631455504444446], [-73.77519627480001, 40.6314125195111], [-73.7752034252, 40.6313679976], [-73.77521621453334, 40.63132193871111], [-73.7752346428, 40.63127434284444], [-73.77525871, 40.63122521], [-73.77578639, 40.63054352], [-73.77581602337777, 40.63051664195556], [-73.77584722751111, 40.6304923064889], [-73.77588000239999, 40.63047051360001], [-73.77591434804445, 40.6304512632889], [-73.77595026444446, 40.63043455555556], [-73.7759877516, 40.630420390400005], [-73.77602680951111, 40.63040876782222], [-73.77606743817779, 40.630399687822226], [-73.7761096376, 40.6303931504], [-73.77615340777778, 40.63038915555556], [-73.77619874871111, 40.63038770328889], [-73.77624566040001, 40.630388793600005], [-73.77629414284445, 40.630392426488896], [-73.77634419604445, 40.630398601955555], [-73.77639582, 40.63040732], [-73.77651455, 40.63028193], [-73.77557518, 40.62985846], [-73.77549825, 40.63000054]], [[-73.77427004, 40.63200973], [-73.77258075, 40.63417045], [-73.77253659897778, 40.6342172040889], [-73.77249047124444, 40.634258810355554], [-73.77244236680001, 40.63429526880002], [-73.77239228564444, 40.63432657942223], [-73.77234022777778, 40.634352742222234], [-73.7722861932, 40.63437375720001], [-73.77223018191111, 40.63438962435556], [-73.7721721939111, 40.634400343688895], [-73.77211222919999, 40.634405915200006], [-73.77205028777777, 40.634406338888894], [-73.77198636964445, 40.63440161475556], [-73.7719204748, 40.634391742800005], [-73.77185260324444, 40.63437672302223], [-73.77178275497778, 40.63435655542223], [-73.77171093, 40.63433124], [-73.76977285, 40.63345156], [-73.76974774155555, 40.63343689088889], [-73.76972442422222, 40.63342179288889], [-73.769702898, 40.633406266], [-73.7696831628889, 40.633390310222225], [-73.76966521888889, 40.63337392555556], [-73.76964906599999, 40.633357112], [-73.76963470422223, 40.633339869555556], [-73.76962213355554, 40.633322198222224], [-73.769611354, 40.633304098], [-73.76960236555556, 40.633285568888894], [-73.76959516822222, 40.633266610888896], [-73.769589762, 40.633247224], [-73.76958614688888, 40.633227408222226], [-73.76958432288889, 40.63320716355556], [-73.76958429, 40.63318649], [-73.76961213, 40.63194087], [-73.76962025826666, 40.63184708328889], [-73.76963296573334, 40.63175349115556], [-73.7696502524, 40.63166009360001], [-73.76967211826668, 40.63156689062223], [-73.76969856333335, 40.63147388222223], [-73.76972958760001, 40.6313810684], [-73.76976519106667, 40.631288449155555], [-73.76980537373333, 40.631196024488894], [-73.7698501356, 40.631103794400005], [-73.76989947666667, 40.63101175888889], [-73.76995339693335, 40.63091991795555], [-73.7700118964, 40.63082827160001], [-73.77007497506668, 40.630736819822225], [-73.77014263293334, 40.63064556262223], [-73.77021487, 40.6305545], [-73.7705147, 40.63020028], [-73.77054864244445, 40.630166342888884], [-73.77058352044445, 40.63013601955555], [-73.77061933400002, 40.63010931], [-73.77065608311112, 40.63008621422223], [-73.7706937677778, 40.63006673222223], [-73.770732388, 40.630050864], [-73.77077194377779, 40.630038609555555], [-73.77081243511111, 40.63002996888889], [-73.77085386200001, 40.630024942], [-73.77089622444444, 40.6300235288889], [-73.77093952244445, 40.630025729555555], [-73.770983756, 40.630031544], [-73.77102892511111, 40.630040972222226], [-73.77107502977779, 40.630054014222225], [-73.77112207, 40.63007067], [-73.77415533, 40.63144492], [-73.77420039591111, 40.63147054084445], [-73.77424011631112, 40.63149788071111], [-73.77427449120002, 40.6315269396], [-73.77430352057779, 40.631557717511114], [-73.77432720444445, 40.63159021444445], [-73.7743455428, 40.6316244304], [-73.77435853564444, 40.631660365377776], [-73.77436618297779, 40.63169801937778], [-73.7743684848, 40.6317373924], [-73.77436544111112, 40.631778484444446], [-73.7743570519111, 40.63182129551111], [-73.7743433172, 40.6318658256], [-73.77432423697778, 40.63191207471111], [-73.77429981124446, 40.63196004284444], [-73.77427004, 40.63200973]], [[-73.77181283, 40.63515267], [-73.76977691, 40.63775675], [-73.76976016951112, 40.637770441111115], [-73.76974334271111, 40.63778255444444], [-73.76972642960001, 40.63779309], [-73.76970943017778, 40.637802047777775], [-73.76969234444445, 40.63780942777778], [-73.7696751724, 40.63781523], [-73.76965791404444, 40.63781945444445], [-73.76964056937778, 40.63782210111111], [-73.7696231384, 40.63782317], [-73.76960562111111, 40.637822661111116], [-73.7695880175111, 40.63782057444445], [-73.76957032760001, 40.63781691], [-73.76955255137777, 40.63781166777778], [-73.76953468884446, 40.63780484777779], [-73.76951674, 40.63779645], [-73.7694922504, 40.63778503968889], [-73.76946910426666, 40.63777225675556], [-73.7694473016, 40.637758101200006], [-73.7694268424, 40.63774257302222], [-73.76940772666669, 40.63772567222223], [-73.7693899544, 40.6377073988], [-73.76937352559999, 40.637687752755554], [-73.76935844026666, 40.63766673408889], [-73.76934469839999, 40.6376443428], [-73.7693323, 40.63762057888889], [-73.76932124506666, 40.637595442355554], [-73.76931153359999, 40.6375689332], [-73.7693031656, 40.637541051422225], [-73.76929614106666, 40.63751179702222], [-73.76929046, 40.63748117], [-73.76932015, 40.63539529], [-73.76932280439999, 40.63535901377778], [-73.76932579693334, 40.63532151844444], [-73.7693291276, 40.635282804], [-73.76933279640001, 40.63524287044444], [-73.76933680333333, 40.63520171777778], [-73.76934114840002, 40.635159346], [-73.7693458316, 40.63511575511111], [-73.76935085293334, 40.63507094511111], [-73.7693562124, 40.635024916], [-73.76936191000001, 40.634977667777775], [-73.76936794573334, 40.63492920044445], [-73.7693743196, 40.634879514], [-73.7693810316, 40.634828608444444], [-73.76938808173334, 40.63477648377778], [-73.76939547, 40.63472314], [-73.76954168, 40.63380032], [-73.76954948813334, 40.633779336977774], [-73.76955881386667, 40.633760459911116], [-73.76956965720002, 40.63374368880001], [-73.76958201813335, 40.63372902364445], [-73.76959589666669, 40.63371646444445], [-73.76961129280001, 40.6337060112], [-73.76962820653334, 40.63369766391111], [-73.76964663786669, 40.633691422577776], [-73.76966658680001, 40.6336872872], [-73.76968805333334, 40.63368525777777], [-73.76971103746666, 40.63368533431111], [-73.76973553920001, 40.633687516799995], [-73.76976155853333, 40.63369180524444], [-73.76978909546668, 40.63369819964444], [-73.76981815, 40.6337067], [-73.77159025, 40.63450013], [-73.77165182502223, 40.634534655244444], [-73.77170672342224, 40.63457046297778], [-73.7717549452, 40.6346075532], [-73.77179649035557, 40.634645925911116], [-73.7718313588889, 40.634685581111114], [-73.7718595508, 40.6347265188], [-73.7718810660889, 40.63476873897778], [-73.77189590475555, 40.63481224164444], [-73.7719040668, 40.634857026800006], [-73.77190555222222, 40.63490309444444], [-73.77190036102223, 40.63495044457778], [-73.77188849320001, 40.6349990772], [-73.77186994875555, 40.63504899231111], [-73.77184472768889, 40.635100189911114], [-73.77181283, 40.63515267]]]}}, {"type": "Feature", "properties": {"name": "New Taxiway 78", "surface_type": "CONCRETE", "smoothness": 0.0, "texture_orientation": 120.8}, "geometry": {"type": "Polygon", "coordinates": [[[-73.77331871, 40.62901276], [-73.77334816013334, 40.62903551324445], [-73.77337374253334, 40.629059703644444], [-73.77339545720001, 40.62908533120001], [-73.77341330413334, 40.629112395911115], [-73.77342728333335, 40.62914089777779], [-73.7734373948, 40.6291708368], [-73.77344363853334, 40.62920221297777], [-73.77344601453333, 40.62923502631111], [-73.77344452279999, 40.629269276799995], [-73.77343916333334, 40.629304964444444], [-73.77342993613334, 40.629342089244446], [-73.7734168412, 40.6293806512], [-73.77339987853334, 40.62942065031111], [-73.77337904813334, 40.629462086577774], [-73.77335435, 40.62950496], [-73.77297947, 40.62998805], [-73.77272314, 40.6302154], [-73.77269547493333, 40.630234662666666], [-73.7726675704, 40.63025156533333], [-73.7726394264, 40.630266108], [-73.77261104293333, 40.63027829066667], [-73.77258242000002, 40.630288113333336], [-73.7725535576, 40.63029557599999], [-73.77252445573333, 40.630300678666664], [-73.7724951144, 40.63030342133333], [-73.77246553360001, 40.630303804], [-73.77243571333334, 40.63030182666667], [-73.7724056536, 40.63029748933333], [-73.77237535440001, 40.630290792], [-73.77234481573333, 40.63028173466667], [-73.77231403760001, 40.63027031733333], [-73.77228302, 40.63025654], [-73.77225334680001, 40.630241202355556], [-73.77222660186668, 40.630225104088886], [-73.77220278520001, 40.6302082452], [-73.77218189679999, 40.63019062568889], [-73.77216393666669, 40.630172245555556], [-73.7721489048, 40.6301531048], [-73.7721368012, 40.63013320342222], [-73.77212762586667, 40.63011254142222], [-73.77212137880001, 40.630091118799996], [-73.77211806, 40.630068935555556], [-73.77211766946667, 40.63004599168889], [-73.7721202072, 40.630022287200006], [-73.77212567320001, 40.62999782208889], [-73.77213406746668, 40.62997259635556], [-73.77214539, 40.62994661], [-73.77227677, 40.62967468], [-73.77266248, 40.62918321], [-73.77270099991112, 40.62914467324444], [-73.77273976497777, 40.62910979097778], [-73.7727787752, 40.629078563200004], [-73.77281803057778, 40.629050989911114], [-73.77285753111113, 40.62902707111111], [-73.7728972768, 40.6290068068], [-73.77293726764445, 40.628990196977774], [-73.77297750364446, 40.62897724164444], [-73.77301798479999, 40.628967940799996], [-73.7730587111111, 40.62896229444445], [-73.77309968257778, 40.62896030257778], [-73.7731408992, 40.628961965200006], [-73.77318236097778, 40.62896728231111], [-73.7732240679111, 40.62897625391112], [-73.77326602, 40.62898888], [-73.77336495, 40.62885416], [-73.7724231, 40.62842448], [-73.7723134, 40.62855714], [-73.77234256053332, 40.62858169493334], [-73.77236799946667, 40.62860736506667], [-73.7723897168, 40.6286341504], [-73.77240771253335, 40.62866205093334], [-73.77242198666669, 40.628691066666676], [-73.7724325392, 40.6287211976], [-73.77243937013333, 40.62875244373334], [-73.77244247946666, 40.628784805066665], [-73.7724418672, 40.6288182816], [-73.77243753333333, 40.62885287333334], [-73.77242947786667, 40.62888858026666], [-73.77241770079999, 40.62892540240001], [-73.77240220213332, 40.62896333973333], [-73.77238298186666, 40.62900239226667], [-73.77236004, 40.62904256], [-73.77196786, 40.62953693], [-73.77169106, 40.62977692], [-73.77166375057777, 40.62979255622222], [-73.7716363903111, 40.62980623022222], [-73.77160897920001, 40.629817942], [-73.77158151724446, 40.629827691555555], [-73.77155400444445, 40.62983547888889], [-73.7715264408, 40.629841304], [-73.77149882631112, 40.629845166888884], [-73.77147116097778, 40.62984706755555], [-73.77144344480001, 40.629847006], [-73.77141567777778, 40.62984498222222], [-73.77138785991113, 40.629840996222214], [-73.77135999120001, 40.629835048], [-73.77133207164445, 40.62982713755555], [-73.77130410124445, 40.629817264888885], [-73.77127608, 40.62980543], [-73.77124925124446, 40.62979218928889], [-73.77122485831113, 40.62977809915556], [-73.77120290120001, 40.62976315960001], [-73.77118337991112, 40.62974737062223], [-73.77116629444446, 40.62973073222223], [-73.77115164480001, 40.6297132444], [-73.77113943097778, 40.62969490715555], [-73.77112965297778, 40.62967572048889], [-73.7711223108, 40.62965568440001], [-73.77111740444445, 40.62963479888889], [-73.77111493391111, 40.62961306395556], [-73.7711148992, 40.629590479600004], [-73.77111730031112, 40.62956704582223], [-73.77112213724445, 40.62954276262222], [-73.77112941, 40.62951763], [-73.77126391, 40.62922301], [-73.7716535, 40.62871398], [-73.77168793315555, 40.62867863333334], [-73.77172323528887, 40.62864661733334], [-73.77175940640001, 40.628617932], [-73.77179644648889, 40.628592577333336], [-73.77183435555557, 40.62857055333334], [-73.7718731336, 40.62855186], [-73.77191278062222, 40.62853649733333], [-73.77195329662221, 40.628524465333335], [-73.7719946816, 40.628515764], [-73.77203693555556, 40.628510393333336], [-73.77208005848888, 40.62850835333333], [-73.77212405040001, 40.628509644], [-73.77216891128889, 40.62851426533334], [-73.77221464115556, 40.628522217333334], [-73.77226124, 40.6285335], [-73.77235474, 40.6284051], [-73.77172612, 40.62810873], [-73.77160897, 40.62823663], [-73.77095154, 40.62908371], [-73.77065481, 40.62934551], [-73.77063612222221, 40.629358285555554], [-73.77061663222221, 40.62936970022222], [-73.77059634, 40.629379754], [-73.77057524555556, 40.629388446888896], [-73.7705533488889, 40.6293957788889], [-73.77053065, 40.62940175], [-73.77050714888888, 40.62940636022222], [-73.77048284555555, 40.62940960955556], [-73.77045774, 40.629411498], [-73.77043183222222, 40.62941202555555], [-73.77040512222223, 40.62941119222222], [-73.77037761, 40.629408998], [-73.77034929555555, 40.62940544288889], [-73.77032017888888, 40.62940052688889], [-73.77029026, 40.62939425], [-73.77023437, 40.62946227], [-73.77048791, 40.62957633], [-73.77039889, 40.62969737], [-73.77415682, 40.63141594], [-73.77426003, 40.6312822], [-73.77388961, 40.63112456], [-73.77391379, 40.6310868], [-73.77325116, 40.63070513], [-73.77322862075555, 40.63068765808889], [-73.77320825368888, 40.630669983688904], [-73.77319005880001, 40.63065210680001], [-73.7731740360889, 40.63063402742223], [-73.77316018555557, 40.63061574555556], [-73.7731485072, 40.63059726120001], [-73.77313900102222, 40.63057857435556], [-73.77313166702223, 40.63055968502222], [-73.7731265052, 40.6305405932], [-73.77312351555557, 40.630521298888894], [-73.7731226980889, 40.63050180208889], [-73.7731240528, 40.6304821028], [-73.77312757968889, 40.630462201022226], [-73.77313327875555, 40.63044209675556], [-73.77314115, 40.63042179], [-73.77328083, 40.63012243], [-73.77365914, 40.62964671], [-73.77369517417779, 40.62961166231112], [-73.77373271404446, 40.62958006857778], [-73.77377175960002, 40.62955192880001], [-73.77381231084445, 40.62952724297778], [-73.77385436777779, 40.62950601111112], [-73.7738979304, 40.6294882332], [-73.7739429987111, 40.629473909244446], [-73.77398957271112, 40.62946303924444], [-73.7740376524, 40.6294556232], [-73.77408723777778, 40.62945166111111], [-73.77413832884443, 40.62945115297778], [-73.7741909256, 40.629454098800004], [-73.77424502804443, 40.62946049857777], [-73.77430063617777, 40.62947035231111], [-73.77435775, 40.62948366], [-73.7745353, 40.62937225], [-73.77341977, 40.62888108], [-73.77331871, 40.62901276]]]}}, {"type": "Feature", "properties": {"name": "New Taxiway 74", "surface_type": "ASPHALT", "smoothness": 0.0, "texture_orientation": 30.7}, "geometry": {"type": "Polygon", "coordinates": [[[-73.78571385, 40.62475245], [-73.78671809, 40.62454136], [-73.78786706, 40.62307174], [-73.78710582, 40.62272], [-73.78623473, 40.62383421], [-73.78511251, 40.62526964], [-73.78571385, 40.62475245]]]}}, {"type": "Feature", "properties": {"name": "New Taxiway 86", "surface_type": "ASPHALT", "smoothness": 0.0, "texture_orientation": 30.7}, "geometry": {"type": "Polygon", "coordinates": [[[-73.77799072, 40.63324677], [-73.77800655102223, 40.6332706136], [-73.7780199400889, 40.633295661733335], [-73.7780308872, 40.63332191439999], [-73.77803939235557, 40.633349371600005], [-73.77804545555557, 40.63337803333334], [-73.77804907680002, 40.6334078996], [-73.77805025608889, 40.6334389704], [-73.77804899342223, 40.63347124573333], [-73.7780452888, 40.633504725600005], [-73.77803914222223, 40.63353941], [-73.7780305536889, 40.63357529893334], [-73.77801952320002, 40.633612392399996], [-73.77800605075555, 40.6336506904], [-73.77799013635557, 40.633690192933344], [-73.77797178, 40.6337309], [-73.77632814, 40.63583319], [-73.77628882933332, 40.635878888311105], [-73.77624850533333, 40.635920215244454], [-73.77620716800001, 40.63595717080001], [-73.77616481733334, 40.635989754977786], [-73.77612145333335, 40.63601796777779], [-73.776077076, 40.6360418092], [-73.77603168533332, 40.636061279244444], [-73.77598528133333, 40.63607637791112], [-73.775937864, 40.636087105200005], [-73.77588943333333, 40.636093461111116], [-73.77583998933332, 40.63609544564444], [-73.775789532, 40.63609305880001], [-73.77573806133333, 40.63608630057778], [-73.77568557733333, 40.63607517097778], [-73.77563208, 40.63605967], [-73.77558854613333, 40.63602735048889], [-73.77555003519998, 40.63599380528889], [-73.77551654720001, 40.6359590344], [-73.77548808213334, 40.635923037822224], [-73.77546464000001, 40.63588581555557], [-73.77544622079999, 40.63584736760001], [-73.77543282453334, 40.63580769395556], [-73.7754244512, 40.63576679462223], [-73.7754211008, 40.6357246696], [-73.77542277333333, 40.63568131888889], [-73.7754294688, 40.63563674248889], [-73.77544118720002, 40.63559094040001], [-73.77545792853334, 40.635543912622225], [-73.77547969280002, 40.63549565915556], [-73.77550648, 40.63544618], [-73.77537458, 40.63536595], [-73.77450472, 40.6364542], [-73.77467871, 40.63650558], [-73.77473751244445, 40.63646127342222], [-73.77479519977778, 40.636421391022225], [-73.774851772, 40.636385932799996], [-73.77490722911112, 40.63635489875556], [-73.77496157111112, 40.6363282888889], [-73.775014798, 40.6363061032], [-73.77506690977776, 40.63628834168889], [-73.77511790644444, 40.636275004355554], [-73.775167788, 40.6362660912], [-73.77521655444444, 40.63626160222222], [-73.77526420577777, 40.63626153742222], [-73.77531074199999, 40.636265896800005], [-73.7753561631111, 40.636274680355555], [-73.7754004691111, 40.63628788808889], [-73.77544366, 40.63630552], [-73.77548388626667, 40.6363264132], [-73.7755192984, 40.6363494048], [-73.7755498964, 40.63637449480001], [-73.77557568026666, 40.636401683200006], [-73.77559665, 40.63643097], [-73.77561280559999, 40.6364623552], [-73.77562414706665, 40.6364958388], [-73.77563067439999, 40.6365314208], [-73.7756323876, 40.6365691012], [-73.77562928666667, 40.63660888], [-73.7756213716, 40.6366507572], [-73.7756086424, 40.63669473280001], [-73.77559109906667, 40.6367408068], [-73.7755687416, 40.636788979200006], [-73.77554157, 40.63683925], [-73.77442823, 40.63826327], [-73.77440995560002, 40.638275571600005], [-73.77439263640001, 40.63828581506668], [-73.77437627240002, 40.6382940004], [-73.77436086360001, 40.63830012760001], [-73.77434641, 40.63830419666667], [-73.7743329116, 40.638306207599996], [-73.7743203684, 40.6383061604], [-73.7743087804, 40.63830405506667], [-73.77429814759999, 40.6382998916], [-73.77428847, 40.63829367], [-73.77427974759999, 40.63828539026667], [-73.7742719804, 40.6382750524], [-73.77426516839999, 40.6382626564], [-73.77425931159999, 40.63824820226667], [-73.77425441, 40.63823169], [-73.77425809, 40.63788506], [-73.77390814, 40.63788226], [-73.77389341, 40.6384637], [-73.77388758022222, 40.63853082444445], [-73.77387895755555, 40.638597603111116], [-73.773867542, 40.638664036], [-73.77385333355555, 40.63873012311112], [-73.77383633222223, 40.638795864444454], [-73.773816538, 40.63886126], [-73.7737939508889, 40.63892630977778], [-73.77376857088889, 40.63899101377778], [-73.773740398, 40.639055372], [-73.77370943222223, 40.63911938444445], [-73.77367567355556, 40.63918305111111], [-73.773639122, 40.639246372], [-73.77359977755557, 40.639309347111116], [-73.77355764022224, 40.63937197644445], [-73.77351271, 40.63943426], [-73.77348186613334, 40.639475804044444], [-73.7734509852, 40.63951369751111], [-73.77342006720002, 40.639547940400014], [-73.77338911213334, 40.63957853271112], [-73.77335812000003, 40.63960547444445], [-73.77332709080001, 40.6396287656], [-73.77329602453334, 40.639648406177784], [-73.77326492120001, 40.63966439617778], [-73.77323378080001, 40.639676735600005], [-73.77320260333335, 40.63968542444445], [-73.77317138880001, 40.639690462711116], [-73.77314013720002, 40.639691850400006], [-73.77310884853334, 40.639689587511114], [-73.77307752280001, 40.63968367404445], [-73.77304616, 40.63967411], [-73.7730092497778, 40.63965726133334], [-73.77297560711114, 40.639637776666675], [-73.77294523200001, 40.639615656], [-73.77291812444446, 40.63959089933334], [-73.77289428444446, 40.63956350666667], [-73.772873712, 40.639533478], [-73.77285640711112, 40.639500813333335], [-73.77284236977778, 40.63946551266667], [-73.77283159999999, 40.639427576], [-73.77282409777779, 40.63938700333333], [-73.7728198631111, 40.63934379466667], [-73.772818896, 40.63929795], [-73.77282119644445, 40.639249469333336], [-73.77282676444443, 40.63919835266667], [-73.7728356, 40.6391446], [-73.77283241671111, 40.63918325244445], [-73.77282968817777, 40.63921638311112], [-73.7728274144, 40.639243992], [-73.77282559537778, 40.63926607911112], [-73.7728242311111, 40.63928264444445], [-73.77282332159999, 40.639293688], [-73.77282286684442, 40.63929920977778], [-73.77282286684444, 40.63929920977778], [-73.77282332159999, 40.639293688], [-73.7728242311111, 40.63928264444444], [-73.77282559537777, 40.63926607911111], [-73.77282741439998, 40.639243992], [-73.77282968817778, 40.63921638311111], [-73.7728324167111, 40.63918325244445], [-73.7728356, 40.6391446], [-73.77283943248888, 40.63910387151111], [-73.77284410862224, 40.639064512711116], [-73.7728496284, 40.6390265236], [-73.77285599182223, 40.638989904177784], [-73.7728631988889, 40.638954654444454], [-73.7728712496, 40.638920774400006], [-73.77288014395556, 40.638888264044446], [-73.77288988195556, 40.63885712337778], [-73.7729004636, 40.6388273524], [-73.7729118888889, 40.63879895111111], [-73.77292415782222, 40.63877191951111], [-73.77293727039999, 40.638746257600005], [-73.77295122662221, 40.63872196537778], [-73.77296602648887, 40.63869904284444], [-73.77298167, 40.63867749], [-73.7728194, 40.63857013], [-73.77162563, 40.64004843], [-73.77189253, 40.6400714], [-73.77194947937778, 40.640034041377774], [-73.77200429817778, 40.640000498844444], [-73.7720569864, 40.6399707724], [-73.77210754404446, 40.63994486204445], [-73.77215597111112, 40.63992276777778], [-73.7722022676, 40.6399044896], [-73.7722464335111, 40.63989002751111], [-73.77228846884445, 40.639879381511115], [-73.7723283736, 40.6398725516], [-73.77236614777777, 40.63986953777778], [-73.77240179137777, 40.639870340044446], [-73.7724353044, 40.63987495840001], [-73.77246668684444, 40.639883392844446], [-73.77249593871112, 40.63989564337778], [-73.77252306, 40.63991171], [-73.77254785373334, 40.639930896622225], [-73.77257012293333, 40.63995250715556], [-73.77258986759999, 40.63997654160001], [-73.77260708773333, 40.640002999955556], [-73.77262178333335, 40.640031882222225], [-73.77263395439999, 40.6400631884], [-73.77264360093332, 40.64009691848889], [-73.77265072293334, 40.640133072488894], [-73.77265532039999, 40.6401716504], [-73.77265739333333, 40.64021265222222], [-73.77265694173333, 40.640256077955556], [-73.7726539656, 40.6403019276], [-73.77264846493334, 40.640350201155556], [-73.77264043973334, 40.64040089862222], [-73.77262989, 40.64045402], [-73.77222778, 40.64107775], [-73.77024595, 40.6436126], [-73.77020932044445, 40.64365535604445], [-73.77017277044445, 40.64369394951111], [-73.77013630000002, 40.643728380400006], [-73.77009990911112, 40.64375864871111], [-73.7700635977778, 40.643784754444454], [-73.770027366, 40.643806697600006], [-73.76999121377779, 40.64382447817778], [-73.76995514111113, 40.64383809617778], [-73.76991914800001, 40.6438475516], [-73.76988323444445, 40.643852844444446], [-73.76984740044446, 40.643853974711114], [-73.769811646, 40.64385094240001], [-73.76977597111113, 40.64384374751111], [-73.76974037577779, 40.643832390044444], [-73.76970486, 40.64381687], [-73.7696608492889, 40.64377032133333], [-73.7696236464889, 40.64372075], [-73.7695932516, 40.643668156], [-73.76956966462222, 40.64361253933334], [-73.76955288555557, 40.6435539], [-73.7695429144, 40.643492238], [-73.76953975115555, 40.64342755333334], [-73.76954339582224, 40.643359846], [-73.76955384840001, 40.643289116], [-73.7695711088889, 40.64321536333333], [-73.76959517728889, 40.643138588], [-73.7696260536, 40.64305879], [-73.76966373782223, 40.642975969333335], [-73.76970822995555, 40.642890126], [-73.76975953, 40.64280126], [-73.76968337, 40.64267686], [-73.76837867, 40.64428859], [-73.76861212, 40.64426974], [-73.76869131622222, 40.644213220311116], [-73.76876843822222, 40.644166167911116], [-73.768843486, 40.6441285828], [-73.76891645955556, 40.64410046497778], [-73.7689873588889, 40.644081814444455], [-73.769056184, 40.6440726312], [-73.76912293488888, 40.64407291524444], [-73.76918761155557, 40.64408266657778], [-73.76925021400001, 40.6441018852], [-73.76931074222222, 40.64413057111112], [-73.76936919622221, 40.644168724311115], [-73.769425576, 40.6442163448], [-73.76947988155555, 40.644273432577776], [-73.76953211288888, 40.64433998764445], [-73.76958227, 40.64441601], [-73.76971348, 40.64486234], [-73.76971744915555, 40.644882347333336], [-73.76972038328888, 40.644902212], [-73.76972228240001, 40.644921934], [-73.7697231464889, 40.644941513333336], [-73.76972297555557, 40.64496095], [-73.76972176960001, 40.644980244], [-73.76971952862223, 40.644999395333336], [-73.76971625262223, 40.645018404], [-73.76971194160001, 40.64503727], [-73.76970659555556, 40.64505599333333], [-73.76970021448889, 40.645074574], [-73.7696927984, 40.645093012], [-73.76968434728889, 40.64511130733333], [-73.76967486115556, 40.64512946], [-73.76966434, 40.64514747], [-73.76922004, 40.64570988], [-73.77103645, 40.64569696], [-73.77104496, 40.6449827], [-73.77106354502223, 40.644930262399996], [-73.77108491342223, 40.64488165893333], [-73.77110906520001, 40.64483688960001], [-73.77113600035557, 40.6447959544], [-73.77116571888891, 40.64475885333334], [-73.77119822079999, 40.6447255864], [-73.77123350608889, 40.6446961536], [-73.77127157475556, 40.64467055493333], [-73.77131242680001, 40.6446487904], [-73.77135606222222, 40.64463086], [-73.77140248102222, 40.64461676373333], [-73.77145168320001, 40.6446065016], [-73.77150366875556, 40.6446000736], [-73.77155843768888, 40.644597479733335], [-73.77161599, 40.64459872], [-73.77172302, 40.64444022], [-73.77179358, 40.64434836], [-73.77174318239999, 40.64432044137778], [-73.77169868826667, 40.64429050684445], [-73.7716600976, 40.644258556400004], [-73.7716274104, 40.64422459004445], [-73.77160062666667, 40.644188607777785], [-73.7715797464, 40.644150609600004], [-73.77156476959999, 40.64411059551111], [-73.77155569626667, 40.64406856551111], [-73.7715525264, 40.6440245196], [-73.77155526, 40.64397845777778], [-73.77156389706667, 40.64393038004444], [-73.7715784376, 40.643880286400005], [-73.7715988816, 40.643828176844444], [-73.77162522906667, 40.643774051377775], [-73.77165748, 40.64371791], [-73.77366015, 40.64115641], [-73.77370373835556, 40.64111124191111], [-73.7737485460889, 40.64107078031112], [-73.7737945732, 40.6410350252], [-73.7738418196889, 40.641003976577785], [-73.77389028555557, 40.640977634444454], [-73.7739399708, 40.640955998799996], [-73.77399087542223, 40.640939069644446], [-73.77404299942222, 40.64092684697778], [-73.7740963428, 40.6409193308], [-73.77415090555556, 40.64091652111111], [-73.77420668768889, 40.64091841791111], [-73.77426368920001, 40.640925021200005], [-73.77432191008889, 40.64093633097778], [-73.77438135035555, 40.64095234724444], [-73.77444201, 40.64097307], [-73.77463425, 40.64072556], [-73.7745830688, 40.640690745822226], [-73.77453770386667, 40.640655055288896], [-73.77449815519999, 40.6406184884], [-73.77446442280001, 40.640581045155564], [-73.77443650666667, 40.64054272555557], [-73.7744144068, 40.640503529600004], [-73.7743981232, 40.640463457288895], [-73.77438765586666, 40.64042250862223], [-73.7743830048, 40.64038068360001], [-73.77438417, 40.64033798222223], [-73.77439115146666, 40.6402944044889], [-73.7744039492, 40.640249950400005], [-73.77442256319999, 40.64020461995556], [-73.77444699346665, 40.64015841315556], [-73.77447724, 40.64011133], [-73.77604985, 40.6380999], [-73.77609008666667, 40.638061384622226], [-73.776131778, 40.63802693982222], [-73.776174924, 40.637996565600005], [-73.77621952466669, 40.63797026195556], [-73.77626558000003, 40.637948028888886], [-73.77631309, 40.6379298664], [-73.77636205466666, 40.63791577448889], [-73.776412474, 40.63790575315556], [-73.776464348, 40.6378998024], [-73.77651767666666, 40.63789792222222], [-73.77657246000001, 40.63790011262222], [-73.77662869800001, 40.637906373599996], [-73.77668639066667, 40.637916705155554], [-73.77674553800001, 40.637931107288885], [-73.77680614, 40.63794958], [-73.77706706, 40.63759627], [-73.77701426911112, 40.63756603368889], [-73.77696760844445, 40.63753432742222], [-73.77692707800001, 40.637501151200006], [-73.77689267777778, 40.637466505022225], [-73.7768644077778, 40.637430388888895], [-73.776842268, 40.6373928028], [-73.77682625844444, 40.63735374675556], [-73.77681637911111, 40.63731322075556], [-73.77681263, 40.6372712248], [-73.77681501111113, 40.63722775888889], [-73.77682352244446, 40.63718282302222], [-73.77683816400001, 40.6371364172], [-73.77685893577778, 40.63708854142222], [-73.77688583777778, 40.63703919568889], [-73.77691887, 40.63698838], [-73.77780087, 40.63586028], [-73.77782764635555, 40.63583189524444], [-73.77785569275557, 40.63580647964445], [-73.7778850092, 40.635784033200004], [-73.7779155956889, 40.635764555911116], [-73.77794745222224, 40.63574804777778], [-73.7779805788, 40.63573450879999], [-73.77801497542222, 40.635723938977776], [-73.77805064208889, 40.63571633831111], [-73.77808757880001, 40.6357117068], [-73.77812578555556, 40.63571004444445], [-73.77816526235557, 40.63571135124444], [-73.77820600920002, 40.6357156272], [-73.7782480260889, 40.635722872311106], [-73.77829131302222, 40.63573308657778], [-73.77833587, 40.63574627], [-73.778474, 40.63581422], [-73.77869399, 40.63559486], [-73.77852516, 40.63551527], [-73.77848770133335, 40.635490885555555], [-73.77845434133334, 40.63546604955556], [-73.77842508, 40.635440762], [-73.77839991733335, 40.63541502288889], [-73.77837885333335, 40.63538883222223], [-73.778361888, 40.63536219], [-73.77834902133334, 40.63533509622222], [-73.77834025333334, 40.63530755088889], [-73.778335584, 40.635279554], [-73.77833501333333, 40.635251105555554], [-73.77833854133334, 40.63522220555555], [-73.77834616800001, 40.635192854], [-73.77835789333334, 40.635163050888885], [-73.77837371733334, 40.63513279622222], [-73.77839364, 40.63510209], [-73.77870773, 40.63470037], [-73.77874802822221, 40.63464688466667], [-73.77879059755557, 40.634596194], [-73.778835438, 40.634548298], [-73.77888254955556, 40.63450319666667], [-73.77893193222224, 40.63446089], [-73.778983586, 40.634421378], [-73.77903751088888, 40.63438466066667], [-73.77909370688889, 40.634350738], [-73.779152174, 40.63431961], [-73.77921291222222, 40.63429127666667], [-73.77927592155555, 40.634265738], [-73.77934120200001, 40.634242994], [-73.77940875355557, 40.63422304466667], [-73.77947857622223, 40.63420589], [-73.77955067, 40.63419153], [-73.77958664090964, 40.634185558699265], [-73.77962233007706, 40.63418040412741], [-73.77965771416002, 40.634176035280014], [-73.77969276981631, 40.6341724211526], [-73.77972747370372, 40.63416953074075], [-73.77976180248001, 40.63416733304], [-73.77979573280297, 40.63416579704592], [-73.77982924133036, 40.63416489175407], [-73.77986230472, 40.63416458616], [-73.77989489962964, 40.63416484925926], [-73.77992700271702, 40.63416565004741], [-73.77995859064, 40.634166957519994], [-73.7799896400563, 40.63416874067259], [-73.7800201276237, 40.63417096850074], [-73.78005003, 40.63417361], [-73.77899177, 40.63370524], [-73.77900348360001, 40.63372272462222], [-73.77901329373333, 40.633740263822226], [-73.77902120040001, 40.633757857599996], [-73.77902720360001, 40.63377550595556], [-73.77903130333335, 40.633793208888896], [-73.77903349959999, 40.633810966400006], [-73.7790337924, 40.63382877848889], [-73.77903218173333, 40.63384664515556], [-73.7790286676, 40.6338645664], [-73.77902325, 40.633882542222224], [-73.77901592893332, 40.633900572622224], [-73.7790067044, 40.633918657600006], [-73.77899557639999, 40.633936797155556], [-73.77898254493333, 40.63395499128889], [-73.77896761, 40.63397324], [-73.77817066, 40.63499257], [-73.77814114497778, 40.63502526755556], [-73.77811072524445, 40.63505434155556], [-73.7780794008, 40.635079792], [-73.77804717164446, 40.635101618888896], [-73.7780140377778, 40.63511982222223], [-73.7779799992, 40.635134402], [-73.77794505591112, 40.63514535822222], [-73.77790920791111, 40.63515269088889], [-73.7778724552, 40.6351564], [-73.77783479777779, 40.635156485555555], [-73.77779623564444, 40.635152947555554], [-73.7777567688, 40.635145786], [-73.77771639724445, 40.63513500088889], [-73.77767512097778, 40.63512059222222], [-73.77763294, 40.63510256], [-73.77759261457778, 40.63508231337778], [-73.77755690497779, 40.63506126151111], [-73.77752581120001, 40.635039404400004], [-73.77749933324445, 40.63501674204444], [-73.77747747111111, 40.634993274444454], [-73.7774602248, 40.634969001600005], [-73.77744759431111, 40.63494392351111], [-73.77743957964444, 40.63491804017778], [-73.77743618080001, 40.634891351600004], [-73.77743739777779, 40.63486385777777], [-73.77744323057777, 40.63483555871111], [-73.77745367920001, 40.63480645440001], [-73.77746874364445, 40.63477654484444], [-73.77748842391112, 40.63474583004445], [-73.77751272, 40.63471431], [-73.77783211, 40.63426986], [-73.77784822635556, 40.634249596711115], [-73.77786566608889, 40.63422894817778], [-73.77788442920001, 40.63420791440001], [-73.77790451568889, 40.63418649537778], [-73.77792592555556, 40.63416469111112], [-73.7779486588, 40.6341425016], [-73.77797271542222, 40.63411992684445], [-73.77799809542222, 40.634096966844446], [-73.7780247988, 40.63407362160001], [-73.77805282555556, 40.63404989111112], [-73.7780821756889, 40.63402577537778], [-73.7781128492, 40.634001274400006], [-73.77814484608889, 40.63397638817778], [-73.77817816635556, 40.63395111671112], [-73.77821281, 40.63392546], [-73.77824144306372, 40.63390474808], [-73.77827120010963, 40.63388373930667], [-73.77830208992002, 40.63386246216001], [-73.77833412127704, 40.633840945120006], [-73.77836730296298, 40.63381921666668], [-73.77840164376, 40.63379730528], [-73.77843715245037, 40.633775239440006], [-73.77847383781629, 40.633753047626676], [-73.77851170863998, 40.633730758320006], [-73.7785507737037, 40.6337084], [-73.77859104178961, 40.63368600114667], [-73.77863252168, 40.633663590240005], [-73.77867522215703, 40.633641195760006], [-73.77871915200296, 40.63361884618667], [-73.77876432, 40.63359657], [-73.77799072, 40.63324677]], [[-73.77756405, 40.63576845], [-73.77710543, 40.63635505], [-73.77706361733334, 40.636395352], [-73.77702197933334, 40.636431583333334], [-73.776980516, 40.636463744], [-73.77693922733334, 40.636491834], [-73.77689811333335, 40.636515853333336], [-73.776857174, 40.636535802], [-73.77681640933334, 40.63655168], [-73.77677581933334, 40.63656348733333], [-73.776735404, 40.636571224], [-73.77669516333333, 40.63657489], [-73.77665509733333, 40.636574485333334], [-73.776615206, 40.63657001], [-73.77657548933334, 40.636561464], [-73.77653594733334, 40.63654884733334], [-73.77649658, 40.63653216], [-73.77645986764443, 40.6365124604], [-73.77642829057778, 40.63649080693333], [-73.7764018488, 40.63646719960001], [-73.77638054231113, 40.63644163840001], [-73.77636437111111, 40.63641412333334], [-73.77635333519999, 40.636384654400004], [-73.77634743457777, 40.6363532316], [-73.77634666924445, 40.63631985493333], [-73.7763510392, 40.6362845244], [-73.77636054444446, 40.63624724], [-73.77637518497778, 40.63620800173333], [-73.7763949608, 40.636166809600006], [-73.77641987191112, 40.6361236636], [-73.77644991831112, 40.63607856373334], [-73.7764851, 40.63603151], [-73.77690568, 40.63549356], [-73.77693823359999, 40.635460040222235], [-73.77697128640001, 40.635430022222224], [-73.77700483840002, 40.635403506], [-73.77703888960001, 40.63538049155556], [-73.77707344, 40.6353609788889], [-73.7771084896, 40.635344968], [-73.77714403840001, 40.63533245888888], [-73.7771800864, 40.63532345155556], [-73.7772166336, 40.635317946], [-73.77725368, 40.63531594222222], [-73.77729122560001, 40.635317440222224], [-73.7773292704, 40.63532244], [-73.77736781440001, 40.63533094155555], [-73.7774068576, 40.63534294488888], [-73.7774464, 40.63535845], [-73.7774840620889, 40.63537637782222], [-73.77751746435555, 40.63539564928889], [-73.7775466068, 40.6354162644], [-73.77757148942223, 40.63543822315556], [-73.77759211222224, 40.63546152555556], [-73.77760847519998, 40.6354861716], [-73.77762057835555, 40.63551216128889], [-73.77762842168889, 40.63553949462222], [-73.7776320052, 40.6355681716], [-73.77763132888889, 40.635598192222226], [-73.77762639275555, 40.63562955648889], [-73.77761719680001, 40.635662264400004], [-73.77760374102222, 40.635696315955556], [-73.77758602542222, 40.63573171115556], [-73.77756405, 40.63576845]], [[-73.77617123, 40.63689382], [-73.77621268488889, 40.63691583288889], [-73.77624893755558, 40.636940028888894], [-73.776279988, 40.636966408], [-73.77630583622224, 40.63699497022222], [-73.77632648222223, 40.63702571555556], [-73.776341926, 40.637058644], [-73.77635216755556, 40.637093755555554], [-73.77635720688889, 40.63713105022222], [-73.776357044, 40.637170528], [-73.77635167888889, 40.637212188888896], [-73.77634111155555, 40.637256032888885], [-73.776325342, 40.63730206], [-73.77630437022222, 40.63735027022222], [-73.77627819622222, 40.63740066355555], [-73.77624682, 40.63745324], [-73.77438779, 40.63983101], [-73.7743328585778, 40.63989008702223], [-73.77427868297778, 40.63994378742223], [-73.77422526320001, 40.6399921112], [-73.77417259924444, 40.640035058355565], [-73.77412069111112, 40.640072628888895], [-73.77406953879999, 40.6401048228], [-73.7740191423111, 40.640131640088896], [-73.77396950164444, 40.64015308075557], [-73.7739206168, 40.640169144800005], [-73.77387248777777, 40.64017983222223], [-73.77382511457776, 40.64018514302222], [-73.7737784972, 40.6401850772], [-73.77373263564444, 40.640179634755555], [-73.7736875299111, 40.640168815688895], [-73.77364318, 40.64015262], [-73.77360587839999, 40.64013434324445], [-73.77357378960001, 40.64011419564445], [-73.7735469136, 40.6400921772], [-73.7735252504, 40.64006828791111], [-73.7735088, 40.64004252777778], [-73.77349756240001, 40.6400148968], [-73.7734915376, 40.639985394977785], [-73.7734907256, 40.63995402231111], [-73.77349512640001, 40.639920778800004], [-73.77350474, 40.63988566444445], [-73.77351956639998, 40.639848679244444], [-73.7735396056, 40.639809823200004], [-73.77356485760001, 40.63976909631111], [-73.7735953224, 40.63972649857779], [-73.773631, 40.63968203], [-73.77571533, 40.63701607], [-73.77574756137777, 40.63698843635556], [-73.77577953017777, 40.63696358608889], [-73.7758112364, 40.6369415192], [-73.77584268004446, 40.6369222356889], [-73.77587386111112, 40.63690573555556], [-73.77590477960001, 40.6368920188], [-73.77593543551112, 40.63688108542222], [-73.77596582884443, 40.63687293542222], [-73.77599595960001, 40.6368675688], [-73.77602582777777, 40.636864985555555], [-73.77605543337779, 40.63686518568889], [-73.77608477640001, 40.6368681692], [-73.77611385684445, 40.63687393608889], [-73.77614267471112, 40.63688248635555], [-73.77617123, 40.63689382]], [[-73.77350843, 40.64042135], [-73.7735429248889, 40.6404415524], [-73.7735727348889, 40.6404636476], [-73.77359786000002, 40.6404876356], [-73.77361830022222, 40.640513516400006], [-73.77363405555556, 40.64054129], [-73.773645126, 40.6405709564], [-73.77365151155556, 40.6406025156], [-73.77365321222223, 40.640635967600005], [-73.773650228, 40.6406713124], [-73.7736425588889, 40.64070855], [-73.77363020488889, 40.6407476804], [-73.773613166, 40.6407887036], [-73.77359144222221, 40.6408316196], [-73.77356503355554, 40.6408764284], [-73.77353394, 40.64092313], [-73.77133516, 40.64373546], [-73.7713007560889, 40.6437740048889], [-73.7712639256889, 40.64381044488889], [-73.77122466880002, 40.64384478], [-73.77118298542223, 40.643877010222226], [-73.77113887555558, 40.643907135555565], [-73.77109233920001, 40.643935156], [-73.77104337635556, 40.64396107155556], [-73.77099198702223, 40.64398488222223], [-73.77093817120002, 40.644006588], [-73.7708819288889, 40.64402618888889], [-73.7708232600889, 40.64404368488889], [-73.7707621648, 40.644059076], [-73.77069864302223, 40.644072362222225], [-73.77063269475556, 40.64408354355556], [-73.77056432, 40.64409262], [-73.77052260724446, 40.644093612088895], [-73.77048479431112, 40.64409244702222], [-73.7704508812, 40.64408912480001], [-73.77042086791113, 40.64408364542223], [-73.77039475444445, 40.644076008888895], [-73.7703725408, 40.644066215200006], [-73.77035422697779, 40.64405426435556], [-73.77033981297778, 40.64404015635556], [-73.77032929880001, 40.6440238912], [-73.77032268444445, 40.64400546888889], [-73.7703199699111, 40.64398488942222], [-73.77032115520001, 40.6439621528], [-73.7703262403111, 40.64393725902222], [-73.77033522524445, 40.64391020808889], [-73.77034811, 40.643881], [-73.77289934, 40.64061786], [-73.77294346342222, 40.64057455977778], [-73.77298708435555, 40.64053557377778], [-73.7730302028, 40.640500902], [-73.77307281875557, 40.640470544444455], [-73.77311493222223, 40.64044450111111], [-73.7731565432, 40.640422772], [-73.7731976516889, 40.640405357111106], [-73.77323825768889, 40.64039225644444], [-73.77327836120001, 40.64038347], [-73.77331796222222, 40.64037899777777], [-73.77335706075556, 40.64037883977777], [-73.7733956568, 40.640382996], [-73.77343375035557, 40.64039146644444], [-73.77347134142224, 40.64040425111111], [-73.77350843, 40.64042135]], [[-73.77044611, 40.64438818], [-73.77048708284445, 40.644385636533336], [-73.77052540404445, 40.6443862888], [-73.7705610736, 40.644390136800006], [-73.77059409151113, 40.64439718053333], [-73.77062445777779, 40.64440742], [-73.7706521724, 40.6444208552], [-73.77067723537778, 40.644437486133334], [-73.77069964671111, 40.6444573128], [-73.7707194064, 40.6444803352], [-73.77073651444445, 40.644506553333336], [-73.77075097084445, 40.6445359672], [-73.77076277560002, 40.644568576800005], [-73.77077192871111, 40.64460438213334], [-73.77077843017778, 40.6446433832], [-73.77078228, 40.64468558], [-73.77076386, 40.64514449], [-73.77074438995555, 40.64519791239999], [-73.77072322782223, 40.64524791826667], [-73.77070037360001, 40.6452945076], [-73.77067582728891, 40.645337680400004], [-73.7706495888889, 40.64537743666668], [-73.7706216584, 40.64541377639999], [-73.77059203582223, 40.6454466996], [-73.77056072115556, 40.645476206266665], [-73.7705277144, 40.6455022964], [-73.77049301555556, 40.64552497], [-73.77045662462223, 40.645544227066665], [-73.77041854160001, 40.6455600676], [-73.77037876648889, 40.6455724916], [-73.7703372992889, 40.645581499066665], [-73.77029414, 40.64558709], [-73.77026075551112, 40.645585364755554], [-73.77022950871113, 40.64558122368889], [-73.7702003996, 40.6455746668], [-73.77017342817778, 40.64556569408889], [-73.77014859444446, 40.64555430555556], [-73.7701258984, 40.645540501199996], [-73.77010534004444, 40.64552428102222], [-73.77008691937777, 40.64550564502222], [-73.77007063639999, 40.645484593199996], [-73.77005649111112, 40.645461125555556], [-73.7700444835111, 40.64543524208888], [-73.77003461359999, 40.645406942799994], [-73.77002688137779, 40.64537622768889], [-73.77002128684444, 40.64534309675555], [-73.77001783, 40.64530755], [-73.77002397, 40.64475313], [-73.7700389004, 40.644709957244444], [-73.77005571826666, 40.64466947631111], [-73.77007442360001, 40.6446316872], [-73.7700950164, 40.64459658991112], [-73.77011749666667, 40.64456418444445], [-73.77014186439999, 40.6445344708], [-73.77016811959999, 40.64450744897778], [-73.77019626226667, 40.644483118977774], [-73.7702262924, 40.644461480800004], [-73.77025821, 40.644442534444444], [-73.77029201506666, 40.64442627991111], [-73.77032770759999, 40.6444127172], [-73.77036528759999, 40.64440184631111], [-73.77040475506666, 40.644393667244444], [-73.77044611, 40.64438818]]]}}, {"type": "Feature", "properties": {"name": "New Taxiway 86", "surface_type": "ASPHALT", "smoothness": 0.0, "texture_orientation": 120.8}, "geometry": {"type": "Polygon", "coordinates": [[[-73.76922004, 40.64570988], [-73.76890909, 40.64610349], [-73.76886306568889, 40.64614952915556], [-73.76881652875555, 40.646191014622225], [-73.76876947919999, 40.6462279464], [-73.76872191702222, 40.646260324488885], [-73.76867384222223, 40.6462881488889], [-73.7686252548, 40.646311419599996], [-73.76857615475555, 40.646330136622225], [-73.76852654208889, 40.64634429995555], [-73.7684764168, 40.646353909599995], [-73.76842577888888, 40.646358965555564], [-73.76837462835556, 40.64635946782222], [-73.76832296520001, 40.646355416400006], [-73.76827078942222, 40.64634681128889], [-73.76821810102223, 40.64633365248889], [-73.7681649, 40.64631594], [-73.76769129, 40.64611543], [-73.76765417431112, 40.64609079586668], [-73.76762100324446, 40.64606506413333], [-73.7675917768, 40.64603823480002], [-73.76756649497779, 40.646010307866675], [-73.76754515777779, 40.645981283333334], [-73.7675277652, 40.645951161199996], [-73.76751431724445, 40.645919941466666], [-73.76750481391112, 40.64588762413334], [-73.76749925520001, 40.645854209199996], [-73.7674976411111, 40.64581969666666], [-73.76749997164444, 40.64578408653333], [-73.7675062468, 40.6457473788], [-73.76751646657777, 40.64570957346667], [-73.76753063097777, 40.64567067053334], [-73.76754874, 40.64563067], [-73.7674066, 40.64554419], [-73.766806, 40.6462295], [-73.7670551, 40.64626245], [-73.7670662699111, 40.64625413884445], [-73.7670781263111, 40.64624691737778], [-73.7670906692, 40.6462407856], [-73.76710389857779, 40.64623574351111], [-73.76711781444446, 40.64623179111112], [-73.7671324168, 40.6462289284], [-73.76714770564445, 40.64622715537778], [-73.76716368097777, 40.64622647204445], [-73.7671803428, 40.6462268784], [-73.76719769111111, 40.64622837444445], [-73.76721572591111, 40.646230960177775], [-73.76723444720001, 40.646234635599995], [-73.76725385497778, 40.64623940071111], [-73.76727394924445, 40.64624525551112], [-73.76729473, 40.6462522], [-73.76786647, 40.64650603], [-73.76792117902222, 40.646533883511104], [-73.76797064742223, 40.646563161377784], [-73.76801487520001, 40.6465938636], [-73.76805386235557, 40.64662599017778], [-73.7680876088889, 40.64665954111112], [-73.7681161148, 40.6466945164], [-73.76813938008888, 40.64673091604445], [-73.76815740475556, 40.64676874004444], [-73.7681701888, 40.6468079884], [-73.76817773222223, 40.64684866111111], [-73.76818003502223, 40.646890758177776], [-73.76817709720001, 40.6469342796], [-73.76816891875555, 40.64697922537778], [-73.76815549968889, 40.64702559551112], [-73.76813684, 40.64707339], [-73.76802095, 40.64723833], [-73.76800959306667, 40.647248481733335], [-73.76799808226667, 40.647257678266676], [-73.7679864176, 40.64726591960001], [-73.76797459906666, 40.64727320573334], [-73.76796262666667, 40.64727953666667], [-73.7679505004, 40.647284912399996], [-73.76793822026666, 40.64728933293334], [-73.76792578626666, 40.64729279826667], [-73.76791319840001, 40.647295308400004], [-73.76790045666667, 40.64729686333334], [-73.76788756106666, 40.64729746306667], [-73.76787451160001, 40.647297107600004], [-73.76786130826667, 40.647295796933335], [-73.76784795106667, 40.64729353106667], [-73.76783444, 40.64729031], [-73.76770976, 40.64740679], [-73.76832159, 40.64770231], [-73.76839594, 40.6475451], [-73.7683740068, 40.6475344131111], [-73.76835440986667, 40.64752297111112], [-73.76833714920001, 40.647510774], [-73.7683222248, 40.64749782177779], [-73.76830963666667, 40.64748411444445], [-73.7682993848, 40.647469652], [-73.7682914692, 40.64745443444445], [-73.76828588986666, 40.64743846177778], [-73.76828264679999, 40.647421734], [-73.76828174, 40.64740425111111], [-73.76828316946666, 40.64738601311112], [-73.7682869352, 40.64736702], [-73.7682930372, 40.64734727177778], [-73.76830147546666, 40.647326768444444], [-73.76831225, 40.64730551], [-73.76831415661331, 40.647302334251854], [-73.76831608424, 40.64729918294816], [-73.76831803256002, 40.647296056], [-73.76832000125336, 40.64729295331852], [-73.76832199, 40.64728987481482], [-73.76832399848, 40.6472868204], [-73.76832602637333, 40.64728378998518], [-73.76832807336001, 40.647280783481484], [-73.76833013912, 40.6472778008], [-73.76833222333333, 40.64727484185185], [-73.76833432568, 40.64727190654814], [-73.76833644584, 40.6472689948], [-73.76833858349335, 40.64726610651852], [-73.76834073832, 40.647263241614816], [-73.76834291, 40.6472604], [-73.76835807742223, 40.64724147017778], [-73.76837380368889, 40.64722335804445], [-73.7683900888, 40.64720606360001], [-73.76840693275555, 40.64718958684444], [-73.76842433555557, 40.647173927777786], [-73.76844229720001, 40.6471590864], [-73.76846081768889, 40.64714506271112], [-73.76847989702222, 40.64713185671111], [-73.76849953520001, 40.64711946840001], [-73.76851973222222, 40.647107897777786], [-73.76854048808889, 40.647097144844444], [-73.76856180280001, 40.6470872096], [-73.76858367635556, 40.64707809204445], [-73.76860610875556, 40.64706979217778], [-73.7686291, 40.64706231], [-73.76861240702222, 40.64706683977778], [-73.76859809875556, 40.64707072244445], [-73.7685861752, 40.647073958000014], [-73.76857663635556, 40.647076546444445], [-73.76856948222222, 40.64707848777778], [-73.7685647128, 40.647079782], [-73.76856232808889, 40.647080429111114], [-73.76856232808888, 40.647080429111114], [-73.7685647128, 40.647079782], [-73.76856948222222, 40.64707848777778], [-73.76857663635556, 40.647076546444445], [-73.7685861752, 40.647073958], [-73.76859809875555, 40.64707072244445], [-73.76861240702223, 40.64706683977778], [-73.7686291, 40.64706231], [-73.768646518, 40.64705793737778], [-73.76866300133334, 40.64705452617778], [-73.76867855, 40.6470520764], [-73.76869316400001, 40.64705058804446], [-73.76870684333333, 40.647050061111116], [-73.76871958800001, 40.647050495600006], [-73.768731398, 40.64705189151111], [-73.76874227333333, 40.647054248844455], [-73.768752214, 40.6470575676], [-73.76876122, 40.64706184777778], [-73.76876929133334, 40.64706708937778], [-73.768776428, 40.64707329240001], [-73.76878263, 40.64708045684445], [-73.76878789733333, 40.647088582711106], [-73.76879223, 40.64709767], [-73.76880004955555, 40.64712475666667], [-73.7688079348889, 40.64715135], [-73.76881588600001, 40.64717745], [-73.7688239028889, 40.647203056666676], [-73.76883198555556, 40.64722817000001], [-73.768840134, 40.64725279000001], [-73.76884834822224, 40.64727691666667], [-73.76885662822222, 40.64730055], [-73.768864974, 40.64732369], [-73.76887338555557, 40.64734633666667], [-73.76888186288889, 40.64736849], [-73.76889040600001, 40.64739015], [-73.76889901488889, 40.64741131666667], [-73.76890768955556, 40.64743199], [-73.76891643, 40.64745217], [-73.76892522693333, 40.647471911155556], [-73.76893407106667, 40.64749126795556], [-73.7689429624, 40.6475102404], [-73.76895190093336, 40.647528828488895], [-73.76896088666668, 40.647547032222235], [-73.76896991960001, 40.6475648516], [-73.76897899973335, 40.647582286622225], [-73.76898812706668, 40.64759933728889], [-73.7689973016, 40.64761600360001], [-73.76900652333333, 40.64763228555556], [-73.76901579226666, 40.64764818315555], [-73.7690251084, 40.6476636964], [-73.76903447173333, 40.64767882528889], [-73.76904388226667, 40.64769356982222], [-73.76905334, 40.64770793], [-73.7690522336889, 40.64769635791112], [-73.76905128542222, 40.647686438977786], [-73.7690504952, 40.647678173200006], [-73.76904986302223, 40.647671560577784], [-73.7690493888889, 40.647666601111126], [-73.7690490728, 40.647663294800005], [-73.76904891475556, 40.64766164164445], [-73.7690490728, 40.647663294800005], [-73.76904938888889, 40.64766660111111], [-73.76904986302222, 40.64767156057778], [-73.76905049519999, 40.647678173200006], [-73.76905128542222, 40.64768643897778], [-73.7690522336889, 40.647696357911116], [-73.76905334, 40.64770793], [-73.76905394422222, 40.64771988075556], [-73.76905338622223, 40.6477309356889], [-73.769051666, 40.647741094800004], [-73.76904878355556, 40.64775035808889], [-73.76904473888891, 40.64775872555556], [-73.769039532, 40.6477661972], [-73.76903316288889, 40.647772773022226], [-73.76902563155556, 40.64777845302222], [-73.769016938, 40.6477832372], [-73.76900708222223, 40.64778712555555], [-73.76899606422222, 40.647790118088885], [-73.768983884, 40.6477922148], [-73.76897054155555, 40.64779341568889], [-73.7689560368889, 40.64779372075555], [-73.76894037, 40.64779313], [-73.76876587, 40.64792148], [-73.77110735, 40.64903993], [-73.77121362, 40.64882282], [-73.77116394777778, 40.64879056111111], [-73.7711199791111, 40.64875813911111], [-73.771081714, 40.648725554], [-73.77104915244446, 40.64869280577778], [-73.77102229444446, 40.64865989444444], [-73.77100114000001, 40.64862682], [-73.77098568911111, 40.64859358244444], [-73.77097594177778, 40.648560181777775], [-73.770971898, 40.648526618], [-73.77097355777778, 40.64849289111111], [-73.77098092111112, 40.64845900111111], [-73.770993988, 40.648424948], [-73.77101275844444, 40.64839073177778], [-73.77103723244446, 40.648356352444445], [-73.77106741, 40.64832181], [-73.77110139764444, 40.648289151022226], [-73.77113730191111, 40.64826042208889], [-73.7711751228, 40.6482356232], [-73.77121486031112, 40.64821475435556], [-73.77125651444447, 40.64819781555556], [-73.77130008520001, 40.648184806799996], [-73.77134557257779, 40.64817572808889], [-73.77139297657779, 40.648170579422214], [-73.77144229720001, 40.6481693608], [-73.77149353444446, 40.64817207222222], [-73.7715466883111, 40.648178713688885], [-73.7716017588, 40.6481892852], [-73.77165874591111, 40.64820378675555], [-73.77171764964444, 40.648222218355556], [-73.77177847, 40.64824458], [-73.77412876, 40.64931189], [-73.77417226937779, 40.649335694355564], [-73.77421112817777, 40.64936044608889], [-73.77424533640001, 40.6493861452], [-73.77427489404444, 40.649412791688896], [-73.77429980111111, 40.649440385555565], [-73.7743200576, 40.649468926800004], [-73.77433566351112, 40.64949841542222], [-73.77434661884443, 40.649528851422225], [-73.7743529236, 40.649560234800006], [-73.77435457777779, 40.649592565555565], [-73.77435158137777, 40.64962584368889], [-73.77434393440001, 40.6496600692], [-73.77433163684444, 40.649695242088896], [-73.77431468871112, 40.64973136235556], [-73.77429309, 40.64976843], [-73.7742674056889, 40.64980395102222], [-73.77423820075556, 40.649835431422225], [-73.7742054752, 40.64986287120001], [-73.77416922902223, 40.64988627035556], [-73.77412946222223, 40.649905628888895], [-73.7740861748, 40.6499209468], [-73.77403936675555, 40.649932224088886], [-73.77398903808889, 40.649939460755554], [-73.7739351888, 40.6499426568], [-73.77387781888889, 40.649941812222224], [-73.77381692835556, 40.649936927022225], [-73.77375251720001, 40.6499280012], [-73.77368458542222, 40.64991503475556], [-73.77361313302222, 40.64989802768889], [-73.77353816, 40.64987698], [-73.77334461, 40.64999653], [-73.77478611, 40.6506582], [-73.77487929, 40.65048547], [-73.77483274031111, 40.65045266302222], [-73.77479147791112, 40.65041970875556], [-73.7747555028, 40.650386607200005], [-73.7747248149778, 40.65035335835557], [-73.77469941444446, 40.650319962222234], [-73.77467930120001, 40.65028641880001], [-73.77466447524445, 40.65025272808889], [-73.77465493657778, 40.650218890088894], [-73.7746506852, 40.65018490480001], [-73.77465172111113, 40.65015077222223], [-73.77465804431111, 40.65011649235556], [-73.77466965480001, 40.6500820652], [-73.77468655257778, 40.65004749075556], [-73.77470873764445, 40.650012769022226], [-73.77473621, 40.6499779], [-73.77476739448889, 40.64994493657778], [-73.77480071595556, 40.64991593164445], [-73.77483617440001, 40.6498908852], [-73.77487376982222, 40.64986979724444], [-73.77491350222223, 40.649852667777786], [-73.7749553716, 40.6498394968], [-73.77499937795555, 40.649830284311115], [-73.77504552128889, 40.64982503031111], [-73.77509380160001, 40.649823734799995], [-73.7751442188889, 40.64982639777778], [-73.77519677315556, 40.64983301924444], [-73.7752514644, 40.649843599200004], [-73.77530829262223, 40.64985813764444], [-73.77536725782224, 40.64987663457778], [-73.77542836, 40.64989909], [-73.77893753, 40.65149034], [-73.77898724528887, 40.651522691733334], [-73.77903150048888, 40.651554922933336], [-73.77907029560001, 40.6515870336], [-73.77910363062223, 40.65161902373334], [-73.77913150555558, 40.65165089333334], [-73.7791539204, 40.6516826424], [-73.77917087515556, 40.65171427093333], [-73.77918236982222, 40.65174577893333], [-73.7791884044, 40.651777166399995], [-73.7791889788889, 40.65180843333333], [-73.7791840932889, 40.651839579733334], [-73.77917374760001, 40.6518706056], [-73.77915794182223, 40.65190151093333], [-73.77913667595556, 40.65193229573334], [-73.77910995, 40.65196296], [-73.77907946165926, 40.65198996480889], [-73.77904437394075, 40.65201295047112], [-73.77900524080003, 40.65203216184001], [-73.77896261619262, 40.65204784376889], [-73.7789170540741, 40.652060241111116], [-73.7788691084, 40.65206959872], [-73.77881933312592, 40.65207616144889], [-73.77876828220741, 40.652080174151116], [-73.7787165096, 40.652081881680004], [-73.77866456925926, 40.65208152888889], [-73.77861301514075, 40.652079360631106], [-73.7785624012, 40.652075621760005], [-73.7785132813926, 40.65207055712889], [-73.77846620967408, 40.652064411591105], [-73.77842174, 40.65205743], [-73.77840540146667, 40.65205455204444], [-73.77838949786667, 40.65205155551111], [-73.77837402920002, 40.6520484404], [-73.77835899546666, 40.652045206711115], [-73.77834439666668, 40.65204185444445], [-73.7783302328, 40.6520383836], [-73.77831650386668, 40.65203479417778], [-73.77830320986666, 40.65203108617778], [-73.7782903508, 40.652027259600004], [-73.77827792666668, 40.65202331444445], [-73.77826593746667, 40.652019250711106], [-73.77825438320001, 40.652015068400004], [-73.77824326386667, 40.652010767511115], [-73.77823257946667, 40.652006348044445], [-73.77822233, 40.65200181], [-73.77806119, 40.6521355], [-73.77923211, 40.65268701], [-73.7793256, 40.6525011], [-73.77931471457778, 40.65249336697778], [-73.77930499431112, 40.65248544791112], [-73.77929643920002, 40.65247734280001], [-73.77928904924445, 40.65246905164445], [-73.77928282444446, 40.65246057444445], [-73.7792777648, 40.6524519112], [-73.77927387031112, 40.652443061911114], [-73.77927114097778, 40.65243402657778], [-73.7792695768, 40.6524248052], [-73.77926917777779, 40.65241539777777], [-73.77926994391112, 40.652405804311115], [-73.77927187520001, 40.652396024800005], [-73.77927497164444, 40.65238605924445], [-73.77927923324445, 40.65237590764445], [-73.77928466, 40.65236557], [-73.77929646568889, 40.652341373555565], [-73.7793095120889, 40.65231786955555], [-73.7793237992, 40.652295058], [-73.77933932702223, 40.65227293888889], [-73.77935609555556, 40.65225151222223], [-73.77937410479998, 40.652230778], [-73.77939335475556, 40.65221073622223], [-73.77941384542221, 40.65219138688889], [-73.77943557679998, 40.65217273], [-73.7794585488889, 40.652154765555565], [-73.77948276168888, 40.65213749355556], [-73.7795082152, 40.652120914], [-73.77953490942221, 40.65210502688889], [-73.77956284435555, 40.652089832222224], [-73.77959202, 40.65207533], [-73.77962181493332, 40.652061894666666], [-73.77965160773333, 40.65204990066667], [-73.7796813984, 40.65203934800001], [-73.77971118693334, 40.65203023666667], [-73.77974097333333, 40.65202256666667], [-73.7797707576, 40.652016338], [-73.77980053973333, 40.65201155066667], [-73.77983031973334, 40.652008204666664], [-73.7798600976, 40.6520063], [-73.77988987333333, 40.65200583666667], [-73.77991964693334, 40.65200681466666], [-73.77994941840001, 40.652009234], [-73.77997918773333, 40.65201309466667], [-73.78000895493334, 40.65201839666667], [-73.78003872, 40.65202514], [-73.78062523, 40.65230886], [-73.7810654, 40.65266704], [-73.78106928262224, 40.652678722400005], [-73.78107210648889, 40.65269018293333], [-73.7810738716, 40.6527014216], [-73.78107457795556, 40.6527124384], [-73.78107422555557, 40.65272323333334], [-73.78107281439999, 40.65273380639999], [-73.78107034448888, 40.6527441576], [-73.78106681582221, 40.65275428693333], [-73.7810622284, 40.6527641944], [-73.78105658222222, 40.65277388], [-73.78104987728888, 40.65278334373333], [-73.7810421136, 40.6527925856], [-73.78103329115555, 40.6528016056], [-73.78102340995555, 40.652810403733326], [-73.78101247, 40.65281898], [-73.78100009644444, 40.652827218666665], [-73.78098591444444, 40.652835004], [-73.780969924, 40.65284233600001], [-73.78095212511111, 40.652849214666674], [-73.78093251777779, 40.65285564], [-73.780911102, 40.652861612], [-73.78088787777777, 40.652867130666664], [-73.78086284511112, 40.652872196], [-73.780836004, 40.652876808], [-73.78080735444445, 40.652880966666665], [-73.78077689644444, 40.652884672], [-73.78074463, 40.652887924], [-73.78071055511111, 40.65289072266667], [-73.78067467177777, 40.652893068], [-73.78063698, 40.65289496], [-73.78126726, 40.65290295], [-73.78126171, 40.65327198], [-73.78135377, 40.65327319], [-73.78233926, 40.65328526], [-73.78238543622221, 40.65328686377779], [-73.78243094088889, 40.65328922444444], [-73.782475774, 40.653292342], [-73.78251993555556, 40.653296216444446], [-73.78256342555557, 40.653300847777786], [-73.782606244, 40.653306236], [-73.78264839088888, 40.653312381111114], [-73.78268986622221, 40.65331928311112], [-73.78273067, 40.653326942], [-73.78277080222222, 40.65333535777778], [-73.78281026288887, 40.65334453044444], [-73.782849052, 40.65335446], [-73.78288716955555, 40.65336514644444], [-73.78292461555556, 40.653376589777785], [-73.78296139, 40.65338879], [-73.7830149075763, 40.65340922706667], [-73.78306601567704, 40.65343246733333], [-73.78311452136, 40.653458008400015], [-73.78316023168297, 40.65348534786668], [-73.78320295370372, 40.65351398333334], [-73.78324249448, 40.653543412400005], [-73.78327866106963, 40.653573132666665], [-73.78331126053037, 40.653602641733336], [-73.78334009992, 40.65363143720001], [-73.78336498629629, 40.65365901666667], [-73.78338572671703, 40.65368487773333], [-73.78340212824, 40.653708518], [-73.78341399792296, 40.65372943506667], [-73.7834211428237, 40.65374712653333], [-73.78342337, 40.65376109], [-73.7834229763111, 40.65376895444445], [-73.78342218991112, 40.653776638444455], [-73.7834210108, 40.653784142], [-73.78341943897777, 40.65379146511111], [-73.78341747444446, 40.65379860777779], [-73.7834151172, 40.65380557], [-73.78341236724445, 40.65381235177778], [-73.78340922457778, 40.65381895311111], [-73.78340568920001, 40.653825374], [-73.78340176111112, 40.65383161444444], [-73.78339744031112, 40.653837674444446], [-73.7833927268, 40.653843554], [-73.78338762057777, 40.653849253111105], [-73.78338212164445, 40.65385477177777], [-73.78337623, 40.65386011], [-73.78335962906667, 40.65387444666666], [-73.7833420476, 40.653888206], [-73.78332348560002, 40.653901388], [-73.78330394306668, 40.65391399266667], [-73.78328342000002, 40.65392602], [-73.78326191640001, 40.65393747], [-73.78323943226668, 40.653948342666666], [-73.7832159676, 40.653958638], [-73.78319152240002, 40.653968356], [-73.78316609666668, 40.65397749666667], [-73.7831396904, 40.65398606], [-73.7831123036, 40.653994046], [-73.78308393626668, 40.65400145466666], [-73.7830545884, 40.654008286], [-73.78302426, 40.65401454], [-73.78299360071112, 40.65401998106667], [-73.78296326017778, 40.65402437360001], [-73.7829332384, 40.65402771760001], [-73.7829035353778, 40.654030013066674], [-73.78287415111113, 40.65403126000001], [-73.7828450856, 40.6540314584], [-73.78281633884444, 40.654030608266666], [-73.78278791084445, 40.6540287096], [-73.7827598016, 40.6540257624], [-73.78273201111111, 40.65402176666667], [-73.78270453937778, 40.6540167224], [-73.7826773864, 40.6540106296], [-73.78265055217778, 40.65400348826667], [-73.7826240367111, 40.6539952984], [-73.78259784, 40.65398606], [-73.78241485, 40.65409825], [-73.78378469, 40.65471185], [-73.78382165, 40.65454014], [-73.78381019955555, 40.654535206800006], [-73.78379968555555, 40.65452991653334], [-73.783790108, 40.65452426920001], [-73.78378146688888, 40.65451826480001], [-73.78377376222224, 40.65451190333334], [-73.783766994, 40.6545051848], [-73.78376116222222, 40.6544981092], [-73.7837562668889, 40.654490676533335], [-73.783752308, 40.6544828868], [-73.78374928555556, 40.65447474], [-73.78374719955556, 40.65446623613333], [-73.78374605, 40.654457375199996], [-73.7837458368889, 40.6544481572], [-73.78374656022223, 40.65443858213333], [-73.78374822, 40.65442865], [-73.78375062915556, 40.654407001555555], [-73.78375406995556, 40.65438544022222], [-73.7837585424, 40.65436396600001], [-73.7837640464889, 40.654342578888894], [-73.78377058222222, 40.654321278888894], [-73.7837781496, 40.654300066], [-73.78378674862222, 40.65427894022223], [-73.78379637928887, 40.65425790155556], [-73.7838070416, 40.65423695], [-73.78381873555554, 40.65421608555556], [-73.78383146115554, 40.65419530822223], [-73.78384521839999, 40.654174618], [-73.78386000728888, 40.65415401488889], [-73.78387582782221, 40.654133498888896], [-73.78389268, 40.65411307], [-73.78391074586666, 40.65409274346666], [-73.78393020746667, 40.654072534533334], [-73.7839510648, 40.65405244320001], [-73.78397331786668, 40.65403246946667], [-73.78399696666668, 40.654012613333336], [-73.7840220112, 40.6539928748], [-73.78404845146667, 40.65397325386667], [-73.78407628746666, 40.65395375053333], [-73.7841055192, 40.653934364799994], [-73.78413614666667, 40.653915096666665], [-73.78416816986666, 40.65389594613333], [-73.78420158879999, 40.6538769132], [-73.78423640346666, 40.653857997866666], [-73.78427261386666, 40.65383920013333], [-73.78431022, 40.65382052], [-73.78433406377776, 40.65380726862222], [-73.78435851777779, 40.65379526382222], [-73.784383582, 40.6537845056], [-73.78440925644443, 40.65377499395555], [-73.78443554111112, 40.6537667288889], [-73.78446243599998, 40.6537597104], [-73.7844899411111, 40.65375393848889], [-73.78451805644444, 40.65374941315555], [-73.784546782, 40.653746134399995], [-73.78457611777777, 40.65374410222222], [-73.78460606377777, 40.653743316622226], [-73.78463662, 40.6537437776], [-73.78466778644444, 40.653745485155554], [-73.7846995631111, 40.65374843928889], [-73.78473195, 40.65375264], [-73.78476406115556, 40.65375799231111], [-73.78479501062222, 40.653764401244445], [-73.78482479840001, 40.65377186680001], [-73.78485342448889, 40.653780388977786], [-73.78488088888889, 40.65378996777778], [-73.7849071916, 40.6538006032], [-73.78493233262222, 40.65381229524445], [-73.78495631195555, 40.65382504391111], [-73.7849791296, 40.65383884920001], [-73.78500078555555, 40.65385371111111], [-73.78502127982222, 40.65386962964445], [-73.78504061240001, 40.6538866048], [-73.78505878328889, 40.65390463657778], [-73.7850757924889, 40.65392372497778], [-73.78509164, 40.65394387], [-73.78510854008888, 40.653971805733335], [-73.78512547235557, 40.65399925293334], [-73.7851424368, 40.654026211600005], [-73.78515943342222, 40.65405268173333], [-73.78517646222224, 40.65407866333334], [-73.78519352320001, 40.6541041564], [-73.78521061635556, 40.65412916093334], [-73.78522774168889, 40.65415367693333], [-73.78524489920001, 40.6541777044], [-73.78526208888889, 40.65420124333333], [-73.78527931075556, 40.65422429373333], [-73.7852965648, 40.65424685560001], [-73.78531385102222, 40.654268928933334], [-73.78533116942222, 40.654290513733336], [-73.78534852, 40.65431161], [-73.78536635662222, 40.65433227395556], [-73.78538513315557, 40.65435256182222], [-73.78540484960001, 40.654372473600006], [-73.78542550595556, 40.6543920092889], [-73.78544710222222, 40.6544111688889], [-73.7854696384, 40.654429952399994], [-73.78549311448889, 40.654448359822226], [-73.7855175304889, 40.65446639115555], [-73.78554288640001, 40.6544840464], [-73.78556918222222, 40.65450132555556], [-73.78559641795556, 40.65451822862222], [-73.7856245936, 40.654534755600004], [-73.78565370915555, 40.65455090648889], [-73.78568376462222, 40.65456668128889], [-73.78571476, 40.65458208], [-73.78686406, 40.6551597], [-73.78710596, 40.65542223], [-73.78711433222223, 40.65543356462223], [-73.78712156888889, 40.65544487248889], [-73.78712767000002, 40.65545615360001], [-73.78713263555557, 40.655467407955555], [-73.78713646555558, 40.65547863555556], [-73.78713916, 40.655489836399994], [-73.78714071888889, 40.65550101048889], [-73.78714114222223, 40.65551215782222], [-73.78714043, 40.6555232784], [-73.78713858222223, 40.65553437222222], [-73.78713559888888, 40.655545439288886], [-73.78713148, 40.6555564796], [-73.78712622555555, 40.65556749315556], [-73.78711983555556, 40.65557847995556], [-73.78711231, 40.65558944], [-73.78696984, 40.65577401], [-73.78695454617777, 40.65578828933334], [-73.78693893404446, 40.65580122866666], [-73.78692300360002, 40.655812828], [-73.78690675484444, 40.655823087333346], [-73.78689018777779, 40.65583200666667], [-73.78687330240001, 40.655839586], [-73.78685609871111, 40.65584582533334], [-73.78683857671112, 40.655850724666664], [-73.7868207364, 40.655854284], [-73.78680257777779, 40.65585650333334], [-73.78678410084444, 40.65585738266667], [-73.7867653056, 40.655856922], [-73.78674619204445, 40.65585512133333], [-73.78672676017777, 40.65585198066667], [-73.78670701, 40.6558475], [-73.78658703, 40.65595645], [-73.78737477, 40.65631569], [-73.78744042, 40.65618056], [-73.78742655928889, 40.65617217871111], [-73.78741420915554, 40.65616345884445], [-73.78740336960001, 40.65615440040001], [-73.78739404062222, 40.65614500337779], [-73.78738622222222, 40.656135267777785], [-73.7873799144, 40.656125193600005], [-73.78737511715556, 40.65611478084445], [-73.78737183048888, 40.65610402951111], [-73.7873700544, 40.65609293960001], [-73.7873697888889, 40.65608151111112], [-73.78737103395555, 40.656069744044444], [-73.7873737896, 40.6560576384], [-73.78737805582222, 40.65604519417778], [-73.78738383262223, 40.65603241137779], [-73.78739112, 40.65601929], [-73.78769988, 40.65562421], [-73.78771179155557, 40.655611894799996], [-73.78772391022224, 40.655600706533335], [-73.78773623600001, 40.65559064520001], [-73.78774876888889, 40.655581710800014], [-73.7877615088889, 40.65557390333334], [-73.787774456, 40.655567222799995], [-73.78778761022222, 40.6555616692], [-73.78780097155555, 40.655557242533334], [-73.78781454, 40.6555539428], [-73.78782831555556, 40.65555177], [-73.78784229822222, 40.655550724133334], [-73.787856488, 40.6555508052], [-73.78787088488889, 40.6555520132], [-73.78788548888889, 40.65555434813333], [-73.7879003, 40.65555781], [-73.78803735, 40.65537985], [-73.78657138, 40.65471508], [-73.78648326626667, 40.65467365991112], [-73.78639934106666, 40.65463321831111], [-73.78631960439999, 40.65459375520001], [-73.78624405626668, 40.65455527057778], [-73.78617269666667, 40.65451776444445], [-73.7861055256, 40.65448123680001], [-73.78604254306666, 40.65444568764445], [-73.78598374906666, 40.654411116977776], [-73.78592914359999, 40.6543775248], [-73.78587872666667, 40.65434491111111], [-73.78583249826664, 40.654313275911115], [-73.78579045839999, 40.6542826192], [-73.78575260706666, 40.65425294097778], [-73.78571894426666, 40.65422424124445], [-73.78568947, 40.65419652], [-73.78566281137779, 40.65416931342222], [-73.7856375955111, 40.65414215768889], [-73.78561382240001, 40.654115052799995], [-73.78559149204445, 40.65408799875556], [-73.78557060444444, 40.654060995555554], [-73.7855511596, 40.65403404319999], [-73.78553315751113, 40.65400714168888], [-73.78551659817778, 40.65398029102222], [-73.78550148160001, 40.6539534912], [-73.78548780777777, 40.653926742222225], [-73.78547557671112, 40.653900044088886], [-73.7854647884, 40.653873396799995], [-73.78545544284444, 40.65384680035555], [-73.78544754004444, 40.65382025475555], [-73.78544108, 40.65379376], [-73.78543487217777, 40.65377176231111], [-73.78542930471112, 40.653750753244445], [-73.78542437760001, 40.653730732800014], [-73.78542009084445, 40.65371170097779], [-73.78541644444446, 40.65369365777779], [-73.78541343840001, 40.653676603200005], [-73.78541107271111, 40.65366053724445], [-73.7854093473778, 40.65364545991112], [-73.78540826240001, 40.65363137120001], [-73.78540781777778, 40.653618271111114], [-73.78540801351112, 40.653606159644454], [-73.7854088496, 40.653595036800006], [-73.78541032604446, 40.65358490257778], [-73.78541244284445, 40.65357575697778], [-73.7854152, 40.6535676], [-73.7854189604889, 40.65355964697778], [-73.78542408728889, 40.65355111324445], [-73.78543058040002, 40.65354199880001], [-73.78543843982224, 40.65353230364445], [-73.78544766555557, 40.65352202777778], [-73.7854582576, 40.653511171199995], [-73.78547021595556, 40.65349973391111], [-73.78548354062222, 40.65348771591111], [-73.7854982316, 40.6534751172], [-73.78551428888889, 40.65346193777778], [-73.78553171248889, 40.65344817764444], [-73.78555050240001, 40.653433836800005], [-73.78557065862222, 40.653418915244444], [-73.78559218115556, 40.65340341297778], [-73.78561507, 40.65338733], [-73.786052, 40.65314833], [-73.78576575, 40.65327053], [-73.78562331, 40.65308187], [-73.78590524, 40.65296069], [-73.78555614, 40.6530706], [-73.78551891795557, 40.653077112266665], [-73.7854825504889, 40.653082281066666], [-73.78544703760001, 40.6530861064], [-73.7854123792889, 40.65308858826667], [-73.78537857555557, 40.653089726666664], [-73.78534562640002, 40.653089521599995], [-73.78531353182223, 40.65308797306666], [-73.78528229182223, 40.65308508106666], [-73.7852519064, 40.6530808456], [-73.78522237555558, 40.65307526666666], [-73.7851936992889, 40.65306834426666], [-73.78516587760001, 40.653060078399996], [-73.7851389104889, 40.65305046906666], [-73.78511279795556, 40.65303951626667], [-73.78508754, 40.65302722], [-73.78506418053334, 40.65301401617778], [-73.78504376346667, 40.65300034071111], [-73.78502628880001, 40.65298619360001], [-73.78501175653334, 40.65297157484445], [-73.78500016666668, 40.65295648444445], [-73.78499151919999, 40.6529409224], [-73.78498581413334, 40.65292488871111], [-73.78498305146667, 40.65290838337778], [-73.7849832312, 40.6528914064], [-73.78498635333334, 40.65287395777778], [-73.78499241786666, 40.652856037511114], [-73.7850014248, 40.6528376456], [-73.78501337413334, 40.65281878204445], [-73.78502826586666, 40.65279944684444], [-73.7850461, 40.65277964], [-73.78541632, 40.65250708], [-73.78571156, 40.65234325], [-73.78527607, 40.65252676], [-73.78514273, 40.65234776], [-73.78511515026666, 40.6523617008], [-73.78508684040001, 40.65237429386667], [-73.7850578004, 40.6523855392], [-73.78502803026667, 40.652395436800006], [-73.78499753000001, 40.65240398666667], [-73.7849662996, 40.6524111888], [-73.78493433906667, 40.6524170432], [-73.78490164840001, 40.652421549866666], [-73.78486822760001, 40.6524247088], [-73.78483407666667, 40.65242652], [-73.7847991956, 40.65242698346667], [-73.7847635844, 40.6524260992], [-73.78472724306667, 40.6524238672], [-73.7846901716, 40.65242028746667], [-73.78465237, 40.65241536], [-73.78461504933334, 40.6524091328], [-73.78457942066667, 40.65240165386667], [-73.78454548400002, 40.652392923200004], [-73.78451323933334, 40.6523829408], [-73.78448268666669, 40.65237170666667], [-73.784453826, 40.652359220799994], [-73.78442665733334, 40.6523454832], [-73.78440118066666, 40.65233049386666], [-73.784377396, 40.6523142528], [-73.78435530333334, 40.65229676], [-73.78433490266667, 40.65227801546666], [-73.784316194, 40.6522580192], [-73.78429917733334, 40.652236771199995], [-73.78428385266666, 40.65221427146666], [-73.78427022, 40.65219052], [-73.7842595104, 40.652191337822224], [-73.78424852293334, 40.652191913955555], [-73.7842372576, 40.652192248400006], [-73.78422571440001, 40.65219234115556], [-73.78421389333334, 40.65219219222222], [-73.78420179439999, 40.652191801600004], [-73.78418941759999, 40.65219116928888], [-73.78417676293333, 40.65219029528889], [-73.78416383039999, 40.65218917959999], [-73.78415062, 40.65218782222222], [-73.78413713173333, 40.65218622315555], [-73.7841233656, 40.6521843824], [-73.7841093216, 40.652182299955555], [-73.78409499973333, 40.65217997582223], [-73.7840804, 40.65217741], [-73.78406592115554, 40.65217467315556], [-73.78405196195556, 40.65217183595556], [-73.78403852240001, 40.65216889840001], [-73.78402560248888, 40.65216586048889], [-73.78401320222223, 40.652162722222236], [-73.78400132159999, 40.6521594836], [-73.78398996062222, 40.652156144622225], [-73.78397911928889, 40.65215270528889], [-73.7839687976, 40.6521491656], [-73.78395899555557, 40.65214552555556], [-73.78394971315555, 40.65214178515556], [-73.7839409504, 40.65213794440001], [-73.78393270728888, 40.65213400328889], [-73.78392498382223, 40.652129961822226], [-73.78391778, 40.65212582], [-73.78386945226667, 40.65216653008889], [-73.78382038906666, 40.65220254835556], [-73.7837705904, 40.6522338748], [-73.78372005626666, 40.65226050942223], [-73.78366878666668, 40.65228245222223], [-73.7836167816, 40.6522997032], [-73.78356404106667, 40.65231226235556], [-73.78351056506668, 40.652320129688896], [-73.7834563536, 40.65232330520001], [-73.78340140666668, 40.6523217888889], [-73.78334572426667, 40.652315580755555], [-73.78328930640001, 40.65230468080001], [-73.78323215306668, 40.652289089022226], [-73.78317426426668, 40.652268805422224], [-73.78311564, 40.65224383], [-73.78305945653334, 40.65221567875556], [-73.78300889013333, 40.65218586768889], [-73.7829639408, 40.6521543968], [-73.78292460853334, 40.6521212660889], [-73.78289089333335, 40.65208647555556], [-73.7828627952, 40.6520500252], [-73.78284031413335, 40.65201191502223], [-73.78282345013334, 40.65197214502223], [-73.7828122032, 40.651930715199995], [-73.78280657333335, 40.65188762555556], [-73.78280656053333, 40.65184287608889], [-73.78281216479999, 40.65179646680001], [-73.78282338613333, 40.65174839768889], [-73.78284022453333, 40.65169866875556], [-73.78286268, 40.65164728], [-73.78254819, 40.65150465], [-73.78249909755556, 40.651544815866664], [-73.7824512468889, 40.651581214800004], [-73.782404638, 40.651613846800004], [-73.7823592708889, 40.65164271186667], [-73.78231514555556, 40.65166781], [-73.782272262, 40.651689141199995], [-73.78223062022222, 40.651706705466665], [-73.78219022022222, 40.6517205028], [-73.782151062, 40.65173053320001], [-73.78211314555554, 40.65173679666667], [-73.78207647088888, 40.651739293199995], [-73.78204103799999, 40.651738022800004], [-73.78200684688888, 40.651732985466666], [-73.78197389755556, 40.651724181199995], [-73.78194219, 40.65171161], [-73.7819128578222, 40.65169583337777], [-73.78188703462223, 40.65167741284445], [-73.78186472040001, 40.65165634840001], [-73.78184591515557, 40.65163264004445], [-73.7818306188889, 40.65160628777778], [-73.78181883159999, 40.6515772916], [-73.78181055328889, 40.651545651511114], [-73.78180578395555, 40.65151136751111], [-73.7818045236, 40.6514744396], [-73.78180677222223, 40.65143486777777], [-73.78181252982222, 40.651392652044436], [-73.78182179640001, 40.6513477924], [-73.78183457195556, 40.65130028884444], [-73.78185085648889, 40.65125014137778], [-73.78187065, 40.65119735], [-73.78155952, 40.65105624], [-73.78151601573333, 40.65109449493334], [-73.78147199893336, 40.651128822400004], [-73.7814274696, 40.651159222400004], [-73.78138242773333, 40.651185694933346], [-73.78133687333334, 40.65120824000002], [-73.78129080640002, 40.65122685760001], [-73.78124422693334, 40.651241547733335], [-73.78119713493334, 40.65125231040001], [-73.78114953040001, 40.6512591456], [-73.78110141333335, 40.65126205333334], [-73.78105278373334, 40.6512610336], [-73.78100364160001, 40.65125608640001], [-73.78095398693334, 40.651247211733335], [-73.78090381973334, 40.6512344096], [-73.78085314, 40.65121768], [-73.7808047971111, 40.651197727466666], [-73.78076164044445, 40.65117525653333], [-73.78072367000001, 40.65115026720001], [-73.78069088577779, 40.651122759466666], [-73.7806632877778, 40.651092733333336], [-73.780640876, 40.6510601888], [-73.78062365044445, 40.65102512586667], [-73.78061161111111, 40.65098754453333], [-73.780604758, 40.650947444799996], [-73.78060309111112, 40.65090482666667], [-73.78060661044444, 40.65085969013333], [-73.780615316, 40.6508120352], [-73.78062920777778, 40.65076186186667], [-73.78064828577779, 40.65070917013333], [-73.78067255, 40.65065396], [-73.78036145, 40.65051286], [-73.78032487991112, 40.65054745591111], [-73.78028705764444, 40.65057876097779], [-73.78024798320001, 40.65060677520001], [-73.78020765657779, 40.65063149857778], [-73.78016607777779, 40.65065293111112], [-73.7801232468, 40.6506710728], [-73.78007916364444, 40.650685923644446], [-73.78003382831112, 40.65069748364444], [-73.7799872408, 40.6507057528], [-73.77993940111111, 40.65071073111111], [-73.77989030924445, 40.65071241857778], [-73.77983996520001, 40.6507108152], [-73.77978836897779, 40.65070592097778], [-73.77973552057779, 40.65069773591111], [-73.77968142, 40.65068626], [-73.77846187, 40.65013313], [-73.77840053555558, 40.65009848035556], [-73.77834560155554, 40.650063120755554], [-73.778297068, 40.650027051200006], [-73.77825493488889, 40.6499902716889], [-73.77821920222223, 40.64995278222223], [-73.77818987, 40.64991458280001], [-73.77816693822221, 40.64987567342222], [-73.77815040688888, 40.64983605408889], [-73.77814027599999, 40.6497957248], [-73.77813654555555, 40.649754685555564], [-73.77813921555554, 40.649712936355556], [-73.778148286, 40.649670477200004], [-73.77816375688889, 40.64962730808889], [-73.77818562822222, 40.64958342902222], [-73.7782139, 40.64953884], [-73.77790545, 40.64939895], [-73.77786107955558, 40.64943789231111], [-73.77781524022222, 40.64947231924444], [-73.777767932, 40.6495022308], [-73.7777191548889, 40.64952762697778], [-73.77766890888891, 40.64954850777778], [-73.777617194, 40.64956487319999], [-73.77756401022222, 40.649576723244444], [-73.77750935755556, 40.64958405791111], [-73.777453236, 40.6495868772], [-73.77739564555556, 40.64958518111111], [-73.77733658622222, 40.64957896964445], [-73.777276058, 40.6495682428], [-73.77721406088888, 40.649553000577775], [-73.7771505948889, 40.64953324297778], [-73.77708566, 40.64950897], [-73.77641978, 40.64920696], [-73.77636069355555, 40.64917434693334], [-73.77630760755555, 40.64914069706667], [-73.776260522, 40.64910601040001], [-73.7762194368889, 40.64907028693334], [-73.77618435222223, 40.64903352666668], [-73.77615526800001, 40.6489957296], [-73.77613218422222, 40.648956895733335], [-73.77611510088889, 40.648917025066666], [-73.77610401800001, 40.6488761176], [-73.77609893555555, 40.648834173333334], [-73.77609985355556, 40.64879119226667], [-73.776106772, 40.6487471744], [-73.77611969088889, 40.64870211973333], [-73.77613861022223, 40.64865602826667], [-73.77616353, 40.6486089], [-73.77582004, 40.64845311], [-73.77577728226667, 40.64849336435555], [-73.77573297973333, 40.6485289860889], [-73.77568713240001, 40.6485599752], [-73.77563974026668, 40.64858633168889], [-73.77559080333334, 40.64860805555556], [-73.77554032159999, 40.6486251468], [-73.77548829506667, 40.64863760542222], [-73.77543472373333, 40.648645431422224], [-73.7753796076, 40.648648624799996], [-73.77532294666668, 40.64864718555556], [-73.77526474093334, 40.64864111368888], [-73.7752049904, 40.6486304092], [-73.77514369506666, 40.64861507208889], [-73.77508085493332, 40.64859510235556], [-73.77501647, 40.6485705], [-73.77416227, 40.64818308], [-73.77410801835558, 40.648151700622236], [-73.77405920208889, 40.648119165155556], [-73.77401582120002, 40.648085473600005], [-73.7739778756889, 40.64805062595557], [-73.77394536555558, 40.648014622222234], [-73.7739182908, 40.64797746240001], [-73.77389665142222, 40.64793914648889], [-73.77388044742224, 40.6478996744889], [-73.7738696788, 40.6478590464], [-73.77386434555557, 40.647817262222226], [-73.77386444768888, 40.64777432195555], [-73.77386998520001, 40.6477302256], [-73.7738809580889, 40.647684973155556], [-73.77389736635556, 40.64763856462222], [-73.77391921, 40.647591], [-73.77361904, 40.64745486], [-73.77358023684444, 40.64748610924445], [-73.77354065137779, 40.64751461431111], [-73.7735002836, 40.64754037520001], [-73.77345913351111, 40.64756339191111], [-73.77341720111113, 40.64758366444445], [-73.77337448640002, 40.6476011928], [-73.7733309893778, 40.647615976977775], [-73.77328671004445, 40.64762801697778], [-73.77324164840002, 40.6476373128], [-73.77319580444446, 40.64764386444444], [-73.77314917817779, 40.64764767191111], [-73.7731017696, 40.6476487352], [-73.77305357871113, 40.64764705431111], [-73.77300460551112, 40.647642629244444], [-73.77295485, 40.64763546], [-73.77168185, 40.6470581], [-73.7716009668, 40.647017857600005], [-73.77152542653334, 40.64697587440001], [-73.77145522920001, 40.646932150400005], [-73.77139037479999, 40.6468866856], [-73.77133086333335, 40.64683948], [-73.7712766948, 40.646790533600004], [-73.7712278692, 40.6467398464], [-73.77118438653333, 40.6466874184], [-73.7711462468, 40.6466332496], [-73.77111345, 40.64657734], [-73.77108599613334, 40.6465196896], [-73.77106388520001, 40.6464602984], [-73.7710471172, 40.6463991664], [-73.77103569213332, 40.6463362936], [-73.77102961, 40.64627168], [-73.77103645, 40.64569696], [-73.76922004, 40.64570988]], [[-73.77000148, 40.6470622], [-73.77000639386667, 40.64707257564445], [-73.77001007946667, 40.64708213457778], [-73.7700125368, 40.64709087680001], [-73.77001376586668, 40.64709880231112], [-73.77001376666668, 40.64710591111112], [-73.7700125392, 40.647112203199995], [-73.77001008346666, 40.64711767857778], [-73.77000639946667, 40.64712233724445], [-73.7700014872, 40.6471261792], [-73.76999534666666, 40.64712920444444], [-73.76998797786666, 40.64713141297778], [-73.7699793808, 40.6471328048], [-73.76996955546666, 40.64713337991111], [-73.76995850186667, 40.64713313831111], [-73.76994622, 40.64713208], [-73.76938745, 40.64688516], [-73.76933074835556, 40.64685668164444], [-73.76927948608889, 40.646826969244444], [-73.76923366320001, 40.646796022800004], [-73.76919327968889, 40.64676384231111], [-73.76915833555557, 40.64673042777779], [-73.7691288308, 40.6466957792], [-73.76910476542221, 40.64665989657777], [-73.76908613942223, 40.64662277991111], [-73.7690729528, 40.6465844292], [-73.76906520555556, 40.64654484444445], [-73.76906289768888, 40.64650402564445], [-73.7690660292, 40.646461972800005], [-73.76907460008889, 40.646418685911115], [-73.76908861035555, 40.64637416497778], [-73.76910806, 40.64632841], [-73.76920017, 40.64616068], [-73.76922999524446, 40.64613404862222], [-73.76925964697779, 40.646111621155555], [-73.76928912520002, 40.6460933976], [-73.76931842991112, 40.64607937795555], [-73.76934756111113, 40.64606956222222], [-73.7693765188, 40.64606395039999], [-73.76940530297779, 40.646062542488885], [-73.76943391364445, 40.64606533848888], [-73.7694623508, 40.646072338399996], [-73.76949061444445, 40.646083542222215], [-73.76951870457778, 40.64609894995556], [-73.76954662120002, 40.6461185616], [-73.76957436431111, 40.64614237715555], [-73.76960193391112, 40.64617039662222], [-73.76962933, 40.64620262], [-73.76976221, 40.6465535], [-73.76977524995556, 40.646588894222226], [-73.76978870582221, 40.64662407688889], [-73.7698025776, 40.646659048], [-73.7698168652889, 40.646693807555565], [-73.7698315688889, 40.64672835555556], [-73.76984668840001, 40.646762692], [-73.76986222382222, 40.64679681688889], [-73.76987817515555, 40.64683073022223], [-73.7698945424, 40.646864432], [-73.76991132555557, 40.64689792222222], [-73.76992852462222, 40.646931200888886], [-73.7699461396, 40.646964268], [-73.76996417048889, 40.64699712355556], [-73.76998261728889, 40.64702976755555], [-73.77000148, 40.6470622]], [[-73.77149665, 40.64721594], [-73.77153167844443, 40.64723517266667], [-73.77156266777779, 40.647255185333336], [-73.771589618, 40.64727597800001], [-73.77161252911112, 40.647297550666664], [-73.77163140111112, 40.64731990333335], [-73.771646234, 40.647343036], [-73.77165702777778, 40.64736694866667], [-73.77166378244445, 40.64739164133334], [-73.771666498, 40.647417114], [-73.77166517444445, 40.64744336666668], [-73.77165981177777, 40.647470399333336], [-73.77165041, 40.647498212], [-73.77163696911111, 40.64752680466667], [-73.77161948911112, 40.64755617733334], [-73.77159797, 40.64758633], [-73.77157361075557, 40.64761525306667], [-73.77154761035557, 40.647640936933335], [-73.7715199688, 40.647663381600005], [-73.7714906860889, 40.647682587066676], [-73.77145976222225, 40.64769855333334], [-73.7714271972, 40.6477112804], [-73.77139299102222, 40.647720768266666], [-73.77135714368889, 40.64772701693333], [-73.7713196552, 40.6477300264], [-73.77128052555555, 40.64772979666667], [-73.77123975475556, 40.64772632773334], [-73.77119734280001, 40.647719619600004], [-73.7711532896889, 40.64770967226667], [-73.77110759542222, 40.647696485733334], [-73.77106026, 40.64768006], [-73.77100105777778, 40.64766076391112], [-73.77094259777779, 40.64763749697778], [-73.77088488000001, 40.647610259200015], [-73.77082790444446, 40.64757905057779], [-73.77077167111113, 40.64754387111112], [-73.77071618, 40.64750472080001], [-73.77066143111111, 40.647461599644444], [-73.77060742444445, 40.64741450764445], [-73.77055416, 40.64736344480001], [-73.77050163777778, 40.64730841111111], [-73.77044985777778, 40.647249406577785], [-73.77039882000001, 40.647186431200005], [-73.77034852444444, 40.64711948497778], [-73.77029897111112, 40.64704856791111], [-73.77025016, 40.64697368], [-73.77020389866668, 40.64689833893334], [-73.77016199466668, 40.64682606240001], [-73.77012444800002, 40.64675685040001], [-73.77009125866668, 40.64669070293334], [-73.77006242666668, 40.64662762000001], [-73.770037952, 40.6465676016], [-73.77001783466666, 40.646510647733336], [-73.77000207466666, 40.6464567584], [-73.769990672, 40.6464059336], [-73.76998362666667, 40.64635817333334], [-73.76998093866666, 40.6463134776], [-73.769982608, 40.646271846400005], [-73.76998863466666, 40.64623327973334], [-73.76999901866667, 40.6461977776], [-73.77001376, 40.64616534], [-73.77002296244444, 40.646126673644446], [-73.77003432977777, 40.646090602577786], [-73.770047862, 40.6460571268], [-73.77006355911111, 40.646026246311116], [-73.77008142111113, 40.645997961111114], [-73.770101448, 40.6459722712], [-73.77012363977778, 40.64594917657777], [-73.77014799644444, 40.64592867724444], [-73.770174518, 40.6459107732], [-73.77020320444444, 40.64589546444444], [-73.77023405577776, 40.645882750977776], [-73.770267072, 40.6458726328], [-73.77030225311111, 40.64586510991111], [-73.7703395991111, 40.64586018231111], [-73.77037911, 40.64585785], [-73.77041453644443, 40.64585905475556], [-73.77044849844444, 40.64586370368889], [-73.77048099600002, 40.64587179680001], [-73.77051202911112, 40.645883334088886], [-73.77054159777778, 40.64589831555556], [-73.77056970199999, 40.6459167412], [-73.77059634177778, 40.64593861102222], [-73.77062151711111, 40.64596392502222], [-73.770645228, 40.64599268319999], [-73.77066747444445, 40.646024885555555], [-73.77068825644444, 40.64606053208889], [-73.770707574, 40.6460996228], [-73.7707254271111, 40.646142157688885], [-73.77074181577777, 40.64618813675556], [-73.77075674, 40.64623756], [-73.77076177484444, 40.64627546568889], [-73.77076787404445, 40.64631288142223], [-73.7707750376, 40.646349807200004], [-73.77078326551111, 40.64638624302223], [-73.77079255777778, 40.6464221888889], [-73.77080291440001, 40.6464576448], [-73.77081433537778, 40.64649261075556], [-73.77082682071111, 40.646527086755555], [-73.7708403704, 40.646561072800004], [-73.77085498444444, 40.6465945688889], [-73.77087066284446, 40.64662757502222], [-73.7708874056, 40.646660091200005], [-73.77090521271111, 40.646692117422226], [-73.77092408417778, 40.646723653688895], [-73.77094402, 40.6467547], [-73.7709655796, 40.646785497866674], [-73.7709893224, 40.64681628880001], [-73.7710152484, 40.6468470728], [-73.7710433576, 40.64687784986668], [-73.77107365000002, 40.64690862], [-73.7711061256, 40.64693938320001], [-73.7711407844, 40.64697013946667], [-73.7711776264, 40.6470008888], [-73.7712166516, 40.6470316312], [-73.77125786, 40.647062366666674], [-73.77130125160001, 40.647093095200006], [-73.7713468264, 40.647123816800004], [-73.77139458440001, 40.64715453146667], [-73.7714445256, 40.647185239200006], [-73.77149665, 40.64721594]], [[-73.77198175, 40.64775406], [-73.77201993152296, 40.64771906368296], [-73.77206344671706, 40.64769227773037], [-73.77211128552001, 40.647672914640005], [-73.77216243786964, 40.64766018690964], [-73.77221589370372, 40.64765330703704], [-73.77227064296, 40.64765148752], [-73.7723256755763, 40.6476539408563], [-73.77237998149037, 40.647659879543696], [-73.77243255064, 40.647668516079996], [-73.77248237296297, 40.647679062962965], [-73.77252843839703, 40.647690732690364], [-73.77256973688, 40.64770273776], [-73.77260525834964, 40.64771429066963], [-73.7726339927437, 40.647724603917034], [-73.77265493, 40.64773289], [-73.77267639586668, 40.64774275221333], [-73.77270613293335, 40.64775800557334], [-73.77274225640001, 40.64777818016001], [-73.77278288146667, 40.64780280605334], [-73.77282612333335, 40.647831413333336], [-73.77287009720001, 40.647863532079995], [-73.77291291826667, 40.64789869237332], [-73.77295270173333, 40.647936424293334], [-73.77298756280001, 40.64797625791999], [-73.77301561666668, 40.64801772333333], [-73.77303497853333, 40.64806035061332], [-73.77304376360001, 40.64810366984], [-73.77304008706668, 40.64814721109333], [-73.77302206413333, 40.648190504453325], [-73.77298781, 40.64823308], [-73.77295821946667, 40.64825939191112], [-73.77292677853335, 40.648282247644445], [-73.77289348720001, 40.64830164720001], [-73.77285834546667, 40.64831759057778], [-73.77282135333334, 40.648330077777786], [-73.7727825108, 40.648339108799995], [-73.77274181786666, 40.648344683644446], [-73.77269927453334, 40.64834680231111], [-73.7726548808, 40.6483454648], [-73.77260863666666, 40.648340671111114], [-73.77256054213333, 40.64833242124445], [-73.77251059720001, 40.6483207152], [-73.77245880186668, 40.648305552977774], [-73.77240515613335, 40.648286934577776], [-73.77234966, 40.64826486], [-73.77224798, 40.64821874], [-73.77219177737777, 40.64818334106666], [-73.77214106817777, 40.648148573600004], [-73.7720958524, 40.6481144376], [-73.77205613004445, 40.64808093306667], [-73.77202190111112, 40.64804806], [-73.7719931656, 40.6480158184], [-73.77196992351111, 40.647984208266664], [-73.77195217484444, 40.6479532296], [-73.77193991959999, 40.6479228824], [-73.77193315777777, 40.64789316666666], [-73.77193188937777, 40.6478640824], [-73.77193611439999, 40.647835629599996], [-73.77194583284444, 40.64780780826666], [-73.7719610447111, 40.6477806184], [-73.77198175, 40.64775406]], [[-73.77332343, 40.64835506], [-73.77334505413333, 40.64832902333333], [-73.77337012653334, 40.648306633333334], [-73.77339864720001, 40.64828789], [-73.77343061613334, 40.64827279333334], [-73.77346603333334, 40.64826134333334], [-73.77350489880001, 40.64825354], [-73.77354721253333, 40.64824938333334], [-73.77359297453334, 40.64824887333333], [-73.77364218480001, 40.64825201], [-73.77369484333335, 40.648258793333326], [-73.77375095013335, 40.64826922333333], [-73.7738105052, 40.6482833], [-73.77387350853334, 40.64830102333333], [-73.77393996013333, 40.64832239333333], [-73.77400986, 40.64834741], [-73.7748012, 40.64870632], [-73.77485712208887, 40.648742504266664], [-73.77490761902223, 40.64877802773334], [-73.7749526908, 40.6488128904], [-73.77499233742222, 40.64884709226667], [-73.7750265588889, 40.648880633333334], [-73.7750553552, 40.6489135136], [-73.77507872635555, 40.64894573306667], [-73.77509667235555, 40.64897729173333], [-73.7751091932, 40.649008189599996], [-73.77511628888888, 40.649038426666664], [-73.77511795942222, 40.649068002933326], [-73.77511420479999, 40.6490969184], [-73.77510502502221, 40.649125173066665], [-73.77509042008889, 40.64915276693333], [-73.77507039, 40.6491797], [-73.77504624897777, 40.6492046256], [-73.77501931124444, 40.64922619706667], [-73.77498957680001, 40.6492444144], [-73.77495704564446, 40.6492592776], [-73.77492171777779, 40.64927078666667], [-73.77488359319999, 40.6492789416], [-73.7748426719111, 40.6492837424], [-73.77479895391112, 40.64928518906667], [-73.7747524392, 40.6492832816], [-73.77470312777778, 40.64927802], [-73.77465101964444, 40.64926940426666], [-73.7745961148, 40.649257434400006], [-73.77453841324444, 40.6492421104], [-73.77447791497778, 40.64922343226667], [-73.77441462, 40.6492014], [-73.77348271, 40.64877874], [-73.77344360724445, 40.64875013502222], [-73.77340857364445, 40.64872158142222], [-73.7733776092, 40.6486930792], [-73.77335071391113, 40.64866462835556], [-73.7733278877778, 40.64863622888889], [-73.7733091308, 40.64860788079999], [-73.77329444297779, 40.648579584088885], [-73.77328382431111, 40.64855133875556], [-73.77327727480001, 40.6485231448], [-73.77327479444446, 40.64849500222222], [-73.77327638324445, 40.648466911022226], [-73.7732820412, 40.6484388712], [-73.77329176831111, 40.648410882755556], [-73.7733055645778, 40.648382945688894], [-73.77332343, 40.64835506]], [[-73.77606129, 40.64927782], [-73.77701218, 40.64970909], [-73.77707058537777, 40.64974385120001], [-73.77712335351112, 40.64977810013334], [-73.7771704844, 40.649811836800005], [-73.77721197804445, 40.649845061200004], [-73.77724783444445, 40.64987777333334], [-73.7772780536, 40.6499099732], [-73.77730263551112, 40.649941660799996], [-73.77732158017778, 40.64997283613333], [-73.7773348876, 40.6500034992], [-73.77734255777779, 40.65003365], [-73.77734459071112, 40.65006328853333], [-73.77734098639999, 40.6500924148], [-73.77733174484445, 40.6501210288], [-73.77731686604444, 40.650149130533336], [-73.77729635, 40.65017672], [-73.77727167422222, 40.65020239133333], [-73.77724431622224, 40.65022473866667], [-73.777214276, 40.650243762], [-73.77718155355556, 40.650259461333334], [-73.77714614888889, 40.65027183666667], [-73.777108062, 40.650280888], [-73.77706729288889, 40.65028661533334], [-73.77702384155555, 40.65028901866667], [-73.776977708, 40.650288098], [-73.77692889222223, 40.650283853333335], [-73.77687739422223, 40.65027628466667], [-73.776823214, 40.650265392], [-73.77676635155555, 40.65025117533334], [-73.7767068068889, 40.65023363466667], [-73.77664458, 40.65021277], [-73.77566247, 40.64976735], [-73.77560580622223, 40.64973228724445], [-73.77555481488889, 40.649697768311114], [-73.775509496, 40.649663793200006], [-73.77546984955558, 40.64963036191112], [-73.77543587555557, 40.649597474444455], [-73.775407574, 40.6495651308], [-73.77538494488888, 40.64953333097778], [-73.77536798822223, 40.64950207497778], [-73.77535670399999, 40.64947136280001], [-73.77535109222222, 40.64944119444445], [-73.77535115288887, 40.64941156991111], [-73.775356886, 40.64938248920001], [-73.77536829155555, 40.64935395231112], [-73.77538536955555, 40.64932595924445], [-73.77540812, 40.64929851], [-73.77543490386667, 40.64927305253333], [-73.77546408213334, 40.6492510348], [-73.7754956548, 40.64923245680001], [-73.77552962186667, 40.64921731853334], [-73.77556598333334, 40.64920562], [-73.7756047392, 40.649197361199995], [-73.77564588946666, 40.649192542133335], [-73.77568943413333, 40.6491911628], [-73.77573537319999, 40.6491932232], [-73.77578370666667, 40.649198723333335], [-73.77583443453332, 40.6492076632], [-73.7758875568, 40.6492200428], [-73.77594307346666, 40.64923586213334], [-73.77600098453333, 40.64925512120001], [-73.77606129, 40.64927782]], [[-73.77825914, 40.65027464], [-73.77945551, 40.65081725], [-73.77950973702222, 40.65085130697779], [-73.77955890075557, 40.650884936577775], [-73.77960300120002, 40.650918138800016], [-73.77964203835556, 40.65095091364445], [-73.77967601222224, 40.65098326111112], [-73.7797049228, 40.6510151812], [-73.7797287700889, 40.65104667391111], [-73.77974755408889, 40.65107773924444], [-73.7797612748, 40.651108377199996], [-73.77976993222222, 40.65113858777778], [-73.77977352635556, 40.65116837097777], [-73.7797720572, 40.6511977268], [-73.77976552475556, 40.65122665524444], [-73.77975392902222, 40.651255156311116], [-73.77973727, 40.65128323], [-73.77971637404445, 40.651309355466665], [-73.7796920675111, 40.651332011866664], [-73.77966435040001, 40.6513511992], [-73.77963322271113, 40.65136691746667], [-73.77959868444447, 40.65137916666667], [-73.7795607356, 40.6513879468], [-73.77951937617777, 40.651393257866665], [-73.77947460617779, 40.65139509986666], [-73.77942642560001, 40.6513934728], [-73.77937483444444, 40.651388376666674], [-73.77931983271111, 40.65137981146667], [-73.7792614204, 40.6513677772], [-73.77919959751111, 40.651352273866664], [-73.77913436404444, 40.65133330146667], [-73.77906572, 40.65131086], [-73.77787029, 40.65076868], [-73.7778144516, 40.65073617684444], [-73.7777639604, 40.650703966044446], [-73.77771881640001, 40.650672047600004], [-73.77767901959999, 40.65064042151112], [-73.77764457, 40.65060908777779], [-73.7776154676, 40.6505780464], [-73.77759171240001, 40.65054729737778], [-73.7775733044, 40.65051684071111], [-73.77756024359999, 40.65048667640001], [-73.77755253, 40.650456804444445], [-73.77755016360001, 40.65042722484444], [-73.7775531444, 40.650397937600005], [-73.77756147240001, 40.65036894271111], [-73.7775751476, 40.65034024017778], [-73.77759417, 40.65031183], [-73.77761737502222, 40.650285284977784], [-73.7776435980889, 40.65026217791112], [-73.7776728392, 40.6502425088], [-73.77770509835557, 40.65022627764444], [-73.77774037555557, 40.65021348444445], [-73.7777786708, 40.6502041292], [-73.7778199840889, 40.65019821191112], [-73.77786431542222, 40.65019573257778], [-73.7779116648, 40.650196691199994], [-73.77796203222223, 40.65020108777777], [-73.77801541768889, 40.65020892231111], [-73.7780718212, 40.6502201948], [-73.77813124275556, 40.650234905244446], [-73.77819368235556, 40.65025305364445], [-73.77825914, 40.65027464]], [[-73.78003509, 40.65141368], [-73.78005326488888, 40.65138818902223], [-73.78007509622222, 40.65136599875555], [-73.780100584, 40.65134710920001], [-73.78012972822224, 40.651331520355555], [-73.78016252888891, 40.65131923222223], [-73.780198986, 40.651310244799994], [-73.78023909955556, 40.65130455808889], [-73.78028286955555, 40.65130217208889], [-73.780330296, 40.6513030868], [-73.78038137888889, 40.65130730222222], [-73.78043611822221, 40.65131481835556], [-73.78049451400001, 40.6513256352], [-73.78055656622223, 40.651339752755554], [-73.7806222748889, 40.65135717102223], [-73.78069164, 40.65137789], [-73.78091174, 40.65147771], [-73.78096320173333, 40.65150806151111], [-73.78100998693334, 40.65153841471111], [-73.7810520956, 40.651568769600004], [-73.78108952773334, 40.65159912617778], [-73.78112228333335, 40.651629484444456], [-73.7811503624, 40.6516598444], [-73.78117376493334, 40.65169020604445], [-73.78119249093334, 40.65172056937777], [-73.7812065404, 40.6517509344], [-73.78121591333334, 40.651781301111114], [-73.78122060973334, 40.651811669511105], [-73.78122062960001, 40.6518420396], [-73.78121597293335, 40.65187241137778], [-73.78120663973334, 40.651902784844445], [-73.78119263, 40.65193316], [-73.78117442528888, 40.651961696044445], [-73.78115250715558, 40.65198655217778], [-73.78112687560001, 40.65200772840001], [-73.78109753062223, 40.65202522471111], [-73.78106447222224, 40.65203904111112], [-73.7810277004, 40.6520491776], [-73.78098721515556, 40.65205563417778], [-73.78094301648889, 40.65205841084445], [-73.7808951044, 40.6520575076], [-73.7808434788889, 40.65205292444445], [-73.78078813995555, 40.65204466137777], [-73.78072908760001, 40.6520327184], [-73.78066632182222, 40.65201709551111], [-73.78059984262224, 40.65199779271111], [-73.78052965, 40.65197481], [-73.78018071, 40.65181655], [-73.78014668431112, 40.651789956444446], [-73.78011613257777, 40.65176332511111], [-73.7800890548, 40.651736656], [-73.78006545097779, 40.65170994911111], [-73.78004532111112, 40.651683204444446], [-73.7800286652, 40.651656422], [-73.78001548324445, 40.65162960177777], [-73.78000577524445, 40.65160274377777], [-73.7799995412, 40.651575848], [-73.77999678111112, 40.65154891444444], [-73.77999749497778, 40.651521943111106], [-73.7800016828, 40.651494934], [-73.78000934457778, 40.65146788711111], [-73.78002048031111, 40.65144080244444], [-73.78003509, 40.65141368]], [[-73.78148108, 40.65207439], [-73.78150704071112, 40.65204805906667], [-73.78153564284445, 40.65202514626667], [-73.78156688640001, 40.652005651600014], [-73.7816007713778, 40.65198957506667], [-73.7816372977778, 40.651976916666676], [-73.7816764656, 40.6519676764], [-73.78171827484445, 40.651961854266666], [-73.7817627255111, 40.651959450266666], [-73.7818098176, 40.6519604644], [-73.78185955111113, 40.65196489666667], [-73.78191192604444, 40.651972747066665], [-73.7819669424, 40.65198401560001], [-73.78202460017778, 40.65199870226667], [-73.78208489937778, 40.65201680706667], [-73.78214784, 40.65203833], [-73.78422831, 40.65297949], [-73.78423989351111, 40.6529847396], [-73.78425127337778, 40.65299015506667], [-73.7842624496, 40.65299573640001], [-73.78427342217778, 40.6530014836], [-73.78428419111111, 40.65300739666667], [-73.7842947564, 40.65301347559999], [-73.78430511804444, 40.653019720399996], [-73.78431527604444, 40.65302613106667], [-73.7843252304, 40.6530327076], [-73.7843349811111, 40.65303945], [-73.78434452817777, 40.653046358266664], [-73.7843538716, 40.6530534324], [-73.78436301137778, 40.6530606724], [-73.7843719475111, 40.65306807826667], [-73.78438068, 40.65307565], [-73.78438915142222, 40.65308334871111], [-73.78439730435555, 40.65309113551111], [-73.78440513880001, 40.653099010400005], [-73.78441265475557, 40.65310697337779], [-73.78441985222223, 40.653115024444446], [-73.7844267312, 40.6531231636], [-73.78443329168888, 40.65313139084444], [-73.7844395336889, 40.653139706177775], [-73.78444545720001, 40.653148109600004], [-73.78445106222222, 40.65315660111111], [-73.78445634875555, 40.65316518071111], [-73.78446131679999, 40.6531738484], [-73.78446596635555, 40.65318260417778], [-73.78447029742222, 40.653191448044446], [-73.78447431, 40.65320038], [-73.78447603453333, 40.65320679404445], [-73.78447750146665, 40.653213132177775], [-73.7844787108, 40.65321939440001], [-73.78447966253333, 40.653225580711116], [-73.78448035666666, 40.65323169111112], [-73.78448079319999, 40.6532377256], [-73.78448097213334, 40.653243684177774], [-73.78448089346665, 40.653249566844444], [-73.7844805572, 40.6532553736], [-73.78447996333333, 40.65326110444445], [-73.78447911186666, 40.65326675937777], [-73.7844780028, 40.6532723384], [-73.78447663613333, 40.65327784151111], [-73.78447501186666, 40.65328326871111], [-73.78447313, 40.65328862], [-73.78447090457777, 40.653293918], [-73.78446824964443, 40.65329918533333], [-73.7844651652, 40.653304422], [-73.78446165124446, 40.653309628], [-73.78445770777779, 40.65331480333333], [-73.78445333479999, 40.653319948], [-73.7844485323111, 40.653325062], [-73.7844433003111, 40.65333014533333], [-73.7844376388, 40.653335198], [-73.78443154777779, 40.65334022], [-73.78442502724444, 40.65334521133333], [-73.7844180772, 40.653350172], [-73.78441069764443, 40.653355102], [-73.78440288857777, 40.65336000133333], [-73.78439465, 40.65336487], [-73.78437293973333, 40.653375161199996], [-73.78435080093334, 40.6533845548], [-73.78432823360001, 40.6533930508], [-73.78430523773334, 40.65340064920001], [-73.78428181333335, 40.65340735], [-73.7842579604, 40.6534131532], [-73.78423367893333, 40.6534180588], [-73.78420896893333, 40.6534220668], [-73.7841838304, 40.6534251772], [-73.78415826333334, 40.65342739], [-73.78413226773333, 40.65342870519999], [-73.7841058436, 40.6534291228], [-73.78407899093334, 40.653428642799994], [-73.78405170973333, 40.6534272652], [-73.784024, 40.65342499], [-73.78399531053334, 40.65342168457778], [-73.78396509013334, 40.653417216311105], [-73.78393333880001, 40.653411585200004], [-73.78390005653334, 40.65340479124445], [-73.78386524333335, 40.65339683444445], [-73.7838288992, 40.6533877148], [-73.78379102413334, 40.6533774323111], [-73.78375161813334, 40.653365986977775], [-73.7837106812, 40.6533533788], [-73.78366821333334, 40.65333960777778], [-73.78362421453335, 40.6533246739111], [-73.7835786848, 40.6533085772], [-73.78353162413333, 40.653291317644445], [-73.78348303253333, 40.65327289524444], [-73.78343291, 40.65325331], [-73.78245263, 40.65284759], [-73.78175132, 40.65252889], [-73.78169349173334, 40.65249648066667], [-73.78164135093334, 40.65246437266667], [-73.7815948976, 40.652432566], [-73.78155413173334, 40.65240106066667], [-73.78151905333334, 40.652369856666674], [-73.78148966239999, 40.652338954], [-73.78146595893334, 40.65230835266667], [-73.78144794293334, 40.652278052666674], [-73.78143561440001, 40.652248054], [-73.78142897333333, 40.65221835666667], [-73.78142801973334, 40.65218896066668], [-73.78143275360001, 40.652159866], [-73.78144317493334, 40.65213107266668], [-73.78145928373334, 40.65210258066667], [-73.78148108, 40.65207439]], [[-73.77042976, 40.64767356], [-73.77044297982222, 40.64768004697778], [-73.7704556072889, 40.647686961244446], [-73.7704676424, 40.647694302800005], [-73.77047908515556, 40.647702071644446], [-73.77048993555556, 40.64771026777778], [-73.7705001936, 40.64771889119999], [-73.7705098592889, 40.64772794191111], [-73.77051893262222, 40.64773741991111], [-73.7705274136, 40.6477473252], [-73.77053530222223, 40.647757657777774], [-73.7705425984889, 40.647768417644436], [-73.77054930240001, 40.64777960479999], [-73.77055541395556, 40.64779121924444], [-73.77056093315556, 40.647803260977774], [-73.77056586, 40.64781573], [-73.77057013502223, 40.647828386444445], [-73.77057369875557, 40.64784099044445], [-73.77057655120001, 40.647853542], [-73.77057869235557, 40.647866041111115], [-73.77058012222223, 40.64787848777779], [-73.7705808408, 40.647890882], [-73.77058084808888, 40.647903223777774], [-73.7705801440889, 40.647915513111116], [-73.7705787288, 40.64792775], [-73.77057660222222, 40.64793993444445], [-73.77057376435556, 40.64795206644445], [-73.7705702152, 40.647964146], [-73.77056595475555, 40.64797617311111], [-73.77056098302222, 40.64798814777778], [-73.7705553, 40.64800007], [-73.77054508844445, 40.648022832133336], [-73.77053409377778, 40.648044777200006], [-73.770522316, 40.64806590520001], [-73.77050975511112, 40.648086216133336], [-73.77049641111114, 40.64810571], [-73.77048228400001, 40.6481243868], [-73.77046737377779, 40.64814224653334], [-73.77045168044445, 40.6481592892], [-73.770435204, 40.6481755148], [-73.77041794444445, 40.64819092333333], [-73.77039990177778, 40.6482055148], [-73.770381076, 40.64821928920001], [-73.77036146711112, 40.64823224653333], [-73.7703410751111, 40.6482443868], [-73.7703199, 40.64825571], [-73.77029849386666, 40.648266039422225], [-73.77027740880001, 40.648275198355556], [-73.7702566448, 40.64828318680001], [-73.77023620186668, 40.648290004755566], [-73.77021608000001, 40.64829565222223], [-73.77019627920001, 40.6483001292], [-73.77017679946667, 40.648303435688895], [-73.77015764080001, 40.64830557168889], [-73.7701388032, 40.6483065372], [-73.77012028666667, 40.648306332222226], [-73.7701020912, 40.64830495675555], [-73.7700842168, 40.64830241080001], [-73.77006666346666, 40.64829869435556], [-73.77004943120001, 40.64829380742223], [-73.77003252, 40.64828775], [-73.76989026, 40.64822378], [-73.76986581466666, 40.648200687333336], [-73.76984226266667, 40.64817794266668], [-73.769819604, 40.64815554600001], [-73.76979783866668, 40.64813349733334], [-73.76977696666667, 40.648111796666676], [-73.769756988, 40.648090444], [-73.76973790266666, 40.648069439333334], [-73.76971971066666, 40.64804878266666], [-73.769702412, 40.648028474], [-73.76968600666667, 40.64800851333334], [-73.76967049466666, 40.64798890066666], [-73.76965587600002, 40.647969636], [-73.76964215066667, 40.64795071933334], [-73.76962931866667, 40.647932150666676], [-73.76961738, 40.64791393], [-73.76960614733333, 40.64789594115556], [-73.76959543333334, 40.64787806795557], [-73.769585238, 40.6478603104], [-73.76957556133334, 40.6478426684889], [-73.76956640333334, 40.64782514222223], [-73.769557764, 40.6478077316], [-73.76954964333332, 40.64779043662222], [-73.76954204133332, 40.64777325728889], [-73.769534958, 40.647756193599996], [-73.76952839333333, 40.647739245555556], [-73.76952234733332, 40.64772241315556], [-73.76951682, 40.64770569640001], [-73.76951181133333, 40.64768909528889], [-73.76950732133332, 40.64767260982223], [-73.76950335, 40.64765624], [-73.7694998231111, 40.64764378871112], [-73.76949731177777, 40.647631568177786], [-73.769495816, 40.647619578400004], [-73.76949533577778, 40.647607819377775], [-73.76949587111112, 40.64759629111112], [-73.76949742199999, 40.6475849936], [-73.76949998844444, 40.647573926844444], [-73.76950357044443, 40.64756309084444], [-73.769508168, 40.6475524856], [-73.7695137811111, 40.64754211111111], [-73.76952040977777, 40.64753196737777], [-73.769528054, 40.6475220544], [-73.76953671377777, 40.64751237217778], [-73.76954638911111, 40.64750292071111], [-73.76955708, 40.6474937], [-73.76956842226667, 40.64748498106667], [-73.76958005173333, 40.64747703493333], [-73.76959196840001, 40.6474698616], [-73.76960417226668, 40.647463461066664], [-73.76961666333335, 40.647457833333334], [-73.7696294416, 40.6474529784], [-73.76964250706668, 40.64744889626667], [-73.76965585973333, 40.64744558693333], [-73.7696694996, 40.6474430504], [-73.76968342666667, 40.64744128666667], [-73.76969764093333, 40.64744029573333], [-73.76971214240001, 40.6474400776], [-73.76972693106666, 40.647440632266665], [-73.76974200693334, 40.64744195973333], [-73.76975737, 40.64744406], [-73.76972729924444, 40.64743831688889], [-73.76970152431112, 40.647433394222226], [-73.76968004519999, 40.647429292], [-73.7696628619111, 40.64742601022222], [-73.76964997444445, 40.647423548888895], [-73.76964138279999, 40.647421908], [-73.76963708697777, 40.64742108755555], [-73.76963708697777, 40.64742108755556], [-73.76964138279999, 40.647421908], [-73.76964997444443, 40.64742354888889], [-73.7696628619111, 40.64742601022222], [-73.7696800452, 40.647429292], [-73.7697015243111, 40.64743339422222], [-73.76972729924444, 40.64743831688888], [-73.76975737, 40.64744406], [-73.7697892787111, 40.64745030786667], [-73.76982056751112, 40.647456744799996], [-73.76985123640002, 40.6474633708], [-73.76988128537778, 40.647470185866666], [-73.76991071444445, 40.64747719], [-73.7699395236, 40.647484383199995], [-73.76996771284445, 40.64749176546667], [-73.76999528217777, 40.6474993368], [-73.77002223160001, 40.647507097200005], [-73.77004856111111, 40.64751504666667], [-73.77007427071112, 40.6475231852], [-73.77009936040001, 40.6475315128], [-73.77012383017778, 40.64754002946667], [-73.77014768004446, 40.647548735200004], [-73.77017091, 40.64755763], [-73.77042976, 40.64767356]]]}}, {"type": "Feature", "properties": {"name": "New Taxiway 86", "surface_type": "ASPHALT", "smoothness": 0.0, "texture_orientation": 120.8}, "geometry": {"type": "Polygon", "coordinates": [[[-73.77718614, 40.63329652], [-73.77723050293334, 40.63326289964444], [-73.77727512773335, 40.63323280657778], [-73.77732001440002, 40.63320624080001], [-73.77736516293334, 40.633183202311116], [-73.77741057333334, 40.633163691111115], [-73.7774562456, 40.633147707199996], [-73.77750217973333, 40.63313525057777], [-73.77754837573335, 40.63312632124444], [-73.7775948336, 40.633120919199996], [-73.77764155333334, 40.63311904444444], [-73.77768853493333, 40.63312069697777], [-73.77773577840001, 40.633125876799994], [-73.77778328373333, 40.63313458391111], [-73.77783105093334, 40.63314681831111], [-73.77787908, 40.63316258], [-73.77788894344297, 40.63316678839407], [-73.77789843394372, 40.63317122181926], [-73.77790755776002, 40.63317587464], [-73.77791632114965, 40.63318074122075], [-73.77792473037039, 40.633185815925934], [-73.77793279168002, 40.633191093120004], [-73.7779405113363, 40.63319656716741], [-73.77794789559704, 40.633202232432595], [-73.77795495072002, 40.633208083279996], [-73.77796168296297, 40.63321411407408], [-73.77796809858371, 40.63322031917926], [-73.77797420384002, 40.63322669296], [-73.77798000498964, 40.63323322978074], [-73.77798550829037, 40.63323992400593], [-73.77799072, 40.63324677], [-73.77876432, 40.63359657], [-73.77877299337779, 40.63359314715555], [-73.77878163217777, 40.63359030795556], [-73.77879023640001, 40.6335880524], [-73.77879880604446, 40.63358638048889], [-73.77880734111112, 40.63358529222223], [-73.77881584160002, 40.6335847876], [-73.77882430751112, 40.63358486662222], [-73.77883273884444, 40.633585529288894], [-73.7788411356, 40.6335867756], [-73.77884949777778, 40.63358860555556], [-73.77885782537778, 40.63359101915555], [-73.7788661184, 40.633594016400004], [-73.77887437684444, 40.63359759728889], [-73.77888260071113, 40.63360176182222], [-73.77889079, 40.63360651], [-73.778898866, 40.6336116528], [-73.77890675000002, 40.63361700120001], [-73.77891444200002, 40.6336225552], [-73.77892194200001, 40.633628314800006], [-73.77892925, 40.63363428000001], [-73.77893636600001, 40.6336404508], [-73.77894328999999, 40.633646827199996], [-73.778950022, 40.6336534092], [-73.778956562, 40.6336601968], [-73.77896291, 40.63366719], [-73.778969066, 40.633674388799996], [-73.77897503000001, 40.6336817932], [-73.778980802, 40.633689403199995], [-73.778986382, 40.633697218799995], [-73.77899177, 40.63370524], [-73.78005003, 40.63417361], [-73.78008992359999, 40.6341777388], [-73.78012896973333, 40.634182399866674], [-73.78016716840001, 40.6341875932], [-73.78020451960002, 40.6341933188], [-73.78024102333335, 40.634199576666674], [-73.78027667960001, 40.6342063668], [-73.7803114884, 40.634213689199996], [-73.78034544973333, 40.634221543866666], [-73.78037856360001, 40.634229930800004], [-73.78041083, 40.63423885], [-73.78044224893333, 40.63424830146667], [-73.7804728204, 40.634258285200005], [-73.78050254440001, 40.634268801199994], [-73.78053142093333, 40.634279849466665], [-73.78055945, 40.63429143], [-73.78237615, 40.6351145], [-73.78241479871112, 40.63513346773333], [-73.78244957151111, 40.63515309893334], [-73.7824804684, 40.635173393600006], [-73.78250748937779, 40.63519435173333], [-73.78253063444446, 40.63521597333333], [-73.7825499036, 40.635238258399994], [-73.78256529684444, 40.635261206933336], [-73.78257681417777, 40.63528481893333], [-73.7825844556, 40.6353090944], [-73.78258822111111, 40.635334033333336], [-73.78258811071112, 40.63535963573334], [-73.7825841244, 40.6353859016], [-73.78257626217778, 40.63541283093333], [-73.78256452404445, 40.635440423733336], [-73.78254891, 40.63546868], [-73.78244916, 40.63562462], [-73.78273955, 40.63575624], [-73.78282261, 40.63565892], [-73.78285425626666, 40.63562887773333], [-73.78288658973334, 40.63560222826667], [-73.7829196104, 40.635578971600005], [-73.78295331826668, 40.63555910773334], [-73.78298771333334, 40.63554263666667], [-73.7830227956, 40.6355295584], [-73.78305856506667, 40.63551987293334], [-73.78309502173333, 40.635513580266675], [-73.7831321656, 40.6355106804], [-73.78316999666667, 40.63551117333334], [-73.78320851493334, 40.63551505906666], [-73.7832477204, 40.63552233760001], [-73.78328761306668, 40.635533008933336], [-73.78332819293334, 40.635547073066675], [-73.78336946, 40.63556453], [-73.78340909502222, 40.63558401657779], [-73.78344477875557, 40.63560416964445], [-73.7834765112, 40.63562498920001], [-73.78350429235557, 40.63564647524445], [-73.78352812222224, 40.63566862777779], [-73.7835480008, 40.6356914468], [-73.7835639280889, 40.63571493231111], [-73.78357590408889, 40.63573908431112], [-73.7835839288, 40.6357639028], [-73.78358800222222, 40.63578938777778], [-73.78358812435556, 40.63581553924445], [-73.7835842952, 40.635842357200005], [-73.78357651475555, 40.63586984164444], [-73.78356478302223, 40.635897992577775], [-73.7835491, 40.63592681], [-73.78344347, 40.63607529], [-73.78375045, 40.63621442], [-73.78382026, 40.63612482], [-73.78382935057779, 40.63611256186667], [-73.78383928631112, 40.63610074746668], [-73.7838500672, 40.6360893768], [-73.78386169324443, 40.63607844986667], [-73.78387416444444, 40.63606796666667], [-73.78388748079999, 40.63605792720001], [-73.78390164231111, 40.63604833146667], [-73.78391664897777, 40.63603917946667], [-73.78393250079999, 40.6360304712], [-73.78394919777777, 40.636022206666674], [-73.78396673991111, 40.63601438586667], [-73.7839851272, 40.63600700880001], [-73.78400435964444, 40.63600007546667], [-73.78402443724443, 40.63599358586667], [-73.78404536, 40.63598754], [-73.78406668631109, 40.635982221333336], [-73.78408797457777, 40.635977913333335], [-73.7841092248, 40.635974616], [-73.78413043697779, 40.635972329333335], [-73.78415161111111, 40.63597105333334], [-73.7841727472, 40.635970788], [-73.78419384524445, 40.63597153333333], [-73.78421490524444, 40.635973289333336], [-73.7842359272, 40.635976056], [-73.78425691111111, 40.63597983333334], [-73.78427785697778, 40.63598462133333], [-73.78429876480001, 40.63599042], [-73.78431963457777, 40.635997229333334], [-73.78434046631112, 40.636005049333335], [-73.78436126, 40.63601388], [-73.78830779, 40.6378019], [-73.78836488382224, 40.637832730044444], [-73.78841631995556, 40.63786484151111], [-73.7884620984, 40.6378982344], [-73.78850221915557, 40.637932908711115], [-73.78853668222224, 40.637968864444446], [-73.78856548760001, 40.63800610159999], [-73.7885886352889, 40.63804462017777], [-73.78860612528888, 40.638084420177776], [-73.78861795760001, 40.6381255016], [-73.78862413222222, 40.63816786444444], [-73.78862464915557, 40.63821150871111], [-73.7886195084, 40.6382564344], [-73.78860870995555, 40.63830264151111], [-73.78859225382223, 40.638350130044444], [-73.78857014, 40.6383989], [-73.78887375, 40.63853651], [-73.78891627284443, 40.638495394711114], [-73.78896043604445, 40.63845909417778], [-73.7890062396, 40.63842760840001], [-73.78905368351113, 40.638400937377774], [-73.78910276777779, 40.63837908111111], [-73.7891534924, 40.6383620396], [-73.78920585737778, 40.63834981284444], [-73.7892598627111, 40.63834240084444], [-73.78931550840001, 40.6383398036], [-73.78937279444446, 40.638342021111114], [-73.78943172084445, 40.638349053377766], [-73.78949228760001, 40.6383609004], [-73.78955449471111, 40.63837756217777], [-73.78961834217777, 40.63839903871111], [-73.78968383, 40.63842533], [-73.79018604, 40.63865286], [-73.7902332487111, 40.63867835662222], [-73.79027565884445, 40.63870564915556], [-73.7903132704, 40.63873473760001], [-73.79034608337778, 40.638765621955564], [-73.79037409777777, 40.63879830222223], [-73.7903973136, 40.6388327784], [-73.79041573084443, 40.638869050488886], [-73.7904293495111, 40.638907118488895], [-73.7904381696, 40.6389469824], [-73.79044219111111, 40.63898864222223], [-73.79044141404444, 40.63903209795556], [-73.7904358384, 40.6390773496], [-73.79042546417779, 40.63912439715556], [-73.79041029137778, 40.63917324062223], [-73.79039032, 40.63922388], [-73.79066312, 40.63934753], [-73.79070795524446, 40.6393090544], [-73.79075311964445, 40.63927456893334], [-73.7907986132, 40.63924407360001], [-73.79084443591113, 40.63921756840001], [-73.7908905877778, 40.63919505333334], [-73.7909370688, 40.6391765284], [-73.79098387897778, 40.639161993600005], [-73.7910310183111, 40.63915144893333], [-73.79107848679999, 40.639144894400005], [-73.79112628444445, 40.63914233], [-73.79117441124444, 40.639143755733336], [-73.79122286719999, 40.63914917160001], [-73.79127165231111, 40.6391585776], [-73.79132076657778, 40.63917197373334], [-73.79137021, 40.63918936], [-73.7918969, 40.63942798], [-73.79193321155556, 40.639447197644444], [-73.79196650622222, 40.63946757857778], [-73.791996784, 40.63948912280001], [-73.79202404488889, 40.639511830311115], [-73.79204828888888, 40.639535701111114], [-73.792069516, 40.6395607352], [-73.79208772622223, 40.63958693257778], [-73.79210291955556, 40.63961429324444], [-73.792115096, 40.6396428172], [-73.79212425555555, 40.63967250444445], [-73.79213039822221, 40.639703354977776], [-73.792133524, 40.639735368800004], [-73.79213363288889, 40.63976854591111], [-73.79213072488889, 40.63980288631111], [-73.7921248, 40.63983839], [-73.79207199, 40.63998608], [-73.79257726, 40.64021509], [-73.79262371, 40.64008441], [-73.79264239306667, 40.64005461182223], [-73.7926638716, 40.64002843062222], [-73.7926881456, 40.6400058664], [-73.79271521506668, 40.639986919155554], [-73.79274508, 40.63997158888889], [-73.79277774040001, 40.6399598756], [-73.79281319626668, 40.639951779288886], [-73.79285144760001, 40.63994729995556], [-73.79289249440001, 40.639946437599995], [-73.79293633666668, 40.63994919222222], [-73.7929829744, 40.63995556382222], [-73.79303240760001, 40.6399655524], [-73.79308463626668, 40.63997915795555], [-73.7931396604, 40.63999638048889], [-73.79319748, 40.64001722], [-73.79428841, 40.64051148], [-73.79539123, 40.64102288], [-73.7957852, 40.64123254], [-73.79710196, 40.64182702], [-73.79750105, 40.64201338], [-73.79758704666371, 40.6420615409126], [-73.79766941530963, 40.64211004783408], [-73.79774836392001, 40.642158835040014], [-73.79782410047704, 40.64220783680594], [-73.79789683296299, 40.64225698740742], [-73.79796676936, 40.64230622112], [-73.79803411765036, 40.64235547221926], [-73.7980990858163, 40.64240467498075], [-73.79816188183999, 40.64245376368], [-73.7982227137037, 40.6425026725926], [-73.79828178938962, 40.64255133599408], [-73.79833931688, 40.642599688160004], [-73.79839550415704, 40.642647663365935], [-73.79845055920296, 40.64269519588741], [-73.79850469, 40.64274222], [-73.79855763750518, 40.64278826536593], [-73.79861008257481, 40.64283368239408], [-73.79866222704003, 40.64287840648001], [-73.79871427273187, 40.64292237301927], [-73.7987664214815, 40.64296551740742], [-73.79881887512, 40.643007775040005], [-73.79887183547852, 40.64304908131259], [-73.79892550438815, 40.64308937162074], [-73.79898008368, 40.64312858136], [-73.79903577518519, 40.64316664592592], [-73.79909278073481, 40.643203500714066], [-73.79915130216, 40.64323908112], [-73.79921154129185, 40.64327332253926], [-73.79927369996149, 40.6433061603674], [-73.79933798, 40.64333753], [-73.804553, 40.64570023], [-73.8045780606222, 40.64571241586667], [-73.80460196515557, 40.645725314799996], [-73.8046247136, 40.6457389268], [-73.80464630595556, 40.64575325186667], [-73.80466674222224, 40.64576829], [-73.8046860224, 40.6457840412], [-73.80470414648889, 40.64580050546667], [-73.80472111448888, 40.6458176828], [-73.8047369264, 40.6458355732], [-73.80475158222222, 40.64585417666667], [-73.80476508195557, 40.6458734932], [-73.80477742560001, 40.6458935228], [-73.80478861315555, 40.645914265466665], [-73.80479864462222, 40.6459357212], [-73.80480752, 40.64595789], [-73.80481523404444, 40.64598016297778], [-73.80482178151111, 40.64600193124445], [-73.8048271624, 40.6460231948], [-73.80483137671112, 40.64604395364445], [-73.80483442444445, 40.64606420777778], [-73.80483630559999, 40.6460839572], [-73.80483702017777, 40.64610320191111], [-73.80483656817778, 40.64612194191111], [-73.80483494960001, 40.6461401772], [-73.80483216444445, 40.64615790777778], [-73.80482821271112, 40.64617513364445], [-73.8048230944, 40.64619185480001], [-73.80481680951111, 40.646208071244445], [-73.80480935804445, 40.646223782977785], [-73.80480074, 40.64623899], [-73.80510239, 40.64637627], [-73.80511488520001, 40.64636453635555], [-73.80512838946667, 40.64635320208889], [-73.80514290280001, 40.64634226720001], [-73.8051584252, 40.646331731688896], [-73.80517495666669, 40.64632159555556], [-73.8051924972, 40.646311858800004], [-73.80521104680001, 40.64630252142223], [-73.80523060546666, 40.64629358342222], [-73.8052511732, 40.6462850448], [-73.80527275, 40.64627690555556], [-73.80529533586667, 40.64626916568889], [-73.80531893080001, 40.64626182520001], [-73.8053435348, 40.64625488408889], [-73.80536914786667, 40.646248342355555], [-73.80539577, 40.6462422], [-73.80542287968889, 40.64623672431112], [-73.80544995542223, 40.64623218257778], [-73.8054769972, 40.646228574800006], [-73.80550400502224, 40.64622590097778], [-73.80553097888891, 40.64622416111112], [-73.8055579188, 40.6462233552], [-73.80558482475556, 40.64622348324444], [-73.80561169675556, 40.64622454524445], [-73.80563853480001, 40.6462265412], [-73.8056653388889, 40.64622947111111], [-73.80569210902223, 40.64623333497778], [-73.8057188452, 40.6462381328], [-73.80574554742222, 40.646243864577784], [-73.80577221568889, 40.64625053031111], [-73.80579885, 40.64625813], [-73.80671558, 40.64667876], [-73.80675574337779, 40.6467032152], [-73.80679363617779, 40.64672729546667], [-73.8068292584, 40.64675100080001], [-73.80686261004445, 40.64677433120001], [-73.80689369111113, 40.646797286666676], [-73.8069225016, 40.6468198672], [-73.8069490415111, 40.6468420728], [-73.80697331084444, 40.64686390346667], [-73.8069953096, 40.6468853592], [-73.80701503777777, 40.64690644], [-73.80703249537777, 40.64692714586667], [-73.8070476824, 40.64694747680001], [-73.80706059884444, 40.646967432800004], [-73.80707124471111, 40.64698701386667], [-73.80707962, 40.64700622], [-73.80708616128888, 40.64702506031111], [-73.80709130515555, 40.64704354391112], [-73.8070950516, 40.64706167080001], [-73.80709740062224, 40.64707944097779], [-73.80709835222224, 40.64709685444445], [-73.80709790639999, 40.6471139112], [-73.80709606315556, 40.64713061124445], [-73.8070928224889, 40.64714695457778], [-73.8070881844, 40.6471629412], [-73.8070821488889, 40.64717857111111], [-73.80707471595557, 40.64719384431111], [-73.8070658856, 40.6472087608], [-73.80705565782222, 40.64722332057778], [-73.80704403262223, 40.64723752364444], [-73.80703101, 40.64725137], [-73.80739472, 40.6474162], [-73.80740260235557, 40.6474054152], [-73.8074108920889, 40.647394986133335], [-73.80741958920001, 40.64738491280001], [-73.8074286936889, 40.64737519520001], [-73.80743820555557, 40.647365833333346], [-73.8074481248, 40.6473568272], [-73.80745845142224, 40.64734817680001], [-73.80746918542224, 40.64733988213334], [-73.8074803268, 40.64733194320001], [-73.80749187555556, 40.64732436], [-73.80750383168889, 40.64731713253333], [-73.80751619520001, 40.647310260800005], [-73.8075289660889, 40.647303744800006], [-73.80754214435557, 40.64729758453334], [-73.80755573, 40.64729178], [-73.80756975924444, 40.64728641831111], [-73.80758426831112, 40.64728158657778], [-73.80759925720001, 40.6472772848], [-73.80761472591111, 40.64727351297779], [-73.80763067444445, 40.64727027111112], [-73.80764710280002, 40.6472675592], [-73.80766401097779, 40.647265377244445], [-73.80768139897778, 40.64726372524444], [-73.8076992668, 40.6472626032], [-73.80771761444444, 40.64726201111111], [-73.80773644191112, 40.64726194897777], [-73.80775574920001, 40.647262416800004], [-73.80777553631111, 40.64726341457778], [-73.80779580324445, 40.64726494231112], [-73.80781655, 40.647267], [-73.80812437, 40.64732163], [-73.80814185191112, 40.64732824102222], [-73.80815884964446, 40.64733597008889], [-73.80817536320002, 40.64734481720001], [-73.8081913925778, 40.647354782355556], [-73.8082069377778, 40.64736586555556], [-73.8082219988, 40.6473780668], [-73.80823657564446, 40.647391386088884], [-73.80825066831112, 40.64740582342222], [-73.8082642768, 40.6474213788], [-73.80827740111113, 40.64743805222223], [-73.80829004124445, 40.64745584368889], [-73.80830219720002, 40.6474747532], [-73.80831386897779, 40.64749478075555], [-73.80832505657779, 40.64751592635556], [-73.80833576, 40.64753819], [-73.80834554120001, 40.64756082386666], [-73.80835396213334, 40.64758308013334], [-73.8083610228, 40.6476049588], [-73.80836672320002, 40.64762645986667], [-73.80837106333334, 40.64764758333334], [-73.8083740432, 40.6476683292], [-73.80837566279999, 40.64768869746666], [-73.80837592213334, 40.647708688133335], [-73.8083748212, 40.6477283012], [-73.80837236, 40.64774753666667], [-73.80836853853333, 40.647766394533335], [-73.8083633568, 40.6477848748], [-73.80835681479999, 40.64780297746667], [-73.80834891253333, 40.64782070253333], [-73.80833965, 40.64783805], [-73.8086513, 40.6479805], [-73.80869627662223, 40.647948301111114], [-73.80874181715555, 40.64791983511112], [-73.8087879216, 40.647895102], [-73.80883458995557, 40.64787410177779], [-73.80888182222223, 40.647856834444454], [-73.80892961840001, 40.6478433], [-73.8089779784889, 40.64783349844445], [-73.8090269024889, 40.64782742977778], [-73.80907639040001, 40.647825094], [-73.80912644222224, 40.64782649111112], [-73.80917705795557, 40.64783162111111], [-73.80922823760001, 40.647840484], [-73.80927998115556, 40.64785307977778], [-73.80933228862223, 40.64786940844445], [-73.80938516, 40.64788947], [-73.81173759, 40.64895566], [-73.81175483422224, 40.648961934], [-73.81177112155558, 40.64896934], [-73.81178645200002, 40.648977878], [-73.81180082555557, 40.648987548], [-73.81181424222224, 40.64899835], [-73.811826702, 40.649010284], [-73.81183820488889, 40.64902335], [-73.8118487508889, 40.649037548], [-73.81185834, 40.649052878], [-73.81186697222223, 40.64906934], [-73.81187464755556, 40.649086934], [-73.811881366, 40.64910566], [-73.81188712755556, 40.649125518], [-73.81189193222222, 40.649146508], [-73.81189578, 40.64916863], [-73.81189824502222, 40.64919074342222], [-73.81189890142223, 40.64921170768889], [-73.81189774920001, 40.6492315228], [-73.81189478835556, 40.64925018875556], [-73.8118900188889, 40.649267705555566], [-73.8118834408, 40.6492840732], [-73.81187505408889, 40.64929929168889], [-73.81186485875556, 40.64931336102222], [-73.8118528548, 40.649326281200004], [-73.81183904222222, 40.64933805222222], [-73.81182342102221, 40.6493486740889], [-73.8118059912, 40.649358146800004], [-73.81178675275555, 40.64936647035556], [-73.81176570568888, 40.649373644755556], [-73.81174285, 40.64937967], [-73.81233132, 40.64964346], [-73.81232315817778, 40.64963061822222], [-73.81231733937778, 40.649617820888885], [-73.81231386360001, 40.649605068], [-73.81231273084445, 40.64959235955557], [-73.81231394111113, 40.649579695555566], [-73.8123174944, 40.649567076], [-73.8123233907111, 40.64955450088889], [-73.81233163004445, 40.649541970222224], [-73.81234221240001, 40.649529484], [-73.81235513777779, 40.64951704222223], [-73.81237040617778, 40.64950464488889], [-73.8123880176, 40.649492292], [-73.81240797204444, 40.64947998355556], [-73.81243026951111, 40.64946771955556], [-73.81245491, 40.6494555], [-73.81248074071111, 40.64944412497778], [-73.81250660884443, 40.64943439457779], [-73.8125325144, 40.6494263088], [-73.81255845737779, 40.649419867644454], [-73.81258443777779, 40.649415071111115], [-73.81261045560001, 40.6494119192], [-73.81263651084446, 40.649410411911106], [-73.81266260351111, 40.64941054924445], [-73.8126887336, 40.6494123312], [-73.81271490111112, 40.64941575777778], [-73.81274110604444, 40.64942082897778], [-73.8127673484, 40.6494275448], [-73.81279362817777, 40.649435905244445], [-73.81281994537778, 40.64944591031111], [-73.8128463, 40.64945756], [-73.81725915, 40.65145683], [-73.81728114715555, 40.651468552711115], [-73.81730227995556, 40.651480795511105], [-73.8173225484, 40.6514935584], [-73.8173419524889, 40.65150684137779], [-73.81736049222224, 40.651520644444446], [-73.8173781676, 40.6515349676], [-73.81739497862222, 40.65154981084444], [-73.81741092528888, 40.651565174177776], [-73.81742600759999, 40.6515810576], [-73.81744022555556, 40.65159746111111], [-73.81745357915554, 40.65161438471111], [-73.8174660684, 40.6516318284], [-73.81747769328888, 40.65164979217778], [-73.81748845382222, 40.65166827604444], [-73.81749835, 40.65168728], [-73.81750726426668, 40.65170645653333], [-73.81751507906665, 40.651725458133335], [-73.81752179440001, 40.6517442848], [-73.81752741026666, 40.65176293653334], [-73.81753192666667, 40.65178141333334], [-73.8175353436, 40.6517997152], [-73.81753766106667, 40.65181784213333], [-73.81753887906666, 40.65183579413333], [-73.81753899760001, 40.65185357119999], [-73.81753801666667, 40.65187117333333], [-73.81753593626667, 40.65188860053333], [-73.8175327564, 40.6519058528], [-73.81752847706667, 40.65192293013334], [-73.81752309826666, 40.65193983253334], [-73.81751662, 40.65195656], [-73.81783235, 40.65209865], [-73.81784815262223, 40.65208626524444], [-73.81786489115557, 40.65207450831112], [-73.8178825656, 40.65206337920001], [-73.81790117595557, 40.65205287791112], [-73.81792072222224, 40.65204300444446], [-73.8179412044, 40.6520337588], [-73.8179626224889, 40.65202514097778], [-73.81798497648889, 40.652017150977784], [-73.8180082664, 40.65200978880001], [-73.81803249222223, 40.65200305444445], [-73.81805765395555, 40.651996947911115], [-73.8180837516, 40.651991469200006], [-73.81811078515557, 40.65198661831111], [-73.81813875462223, 40.651982395244445], [-73.81816766, 40.6519788], [-73.81819691262223, 40.651976035733334], [-73.81822592382223, 40.6519743056], [-73.81825469360001, 40.651973609600006], [-73.81828322195557, 40.65197394773334], [-73.8183115088889, 40.65197532], [-73.8183395544, 40.6519777264], [-73.8183673584889, 40.65198116693333], [-73.81839492115554, 40.6519856416], [-73.8184222424, 40.6519911504], [-73.81844932222222, 40.651997693333335], [-73.81847616062223, 40.6520052704], [-73.8185027576, 40.6520138816], [-73.81852911315556, 40.652023526933334], [-73.8185552272889, 40.652034206399996], [-73.8185811, 40.65204592], [-73.81924299, 40.65234744], [-73.81927629475557, 40.65236641075556], [-73.81930810502223, 40.65238510168889], [-73.81933842080002, 40.65240351280001], [-73.8193672420889, 40.652421644088896], [-73.8193945688889, 40.65243949555557], [-73.8194204012, 40.652457067200004], [-73.81944473902223, 40.65247435902223], [-73.81946758235556, 40.65249137102223], [-73.8194889312, 40.652508103200006], [-73.81950878555556, 40.65252455555556], [-73.81952714542223, 40.652540728088894], [-73.8195440108, 40.652556620800006], [-73.81955938168889, 40.65257223368889], [-73.8195732580889, 40.652587566755564], [-73.81958564, 40.65260262], [-73.81959672804444, 40.65261734293334], [-73.81960672284445, 40.652631685066666], [-73.8196156244, 40.65264564640001], [-73.81962343271113, 40.65265922693334], [-73.81963014777779, 40.652672426666676], [-73.8196357696, 40.6526852456], [-73.81964029817777, 40.65269768373334], [-73.81964373351111, 40.65270974106667], [-73.81964607559999, 40.6527214176], [-73.81964732444445, 40.652732713333336], [-73.81964748004444, 40.65274362826666], [-73.8196465424, 40.6527541624], [-73.8196445115111, 40.652764315733336], [-73.81964138737777, 40.65277408826666], [-73.81963717, 40.65278348], [-73.81957911, 40.65288929], [-73.81988163, 40.65302757], [-73.81994117, 40.65305479], [-73.81995117231112, 40.65304085004445], [-73.81996243791112, 40.653027822177776], [-73.81997496680002, 40.6530157064], [-73.81998875897779, 40.65300450271111], [-73.82000381444446, 40.652994211111114], [-73.8200201332, 40.652984831599994], [-73.82003771524444, 40.652976364177775], [-73.8200565605778, 40.65296880884445], [-73.8200766692, 40.6529621656], [-73.82009804111112, 40.65295643444445], [-73.82012067631112, 40.65295161537777], [-73.82014457480001, 40.6529477084], [-73.82016973657778, 40.65294471351111], [-73.82019616164445, 40.65294263071111], [-73.82022385, 40.65294146], [-73.82025746711112, 40.65294139244444], [-73.82029179044444, 40.65294248311111], [-73.82032682, 40.652944732], [-73.82036255577779, 40.65294813911111], [-73.82039899777779, 40.65295270444445], [-73.820436146, 40.652958428], [-73.82047400044445, 40.65296530977778], [-73.8205125611111, 40.65297334977778], [-73.820551828, 40.652982548], [-73.8205918011111, 40.652992904444446], [-73.82063248044443, 40.65300441911111], [-73.820673866, 40.653017092], [-73.82071595777776, 40.65303092311112], [-73.82075875577777, 40.65304591244445], [-73.82080226, 40.65306206], [-73.82160925, 40.65342768], [-73.82166699306667, 40.653459566311106], [-73.82172081426665, 40.65349137991111], [-73.8217707136, 40.65352312080001], [-73.82181669106667, 40.653554788977786], [-73.82185874666666, 40.653586384444445], [-73.82189688039999, 40.653617907199994], [-73.82193109226667, 40.65364935724444], [-73.82196138226666, 40.653680734577776], [-73.8219877504, 40.6537120392], [-73.82201019666667, 40.65374327111111], [-73.82202872106667, 40.65377443031111], [-73.82204332360001, 40.6538055168], [-73.82205400426668, 40.65383653057778], [-73.82206076306667, 40.65386747164444], [-73.8220636, 40.65389834], [-73.8220448, 40.65400522], [-73.82205595, 40.65408686], [-73.82216032, 40.65413967], [-73.82214572, 40.65416457], [-73.82224063, 40.65422368], [-73.82249947, 40.65421434], [-73.82244281, 40.65383656], [-73.82243414297777, 40.65379806831112], [-73.82242363524446, 40.65376105724445], [-73.8224112868, 40.65372552680001], [-73.82239709764444, 40.653691476977784], [-73.8223810677778, 40.65365890777779], [-73.8223631972, 40.6536278192], [-73.8223434859111, 40.65359821124444], [-73.82232193391111, 40.65357008391112], [-73.8222985412, 40.65354343720001], [-73.82227330777778, 40.653518271111125], [-73.82224623364444, 40.653494585644445], [-73.8222173188, 40.653472380800004], [-73.82218656324444, 40.65345165657778], [-73.82215396697777, 40.65343241297778], [-73.82211953, 40.65341465], [-73.81563865, 40.65047844], [-73.81248446, 40.64904941], [-73.81197226, 40.64881735], [-73.81191086555555, 40.64878198604444], [-73.8118553088889, 40.64874704084444], [-73.81180559, 40.64871251440001], [-73.81176170888888, 40.64867840671112], [-73.81172366555556, 40.64864471777779], [-73.81169146, 40.648611447600004], [-73.81166509222223, 40.64857859617778], [-73.81164456222221, 40.648546163511114], [-73.81162987, 40.648514149600004], [-73.81162101555555, 40.64848255444444], [-73.81161799888889, 40.64845137804444], [-73.81162082, 40.6484206204], [-73.81162947888889, 40.64839028151111], [-73.81164397555555, 40.648360361377776], [-73.81166431, 40.64833086], [-73.81168911008888, 40.64830325328888], [-73.8117170036889, 40.648279017155566], [-73.81174799080001, 40.64825815160001], [-73.81178207142223, 40.64824065662223], [-73.81181924555557, 40.64822653222223], [-73.8118595132, 40.6482157784], [-73.81190287435555, 40.64820839515556], [-73.81194932902223, 40.64820438248889], [-73.8119988772, 40.64820374040001], [-73.8120515188889, 40.648206468888894], [-73.81210725408889, 40.648212567955554], [-73.8121660828, 40.64822203760001], [-73.81222800502222, 40.648234877822226], [-73.81229302075556, 40.648251088622224], [-73.81236113, 40.64827067], [-73.81108402, 40.64769206], [-73.81114211226667, 40.64772993164445], [-73.81119472773334, 40.64776712524444], [-73.8112418664, 40.6478036408], [-73.81128352826667, 40.647839478311106], [-73.81131971333332, 40.647874637777775], [-73.8113504216, 40.647909119199994], [-73.81137565306666, 40.64794292257777], [-73.81139540773333, 40.64797604791111], [-73.8114096856, 40.648008495199996], [-73.81141848666667, 40.64804026444445], [-73.81142181093333, 40.64807135564444], [-73.8114196584, 40.6481017688], [-73.81141202906667, 40.64813150391111], [-73.81139892293334, 40.64816056097777], [-73.81138034, 40.64818894], [-73.81135754964446, 40.64821540217777], [-73.81133182124447, 40.64823870871112], [-73.81130315480002, 40.648258859600006], [-73.81127155031112, 40.64827585484445], [-73.81123700777779, 40.64828969444444], [-73.8111995272, 40.6483003784], [-73.81115910857778, 40.64830790671111], [-73.81111575191112, 40.648312279377784], [-73.8110694572, 40.64831349640001], [-73.81102022444445, 40.64831155777778], [-73.81096805364444, 40.64830646351111], [-73.81091294480001, 40.6482982136], [-73.81085489791111, 40.648286808044446], [-73.81079391297777, 40.64827224684445], [-73.81072999, 40.64825453], [-73.80951245, 40.64770292], [-73.8094558875111, 40.647667438133325], [-73.80940478137778, 40.64763249386667], [-73.8093591316, 40.64759808720001], [-73.80931893817778, 40.64756421813334], [-73.80928420111113, 40.64753088666667], [-73.80925492040001, 40.6474980928], [-73.80923109604444, 40.647465836533335], [-73.80921272804444, 40.647434117866666], [-73.8091998164, 40.6474029368], [-73.80919236111112, 40.64737229333333], [-73.80919036217777, 40.64734218746666], [-73.80919381960001, 40.6473126192], [-73.80920273337777, 40.64728358853333], [-73.80921710351112, 40.64725509546667], [-73.80923693, 40.64722714], [-73.80926632044445, 40.64719526], [-73.80929800111112, 40.647167332], [-73.809331972, 40.647143356], [-73.80936823311112, 40.647123332], [-73.80940678444445, 40.64710726], [-73.809447626, 40.64709514], [-73.80949075777778, 40.647086972], [-73.80953617977778, 40.647082756], [-73.809583892, 40.647082492], [-73.80963389444445, 40.64708618], [-73.80968618711111, 40.64709382], [-73.80974077, 40.647105412], [-73.80979764311111, 40.647120956], [-73.80985680644444, 40.647140452], [-73.80991826, 40.6471639], [-73.80868875, 40.64660686], [-73.80874482146668, 40.646638679688884], [-73.80879533986668, 40.6466704320889], [-73.80884030520001, 40.64670211720001], [-73.80887971746667, 40.646733735022224], [-73.80891357666668, 40.64676528555556], [-73.8089418828, 40.6467967688], [-73.80896463586667, 40.64682818475556], [-73.80898183586666, 40.64685953342223], [-73.8089934828, 40.6468908148], [-73.80899957666668, 40.646922028888895], [-73.80900011746667, 40.64695317568889], [-73.80899510520001, 40.6469842552], [-73.80898453986669, 40.647015267422226], [-73.80896842146667, 40.64704621235556], [-73.80894675, 40.64707709], [-73.8089213604889, 40.64710635511112], [-73.80889408795557, 40.647132462444446], [-73.80886493240001, 40.647155412], [-73.80883389382223, 40.64717520377778], [-73.80880097222224, 40.64719183777778], [-73.8087661676, 40.647205314], [-73.80872947995555, 40.64721563244445], [-73.80869090928888, 40.64722279311111], [-73.8086504556, 40.647226796], [-73.80860811888888, 40.647227641111115], [-73.80856389915556, 40.64722532844445], [-73.8085177964, 40.647219858], [-73.80846981062221, 40.64721122977778], [-73.80841994182222, 40.64719944377778], [-73.80836819, 40.6471845], [-73.80421143, 40.64530125], [-73.80415495128888, 40.645268514844446], [-73.80410417915556, 40.645235877377786], [-73.8040591136, 40.64520333760001], [-73.80401975462223, 40.64517089551112], [-73.80398610222224, 40.645138551111124], [-73.8039581564, 40.6451063044], [-73.80393591715556, 40.645074155377785], [-73.80391938448889, 40.64504210404444], [-73.80390855840001, 40.645010150400005], [-73.80390343888888, 40.64497829444445], [-73.80390402595556, 40.64494653617778], [-73.8039103196, 40.6449148756], [-73.80392231982222, 40.644883312711116], [-73.80394002662223, 40.64485184751111], [-73.80396344, 40.64482048], [-73.80399114240002, 40.6447911176], [-73.80402171626667, 40.64476566773333], [-73.8040551616, 40.64474413040001], [-73.80409147840003, 40.6447265056], [-73.80413066666668, 40.64471279333334], [-73.8041727264, 40.6447029936], [-73.8042176576, 40.6446971064], [-73.80426546026668, 40.64469513173333], [-73.80431613440001, 40.6446970696], [-73.80436968, 40.64470292], [-73.80442609706667, 40.64471268293333], [-73.8044853856, 40.64472635840001], [-73.8045475456, 40.6447439464], [-73.80461257706668, 40.644765446933334], [-73.80468048, 40.64479086], [-73.80338031, 40.6442018], [-73.80343922231111, 40.6442346564], [-73.8034923779111, 40.64426746026667], [-73.80353977680001, 40.644300211600005], [-73.80358141897779, 40.6443329104], [-73.80361730444444, 40.64436555666668], [-73.80364743319998, 40.644398150399994], [-73.80367180524443, 40.6444306916], [-73.80369042057777, 40.64446318026667], [-73.8037032792, 40.6444956164], [-73.8037103811111, 40.644528], [-73.8037117263111, 40.64456033106667], [-73.8037073148, 40.644592609600004], [-73.80369714657778, 40.644624835600005], [-73.80368122164445, 40.64465700906668], [-73.80365954, 40.64468913], [-73.80363402853334, 40.64471952137778], [-73.80360661413334, 40.64474650617779], [-73.80357729680001, 40.64477008440001], [-73.80354607653335, 40.644790256044445], [-73.80351295333335, 40.64480702111112], [-73.8034779272, 40.644820379600006], [-73.80344099813334, 40.644830331511116], [-73.80340216613334, 40.644836876844444], [-73.80336143120002, 40.6448400156], [-73.80331879333335, 40.64483974777778], [-73.80327425253334, 40.644836073377775], [-73.80322780880002, 40.6448289924], [-73.80317946213334, 40.644818504844444], [-73.80312921253334, 40.64480461071111], [-73.80307706, 40.64478731], [-73.79951308, 40.64317262], [-73.79944520744593, 40.64313805476445], [-73.79938014623407, 40.64310306291556], [-73.79931774104001, 40.64306768024], [-73.79925783653927, 40.64303194252445], [-73.79920027740742, 40.642995885555564], [-73.79914490832, 40.64295954512], [-73.7990915739526, 40.642922957004444], [-73.79904011898073, 40.64288615699556], [-73.79899038808, 40.64284918088], [-73.79894222592593, 40.64281206444445], [-73.79889547719407, 40.64277484347555], [-73.79884998655999, 40.64273755376], [-73.79880559869926, 40.64270023108444], [-73.79876215828742, 40.642662911235554], [-73.79871951, 40.64262563], [-73.7986811336415, 40.64259165746963], [-73.79864316979852, 40.64255777402371], [-73.79860550032004, 40.64252400688], [-73.79856800705483, 40.6424903832563], [-73.79853057185187, 40.64245693037038], [-73.79849307656, 40.64242367544], [-73.79845540302814, 40.64239064568296], [-73.79841743310519, 40.64235786831703], [-73.79837904864, 40.642325370559995], [-73.7983401314815, 40.64229317962963], [-73.79830056347852, 40.64226132274371], [-73.79826022648001, 40.642229827120005], [-73.79821900233482, 40.64219871997629], [-73.79817677289185, 40.64216802853037], [-73.79813342, 40.64213778], [-73.79762112, 40.64183886], [-73.79759849377778, 40.64182106724444], [-73.79757978311112, 40.64180415031111], [-73.797564988, 40.64178810920001], [-73.79755410844446, 40.641772943911114], [-73.79754714444445, 40.64175865444445], [-73.797544096, 40.6417452408], [-73.79754496311111, 40.64173270297778], [-73.79754974577779, 40.641721040977785], [-73.797558444, 40.6417102548], [-73.79757105777779, 40.641700344444445], [-73.79758758711111, 40.64169130991111], [-73.797608032, 40.641683151200006], [-73.79763239244444, 40.64167586831111], [-73.79766066844445, 40.64166946124445], [-73.79769286, 40.64166393], [-73.7977765832, 40.64165373475556], [-73.79785959013334, 40.64164722368889], [-73.79794188080001, 40.6416443968], [-73.7980234552, 40.64164525408889], [-73.79810431333334, 40.64164979555556], [-73.7981844552, 40.6416580212], [-73.7982638808, 40.64166993102222], [-73.79834259013333, 40.64168552502222], [-73.7984205832, 40.6417048032], [-73.79849786, 40.64172776555556], [-73.79857442053333, 40.641754412088886], [-73.7986502648, 40.6417847428], [-73.7987253928, 40.64181875768889], [-73.79879980453333, 40.641856456755555], [-73.7988735, 40.64189784], [-73.79956042, 40.64240258], [-73.7995910752889, 40.64242506], [-73.79962396915556, 40.64244798], [-73.79965910160001, 40.64247134], [-73.79969647262223, 40.64249514], [-73.79973608222224, 40.64251938000001], [-73.7997779304, 40.64254406], [-73.79982201715556, 40.64256918], [-73.79986834248889, 40.64259474], [-73.7999169064, 40.64262074], [-73.79996770888889, 40.64264718], [-73.80002074995556, 40.64267406], [-73.8000760296, 40.64270138], [-73.80013354782223, 40.64272914], [-73.80019330462223, 40.64275734], [-73.8002553, 40.64278598], [-73.80041143, 40.64258689], [-73.80035372608887, 40.6425624996], [-73.8002980756889, 40.64253829373333], [-73.8002444788, 40.6425142724], [-73.80019293542222, 40.642490435599996], [-73.80014344555556, 40.64246678333333], [-73.8000960092, 40.6424433156], [-73.80005062635556, 40.6424200324], [-73.8000072970222, 40.64239693373333], [-73.79996602119999, 40.6423740196], [-73.79992679888889, 40.64235129], [-73.79988963008888, 40.64232874493333], [-73.79985451479999, 40.6423063844], [-73.79982145302222, 40.6422842084], [-73.79979044475556, 40.64226221693333], [-73.79976149, 40.64224041], [-73.79906729, 40.64169418], [-73.79901939320001, 40.64166031053333], [-73.79897708146666, 40.641625688800005], [-73.79894035480001, 40.64159031480002], [-73.7989092132, 40.64155418853334], [-73.79888365666667, 40.64151731000001], [-73.79886368519999, 40.6414796792], [-73.79884929880001, 40.64144129613334], [-73.79884049746667, 40.641402160800006], [-73.7988372812, 40.6413622732], [-73.79883965, 40.64132163333334], [-73.79884760386666, 40.64128024120001], [-73.7988611428, 40.64123809680001], [-73.7988802668, 40.64119520013334], [-73.79890497586668, 40.641151551200004], [-73.79893527, 40.64110715], [-73.79896927946666, 40.641064621155564], [-73.79900513453336, 40.64102658928889], [-73.7990428352, 40.640993054400006], [-73.79908238146668, 40.640964016488894], [-73.79912377333335, 40.64093947555557], [-73.7991670108, 40.6409194316], [-73.79921209386669, 40.640903884622226], [-73.79925902253333, 40.64089283462222], [-73.7993077968, 40.640886281600004], [-73.79935841666668, 40.64088422555556], [-73.79941088213334, 40.64088666648889], [-73.7994651932, 40.640893604400006], [-73.79952134986667, 40.64090503928889], [-73.79957935213335, 40.64092097115556], [-73.7996392, 40.6409414], [-73.79973878, 40.64083379], [-73.79864232, 40.64032804], [-73.79853902, 40.64044279], [-73.79856257142224, 40.640463025600006], [-73.79858322835557, 40.64048343640001], [-73.7986009908, 40.6405040224], [-73.79861585875558, 40.64052478360001], [-73.79862783222225, 40.64054572], [-73.7986369112, 40.6405668316], [-73.79864309568889, 40.6405881184], [-73.7986463856889, 40.6406095804], [-73.7986467812, 40.6406312176], [-73.79864428222223, 40.64065303], [-73.79863888875556, 40.6406750176], [-73.79863060080001, 40.6406971804], [-73.79861941835557, 40.6407195184], [-73.79860534142222, 40.640742031600006], [-73.79858837, 40.64076472], [-73.79854497733335, 40.6408113812], [-73.798497346, 40.640851975466674], [-73.79844547600001, 40.64088650280001], [-73.79838936733334, 40.640914963200004], [-73.79832902, 40.640937356666676], [-73.798264434, 40.6409536832], [-73.79819560933333, 40.6409639428], [-73.798122546, 40.640968135466665], [-73.798045244, 40.640966261200006], [-73.79796370333332, 40.64095832], [-73.797877924, 40.64094431186666], [-73.797787906, 40.640924236800004], [-73.79769364933333, 40.6408980948], [-73.797595154, 40.640865885866674], [-73.79749242, 40.64082761], [-73.79592679, 40.64011479], [-73.79584543782222, 40.64007753622222], [-73.79577108795556, 40.64003928155556], [-73.7957037404, 40.640000026], [-73.79564339515555, 40.63995976955556], [-73.79559005222222, 40.63991851222223], [-73.7955437116, 40.639876254], [-73.79550437328888, 40.63983299488889], [-73.79547203728889, 40.63978873488889], [-73.79544670359999, 40.639743474], [-73.79542837222222, 40.639697212222224], [-73.79541704315554, 40.639649949555555], [-73.7954127164, 40.639601686], [-73.79541539195554, 40.63955242155556], [-73.79542506982222, 40.63950215622222], [-73.79544175, 40.63945089], [-73.79545975582222, 40.639414210977776], [-73.79548079995556, 40.63938139257778], [-73.79550488240001, 40.6393524348], [-73.79553200315556, 40.639327337644445], [-73.79556216222224, 40.63930610111112], [-73.7955953596, 40.6392887252], [-73.79563159528888, 40.63927520991111], [-73.79567086928888, 40.63926555524445], [-73.79571318160001, 40.6392597612], [-73.79575853222222, 40.63925782777778], [-73.79580692115556, 40.63925975497777], [-73.7958583484, 40.639265542800004], [-73.79591281395555, 40.63927519124445], [-73.79597031782222, 40.63928870031111], [-73.79603086, 40.63930607], [-73.79616274, 40.63917097], [-73.79483019, 40.63857633], [-73.7947273, 40.63871529], [-73.7947665488889, 40.63876109724445], [-73.7948024048889, 40.63880585764445], [-73.794834868, 40.638849571200005], [-73.79486393822222, 40.638892237911115], [-73.79488961555556, 40.638933857777786], [-73.79491189999999, 40.6389744308], [-73.79493079155556, 40.63901395697778], [-73.79494629022223, 40.63905243631112], [-73.794958396, 40.6390898688], [-73.7949671088889, 40.63912625444445], [-73.79497242888888, 40.639161593244445], [-73.79497435600001, 40.6391958852], [-73.79497289022223, 40.63922913031111], [-73.79496803155556, 40.63926132857778], [-73.79495978, 40.63929248], [-73.7949487624889, 40.63932166662222], [-73.79493560595554, 40.63934797048889], [-73.79492031040002, 40.6393713916], [-73.79490287582223, 40.63939192995556], [-73.79488330222223, 40.63940958555556], [-73.7948615896, 40.63942435839999], [-73.79483773795556, 40.63943624848889], [-73.79481174728889, 40.639445255822224], [-73.7947836176, 40.6394513804], [-73.79475334888889, 40.63945462222222], [-73.79472094115556, 40.639454981288885], [-73.7946863944, 40.6394524576], [-73.79464970862222, 40.63944705115556], [-73.79461088382222, 40.63943876195555], [-73.79456992, 40.63942759], [-73.79403669, 40.63924007], [-73.79227197, 40.63844053], [-73.7922537808889, 40.638427791111106], [-73.7922385868889, 40.63841573444444], [-73.792226388, 40.63840436], [-73.79221718422222, 40.638393667777784], [-73.79221097555556, 40.63838365777778], [-73.792207762, 40.63837433], [-73.79220754355555, 40.63836568444444], [-73.79221032022222, 40.638357721111106], [-73.792216092, 40.63835044], [-73.79222485888889, 40.63834384111111], [-73.7922366208889, 40.63833792444444], [-73.792251378, 40.63833269], [-73.79226913022222, 40.638328137777776], [-73.79228987755556, 40.638324267777776], [-73.79231362, 40.63832108], [-73.79317009, 40.63835369], [-73.79328420235558, 40.63836158755556], [-73.79339460075555, 40.63837078422223], [-73.79350128520001, 40.63838128], [-73.79360425568889, 40.638393074888896], [-73.79370351222224, 40.6384061688889], [-73.79379905479999, 40.638420562], [-73.79389088342222, 40.63843625422222], [-73.79397899808889, 40.63845324555556], [-73.7940633988, 40.638471536], [-73.79414408555556, 40.63849112555556], [-73.79422105835556, 40.63851201422222], [-73.7942943172, 40.638534202], [-73.79436386208889, 40.638557688888895], [-73.79442969302221, 40.638582474888885], [-73.79449181, 40.63860856], [-73.79461525, 40.6384723], [-73.79313831, 40.63779274], [-73.79303233, 40.63794712], [-73.79304488786667, 40.637959812577776], [-73.79305523880001, 40.63797187964445], [-73.7930633828, 40.637983321200004], [-73.79306931986666, 40.63799413724445], [-73.79307305, 40.638004327777786], [-73.7930745732, 40.638013892800004], [-73.79307388946667, 40.638022832311115], [-73.7930709988, 40.638031146311114], [-73.79306590120001, 40.63803883480001], [-73.79305859666667, 40.63804589777778], [-73.79304908519998, 40.638052335244446], [-73.79303736680001, 40.638058147200006], [-73.79302344146667, 40.638063333644446], [-73.79300730920001, 40.63806789457778], [-73.79298897, 40.63807183], [-73.7919473, 40.6380365], [-73.79185104422223, 40.63802896746667], [-73.79175625822224, 40.63801939386667], [-73.791662942, 40.638007779199995], [-73.79157109555558, 40.63799412346667], [-73.7914807188889, 40.63797842666668], [-73.791391812, 40.63796068880001], [-73.7913043748889, 40.63794090986667], [-73.79121840755556, 40.63791908986667], [-73.79113391, 40.6378952288], [-73.79105088222224, 40.637869326666674], [-73.79096932422223, 40.637841383466665], [-73.790889236, 40.637811399200004], [-73.79081061755556, 40.63777937386667], [-73.79073346888889, 40.63774530746667], [-73.79065779, 40.6377092], [-73.78691465, 40.63601331], [-73.78689827565927, 40.636004211602966], [-73.7868846718074, 40.63599455455704], [-73.7868738252, 40.635984510080014], [-73.7868657225926, 40.63597424938964], [-73.78686035074075, 40.635963943703715], [-73.7868576964, 40.63595376424], [-73.78685774632592, 40.6359438822163], [-73.78686048727405, 40.635934468850365], [-73.786865906, 40.63592569536001], [-73.78687398925925, 40.635917732962966], [-73.78688472380739, 40.63591075287704], [-73.7868980964, 40.63590492632001], [-73.78691409379259, 40.635900424509636], [-73.78693270274074, 40.6358974186637], [-73.78695391, 40.63589608], [-73.78797304, 40.63590307], [-73.78805099151111, 40.63590642813334], [-73.78812863537777, 40.635911843866666], [-73.7882059716, 40.635919317200006], [-73.78828300017778, 40.63592884813333], [-73.78835972111112, 40.63594043666667], [-73.7884361344, 40.6359540828], [-73.78851224004444, 40.63596978653333], [-73.78858803804445, 40.63598754786667], [-73.78866352840001, 40.6360073668], [-73.78873871111111, 40.63602924333334], [-73.78881358617778, 40.636053177466664], [-73.7888881536, 40.6360791692], [-73.78896241337779, 40.63610721853333], [-73.78903636551112, 40.63613732546667], [-73.78911001, 40.63616949], [-73.78927387, 40.63606723], [-73.78803221, 40.63549897], [-73.7879213, 40.63563076], [-73.7868342, 40.6356212], [-73.78672813137779, 40.6356197232889], [-73.78662275484444, 40.63561529315556], [-73.7865180704, 40.63560790960001], [-73.78641407804444, 40.63559757262223], [-73.78631077777779, 40.63558428222223], [-73.7862081696, 40.6355680384], [-73.78610625351112, 40.63554884115556], [-73.7860050295111, 40.63552669048889], [-73.7859044976, 40.635501586400004], [-73.78580465777776, 40.635473528888895], [-73.78570551004444, 40.63544251795555], [-73.7856070544, 40.6354085536], [-73.78550929084444, 40.635371635822224], [-73.78541221937778, 40.63533176462222], [-73.78531584, 40.63528894], [-73.78289039, 40.63419006], [-73.78282644035555, 40.63415735502222], [-73.78276907675556, 40.63412413875556], [-73.78271829920001, 40.634090411200006], [-73.78267410768889, 40.63405617235556], [-73.78263650222225, 40.634021422222226], [-73.7826054828, 40.6339861608], [-73.78258104942222, 40.63395038808889], [-73.78256320208888, 40.63391410408889], [-73.7825519408, 40.633877308799995], [-73.78254726555556, 40.63384000222222], [-73.78254917635556, 40.63380218435555], [-73.7825576732, 40.6337638552], [-73.78257275608888, 40.633725014755555], [-73.78259442502224, 40.63368566302222], [-73.78262268, 40.6336458], [-73.78265528524445, 40.63360793751111], [-73.78269000497778, 40.63357458737778], [-73.78272683920001, 40.6335457496], [-73.78276578791113, 40.63352142417778], [-73.78280685111113, 40.633501611111114], [-73.7828500288, 40.633486310399995], [-73.78289532097777, 40.63347552204444], [-73.78294272764445, 40.63346924604444], [-73.7829922488, 40.6334674824], [-73.78304388444445, 40.63347023111111], [-73.78309763457779, 40.633477492177775], [-73.78315349920001, 40.633489265600005], [-73.78321147831112, 40.63350555137778], [-73.78327157191111, 40.633526349511115], [-73.78333378, 40.63355166], [-73.78344746, 40.63341532], [-73.782329, 40.63289676], [-73.78220701, 40.633041], [-73.78224229413333, 40.63306849088889], [-73.78227351453333, 40.633096350222225], [-73.7823006712, 40.633124578], [-73.78232376413334, 40.63315317422223], [-73.78234279333334, 40.6331821388889], [-73.7823577588, 40.633211472], [-73.78236866053334, 40.633241173555554], [-73.78237549853333, 40.633271243555555], [-73.7823782728, 40.63330168200001], [-73.78237698333334, 40.6333324888889], [-73.78237163013334, 40.63336366422223], [-73.7823622132, 40.633395208], [-73.78234873253334, 40.63342712022222], [-73.78233118813334, 40.63345940088889], [-73.78230958, 40.63349205], [-73.78227768791112, 40.63352935417778], [-73.78224340364444, 40.63356232271112], [-73.7822067272, 40.63359095560001], [-73.78216765857779, 40.63361525284444], [-73.78212619777779, 40.63363521444445], [-73.7820823448, 40.6336508404], [-73.78203609964444, 40.633662130711116], [-73.78198746231112, 40.633669085377775], [-73.7819364328, 40.6336717044], [-73.78188301111112, 40.63366998777778], [-73.78182719724445, 40.63366393551111], [-73.78176899120001, 40.633653547600005], [-73.78170839297778, 40.63363882404444], [-73.78164540257778, 40.63361976484445], [-73.78158002, 40.63359637], [-73.78151940444444, 40.63356272022222], [-73.78146474444445, 40.6335290908889], [-73.78141604000001, 40.633495482], [-73.78137329111112, 40.633461893555555], [-73.78133649777779, 40.633428325555556], [-73.78130566, 40.633394778], [-73.78128077777777, 40.63336125088889], [-73.7812618511111, 40.63332774422222], [-73.78124888, 40.633294258], [-73.78124186444444, 40.63326079222223], [-73.78124080444444, 40.63322734688889], [-73.7812457, 40.633193922], [-73.7812565511111, 40.63316051755556], [-73.78127335777776, 40.633127133555554], [-73.78129612, 40.63309377], [-73.78132553586664, 40.63305798275557], [-73.7813569408, 40.633025679688885], [-73.78139033480001, 40.632996860800006], [-73.78142571786668, 40.632971526088895], [-73.78146309, 40.632949675555565], [-73.7815024512, 40.6329313092], [-73.78154380146667, 40.632916427022224], [-73.7815871408, 40.632905029022226], [-73.78163246919999, 40.6328971152], [-73.78167978666667, 40.63289268555556], [-73.7817290932, 40.632891740088894], [-73.7817803888, 40.63289427880001], [-73.78183367346666, 40.63290030168889], [-73.7818889472, 40.63290980875556], [-73.78194621, 40.6329228], [-73.78209391, 40.63278462], [-73.78126213, 40.63240175], [-73.78117065, 40.63257131], [-73.78117695982223, 40.63257993986667], [-73.78118242795557, 40.6325885628], [-73.78118705440001, 40.6325971788], [-73.78119083915557, 40.63260578786667], [-73.78119378222223, 40.632614390000015], [-73.7811958836, 40.6326229852], [-73.78119714328889, 40.63263157346667], [-73.78119756128888, 40.6326401548], [-73.78119713759999, 40.6326487292], [-73.78119587222221, 40.632657296666665], [-73.78119376515555, 40.6326658572], [-73.7811908164, 40.63267441080001], [-73.78118702595555, 40.63268295746667], [-73.78118239382222, 40.6326914972], [-73.78117692, 40.63270003], [-73.78082086, 40.63318922], [-73.78081479075556, 40.63319633906667], [-73.78080727902224, 40.6332029736], [-73.7807983248, 40.633209123600004], [-73.7807879280889, 40.63321478906667], [-73.78077608888891, 40.63321997], [-73.7807628072, 40.6332246664], [-73.78074808302225, 40.633228878266664], [-73.78073191635556, 40.6332326056], [-73.78071430720001, 40.63323584839999], [-73.78069525555557, 40.633238606666666], [-73.78067476142223, 40.633240880399995], [-73.78065282480001, 40.6332426696], [-73.7806294456889, 40.63324397426666], [-73.78060462408891, 40.6332447944], [-73.78057836, 40.63324513], [-73.78056337386668, 40.63324474204444], [-73.78054854080001, 40.63324401017778], [-73.78053386080002, 40.63324293440001], [-73.78051933386668, 40.633241514711116], [-73.78050496000002, 40.63323975111112], [-73.7804907392, 40.6332376436], [-73.78047667146667, 40.63323519217778], [-73.7804627568, 40.63323239684444], [-73.7804489952, 40.6332292576], [-73.78043538666668, 40.63322577444444], [-73.78042193120001, 40.63322194737778], [-73.78040862880002, 40.6332177764], [-73.78039547946668, 40.63321326151111], [-73.7803824832, 40.63320840271111], [-73.78036964, 40.6332032], [-73.78032619031111, 40.6331840612], [-73.78028652124445, 40.63316395146666], [-73.78025063279999, 40.63314287080001], [-73.78021852497778, 40.6331208192], [-73.7801901977778, 40.633097796666675], [-73.7801656512, 40.6330738032], [-73.78014488524444, 40.6330488388], [-73.78012789991112, 40.63302290346667], [-73.7801146952, 40.632995997200005], [-73.78010527111113, 40.63296812], [-73.78009962764443, 40.63293927186667], [-73.7800977648, 40.6329094528], [-73.78009968257777, 40.6328786628], [-73.78010538097777, 40.63284690186667], [-73.78011486, 40.63281417], [-73.78020695, 40.63261151], [-73.78022907173333, 40.632570980488886], [-73.78025394093333, 40.63253437595556], [-73.7802815576, 40.632501696400006], [-73.78031192173334, 40.63247294182223], [-73.78034503333333, 40.632448112222235], [-73.7803808924, 40.63242720760001], [-73.78041949893333, 40.63241022795556], [-73.78046085293333, 40.632397173288894], [-73.7805049544, 40.6323880436], [-73.78055180333334, 40.632382838888894], [-73.78060139973333, 40.63238155915556], [-73.7806537436, 40.632384204400005], [-73.78070883493334, 40.63239077462222], [-73.78076667373332, 40.632401269822225], [-73.78082726, 40.63241569], [-73.78093314, 40.63225558], [-73.78006375, 40.63185283], [-73.77996982, 40.63202709], [-73.77997004035555, 40.632050170666666], [-73.77996977075556, 40.63207312466667], [-73.77996901120001, 40.632095952], [-73.77996776168891, 40.63211865266667], [-73.77996602222224, 40.632141226666675], [-73.7799637928, 40.632163674], [-73.77996107342223, 40.632185994666656], [-73.77995786408889, 40.63220818866667], [-73.7799541648, 40.632230256], [-73.77994997555555, 40.63225219666667], [-73.77994529635555, 40.63227401066666], [-73.7799401272, 40.632295698], [-73.7799344680889, 40.63231725866667], [-73.77992831902223, 40.632338692666664], [-73.77992168, 40.63236], [-73.77973383, 40.63286317], [-73.77971948057777, 40.63289101346667], [-73.77970365097778, 40.63291811186667], [-73.7796863412, 40.632944465200005], [-73.77966755124444, 40.63297007346667], [-73.77964728111112, 40.63299493666668], [-73.77962553079999, 40.63301905480001], [-73.7796023003111, 40.63304242786667], [-73.77957758964445, 40.63306505586667], [-73.7795513988, 40.633086938800005], [-73.77952372777777, 40.63310807666667], [-73.77949457657778, 40.63312846946667], [-73.7794639452, 40.63314811720001], [-73.77943183364444, 40.63316701986667], [-73.77939824191111, 40.63318517746667], [-73.77936317, 40.63320259], [-73.77932730813333, 40.63321895911111], [-73.77929134653334, 40.633233986444445], [-73.77925528520001, 40.633247672], [-73.77921912413333, 40.63326001577778], [-73.77918286333335, 40.63327101777778], [-73.7791465028, 40.633280678], [-73.77911004253333, 40.63328899644444], [-73.77907348253333, 40.63329597311111], [-73.77903682280001, 40.633301608], [-73.77900006333334, 40.633305901111115], [-73.77896320413333, 40.63330885244444], [-73.77892624520001, 40.633310462], [-73.77888918653333, 40.633310729777776], [-73.77885202813334, 40.63330965577778], [-73.77881477, 40.63330724], [-73.77810585, 40.63298606], [-73.77805482093333, 40.63295657724444], [-73.77800916573334, 40.63292550497778], [-73.77796888440002, 40.632892843200004], [-73.77793397693334, 40.632858591911116], [-73.77790444333334, 40.632822751111114], [-73.7778802836, 40.6327853208], [-73.77786149773333, 40.63274630097778], [-73.77784808573334, 40.632705691644446], [-73.77784004760001, 40.6326634928], [-73.77783738333333, 40.63261970444445], [-73.77784009293333, 40.63257432657778], [-73.7778481764, 40.6325273592], [-73.77786163373334, 40.63247880231111], [-73.77788046493333, 40.63242865591111], [-73.77790467, 40.63237692], [-73.77773093, 40.63229603], [-73.77698022, 40.63325434], [-73.77718614, 40.63329652]], [[-73.79779231, 40.64137923], [-73.79776332822222, 40.64138595053333], [-73.79773368688889, 40.641392136133334], [-73.797703386, 40.6413977868], [-73.79767242555556, 40.641402902533336], [-73.79764080555557, 40.64140748333334], [-73.797608526, 40.6414115292], [-73.7975755868889, 40.64141504013333], [-73.79754198822222, 40.641418016133336], [-73.79750773, 40.6414204572], [-73.79747281222222, 40.641422363333334], [-73.79743723488889, 40.64142373453333], [-73.797400998, 40.6414245708], [-73.79736410155556, 40.64142487213333], [-73.79732654555556, 40.64142463853333], [-73.79728833, 40.64142387], [-73.79723641635556, 40.641424965911106], [-73.7971843660889, 40.64142462964445], [-73.7971321792, 40.6414228612], [-73.79707985568889, 40.641419660577775], [-73.79702739555556, 40.64141502777778], [-73.79697479880001, 40.64140896280001], [-73.79692206542222, 40.64140146564444], [-73.79686919542223, 40.64139253631111], [-73.79681618880001, 40.6413821748], [-73.79676304555556, 40.641370381111116], [-73.79670976568889, 40.64135715524444], [-73.7966563492, 40.6413424972], [-73.79660279608889, 40.641326406977775], [-73.79654910635556, 40.64130888457778], [-73.79649528, 40.64128993], [-73.79645825853333, 40.64127442635555], [-73.79642360213333, 40.64125845675556], [-73.7963913108, 40.64124202120001], [-73.79636138453334, 40.64122511968889], [-73.79633382333334, 40.64120775222223], [-73.7963086272, 40.6411899188], [-73.79628579613333, 40.641171619422224], [-73.79626533013334, 40.64115285408889], [-73.7962472292, 40.6411336228], [-73.79623149333335, 40.64111392555556], [-73.79621812253333, 40.64109376235555], [-73.7962071168, 40.6410731332], [-73.79619847613334, 40.641052038088894], [-73.79619220053334, 40.64103047702222], [-73.79618829, 40.64100845], [-73.79618230813334, 40.64098344560001], [-73.79617596253335, 40.6409586484], [-73.79616925320002, 40.640934058400006], [-73.79616218013335, 40.64090967560001], [-73.79615474333335, 40.64088550000001], [-73.79614694280001, 40.640861531599995], [-73.79613877853335, 40.6408377704], [-73.79613025053334, 40.6408142164], [-73.79612135880001, 40.640790869599996], [-73.79611210333334, 40.64076773], [-73.79610248413334, 40.6407447976], [-73.79609250120001, 40.6407220724], [-73.79608215453334, 40.6406995544], [-73.79607144413333, 40.6406772436], [-73.79606037, 40.64065514], [-73.79604919373334, 40.640633552311115], [-73.79603817693335, 40.64061278924444], [-73.79602731960001, 40.640592850800004], [-73.79601662173334, 40.64057373697778], [-73.79600608333334, 40.640555447777786], [-73.7959957044, 40.6405379832], [-73.79598548493334, 40.640521343244444], [-73.79597542493333, 40.64050552791111], [-73.7959655244, 40.640490537199994], [-73.79595578333334, 40.640476371111106], [-73.79594620173333, 40.64046302964444], [-73.7959367796, 40.6404505128], [-73.79592751693333, 40.64043882057777], [-73.79591841373333, 40.640427952977774], [-73.79590947, 40.64041791], [-73.79591484351111, 40.64042567657778], [-73.79591944937778, 40.64043233364444], [-73.7959232876, 40.64043788120001], [-73.79592635817777, 40.640442319244436], [-73.7959286611111, 40.64044564777778], [-73.7959301964, 40.640447866799995], [-73.79593096404443, 40.640448976311106], [-73.79593019640001, 40.640447866799995], [-73.7959286611111, 40.640445647777774], [-73.79592635817777, 40.64044231924444], [-73.7959232876, 40.6404378812], [-73.79591944937778, 40.64043233364444], [-73.79591484351111, 40.64042567657778], [-73.79590947, 40.64041791], [-73.79590178618074, 40.64040585277926], [-73.79589595197926, 40.64039467543408], [-73.79589188528001, 40.64038442344002], [-73.79588950396743, 40.6403751422726], [-73.79588872592593, 40.640366877407416], [-73.79588946903999, 40.64035967432], [-73.79589165119405, 40.64035357848593], [-73.79589519027257, 40.64034863538074], [-73.79590000415999, 40.64034489048001], [-73.79590601074074, 40.64034238925927], [-73.79591312789924, 40.640341177194074], [-73.79592127352001, 40.64034129976], [-73.79593036548741, 40.6403428024326], [-73.79594032168592, 40.64034573068741], [-73.79595106, 40.64035013], [-73.79781761, 40.6411958], [-73.79784109097778, 40.64121291995555], [-73.79786097657778, 40.64122934115556], [-73.79787726680001, 40.6412450636], [-73.79788996164446, 40.641260087288885], [-73.79789906111114, 40.641274412222224], [-73.7979045652, 40.64128803839999], [-73.79790647391111, 40.64130096582222], [-73.79790478724445, 40.64131319448889], [-73.79789950520001, 40.64132472439999], [-73.79789062777779, 40.64133555555556], [-73.79787815497778, 40.64134568795555], [-73.79786208680002, 40.6413551216], [-73.79784242324445, 40.64136385648889], [-73.79781916431112, 40.641371892622224], [-73.79779231, 40.64137923]], [[-73.79496845, 40.64044653], [-73.7949644480889, 40.6404599052], [-73.7949592636889, 40.64047199080001], [-73.79495289680001, 40.6404827868], [-73.79494534742223, 40.640492293200005], [-73.79493661555557, 40.64050051000001], [-73.79492670120001, 40.6405074372], [-73.79491560435555, 40.6405130748], [-73.79490332502222, 40.6405174228], [-73.7948898632, 40.6405204812], [-73.79487521888889, 40.64052225], [-73.79485939208888, 40.6405227292], [-73.7948423828, 40.640521918800005], [-73.79482419102223, 40.6405198188], [-73.79480481675556, 40.640516429200005], [-73.79478426, 40.64051175], [-73.79351334, 40.63992938], [-73.79346077115555, 40.63989873808888], [-73.79341316862222, 40.63986810302222], [-73.79337053240002, 40.63983747480001], [-73.7933328624889, 40.63980685342222], [-73.7933001588889, 40.63977623888889], [-73.79327242160001, 40.6397456312], [-73.79324965062223, 40.63971503035555], [-73.79323184595555, 40.63968443635555], [-73.79321900759999, 40.6396538492], [-73.79321113555555, 40.63962326888888], [-73.79320822982223, 40.63959269542222], [-73.7932102904, 40.6395621288], [-73.79321731728888, 40.639531569022225], [-73.7932293104889, 40.639501016088886], [-73.79324627, 40.63947047], [-73.79326733617778, 40.63944174951111], [-73.79329164937778, 40.63941667337778], [-73.7933192096, 40.6393952416], [-73.79335001684446, 40.63937745417778], [-73.79338407111112, 40.63936331111112], [-73.79342137239999, 40.6393528124], [-73.79346192071111, 40.639345958044444], [-73.79350571604444, 40.63934274804445], [-73.7935527584, 40.639343182400005], [-73.79360304777778, 40.63934726111111], [-73.79365658417778, 40.63935498417778], [-73.7937133676, 40.6393663516], [-73.79377339804445, 40.63938136337778], [-73.79383667551112, 40.639400019511115], [-73.7939032, 40.63942232], [-73.79438012, 40.63963839], [-73.79469216, 40.63980591], [-73.79473456662221, 40.639829259422214], [-73.7947735464889, 40.639855374355555], [-73.7948090996, 40.639884254799995], [-73.79484122595557, 40.63991590075556], [-73.79486992555556, 40.639950312222226], [-73.79489519839998, 40.639987489199996], [-73.79491704448888, 40.64002743168889], [-73.79493546382221, 40.64007013968889], [-73.7949504564, 40.6401156132], [-73.79496202222222, 40.640163852222216], [-73.79497016128889, 40.640214856755556], [-73.7949748736, 40.6402686268], [-73.79497615915555, 40.64032516235555], [-73.79497401795555, 40.64038446342222], [-73.79496845, 40.64044653]], [[-73.79292087, 40.63932604], [-73.79289792604446, 40.6393539592889], [-73.79287207284445, 40.6393781864889], [-73.7928433104, 40.63939872160001], [-73.79281163871113, 40.639415564622226], [-73.7927770577778, 40.63942871555556], [-73.79273956760001, 40.639438174400006], [-73.79269916817779, 40.639443941155555], [-73.79265585951111, 40.63944601582222], [-73.79260964160001, 40.6394443984], [-73.79256051444446, 40.63943908888889], [-73.79250847804445, 40.639430087288886], [-73.7924535324, 40.639417393600006], [-73.79239567751111, 40.63940100782222], [-73.79233491337779, 40.63938092995556], [-73.79227124, 40.63935716], [-73.79155343, 40.63903194], [-73.79149698595553, 40.63900256697778], [-73.79144598715557, 40.63897320257778], [-73.7914004336, 40.638943846800004], [-73.79136032528889, 40.63891449964445], [-73.79132566222222, 40.63888516111112], [-73.79129644440002, 40.6388558312], [-73.79127267182223, 40.63882650991111], [-73.79125434448889, 40.63879719724445], [-73.79124146240001, 40.638767893200004], [-73.79123402555555, 40.63873859777779], [-73.79123203395557, 40.63870931097778], [-73.7912354876, 40.6386800328], [-73.7912443864889, 40.63865076324444], [-73.79125873062222, 40.63862150231112], [-73.79127852, 40.63859225], [-73.79130257973334, 40.638564737155555], [-73.79132973493336, 40.638540694622215], [-73.79135998560001, 40.6385201224], [-73.79139333173336, 40.63850302048889], [-73.79142977333335, 40.6384893888889], [-73.7914693104, 40.6384792276], [-73.79151194293333, 40.638472536622224], [-73.79155767093334, 40.638469315955554], [-73.79160649440001, 40.638469565600005], [-73.79165841333335, 40.638473285555555], [-73.79171342773333, 40.63848047582222], [-73.7917715376, 40.6384911364], [-73.79183274293334, 40.63850526728889], [-73.79189704373333, 40.638522868488884], [-73.79196444, 40.63854394], [-73.79265875, 40.6388585], [-73.79271259106666, 40.63889097973333], [-73.79276123693334, 40.638923272266666], [-73.7928046876, 40.638955377600006], [-73.79284294306667, 40.638987295733344], [-73.79287600333333, 40.63901902666667], [-73.7929038684, 40.6390505704], [-73.79292653826667, 40.639081926933336], [-73.79294401293333, 40.63911309626667], [-73.7929562924, 40.6391440784], [-73.79296337666668, 40.63917487333333], [-73.79296526573333, 40.63920548106667], [-73.7929619596, 40.6392359016], [-73.79295345826668, 40.63926613493334], [-73.79293976173334, 40.63929618106667], [-73.79292087, 40.63932604]], [[-73.79070599, 40.63797378], [-73.79076186484444, 40.63800763924445], [-73.79081228671112, 40.638041198311114], [-73.7908572556, 40.638074457200005], [-73.79089677151113, 40.638107415911115], [-73.79093083444444, 40.63814007444445], [-73.79095944439999, 40.638172432800005], [-73.79098260137778, 40.63820449097778], [-73.79100030537778, 40.638236248977776], [-73.7910125564, 40.6382677068], [-73.79101935444444, 40.638298864444444], [-73.79102069951111, 40.638329721911106], [-73.7910165916, 40.6383602792], [-73.79100703071111, 40.63839053631111], [-73.79099201684444, 40.638420493244446], [-73.79097155, 40.63845015], [-73.79094703848888, 40.638477805866664], [-73.79091989062222, 40.63850176013333], [-73.7908901064, 40.6385220128], [-73.79085768582223, 40.63853856386667], [-73.79082262888889, 40.63855141333334], [-73.7907849356, 40.638560561199995], [-73.79074460595555, 40.638566007466665], [-73.79070163995556, 40.63856775213333], [-73.7906560376, 40.6385657952], [-73.79060779888889, 40.63856013666667], [-73.79055692382222, 40.638550776533336], [-73.7905034124, 40.6385377148], [-73.79044726462223, 40.63852095146667], [-73.79038848048889, 40.63850048653334], [-73.79032706, 40.63847632], [-73.78979909, 40.63823712], [-73.7897440788, 40.63820674235556], [-73.78969435186669, 40.63817645475556], [-73.78964990920001, 40.638146257200006], [-73.78961075080001, 40.6381161496889], [-73.78957687666669, 40.63808613222223], [-73.7895482868, 40.638056204799994], [-73.7895249812, 40.63802636742222], [-73.78950695986669, 40.63799662008889], [-73.7894942228, 40.6379669628], [-73.78948677000001, 40.637937395555554], [-73.78948460146667, 40.63790791835555], [-73.78948771720002, 40.6378785312], [-73.7894961172, 40.63784923408889], [-73.78950980146668, 40.63782002702222], [-73.78952877, 40.63779091], [-73.78955220333333, 40.637763696933334], [-73.789579282, 40.63774020173334], [-73.789610006, 40.6377204244], [-73.78964437533334, 40.63770436493334], [-73.78968239000001, 40.637692023333344], [-73.78972405, 40.6376833996], [-73.78976935533333, 40.63767849373333], [-73.789818306, 40.637677305733334], [-73.789870902, 40.6376798356], [-73.78992714333333, 40.637686083333335], [-73.78998703, 40.637696048933336], [-73.790050562, 40.637709732400005], [-73.79011773933334, 40.637727133733335], [-73.79018856200001, 40.637748252933335], [-73.79026303, 40.63777309], [-73.79070599, 40.63797378]], [[-73.78896932, 40.63718695], [-73.78902176062225, 40.637222836933326], [-73.7890690264889, 40.637258151066675], [-73.78911111760002, 40.63729289240001], [-73.78914803395556, 40.63732706093334], [-73.78917977555557, 40.63736065666667], [-73.78920634239999, 40.6373936796], [-73.78922773448889, 40.63742612973334], [-73.78924395182223, 40.63745800706667], [-73.7892549944, 40.6374893116], [-73.78926086222222, 40.63752004333334], [-73.78926155528889, 40.63755020226667], [-73.7892570736, 40.637579788400004], [-73.78924741715556, 40.637608801733336], [-73.78923258595555, 40.63763724226666], [-73.78921258, 40.63766511], [-73.7891887156, 40.637690955555556], [-73.78916230906665, 40.63771332955555], [-73.78913336040002, 40.637732232], [-73.7891018696, 40.6377476628889], [-73.78906783666667, 40.63775962222223], [-73.7890312616, 40.63776811], [-73.7889921444, 40.63777312622222], [-73.78895048506666, 40.63777467088889], [-73.7889062836, 40.637772744], [-73.78885954, 40.63776734555556], [-73.78881025426666, 40.63775847555556], [-73.7887584264, 40.637746134], [-73.78870405640001, 40.63773032088889], [-73.78864714426668, 40.63771103622222], [-73.78858769, 40.63768828], [-73.78585749, 40.63645133], [-73.78581792751112, 40.636428558488895], [-73.78578316804445, 40.63640522528888], [-73.78575321160001, 40.636381330400006], [-73.78572805817778, 40.63635687382223], [-73.78570770777779, 40.63633185555556], [-73.7856921604, 40.6363062756], [-73.78568141604445, 40.63628013395555], [-73.7856754747111, 40.63625343062222], [-73.78567433639999, 40.6362261656], [-73.78567800111111, 40.63619833888889], [-73.78568646884445, 40.636169950488885], [-73.7856997396, 40.6361410004], [-73.78571781337777, 40.63611148862222], [-73.78574069017778, 40.63608141515556], [-73.78576837, 40.63605078], [-73.78579578755556, 40.6360258951111], [-73.78582403755556, 40.63600372577778], [-73.78585312, 40.635984272], [-73.7858830348889, 40.63596753377778], [-73.78591378222222, 40.63595351111111], [-73.785945362, 40.635942204], [-73.78597777422222, 40.63593361244444], [-73.78601101888889, 40.635927736444444], [-73.786045096, 40.635924576], [-73.78608000555556, 40.63592413111111], [-73.78611574755556, 40.63592640177778], [-73.786152322, 40.635931388], [-73.78618972888889, 40.63593908977778], [-73.78622796822222, 40.635949507111114], [-73.78626704, 40.63596264], [-73.78896932, 40.63718695]], [[-73.7855783, 40.6356506], [-73.78559313204445, 40.6356611132], [-73.78560579617778, 40.6356715168], [-73.78561629240002, 40.63568181080001], [-73.78562462071112, 40.635691995200006], [-73.78563078111111, 40.63570207], [-73.7856347736, 40.635712035199994], [-73.78563659817777, 40.6357218908], [-73.78563625484445, 40.6357316368], [-73.78563374360002, 40.6357412732], [-73.78562906444445, 40.6357508], [-73.78562221737778, 40.6357602172], [-73.78561320240001, 40.6357695248], [-73.78560201951112, 40.6357787228], [-73.78558866871111, 40.6357878112], [-73.78557315, 40.63579679], [-73.7852811, 40.63592297], [-73.78524144884445, 40.63593900506667], [-73.78520151137779, 40.63595259826668], [-73.78516128760002, 40.63596374960001], [-73.78512077751114, 40.63597245906668], [-73.78507998111112, 40.63597872666667], [-73.7850388984, 40.63598255240001], [-73.78499752937778, 40.63598393626666], [-73.78495587404444, 40.63598287826667], [-73.7849139324, 40.6359793784], [-73.78487170444444, 40.63597343666667], [-73.78482919017779, 40.63596505306667], [-73.7847863896, 40.6359542276], [-73.7847433027111, 40.635940960266666], [-73.7846999295111, 40.635925251066666], [-73.78465627, 40.6359071], [-73.78449869, 40.63583571], [-73.7844558673778, 40.63581341075555], [-73.7844177621778, 40.63579053702223], [-73.78438437440002, 40.63576708880001], [-73.78435570404447, 40.6357430660889], [-73.78433175111113, 40.635718468888896], [-73.7843125156, 40.6356932972], [-73.78429799751112, 40.63566755102222], [-73.78428819684444, 40.63564123035556], [-73.7842831136, 40.6356143352], [-73.78428274777778, 40.63558686555555], [-73.78428709937778, 40.63555882142222], [-73.7842961684, 40.6355302028], [-73.78430995484445, 40.63550100968889], [-73.78432845871112, 40.63547124208889], [-73.78435168, 40.6354409], [-73.784378004, 40.6354118844], [-73.784405816, 40.63538609626668], [-73.784435116, 40.6353635356], [-73.784465904, 40.635344202400006], [-73.78449818000001, 40.63532809666667], [-73.784531944, 40.635315218399995], [-73.784567196, 40.6353055676], [-73.784603936, 40.63529914426667], [-73.784642164, 40.6352959484], [-73.78468188, 40.63529598], [-73.784723084, 40.63529923906667], [-73.784765776, 40.6353057256], [-73.784809956, 40.6353154396], [-73.784855624, 40.63532838106667], [-73.78490278, 40.63534455], [-73.7855783, 40.6356506]], [[-73.78389549, 40.63488818], [-73.78392235537187, 40.63490204397038], [-73.78394817484147, 40.6349200114963], [-73.78397264144003, 40.634941584], [-73.78399544819854, 40.63496626290371], [-73.78401628814818, 40.63499354962964], [-73.78403485432, 40.6350229456], [-73.78405083974518, 40.63505395223703], [-73.7840639374548, 40.63508607096296], [-73.78407384048, 40.6351188032], [-73.78408024185185, 40.635151650370375], [-73.78408283460146, 40.6351841138963], [-73.78408131175999, 40.6352156952], [-73.78407536635852, 40.635245895703704], [-73.78406469142814, 40.63527421682963], [-73.78404898, 40.63530016], [-73.78402821001481, 40.63532359181333], [-73.78400291451852, 40.63534467957334], [-73.7839736192, 40.63536337576001], [-73.78394084974813, 40.63537963285334], [-73.78390513185187, 40.63539340333334], [-73.7838669912, 40.63540463968], [-73.78382695348147, 40.63541329437333], [-73.78378554438517, 40.63541931989334], [-73.7837432896, 40.63542266872], [-73.78370071481481, 40.63542329333333], [-73.78365834571852, 40.63542114621333], [-73.783616708, 40.63541617984001], [-73.78357632734814, 40.63540834669334], [-73.78353772945185, 40.63539759925333], [-73.78350144, 40.63538389], [-73.78346783655111, 40.635367207831116], [-73.78343704547555, 40.63534777371556], [-73.78340921568001, 40.63532588824001], [-73.78338449607112, 40.63530185199112], [-73.78336303555557, 40.635275965555564], [-73.78334498304, 40.635248529520005], [-73.7833304874311, 40.63521984447111], [-73.78331969763556, 40.63519021099556], [-73.78331276256, 40.63515992968], [-73.78330983111111, 40.63512930111112], [-73.78331105219554, 40.63509862587556], [-73.78331657472, 40.63506820456001], [-73.78332654759112, 40.63503833775111], [-73.78334111971554, 40.63500932603556], [-73.78336044, 40.63498147], [-73.78338450057775, 40.63495588171852], [-73.78341279768891, 40.63493341788147], [-73.7834447364, 40.634913996], [-73.7834797217778, 40.634897533585196], [-73.7835171588889, 40.63488394814816], [-73.7835564528, 40.634873157200005], [-73.78359700857777, 40.63486507825185], [-73.78363823128889, 40.63485962881481], [-73.783679526, 40.634856726399995], [-73.78372029777779, 40.63485628851852], [-73.7837599516889, 40.63485823268148], [-73.78379789280001, 40.6348624764], [-73.78383352617779, 40.63486893718518], [-73.7838662568889, 40.634877532548145], [-73.78389549, 40.63488818]], [[-73.78289477, 40.63443479], [-73.78293695044445, 40.6344599624889], [-73.78297455577778, 40.63448546662223], [-73.78300758600001, 40.63451130240001], [-73.78303604111112, 40.63453746982223], [-73.78305992111112, 40.634563968888905], [-73.78307922599998, 40.634590799600005], [-73.78309395577777, 40.63461796195556], [-73.78310411044444, 40.634645455955564], [-73.78310968999999, 40.6346732816], [-73.78311069444445, 40.6347014388889], [-73.78310712377777, 40.63472992782222], [-73.783098978, 40.63475874840001], [-73.78308625711111, 40.63478790062223], [-73.78306896111111, 40.63481738448889], [-73.78304709, 40.6348472], [-73.7830221583111, 40.63487557306667], [-73.78299568057777, 40.634900729600005], [-73.78296765680001, 40.6349226696], [-73.7829380869778, 40.63494139306667], [-73.78290697111113, 40.6349569], [-73.7828743092, 40.6349691904], [-73.78284010124445, 40.634978264266664], [-73.78280434724445, 40.6349841216], [-73.7827670472, 40.6349867624], [-73.78272820111113, 40.634986186666666], [-73.78268780897778, 40.6349823944], [-73.7826458708, 40.6349753856], [-73.78260238657778, 40.63496516026666], [-73.78255735631112, 40.634951718399996], [-73.78251078, 40.63493506], [-73.782308, 40.63484319], [-73.78225154075555, 40.634811647288885], [-73.78220056302224, 40.63478022715556], [-73.7821550668, 40.6347489296], [-73.7821150520889, 40.63471775462223], [-73.78208051888889, 40.634686702222226], [-73.7820514672, 40.634655772399995], [-73.78202789702223, 40.63462496515555], [-73.78200980835555, 40.634594280488884], [-73.7819972012, 40.6345637184], [-73.78199007555557, 40.63453327888888], [-73.78198843142222, 40.63450296195555], [-73.7819922688, 40.6344727676], [-73.78200158768888, 40.63444269582222], [-73.78201638808889, 40.63441274662222], [-73.78203667, 40.63438292], [-73.78206109831112, 40.634354973866664], [-73.78208833791112, 40.63433066613334], [-73.78211838880001, 40.6343099968], [-73.78215125097778, 40.63429296586667], [-73.78218692444446, 40.63427957333334], [-73.78222540920001, 40.6342698192], [-73.78226670524444, 40.634263703466665], [-73.78231081257778, 40.63426122613333], [-73.7823577312, 40.6342623872], [-73.78240746111112, 40.63426718666667], [-73.78246000231111, 40.63427562453333], [-73.7825153548, 40.6342877008], [-73.78257351857778, 40.63430341546667], [-73.78263449364445, 40.63432276853333], [-73.78269828, 40.63434576], [-73.78289477, 40.63443479]], [[-73.78140772, 40.63376106], [-73.78144276511999, 40.63377729386963], [-73.78148067322667, 40.633797301890375], [-73.78152036544002, 40.63382074568], [-73.78156076288002, 40.6338472868563], [-73.78160078666669, 40.633876587037044], [-73.78163935792001, 40.63390830784001], [-73.78167539776, 40.633942110882955], [-73.78170782730666, 40.63397765778371], [-73.78173556768, 40.63401461016001], [-73.78175754, 40.634052629629636], [-73.78177266538665, 40.63409137781037], [-73.78177986496001, 40.63413051632], [-73.78177805984001, 40.6341697067763], [-73.78176617114667, 40.63420861079704], [-73.78174312, 40.63424689], [-73.78171055497185, 40.63428101578963], [-73.78167151657482, 40.634308067783714], [-73.78162701384001, 40.63432861992001], [-73.78157805579853, 40.6343432461363], [-73.7815256514815, 40.63435252037038], [-73.78147080992001, 40.63435701656], [-73.78141454014519, 40.63435730864296], [-73.78135785118815, 40.63435397055703], [-73.78130175208, 40.63434757624], [-73.78124725185187, 40.63433869962963], [-73.78119535953482, 40.6343279146637], [-73.78114708416001, 40.63431579528], [-73.78110343475852, 40.63430291541629], [-73.78106542036149, 40.63428984901037], [-73.78103405, 40.63427717], [-73.78100455230224, 40.634262843194065], [-73.78097216708447, 40.634244678485935], [-73.78093792016003, 40.63422301744], [-73.78090283734224, 40.63419820162075], [-73.78086794444447, 40.6341705725926], [-73.78083426728001, 40.634140471920006], [-73.78080283166223, 40.63410824116741], [-73.78077466340444, 40.63407422189927], [-73.78075078832, 40.63403875568001], [-73.78073223222222, 40.634002184074085], [-73.78072002092443, 40.63396484864593], [-73.78071518024001, 40.63392709096001], [-73.78071873598222, 40.633889252580744], [-73.78073171396444, 40.6338516750726], [-73.78075514, 40.6338147], [-73.78078664046815, 40.633781283093334], [-73.78082271761185, 40.633753882613334], [-73.78086271104002, 40.63373209392], [-73.7809059603615, 40.633715512373335], [-73.7809518051852, 40.633703733333334], [-73.78099958512001, 40.63369635216001], [-73.78104863977482, 40.63369296421332], [-73.78109830875852, 40.63369316485333], [-73.78114793168001, 40.633696549439996], [-73.78119684814816, 40.633702713333335], [-73.78124439777186, 40.63371125189333], [-73.78128992016002, 40.63372176048], [-73.7813327549215, 40.63373383445333], [-73.7813722416652, 40.63374706917333], [-73.78140772, 40.63376106]], [[-73.78032191, 40.63386019], [-73.78031495093333, 40.633867747377785], [-73.78030749506667, 40.63387442484445], [-73.78029954240002, 40.6338802224], [-73.78029109293334, 40.63388514004445], [-73.78028214666666, 40.63388917777779], [-73.78027270359999, 40.6338923356], [-73.78026276373333, 40.63389461351111], [-73.78025232706666, 40.63389601151111], [-73.7802413936, 40.63389652960001], [-73.78022996333333, 40.63389616777778], [-73.78021803626666, 40.63389492604445], [-73.7802056124, 40.633892804400006], [-73.78019269173333, 40.63388980284445], [-73.78017927426667, 40.63388592137778], [-73.78016536, 40.63388116], [-73.77976939, 40.63371343], [-73.77974564333334, 40.63370202231112], [-73.77972461666667, 40.63369044724445], [-73.77970631, 40.633678704800005], [-73.77969072333335, 40.63366679497778], [-73.77967785666668, 40.63365471777779], [-73.77966771, 40.6336424732], [-73.77966028333333, 40.63363006124444], [-73.77965557666667, 40.633617481911116], [-73.77965359, 40.633604735199995], [-73.77965432333333, 40.63359182111111], [-73.77965777666665, 40.63357873964444], [-73.77966395, 40.633565490799995], [-73.77967284333333, 40.63355207457778], [-73.77968445666666, 40.63353849097778], [-73.77969879, 40.63352474], [-73.7797232828, 40.633496132266664], [-73.7797492172, 40.63347061306667], [-73.77977659320001, 40.6334481824], [-73.7798054108, 40.63342884026667], [-73.77983567000001, 40.63341258666667], [-73.77986737079999, 40.633399421600004], [-73.7799005132, 40.63338934506667], [-73.7799350972, 40.633382357066665], [-73.7799711228, 40.6333784576], [-73.78000859, 40.63337764666667], [-73.7800474988, 40.63337992426666], [-73.7800878492, 40.6333852904], [-73.7801296412, 40.63339374506667], [-73.7801728748, 40.63340528826667], [-73.78021755, 40.63341992], [-73.78026038342223, 40.633436974355554], [-73.7802980916889, 40.63345578542223], [-73.78033067480003, 40.63347635320001], [-73.78035813275557, 40.63349867768889], [-73.78038046555557, 40.633522758888894], [-73.7803976732, 40.6335485968], [-73.7804097556889, 40.63357619142222], [-73.78041671302222, 40.63360554275556], [-73.7804185452, 40.6336366508], [-73.78041525222223, 40.63366951555556], [-73.7804068340889, 40.63370413702222], [-73.7803932908, 40.6337405152], [-73.78037462235555, 40.633778650088885], [-73.78035082875556, 40.63381854168889], [-73.78032191, 40.63386019]], [[-73.79585218, 40.64100581], [-73.79530216, 40.6407486], [-73.79529065720001, 40.64074227342222], [-73.79528002613334, 40.640735803022224], [-73.79527026680002, 40.64072918880001], [-73.79526137920001, 40.64072243075557], [-73.79525336333336, 40.6407155288889], [-73.79524621920001, 40.640708483199994], [-73.7952399468, 40.64070129368889], [-73.79523454613334, 40.640693960355556], [-73.7952300172, 40.6406864832], [-73.79522636, 40.640678862222224], [-73.79522357453334, 40.64067109742222], [-73.79522166080001, 40.640663188800005], [-73.7952206188, 40.64065513635556], [-73.79522044853334, 40.64064694008889], [-73.79522115, 40.6406386], [-73.79524886, 40.64031506], [-73.79525571973335, 40.64029336173334], [-73.79526379226667, 40.64027442426667], [-73.7952730776, 40.6402582476], [-73.79528357573334, 40.640244831733334], [-73.79529528666667, 40.640234176666674], [-73.7953082104, 40.64022628240001], [-73.79532234693333, 40.640221148933335], [-73.79533769626667, 40.64021877626667], [-73.79535425839998, 40.64021916440001], [-73.79537203333332, 40.64022231333334], [-73.79539102106665, 40.64022822306667], [-73.79541122159999, 40.64023689360001], [-73.79543263493332, 40.64024832493334], [-73.79545526106666, 40.640262517066674], [-73.7954791, 40.64027947], [-73.7954996800889, 40.64029781871111], [-73.79551991902223, 40.64031662751111], [-73.79553981680002, 40.6403358964], [-73.79555937342224, 40.64035562537778], [-73.79557858888892, 40.64037581444445], [-73.79559746320001, 40.6403964636], [-73.79561599635556, 40.64041757284444], [-73.79563418835556, 40.640439142177776], [-73.79565203920001, 40.6404611716], [-73.7956695488889, 40.640483661111105], [-73.79568671742223, 40.640506610711114], [-73.7957035448, 40.64053002040001], [-73.79572003102223, 40.64055389017778], [-73.7957361760889, 40.640578220044446], [-73.79575198, 40.64060301], [-73.79576722488889, 40.64062796533333], [-73.79578169288891, 40.64065279133333], [-73.795795384, 40.640677488], [-73.79580829822224, 40.640702055333335], [-73.79582043555557, 40.64072649333334], [-73.795831796, 40.640750802], [-73.79584237955555, 40.64077498133334], [-73.79585218622222, 40.64079903133333], [-73.795861216, 40.640822952], [-73.7958694688889, 40.640846743333334], [-73.79587694488889, 40.64087040533333], [-73.795883644, 40.640893938], [-73.79588956622223, 40.640917341333335], [-73.79589471155556, 40.64094061533333], [-73.79589908, 40.64096376], [-73.79589748835555, 40.640956915555556], [-73.7958961240889, 40.64095104888889], [-73.7958949872, 40.64094616], [-73.7958940776889, 40.64094224888889], [-73.79589339555557, 40.64093931555556], [-73.7958929408, 40.64093736], [-73.79589271342223, 40.64093638222222], [-73.79589271342222, 40.64093638222222], [-73.7958929408, 40.64093736], [-73.79589339555557, 40.640939315555556], [-73.79589407768889, 40.64094224888889], [-73.7958949872, 40.64094616], [-73.7958961240889, 40.64095104888889], [-73.79589748835556, 40.640956915555556], [-73.79589908, 40.64096376], [-73.79590046319998, 40.640970791333324], [-73.79590120213334, 40.64097721866667], [-73.7959012968, 40.640983042], [-73.79590074720001, 40.64098826133334], [-73.79589955333334, 40.64099287666667], [-73.7958977152, 40.640996888], [-73.79589523279999, 40.641000295333335], [-73.79589210613332, 40.641003098666665], [-73.7958883352, 40.64100529800001], [-73.79588392, 40.64100689333334], [-73.79587886053332, 40.641007884666664], [-73.7958731568, 40.641008272], [-73.7958668088, 40.64100805533334], [-73.79585981653334, 40.64100723466667], [-73.79585218, 40.64100581]]]}}, {"type": "Feature", "properties": {"name": "New Taxiway 2", "surface_type": "CONCRETE", "smoothness": 0.0, "texture_orientation": 91.0}, "geometry": {"type": "Polygon", "coordinates": [[[-73.78063698, 40.65289496], [-73.78061650173333, 40.652895904088886], [-73.7805958456, 40.65289656568889], [-73.7805750116, 40.652896944800005], [-73.78055399973334, 40.65289704142222], [-73.78053281000001, 40.65289685555557], [-73.78051144240001, 40.6528963872], [-73.78048989693335, 40.65289563635555], [-73.7804681736, 40.652894603022226], [-73.7804462724, 40.6528932872], [-73.78042419333335, 40.65289168888889], [-73.7804019364, 40.65288980808889], [-73.78037950160001, 40.6528876448], [-73.78035688893334, 40.65288519902222], [-73.7803340984, 40.65288247075556], [-73.78031113, 40.65287946], [-73.78028827791113, 40.652876216222225], [-73.78026583631112, 40.6528727888889], [-73.7802438052, 40.65286917800001], [-73.7802221845778, 40.652865383555564], [-73.78020097444444, 40.652861405555555], [-73.7801801748, 40.652857244], [-73.78015978564446, 40.65285289888889], [-73.78013980697779, 40.65284837022222], [-73.78012023880001, 40.652843658], [-73.78010108111111, 40.65283876222222], [-73.78008233391111, 40.65283368288888], [-73.7800639972, 40.65282842], [-73.78004607097778, 40.65282297355556], [-73.78002855524446, 40.652817343555554], [-73.78001145, 40.65281153], [-73.77981689, 40.65289679], [-73.78120758, 40.65356593], [-73.78130738, 40.65339951], [-73.7813059, 40.65334492], [-73.78135377, 40.65327319], [-73.78126171, 40.65327198], [-73.78126726, 40.65290295], [-73.78063698, 40.65289496]]]}}, {"type": "Feature", "properties": {"name": "New Taxiway 1", "surface_type": "UNKNOWN_53", "smoothness": 0.0, "texture_orientation": 30.0}, "geometry": {"type": "Polygon", "coordinates": [[[-73.77087676, 40.65081917], [-73.77056281, 40.65122085], [-73.76977652, 40.6508756], [-73.76894243, 40.65196622], [-73.77056326, 40.65268943], [-73.77171178, 40.65119788], [-73.77140518, 40.65105883], [-73.77117324, 40.65095364], [-73.77087676, 40.65081917]]]}}]}