{"type": "FeatureCollection", "features": [{"type": "Feature", "properties": {"name": "New Taxiway 1", "surface_type": "ASPHALT", "smoothness": 0.0, "texture_orientation": 0.0}, "geometry": {"type": "Polygon", "coordinates": [[[77.06801795, 28.54999643], [77.06793061, 28.54974786], [77.06759414, 28.54898788], [77.06758762622223, 28.54897829342222], [77.06758102622223, 28.548969341688892], [77.06757434, 28.5489610248], [77.06756756755557, 28.548953342755556], [77.06756070888892, 28.54894629555556], [77.067553764, 28.5489398832], [77.0675467328889, 28.548934105688886], [77.06753961555557, 28.54892896302222], [77.067532412, 28.5489244552], [77.06752512222224, 28.548920582222223], [77.06751774622224, 28.548917344088892], [77.067510284, 28.5489147408], [77.06750273555556, 28.548912772355557], [77.06749510088889, 28.548911438755557], [77.06748738, 28.54891074], [77.06747912706666, 28.548910676133335], [77.06746989626667, 28.548911247200003], [77.0674596876, 28.548912453200007], [77.06744850106669, 28.54891429413334], [77.06743633666667, 28.54891677], [77.0674231944, 28.548919880800003], [77.06740907426666, 28.54892362653333], [77.06739397626667, 28.548928007199997], [77.0673779004, 28.548933022800004], [77.06736084666667, 28.548938673333332], [77.06734281506667, 28.5489449588], [77.0673238056, 28.548951879200004], [77.06730381826667, 28.548959434533334], [77.06728285306667, 28.5489676248], [77.06726091, 28.54897645], [77.0670118, 28.5490536], [77.06585682, 28.54930788], [77.06581893657778, 28.549320344933335], [77.06578051831112, 28.549331225066673], [77.0657415652, 28.549340520400005], [77.06570207724444, 28.549348230933333], [77.06566205444445, 28.54935435666667], [77.06562149679999, 28.5493588976], [77.0655804043111, 28.549361853733334], [77.06553877697777, 28.549363225066667], [77.0654966148, 28.5493630116], [77.06545391777777, 28.549361213333334], [77.0654106859111, 28.54935783026667], [77.06536691919999, 28.549352862400003], [77.06532261764444, 28.549346309733338], [77.06527778124445, 28.54933817226667], [77.06523241, 28.54932845], [77.06518774333333, 28.54931619568889], [77.06514502066666, 28.549300462088887], [77.065104242, 28.549281249200003], [77.06506540733334, 28.549258557022224], [77.06502851666667, 28.54923238555556], [77.06499357, 28.549202734799998], [77.06496056733333, 28.549169604755555], [77.06492950866667, 28.54913299542222], [77.064900394, 28.549092906800002], [77.06487322333334, 28.54904933888889], [77.06484799666666, 28.549002291688886], [77.06482471400001, 28.5489517652], [77.06480337533334, 28.548897759422225], [77.06478398066668, 28.54884027435556], [77.06476653, 28.54877931], [77.06466948, 28.54839075], [77.06465894111112, 28.548356972622223], [77.06464975377779, 28.548324211155556], [77.064641918, 28.548292465600003], [77.06463543377778, 28.548261735955556], [77.06463030111112, 28.548232022222223], [77.06462652, 28.548203324400003], [77.06462409044444, 28.548175642488893], [77.06462301244444, 28.54814897648889], [77.064623286, 28.5481233264], [77.06462491111111, 28.548098692222226], [77.06462788777777, 28.548075073955555], [77.064632216, 28.548052471600002], [77.06463789577778, 28.548030885155555], [77.0646449271111, 28.548010314622225], [77.06465331, 28.54799076], [77.06466291506666, 28.547971053022223], [77.06467361293333, 28.547950025422224], [77.06468540360001, 28.547927677200008], [77.06469828706668, 28.547904008355562], [77.06471226333335, 28.547879018888892], [77.0647273324, 28.5478527088], [77.06474349426668, 28.547825078088888], [77.06476074893334, 28.547796126755557], [77.0647790964, 28.5477658548], [77.06479853666667, 28.54773426222222], [77.06481906973333, 28.547701349022226], [77.0648406956, 28.547667115200003], [77.06486341426667, 28.54763156075556], [77.06488722573333, 28.54759468568889], [77.06491213, 28.54755649], [77.06554288, 28.54702214], [77.06567146, 28.54738749], [77.06635908, 28.54723444], [77.06627523, 28.54742205], [77.06626009844445, 28.547434885822224], [77.06624601044444, 28.54744837995556], [77.066232966, 28.547462532400004], [77.06622096511111, 28.547477343155556], [77.06621000777778, 28.547492812222224], [77.066200094, 28.547508939600007], [77.06619122377776, 28.547525725288892], [77.0661833971111, 28.547543169288893], [77.066176614, 28.547561271600003], [77.06617087444445, 28.547580032222225], [77.06616617844443, 28.54759945115556], [77.066162526, 28.547619528400006], [77.06615991711111, 28.547640263955557], [77.06615835177777, 28.547661657822225], [77.06615783, 28.54768371], [77.06615864991112, 28.547706881244448], [77.06616110964444, 28.547731632311113], [77.06616520920001, 28.547757963200006], [77.06617094857778, 28.547785873911117], [77.06617832777779, 28.54781536444445], [77.06618734679999, 28.5478464348], [77.06619800564444, 28.54787908497778], [77.06621030431111, 28.547913314977777], [77.06622424279999, 28.5479491248], [77.06623982111111, 28.547986514444446], [77.06625703924445, 28.54802548391111], [77.0662758972, 28.5480660332], [77.06629639497777, 28.54810816231111], [77.06631853257778, 28.548151871244446], [77.06634231, 28.54819716], [77.06634593177778, 28.548213047333334], [77.06635004777779, 28.548228122666668], [77.066354658, 28.548242386], [77.06635976244446, 28.548255837333336], [77.06636536111112, 28.54826847666667], [77.066371454, 28.548280304], [77.06637804111111, 28.54829131933333], [77.06638512244446, 28.548301522666666], [77.066392698, 28.548310914], [77.0664007677778, 28.54831949333333], [77.06640933177778, 28.548327260666664], [77.06641839000001, 28.548334216], [77.06642794244445, 28.54834035933333], [77.06643798911111, 28.548345690666668], [77.06644853, 28.54835021], [77.06645964235554, 28.54835407102222], [77.06647140342224, 28.548357427422225], [77.06648381320001, 28.548360279200004], [77.06649687168891, 28.54836262635556], [77.0665105788889, 28.54836446888889], [77.0665249348, 28.548365806800003], [77.06653993942223, 28.548366640088886], [77.06655559275555, 28.548366968755552], [77.0665718948, 28.5483667928], [77.06658884555557, 28.548366112222226], [77.06660644502223, 28.548364927022224], [77.0666246932, 28.548363237200004], [77.0666435900889, 28.54836104275556], [77.06666313568888, 28.54835834368889], [77.06668333, 28.54835514], [77.06748806, 28.54822486], [77.06716411, 28.54707151], [77.06810887, 28.54686416], [77.06809142791113, 28.54688647551111], [77.06807488031112, 28.54690865937778], [77.06805922720001, 28.5469307116], [77.0680444685778, 28.54695263217778], [77.06803060444446, 28.54697442111112], [77.06801763480001, 28.546996078400003], [77.06800555964445, 28.547017604044445], [77.06799437897779, 28.54703899804445], [77.0679840928, 28.547060260400002], [77.06797470111113, 28.547081391111114], [77.06796620391111, 28.547102390177777], [77.06795860120002, 28.547123257600006], [77.06795189297779, 28.54714399337778], [77.06794607924445, 28.547164597511113], [77.06794116, 28.54718507], [77.0679371352, 28.547205739955558], [77.06793400480001, 28.54722693648889], [77.06793176880001, 28.547248659600005], [77.06793042720001, 28.547270909288894], [77.06792998, 28.54729368555556], [77.0679304272, 28.547316988400002], [77.06793176880001, 28.54734081782222], [77.06793400480001, 28.54736517382222], [77.0679371352, 28.547390056399998], [77.06794116, 28.547415465555556], [77.0679460792, 28.547441401288886], [77.0679518928, 28.5474678636], [77.0679586008, 28.54749485248889], [77.0679662032, 28.547522367955555], [77.0679747, 28.54755041], [77.0679912755111, 28.547605944177782], [77.06800766604445, 28.547657165377778], [77.06802387159999, 28.547704073600006], [77.06803989217778, 28.547746668844447], [77.06805572777778, 28.54778495111112], [77.06807137839999, 28.547818920400005], [77.06808684404443, 28.547848576711115], [77.0681021247111, 28.547873920044445], [77.06811722039998, 28.547894950400003], [77.0681321311111, 28.547911667777782], [77.06814685684444, 28.54792407217778], [77.0681613976, 28.547932163600002], [77.06817575337777, 28.547935942044447], [77.06818992417777, 28.547935407511112], [77.06820391, 28.54793056], [77.06821718906667, 28.547923226311116], [77.06822923960002, 28.547915233244446], [77.06824006160001, 28.547906580800003], [77.06824965506667, 28.54789726897778], [77.06825802, 28.54788729777778], [77.0682651564, 28.5478766672], [77.06827106426667, 28.54786537724444], [77.0682757436, 28.547853427911114], [77.06827919439999, 28.547840819199997], [77.06828141666666, 28.547827551111112], [77.0682824104, 28.547813623644444], [77.0682821756, 28.5477990368], [77.06828071226666, 28.54778379057778], [77.0682780204, 28.547767884977777], [77.0682741, 28.54775132], [77.06824375, 28.54714213], [77.06816477, 28.5468691], [77.06909278, 28.5466568], [77.06907181, 28.546683458933337], [77.06905213200002, 28.546709459733332], [77.069033746, 28.546734802400003], [77.06901665200002, 28.546759486933336], [77.06900085000002, 28.546783513333338], [77.06898634, 28.546806881600002], [77.068973122, 28.546829591733335], [77.06896119600002, 28.546851643733334], [77.06895056200001, 28.5468730376], [77.06894122, 28.546893773333334], [77.06893317, 28.546913850933336], [77.06892641200001, 28.546933270400004], [77.068920946, 28.546952031733333], [77.068916772, 28.546970134933332], [77.06891389, 28.54698758], [77.06891197702222, 28.547005178666666], [77.0689107100889, 28.547023742666667], [77.06891008920002, 28.547043272], [77.06891011435557, 28.54706376666667], [77.06891078555556, 28.54708522666667], [77.0689121028, 28.547107652], [77.0689140660889, 28.547131042666667], [77.06891667542223, 28.547155398666668], [77.0689199308, 28.54718072], [77.06892383222223, 28.547207006666667], [77.06892837968888, 28.547234258666666], [77.06893357320001, 28.547262476], [77.06893941275555, 28.54729165866667], [77.06894589835557, 28.54732180666667], [77.06895303, 28.54735292], [77.06896507831112, 28.54740139266667], [77.06897737524444, 28.547446749333336], [77.06898992079999, 28.54748899], [77.06900271497777, 28.54752811466667], [77.06901575777778, 28.54756412333334], [77.0690290492, 28.547597016], [77.06904258924445, 28.54762679266667], [77.06905637791111, 28.547653453333332], [77.0690704152, 28.547676998], [77.06908470111111, 28.547697426666666], [77.06909923564444, 28.547714739333333], [77.06911401880001, 28.547728936], [77.06912905057777, 28.547740016666665], [77.06914433097778, 28.547747981333337], [77.06915986, 28.54775283], [77.06917686764444, 28.54775574471111], [77.06919658391112, 28.547757907511116], [77.0692190088, 28.547759318400004], [77.06924414231112, 28.54775997737778], [77.06927198444447, 28.547759884444446], [77.06930253520001, 28.547759039600002], [77.06933579457778, 28.547757442844443], [77.06937176257777, 28.54775509417778], [77.0694104392, 28.5477519936], [77.06945182444446, 28.54774814111111], [77.06949591831112, 28.54774353671111], [77.06954272080002, 28.547738180400003], [77.06959223191112, 28.547732072177777], [77.06964445164445, 28.547725212044444], [77.06969938, 28.5477176], [77.06972285382223, 28.547714009777778], [77.06974627528889, 28.54771003911111], [77.0697696444, 28.547705688], [77.06979296115556, 28.547700956444444], [77.06981622555557, 28.547695844444448], [77.06983943760001, 28.547690352], [77.06986259728889, 28.547684479111112], [77.06988570462222, 28.547678225777773], [77.0699087596, 28.547671592], [77.06993176222221, 28.547664577777777], [77.06995471248888, 28.54765718311111], [77.0699776104, 28.547649408], [77.07000045595555, 28.547641252444443], [77.07002324915555, 28.547632716444443], [77.07004599, 28.5476238], [77.07006871222221, 28.54761446177778], [77.07009144955556, 28.547604660444446], [77.070114202, 28.547594396], [77.07013696955558, 28.547583668444446], [77.07015975222222, 28.54757247777778], [77.07018255000001, 28.547560824], [77.07020536288888, 28.547548707111112], [77.07022819088888, 28.547536127111115], [77.070251034, 28.547523084], [77.07027389222222, 28.54750957777778], [77.07029676555555, 28.547495608444443], [77.070319654, 28.547481176], [77.07034255755556, 28.547466280444446], [77.07036547622224, 28.54745092177778], [77.07038841, 28.5474351], [77.07183413, 28.54622251], [77.07186845, 28.5460637], [77.07383624, 28.54564899], [77.07365734, 28.54582178], [77.07363303955555, 28.5458265648], [77.07360933555556, 28.545831700533338], [77.073586228, 28.5458371872], [77.07356371688888, 28.545843024800003], [77.07354180222224, 28.545849213333334], [77.07352048400001, 28.5458557528], [77.07349976222223, 28.545862643199996], [77.07347963688889, 28.54586988453333], [77.073460108, 28.5458774768], [77.07344117555556, 28.54588542], [77.07342283955555, 28.545893714133335], [77.0734051, 28.5459023592], [77.0733879568889, 28.545911355199998], [77.07337141022222, 28.545920702133333], [77.07335546, 28.5459304], [77.0733379444889, 28.545941041377777], [77.07331670195556, 28.54595321884445], [77.07329173240001, 28.545966932400002], [77.07326303582222, 28.54598218204445], [77.07323061222223, 28.545998967777784], [77.0731944616, 28.5460172896], [77.07315458395557, 28.54603714751111], [77.0731109792889, 28.54605854151111], [77.07306364760001, 28.546081471600004], [77.0730125888889, 28.54610593777778], [77.07295780315556, 28.546131940044443], [77.07289929040002, 28.5461594784], [77.07283705062223, 28.54618855284445], [77.07277108382223, 28.546219163377778], [77.07270139, 28.54625131], [77.07197463, 28.54681413], [77.07193848008889, 28.546846846222227], [77.07190605702223, 28.54687785088889], [77.0718773608, 28.546907144], [77.07185239142223, 28.54693472555556], [77.07183114888889, 28.54696059555556], [77.07181363320001, 28.546984754], [77.07179984435555, 28.54700720088889], [77.07178978235555, 28.54702793622223], [77.0717834472, 28.54704696], [77.07178083888888, 28.547064272222226], [77.07178195742222, 28.54707987288889], [77.07178680279999, 28.547093762], [77.07179537502222, 28.547105939555557], [77.07180767408887, 28.547116405555556], [77.0718237, 28.54712516], [77.07184229053333, 28.547132719822223], [77.07186228346669, 28.547139601955557], [77.0718836788, 28.547145806400007], [77.07190647653334, 28.547151333155558], [77.07193067666668, 28.547156182222224], [77.07195627920001, 28.547160353600002], [77.07198328413334, 28.547163847288886], [77.07201169146667, 28.547166663288884], [77.0720415012, 28.5471688016], [77.07207271333334, 28.547170262222224], [77.07210532786667, 28.547171045155554], [77.07213934480001, 28.547171150400004], [77.07217476413334, 28.54717057795556], [77.07221158586668, 28.54716932782222], [77.07224981, 28.5471674], [77.07228031208889, 28.547164896622224], [77.07230953302222, 28.54716206648889], [77.0723374728, 28.547158909600004], [77.07236413142223, 28.54715542595556], [77.0723895088889, 28.547151615555556], [77.0724136052, 28.5471474784], [77.07243642035556, 28.54714301448889], [77.07245795435557, 28.547138223822223], [77.0724782072, 28.5471331064], [77.0724971788889, 28.547127662222223], [77.07251486942224, 28.54712189128889], [77.0725312788, 28.547115793600003], [77.07254640702223, 28.547109369155557], [77.0725602540889, 28.54710261795556], [77.07257282, 28.54709554], [77.07259093191111, 28.547083098355554], [77.07262141697778, 28.547060256088894], [77.07266427520001, 28.5470270132], [77.07271950657778, 28.546983369688892], [77.07278711111113, 28.54692932555556], [77.07286708880001, 28.5468648808], [77.07295943964445, 28.54679003542222], [77.07306416364445, 28.546704789422222], [77.0731812608, 28.5466091428], [77.07331073111112, 28.546503095555558], [77.07345257457779, 28.54638664768889], [77.0736067912, 28.5462597992], [77.07377338097778, 28.54612255008889], [77.07395234391112, 28.545974900355557], [77.07414368, 28.54581685], [77.07417722, 28.54558481], [77.07670429, 28.54503709], [77.07655674, 28.54521482], [77.07591941, 28.54539255], [77.07583571848889, 28.545425252088886], [77.07575637995555, 28.54545700635556], [77.07568139440001, 28.54548781280001], [77.07561076182223, 28.54551767142222], [77.07554448222224, 28.545546582222226], [77.0754825556, 28.545574545200004], [77.07542498195556, 28.545601560355557], [77.0753717612889, 28.545627627688887], [77.0753228936, 28.545652747200002], [77.0752783788889, 28.54567691888889], [77.07523821715557, 28.545700142755557], [77.07520240840002, 28.545722418800004], [77.07517095262222, 28.54574374702222], [77.07514384982223, 28.545764127422224], [77.0751211, 28.54578356], [77.07508128790519, 28.545816891917035], [77.07502568644148, 28.5458590497363], [77.07495746784001, 28.545908590560003], [77.07487980433186, 28.545964071490378], [77.07479586814817, 28.546024049629636], [77.07470883152001, 28.546087082080007], [77.07462186667853, 28.5461517259437], [77.07453814585482, 28.54621653832296], [77.07446084128, 28.546280076320006], [77.0743931251852, 28.54634089703704], [77.07433816980148, 28.54639755757629], [77.07429914736002, 28.546448615040003], [77.07427923009186, 28.546492626530373], [77.07428159022815, 28.54652814914963], [77.0743094, 28.54655374], [77.0743383708889, 28.546566486044444], [77.07436982755556, 28.54657786551111], [77.07440377, 28.5465878784], [77.07444019822223, 28.546596524711113], [77.07447911222225, 28.546603804444448], [77.074520512, 28.546609717600003], [77.07456439755555, 28.54661426417778], [77.0746107688889, 28.54661744417778], [77.074659626, 28.5466192576], [77.0747109688889, 28.546619704444446], [77.07476479755556, 28.546618784711107], [77.074821112, 28.546616498400006], [77.07487991222222, 28.546612845511113], [77.07494119822222, 28.546607826044443], [77.07500497, 28.54660144], [77.07503656595556, 28.54659786715556], [77.07506667115554, 28.546594463288887], [77.0750952856, 28.546591228400008], [77.0751224092889, 28.54658816248889], [77.07514804222224, 28.546585265555557], [77.07517218439999, 28.546582537600003], [77.07519483582223, 28.546579978622226], [77.0752159964889, 28.54657758862222], [77.0752356664, 28.546575367600003], [77.07525384555557, 28.546573315555555], [77.07527053395557, 28.54657143248889], [77.07528573160002, 28.5465697184], [77.0752994384889, 28.54656817328889], [77.07531165462223, 28.546566797155556], [77.07532238, 28.54656559], [77.07534260346667, 28.546562227866666], [77.07538331386667, 28.546554386800004], [77.0754445112, 28.546542066800004], [77.07552619546668, 28.54652526786667], [77.07562836666666, 28.54650399], [77.0757510248, 28.5464782332], [77.07589416986667, 28.546447997466668], [77.07605780186667, 28.5464132828], [77.07624192079999, 28.5463740892], [77.07644652666667, 28.546330416666663], [77.07667161946667, 28.5462822652], [77.0769171992, 28.5462296348], [77.07718326586667, 28.546172525466666], [77.07746981946667, 28.5461109372], [77.07777686, 28.54604487], [77.0779137, 28.54655786], [77.07766815702223, 28.54660729666667], [77.07743908542221, 28.546653414666668], [77.0772264852, 28.546696214], [77.07703035635558, 28.54673569466667], [77.0768506988889, 28.546771856666673], [77.07668751279999, 28.5468047], [77.0765407980889, 28.546834224666668], [77.07641055475557, 28.546860430666662], [77.0762967828, 28.546883318], [77.07619948222222, 28.546902886666665], [77.07611865302223, 28.546919136666666], [77.07605429520001, 28.546932068], [77.07600640875557, 28.546941680666666], [77.0759749936889, 28.54694797466667], [77.07596005, 28.54695095], [77.07595068342223, 28.546953307688888], [77.07593599968891, 28.546957748755553], [77.07591599880001, 28.546964273200004], [77.07589068075556, 28.546972881022224], [77.07586004555556, 28.546983572222224], [77.0758240932, 28.5469963468], [77.0757828236889, 28.547011204755556], [77.07573623702223, 28.547028146088888], [77.0756843332, 28.5470471708], [77.07562711222222, 28.547068278888887], [77.07556457408889, 28.547091470355554], [77.0754967188, 28.5471167452], [77.07542354635555, 28.547144103422223], [77.07534505675557, 28.547173545022222], [77.07526125, 28.54720507], [77.0752334164889, 28.547211740444443], [77.07520714262222, 28.547218586444444], [77.07518242840001, 28.547225608], [77.07515927382224, 28.54723280511111], [77.0751376788889, 28.54724017777778], [77.07511764360002, 28.547247726], [77.07509916795556, 28.54725544977778], [77.07508225195556, 28.547263349111105], [77.07506689560002, 28.547271424], [77.0750530988889, 28.547279674444443], [77.07504086182223, 28.54728810044444], [77.07503018440002, 28.547296702], [77.07502106662223, 28.54730547911111], [77.0750135084889, 28.547314431777778], [77.07500751, 28.54732356], [77.07500294702223, 28.54733312706667], [77.07499969542224, 28.54734339626667], [77.07499775520002, 28.5473543676], [77.07499712635558, 28.54736604106667], [77.07499780888891, 28.547378416666668], [77.0749998028, 28.547391494400003], [77.0750031080889, 28.54740527426667], [77.07500772475555, 28.547419756266667], [77.07501365280001, 28.547434940400002], [77.07502089222223, 28.547450826666665], [77.07502944302223, 28.547467415066667], [77.07503930520001, 28.5474847056], [77.07505047875556, 28.54750269826667], [77.0750629636889, 28.547521393066667], [77.07507676, 28.54754079], [77.07559699, 28.54836678], [77.07501526, 28.54849364], [77.07496605964445, 28.54843066608889], [77.07492004257777, 28.54837189902222], [77.0748772088, 28.5483173388], [77.07483755831112, 28.548266985422227], [77.07480109111113, 28.548220838888895], [77.07476780720002, 28.5481788992], [77.07473770657776, 28.548141166355556], [77.07471078924445, 28.548107640355553], [77.0746870552, 28.5480783212], [77.07466650444445, 28.548053208888888], [77.07464913697777, 28.548032303422218], [77.07463495280001, 28.548015604800003], [77.07462395191112, 28.548003113022222], [77.07461613431111, 28.54799482808889], [77.0746115, 28.54799075], [77.07460640466667, 28.547987302133333], [77.07459720400001, 28.54798090786667], [77.074583898, 28.5479715672], [77.07456648666668, 28.547959280133334], [77.07454497, 28.54794404666667], [77.074519348, 28.547925866800004], [77.07448962066667, 28.547904740533333], [77.074455788, 28.547880667866664], [77.07441785, 28.5478536488], [77.07437580666667, 28.54782368333333], [77.074329658, 28.547790771466666], [77.074279404, 28.5477549132], [77.07422504466668, 28.547716108533333], [77.07416658, 28.547674357466665], [77.07410401, 28.54762966], [77.07409438106667, 28.547618259777778], [77.07408454226668, 28.547607320444442], [77.07407449360001, 28.547596842], [77.07406423506667, 28.547586824444448], [77.0740537666667, 28.54757726777778], [77.0740430884, 28.547568172], [77.07403220026667, 28.54755953711111], [77.07402110226667, 28.54755136311111], [77.07400979440001, 28.54754365], [77.07399827666669, 28.547536397777776], [77.07398654906666, 28.547529606444446], [77.07397461160001, 28.547523276], [77.07396246426667, 28.54751740644444], [77.07395010706668, 28.54751199777778], [77.07393754, 28.54750705], [77.07392424133334, 28.5475025996], [77.07390968933333, 28.54749868306667], [77.07389388400001, 28.547495300400005], [77.07387682533333, 28.547492451600007], [77.07385851333335, 28.54749013666667], [77.073838948, 28.5474883556], [77.07381812933333, 28.5474871084], [77.07379605733334, 28.54748639506667], [77.073772732, 28.5474862156], [77.07374815333333, 28.54748657], [77.07372232133332, 28.547487458266666], [77.073695236, 28.547488880400003], [77.07366689733333, 28.5474908364], [77.07363730533332, 28.547493326266668], [77.07360646, 28.54749635], [77.07299714, 28.54759016], [77.07229274, 28.54774815], [77.07226365937777, 28.54775271275556], [77.07223559617778, 28.547758283688893], [77.07220855039999, 28.547764862800005], [77.07218252204446, 28.547772450088893], [77.07215751111112, 28.54778104555556], [77.07213351760001, 28.547790649200003], [77.0721105415111, 28.547801261022222], [77.07208858284444, 28.547812881022224], [77.0720676416, 28.547825509200003], [77.07204771777778, 28.547839145555557], [77.07202881137778, 28.54785379008889], [77.07201092240001, 28.547869442800003], [77.07199405084445, 28.547886103688892], [77.0719781967111, 28.54790377275556], [77.07196336, 28.54792245], [77.07194961244444, 28.54794144297778], [77.07193702577779, 28.547960059244446], [77.0719256, 28.547978298800007], [77.07191533511113, 28.54799616164445], [77.07190623111111, 28.54801364777778], [77.071898288, 28.5480307572], [77.07189150577778, 28.548047489911113], [77.07188588444444, 28.54806384591111], [77.071881424, 28.548079825200002], [77.07187812444444, 28.548095427777778], [77.07187598577778, 28.548110653644443], [77.071875008, 28.5481255028], [77.0718751911111, 28.548139975244446], [77.07187653511112, 28.54815407097778], [77.07187904, 28.54816779], [77.0720747, 28.54913051], [77.07162748, 28.54922926], [77.07131442, 28.54833565], [77.07130562244446, 28.54830438271111], [77.07129563244443, 28.548275090177782], [77.07128445, 28.5482477724], [77.07127207511111, 28.548222429377777], [77.07125850777777, 28.548199061111113], [77.07124374799997, 28.5481776676], [77.07122779577776, 28.548158248844445], [77.0712106511111, 28.548140804844444], [77.071192314, 28.548125335599998], [77.07117278444443, 28.54811184111111], [77.07115206244444, 28.548100321377778], [77.071130148, 28.548090776400002], [77.0711070411111, 28.54808320617778], [77.07108274177777, 28.54807761071111], [77.07105725, 28.54807399], [77.07103024262221, 28.54807174417778], [77.0710013964889, 28.54807027337778], [77.07097071160001, 28.548069577600003], [77.07093818795556, 28.548069656844447], [77.07090382555555, 28.548070511111117], [77.0708676244, 28.5480721404], [77.07082958448889, 28.54807454471111], [77.07078970582222, 28.548077724044443], [77.0707479884, 28.548081678400003], [77.07070443222221, 28.548086407777777], [77.07065903728889, 28.548091912177778], [77.0706118036, 28.5480981916], [77.07056273115556, 28.548105246044447], [77.07051181995556, 28.548113075511115], [77.07045907, 28.54812168], [77.0696361, 28.54836668], [77.06960180444443, 28.548375197422224], [77.06956954444445, 28.54838422435556], [77.06953932, 28.548393760800003], [77.06951113111111, 28.548403806755562], [77.06948497777779, 28.548414362222225], [77.06946086, 28.5484254272], [77.06943877777778, 28.54843700168889], [77.06941873111111, 28.548449085688887], [77.06940072, 28.548461679200003], [77.06938474444445, 28.548474782222222], [77.06937080444445, 28.548488394755555], [77.0693589, 28.5485025168], [77.06934903111112, 28.548517148355554], [77.06934119777777, 28.54853228942222], [77.0693354, 28.54854794], [77.0693311856889, 28.548566646088887], [77.06932810275555, 28.548590953688887], [77.0693261512, 28.548620862800004], [77.06932533102224, 28.548656373422226], [77.06932564222222, 28.54869748555556], [77.0693270848, 28.5487441992], [77.06932965875555, 28.54879651435556], [77.06933336408889, 28.54885443102222], [77.06933820079999, 28.5489179492], [77.06934416888889, 28.54898706888889], [77.06935126835555, 28.54906179008889], [77.06935949919999, 28.549142112800002], [77.06936886142222, 28.54922803702222], [77.06937935502222, 28.549319562755556], [77.06939098, 28.54941669], [77.06944958, 28.54968311], [77.06801795, 28.54999643]], [[77.06549344, 28.5478249], [77.06547002515555, 28.547857004088886], [77.06544843928889, 28.547889321688892], [77.0654286824, 28.5479218528], [77.0654107544889, 28.547954597422226], [77.06539465555556, 28.547987555555554], [77.0653803856, 28.5480207272], [77.06536794462222, 28.548054112355555], [77.06535733262223, 28.54808771102222], [77.0653485496, 28.548121523199995], [77.06534159555555, 28.54815554888889], [77.06533647048889, 28.548189788088887], [77.06533317440001, 28.548224240800003], [77.06533170728889, 28.548258907022223], [77.06533206915556, 28.548293786755558], [77.06533426, 28.54832888], [77.06533871124444, 28.548362708577777], [77.0653458543111, 28.54839379431111], [77.0653556892, 28.548422137200006], [77.06536821591114, 28.548447737244445], [77.06538343444446, 28.54847059444445], [77.0654013448, 28.5484907088], [77.06542194697778, 28.548508080311116], [77.06544524097778, 28.548522708977778], [77.0654712268, 28.548534594800003], [77.06549990444444, 28.54854373777778], [77.06553127391112, 28.548550137911114], [77.0655653352, 28.5485537952], [77.06560208831112, 28.548554709644446], [77.06564153324445, 28.548552881244444], [77.06568367, 28.54854831], [77.06549344, 28.5478249]], [[77.06855655, 28.54879859], [77.068547766, 28.548783565422223], [77.06853901666666, 28.548769577022224], [77.068530302, 28.548756624800006], [77.068521622, 28.54874470875556], [77.06851297666668, 28.548733828888896], [77.06850436599998, 28.548723985200002], [77.06849579, 28.548715177688894], [77.06848724866666, 28.548707406355557], [77.068478742, 28.548700671200002], [77.06847027, 28.548694972222226], [77.06846183266666, 28.54869030942222], [77.06845343, 28.548686682800003], [77.068445062, 28.548684092355558], [77.06843672866667, 28.54868253808889], [77.06842843, 28.54868202], [77.06842025213335, 28.548682842844446], [77.0684122812, 28.54868531137778], [77.06840451720001, 28.548689425600006], [77.06839696013334, 28.54869518551111], [77.06838961, 28.548702591111116], [77.0683824668, 28.5487116424], [77.06837553053333, 28.548722339377782], [77.0683688012, 28.548734682044447], [77.0683622788, 28.5487486704], [77.06835596333333, 28.548764304444447], [77.0683498548, 28.548781584177775], [77.06834395320001, 28.548800509600003], [77.06833825853333, 28.54882108071111], [77.0683327708, 28.548843297511112], [77.06832749, 28.54886716], [77.06833877573334, 28.54893959968889], [77.06834985426667, 28.549007894755558], [77.0683607256, 28.549072045200003], [77.06837138973334, 28.549132051022227], [77.06838184666665, 28.549187912222223], [77.0683920964, 28.5492396288], [77.06840213893332, 28.549287200755558], [77.06841197426667, 28.54933062808889], [77.0684216024, 28.549369910799996], [77.06843102333332, 28.54940504888889], [77.06844023706665, 28.54943604235556], [77.0684492436, 28.5494628912], [77.06845804293333, 28.549485595422222], [77.06846663506667, 28.549504155022223], [77.06847502, 28.54951857], [77.0684840951111, 28.549530988844445], [77.06849475777778, 28.549543560044448], [77.068507008, 28.549556283600005], [77.06852084577778, 28.549569159511115], [77.06853627111111, 28.549582187777784], [77.06855328399999, 28.5495953684], [77.06857188444444, 28.549608701377778], [77.06859207244445, 28.54962218671111], [77.068613848, 28.5496358244], [77.06863721111111, 28.549649614444448], [77.06866216177778, 28.549663556844443], [77.0686887, 28.5496776516], [77.06871682577777, 28.54969189871111], [77.06874653911112, 28.549706298177778], [77.06877784, 28.54972085], [77.06897196, 28.54967628], [77.06855655, 28.54879859]]]}}, {"type": "Feature", "properties": {"name": "Military Apron asph", "surface_type": "ASPHALT", "smoothness": 0.0, "texture_orientation": 153.4}, "geometry": {"type": "Polygon", "coordinates": [[[77.11695992, 28.57008981], [77.11698187826666, 28.570156892133333], [77.11700247306666, 28.570219685199998], [77.1170217044, 28.570278189200003], [77.11703957226666, 28.57033240413333], [77.11705607666667, 28.57038233], [77.11707121759999, 28.570427966800004], [77.11708499506666, 28.570469314533334], [77.11709740906666, 28.570506373199997], [77.11710845959999, 28.5705391428], [77.11711814666666, 28.570567623333332], [77.11712647026667, 28.5705918148], [77.1171334304, 28.570611717200002], [77.11713902706666, 28.570627330533334], [77.11714326026667, 28.5706386548], [77.11714613, 28.57064569], [77.11714899075555, 28.570651791866666], [77.11715319702222, 28.57066031613334], [77.11715874880001, 28.570671262800005], [77.11716564608888, 28.57068463186667], [77.1171738888889, 28.570700423333335], [77.1171834772, 28.5707186372], [77.11719441102221, 28.570739273466668], [77.11720669035554, 28.57076233213333], [77.1172203152, 28.5707878132], [77.11723528555555, 28.570815716666665], [77.11725160142221, 28.570846042533333], [77.1172692628, 28.570878790800002], [77.11728826968888, 28.570913961466665], [77.11730862208888, 28.570951554533334], [77.11733032, 28.57099157], [77.11725919, 28.57103231], [77.11724135359111, 28.571012953339256], [77.1172220331289, 28.57099715378074], [77.11720149976001, 28.57098465696], [77.11718002463114, 28.5709752085126], [77.1171578788889, 28.570968554074078], [77.11713533368003, 28.57096443928], [77.11711266015112, 28.570962609765925], [77.11709012944888, 28.57096281116741], [77.11706801272001, 28.57096478912], [77.11704658111113, 28.570968289259262], [77.11702610576889, 28.570973057220733], [77.11700685784001, 28.570978838640002], [77.11698910847112, 28.570985379152596], [77.1169731288089, 28.570992424394074], [77.11695919, 28.57099972], [77.1169475648, 28.57100640666667], [77.11692979320001, 28.571016685333333], [77.1169058752, 28.571030556], [77.1168758108, 28.57104801866667], [77.1168396, 28.57106907333334], [77.1167972428, 28.57109372], [77.1167487392, 28.571121958666666], [77.1166940892, 28.571153789333337], [77.1166332928, 28.571189212], [77.11656635, 28.57122822666667], [77.1164932608, 28.571270833333333], [77.1164140252, 28.571317032], [77.1163286432, 28.571366822666665], [77.11623711480001, 28.571420205333332], [77.11613944, 28.57147718], [77.11627358, 28.57166989], [77.1154222, 28.57213861], [77.11544348119999, 28.572169674666668], [77.11546351413334, 28.572198874], [77.1154822988, 28.572226208], [77.1154998352, 28.572251676666667], [77.11551612333334, 28.57227528], [77.11553116319999, 28.572297018], [77.1155449548, 28.572316890666663], [77.11555749813333, 28.572334898], [77.1155687932, 28.57235104], [77.11557884, 28.572365316666662], [77.11558763853333, 28.572377728], [77.1155951888, 28.572388274], [77.1156014908, 28.572396954666665], [77.11560654453334, 28.57240377], [77.11561035, 28.57240872], [77.11561556661927, 28.5724143572], [77.11562160455408, 28.572419232266668], [77.11562836192003, 28.572423368400006], [77.1156357368326, 28.57242678880001], [77.11564362740741, 28.572429516666674], [77.11565193175998, 28.572431575200007], [77.11566054800592, 28.572432987599996], [77.11566937426073, 28.572433777066667], [77.11567830864001, 28.572433966800006], [77.11568724925927, 28.57243358], [77.11569609423407, 28.57243263986667], [77.11570474168, 28.5724311696], [77.1157130897126, 28.5724291924], [77.11572103644741, 28.572426731466667], [77.11572848, 28.57242381], [77.11573349635556, 28.572421577866667], [77.11573900142223, 28.57241907346667], [77.1157449952, 28.572416296800007], [77.11575147768889, 28.572413247866667], [77.1157584488889, 28.572409926666673], [77.1157659088, 28.5724063332], [77.11577385742223, 28.572402467466667], [77.11578229475555, 28.572398329466665], [77.11579122079999, 28.5723939192], [77.11580063555556, 28.572389236666666], [77.11581053902222, 28.57238428186667], [77.1158209312, 28.572379054800003], [77.11583181208889, 28.572373555466665], [77.11584318168889, 28.572367783866667], [77.11585504, 28.57236174], [77.11588488, 28.57240297], [77.11587209644445, 28.572410035288886], [77.11585997511112, 28.572416745822228], [77.11584851600001, 28.572423101600002], [77.11583771911113, 28.572429102622227], [77.11582758444445, 28.572434748888895], [77.115818112, 28.572440040400004], [77.11580930177777, 28.57244497715556], [77.11580115377777, 28.572449559155558], [77.115793668, 28.5724537864], [77.11578684444444, 28.572457658888894], [77.11578068311111, 28.572461176622223], [77.115775184, 28.572464339600003], [77.11577034711111, 28.572467147822223], [77.11576617244445, 28.57246960128889], [77.11576266, 28.5724717], [77.11575849726815, 28.572474769048892], [77.11575549521186, 28.57247814652445], [77.11575356704002, 28.572481733920007], [77.11575262596149, 28.572485432728897], [77.1157525851852, 28.57248914444445], [77.11575335792001, 28.57249277056], [77.11575485737481, 28.572496212568886], [77.11575699675852, 28.57249937196444], [77.11575968928001, 28.572502150240005], [77.11576284814817, 28.572504448888893], [77.11576638657186, 28.57250616940444], [77.11577021776, 28.57250721328], [77.11577425492149, 28.572507482008888], [77.1157784112652, 28.572506877084443], [77.1157826, 28.5725053], [77.11578795240001, 28.572502533955554], [77.11579844159999, 28.572497030488886], [77.1158140676, 28.5724887896], [77.1158348304, 28.572477811288888], [77.11586073, 28.57246409555556], [77.11589176639998, 28.5724476424], [77.1159279396, 28.57242845182222], [77.1159692496, 28.572406523822224], [77.1160156964, 28.5723818584], [77.11606728, 28.572354455555555], [77.11612400039999, 28.57232431528889], [77.11618585759999, 28.5722914376], [77.1162528516, 28.572255822488888], [77.11632498239999, 28.572217469955557], [77.11640225, 28.57217638], [77.11662322, 28.57245848], [77.1165912, 28.57248135], [77.11668805, 28.5725987], [77.11666635, 28.57261621], [77.11674299, 28.57271747], [77.1167012, 28.5727357], [77.11686345, 28.57296312], [77.11679807, 28.57299874], [77.11690998, 28.5731511], [77.11706137, 28.57306509], [77.11673508, 28.5725818], [77.11730951, 28.57227609], [77.1175887, 28.57268875], [77.11799715, 28.57248954], [77.11836343, 28.57310504], [77.11740264, 28.57355586], [77.11749859, 28.57372314], [77.11783736, 28.57383994], [77.1179487, 28.57401594], [77.1175407, 28.57411238], [77.11742936, 28.57393186], [77.11524514, 28.57502876], [77.1143659, 28.57524312], [77.11429873, 28.57515864], [77.11354461, 28.57541288], [77.11350816417779, 28.575363967822224], [77.11347389604445, 28.575317977955553], [77.1134418056, 28.575274910400005], [77.11341189284445, 28.575234765155557], [77.1133841577778, 28.575197542222227], [77.1133586004, 28.575163241600002], [77.11333522071112, 28.575131863288888], [77.11331401871112, 28.575103407288893], [77.11329499440001, 28.5750778736], [77.11327814777779, 28.57505526222222], [77.11326347884446, 28.575035573155553], [77.11325098760001, 28.575018806400003], [77.11324067404445, 28.575004961955553], [77.11323253817778, 28.574994039822222], [77.11322658, 28.57498604], [77.11321769755853, 28.574977237194076], [77.11320591993483, 28.574970358352598], [77.11319163968001, 28.574965273840007], [77.1131752493452, 28.574961854020742], [77.11315714148151, 28.574959969259265], [77.11313770864001, 28.57495948992], [77.11311734337185, 28.5749602863674], [77.11309643822815, 28.574962228965926], [77.11307538576001, 28.57496518808], [77.11305457851853, 28.574969034074073], [77.11303440905482, 28.57497363731259], [77.11301526992001, 28.57497886816], [77.1129975536652, 28.574984596980737], [77.11298165284148, 28.57499069413926], [77.11296796, 28.57499703], [77.11295145702222, 28.5750056728], [77.11291855875557, 28.57502305186667], [77.11286926520002, 28.575049167200003], [77.11280357635557, 28.5750840188], [77.11272149222224, 28.57512760666667], [77.11262301280001, 28.5751799308], [77.1125081380889, 28.575240991200005], [77.11237686808889, 28.575310787866666], [77.11222920280001, 28.5753893208], [77.11206514222224, 28.57547659], [77.11188468635555, 28.575572595466667], [77.1116878352, 28.575677337200002], [77.11147458875556, 28.5757908152], [77.11124494702223, 28.57591302946667], [77.11099891, 28.57604398], [77.11096672786668, 28.575997454800003], [77.11093642946668, 28.575953687200006], [77.11090801480002, 28.575912677200005], [77.11088148386668, 28.575874424800002], [77.1108568366667, 28.57583893], [77.11083407320001, 28.575806192800002], [77.11081319346668, 28.5757762132], [77.11079419746667, 28.575748991199998], [77.11077708520001, 28.575724526800002], [77.11076185666667, 28.57570282], [77.11074851186667, 28.5756838708], [77.11073705080001, 28.5756676792], [77.11072747346668, 28.5756542452], [77.11071977986668, 28.5756435688], [77.11071397, 28.57563565], [77.11070595363556, 28.57562571093333], [77.1106965908178, 28.575615652400007], [77.11068600496003, 28.575605682400006], [77.11067431947558, 28.57559600893334], [77.1106616577778, 28.57558684], [77.11064814328, 28.575578383599996], [77.11063389939554, 28.57557084773333], [77.11061904953777, 28.5755644404], [77.11060371712, 28.5755593696], [77.11058802555556, 28.575555843333333], [77.11057209825776, 28.575554069599995], [77.11055605863999, 28.575554256399997], [77.11054003011554, 28.575556611733333], [77.11052413609778, 28.5755613436], [77.1105085, 28.57556866], [77.11049584902221, 28.5755757504], [77.11047851742222, 28.575585450933335], [77.1104565052, 28.575597761600005], [77.11042981235558, 28.575612682400003], [77.1103984388889, 28.575630213333337], [77.1103623848, 28.5756503544], [77.11032165008889, 28.5756731056], [77.11027623475555, 28.575698466933336], [77.11022613879999, 28.575726438399997], [77.11017136222222, 28.57575702], [77.11011190502222, 28.575790211733334], [77.1100477672, 28.5758260136], [77.10997894875555, 28.5758644256], [77.10990544968888, 28.575905447733334], [77.10982727, 28.57594908], [77.1099837, 28.57616958], [77.10966152, 28.57635392], [77.10949876, 28.5761331], [77.10888028, 28.57647802], [77.10900057, 28.57664852], [77.10809479, 28.57692334], [77.10766656, 28.57637902], [77.10761391, 28.57605837], [77.1067661, 28.576425], [77.10597925, 28.57654131], [77.10540885, 28.57547428], [77.10523697, 28.57539194], [77.10510668, 28.57557909], [77.10496831875555, 28.575662284044448], [77.10483870968889, 28.575740260844448], [77.10471785280002, 28.575813020400002], [77.1046057480889, 28.575880562711113], [77.10450239555558, 28.57594288777778], [77.1044077952, 28.5759999956], [77.10432194702223, 28.57605188617778], [77.10424485102223, 28.576098559511113], [77.10417650720001, 28.576140015600004], [77.10411691555558, 28.576176254444448], [77.10406607608888, 28.576207276044446], [77.10402398880001, 28.576233080400005], [77.1039906536889, 28.576253667511114], [77.10396607075556, 28.57626903737778], [77.10395024, 28.57627919], [77.10393147701335, 28.57629040059852], [77.10390978757334, 28.576301333454815], [77.10388552496, 28.57631188816001], [77.10385904245334, 28.576321964305187], [77.10383069333336, 28.576331461481487], [77.10380083088, 28.576340279280004], [77.10376980837334, 28.57634831729185], [77.10373797909335, 28.576355475108148], [77.10370569631999, 28.576361652320003], [77.10367331333335, 28.576366748518524], [77.10364118341333, 28.576370663294817], [77.10360965984002, 28.576373296240007], [77.10357909589335, 28.57637454694519], [77.10354984485335, 28.576374315001488], [77.10352226, 28.5763725], [77.10343083374224, 28.57636469194667], [77.10335568087112, 28.57636099130667], [77.10329521424, 28.576361559360006], [77.10324784670223, 28.576366557386677], [77.10321199111112, 28.57637614666667], [77.10318606032, 28.57639048848], [77.10316846718221, 28.576409744106666], [77.1031576245511, 28.57643407482667], [77.10315194528, 28.576463641920004], [77.10314984222222, 28.57649860666667], [77.1031497282311, 28.576539130346664], [77.10315001616, 28.576585374240004], [77.10314911886222, 28.57663749962667], [77.10314544919112, 28.576695667786666], [77.10313742, 28.57676004], [77.10313270266667, 28.576786892933335], [77.10312656666666, 28.576819667733332], [77.103119012, 28.5768583644], [77.10311003866667, 28.576902982933337], [77.10309964666668, 28.57695352333334], [77.103087836, 28.5770099856], [77.10307460666667, 28.577072369733337], [77.10305995866668, 28.577140675733332], [77.103043892, 28.5772149036], [77.10302640666666, 28.577295053333337], [77.10300750266667, 28.577381124933332], [77.10298718, 28.577473118400004], [77.10296543866667, 28.577571033733335], [77.10294227866666, 28.577674870933333], [77.1029177, 28.57778463], [77.10246995, 28.57789675], [77.10111712, 28.57709666], [77.10229294, 28.57547263], [77.10238135164444, 28.575522653822222], [77.1024644559111, 28.57556962662223], [77.1025422528, 28.575613548400003], [77.10261474231112, 28.57565441915556], [77.10268192444444, 28.575692238888895], [77.1027437992, 28.575727007600005], [77.10280036657778, 28.575758725288892], [77.10285162657777, 28.575787391955558], [77.1028975792, 28.575813007600004], [77.10293822444443, 28.575835572222225], [77.10297356231109, 28.575855085822226], [77.1030035928, 28.575871548400002], [77.1030283159111, 28.57588495995556], [77.10304773164445, 28.575895320488893], [77.10306184, 28.57590263], [77.10308070313481, 28.575911290373337], [77.10310264507852, 28.575919863920003], [77.10312724064, 28.57592826728], [77.10315406462816, 28.575936417093338], [77.10318269185187, 28.57594423], [77.10321269712, 28.57595162264], [77.10324365524149, 28.575958511653333], [77.1032751410252, 28.575964813680002], [77.10330672928, 28.57597044536], [77.10333799481482, 28.57597532333334], [77.10336851243851, 28.57597936424], [77.10339785696002, 28.57598248472], [77.10342560318816, 28.575984601413335], [77.10345132593186, 28.57598563096], [77.1034746, 28.57598549], [77.10349653806814, 28.575984714574822], [77.10351853601186, 28.57598382073186], [77.10354059344002, 28.575982695120004], [77.1035627099615, 28.575981224388155], [77.10358488518521, 28.575979295185192], [77.10360711872, 28.575976794160002], [77.10362941017482, 28.57597360796148], [77.10365175915852, 28.575969623238517], [77.10367416528001, 28.575964726640002], [77.10369662814816, 28.575958804814817], [77.10371914737185, 28.575951744411846], [77.10374172256002, 28.575943432080003], [77.1037643533215, 28.575933754468146], [77.1037870392652, 28.575922598225183], [77.10380978, 28.57590985], [77.1038319911052, 28.575896622400002], [77.1038531760415, 28.575884035333335], [77.10387346624, 28.575871986400003], [77.10389299313188, 28.5758603732], [77.10391188814818, 28.575849093333343], [77.10393028272, 28.575838044400005], [77.1039483082785, 28.575827124], [77.10396609625481, 28.575816229733338], [77.10398377808, 28.575805259200003], [77.1040014851852, 28.57579411], [77.10401934900148, 28.575782679733333], [77.10403750096, 28.575770866], [77.10405607249186, 28.575758566400005], [77.10407519502816, 28.575745678533334], [77.104095, 28.5757321], [77.10411320377185, 28.575717355496295], [77.10412758350816, 28.57570120770371], [77.10413836184001, 28.575683911200002], [77.10414576139854, 28.575665720562966], [77.10415000481483, 28.575646890370376], [77.10415131472001, 28.5756276752], [77.10414991374519, 28.575608329629627], [77.10414602452148, 28.57558910823704], [77.10413986968001, 28.575570265600003], [77.10413167185186, 28.575552056296296], [77.10412165366814, 28.575534734903705], [77.10411003776001, 28.575518556], [77.10409704675853, 28.575503774162968], [77.10408290329482, 28.57549064397037], [77.10406783, 28.57547942], [77.10405551315557, 28.57547143746667], [77.1040391812889, 28.575461071200007], [77.10401883440002, 28.5754483212], [77.10399447248889, 28.575433187466672], [77.10396609555556, 28.57541567], [77.1039337036, 28.575395768800004], [77.10389729662222, 28.575373483866667], [77.10385687462222, 28.5753488152], [77.1038124376, 28.575321762799998], [77.10376398555556, 28.57529232666667], [77.1037115184889, 28.5752605068], [77.1036550364, 28.575226303200004], [77.10359453928889, 28.575189715866667], [77.10353002715556, 28.575150744800002], [77.1034615, 28.57510939], [77.10351345, 28.57504455], [77.10325502, 28.57488947], [77.10329253, 28.57484675], [77.10331962511111, 28.574859679200003], [77.10334592644446, 28.57486979746667], [77.10337143400001, 28.574877104800002], [77.1033961477778, 28.5748816012], [77.10342006777779, 28.57488328666667], [77.103443194, 28.574882161199994], [77.10346552644444, 28.5748782248], [77.10348706511112, 28.574871477466665], [77.10350781000001, 28.574861919199996], [77.10352776111111, 28.57484955], [77.10354691844445, 28.574834369866664], [77.103565282, 28.574816378799998], [77.10358285177779, 28.5747955768], [77.1035996277778, 28.574771963866667], [77.10361561, 28.57474554], [77.10161086, 28.57353681], [77.10163036489185, 28.57350307426963], [77.10164585833482, 28.57347092069037], [77.10165738648001, 28.57344027968001], [77.10166499547852, 28.5734110816563], [77.1016687314815, 28.573383257037047], [77.10166864064, 28.573356736240004], [77.10166476910518, 28.573331449682964], [77.10165716302815, 28.57330732778371], [77.10164586856001, 28.573284300960005], [77.10163093185187, 28.573262299629633], [77.10161239905482, 28.573241254210373], [77.10159031632001, 28.573221095120005], [77.10156472979853, 28.5732017527763], [77.1015356856415, 28.573183157597043], [77.10150323, 28.57316524], [77.10145751504001, 28.573141468717047], [77.10139085192002, 28.57310653400297], [77.10130652528002, 28.573062198560006], [77.10120781976002, 28.57301022509037], [77.10109802000002, 28.572952376296303], [77.10098041063999, 28.572890414880003], [77.10085827632001, 28.5728261035437], [77.10073490168001, 28.57276120498963], [77.10061357136, 28.572697481920002], [77.10049757000002, 28.57263669703704], [77.10039018224, 28.572580613042966], [77.10029469272001, 28.572530992640004], [77.10021438608001, 28.57248959853037], [77.10015254696, 28.572458193416296], [77.10011246, 28.57243854], [77.10008421632298, 28.572425719274072], [77.10005570365038, 28.572413650192594], [77.10002690152002, 28.572402352400005], [77.09999778946963, 28.572391845540743], [77.09996834703706, 28.572382149259262], [77.09993855376, 28.5723732832], [77.09990838917629, 28.572365267007406], [77.0998778328237, 28.572358120325923], [77.09984686423999, 28.5723518628], [77.09981546296297, 28.572346514074077], [77.09978360853036, 28.572342093792585], [77.09975128048, 28.572338621600004], [77.09971845834963, 28.572336117140743], [77.09968512167703, 28.57233460005926], [77.09965125, 28.57233409], [77.09955499766814, 28.572335289327413], [77.0993458145452, 28.572338664885933], [77.09904062344002, 28.57234388304001], [77.09865634716148, 28.572350610154075], [77.09820990851854, 28.572358512592597], [77.09771823032001, 28.572367256720003], [77.0971982353748, 28.572376508900735], [77.09666684649184, 28.57238593549926], [77.09614098648001, 28.572395202880003], [77.09563757814816, 28.572403977407408], [77.09517354430518, 28.572411925445923], [77.09476580776001, 28.57241871336], [77.09443129132148, 28.572424007514076], [77.09418691779852, 28.572427474272594], [77.09404961, 28.57242878], [77.0939729460474, 28.572424701211855], [77.09389942557927, 28.572412716361487], [77.09382935368002, 28.572393544720008], [77.09376303543408, 28.572367905558526], [77.09370077592594, 28.572336518148155], [77.09364288024, 28.572300101760003], [77.09358965346075, 28.57225937566518], [77.09354140067259, 28.572215059134813], [77.09349842696, 28.572167871440005], [77.09346103740742, 28.572118531851856], [77.09342953709925, 28.57206775964148], [77.09340423112002, 28.57201627408], [77.09338542455409, 28.57196479443852], [77.09337342248594, 28.57191403998815], [77.09336853, 28.57186473], [77.09336806369484, 28.571846203078522], [77.09336755769185, 28.571825669028147], [77.09336701336001, 28.571803239920012], [77.09336643206817, 28.57177902782519], [77.09336581518521, 28.571753144814824], [77.09336516408001, 28.571725702960002], [77.09336448012148, 28.57169681433185], [77.09336376467853, 28.57166659100148], [77.09336301912002, 28.57163514504], [77.09336224481483, 28.571602588518523], [77.09336144313185, 28.571569033508144], [77.09336061544, 28.571534592080003], [77.09335976310815, 28.571499376305184], [77.09335888750519, 28.57146349825481], [77.09335799, 28.57142707], [77.09335771426666, 28.571401843955556], [77.09335656973334, 28.57137648582222], [77.0933545564, 28.571350995600003], [77.09335167426667, 28.57132537328889], [77.09334792333334, 28.571299618888894], [77.09334330360001, 28.571273732399998], [77.09333781506666, 28.571247713822224], [77.09333145773334, 28.571221563155554], [77.09332423160001, 28.571195280399998], [77.09331613666666, 28.571168865555556], [77.09330717293332, 28.571142318622222], [77.0932973404, 28.571115639600002], [77.09328663906666, 28.57108882848889], [77.09327506893332, 28.57106188528889], [77.09326263, 28.57103481], [77.09324832626666, 28.571007791155555], [77.09323116173334, 28.57098101728889], [77.0932111364, 28.570954488400005], [77.09318825026668, 28.570928204488894], [77.09316250333333, 28.570902165555562], [77.0931338956, 28.5708763716], [77.09310242706667, 28.570850822622226], [77.09306809773334, 28.57082551862222], [77.0930309076, 28.5708004596], [77.09299085666666, 28.57077564555556], [77.09294794493334, 28.57075107648889], [77.0929021724, 28.570726752400002], [77.09285353906667, 28.570702673288892], [77.09280204493334, 28.57067883915556], [77.09274769, 28.57065525], [77.09433744, 28.57061412], [77.09429501626667, 28.570637601244442], [77.09425437173334, 28.57066053297778], [77.0942155064, 28.570682915200003], [77.09417842026667, 28.57070474791111], [77.09414311333333, 28.570726031111114], [77.0941095856, 28.5707467648], [77.09407783706666, 28.570766948977777], [77.09404786773332, 28.57078658364444], [77.09401967759999, 28.5708056688], [77.09399326666667, 28.570824204444442], [77.09396863493333, 28.570842190577775], [77.0939457824, 28.5708596272], [77.09392470906667, 28.57087651431111], [77.09390541493333, 28.57089285191111], [77.0938879, 28.57090864], [77.09386385805037, 28.570933282690373], [77.09384155506963, 28.570960413256294], [77.09382091136001, 28.57098964544], [77.0938018472237, 28.571020592983707], [77.09378428296297, 28.571052869629636], [77.09376813888001, 28.57108608912], [77.09375333527703, 28.571119865197037], [77.0937397924563, 28.57115381160296], [77.09372743072001, 28.571187542080004], [77.09371617037037, 28.571220670370373], [77.09370593170962, 28.571252810216297], [77.09369663504, 28.57128357536], [77.0936882006637, 28.571312579543704], [77.09368054888297, 28.571339436509632], [77.0936736, 28.57136376], [77.09366324232298, 28.571410300266663], [77.09365494391703, 28.57145601546667], [77.09364851072002, 28.571500675200006], [77.09364374866965, 28.571544049066677], [77.09364046370372, 28.57158590666667], [77.09363846176001, 28.571626017600003], [77.0936375487763, 28.571664151466667], [77.09363753069037, 28.571700077866666], [77.09363821344002, 28.571733566400006], [77.09363940296296, 28.571764386666672], [77.09364090519703, 28.571792308266666], [77.09364252608, 28.571817100800004], [77.09364407154963, 28.571838533866668], [77.09364534754371, 28.571856377066666], [77.09364616, 28.5718704], [77.09364924296003, 28.571899648568888], [77.09365594474667, 28.571929550151115], [77.09366615272003, 28.57195971456001], [77.09367975424001, 28.5719897516089], [77.09369663666668, 28.572019271111124], [77.09371668736, 28.57204788288], [77.09373979368002, 28.57207519672889], [77.09376584298667, 28.572100822471114], [77.09379472264003, 28.572124369920004], [77.09382632000002, 28.572145448888893], [77.09386052242667, 28.572163669191113], [77.09389721728002, 28.572178640640004], [77.09393629192, 28.572189973048893], [77.09397763370667, 28.572197276231112], [77.09402113, 28.57220016], [77.09412979419852, 28.572199251994075], [77.0943547945215, 28.57219569861926], [77.09467825056002, 28.57218988784001], [77.0950822819052, 28.57218220762075], [77.09554900814817, 28.572173045925933], [77.09606054888002, 28.57216279072], [77.09659902369185, 28.572151829967407], [77.09714655217482, 28.572140551632593], [77.09768525392, 28.572129343680004], [77.09819724851853, 28.572118594074077], [77.09866465556149, 28.57210869077926], [77.09906959464001, 28.572100021760008], [77.0993941853452, 28.57209297498074], [77.09962054726816, 28.57208793840593], [77.0997308, 28.5720853], [77.0997773015141, 28.57208547288593], [77.09982417557926, 28.572088438020746], [77.09987119048003, 28.572093935120005], [77.09991811450075, 28.572101703899264], [77.09996471592595, 28.57211148407408], [77.10001076304, 28.57212301536], [77.10005602412741, 28.57213603747259], [77.10010026747258, 28.572150290127404], [77.10014326136, 28.57216551304], [77.10018477407407, 28.572181445925928], [77.10022457389925, 28.572197828500737], [77.10026242912001, 28.57221440048], [77.10029810802074, 28.57223090157926], [77.10033137888593, 28.572247071514074], [77.10036201, 28.57226265], [77.1004020072326, 28.57228391243852], [77.10046154439407, 28.572316185241487], [77.10053764168, 28.572357784640005], [77.10062731928593, 28.57240702686519], [77.10072759740743, 28.57246222814815], [77.10083549624001, 28.572521704720003], [77.10094803597924, 28.572583772811853], [77.10106223682074, 28.57264674865481], [77.10117511896, 28.57270894848], [77.1012837025926, 28.572768688518515], [77.10138500791408, 28.57282428500148], [77.10147605512, 28.572874054160003], [77.10155386440591, 28.572916312225185], [77.1016154559674, 28.572949375428145], [77.10165785, 28.57297156], [77.10168984192296, 28.572986223985186], [77.10172208325038, 28.57299788414815], [77.10175437832001, 28.5730065948], [77.10178653146963, 28.573012410251856], [77.10181834703704, 28.573015384814827], [77.10184962936, 28.5730155728], [77.1018801827763, 28.573013028518517], [77.10190981162371, 28.57300780628148], [77.10193832024001, 28.5729999604], [77.10196551296296, 28.572989545185187], [77.10199119413036, 28.572976614948143], [77.10201516808, 28.572961224], [77.10203723914962, 28.572943426651854], [77.10205721167704, 28.572923277214812], [77.10207489, 28.57290083], [77.1020875776, 28.57288271511111], [77.10210368573334, 28.57285980777778], [77.10212321440001, 28.572832108], [77.10214616360001, 28.572799615777782], [77.10217253333333, 28.57276233111111], [77.1022023236, 28.572720254], [77.10223553439998, 28.572673384444442], [77.10227216573332, 28.572621722444445], [77.1023122176, 28.572565268], [77.10235569, 28.572504021111108], [77.10240258293334, 28.572437981777774], [77.1024528964, 28.57236715], [77.10250663039999, 28.572291525777775], [77.10256378493332, 28.572211109111112], [77.10262436, 28.5721259], [77.10450011, 28.57325764], [77.10458423, 28.57324192], [77.10496726, 28.57347142], [77.10496547, 28.57353429], [77.10611629, 28.57422701], [77.10621468, 28.57409998], [77.10619515, 28.57408277], [77.10650910142223, 28.573630133022224], [77.10680184102225, 28.57320801942223], [77.10707336880002, 28.572816429200003], [77.10732368475557, 28.57245536235556], [77.10755278888891, 28.57212481888889], [77.1077606812, 28.5718247988], [77.1079473616889, 28.57155530208889], [77.10811283035557, 28.571316328755557], [77.1082570872, 28.5711078788], [77.10838013222224, 28.570929952222222], [77.10848196542221, 28.57078254902222], [77.1085625868, 28.570665669200004], [77.10862199635557, 28.570579312755555], [77.1086601940889, 28.57052347968889], [77.10867718, 28.57049817], [77.10868563423111, 28.57048123682963], [77.10869035944889, 28.570463333437047], [77.10869153944003, 28.57044476], [77.10868935799114, 28.5704258166963], [77.10868399888889, 28.570406803703708], [77.10867564592, 28.570388021200003], [77.10866448287112, 28.57036976936296], [77.1086506935289, 28.570352348370378], [77.10863446168001, 28.570336058400002], [77.10861597111112, 28.570321199629632], [77.1085954056089, 28.570308072237037], [77.10857294896002, 28.5702969764], [77.10854878495113, 28.570288212296298], [77.10852309736889, 28.570282080103706], [77.10849607, 28.57027888], [77.10939587, 28.5702562], [77.10935676, 28.57029877], [77.10934391004444, 28.570303552400006], [77.10933161084445, 28.570308507599997], [77.1093198624, 28.57031363560001], [77.10930866471111, 28.570318936400003], [77.10929801777779, 28.57032441], [77.10928792160001, 28.570330056400003], [77.1092783761778, 28.570335875600005], [77.10926938151111, 28.5703418676], [77.10926093760001, 28.5703480324], [77.10925304444444, 28.57035437], [77.10924570204445, 28.570360880400003], [77.10923891040001, 28.5703675636], [77.10923266951112, 28.5703744196], [77.10922697937778, 28.570381448400003], [77.10922184, 28.57038865], [77.10920524324446, 28.570412628844448], [77.10916518097778, 28.570469989377777], [77.10910165320001, 28.5705607316], [77.10901465991114, 28.570684855511118], [77.10890420111113, 28.57084236111112], [77.1087702768, 28.571033248400006], [77.10861288697778, 28.57125751737778], [77.10843203164444, 28.571515168044446], [77.10822771080001, 28.5718062004], [77.10799992444444, 28.572130614444447], [77.10774867257777, 28.572488410177776], [77.1074739552, 28.572879587600003], [77.10717577231111, 28.57330414671111], [77.1068541239111, 28.573762087511113], [77.10650901, 28.57425341], [77.10649308, 28.57424358], [77.10646534546667, 28.574282278755554], [77.10643929653334, 28.574318684355557], [77.10641493320001, 28.5743527968], [77.10639225546667, 28.57438461608889], [77.10637126333334, 28.574414142222224], [77.1063519568, 28.5744413752], [77.10633433586668, 28.57446631502222], [77.10631840053334, 28.574488961688886], [77.1063041508, 28.574509315199997], [77.10629158666667, 28.574527375555554], [77.10628070813334, 28.57454314275555], [77.1062715152, 28.5745566168], [77.10626400786667, 28.57456779768889], [77.10625818613335, 28.574576685422223], [77.10625405, 28.57458328], [77.10624957493334, 28.5745917883763], [77.10624602493334, 28.57460088354371], [77.10624339280004, 28.57461043656], [77.10624167133336, 28.574620318482967], [77.10624085333336, 28.574630400370374], [77.10624093160003, 28.574640553280002], [77.10624189893335, 28.57465064826963], [77.10624374813335, 28.574660556397035], [77.10624647200002, 28.57467014872], [77.10625006333336, 28.574679296296296], [77.10625451493334, 28.574687870183702], [77.10625981960001, 28.574695741440003], [77.10626597013334, 28.574702781122962], [77.10627295933334, 28.57470886029037], [77.10628078, 28.57471385], [77.10628971668446, 28.574718710231107], [77.10629995907556, 28.574724415315558], [77.10631135768001, 28.574730857840002], [77.10632376300445, 28.574737930391112], [77.10633702555556, 28.574745525555564], [77.10635099584, 28.574753535920003], [77.10636552436443, 28.574761854071113], [77.10638046163555, 28.574770372595555], [77.10639565816, 28.57477898408], [77.10641096444444, 28.574787581111114], [77.10642623099554, 28.574796056275556], [77.10644130832, 28.574804302160004], [77.10645604692445, 28.574812211351116], [77.10647029731555, 28.57481967643556], [77.10648391, 28.57482659], [77.10649723159406, 28.574832692521483], [77.10651068061927, 28.574837828571855], [77.10652421544002, 28.574842046880004], [77.10653779442075, 28.57484539617482], [77.10655137592593, 28.574847925185193], [77.10656491832, 28.574849682640004], [77.1065783799674, 28.574850717268145], [77.1065917192326, 28.57485107779852], [77.10660489448, 28.57485081296], [77.10661786407408, 28.574849971481484], [77.10663058637925, 28.574848602091848], [77.10664301976, 28.574846753520003], [77.10665512258073, 28.574844474494817], [77.10666685320592, 28.574841813745188], [77.10667817, 28.57483882], [77.10669697000002, 28.574833460222223], [77.10673047773335, 28.57482379511112], [77.10677764280001, 28.574810014], [77.10683741480003, 28.57479230622223], [77.10690874333336, 28.574770861111116], [77.106990578, 28.574745868], [77.10708186839999, 28.57471751622222], [77.10718156413333, 28.574685995111114], [77.10728861480001, 28.574651494], [77.10740197000001, 28.57461420222222], [77.10752057933334, 28.57457430911111], [77.1076433924, 28.574532004], [77.10776935880001, 28.574487476222224], [77.10789742813334, 28.57444091511111], [77.10802655, 28.57439251], [77.1081152268, 28.574358362844446], [77.10820885986668, 28.574321606711116], [77.10830744920001, 28.574282241600006], [77.10841099480001, 28.57424026751111], [77.10851949666667, 28.574195684444447], [77.1086329548, 28.5741484924], [77.10875136920001, 28.57409869137778], [77.10887473986666, 28.57404628137778], [77.1090030668, 28.5739912624], [77.10913635, 28.573933634444444], [77.10927458946668, 28.573873397511107], [77.10941778520001, 28.573810551599998], [77.10956593719999, 28.57374509671111], [77.10971904546668, 28.573677032844444], [77.10987711, 28.57360636], [77.10981061, 28.57349418], [77.11056978328888, 28.573078527155555], [77.11127696182223, 28.57269132328889], [77.1119321456, 28.5723325684], [77.11253533462222, 28.57200226248889], [77.1130865288889, 28.57170040555556], [77.11358572839998, 28.5714269976], [77.11403293315556, 28.571182038622226], [77.11442814315556, 28.570965528622224], [77.1147713584, 28.5707774676], [77.11506257888888, 28.570617855555554], [77.11530180462222, 28.570486692488885], [77.1154890356, 28.5703839784], [77.11562427182223, 28.57030971328889], [77.1157075132889, 28.570263897155556], [77.11573876, 28.57024653], [77.11574561031703, 28.570240942524446], [77.1157504705363, 28.57023378619556], [77.11575342656, 28.57022532816], [77.11575456429038, 28.570215835564447], [77.11575396962965, 28.570205575555566], [77.11575172848, 28.57019481528], [77.11574792674371, 28.57018382188444], [77.11574265032297, 28.570172862515555], [77.11573598512001, 28.570162204320003], [77.11572801703704, 28.570152114444447], [77.1157188319763, 28.57014286003556], [77.11570851584001, 28.570134708240005], [77.11569715453038, 28.570127926204446], [77.11568483394963, 28.570122781075558], [77.11567164, 28.57011954], [77.11695992, 28.57008981]], [[77.10950298, 28.57529698], [77.10934404, 28.57538374], [77.10958889, 28.57571006], [77.10985093, 28.57556859], [77.10979294, 28.57548937], [77.10968769, 28.57554218], [77.10950298, 28.57529698]], [[77.10923664, 28.57527434], [77.10940847, 28.57517814], [77.10920723, 28.57492894], [77.10903904, 28.57502347], [77.1090888, 28.57508823], [77.10918867, 28.57503353], [77.1092839, 28.57515739], [77.10918941, 28.57521289], [77.10923664, 28.57527434]], [[77.10897454, 28.57487788], [77.10901941, 28.57485257], [77.10899078, 28.5748156], [77.10894491, 28.57484086], [77.10897454, 28.57487788]], [[77.10911338, 28.57485502], [77.10914321, 28.57489213], [77.10918731, 28.57486702], [77.10915688, 28.57482931], [77.10911338, 28.57485502]], [[77.11159898, 28.57340983], [77.11215827, 28.57357506], [77.11216270266665, 28.573567163022222], [77.11216637933335, 28.57355916542222], [77.1121693, 28.5735510672], [77.11217146466667, 28.57354286835556], [77.11217287333334, 28.573534568888892], [77.112173526, 28.5735261688], [77.11217342266667, 28.57351766808889], [77.11217256333333, 28.573509066755555], [77.112170948, 28.5735003648], [77.11216857666668, 28.573491562222223], [77.11216544933333, 28.573482659022222], [77.11216156600001, 28.573473655200004], [77.11215692666667, 28.57346455075556], [77.11215153133334, 28.573455345688892], [77.11214538, 28.57344604], [77.11213584565927, 28.5734324110963], [77.11212676954075, 28.57341952263704], [77.11211806000001, 28.57340727], [77.1121096253926, 28.573395548562967], [77.11210137407409, 28.573384253703715], [77.1120932144, 28.573373280800002], [77.11208505472592, 28.573362525229626], [77.1120768034074, 28.573351882370368], [77.11206836880001, 28.573341247600002], [77.11205965925927, 28.573330516296295], [77.11205058314073, 28.573319583837034], [77.11204104880001, 28.573308345600005], [77.11203096459259, 28.573296696962963], [77.11202023887407, 28.573284533303703], [77.11200878, 28.57327175], [77.11199602591702, 28.573259406666672], [77.11198159480297, 28.573248632666676], [77.11196566536002, 28.573239428], [77.11194841629039, 28.573231792666675], [77.1119300262963, 28.573225726666674], [77.11191067408, 28.57322123], [77.11189053834369, 28.573218302666664], [77.11186979778962, 28.573216944666665], [77.11184863111998, 28.573217156], [77.11182721703703, 28.573218936666663], [77.11180573424295, 28.573222286666663], [77.11178436143999, 28.573227206], [77.11176327733037, 28.573233694666662], [77.11174266061629, 28.573241752666668], [77.11172269, 28.57325138], [77.11170995208889, 28.573258562800003], [77.1116978556889, 28.57326622853334], [77.1116864008, 28.573274377200004], [77.11167558742223, 28.573283008800004], [77.11166541555556, 28.573292123333335], [77.1116558852, 28.573301720799996], [77.11164699635556, 28.5733118012], [77.11163874902222, 28.573322364533336], [77.1116311432, 28.573333410800004], [77.11162417888889, 28.57334494], [77.11161785608888, 28.57335695213333], [77.1116121748, 28.5733694472], [77.11160713502223, 28.573382425200002], [77.11160273675556, 28.573395886133333], [77.11159898, 28.57340983]], [[77.11165446, 28.57359614], [77.11166275181927, 28.573606634536297], [77.11167174948741, 28.573617528823714], [77.11168148632002, 28.573628682880006], [77.11169199563261, 28.57363995672297], [77.11170331074075, 28.57365121037038], [77.11171546496001, 28.573662303840006], [77.1117284916059, 28.57367309714963], [77.11174242399407, 28.57368345031704], [77.11175729544, 28.573693223360003], [77.11177313925927, 28.573702276296302], [77.1117899887674, 28.5737104691437], [77.11180787728001, 28.57371766192], [77.1118268381126, 28.573723714642966], [77.11184690458074, 28.57372848733037], [77.11186811, 28.57373184], [77.11188979313481, 28.573733829774817], [77.11191124307854, 28.573734564598517], [77.11193241864002, 28.573733980720007], [77.11195327862818, 28.57373201438816], [77.11197378185187, 28.57372860185186], [77.11199388712002, 28.573723679360004], [77.11201355324147, 28.57371718316148], [77.11203273902518, 28.573709049505183], [77.11205140328002, 28.573699214639998], [77.11206950481483, 28.573687614814816], [77.11208700243853, 28.573674186278517], [77.11210385496, 28.573658865280002], [77.11212002118816, 28.57364158806815], [77.11213545993186, 28.573622290891855], [77.11215013, 28.57360091], [77.11159125, 28.57343556], [77.1115944504, 28.573449880444446], [77.1115977956, 28.573463684444448], [77.11160128560002, 28.573476972], [77.1116049204, 28.573489743111118], [77.11160870000002, 28.573501997777782], [77.1116126244, 28.573513736], [77.1116166936, 28.573524957777778], [77.1116209076, 28.57353566311111], [77.1116252664, 28.573545852], [77.11162977, 28.573555524444444], [77.1116344184, 28.57356468044444], [77.1116392116, 28.57357332], [77.1116441496, 28.573581443111113], [77.1116492324, 28.573589049777777], [77.11165446, 28.57359614]], [[77.11126251, 28.57379322], [77.11133585, 28.57375239], [77.11129333, 28.57369383], [77.11121888, 28.57373406], [77.11126251, 28.57379322]], [[77.11137941, 28.57365486], [77.11142168, 28.57371452], [77.11149191, 28.57367549], [77.11144908, 28.57361796], [77.11137941, 28.57365486]], [[77.11186141, 28.57444783], [77.11193541, 28.57440584], [77.1118415, 28.57427519], [77.11176438, 28.57431731], [77.11186141, 28.57444783]], [[77.11222102, 28.5743585], [77.11229411, 28.57431815], [77.11220424, 28.57419692], [77.11212981, 28.57423943], [77.11222102, 28.5743585]], [[77.11251933, 28.57409285], [77.11250722444149, 28.57407507041778], [77.11249590366518, 28.57405833627556], [77.11248527752001, 28.574042540480004], [77.11247525585482, 28.574027575937787], [77.11246574851853, 28.574013335555566], [77.11245666536, 28.57399971224001], [77.11244791622815, 28.573986598897772], [77.11243941097186, 28.573973888435557], [77.11243105944, 28.573961473760004], [77.11242277148148, 28.573949247777783], [77.11241445694517, 28.573937103395554], [77.11240602568, 28.573924933520004], [77.1123973875348, 28.573912631057784], [77.11238845235852, 28.573900088915558], [77.11237913, 28.5738872], [77.1123724743111, 28.57387900937778], [77.11236523524444, 28.573871901511115], [77.1123574128, 28.573865876400003], [77.11234900697778, 28.57386093404445], [77.11234001777778, 28.573857074444447], [77.1123304452, 28.573854297599997], [77.11232028924445, 28.573852603511114], [77.1123095499111, 28.57385199217778], [77.1122982272, 28.573852463599998], [77.11228632111113, 28.573854017777776], [77.11227383164444, 28.573856654711108], [77.1122607588, 28.573860374400002], [77.11224710257778, 28.573865176844446], [77.11223286297779, 28.573871062044446], [77.11221804, 28.57387803], [77.11246265, 28.57423956], [77.11247775062222, 28.57423206102222], [77.11249123382223, 28.57422423608889], [77.1125030996, 28.5742160852], [77.11251334795557, 28.574207608355557], [77.1125219788889, 28.574198805555554], [77.1125289924, 28.5741896768], [77.11253438848888, 28.574180222088884], [77.11253816715555, 28.57417044142222], [77.1125403284, 28.5741603348], [77.11254087222223, 28.57414990222222], [77.11253979862221, 28.57413914368889], [77.1125371076, 28.5741280592], [77.11253279915556, 28.574116648755556], [77.11252687328889, 28.574104912355555], [77.11251933, 28.57409285]], [[77.11361915, 28.57325377], [77.11363699115556, 28.573280014444446], [77.11365385862223, 28.573304726444448], [77.11366975240001, 28.573327906], [77.1136846724889, 28.573349553111115], [77.1136986188889, 28.573369667777783], [77.11371159160001, 28.57338825], [77.11372359062223, 28.573405299777782], [77.11373461595556, 28.57342081711111], [77.1137446676, 28.573434802], [77.11375374555556, 28.573447254444446], [77.11376184982223, 28.573458174444447], [77.11376898040001, 28.573467562], [77.1137751372889, 28.573475417111112], [77.1137803204889, 28.573481739777776], [77.11378453, 28.57348653], [77.1137911230637, 28.573492272702225], [77.11379955450963, 28.573497422551114], [77.11380955472, 28.573501970160006], [77.11382085407705, 28.573505906142234], [77.11383318296298, 28.573509221111117], [77.11384627176001, 28.57351190568], [77.11385985085037, 28.57351395046222], [77.11387365061631, 28.573515346071108], [77.11388740144, 28.57351608312], [77.11390083370371, 28.573516152222226], [77.11391367778963, 28.57351554399111], [77.11392566408, 28.573514249040002], [77.11393652295705, 28.573512257982223], [77.11394598480297, 28.573509561431113], [77.11395378, 28.57350615], [77.1139647557985, 28.57350025944], [77.1139831677215, 28.57349053058667], [77.11400785856003, 28.57347756168001], [77.1140376711052, 28.573461950960002], [77.11407144814817, 28.573444296666676], [77.11410803248002, 28.573425197040002], [77.11414626689186, 28.573405250319997], [77.1141849941748, 28.573385054746666], [77.11422305712001, 28.573365208560006], [77.11425929851853, 28.57334631], [77.11429256116148, 28.573328957306668], [77.11432168784, 28.573313748720004], [77.11434552134519, 28.573301282480003], [77.11436290446815, 28.57329215682667], [77.11437268, 28.57328697], [77.11437796227261, 28.573283400334816], [77.11438263231409, 28.573278818278524], [77.11438668296002, 28.573273360240005], [77.11439010704595, 28.573267162628156], [77.11439289740743, 28.57326036185186], [77.11439504687999, 28.573253094320002], [77.11439654829925, 28.57324549644148], [77.11439739450076, 28.57323770462519], [77.11439757832001, 28.57322985528], [77.11439709259258, 28.57322208481482], [77.11439593015407, 28.573214529638516], [77.11439408384001, 28.573207326160002], [77.11439154648592, 28.573200610788152], [77.11438831092741, 28.573194519931853], [77.11438437, 28.57318919], [77.11438116733333, 28.573185311022225], [77.11437728733333, 28.573180212755556], [77.11437273000001, 28.573173895200007], [77.11436749533333, 28.573166358355557], [77.11436158333333, 28.57315760222222], [77.114354994, 28.573147626800004], [77.11434772733332, 28.57313643208889], [77.11433978333332, 28.573124018088887], [77.114331162, 28.573110384800003], [77.11432186333334, 28.57309553222222], [77.11431188733333, 28.573079460355558], [77.114301234, 28.573062169200004], [77.11428990333333, 28.57304365875556], [77.11427789533334, 28.573023929022224], [77.11426521, 28.57300298], [77.11401392, 28.57313215], [77.11386838, 28.57292798], [77.11373788, 28.57299739], [77.11384029, 28.57314761], [77.11361915, 28.57325377]], [[77.11457204, 28.57316824], [77.11457984857778, 28.573164217555558], [77.1145930849778, 28.57315712355556], [77.11461174920002, 28.573146958], [77.11463584124446, 28.573133720888897], [77.11466536111112, 28.573117412222224], [77.1147003088, 28.573098032], [77.11474068431112, 28.573075580222227], [77.11478648764444, 28.57305005688889], [77.1148377188, 28.573021462], [77.11489437777777, 28.572989795555557], [77.11495646457777, 28.572955057555557], [77.1150239792, 28.572917248], [77.11509692164444, 28.572876366888888], [77.1151752919111, 28.572832414222223], [77.11525909, 28.57278539], [77.11524083, 28.57275958], [77.11525789079704, 28.57274853868148], [77.11527342944298, 28.572737801718528], [77.11528747632002, 28.572727391600008], [77.11530006181039, 28.57271733081482], [77.11531121629632, 28.572707641851856], [77.11532097016, 28.572698347200003], [77.11532935378371, 28.57268946934815], [77.11533639754961, 28.572681030785187], [77.11534213184, 28.572673054], [77.11534658703704, 28.572665561481486], [77.11534979352295, 28.57265857571852], [77.11535178168, 28.5726521192], [77.11535258189036, 28.572646214414817], [77.1153522245363, 28.572640883851854], [77.11535074, 28.57263615], [77.11534843434669, 28.572631854924442], [77.11534562250668, 28.572627837395558], [77.11534234816001, 28.572624114960004], [77.11533865498669, 28.572620705164454], [77.11533458666666, 28.572617625555562], [77.11533018688, 28.572614893680004], [77.11532549930665, 28.57261252708444], [77.11532056762667, 28.572610543315555], [77.11531543552, 28.572608959920007], [77.11531014666667, 28.572607794444444], [77.11530474474665, 28.57260706443556], [77.11529927344, 28.572606787440005], [77.11529377642665, 28.572606981004448], [77.11528829738666, 28.57260766267556], [77.11528288, 28.57260885], [77.11527688964445, 28.57261043653334], [77.11526608124446, 28.572613268133335], [77.11525045480002, 28.572617344800005], [77.11523001031111, 28.572622666533334], [77.11520474777778, 28.572629233333338], [77.1151746672, 28.5726370452], [77.11513976857778, 28.572646102133334], [77.11510005191111, 28.572656404133333], [77.1150555172, 28.572667951200003], [77.11500616444445, 28.572680743333336], [77.11495199364444, 28.572694780533336], [77.1148930048, 28.5727100628], [77.1148291979111, 28.572726590133332], [77.11476057297777, 28.572744362533335], [77.11468713, 28.57276338], [77.11475399, 28.57287175], [77.11437885, 28.57307013], [77.11438303964445, 28.573077587688893], [77.11438709657779, 28.573084736755554], [77.11439102080001, 28.573091577200007], [77.11439481231112, 28.573098109022226], [77.11439847111112, 28.57310433222223], [77.1144019972, 28.573110246800002], [77.11440539057776, 28.573115852755556], [77.11440865124445, 28.573121150088888], [77.1144117792, 28.5731261388], [77.11441477444444, 28.573130818888888], [77.11441763697778, 28.573135190355554], [77.1144203668, 28.573139253200004], [77.11442296391111, 28.57314300742222], [77.11442542831111, 28.573146453022222], [77.11442776, 28.57314959], [77.11443208276741, 28.57315395705482], [77.11443810933926, 28.573158079238524], [77.11444562112001, 28.573161910080003], [77.11445439951409, 28.57316540310816], [77.11446422592594, 28.573168511851858], [77.11447488176, 28.573171189840004], [77.11448614842075, 28.573173390601482], [77.11449780731259, 28.573175067665186], [77.11450963984001, 28.573176174560004], [77.11452142740741, 28.573176664814817], [77.11453295141925, 28.57317649195852], [77.11454399328001, 28.573175609520007], [77.11455433439407, 28.57317397102815], [77.11456375616592, 28.573171530011855], [77.11457204, 28.57316824]], [[77.11521975, 28.57258282], [77.1152270257422, 28.57257940448593], [77.11523386500446, 28.572574753220746], [77.11524019584, 28.572568973119996], [77.11524594630224, 28.572562171099268], [77.11525104444445, 28.57255445407408], [77.11525541832, 28.57254592896], [77.11525899598222, 28.57253670267259], [77.11526170548446, 28.572526882127406], [77.11526347488001, 28.57251657424], [77.11526423222223, 28.572505885925928], [77.11526390556445, 28.57249492410074], [77.11526242296001, 28.57248379568], [77.11525971246223, 28.572472607579265], [77.11525570212444, 28.572461466714074], [77.11525032, 28.57245048], [77.11524382054814, 28.57243919005038], [77.11523659905187, 28.572427187336302], [77.1152287948, 28.572414650560006], [77.11522054708149, 28.57240175842371], [77.1152119951852, 28.572388689629637], [77.11520327840002, 28.572375622880006], [77.1151945360148, 28.572362736877036], [77.11518590731853, 28.57235021032296], [77.1151775316, 28.57233822192], [77.11516954814815, 28.572326950370375], [77.11516209625184, 28.572316574376295], [77.1151553152, 28.57230727264], [77.11514934428148, 28.572299223863702], [77.11514432278518, 28.572292606749627], [77.11514039, 28.5722876], [77.11513664441185, 28.572283495368893], [77.11513214236149, 28.572279506684445], [77.11512695992002, 28.572275695760005], [77.11512117315854, 28.572272124408897], [77.11511485814816, 28.572268854444456], [77.11510809096, 28.572265947680005], [77.1151009476652, 28.572263465928888], [77.11509350433481, 28.57226147100445], [77.11508583704001, 28.572260024720002], [77.11507802185187, 28.572259188888893], [77.11507013484149, 28.572259025324442], [77.11506225208001, 28.572259595840002], [77.11505444963854, 28.57226096224889], [77.11504680358816, 28.572263186364445], [77.11503939, 28.57226633], [77.11502995174519, 28.5722711228326], [77.11501659009483, 28.572278032660748], [77.11499991872002, 28.572286728480012], [77.11498055129186, 28.572296879285936], [77.1149591014815, 28.572308154074083], [77.11493618296, 28.57232022184], [77.1149124093985, 28.572332751579257], [77.11488839446814, 28.572345412287405], [77.11486475184, 28.572357872959998], [77.11484209518518, 28.572369802592597], [77.11482103817481, 28.572380870180737], [77.11480219448, 28.572390744720003], [77.11478617777186, 28.572399095205927], [77.11477360172148, 28.572405590634077], [77.11476508, 28.5724099], [77.11475926579259, 28.572413287321478], [77.11475437194075, 28.572417192438515], [77.11475035160001, 28.572421548080005], [77.11474715792593, 28.572426286974817], [77.11474474407409, 28.572431341851857], [77.11474306320001, 28.57243664544], [77.11474206845926, 28.572442130468144], [77.1147417130074, 28.572447729665186], [77.11474195000001, 28.572453375760002], [77.11474273259262, 28.572459001481484], [77.11474401394074, 28.572464539558517], [77.1147457472, 28.572469922720003], [77.11474788552593, 28.572475083694812], [77.11475038207408, 28.57247995521185], [77.11475319, 28.57248447], [77.1147567727615, 28.572489756503703], [77.1147615118252, 28.572496810296304], [77.11476723736001, 28.572505364800005], [77.11477377953483, 28.572515153437042], [77.11478096851853, 28.572525909629636], [77.11478863448, 28.572537366800002], [77.11479660758815, 28.57254925837037], [77.11480471801187, 28.57256131776297], [77.11481279592, 28.5725732784], [77.11482067148148, 28.57258487370371], [77.11482817486518, 28.572595837096294], [77.11483513624, 28.572605902], [77.11484138577482, 28.57261480183704], [77.11484675363852, 28.57262227002963], [77.11485107, 28.57262804], [77.11485512364742, 28.572632677804446], [77.11485977784592, 28.572636928035557], [77.11486497448001, 28.57264079192001], [77.11487065543409, 28.57264427068445], [77.1148767625926, 28.57264736555556], [77.11488323784, 28.572650077760002], [77.11489002306075, 28.572652408524444], [77.11489706013927, 28.57265435907556], [77.11490429096001, 28.572655930640003], [77.11491165740742, 28.572657124444444], [77.11491910136593, 28.572657941715555], [77.11492656472001, 28.57265838368], [77.11493398935409, 28.572658451564443], [77.1149413171526, 28.572658146595558], [77.11494849, 28.57265747], [77.11495764523555, 28.572655939863704], [77.11497057455114, 28.5726531859763], [77.11498670136002, 28.57264937712], [77.11500544907558, 28.572644682077044], [77.11502624111114, 28.572639269629637], [77.11504850088001, 28.572633308560004], [77.11507165179555, 28.572626967650372], [77.11509511727111, 28.57262041568297], [77.11511832072, 28.57261382144], [77.11514068555556, 28.57260735370371], [77.1151616351911, 28.572601181256296], [77.11518059304001, 28.572595472880003], [77.11519698251556, 28.57259039735704], [77.11521022703111, 28.572586123469634], [77.11521975, 28.57258282]], [[77.11427701, 28.5728833], [77.11433335262221, 28.572853668977782], [77.1143860444889, 28.572825946577783], [77.11443508560001, 28.572800132800005], [77.11448047595555, 28.57277622764445], [77.11452221555557, 28.572754231111116], [77.11456030439999, 28.5727341432], [77.11459474248889, 28.572715963911115], [77.1146255298222, 28.572699693244445], [77.1146526664, 28.572685331200006], [77.11467615222222, 28.57267287777778], [77.11469598728888, 28.572662332977778], [77.1147121716, 28.572653696800003], [77.11472470515555, 28.572646969244445], [77.11473358795556, 28.572642150311115], [77.11473882, 28.57263924], [77.11474361208298, 28.572636155404446], [77.11474778359704, 28.57263279870222], [77.11475135744001, 28.572629213520003], [77.11475435650965, 28.572625443484448], [77.11475680370373, 28.572621532222225], [77.11475872192, 28.57261752336], [77.1147601340563, 28.572613460524437], [77.11476106301036, 28.57260938734222], [77.11476153168002, 28.572605347439996], [77.11476156296297, 28.572601384444447], [77.11476117975702, 28.572597541982216], [77.11476040496001, 28.572593863679998], [77.11475926146963, 28.572590393164443], [77.11475777218371, 28.57258717406222], [77.11475596, 28.57258425], [77.1147539046726, 28.572581325807413], [77.11475168244742, 28.57257810205926], [77.11474931096002, 28.572574616], [77.11474680784593, 28.572570904874077], [77.11474419074075, 28.572567005925936], [77.11474147728, 28.572562956400006], [77.11473868509925, 28.572558793540743], [77.11473583183407, 28.572554554592593], [77.11473293512002, 28.5725502768], [77.1147300125926, 28.57254599740741], [77.11472708188741, 28.57254175365926], [77.11472416064001, 28.572537582800003], [77.11472126648593, 28.572533522074075], [77.11471841706074, 28.57252960872593], [77.11471563, 28.57252588], [77.11471259653335, 28.572522438482963], [77.11470902813335, 28.572519369730376], [77.11470497280001, 28.572516685440007], [77.11470047853334, 28.572514397309636], [77.11469559333334, 28.57251251703704], [77.1146903652, 28.572511056320003], [77.11468484213334, 28.572510026856293], [77.11467907213334, 28.57250944034371], [77.1146731032, 28.57250930848], [77.11466698333334, 28.572509642962963], [77.11466076053333, 28.57251045549037], [77.1146544828, 28.572511757760005], [77.11464819813334, 28.57251356146963], [77.11464195453334, 28.572515878317038], [77.1146358, 28.57251872], [77.11463003466667, 28.572521717422223], [77.114620864, 28.572526565688896], [77.11460828800001, 28.572533264800004], [77.11459230666668, 28.572541814755564], [77.11457292000001, 28.57255221555556], [77.114550128, 28.572564467200007], [77.11452393066668, 28.572578569688886], [77.114494328, 28.57259452302222], [77.11446132, 28.572612327199998], [77.11442490666667, 28.572631982222223], [77.114385088, 28.57265348808889], [77.11434186400001, 28.5726768448], [77.11429523466666, 28.572702052355556], [77.1142452, 28.572729110755557], [77.11419176, 28.57275802], [77.11427701, 28.5728833]], [[77.1159538, 28.57176703], [77.11588631, 28.57167168], [77.11564275, 28.57179796], [77.11571318, 28.57190105], [77.1159538, 28.57176703]], [[77.10829878, 28.57603758], [77.10832335, 28.57607464], [77.10841844, 28.57602595], [77.10839483, 28.57598989], [77.10829878, 28.57603758]], [[77.10891669, 28.57577843], [77.10895744, 28.57583927], [77.10904507, 28.57579453], [77.10900228, 28.57573368], [77.10891669, 28.57577843]], [[77.10720024, 28.57541635], [77.10713892, 28.5753045], [77.10637941, 28.57562142], [77.10644428, 28.57573327], [77.10720024, 28.57541635]]]}}, {"type": "Feature", "properties": {"name": "New Taxiway 68", "surface_type": "ASPHALT", "smoothness": 0.0, "texture_orientation": 15.0}, "geometry": {"type": "Polygon", "coordinates": [[[77.12271284, 28.55872344], [77.12285492, 28.5592913], [77.12224163, 28.55943674], [77.1222197008, 28.559441947111115], [77.12219888920002, 28.559446795111114], [77.1221791952, 28.559451284], [77.12216061880001, 28.55945541377778], [77.12214316, 28.559459184444446], [77.12212681880001, 28.559462596], [77.1221115952, 28.559465648444444], [77.1220974892, 28.55946834177778], [77.1220845008, 28.559470676], [77.12207263, 28.55947265111111], [77.12206187679999, 28.559474267111106], [77.1220522412, 28.559475524], [77.1220437232, 28.559476421777777], [77.1220363228, 28.559476960444442], [77.12203004, 28.55947714], [77.1220239752889, 28.5594769844], [77.12201722915556, 28.5594765176], [77.1220098016, 28.559475739600003], [77.12200169262225, 28.559474650400002], [77.12199290222225, 28.55947325], [77.12198343040001, 28.559471538399997], [77.12197327715556, 28.5594695156], [77.1219624424889, 28.5594671816], [77.12195092639999, 28.5594645364], [77.12193872888889, 28.55946158], [77.12192584995555, 28.559458312399997], [77.1219122896, 28.559454733600003], [77.12189804782223, 28.5594508436], [77.12188312462222, 28.5594466424], [77.12186752, 28.55944213], [77.12085251, 28.55916471], [77.12271284, 28.55872344]]]}}, {"type": "Feature", "properties": {"name": "New Taxiway 7", "surface_type": "ASPHALT", "smoothness": 0.0, "texture_orientation": 0.0}, "geometry": {"type": "Polygon", "coordinates": [[[77.12286842, 28.55636555], [77.12314877, 28.55728669], [77.12258952, 28.55817608], [77.12244812, 28.55839233], [77.12175536, 28.55855261], [77.12177832426666, 28.55852837008889], [77.12179988906666, 28.558504871688893], [77.12182005439999, 28.558482114800007], [77.12183882026666, 28.558460099422224], [77.12185618666666, 28.55843882555556], [77.12187215359998, 28.558418293200003], [77.12188672106666, 28.558398502355555], [77.12189988906667, 28.558379453022223], [77.1219116576, 28.558361145200003], [77.12192202666665, 28.558343578888888], [77.12193099626666, 28.55832675408889], [77.12193856639999, 28.5583106708], [77.12194473706666, 28.558295329022222], [77.12194950826667, 28.558280728755555], [77.12195288, 28.55826687], [77.12195610731555, 28.558243176758516], [77.1219578563911, 28.55821325953482], [77.12195825192002, 28.558178166080012], [77.12195741859556, 28.558138944145195], [77.12195548111112, 28.558096641481487], [77.12195256416001, 28.558052305840004], [77.12194879243556, 28.558006984971847], [77.1219442906311, 28.557961726628147], [77.12193918343999, 28.55791757856], [77.12193359555556, 28.55787558851852], [77.1219276516711, 28.557836804254812], [77.12192147648, 28.55780227352], [77.12191519467555, 28.557773044065183], [77.12190893095111, 28.55775016364148], [77.12190281, 28.55773468], [77.12189811471112, 28.557726059066667], [77.12189203951111, 28.557715444266666], [77.12188458440001, 28.5577028356], [77.12187574937778, 28.55768823306667], [77.12186553444445, 28.55767163666667], [77.1218539396, 28.5576530464], [77.12184096484444, 28.557632462266668], [77.12182661017778, 28.557609884266668], [77.1218108756, 28.5575853124], [77.1217937611111, 28.557558746666672], [77.12177526671111, 28.557530187066668], [77.12175539239999, 28.557499633600003], [77.12173413817777, 28.55746708626667], [77.12171150404444, 28.557432545066668], [77.12168749, 28.55739601], [77.12168076946666, 28.55738011777778], [77.12167395986667, 28.557365281111114], [77.1216670612, 28.5573515], [77.12166007346667, 28.557338774444446], [77.12165299666668, 28.557327104444447], [77.12164583079998, 28.55731649], [77.12163857586665, 28.55730693111111], [77.12163123186666, 28.557298427777777], [77.12162379879999, 28.55729098], [77.12161627666666, 28.55728458777778], [77.12160866546665, 28.55727925111111], [77.1216009652, 28.55727497], [77.12159317586666, 28.557271744444442], [77.12158529746667, 28.557269574444444], [77.12157733, 28.55726846], [77.12156715924444, 28.557268068844444], [77.12155267097778, 28.55726806871111], [77.1215338652, 28.557268459600007], [77.12151074191112, 28.557269241511115], [77.12148330111113, 28.55727041444445], [77.1214515428, 28.5572719784], [77.12141546697778, 28.557273933377783], [77.12137507364446, 28.55727627937778], [77.12133036280001, 28.557279016400003], [77.12128133444443, 28.557282144444446], [77.12122798857777, 28.55728566351111], [77.1211703252, 28.557289573600002], [77.12110834431111, 28.557293874711114], [77.12104204591111, 28.557298566844448], [77.12097143, 28.55730365], [77.12051018, 28.55733926], [77.12047251684443, 28.557344818044445], [77.12043737804446, 28.557350038844447], [77.1204047636, 28.5573549224], [77.12037467351112, 28.55735946871111], [77.12034710777779, 28.55736367777778], [77.1203220664, 28.5573675496], [77.12029954937778, 28.557371084177777], [77.12027955671111, 28.55737428151111], [77.12026208840001, 28.557377141599993], [77.12024714444445, 28.55737966444444], [77.12023472484444, 28.557381850044443], [77.1202248296, 28.5573836984], [77.12021745871111, 28.557385209511107], [77.12021261217778, 28.55738638337778], [77.12021029, 28.55738722], [77.12017635871112, 28.55740032022222], [77.12014443951112, 28.55741493288889], [77.12011453240001, 28.557431058], [77.1200866373778, 28.557448695555557], [77.12006075444445, 28.557467845555557], [77.1200368836, 28.557488508], [77.12001502484445, 28.55751068288889], [77.11999517817779, 28.55753437022222], [77.11997734360001, 28.55755957], [77.11996152111112, 28.55758628222222], [77.11994771071112, 28.55761450688889], [77.11993591240001, 28.557644244], [77.11992612617777, 28.557675493555557], [77.11991835204445, 28.557708255555553], [77.11991259, 28.55774253], [77.1199169341778, 28.557775057466664], [77.11992108404445, 28.557806018533334], [77.1199250396, 28.557835413200003], [77.11992880084446, 28.55786324146667], [77.11993236777779, 28.557889503333342], [77.11993574040002, 28.557914198800006], [77.11993891871111, 28.55793732786667], [77.11994190271113, 28.557958890533335], [77.11994469240001, 28.557978886800004], [77.11994728777779, 28.55799731666667], [77.11994968884446, 28.558014180133334], [77.11995189560001, 28.558029477200005], [77.11995390804445, 28.55804320786667], [77.11995572617779, 28.558055372133335], [77.11995735, 28.55806597], [77.11996180535705, 28.558077235128888], [77.11996961952298, 28.558096424897784], [77.11998031264001, 28.558122414880003], [77.11999340485039, 28.558154080648897], [77.12000841629632, 28.558190297777784], [77.12002486712001, 28.558229941840004], [77.1200422774637, 28.558271888408893], [77.12006016746965, 28.55831501305778], [77.12007805728001, 28.558358191360007], [77.12009546703705, 28.55840029888889], [77.12011191688296, 28.55844021121778], [77.12012692696001, 28.55847680392], [77.12014001741036, 28.558508952568893], [77.1201507083763, 28.558535532737782], [77.12015852, 28.55855542], [77.12016293111112, 28.558566930311112], [77.12016962577778, 28.558579519911113], [77.12017860400002, 28.558593188800003], [77.12018986577777, 28.55860793697778], [77.12020341111112, 28.558623764444445], [77.12021924, 28.558640671199996], [77.12023735244445, 28.558658657244443], [77.12025774844446, 28.558677722577777], [77.120280428, 28.558697867200003], [77.12030539111112, 28.558719091111108], [77.12033263777778, 28.55874139431111], [77.120362168, 28.558764776800004], [77.12039398177777, 28.558789238577774], [77.12042807911111, 28.558814779644447], [77.12046446, 28.5588414], [77.11956495, 28.55904818], [77.11956508857779, 28.559018882755556], [77.11956518697778, 28.558990820355557], [77.1195652452, 28.558963992800006], [77.11956526324445, 28.55893840008889], [77.11956524111112, 28.558914042222224], [77.1195651788, 28.5588909192], [77.11956507631112, 28.558869031022226], [77.11956493364445, 28.55884837768889], [77.11956475080001, 28.558828959200007], [77.11956452777778, 28.558810775555557], [77.11956426457778, 28.558793826755554], [77.11956396120002, 28.558778112800006], [77.11956361764445, 28.55876363368889], [77.11956323391112, 28.558750389422222], [77.11956281, 28.55873838], [77.11956268655408, 28.558735659223704], [77.11956252403262, 28.55873270072297], [77.11956232816001, 28.558729558240007], [77.11956210466076, 28.55872628551705], [77.11956185925928, 28.558722936296302], [77.11956159768, 28.558719564320008], [77.11956132564741, 28.55871622333037], [77.11956104888593, 28.558712967069635], [77.11956077312, 28.558709849280003], [77.11956050407409, 28.55870692370371], [77.11956024747259, 28.558704244082964], [77.11956000904001, 28.558701864160003], [77.11955979450076, 28.558699837677036], [77.11955960957927, 28.5586982183763], [77.11955946, 28.55869706], [77.11955855751111, 28.5586905736], [77.11955715937778, 28.558680351733337], [77.11955526560001, 28.558666394400003], [77.11955287617779, 28.5586487016], [77.11954999111113, 28.558627273333343], [77.1195466104, 28.558602109600002], [77.11954273404444, 28.5585732104], [77.11953836204444, 28.558540575733332], [77.1195334944, 28.558504205600002], [77.11952813111111, 28.5584641], [77.11952227217776, 28.55842025893333], [77.1195159176, 28.558372682400005], [77.11950906737778, 28.5583213704], [77.11950172151111, 28.558266322933335], [77.11949388, 28.55820754], [77.11933137, 28.55787177], [77.1193132328, 28.557841257422222], [77.11929203186668, 28.55781375168889], [77.1192677672, 28.557789252800003], [77.1192404388, 28.557767760755556], [77.11921004666668, 28.557749275555558], [77.11917659080001, 28.557733797199997], [77.11914007120001, 28.557721325688888], [77.11910048786666, 28.557711861022224], [77.11905784080001, 28.557705403200004], [77.11901213, 28.557701952222224], [77.11896335546666, 28.55770150808889], [77.11891151720002, 28.5577040708], [77.1188566152, 28.557709640355554], [77.11879864946667, 28.557718216755557], [77.11873762, 28.5577298], [77.11872924817779, 28.557730510355558], [77.1187172127111, 28.557732254755557], [77.11870151360002, 28.557735033200004], [77.11868215084446, 28.557738845688892], [77.11865912444446, 28.557743692222225], [77.1186324344, 28.557749572800002], [77.11860208071111, 28.557756487422225], [77.11856806337778, 28.55776443608889], [77.11853038240001, 28.557773418800004], [77.11848903777778, 28.557783435555557], [77.11844402951112, 28.557794486355554], [77.11839535760001, 28.557806571200004], [77.11834302204446, 28.557819690088888], [77.11828702284444, 28.557833843022223], [77.11822736, 28.55784903], [77.11822736, 28.55790181], [77.11817886546667, 28.557918249555556], [77.1181335312, 28.557934728222225], [77.11809135720002, 28.557951246], [77.11805234346667, 28.557967802888893], [77.11801649000002, 28.55798439888889], [77.1179837968, 28.558001034], [77.11795426386666, 28.558017708222224], [77.1179278912, 28.558034421555554], [77.1179046788, 28.558051174], [77.11788462666667, 28.55806796555555], [77.1178677348, 28.55808479622222], [77.1178540032, 28.558101666], [77.11784343186666, 28.558118574888887], [77.1178360208, 28.55813552288889], [77.11783177, 28.55815251], [77.11782861122667, 28.55817985746371], [77.11782706381332, 28.558210488909626], [77.11782700312001, 28.558243817920005], [77.11782830450667, 28.558279258077047], [77.11783084333334, 28.558316222962972], [77.11783449496, 28.558354126160005], [77.11783913474666, 28.55839238125037], [77.11784463805331, 28.558430401816295], [77.11785088023998, 28.558467601440004], [77.11785773666666, 28.558503393703702], [77.11786508269333, 28.55853719218963], [77.11787279368, 28.558568410480007], [77.11788074498666, 28.558596462157034], [77.11788881197333, 28.55862076080296], [77.11789687, 28.55864072], [77.11790629578073, 28.55866111438519], [77.11791832957927, 28.558686583081485], [77.11793264208, 28.558716336400014], [77.11794890396742, 28.55874958465186], [77.11796678592594, 28.55878553814815], [77.11798595864002, 28.558823407200002], [77.11800609279408, 28.558862402118518], [77.1180268590726, 28.558901733214814], [77.11804792816001, 28.5589406108], [77.11806897074075, 28.558978245185187], [77.11808965749927, 28.55901384668148], [77.11810965912002, 28.559046625600004], [77.11812864628742, 28.55907579225185], [77.11814628968594, 28.559100556948152], [77.11816226, 28.55912013], [77.11817287684445, 28.559130940355555], [77.11818469537779, 28.55914108608889], [77.1181977156, 28.559150567200003], [77.11821193751112, 28.559159383688893], [77.11822736111111, 28.55916753555556], [77.1182439864, 28.559175022800005], [77.11826181337779, 28.55918184542222], [77.11828084204444, 28.55918800342222], [77.1183010724, 28.5591934968], [77.11832250444445, 28.559198325555556], [77.11834513817777, 28.55920248968889], [77.1183689736, 28.559205989200002], [77.11839401071111, 28.559208824088888], [77.1184202495111, 28.559210994355556], [77.11844769, 28.5592125], [77.11847273, 28.55931195], [77.11713073, 28.55962153], [77.11710069, 28.55950278], [77.11712465826666, 28.55949568528889], [77.11714715773334, 28.559488473155554], [77.11716818840002, 28.5594811436], [77.11718775026668, 28.559473696622224], [77.11720584333335, 28.559466132222223], [77.11722246760002, 28.559458450399998], [77.11723762306667, 28.559450651155554], [77.11725130973335, 28.55944273448889], [77.11726352760002, 28.559434700399997], [77.11727427666668, 28.55942654888889], [77.11728355693336, 28.559418279955555], [77.11729136840002, 28.5594098936], [77.11729771106667, 28.559401389822224], [77.11730258493334, 28.55939276862222], [77.11730599, 28.55938403], [77.11730843813334, 28.55937314106667], [77.1173104412, 28.559358068933335], [77.11731199920001, 28.559338813600004], [77.11731311213333, 28.559315375066667], [77.11731378, 28.559287753333336], [77.1173140028, 28.5592559484], [77.11731378053332, 28.559219960266663], [77.1173131132, 28.559179788933335], [77.1173120008, 28.5591354344], [77.11731044333334, 28.559086896666667], [77.11730844079999, 28.559034175733334], [77.1173059932, 28.5589772716], [77.11730310053332, 28.558916184266668], [77.11729976279999, 28.558850913733334], [77.11729598, 28.55878146], [77.11729126213334, 28.558755580177777], [77.11728645519999, 28.558730716711107], [77.1172815592, 28.558706869600005], [77.11727657413334, 28.558684038844444], [77.11727150000002, 28.558662224444447], [77.11726633679999, 28.5586414264], [77.11726108453334, 28.558621644711113], [77.1172557432, 28.558602879377776], [77.1172503128, 28.5585851304], [77.11724479333333, 28.558568397777776], [77.11723918480001, 28.558552681511113], [77.11723348720001, 28.558537981600004], [77.11722770053333, 28.558524298044446], [77.1172218248, 28.558511630844446], [77.11721586, 28.55849998], [77.11720625719113, 28.558482615825188], [77.11719552419555, 28.55846416500148], [77.11718373216002, 28.558444948080005], [77.11717095223113, 28.558425285611857], [77.11715725555557, 28.55840549814816], [77.11714271328, 28.55838590624], [77.11712739655111, 28.558366830438516], [77.11711137651557, 28.558348591294813], [77.11709472432001, 28.558331509360002], [77.11707751111112, 28.55831590518519], [77.11705980803555, 28.55830209932148], [77.11704168624001, 28.558290412319998], [77.1170232168711, 28.558281164731852], [77.11700447107556, 28.558274677108148], [77.11698552, 28.55827127], [77.1169636177748, 28.55826986720593], [77.11693649926518, 28.55826919964741], [77.11690495672002, 28.558269298560006], [77.11686978238816, 28.558270195179265], [77.11683176851854, 28.558271920740744], [77.11679170736, 28.558274506479997], [77.11675039116146, 28.558277983632586], [77.11670861217185, 28.55828238343407], [77.11666716264, 28.55828773712], [77.11662683481481, 28.55829407592592], [77.11658842094518, 28.558301431087404], [77.11655271328, 28.55830983384], [77.11652050406815, 28.558319315419254], [77.11649258555852, 28.558329907060738], [77.11646975, 28.55834164], [77.11645632986665, 28.558349849377777], [77.11644277613334, 28.558358058844448], [77.1164290888, 28.558366268400004], [77.11641526786667, 28.55837447804445], [77.11640131333334, 28.55838268777778], [77.11638722519999, 28.5583908976], [77.11637300346666, 28.55839910751111], [77.11635864813333, 28.55840731751111], [77.1163441592, 28.5584155276], [77.11632953666667, 28.55842373777778], [77.11631478053334, 28.558431948044444], [77.11629989080001, 28.558440158400003], [77.11628486746667, 28.558448368844445], [77.11626971053335, 28.558456579377776], [77.11625442, 28.55846479], [77.11466705, 28.55984145], [77.1144335, 28.56022996], [77.11405637, 28.56031902], [77.11191724, 28.56081627], [77.11206872, 28.56064193], [77.11210982026667, 28.56062756191111], [77.11214914506667, 28.560613780311115], [77.11218669440001, 28.5606005852], [77.11222246826668, 28.56058797657778], [77.11225646666666, 28.560575954444445], [77.1122886896, 28.560564518799993], [77.11231913706666, 28.56055366964444], [77.11234780906666, 28.560543406977775], [77.11237470559999, 28.560533730799996], [77.11239982666666, 28.56052464111111], [77.11242317226666, 28.560516137911108], [77.1124447424, 28.5605082212], [77.11246453706667, 28.560500890977778], [77.11248255626666, 28.56049414724444], [77.1124988, 28.56048799], [77.11252896777482, 28.560475883866665], [77.1125720261985, 28.56045775693334], [77.11262590992003, 28.560434508400007], [77.11268855358816, 28.560407037466668], [77.11275789185186, 28.56037624333334], [77.11283185936, 28.560343025199998], [77.11290839076148, 28.56030828226666], [77.11298542070519, 28.560272913733332], [77.11306088384, 28.5602378188], [77.11313271481481, 28.56020389666667], [77.11319884827851, 28.56017204653333], [77.11325721888, 28.5601431676], [77.11330576126815, 28.560118159066665], [77.11334241009185, 28.560097920133334], [77.1133651, 28.56008335], [77.1133843461689, 28.56006926875852], [77.11341131068446, 28.560050340068152], [77.11344489856002, 28.560027228480003], [77.1134840148089, 28.560000598545194], [77.11352756444445, 28.55997111481482], [77.11357445248, 28.559939441839997], [77.11362358392887, 28.55990624417185], [77.11367386380445, 28.55987218636148], [77.11372419712002, 28.55983793296], [77.11377348888891, 28.559804148518516], [77.11382064412444, 28.559771497588144], [77.11386456784001, 28.55974064472], [77.1139041650489, 28.559712254465182], [77.11393834076445, 28.559686991374818], [77.113966, 28.55966552], [77.11399602852148, 28.55964233490371], [77.1140366415052, 28.5596121130963], [77.11408573808002, 28.559575792800004], [77.11414121737484, 28.55953431223704], [77.11420097851854, 28.559488609629636], [77.11426292064, 28.5594396232], [77.11432494286815, 28.559388291170368], [77.11438494433186, 28.559335551762963], [77.11444082416001, 28.5592823432], [77.1144904814815, 28.559229603703706], [77.11453181542518, 28.559178271496293], [77.11456272512001, 28.5591292848], [77.11458110969483, 28.559083581837037], [77.11458486827853, 28.55904210082963], [77.1145719, 28.55900578], [77.11455511995555, 28.55898427662222], [77.11453415582223, 28.558964337155558], [77.1145090076, 28.558945961600003], [77.11447967528889, 28.55892914995556], [77.11444615888891, 28.558913902222223], [77.11440845839999, 28.5589002184], [77.11436657382222, 28.55888809848889], [77.11432050515555, 28.55887754248889], [77.11427025239999, 28.558868550400003], [77.11421581555555, 28.558861122222226], [77.11415719462221, 28.558855257955557], [77.1140943896, 28.558850957600004], [77.1140274004889, 28.558848221155557], [77.1139562272889, 28.558847048622226], [77.11388087, 28.55884744], [77.1124988, 28.55916411], [77.11239865, 28.55878146], [77.12286842, 28.55636555]]]}}, {"type": "Feature", "properties": {"name": "New Taxiway 3", "surface_type": "ASPHALT", "smoothness": 0.0, "texture_orientation": 90.0}, "geometry": {"type": "Polygon", "coordinates": [[[77.09403883, 28.56302455], [77.09615617, 28.56254402], [77.0980809, 28.56208149], [77.09832198, 28.56202356], [77.10253254, 28.56106327], [77.10567478, 28.56033756], [77.10962654, 28.55941392], [77.11053411, 28.55920743], [77.11108706, 28.55908162], [77.11239735, 28.5587835], [77.11249926, 28.55916284], [77.1123675580889, 28.559191111022223], [77.11224321235557, 28.55921814008889], [77.11212622280001, 28.5592439272], [77.11201658942224, 28.55926847235556], [77.11191431222223, 28.559291775555558], [77.1118193912, 28.5593138368], [77.11173182635557, 28.559334656088886], [77.11165161768889, 28.55935423342222], [77.11157876520001, 28.5593725688], [77.1115132688889, 28.559389662222223], [77.11145512875555, 28.559405513688887], [77.11140434480001, 28.559420123200002], [77.11136091702222, 28.559433490755556], [77.11132484542222, 28.559445616355557], [77.11129613, 28.5594565], [77.11127093164444, 28.5594672168], [77.11124541124445, 28.55947884186667], [77.11121956880001, 28.559491375200004], [77.11119340431111, 28.5595048168], [77.1111669177778, 28.55951916666667], [77.1111401092, 28.5595344248], [77.11111297857778, 28.5595505912], [77.11108552591111, 28.559567665866666], [77.1110577512, 28.5595856488], [77.11102965444445, 28.55960454], [77.11100123564444, 28.559624339466666], [77.1109724948, 28.5596450472], [77.11094343191111, 28.559666663199998], [77.11091404697778, 28.559689187466667], [77.11088434, 28.55971262], [77.10881388, 28.56153863], [77.10667063, 28.56203613], [77.1067563, 28.56192508], [77.10730908, 28.56173672], [77.10739109648887, 28.561703421555556], [77.10746937528889, 28.561671206222222], [77.10754391639999, 28.561640074], [77.10761471982222, 28.56161002488889], [77.10768178555556, 28.56158105888889], [77.10774511359999, 28.561553176], [77.10780470395555, 28.561526376222222], [77.10786055662223, 28.561500659555556], [77.10791267159999, 28.561476026], [77.10796104888888, 28.561452475555555], [77.10800568848889, 28.56143000822222], [77.10804659040001, 28.561408624], [77.10808375462223, 28.561388322888888], [77.10811718115555, 28.56136910488889], [77.10814687, 28.56135097], [77.1081768043111, 28.56133163368889], [77.10821096724445, 28.561308811422222], [77.10824935880001, 28.5612825032], [77.10829197897779, 28.561252709022227], [77.1083388277778, 28.56121942888889], [77.1083899052, 28.5611826628], [77.10844521124444, 28.561142410755558], [77.10850474591112, 28.561098672755556], [77.10856850920001, 28.5610514488], [77.10863650111112, 28.56100073888889], [77.10870872164446, 28.560946543022222], [77.1087851708, 28.5608888612], [77.10886584857778, 28.560827693422222], [77.10895075497778, 28.56076303968889], [77.10903989, 28.5606949], [77.10906076, 28.56072422], [77.10912118262222, 28.5606714088], [77.10917670915558, 28.5606204872], [77.1092273396, 28.560571455200005], [77.10927307395558, 28.560524312800005], [77.10931391222222, 28.56047906], [77.1093498544, 28.560435696800003], [77.10938090048889, 28.5603942232], [77.10940705048888, 28.5603546392], [77.1094283044, 28.5603169448], [77.10944466222222, 28.56028114], [77.10945612395554, 28.560247224799998], [77.1094626896, 28.5602151992], [77.10946435915555, 28.5601850632], [77.10946113262222, 28.5601568168], [77.10945301, 28.56013046], [77.1094398984, 28.560106334888893], [77.10942170493334, 28.56008478355556], [77.10939842959999, 28.560065806], [77.1093700724, 28.56004940222223], [77.10933663333334, 28.560035572222223], [77.10929811240001, 28.560024316], [77.1092545096, 28.560015633555558], [77.10920582493334, 28.56000952488889], [77.1091520584, 28.56000599], [77.10909321, 28.560005028888888], [77.10902927973333, 28.560006641555553], [77.10896026760001, 28.560010828], [77.10888617360001, 28.560017588222223], [77.10880699773334, 28.560026922222224], [77.10872274, 28.56003883], [77.10711561, 28.56040814], [77.1065939, 28.56071891], [77.10576431, 28.56142584], [77.10445293, 28.5625377], [77.10316838, 28.56282701], [77.10343164702222, 28.562655522266667], [77.10367773342223, 28.5624926804], [77.1039066392, 28.5623384844], [77.10411836435557, 28.562192934266672], [77.1043129088889, 28.56205603], [77.1044902728, 28.5619277716], [77.10465045608889, 28.56180815906667], [77.10479345875555, 28.561697192399997], [77.1049192808, 28.561594871599997], [77.10502792222222, 28.561501196666665], [77.10511938302221, 28.5614161676], [77.10519366320001, 28.561339784399998], [77.10525076275556, 28.561272047066666], [77.10529068168889, 28.5612129556], [77.10531342, 28.56116251], [77.10533137911112, 28.56113824488889], [77.10534063511112, 28.561115414888892], [77.105341188, 28.56109402], [77.10533303777778, 28.56107406022223], [77.10531618444446, 28.56105553555556], [77.105290628, 28.561038446], [77.10525636844444, 28.561022791555555], [77.10521340577779, 28.56100857222222], [77.10516174, 28.560995788], [77.10510137111112, 28.560984438888887], [77.10503229911112, 28.56097452488889], [77.104954524, 28.560966046], [77.10486804577778, 28.560959002222223], [77.10477286444446, 28.560953393555558], [77.10466898, 28.56094922], [77.10046494, 28.56193512], [77.09995417, 28.56210665], [77.09988407497778, 28.562127300400004], [77.0998204165778, 28.562148435599997], [77.09976319479999, 28.562170055600003], [77.09971240964445, 28.562192160400006], [77.09966806111112, 28.56221475], [77.09963014920001, 28.5622378244], [77.0995986739111, 28.562261383600003], [77.09957363524444, 28.5622854276], [77.0995550332, 28.5623099564], [77.09954286777776, 28.56233497], [77.09953713897778, 28.5623604684], [77.09953784679999, 28.562386451600002], [77.09954499124444, 28.5624129196], [77.09955857231111, 28.562439872400002], [77.09957859, 28.56246731], [77.09960305897778, 28.562494434844446], [77.09962999391111, 28.56252044937778], [77.0996593948, 28.562545353600004], [77.09969126164445, 28.562569147511113], [77.09972559444445, 28.562591831111114], [77.0997623932, 28.562613404399997], [77.0998016579111, 28.56263386737778], [77.09984338857778, 28.562653220044446], [77.0998875852, 28.562671462400004], [77.09993424777778, 28.562688594444445], [77.09998337631112, 28.562704616177776], [77.1000349708, 28.562719527600002], [77.10008903124444, 28.56273332871111], [77.10014555764445, 28.562746019511113], [77.10020455, 28.5627576], [77.10025202115555, 28.562772378800005], [77.10029829062222, 28.562786219200003], [77.10034335840001, 28.56279912120001], [77.10038722448888, 28.562811084800007], [77.1004298888889, 28.56282211], [77.10047135159999, 28.562832196800002], [77.10051161262221, 28.562841345200003], [77.10055067195555, 28.562849555200003], [77.1005885296, 28.562856826800004], [77.10062518555554, 28.56286316], [77.10066063982222, 28.5628685548], [77.1006948924, 28.562873011200004], [77.10072794328889, 28.5628765292], [77.10075979248889, 28.562879108800004], [77.10079044, 28.56288075], [77.10083856333335, 28.56288272715259], [77.100892188, 28.56288508002075], [77.10095040600002, 28.562887714720006], [77.10101230933334, 28.56289053736593], [77.10107699000001, 28.562893454074082], [77.10114354000001, 28.56289637096], [77.10121105133334, 28.56289919413926], [77.101278616, 28.56290182972741], [77.101345326, 28.562904183840004], [77.10141027333333, 28.562906162592597], [77.10147255, 28.562907672100742], [77.10153124800001, 28.56290861848], [77.10158545933334, 28.56290890784593], [77.101634276, 28.562908446314072], [77.10167679, 28.56290714], [77.10170656902223, 28.562905419333337], [77.10174382608889, 28.562902604], [77.10178856120001, 28.562898694], [77.10184077435555, 28.562893689333336], [77.10190046555556, 28.56288759], [77.1019676348, 28.562880396], [77.10204228208889, 28.562872107333334], [77.10212440742222, 28.562862724], [77.1022140108, 28.562852246], [77.10231109222224, 28.562840673333334], [77.10241565168889, 28.562828006], [77.1025276892, 28.562814244], [77.10264720475556, 28.56279938733333], [77.10277419835556, 28.562783436], [77.10290867, 28.56276639], [77.1029387, 28.56289106], [77.10071929, 28.56339533], [77.10047896, 28.56333905], [77.09823653, 28.5627576], [77.0981761716, 28.562740710400004], [77.09811794973332, 28.56272522826667], [77.09806186440001, 28.562711153600006], [77.09800791560001, 28.562698486400002], [77.09795610333335, 28.56268722666667], [77.09790642760001, 28.562677374399996], [77.0978588884, 28.5626689296], [77.09781348573333, 28.562661892266668], [77.09777021960001, 28.562656262399997], [77.09772909, 28.56265204], [77.09769009693335, 28.562649225066664], [77.0976532404, 28.562647817600002], [77.0976185204, 28.562647817600002], [77.09758593693334, 28.562649225066668], [77.09755549, 28.56265204], [77.09752566622224, 28.56265573457778], [77.09749495222223, 28.56265978097778], [77.097463348, 28.562664179200002], [77.09743085355558, 28.562668929244445], [77.09739746888891, 28.56267403111112], [77.09736319400001, 28.5626794848], [77.09732802888888, 28.56268529031111], [77.09729197355556, 28.562691447644447], [77.097255028, 28.562697956799997], [77.09721719222222, 28.562704817777778], [77.09717846622222, 28.562712030577778], [77.09713885, 28.5627195952], [77.09709834355556, 28.562727511644443], [77.0970569468889, 28.56273577991111], [77.09701466, 28.5627444], [77.09414811, 28.56340295], [77.09403883, 28.56302455]], [[77.09901064, 28.56250406], [77.0990147140889, 28.562499756444446], [77.09901842702222, 28.56249386177778], [77.0990217788, 28.562486376], [77.09902476942224, 28.56247729911111], [77.09902739888891, 28.562466631111114], [77.0990296672, 28.562454372], [77.09903157435555, 28.562440521777773], [77.09903312035556, 28.562425080444445], [77.09903430520001, 28.562408048], [77.09903512888889, 28.562389424444447], [77.09903559142222, 28.562369209777778], [77.09903569279999, 28.562347404], [77.09903543302221, 28.562324007111112], [77.09903481208889, 28.562299019111116], [77.09903383, 28.56227244], [77.09853248, 28.5624048], [77.09859013848889, 28.562420867644445], [77.09864411395557, 28.562435585244447], [77.09869440640001, 28.562448952800004], [77.09874101582223, 28.56246097031111], [77.09878394222224, 28.562471637777783], [77.09882318560001, 28.562480955199998], [77.09885874595557, 28.562488922577778], [77.0988906232889, 28.56249553991111], [77.09891881760001, 28.5625008072], [77.09894332888891, 28.56250472444444], [77.09896415715556, 28.562507291644444], [77.0989813024, 28.5625085088], [77.09899476462223, 28.562508375911108], [77.09900454382222, 28.562506892977776], [77.09901064, 28.56250406]], [[77.11037567, 28.55962494], [77.10989872, 28.55973453], [77.10990711755555, 28.559741914222222], [77.10991513955557, 28.559748984222225], [77.10992278600001, 28.55975574], [77.1099300568889, 28.559762181555563], [77.10993695222221, 28.559768308888895], [77.10994347199998, 28.559774122], [77.10994961622222, 28.559779620888893], [77.10995538488888, 28.55978480555556], [77.10996077799999, 28.559789676], [77.10996579555555, 28.559794232222224], [77.10997043755555, 28.559798474222223], [77.109974704, 28.559802402], [77.10997859488889, 28.559806015555555], [77.10998211022222, 28.55980931488889], [77.10998525, 28.5598123], [77.10998830035554, 28.55981540293334], [77.10999154742223, 28.559819055733332], [77.10999499120001, 28.559823258400005], [77.1099986316889, 28.559828010933337], [77.1100024688889, 28.559833313333336], [77.1100065028, 28.559839165600003], [77.11001073342223, 28.559845567733337], [77.11001516075555, 28.559852519733333], [77.1100197848, 28.559860021600002], [77.11002460555557, 28.559868073333334], [77.11002962302223, 28.55987667493333], [77.1100348372, 28.559885826400002], [77.11004024808888, 28.559895527733335], [77.1100458556889, 28.559905778933334], [77.11005166, 28.55991658], [77.11037567, 28.55962494]]]}}, {"type": "Feature", "properties": {"name": "New Taxiway 1", "surface_type": "ASPHALT", "smoothness": 0.0, "texture_orientation": 0.0}, "geometry": {"type": "Polygon", "coordinates": [[[77.09067033, 28.56159825], [77.09075476, 28.56157117], [77.09077681, 28.56169416], [77.09085349, 28.56212207], [77.090873, 28.5622309], [77.09089904324445, 28.562311319244447], [77.09092338631112, 28.56238641697778], [77.09094602920001, 28.562456193200006], [77.09096697191112, 28.56252064791111], [77.09098621444446, 28.562579781111115], [77.09100375679999, 28.5626335928], [77.09101959897777, 28.56268208297778], [77.09103374097776, 28.562725251644444], [77.0910461828, 28.562763098800005], [77.09105692444444, 28.562795624444448], [77.0910659659111, 28.56282282857778], [77.09107330719999, 28.5628447112], [77.09107894831111, 28.562861272311114], [77.09108288924443, 28.562872511911117], [77.09108513, 28.56287843], [77.09108730893334, 28.562883519955555], [77.0910910644, 28.562892275155555], [77.0910963964, 28.562904695600004], [77.09110330493333, 28.562920781288895], [77.09111179000001, 28.562940532222225], [77.09112185160001, 28.562963948399997], [77.09113348973332, 28.562991029822225], [77.09114670439999, 28.56302177648889], [77.0911614956, 28.563056188400004], [77.09117786333334, 28.563094265555556], [77.0911958076, 28.563136007955556], [77.09121532840001, 28.563181415600003], [77.09123642573333, 28.56323048848889], [77.0912590996, 28.563283226622225], [77.09128335, 28.56333963], [77.09128849764444, 28.56335828386667], [77.0912937379111, 28.563375960133335], [77.09129907079999, 28.5633926588], [77.09130449631112, 28.563408379866672], [77.09131001444445, 28.563423123333337], [77.0913156252, 28.5634368892], [77.09132132857778, 28.563449677466668], [77.09132712457777, 28.563461488133335], [77.0913330132, 28.563472321200003], [77.09133899444444, 28.56348217666667], [77.09134506831111, 28.563491054533337], [77.0913512348, 28.563498954800004], [77.0913574939111, 28.563505877466667], [77.09136384564444, 28.563511822533336], [77.09137029, 28.56351679], [77.09137701253333, 28.563521078666664], [77.09138419880001, 28.56352498733334], [77.09139184880001, 28.563528516], [77.09139996253336, 28.56353166466667], [77.09140854, 28.56353443333334], [77.0914175812, 28.563536822], [77.09142708613334, 28.56353883066667], [77.0914370548, 28.563540459333332], [77.09144748720001, 28.563541708], [77.09145838333333, 28.56354257666667], [77.09146974320001, 28.563543065333334], [77.09148156680001, 28.563543174], [77.09149385413335, 28.56354290266667], [77.09150660520001, 28.563542251333335], [77.09151982, 28.56354122], [77.09211797, 28.56346181], [77.0922611, 28.56343798], [77.09403883, 28.56302455], [77.09414811, 28.56340295], [77.09364823, 28.56356113], [77.0936175411111, 28.563568831111112], [77.09358873844445, 28.56357672911111], [77.09356182200001, 28.563584824], [77.0935367917778, 28.56359311577778], [77.0935136477778, 28.56360160444445], [77.09349239, 28.56361029], [77.09347301844446, 28.563619172444447], [77.09345553311111, 28.56362825177778], [77.093439934, 28.563637528], [77.09342622111112, 28.563647001111114], [77.09341439444444, 28.56365667111111], [77.093404454, 28.563666538], [77.09339639977777, 28.56367660177778], [77.09339023177778, 28.563686862444445], [77.09338595, 28.56369732], [77.09338098413332, 28.563714233442965], [77.09337625186667, 28.563733053410377], [77.09337197720001, 28.56375340136001], [77.09336838413336, 28.56377489874963], [77.0933656966667, 28.56379716703704], [77.09336413880001, 28.563819827680003], [77.09336393453333, 28.563842502136293], [77.09336530786666, 28.563864811863702], [77.0933684828, 28.56388637832], [77.09337368333334, 28.563906822962963], [77.09338113346666, 28.563925767250367], [77.09339105720001, 28.563942832640002], [77.09340367853335, 28.56395764058963], [77.09341922146668, 28.563969812557037], [77.09343791, 28.56397897], [77.09345347906667, 28.56398468764445], [77.09347307160002, 28.563991808577786], [77.09349668760001, 28.564000332800006], [77.09352432706669, 28.564010260311115], [77.09355599000003, 28.564021591111114], [77.0935916764, 28.564034325199998], [77.09363138626668, 28.56404846257778], [77.09367511960001, 28.564064003244447], [77.09372287640001, 28.5640809472], [77.09377465666667, 28.564099294444446], [77.0938304604, 28.56411904497778], [77.0938902876, 28.564140198800004], [77.09395413826667, 28.564162755911113], [77.0940220124, 28.564186716311113], [77.09409391, 28.56421208], [77.09416292773334, 28.564225763688892], [77.09422842893335, 28.564238665422224], [77.0942904136, 28.564250785200006], [77.09434888173334, 28.56426212302222], [77.09440383333333, 28.564272678888894], [77.09445526840001, 28.5642824528], [77.09450318693334, 28.564291444755558], [77.09454758893334, 28.56429965475556], [77.09458847440001, 28.5643070828], [77.09462584333335, 28.56431372888889], [77.09465969573333, 28.564319593022226], [77.09469003160001, 28.5643246752], [77.09471685093334, 28.56432897542222], [77.09474015373334, 28.564332493688894], [77.09475994, 28.56433523], [77.09479164458668, 28.56433874416593], [77.09483181909333, 28.56434221826074], [77.09487918064004, 28.564345603680007], [77.09493244634668, 28.56434885181927], [77.09499033333336, 28.56435191407408], [77.09505155872, 28.56435474184], [77.09511483962667, 28.564357286512593], [77.09517889317331, 28.56435949948741], [77.09524243648, 28.56436133216], [77.09530418666667, 28.56436273592593], [77.09536286085333, 28.56436366218074], [77.09541717616, 28.564364062320003], [77.09546584970667, 28.564363887739262], [77.09550759861332, 28.564363089834075], [77.09554114, 28.56436162], [77.09556098675554, 28.564359968133335], [77.09558959635557, 28.564356956533334], [77.0956269688, 28.5643525852], [77.09567310408889, 28.564346854133337], [77.09572800222223, 28.564339763333336], [77.0957916632, 28.5643313128], [77.09586408702222, 28.564321502533332], [77.0959452736889, 28.564310332533335], [77.0960352232, 28.5642978028], [77.09613393555557, 28.564283913333334], [77.09624141075555, 28.56426866413333], [77.09635764880001, 28.5642520552], [77.0964826496889, 28.564234086533332], [77.09661641342223, 28.564214758133335], [77.09675894, 28.56419407], [77.09683643, 28.56428575], [77.09455963, 28.56483663], [77.09427419, 28.56474427], [77.09196729, 28.5641505], [77.09191915786667, 28.564141449644442], [77.09187402280001, 28.564133063911115], [77.0918318848, 28.564125342800004], [77.09179274386666, 28.56411828631111], [77.09175660000001, 28.564111894444444], [77.0917234532, 28.5641061672], [77.09169330346667, 28.564101104577773], [77.0916661508, 28.56409670657778], [77.0916419952, 28.564092973199998], [77.09162083666666, 28.564089904444444], [77.0916026752, 28.56408750031111], [77.0915875108, 28.5640857608], [77.09157534346667, 28.56408468591111], [77.09156617320001, 28.564084275644444], [77.09156, 28.56408453], [77.09155089013926, 28.564086088844448], [77.09153800591409, 28.56408890635556], [77.09152197936002, 28.56409283400001], [77.0915034425126, 28.56409772324445], [77.09148302740742, 28.56410342555556], [77.09146136608003, 28.5641097924], [77.09143909056593, 28.564116675244446], [77.09141683290075, 28.564123925555556], [77.09139522512001, 28.564131394800004], [77.09137489925926, 28.564138934444447], [77.09135648735408, 28.564146395955554], [77.09134062144001, 28.5641536308], [77.0913279335526, 28.564160490444443], [77.09131905572741, 28.56416682635556], [77.09131462, 28.56417249], [77.09131212666668, 28.564178901733335], [77.09130731866668, 28.564191099600002], [77.091300196, 28.564209083600005], [77.09129075866669, 28.56423285373334], [77.09127900666667, 28.56426241], [77.09126494, 28.5642977524], [77.09124855866668, 28.56433888093333], [77.09122986266667, 28.564385795599996], [77.091208852, 28.564438496399998], [77.09118552666666, 28.564496983333335], [77.09115988666667, 28.5645612564], [77.091131932, 28.564631315600003], [77.09110166266666, 28.564707160933335], [77.09106907866666, 28.5647887924], [77.09103418, 28.56487621], [77.09102727982223, 28.5649039492], [77.09102126995555, 28.564931062800003], [77.0910161504, 28.56495755080001], [77.09101192115557, 28.564983413200004], [77.09100858222223, 28.56500865], [77.09100613359999, 28.565033261200004], [77.09100457528889, 28.565057246800002], [77.0910039072889, 28.5650806068], [77.09100412960001, 28.565103341200004], [77.09100524222222, 28.56512545], [77.09100724515557, 28.565146933199998], [77.09101013840001, 28.565167790800004], [77.09101392195555, 28.5651880228], [77.09101859582222, 28.5652076292], [77.09102416, 28.56522661], [77.09103088155557, 28.565244952222223], [77.09103902755555, 28.56526264288889], [77.091048598, 28.565279682], [77.09105959288891, 28.565296069555558], [77.09107201222223, 28.56531180555556], [77.091085856, 28.56532689], [77.09110112422222, 28.56534132288889], [77.09111781688888, 28.56535510422222], [77.091135934, 28.565368234], [77.09115547555555, 28.565380712222222], [77.09117644155555, 28.565392538888887], [77.091198832, 28.565403714], [77.09122264688888, 28.565414237555558], [77.09124788622222, 28.565424109555558], [77.09127455, 28.56543333], [77.09164513, 28.56548757], [77.0899525, 28.56587902], [77.09000665, 28.56575776], [77.09003926746668, 28.56574658186667], [77.09007009586668, 28.565735642133333], [77.0900991352, 28.565724940800006], [77.09012638546668, 28.565714477866674], [77.09015184666669, 28.565704253333337], [77.0901755188, 28.565694267199998], [77.09019740186667, 28.565684519466664], [77.09021749586668, 28.565675010133333], [77.0902358008, 28.5656657392], [77.09025231666666, 28.565656706666665], [77.09026704346667, 28.565647912533333], [77.0902799812, 28.565639356800002], [77.09029112986667, 28.565631039466666], [77.09030048946667, 28.565622960533332], [77.09030806, 28.56561512], [77.09031854154371, 28.565600521244445], [77.09032982461629, 28.565580410222232], [77.09034170888, 28.565555568800004], [77.09035399399704, 28.56552677884445], [77.09036647962965, 28.56549482222223], [77.09037896544001, 28.565460480800002], [77.09039125109037, 28.565424536444443], [77.09040313624297, 28.565387771022223], [77.09041442056001, 28.565350966400004], [77.0904249037037, 28.565314904444445], [77.0904343853363, 28.56528036702222], [77.09044266512001, 28.565248136], [77.09044954271704, 28.565218993244443], [77.09045481778963, 28.565193720622222], [77.09045829, 28.5651731], [77.09045995933333, 28.565159503777778], [77.09046162866667, 28.565142760444445], [77.09046329800002, 28.56512287], [77.09046496733335, 28.56509983244445], [77.09046663666668, 28.565073647777783], [77.090468306, 28.565044316], [77.09046997533333, 28.565011837111108], [77.09047164466666, 28.56497621111111], [77.090473314, 28.564937438], [77.09047498333334, 28.564895517777778], [77.09047665266667, 28.564850450444442], [77.090478322, 28.564802236], [77.09047999133334, 28.564750874444442], [77.09048166066667, 28.56469636577778], [77.09048333, 28.56463871], [77.09048317293333, 28.564617617333333], [77.0904827044, 28.56459773666667], [77.0904819244, 28.564579068], [77.09048083293332, 28.564561611333335], [77.09047943, 28.564545366666668], [77.09047771559999, 28.564530334], [77.09047568973332, 28.564516513333338], [77.0904733524, 28.564503904666672], [77.09047070359999, 28.564492508], [77.09046774333333, 28.564482323333337], [77.09046447159999, 28.564473350666667], [77.0904608884, 28.56446559], [77.09045699373333, 28.564459041333336], [77.0904527876, 28.56445370466667], [77.09044827, 28.56444958], [77.09044279537777, 28.564446256844448], [77.09043571817777, 28.56444332471111], [77.09042703840001, 28.564440783600006], [77.09041675604446, 28.564438633511113], [77.09040487111113, 28.564436874444446], [77.09039138360001, 28.564435506400002], [77.09037629351111, 28.564434529377777], [77.09035960084445, 28.56443394337778], [77.0903413056, 28.5644337484], [77.09032140777778, 28.564433944444446], [77.09029990737778, 28.56443453151111], [77.0902768044, 28.564435509600003], [77.09025209884445, 28.56443687871111], [77.09022579071112, 28.564438638844443], [77.09019788, 28.56444079], [77.08937609, 28.56448906], [77.08692577, 28.56507338], [77.08681174, 28.56468388], [77.0872058611111, 28.564594744933334], [77.08757307777779, 28.56451163573334], [77.08791339000001, 28.5644345524], [77.08822679777779, 28.56436349493334], [77.08851330111113, 28.564298463333337], [77.0887729, 28.564239457600003], [77.08900559444444, 28.564186477733337], [77.08921138444445, 28.564139523733335], [77.08939027000002, 28.5640985956], [77.08954225111113, 28.56406369333334], [77.08966732777779, 28.564034816933336], [77.08976550000001, 28.564011966400003], [77.08983676777778, 28.563995141733336], [77.08988113111113, 28.563984342933335], [77.08989859, 28.56397957], [77.08991429168002, 28.563974223362965], [77.08994754877334, 28.563963896103704], [77.08999561936002, 28.56394923720001], [77.09005576152, 28.563930895629635], [77.09012523333335, 28.563909520370373], [77.09020129288001, 28.563885760399998], [77.09028119823999, 28.56386026469629], [77.09036220749331, 28.563833682237036], [77.09044157872, 28.563806662], [77.09051657, 28.563779852962966], [77.09058443941332, 28.5637539041037], [77.09064244504, 28.563729464400005], [77.09068784496, 28.56370718282963], [77.09071789725333, 28.563687708370367], [77.09072986, 28.56367169], [77.09073077183407, 28.563651510565926], [77.0907296714726, 28.563620267060745], [77.09072681712001, 28.56357967968001], [77.09072246698075, 28.563531468619267], [77.09071687925928, 28.563477354074077], [77.09071031216001, 28.563419056240004], [77.0907030238874, 28.563358295312593], [77.09069527264593, 28.563296791487407], [77.09068731664, 28.563236264960004], [77.09067941407409, 28.563178435925927], [77.0906718231526, 28.56312502458074], [77.09066480208, 28.56307775112], [77.09065860906075, 28.563038335739257], [77.09065350229926, 28.563008498634076], [77.09064974, 28.56298996], [77.09064487811557, 28.562970633007403], [77.09063661505779, 28.56293856112593], [77.09062542272002, 28.562895660000013], [77.09061177299557, 28.562843845274077], [77.0905961377778, 28.5627850325926], [77.09057898896002, 28.562721137600004], [77.09056079843558, 28.562654075940742], [77.0905420380978, 28.56258576325926], [77.09052317984, 28.562518115200003], [77.09050469555557, 28.56245304740741], [77.09048705713778, 28.562392475525925], [77.09047073648, 28.56233831520001], [77.09045620547556, 28.562292482074078], [77.09044393601779, 28.562256891792597], [77.0904344, 28.56223346], [77.0904283308889, 28.562220732488893], [77.09042080622223, 28.56220483528889], [77.090411826, 28.562185768400003], [77.09040139022224, 28.562163531822225], [77.09038949888891, 28.56213812555556], [77.090376152, 28.5621095496], [77.09036134955556, 28.562077803955557], [77.09034509155555, 28.562042888622223], [77.09032737800001, 28.5620048036], [77.0903082088889, 28.56196354888889], [77.09028758422222, 28.561919124488888], [77.090265504, 28.561871530400005], [77.09024196822222, 28.56182076662222], [77.0902169768889, 28.561766833155556], [77.09019053, 28.56170973], [77.09067033, 28.56159825]], [[77.09283841, 28.56394792], [77.09285093, 28.56370602], [77.09232512, 28.56383064], [77.09283841, 28.56394792]]]}}, {"type": "Feature", "properties": {"name": "New Taxiway 16", "surface_type": "UNKNOWN_25", "smoothness": 0.0, "texture_orientation": 0.0}, "geometry": {"type": "Polygon", "coordinates": [[[77.09037803, 28.54388161], [77.0901028512, 28.543938777555557], [77.0898462268, 28.54399218955556], [77.0896081568, 28.544041846], [77.0893886412, 28.544087746888895], [77.08918768, 28.544129892222223], [77.0890052732, 28.544168282], [77.0888414208, 28.544202916222225], [77.08869612279999, 28.54423379488889], [77.0885693792, 28.544260918], [77.08846119, 28.544284285555555], [77.08837155519998, 28.544303897555558], [77.0883004748, 28.544319754], [77.08824794879999, 28.54433185488889], [77.0882139772, 28.544340200222226], [77.08819856, 28.54434479], [77.08818902853332, 28.544348534755553], [77.08817271413334, 28.54435434502222], [77.0881496168, 28.5443622208], [77.08811973653334, 28.544372162088894], [77.08808307333334, 28.54438416888889], [77.0880396272, 28.5443982412], [77.08798939813333, 28.54441437902222], [77.08793238613333, 28.544432582355554], [77.08786859119999, 28.5444528512], [77.08779801333333, 28.544475185555555], [77.08772065253333, 28.544499585422223], [77.08763650879999, 28.544526050800002], [77.08754558213333, 28.54455458168889], [77.08744787253333, 28.54458517808889], [77.08734338, 28.54461784], [77.0873243312, 28.54462344137778], [77.08730615546665, 28.544629210844445], [77.0872888528, 28.5446351484], [77.08727242319999, 28.54464125404445], [77.08725686666668, 28.54464752777778], [77.0872421832, 28.5446539696], [77.0872283728, 28.544660579511113], [77.08721543546666, 28.54466735751111], [77.08720337119999, 28.5446743036], [77.08719218, 28.54468141777778], [77.08718186186667, 28.544688700044446], [77.0871724168, 28.5446961504], [77.08716384479999, 28.544703768844442], [77.08715614586666, 28.544711555377777], [77.08714932, 28.54471951], [77.08714335351111, 28.544728172133333], [77.08713823271111, 28.544738081200002], [77.0871339576, 28.5447492372], [77.08713052817778, 28.544761640133338], [77.08712794444445, 28.54477529], [77.08712620639999, 28.544790186800007], [77.08712531404444, 28.544806330533337], [77.08712526737779, 28.544823721200004], [77.0871260664, 28.5448423588], [77.08712771111112, 28.544862243333334], [77.08713020151112, 28.5448833748], [77.0871335376, 28.544905753200005], [77.08713771937778, 28.544929378533332], [77.08714274684444, 28.5449542508], [77.08714862, 28.54498037], [77.08727431, 28.545681], [77.08737299, 28.54582333], [77.08664607, 28.54597728], [77.08668883, 28.54581752], [77.0863369, 28.5449548], [77.08633194715557, 28.544946152666668], [77.08632707528889, 28.544938021333333], [77.08632228440003, 28.544930406], [77.0863175744889, 28.544923306666668], [77.08631294555556, 28.544916723333333], [77.0863083976, 28.544910656], [77.08630393062222, 28.544905104666668], [77.08629954462222, 28.544900069333337], [77.0862952396, 28.54489555], [77.08629101555556, 28.54489154666667], [77.08628687248888, 28.54488805933333], [77.08628281040001, 28.544885088], [77.08627882928889, 28.544882632666667], [77.08627492915556, 28.544880693333333], [77.08627111, 28.54487927], [77.0862664868889, 28.544878182], [77.08626017488889, 28.54487724866667], [77.086252174, 28.54487647], [77.08624248422223, 28.544875846], [77.08623110555557, 28.544875376666667], [77.086218038, 28.544875062], [77.08620328155556, 28.544874902], [77.08618683622223, 28.544874896666666], [77.086168702, 28.544875046], [77.08614887888889, 28.54487535], [77.08612736688889, 28.544875808666667], [77.086104166, 28.544876422], [77.08607927622222, 28.54487719], [77.08605269755556, 28.54487811266667], [77.08602443, 28.54487919], [77.08593648724444, 28.54488748924444], [77.0858542163111, 28.544895322977773], [77.08577761720001, 28.544902691200004], [77.0857066899111, 28.544909593911115], [77.08564143444445, 28.54491603111111], [77.0855818508, 28.5449220028], [77.08552793897778, 28.54492750897778], [77.08547969897776, 28.544932549644443], [77.08543713079999, 28.5449371248], [77.08540023444445, 28.544941234444444], [77.0853690099111, 28.544944878577773], [77.0853434572, 28.544948057200003], [77.08532357631111, 28.54495077031111], [77.08530936724445, 28.544953017911112], [77.08530083, 28.5449548], [77.08526267706665, 28.544963370755557], [77.08515962093333, 28.544985984355552], [77.08499166160001, 28.545022640800003], [77.08475879906668, 28.54507334008889], [77.08446103333333, 28.54513808222223], [77.08409836439999, 28.5452168672], [77.08367079226666, 28.545309695022222], [77.08317831693333, 28.54541656568889], [77.0826209384, 28.5455374792], [77.08199865666666, 28.545672435555556], [77.08131147173333, 28.545821434755553], [77.08055938359999, 28.5459844768], [77.07974239226667, 28.546161561688887], [77.07886049773333, 28.546352689422225], [77.0779137, 28.54655786], [77.07777779, 28.54604162], [77.09025962, 28.5433713], [77.09037803, 28.54388161]]]}}, {"type": "Feature", "properties": {"name": "New Taxiway 1", "surface_type": "UNKNOWN_25", "smoothness": 0.0, "texture_orientation": 0.0}, "geometry": {"type": "Polygon", "coordinates": [[[77.0727888, 28.55267776], [77.06993636, 28.55333804], [77.06988043035555, 28.553357519200002], [77.06982596142223, 28.5533745968], [77.0697729532, 28.553389272800004], [77.0697214056889, 28.553401547200004], [77.06967131888888, 28.55341142], [77.0696226928, 28.5534188912], [77.0695755274222, 28.5534239608], [77.06952982275556, 28.5534266288], [77.0694855788, 28.5534268952], [77.06944279555555, 28.55342476], [77.06940147302222, 28.5534202232], [77.0693616112, 28.5534132848], [77.06932321008888, 28.5534039448], [77.06928626968889, 28.5533922032], [77.06925079, 28.55337806], [77.06919948505481, 28.55335279657778], [77.06914977123853, 28.553323655022226], [77.06910157808001, 28.55329156040001], [77.06905483510816, 28.553257437777784], [77.06900947185187, 28.553222212222224], [77.06896541784, 28.553186808799996], [77.06892260260149, 28.553152152577777], [77.06888095566518, 28.55311916862222], [77.06884040656, 28.553088782], [77.0688008848148, 28.553061917777775], [77.06876231995851, 28.55303950102222], [77.06872464151999, 28.553022456799997], [77.06868777902815, 28.553011710177778], [77.06865166201185, 28.553008186222222], [77.06861622, 28.55301281], [77.0685923984, 28.553020259377778], [77.06856777093334, 28.553030599511114], [77.06854233760001, 28.553043830400004], [77.0685160984, 28.55305995204445], [77.06848905333334, 28.553078964444452], [77.0684612024, 28.553100867600005], [77.0684325456, 28.55312566151111], [77.06840308293333, 28.55315334617778], [77.0683728144, 28.553183921599995], [77.06834174, 28.553217387777778], [77.06830985973332, 28.55325374471111], [77.0682771736, 28.553292992400003], [77.0682436816, 28.553335130844445], [77.06820938373333, 28.553380160044444], [77.06817428, 28.55342808], [77.06701369, 28.55369218], [77.06666832, 28.55265045], [77.06778448, 28.55235525], [77.0678412872, 28.552389147288892], [77.06789580479999, 28.552419668488888], [77.06794803279999, 28.552446813600003], [77.06799797119999, 28.552470582622227], [77.06804562, 28.552490975555553], [77.06809097919998, 28.5525079924], [77.06813404879999, 28.552521633155557], [77.06817482879998, 28.552531897822224], [77.0682133192, 28.5525387864], [77.06824952, 28.552542298888888], [77.06828343119999, 28.552542435288892], [77.06831505279999, 28.5525391956], [77.06834438479999, 28.552532579822223], [77.06837142719999, 28.552522587955558], [77.06839618, 28.55250922], [77.06841875911111, 28.55249335324445], [77.06843928044445, 28.552475864977783], [77.06845774400001, 28.552456755200005], [77.06847414977778, 28.552436023911117], [77.06848849777778, 28.55241367111112], [77.068500788, 28.552389696800002], [77.06851102044445, 28.552364100977776], [77.06851919511112, 28.55233688364445], [77.068525312, 28.5523080448], [77.06852937111111, 28.552277584444447], [77.06853137244445, 28.55224550257778], [77.06853131600002, 28.552211799200002], [77.06852920177778, 28.552176474311114], [77.06852502977779, 28.552139527911113], [77.0685188, 28.55210096], [77.07029142, 28.55171031], [77.07038817604445, 28.551700918088887], [77.07047900951112, 28.551691953022225], [77.0705639204, 28.551683414800003], [77.07064290871112, 28.55167530342223], [77.07071597444445, 28.551667618888896], [77.0707831176, 28.551660361200003], [77.07084433817779, 28.55165353035556], [77.07089963617778, 28.55164712635556], [77.0709490116, 28.551641149199998], [77.07099246444444, 28.55163559888889], [77.07102999471113, 28.551630475422222], [77.07106160240002, 28.551625778800002], [77.07108728751112, 28.551621509022223], [77.07110705004446, 28.55161766608889], [77.07112089, 28.55161425], [77.07113482057778, 28.551610193466665], [77.07115485497779, 28.551604429199998], [77.0711809932, 28.551596957200005], [77.07121323524446, 28.55158777746667], [77.07125158111113, 28.55157689], [77.0712960308, 28.551564294799995], [77.0713465843111, 28.55154999186667], [77.07140324164445, 28.551533981200002], [77.07146600280001, 28.5515162628], [77.07153486777779, 28.55149683666667], [77.07160983657778, 28.551475702799998], [77.0716909092, 28.551452861199998], [77.07177808564445, 28.551428311866665], [77.07187136591111, 28.5514020548], [77.07197075, 28.55137409], [77.07240484, 28.55158504], [77.0727888, 28.55267776]], [[77.06966916, 28.55268612], [77.06966501711112, 28.55267376569778], [77.06965949822225, 28.55266211038223], [77.06965270200001, 28.552651207440004], [77.06964472711113, 28.552641110257785], [77.06963567222223, 28.55263187222223], [77.06962563600001, 28.552623546720007], [77.06961471711111, 28.552616187137776], [77.06960301422222, 28.552609846862225], [77.069590626, 28.552604579280004], [77.06957765111112, 28.55260043777778], [77.06956418822222, 28.55259747574222], [77.069550336, 28.55259574656], [77.06953619311112, 28.55259530361778], [77.06952185822223, 28.552596200302226], [77.06950743, 28.55259849], [77.0694933653452, 28.552602127288893], [77.06948009596147, 28.552606973377785], [77.06946768272002, 28.552612941600003], [77.06945618649186, 28.55261994528889], [77.06944566814816, 28.552627897777782], [77.06943618856002, 28.552636712400002], [77.06942780859852, 28.55264630248889], [77.06942058913481, 28.55265658137778], [77.06941459104, 28.552667462400002], [77.06940987518519, 28.55267885888889], [77.06940650244148, 28.552690684177776], [77.06940453368, 28.552702851600003], [77.06940402977185, 28.55271527448889], [77.06940505158815, 28.55272786617778], [77.06940766, 28.55274054], [77.0694118028889, 28.552752894554075], [77.06941732177779, 28.55276455056593], [77.06942411800001, 28.552775454560003], [77.0694320928889, 28.552785553060748], [77.0694411477778, 28.5527947925926], [77.069451184, 28.55280311968], [77.06946210288889, 28.55281048084741], [77.06947380577779, 28.55281682261926], [77.069486194, 28.552822091520003], [77.06949916888888, 28.552826234074075], [77.06951263177777, 28.552829196805924], [77.069526484, 28.55283092624], [77.06954062688888, 28.55283136890074], [77.06955496177778, 28.552830471312593], [77.06956939, 28.55282818], [77.0695834546548, 28.55282454084148], [77.06959672403852, 28.552819693131855], [77.06960913728001, 28.552813723520003], [77.06962063350817, 28.552806718654818], [77.06963115185188, 28.552798765185187], [77.06964063144, 28.552789949759998], [77.06964901140148, 28.552780359028148], [77.06965623086518, 28.552770079638517], [77.06966222896, 28.552759198240004], [77.06966694481483, 28.55274780148148], [77.06967031755852, 28.552735976011853], [77.06967228632001, 28.552723808480003], [77.06967279022815, 28.552711385534817], [77.06967176841185, 28.552698793825186], [77.06966916, 28.55268612]], [[77.07137709, 28.55245452], [77.07148307555553, 28.55241979924445], [77.0715815708889, 28.552386674311112], [77.071672576, 28.552355145200004], [77.0717560908889, 28.552325211911114], [77.07183211555557, 28.55229687444445], [77.07190064999999, 28.552270132800004], [77.07196169422221, 28.552244986977776], [77.07201524822221, 28.55222143697778], [77.072061312, 28.5521994828], [77.07209988555555, 28.552179124444447], [77.07213096888887, 28.552160361911113], [77.072154562, 28.552143195200003], [77.07217066488889, 28.55212762431111], [77.07217927755555, 28.552113649244447], [77.0721804, 28.55210127], [77.07217398844443, 28.552090640933333], [77.07215999911111, 28.552081916400006], [77.072138432, 28.552075096400003], [77.07210928711112, 28.552070180933335], [77.07207256444444, 28.55206717], [77.072028264, 28.552066063599998], [77.07197638577777, 28.552066861733337], [77.07191692977777, 28.5520695644], [77.071849896, 28.552074171600005], [77.07177528444444, 28.552080683333333], [77.0716930951111, 28.5520890996], [77.071603328, 28.5520994204], [77.07150598311111, 28.552111645733333], [77.07140106044444, 28.552125775599997], [77.07128856, 28.55214181], [77.07118720888889, 28.55217793066667], [77.07109299822221, 28.55221217266667], [77.071005928, 28.552244536], [77.07092599822224, 28.55227502066667], [77.0708532088889, 28.552303626666664], [77.07078756, 28.552330354], [77.07072905155556, 28.552355202666664], [77.07067768355554, 28.552378172666664], [77.070633456, 28.552399264], [77.07059636888889, 28.552418476666666], [77.07056642222221, 28.552435810666665], [77.070543616, 28.552451266], [77.07052795022221, 28.55246484266667], [77.07051942488889, 28.552476540666667], [77.07051804, 28.55248636], [77.07052389764445, 28.552494506488888], [77.07053709991112, 28.55250118595556], [77.07055764679998, 28.552506398400006], [77.07058553831112, 28.552510143822225], [77.07062077444445, 28.552512422222225], [77.0706633552, 28.552513233600003], [77.07071328057776, 28.552512577955557], [77.07077055057778, 28.55251045528889], [77.0708351652, 28.5525068656], [77.07090712444445, 28.55250180888889], [77.0709864283111, 28.55249528515556], [77.0710730768, 28.552487294400002], [77.07116706991111, 28.552477836622224], [77.07126840764445, 28.552466911822226], [77.07137709, 28.55245452]]]}}, {"type": "Feature", "properties": {"name": "New Taxiway 6", "surface_type": "UNKNOWN_25", "smoothness": 0.0, "texture_orientation": 0.0}, "geometry": {"type": "Polygon", "coordinates": [[[77.07197075, 28.55137409], [77.0719853531111, 28.551361086], [77.07199894911113, 28.55134838066667], [77.07201153800001, 28.551335974], [77.0720231197778, 28.551323866], [77.07203369444446, 28.551312056666667], [77.072043262, 28.551300546], [77.07205182244444, 28.551289334], [77.07205937577777, 28.551278420666666], [77.072065922, 28.551267806], [77.07207146111111, 28.55125749], [77.07207599311111, 28.551247472666667], [77.07207951800001, 28.551237754], [77.07208203577778, 28.551228334], [77.07208354644445, 28.55121921266667], [77.07208405, 28.55121039], [77.07208374782222, 28.55119982657778], [77.0720828412889, 28.55118548297778], [77.07208133040001, 28.551167359200004], [77.07207921515557, 28.551145455244445], [77.07207649555556, 28.551119771111118], [77.0720731716, 28.551090306800003], [77.0720692432889, 28.551057062311113], [77.07206471062223, 28.551020037644445], [77.0720595736, 28.550979232800003], [77.07205383222222, 28.55093464777778], [77.07204748648888, 28.55088628257778], [77.07204053640001, 28.5508341372], [77.07203298195556, 28.550778211644445], [77.07202482315556, 28.550718505911114], [77.07201606, 28.55065502], [77.07198657475557, 28.55056323008889], [77.07195839368889, 28.55047698835556], [77.0719315168, 28.550396294800002], [77.0719059440889, 28.550321149422224], [77.07188167555556, 28.550251552222225], [77.0718587112, 28.550187503199997], [77.07183705102223, 28.550129002355554], [77.07181669502222, 28.55007604968889], [77.0717976432, 28.550028645199998], [77.07177989555555, 28.54998678888889], [77.0717634520889, 28.549950480755555], [77.0717483128, 28.5499197208], [77.07173447768889, 28.54989450902222], [77.07172194675556, 28.549874845422224], [77.07171072, 28.54986073], [77.07169859657778, 28.549849474400002], [77.07168337564444, 28.54983839026666], [77.07166505720001, 28.5498274776], [77.07164364124445, 28.5498167364], [77.0716191277778, 28.549806166666666], [77.0715915168, 28.5497957684], [77.0715608083111, 28.5497855416], [77.07152700231111, 28.549775486266665], [77.0714900988, 28.5497656024], [77.07145009777778, 28.54975589], [77.07140699924445, 28.549746349066666], [77.07136080320001, 28.5497369796], [77.07131150964445, 28.549727781599998], [77.07125911857779, 28.549718755066667], [77.07120363, 28.5497099], [77.07325119, 28.54924711], [77.07320297644445, 28.549282089333335], [77.07315670111112, 28.549316120666667], [77.073112364, 28.549349204], [77.07306996511113, 28.549381339333337], [77.07302950444445, 28.54941252666667], [77.072990982, 28.549442766], [77.07295439777778, 28.549472057333336], [77.07291975177779, 28.549500400666666], [77.072887044, 28.549527796], [77.07285627444445, 28.549554243333336], [77.07282744311112, 28.54957974266667], [77.07280055000001, 28.549604294], [77.07277559511111, 28.549627897333338], [77.07275257844445, 28.54965055266667], [77.0727315, 28.54967226], [77.07270117088594, 28.54970688003852], [77.07267081268742, 28.549746615774822], [77.07264087712002, 28.549790830640003], [77.07261181589928, 28.549838888065192], [77.07258408074077, 28.54989015148149], [77.07255812336001, 28.549943984320002], [77.07253439547259, 28.54999975001185], [77.07251334879408, 28.550056811988146], [77.07249543504001, 28.550114533680002], [77.07248110592595, 28.55017227851852], [77.07247081316741, 28.550229409934808], [77.07246500848001, 28.55028529136], [77.07246414357927, 28.55033928622519], [77.07246867018075, 28.55039075796148], [77.07247904, 28.55043907], [77.07248826364446, 28.55047054017778], [77.07249801191112, 28.550502924044444], [77.07250828480001, 28.550536221600005], [77.07251908231112, 28.550570432844445], [77.07253040444445, 28.55060555777778], [77.0725422512, 28.5506415964], [77.07255462257777, 28.55067854871111], [77.07256751857778, 28.550716414711115], [77.0725809392, 28.5507551944], [77.07259488444446, 28.550794887777776], [77.07260935431111, 28.550835494844442], [77.07262434879999, 28.5508770156], [77.0726398679111, 28.550919450044443], [77.07265591164443, 28.55096279817778], [77.07267248, 28.55100706], [77.07268622146667, 28.55102943897778], [77.07270034186666, 28.551050247911114], [77.0727148412, 28.551069486800003], [77.07272971946666, 28.55108715564445], [77.07274497666668, 28.551103254444445], [77.0727606128, 28.551117783200002], [77.07277662786666, 28.551130741911116], [77.07279302186666, 28.55114213057778], [77.0728097948, 28.551151949200005], [77.07282694666667, 28.551160197777783], [77.07284447746666, 28.551166876311115], [77.07286238719999, 28.551171984800003], [77.07288067586667, 28.551175523244446], [77.07289934346666, 28.55117749164445], [77.07291839, 28.55117789], [77.07296404957631, 28.551173063428152], [77.07304007167704, 28.551160515825188], [77.07314158336001, 28.55114140536001], [77.07326371168297, 28.551116890201488], [77.07340158370371, 28.55108812851853], [77.07355032648002, 28.551056278480004], [77.07370506706962, 28.551022498254817], [77.07386093253038, 28.550987946011855], [77.07401304992, 28.550953779920004], [77.07415654629631, 28.55092115814815], [77.07428654871703, 28.550891238865184], [77.07439818424001, 28.550865180240002], [77.07448657992296, 28.550844140441484], [77.0745468628237, 28.55082927763852], [77.07457416, 28.55082175], [77.07459385829334, 28.550815890832595], [77.07463259968002, 28.550805578794076], [77.07468739392, 28.550791290080006], [77.07475525077335, 28.55077350088593], [77.07483318000001, 28.550752687407414], [77.07491819136003, 28.550729325840006], [77.07500729461333, 28.55070389237926], [77.07509749952001, 28.550676863220744], [77.07518581584002, 28.550648714560005], [77.07526925333335, 28.550619922592595], [77.07534482176, 28.55059096351407], [77.07540953088001, 28.550562313520004], [77.07546039045334, 28.550534448805927], [77.07549441024001, 28.55050784556741], [77.0755086, 28.55048298], [77.0755105668, 28.550466989288893], [77.07551209653334, 28.55045080115556], [77.07551318920002, 28.550434415600005], [77.07551384480001, 28.55041783262223], [77.07551406333334, 28.55040105222223], [77.0755138448, 28.550384074399997], [77.0755131892, 28.550366899155556], [77.07551209653334, 28.550349526488887], [77.0755105668, 28.550331956399994], [77.0755086, 28.55031418888889], [77.07550619613335, 28.550296223955552], [77.0755033552, 28.550278061599997], [77.07550007719999, 28.55025970182222], [77.07549636213334, 28.550241144622223], [77.07549221, 28.55022239], [77.07541679, 28.54972438], [77.07523303, 28.54899242], [77.07510859, 28.54886732], [77.07610532, 28.54865885], [77.07596105, 28.54882968], [77.07595175324445, 28.548841983155558], [77.07594309764444, 28.548854183288892], [77.07593508320001, 28.548866280400006], [77.07592770991111, 28.548878274488896], [77.07592097777778, 28.54889016555556], [77.0759148868, 28.5489019536], [77.07590943697778, 28.548913638622224], [77.07590462831112, 28.548925220622223], [77.0759004608, 28.548936699600002], [77.07589693444444, 28.548948075555558], [77.07589404924444, 28.548959348488893], [77.0758918052, 28.548970518400004], [77.07589020231111, 28.548981585288892], [77.07588924057778, 28.548992549155557], [77.07588892, 28.54900341], [77.07588945431111, 28.549015684222223], [77.07589105724445, 28.549030888222227], [77.07589372880001, 28.549049022], [77.07589746897779, 28.549070085555556], [77.07590227777777, 28.549094078888896], [77.07590815520001, 28.549121002], [77.07591510124445, 28.549150854888886], [77.07592311591111, 28.549183637555558], [77.0759321992, 28.54921935], [77.07594235111111, 28.549257992222223], [77.07595357164445, 28.54929956422222], [77.07596586080001, 28.549344066], [77.07597921857777, 28.549391497555554], [77.07599364497777, 28.54944185888889], [77.07600914, 28.54949515], [77.07628893, 28.55014711], [77.076292092, 28.55015520382222], [77.076295458, 28.55016327195556], [77.076299028, 28.550171314400007], [77.076302802, 28.55017933115556], [77.07630678000001, 28.55018732222222], [77.076310962, 28.5501952876], [77.076315348, 28.550203227288893], [77.07631993800001, 28.550211141288887], [77.076324732, 28.5502190296], [77.07632973, 28.55022689222222], [77.076334932, 28.550234729155555], [77.076340338, 28.5502425404], [77.076345948, 28.550250325955552], [77.076351762, 28.55025808582222], [77.07635778, 28.55026582], [77.0763653846222, 28.55027295248889], [77.0763759584889, 28.55027890728889], [77.0763895016, 28.550283684400007], [77.07640601395556, 28.55028728382222], [77.07642549555555, 28.55028970555556], [77.0764479464, 28.550290949600004], [77.07647336648888, 28.55029101595555], [77.07650175582222, 28.550289904622225], [77.07653311440001, 28.5502876156], [77.07656744222223, 28.55028414888889], [77.07660473928888, 28.550279504488884], [77.0766450056, 28.550273682400004], [77.07668824115555, 28.550266682622222], [77.07673444595557, 28.550258505155554], [77.07678362, 28.55024915], [77.07688247, 28.55054701], [77.07240292, 28.55158414], [77.07197075, 28.55137409]]]}}, {"type": "Feature", "properties": {"name": "New Taxiway 22", "surface_type": "ASPHALT", "smoothness": 0.0, "texture_orientation": 0.0}, "geometry": {"type": "Polygon", "coordinates": [[[77.08160412, 28.56373795], [77.08133171, 28.56381029], [77.08134756222223, 28.563829209644442], [77.08136302022223, 28.563847387244447], [77.081378084, 28.563864822800003], [77.08139275355556, 28.56388151631111], [77.0814070288889, 28.56389746777778], [77.08142091, 28.5639126772], [77.0814343968889, 28.563927144577775], [77.08144748955556, 28.563940869911107], [77.081460188, 28.563953853199997], [77.08147249222222, 28.563966094444446], [77.08148440222223, 28.56397759364444], [77.081495918, 28.563988350800003], [77.08150703955556, 28.56399836591111], [77.0815177668889, 28.564007638977778], [77.0815281, 28.56401617], [77.08153891177778, 28.564024725733333], [77.08155107511111, 28.56403407293333], [77.08156459, 28.564044211600002], [77.08157945644444, 28.564055141733334], [77.08159567444446, 28.564066863333338], [77.081613244, 28.564079376400002], [77.08163216511112, 28.56409268093333], [77.08165243777778, 28.564106776933333], [77.081674062, 28.5641216644], [77.08169703777779, 28.564137343333336], [77.08172136511111, 28.564153813733334], [77.081747044, 28.5641710756], [77.08177407444444, 28.564189128933332], [77.08180245644445, 28.564207973733335], [77.08183219, 28.56422761], [77.08363774, 28.56508451], [77.08368616893334, 28.565103205822222], [77.08373347173334, 28.565120714622225], [77.08377964840001, 28.5651370364], [77.08382469893333, 28.565152171155557], [77.08386862333333, 28.565166118888893], [77.08391142159999, 28.5651788796], [77.08395309373333, 28.565190453288885], [77.08399363973334, 28.56520083995556], [77.08403305959999, 28.565210039599997], [77.08407135333333, 28.56521805222222], [77.08410852093333, 28.56522487782222], [77.0841445624, 28.5652305164], [77.08417947773333, 28.565234967955554], [77.08421326693333, 28.565238232488888], [77.08424593, 28.56524031], [77.08427977568888, 28.565240977866665], [77.08431711275554, 28.565240013466674], [77.08435794120001, 28.565237416800006], [77.08440226102223, 28.565233187866674], [77.08445007222223, 28.565227326666673], [77.0845013748, 28.5652198332], [77.08455616875555, 28.56521070746667], [77.0846144540889, 28.565199949466667], [77.0846762308, 28.5651875592], [77.08474149888889, 28.565173536666666], [77.08481025835556, 28.565157881866668], [77.0848825092, 28.565140594800003], [77.08495825142222, 28.565121675466667], [77.08503748502223, 28.56510112386667], [77.08512021, 28.56507894], [77.08681174, 28.56468388], [77.08692577, 28.56507338], [77.08685107133334, 28.56509289262222], [77.08678070866667, 28.56511136648889], [77.086714682, 28.5651288016], [77.08665299133334, 28.56514519795556], [77.08659563666667, 28.56516055555556], [77.08654261799998, 28.5651748744], [77.08649393533332, 28.565188154488887], [77.08644958866665, 28.565200395822224], [77.086409578, 28.565211598399998], [77.08637390333334, 28.565221762222222], [77.08634256466667, 28.565230887288887], [77.086315562, 28.5652389736], [77.08629289533332, 28.565246021155552], [77.08627456466667, 28.565252029955555], [77.08626057, 28.565257], [77.08624018144, 28.56526501978371], [77.08621505138667, 28.565275463336302], [77.08618601328001, 28.565287934960004], [77.08615390056, 28.565302038957046], [77.08611954666668, 28.56531737962964], [77.08608378504, 28.565333561280003], [77.08604744911999, 28.56535018821037], [77.08601137234666, 28.56536686472296], [77.08597638816, 28.565383195120006], [77.08594333, 28.565398783703706], [77.08591303130666, 28.565413234776294], [77.08588632552, 28.56542615264], [77.08586404607999, 28.565437141597037], [77.08584702642666, 28.56544580594963], [77.0858361, 28.56545175], [77.08583120093333, 28.56545526204445], [77.08582663973334, 28.565459862177775], [77.0858224164, 28.565465550400006], [77.08581853093335, 28.565472326711117], [77.08581498333334, 28.565480191111114], [77.0858117736, 28.565489143600004], [77.08580890173333, 28.56549918417778], [77.08580636773333, 28.565510312844445], [77.0858041716, 28.565522529600003], [77.08580231333332, 28.565535834444447], [77.08580079293333, 28.565550227377777], [77.0857996104, 28.5655657084], [77.08579876573333, 28.565582277511112], [77.08579825893334, 28.565599934711113], [77.08579809, 28.56561868], [77.08517089, 28.56575778], [77.08515011053335, 28.565741879066668], [77.0851300068, 28.565726818933335], [77.08511057880001, 28.5657125996], [77.08509182653334, 28.565699221066666], [77.08507375000002, 28.565686683333336], [77.0850563492, 28.565674986399998], [77.08503962413334, 28.565664130266665], [77.0850235748, 28.56565411493333], [77.08500820120001, 28.5656449404], [77.08499350333335, 28.56563660666667], [77.08497948120001, 28.56562911373333], [77.08496613480001, 28.5656224616], [77.08495346413333, 28.565616650266666], [77.0849414692, 28.565611679733333], [77.08493015, 28.56560755], [77.08491021292446, 28.56560320763259], [77.0848840139289, 28.565601150260747], [77.08485255536002, 28.565601140480002], [77.08481683956447, 28.565602940885928], [77.0847778688889, 28.565606314074078], [77.08473664568001, 28.565611022640002], [77.08469417228443, 28.565616829179255], [77.08465145104888, 28.565623496287408], [77.08460948432001, 28.565630786560003], [77.08456927444445, 28.565638462592595], [77.08453182376888, 28.565646286980737], [77.08449813464, 28.56565402232], [77.08446920940445, 28.56566143120593], [77.08444605040889, 28.565668276234074], [77.08442966, 28.56567432], [77.08441330025778, 28.56568112773037], [77.08439027059558, 28.565690316776294], [77.08436162936002, 28.56570172792], [77.08432843489778, 28.565715201943707], [77.08429174555556, 28.565730579629637], [77.08425261968, 28.56574770176], [77.08421211561777, 28.565766409117035], [77.08417129171555, 28.56578654248296], [77.08413120632, 28.565807942640003], [77.08409291777777, 28.56583045037037], [77.08405748443556, 28.565853906456294], [77.08402596464, 28.565878151680003], [77.08399941673778, 28.565903026823705], [77.08397889907555, 28.56592837266963], [77.08396547, 28.56595403], [77.08396030484444, 28.565971117466667], [77.08395751871112, 28.565988033200004], [77.0839571116, 28.566004777200003], [77.08395908351112, 28.566021349466673], [77.08396343444444, 28.56603775], [77.0839701644, 28.5660539788], [77.08397927337776, 28.566070035866666], [77.08399076137778, 28.566085921200003], [77.0840046284, 28.5661016348], [77.08402087444443, 28.566117176666666], [77.0840394995111, 28.5661325468], [77.0840605036, 28.5661477452], [77.08408388671111, 28.566162771866665], [77.08410964884445, 28.566177626800002], [77.08413779, 28.56619231], [77.08449709, 28.56641128], [77.08504704, 28.56665278], [77.08508145515556, 28.56666491582222], [77.08511430595556, 28.566676421955556], [77.08514559240002, 28.5666872984], [77.08517531448891, 28.56669754515556], [77.08520347222225, 28.566707162222226], [77.0852300656, 28.5667161496], [77.08525509462223, 28.56672450728889], [77.08527855928891, 28.56673223528889], [77.0853004596, 28.5667393336], [77.08532079555556, 28.566745802222226], [77.08533956715556, 28.566751641155555], [77.08535677440001, 28.5667568504], [77.0853724172889, 28.56676142995556], [77.08538649582222, 28.566765379822222], [77.08539901, 28.5667687], [77.0854115404889, 28.566771805555558], [77.08542566795556, 28.56677511155556], [77.08544139240001, 28.566778618], [77.08545871382222, 28.56678232488889], [77.08547763222222, 28.56678623222223], [77.0854981476, 28.56679034], [77.08552025995556, 28.566794648222224], [77.08554396928889, 28.56679915688889], [77.08556927560001, 28.566803866], [77.08559617888889, 28.566808775555558], [77.08562467915556, 28.566813885555554], [77.0856547764, 28.566819196], [77.08568647062222, 28.56682470688889], [77.08571976182222, 28.566830418222224], [77.08575465, 28.56683633], [77.08462174, 28.56709715], [77.08462412008889, 28.56708953648889], [77.0846263696889, 28.56708215195556], [77.0846284888, 28.5670749964], [77.08463047742225, 28.56706806982222], [77.08463233555558, 28.567061372222224], [77.08463406320001, 28.5670549036], [77.08463566035556, 28.567048663955553], [77.08463712702223, 28.56704265328889], [77.08463846320001, 28.567036871600003], [77.0846396688889, 28.56703131888889], [77.08464074408889, 28.567025995155554], [77.0846416888, 28.567020900400003], [77.08464250302222, 28.567016034622224], [77.08464318675556, 28.567011397822224], [77.08464374, 28.56700699], [77.0846440651111, 28.56700275391111], [77.08464406444445, 28.566998632311115], [77.08464373800001, 28.5669946252], [77.0846430857778, 28.56699073257778], [77.0846421077778, 28.56698695444445], [77.084640804, 28.5669832908], [77.08463917444445, 28.566979741644445], [77.0846372191111, 28.56697630697778], [77.084634938, 28.566972986800003], [77.08463233111112, 28.566969781111112], [77.08462939844443, 28.566966689911112], [77.08462614000001, 28.566963713200003], [77.08462255577777, 28.56696085097778], [77.08461864577778, 28.566958103244446], [77.08461441, 28.56695547], [77.08029038, 28.56488973], [77.08023861800001, 28.56487150755556], [77.080188748, 28.56485423488889], [77.08014077, 28.564837912], [77.080094684, 28.56482253888889], [77.08005049, 28.564808115555557], [77.080008188, 28.564794642], [77.079967778, 28.56478211822222], [77.07992926, 28.564770544222224], [77.079892634, 28.56475992], [77.0798579, 28.564750245555558], [77.079825058, 28.56474152088889], [77.079794108, 28.564733746], [77.07976505, 28.56472692088889], [77.079737884, 28.564721045555558], [77.07971261, 28.56471612], [77.07968770764444, 28.56471229248889], [77.07966165657778, 28.564709711288888], [77.07963445680002, 28.564708376400006], [77.07960610831113, 28.564708287822228], [77.07957661111111, 28.564709445555557], [77.0795459652, 28.564711849600002], [77.07951417057778, 28.564715499955554], [77.07948122724444, 28.56472039662222], [77.07944713520001, 28.5647265396], [77.07941189444443, 28.564733928888888], [77.07937550497778, 28.56474256448889], [77.07933796680001, 28.5647524464], [77.07929927991111, 28.564763574622223], [77.07925944431112, 28.564775949155553], [77.07921846, 28.56478957], [77.07904361, 28.56482963], [77.07879135, 28.5638706], [77.08155944, 28.56312437], [77.08160412, 28.56373795]], [[77.08296621, 28.56525144], [77.08271195306666, 28.565125685866672], [77.08247459026667, 28.565008092800003], [77.0822541216, 28.564898660800004], [77.08205054706669, 28.56479738986667], [77.08186386666668, 28.56470428], [77.0816940804, 28.5646193312], [77.08154118826667, 28.56454254346667], [77.08140519026666, 28.5644739168], [77.0812860864, 28.564413451200004], [77.08118387666667, 28.56436114666667], [77.08109856106665, 28.5643170032], [77.0810301396, 28.5642810208], [77.08097861226666, 28.564253199466666], [77.08094397906666, 28.564233539200004], [77.08092624, 28.56422204], [77.08091680724445, 28.564214250355555], [77.08090709297777, 28.564205718755556], [77.0808970972, 28.564196445200007], [77.08088681991111, 28.564186429688892], [77.08087626111111, 28.564175672222227], [77.0808654208, 28.564164172800005], [77.08085429897777, 28.564151931422224], [77.08084289564445, 28.56413894808889], [77.0808312108, 28.5641252228], [77.08081924444446, 28.56411075555556], [77.08080699657779, 28.564095546355556], [77.08079446720001, 28.564079595200003], [77.0807816563111, 28.56406290208889], [77.0807685639111, 28.564045467022222], [77.08075519, 28.56402729], [77.08074187240001, 28.564013663866668], [77.08072894893334, 28.56400097746667], [77.08071641960001, 28.5639892308], [77.08070428440001, 28.56397842386667], [77.08069254333334, 28.563968556666666], [77.08068119640001, 28.563959629200003], [77.0806702436, 28.563951641466666], [77.08065968493334, 28.563944593466665], [77.0806495204, 28.563938485200005], [77.08063975000002, 28.563933316666667], [77.08063037373333, 28.56392908786667], [77.0806213916, 28.5639257988], [77.0806128036, 28.563923449466667], [77.08060460973334, 28.563922039866668], [77.08059681, 28.56392157], [77.08058524645334, 28.563922443780744], [77.08057340136001, 28.563924999179267], [77.08056133104002, 28.56392913728001], [77.08054909181337, 28.56393475916741], [77.08053674000001, 28.56394176592594], [77.08052433192002, 28.563950058640003], [77.08051192389334, 28.563959538394073], [77.08049957224002, 28.563970106272592], [77.08048733328, 28.56398166336], [77.08047526333334, 28.56399411074074], [77.08046341872, 28.564007349499256], [77.08045185576, 28.564021280720002], [77.08044063077334, 28.564035805487407], [77.08042980008, 28.564050824885925], [77.08041942, 28.56406624], [77.08041166226963, 28.564083233096298], [77.08040837575705, 28.564102768770372], [77.08040913248003, 28.5641244216], [77.0804135044563, 28.564147766162968], [77.08042106370372, 28.564172377037043], [77.08043138224001, 28.5641978288], [77.08044403208297, 28.564223696029625], [77.08045858525037, 28.5642495533037], [77.08047461376, 28.5642749752], [77.08049168962964, 28.564299536296296], [77.08050938487703, 28.56432281117037], [77.08052727152001, 28.5643443744], [77.0805449215763, 28.56436380056296], [77.08056190706371, 28.564380664237035], [77.0805778, 28.56439454], [77.08058892151111, 28.56440334302222], [77.08060201404446, 28.564413432088887], [77.08061707760001, 28.564424807200005], [77.08063411217778, 28.56443746835556], [77.08065311777779, 28.564451415555553], [77.0806740944, 28.564466648799996], [77.08069704204445, 28.564483168088884], [77.0807219607111, 28.56450097342222], [77.0807488504, 28.5645200648], [77.08077771111112, 28.564540442222224], [77.08080854284444, 28.56456210568889], [77.0808413456, 28.564585055200002], [77.08087611937778, 28.564609290755556], [77.08091286417778, 28.564634812355553], [77.08095158, 28.56466162], [77.08091991, 28.56473952], [77.08101398222223, 28.5647818824], [77.08110191622224, 28.564821425600005], [77.08118371200001, 28.564858149600003], [77.08125936955557, 28.564892054399998], [77.0813288888889, 28.56492314], [77.08139227, 28.5649514064], [77.0814495128889, 28.5649768536], [77.08150061755556, 28.564999481599997], [77.081545584, 28.5650192904], [77.08158441222221, 28.56503628], [77.08161710222222, 28.565050450399998], [77.081643654, 28.565061801600002], [77.08166406755555, 28.565070333599998], [77.08167834288889, 28.5650760464], [77.08168648, 28.56507894], [77.08169461711111, 28.565081759422224], [77.08170889244444, 28.56508724968889], [77.08172930600001, 28.565095410799998], [77.08175585777778, 28.565106242755558], [77.08178854777779, 28.565119745555556], [77.081827376, 28.565135919200003], [77.08187234244444, 28.565154763688888], [77.08192344711111, 28.565176279022225], [77.08198069, 28.565200465199997], [77.08204407111111, 28.56522732222222], [77.08211359044444, 28.565256850088886], [77.082189248, 28.565289048800004], [77.08227104377778, 28.565323918355556], [77.08235897777779, 28.565361458755557], [77.08245305, 28.56540167], [77.0824948335111, 28.565416062222223], [77.08253402671112, 28.565429564222228], [77.08257062960001, 28.565442176], [77.08260464217778, 28.565453897555553], [77.08263606444444, 28.565464728888887], [77.0826648964, 28.56547467], [77.08269113804444, 28.56548372088889], [77.08271478937777, 28.565491881555552], [77.08273585039998, 28.565499152], [77.08275432111111, 28.56550553222222], [77.08277020151111, 28.56551102222222], [77.0827834916, 28.565515622], [77.08279419137777, 28.565519331555553], [77.08280230084443, 28.56552215088889], [77.08280782, 28.56552408], [77.08281948605631, 28.565525851087408], [77.08284079645038, 28.56552674656593], [77.08287022752003, 28.565526817760006], [77.08290625560299, 28.565526115994086], [77.08294735703706, 28.5655246925926], [77.08299200816, 28.56552259888], [77.08303868530963, 28.565519886180738], [77.08308586482373, 28.565516605819266], [77.08313202304001, 28.565512809120005], [77.08317563629632, 28.56550854740741], [77.08321518093038, 28.565503872005923], [77.08324913328002, 28.565498834240003], [77.08327596968297, 28.565493485434075], [77.08329416647705, 28.565487876912595], [77.0833022, 28.56548206], [77.08330222742224, 28.565477361422225], [77.08329905102222, 28.56547113768889], [77.08329267079999, 28.5654633888], [77.08328308675556, 28.565454114755564], [77.08327029888889, 28.56544331555556], [77.08325430720001, 28.565430991199996], [77.08323511168888, 28.56541714168889], [77.08321271235555, 28.565401767022223], [77.0831871092, 28.565384867200002], [77.08315830222222, 28.56536644222222], [77.08312629142222, 28.565346492088892], [77.0830910768, 28.565325016800003], [77.08305265835556, 28.565302016355556], [77.08301103608889, 28.56527749075556], [77.08296621, 28.56525144]]]}}, {"type": "Feature", "properties": {"name": "New Taxiway 4", "surface_type": "ASPHALT", "smoothness": 0.0, "texture_orientation": 0.0}, "geometry": {"type": "Polygon", "coordinates": [[[77.10773111, 28.56840033], [77.10775103968889, 28.568396111244446], [77.10776975675556, 28.568391508311116], [77.10778726120002, 28.5683865212], [77.10780355302225, 28.56838114991111], [77.10781863222223, 28.568375394444445], [77.10783249880001, 28.5683692548], [77.10784515275557, 28.56836273097778], [77.1078565940889, 28.568355822977775], [77.1078668228, 28.5683485308], [77.1078758388889, 28.568340854444443], [77.10788364235557, 28.568332793911107], [77.10789023320001, 28.568324349199997], [77.10789561142224, 28.56831552031111], [77.10789977702224, 28.568306307244445], [77.10790273, 28.56829671], [77.10790475857777, 28.56828610062222], [77.10790615097778, 28.56827385115556], [77.10790690720002, 28.5682599616], [77.10790702724447, 28.568244431955556], [77.10790651111112, 28.568227262222226], [77.1079053588, 28.5682084524], [77.10790357031111, 28.56818800248889], [77.10790114564445, 28.568165912488887], [77.1078980848, 28.568142182399995], [77.10789438777778, 28.56811681222222], [77.10789005457778, 28.56808980195555], [77.10788508520001, 28.5680611516], [77.10787947964445, 28.568030861155556], [77.10787323791112, 28.56799893062222], [77.10786636, 28.56796536], [77.10830754, 28.56795932], [77.10830671475557, 28.567987177822225], [77.1083065936889, 28.568013753955558], [77.10830717680001, 28.568039048400006], [77.1083084640889, 28.568063061155556], [77.10831045555557, 28.56808579222222], [77.10831315120001, 28.568107241599996], [77.10831655102223, 28.568127409288888], [77.10832065502223, 28.568146295288884], [77.1083254632, 28.5681638996], [77.10833097555556, 28.568180222222217], [77.1083371920889, 28.568195263155552], [77.10834411280001, 28.5682090224], [77.10835173768889, 28.568221499955555], [77.10836006675557, 28.568232695822225], [77.1083691, 28.56824261], [77.10837879382223, 28.568251768266666], [77.10838910462223, 28.568260696400003], [77.10840003240001, 28.568269394399998], [77.10841157715556, 28.56827786226667], [77.10842373888889, 28.5682861], [77.1084365176, 28.5682941076], [77.1084499132889, 28.568301885066667], [77.10846392595556, 28.5683094324], [77.1084785556, 28.568316749599997], [77.10849380222223, 28.56832383666667], [77.10850966582223, 28.5683306936], [77.10852614640001, 28.568337320400005], [77.10854324395555, 28.568343717066668], [77.1085609584889, 28.5683498836], [77.10857929, 28.56835582], [77.10978156, 28.56833149], [77.1098377980889, 28.56832420671111], [77.10989040035557, 28.56831678617778], [77.10993936680002, 28.5683092284], [77.10998469742222, 28.56830153337778], [77.11002639222224, 28.568293701111116], [77.11006445120002, 28.5682857316], [77.11009887435557, 28.56827762484444], [77.1101296616889, 28.56826938084444], [77.1101568132, 28.5682609996], [77.1101803288889, 28.56825248111111], [77.11020020875556, 28.568243825377778], [77.11021645280002, 28.568235032399997], [77.11022906102224, 28.56822610217778], [77.11023803342223, 28.56821703471111], [77.11024337, 28.56820783], [77.11024641968889, 28.56819795586667], [77.11024853142223, 28.568186880133336], [77.1102497052, 28.568174602800003], [77.11024994102223, 28.56816112386667], [77.1102492388889, 28.56814644333334], [77.1102475988, 28.5681305612], [77.11024502075554, 28.568113477466667], [77.11024150475556, 28.56809519213333], [77.11023705080001, 28.568075705200002], [77.11023165888889, 28.56805501666667], [77.11022532902223, 28.56803312653333], [77.1102180612, 28.568010034800004], [77.11020985542223, 28.567985741466668], [77.1102007116889, 28.567960246533335], [77.11019063, 28.56793355], [77.1110705, 28.56792151], [77.11107204613333, 28.56795408528889], [77.1110743352, 28.56798473382222], [77.1110773672, 28.568013455600003], [77.11108114213334, 28.568040250622225], [77.11108566, 28.56806511888889], [77.1110909208, 28.5680880604], [77.11109692453333, 28.568109075155554], [77.1111036712, 28.568128163155553], [77.1111111608, 28.5681453244], [77.11111939333333, 28.56816055888889], [77.1111283688, 28.56817386662222], [77.1111380872, 28.5681852476], [77.11114854853332, 28.56819470182222], [77.1111597528, 28.56820222928889], [77.1111717, 28.56820783], [77.11119183327109, 28.56821455664593], [77.1112149717689, 28.568220816500737], [77.11124065752001, 28.568226597440002], [77.11126843255113, 28.56823188733926], [77.11129783888892, 28.56823667407408], [77.11132841856, 28.568240945520003], [77.11135971359111, 28.56824468955259], [77.1113912660089, 28.56824789404741], [77.11142261783999, 28.56825054688], [77.11145331111112, 28.568252635925926], [77.11148288784888, 28.56825414906074], [77.11151089008001, 28.56825507416], [77.11153685983112, 28.568255399099257], [77.11156033912889, 28.568255111754073], [77.11158087, 28.5682542], [77.11160339814518, 28.56825207931852], [77.1116324103615, 28.568248275081483], [77.11166676032003, 28.56824294], [77.11170530169186, 28.568236226785185], [77.11174688814818, 28.568228288148156], [77.11179037336001, 28.568219276800004], [77.11183461099853, 28.568209345451848], [77.11187845473482, 28.568198646814814], [77.11192075824002, 28.5681873336], [77.11196037518519, 28.56817555851852], [77.11199615924149, 28.568163474281477], [77.11202696408, 28.568151233600002], [77.11205164337186, 28.568138989185186], [77.11206905078815, 28.56812689374815], [77.11207804, 28.5681151], [77.11208067839999, 28.568106966844447], [77.1120827296, 28.568098023377786], [77.1120841936, 28.568088269600004], [77.11208507040001, 28.568077705511115], [77.11208536, 28.56806633111112], [77.1120850624, 28.568054146399998], [77.1120841776, 28.568041151377777], [77.1120827056, 28.568027346044445], [77.1120806464, 28.5680127304], [77.112078, 28.567997304444447], [77.11207476640001, 28.56798106817778], [77.11207094560001, 28.5679640216], [77.11206653760001, 28.567946164711113], [77.1120615424, 28.567927497511114], [77.11205596, 28.56790802], [77.11270714, 28.5678991], [77.11270921844442, 28.567922403866667], [77.11271200311111, 28.567944595466674], [77.112715494, 28.567965674800003], [77.11271969111111, 28.56798564186667], [77.11272459444446, 28.568004496666667], [77.112730204, 28.568022239199998], [77.11273651977777, 28.568038869466665], [77.11274354177776, 28.568054387466667], [77.11275127, 28.5680687932], [77.11275970444444, 28.568082086666664], [77.1127688451111, 28.568094267866663], [77.112778692, 28.5681053368], [77.1127892451111, 28.568115293466665], [77.11280050444444, 28.568124137866665], [77.11281247, 28.56813187], [77.1128327470252, 28.56814217136889], [77.11285629286814, 28.56815157108445], [77.11288261368, 28.568160104560004], [77.11291121561186, 28.568167807208894], [77.11294160481484, 28.568174714444453], [77.11297328743998, 28.568180861680002], [77.1130057696385, 28.568186284328885], [77.11303855756148, 28.568191017804445], [77.11307115736, 28.56819509752], [77.11310307518518, 28.568198558888888], [77.11313381718814, 28.56820143732444], [77.11316288952, 28.56820376824], [77.11318979833185, 28.568205587048887], [77.11321404977481, 28.568206929164443], [77.11323515, 28.56820783], [77.11325849749629, 28.568207830571847], [77.11328901263705, 28.56820651990815], [77.11332548440001, 28.568204005440005], [77.11336670176298, 28.56820039459852], [77.11341145370373, 28.56819579481482], [77.1134585292, 28.568190313520002], [77.11350671722963, 28.56818405814518], [77.11355480677038, 28.56817713612148], [77.11360158680002, 28.568169654880002], [77.11364584629631, 28.56816172185185], [77.11368637423705, 28.568153444468145], [77.11372195960001, 28.568144930160003], [77.11375139136297, 28.568136286358516], [77.11377345850372, 28.568127620494813], [77.11378695, 28.56811904], [77.11378905528889, 28.5681107608], [77.1137903204889, 28.568101323200004], [77.11379074560001, 28.5680907272], [77.11379033062224, 28.568078972800006], [77.11378907555557, 28.56806606], [77.1137869804, 28.5680519888], [77.11378404515555, 28.5680367592], [77.11378026982223, 28.5680203712], [77.1137756544, 28.5680028248], [77.11377019888889, 28.56798412], [77.11376390328888, 28.567964256799996], [77.11375676760001, 28.567943235200005], [77.11374879182222, 28.5679210552], [77.11373997595557, 28.5678977168], [77.11373032, 28.56787322], [77.11459585, 28.56786249], [77.11460107235555, 28.567894884355557], [77.11460687808889, 28.567925424755558], [77.1146132672, 28.567954111200002], [77.1146202396889, 28.56798094368889], [77.11462779555558, 28.568005922222227], [77.1146359348, 28.568029046800007], [77.11464465742222, 28.568050317422223], [77.11465396342223, 28.568069734088887], [77.1146638528, 28.5680872968], [77.11467432555557, 28.568103005555557], [77.1146853816889, 28.568116860355552], [77.1146970212, 28.5681288612], [77.1147092440889, 28.568139008088888], [77.11472205035557, 28.568147301022226], [77.11473544, 28.56815374], [77.1147493972889, 28.568159205155553], [77.11476390648889, 28.568164576622223], [77.1147789676, 28.568169854400004], [77.11479458062223, 28.568175038488892], [77.11481074555557, 28.568180128888887], [77.1148274624, 28.5681851256], [77.11484473115556, 28.56819002862222], [77.11486255182223, 28.56819483795556], [77.11488092440001, 28.568199553599996], [77.1148998488889, 28.568204175555554], [77.1149193252889, 28.568208703822222], [77.11493935360001, 28.5682131384], [77.11495993382223, 28.56821747928889], [77.11498106595556, 28.56822172648889], [77.11500275, 28.56822588], [77.10773111, 28.56840033]]]}}, {"type": "Feature", "properties": {"name": "New Taxiway 6", "surface_type": "ASPHALT", "smoothness": 0.0, "texture_orientation": 0.0}, "geometry": {"type": "Polygon", "coordinates": [[[77.11555211, 28.56039063], [77.1155725718963, 28.560378506720003], [77.11565660863704, 28.560353785626667], [77.11579503880002, 28.560318351840003], [77.11597868096298, 28.560274090480007], [77.11619835370372, 28.560222886666672], [77.11644487560001, 28.560166625520004], [77.11670906522963, 28.56010719216], [77.11698174117038, 28.560046471706666], [77.117253722, 28.559986349280003], [77.11751582629631, 28.55992871], [77.11775887263704, 28.559875438986662], [77.1179736796, 28.559828421360002], [77.11815106576296, 28.559789542239997], [77.1182818497037, 28.559760686746664], [77.11835685, 28.55974374], [77.11835707498963, 28.55976470161778], [77.11835708485039, 28.559783623608894], [77.11835687192001, 28.559800711680005], [77.11835642853632, 28.559816171537783], [77.11835574703706, 28.559830208888897], [77.11835481976, 28.559843029440003], [77.11835363904295, 28.559854838897778], [77.1183521972237, 28.559865842968893], [77.11835048664001, 28.559876247360002], [77.11834849962963, 28.55988625777778], [77.11834622853036, 28.55989607992889], [77.11834366568, 28.559905919520006], [77.11834080341629, 28.559915982257778], [77.11833763407704, 28.55992647384889], [77.11833415, 28.5599376], [77.1183311233837, 28.559951129007406], [77.11832925386963, 28.55996830725926], [77.11832842496001, 28.559988557600008], [77.11832852015705, 28.56001130287408], [77.11832942296297, 28.560035965925934], [77.11833101687999, 28.560061969600003], [77.11833318541038, 28.56008873674074], [77.1183358120563, 28.560115690192596], [77.11833878032, 28.560142252800002], [77.1183419737037, 28.56016784740741], [77.11834527570963, 28.560191896859262], [77.11834856984001, 28.560213824], [77.11835173959703, 28.560233051674075], [77.11835466848297, 28.56024900272593], [77.11835724, 28.5602611], [77.11835995046519, 28.560271103943705], [77.11836602745481, 28.560293375549634], [77.11837478336001, 28.56032645048001], [77.11838553057186, 28.560368864397045], [77.1183975814815, 28.560419152962968], [77.11841024848, 28.560475851840003], [77.11842284395853, 28.56053749669037], [77.11843468030816, 28.5606026231763], [77.11844506992, 28.560669766960004], [77.11845332518519, 28.56073746370371], [77.11845875849481, 28.560804249069626], [77.11846068224, 28.560868658720004], [77.11845840881185, 28.56092922831704], [77.11845125060148, 28.560984493522966], [77.11843852, 28.56103299], [77.11842405380742, 28.561069637354077], [77.1184081021926, 28.561102332299264], [77.11839078960001, 28.56113152616001], [77.11837224047409, 28.561157670260748], [77.11835257925928, 28.56118121592593], [77.11833193039999, 28.56120261448001], [77.11831041834074, 28.56122231724741], [77.11828816752593, 28.561240775552598], [77.1182653024, 28.561258440720003], [77.11824194740743, 28.56127576407408], [77.11821822699258, 28.56129319693926], [77.11819426560001, 28.561311190640005], [77.11817018767408, 28.56133019650074], [77.11814611765926, 28.56135066584593], [77.11812218, 28.56137305], [77.1181189325363, 28.561375361232596], [77.11811122375704, 28.56138045719408], [77.11809974008001, 28.561387909280008], [77.11808516792298, 28.561397288885935], [77.11806819370372, 28.561408167407418], [77.11804950384001, 28.561420116240004], [77.11802978474964, 28.561432706779257], [77.11800972285036, 28.561445510420747], [77.11799000455999, 28.561458098560003], [77.1179713162963, 28.561470042592596], [77.11795434447703, 28.561480913914075], [77.11793977552, 28.56149028392001], [77.11792829584297, 28.56149772400593], [77.11792059186371, 28.561502805567407], [77.11791735, 28.5615051], [77.11792030354076, 28.56152497317334], [77.1179226241926, 28.561543968053343], [77.11792439000001, 28.561562011680007], [77.11792567900741, 28.56157903109334], [77.11792656925928, 28.56159495333334], [77.1179271388, 28.561609705440006], [77.11792746567407, 28.561623214453334], [77.11792762792591, 28.561635407413334], [77.1179277036, 28.56164621136], [77.11792777074075, 28.561655553333335], [77.11792790739258, 28.56166336037333], [77.1179281916, 28.561669559520002], [77.11792870140741, 28.561674077813336], [77.11792951485926, 28.561676842293334], [77.11793071, 28.56167778], [77.1179281644889, 28.561678526133335], [77.11791864528888, 28.56168076453334], [77.1179021524, 28.561684495200005], [77.11787868582223, 28.561689718133337], [77.11784824555556, 28.56169643333333], [77.1178108316, 28.561704640799995], [77.11776644395555, 28.561714340533335], [77.11771508262223, 28.561725532533334], [77.1176567476, 28.561738216800002], [77.1175914388889, 28.561752393333332], [77.1175191564889, 28.561768062133332], [77.1174399004, 28.561785223200005], [77.11735367062222, 28.561803876533332], [77.11726046715556, 28.561824022133337], [77.11716029, 28.56184566], [77.11711815, 28.56169927], [77.11639762, 28.56175739], [77.11528721, 28.56202378], [77.11516586, 28.5616694], [77.11581735, 28.56148165], [77.11585330733332, 28.5614701908], [77.11588579266667, 28.561454690533335], [77.11591480600002, 28.56143514920001], [77.11594034733334, 28.561411566800004], [77.11596241666668, 28.56138394333334], [77.115981014, 28.5613522788], [77.11599613933333, 28.561316573200003], [77.11600779266666, 28.561276826533334], [77.116015974, 28.561233038800005], [77.11602068333333, 28.56118521], [77.11602192066667, 28.56113334013333], [77.116019686, 28.561077429200004], [77.11601397933333, 28.561017477200004], [77.11600480066667, 28.560953484133336], [77.11599215, 28.56088545], [77.11598223069333, 28.56085890125334], [77.11597004994667, 28.56082824536001], [77.11595548952, 28.56079421784001], [77.11593843117335, 28.56075755421334], [77.11591875666669, 28.56071899], [77.11589634776, 28.560679260720004], [77.11587108621332, 28.56063910189333], [77.11584285378666, 28.560599249040003], [77.11581153224, 28.560560437680003], [77.11577700333333, 28.560523403333338], [77.11573914882666, 28.56048888152], [77.11569785047999, 28.560457607760007], [77.11565299005332, 28.560430317573335], [77.11560444930666, 28.560407746480003], [77.11555211, 28.56039063]], [[77.11643186, 28.56032581], [77.11643186, 28.56077616], [77.11661988, 28.56109949], [77.11685694, 28.56119908], [77.11700735, 28.56107639], [77.11700572, 28.56065924], [77.1167474, 28.5602522], [77.11643186, 28.56032581]], [[77.11744059, 28.56053944], [77.11762371, 28.56087576], [77.11779374, 28.56093638], [77.11790818, 28.56086132], [77.11791308, 28.56041674], [77.11769073, 28.56005733], [77.11754032, 28.56004578], [77.11742261, 28.56012806], [77.11744059, 28.56053944]]]}}, {"type": "Feature", "properties": {"name": "New Taxiway G", "surface_type": "ASPHALT", "smoothness": 0.0, "texture_orientation": 90.0}, "geometry": {"type": "Polygon", "coordinates": [[[77.09773694, 28.5656247], [77.09774879062223, 28.56561674511111], [77.09776040648892, 28.56560895511111], [77.09777178760002, 28.56560133], [77.09778293395557, 28.565593869777786], [77.09779384555557, 28.565586574444445], [77.09780452240001, 28.565579444], [77.09781496448889, 28.56557247844445], [77.09782517182224, 28.565565677777784], [77.09783514440002, 28.565559042], [77.09784488222223, 28.565552571111112], [77.0978543852889, 28.565546265111116], [77.09786365360002, 28.565540124], [77.09787268715556, 28.565534147777782], [77.09788148595555, 28.565528336444448], [77.09789005, 28.56552269], [77.09789920062224, 28.565516281022227], [77.09790975915556, 28.56550818208889], [77.09792172560002, 28.565498393200006], [77.09793509995556, 28.56548691435556], [77.09794988222224, 28.565473745555558], [77.0979660724, 28.5654588868], [77.09798367048889, 28.56544233808889], [77.09800267648887, 28.56542409942222], [77.0980230904, 28.565404170799997], [77.0980449122222, 28.56538255222222], [77.09806814195557, 28.56535924368889], [77.0980927796, 28.565334245200003], [77.09811882515555, 28.565307556755553], [77.09814627862222, 28.565279178355556], [77.09817514, 28.56524911], [77.09950055, 28.56406875], [77.10138779, 28.56362296], [77.10041891, 28.56409916], [77.10029898475555, 28.56417572124445], [77.10018699035555, 28.564247130311113], [77.10008292680001, 28.564313387200006], [77.09998679408889, 28.564374491911117], [77.09989859222223, 28.564430444444447], [77.0998183212, 28.564481244800003], [77.09974598102224, 28.56452689297778], [77.09968157168889, 28.564567388977782], [77.09962509319999, 28.5646027328], [77.09957654555555, 28.564632924444446], [77.09953592875556, 28.56465796391111], [77.0995032428, 28.564677851200003], [77.09947848768888, 28.56469258631111], [77.09946166342223, 28.564702169244445], [77.09945277, 28.5647066], [77.09944687999999, 28.564709526311116], [77.099439066, 28.564714595911113], [77.09942932800001, 28.564721808800005], [77.099417666, 28.564731164977783], [77.09940408000001, 28.564742664444445], [77.09938857, 28.5647563072], [77.099371136, 28.564772093244443], [77.099351778, 28.564790022577778], [77.099330496, 28.564810095200002], [77.09930729000001, 28.56483231111111], [77.09928216, 28.56485667031111], [77.099255106, 28.564883172800002], [77.099226128, 28.564911818577777], [77.099195226, 28.564942607644447], [77.0991624, 28.56497554], [77.09915151275555, 28.564994973644442], [77.09914137635556, 28.565013706577776], [77.09913199080002, 28.565031738800002], [77.0991233560889, 28.565049070311115], [77.09911547222224, 28.565065701111113], [77.0991083392, 28.5650816312], [77.09910195702223, 28.56509686057778], [77.09909632568889, 28.565111389244443], [77.0990914452, 28.565125217200002], [77.09908731555555, 28.565138344444446], [77.09908393675556, 28.56515077097778], [77.09908130880001, 28.565162496800003], [77.09907943168889, 28.565173521911113], [77.09907830542222, 28.565183846311115], [77.09907793, 28.56519347], [77.09908354415111, 28.56520600072], [77.09909947307557, 28.565215943226676], [77.09912434648002, 28.565223553040006], [77.09915679407112, 28.565229085680002], [77.09919544555558, 28.565232796666677], [77.09923893064, 28.565234941520004], [77.09928587903111, 28.56523577576], [77.09933492043555, 28.56523555490667], [77.09938468456, 28.565234534480005], [77.0994338011111, 28.56523297], [77.09948089979554, 28.565231116986666], [77.09952461032, 28.565229230960004], [77.09956356239111, 28.565227567440004], [77.09959638571556, 28.56522638194667], [77.09962171, 28.56522593], [77.09963775964444, 28.565225476622224], [77.09965775124445, 28.565224116488892], [77.09968168479999, 28.5652218496], [77.09970956031111, 28.56521867595556], [77.09974137777778, 28.56521459555556], [77.09977713720001, 28.565209608400004], [77.09981683857777, 28.565203714488888], [77.09986048191111, 28.56519691382222], [77.0999080672, 28.565189206400003], [77.09995959444444, 28.565180592222223], [77.10001506364443, 28.565171071288887], [77.1000744748, 28.565160643600002], [77.10013782791111, 28.565149309155558], [77.10020512297777, 28.565137067955558], [77.10027636, 28.56512392], [77.10090665146667, 28.56497655715556], [77.10149498453333, 28.564838649955554], [77.10204135920002, 28.564710198400007], [77.10254577546667, 28.564591202488895], [77.10300823333334, 28.564481662222228], [77.10342873280001, 28.564381577600006], [77.10380727386668, 28.564290948622222], [77.10414385653334, 28.564209775288887], [77.1044384808, 28.564138057600005], [77.10469114666668, 28.56407579555556], [77.10490185413333, 28.564022989155557], [77.1050706032, 28.563979638400003], [77.10519739386667, 28.56394574328889], [77.10528222613334, 28.563921303822223], [77.1053251, 28.56390632], [77.10533714645038, 28.563900467884448], [77.10535929986965, 28.56388937347556], [77.10538969736, 28.563873777680005], [77.10542647602372, 28.56385442140445], [77.10546777296298, 28.563832045555564], [77.10551172528001, 28.56380739104], [77.10555647007703, 28.563781198764442], [77.1056001444563, 28.563754209635555], [77.10564088552002, 28.56372716456], [77.10567683037038, 28.563700804444444], [77.10570611610963, 28.563675870195553], [77.10572687984, 28.56365310272], [77.10573725866371, 28.563633242924446], [77.10573538968298, 28.563617031715555], [77.10571941, 28.56360521], [77.10570137688595, 28.563580990331854], [77.10567575015408, 28.56355794492148], [77.10564312472003, 28.56353603416001], [77.10560409549927, 28.56351521843853], [77.10555925740742, 28.563495458148154], [77.10550920536001, 28.563476713680007], [77.1054545342726, 28.563458945425186], [77.10539583906075, 28.56344211377482], [77.10533371464001, 28.56342617912], [77.10526875592595, 28.563411101851855], [77.10520155783408, 28.56339684236148], [77.10513271528, 28.563383361040007], [77.10506282317927, 28.56337061827852], [77.10499247644742, 28.56335857446815], [77.10492227, 28.56334719], [77.1048206483111, 28.563331640755557], [77.10471780991112, 28.563316966355554], [77.10461375480001, 28.563303166800004], [77.10450848297779, 28.563290242088893], [77.10440199444446, 28.563278192222228], [77.1042942892, 28.563267017200005], [77.10418536724444, 28.56325671702222], [77.10407522857778, 28.563247291688892], [77.1039638732, 28.563238741199996], [77.10385130111112, 28.563231065555556], [77.10373751231111, 28.563224264755554], [77.10362250680001, 28.5632183388], [77.10350628457778, 28.56321328768889], [77.10338884564445, 28.56320911142222], [77.10327019, 28.56320581], [77.10474258, 28.56286969], [77.10475605137779, 28.562879312933337], [77.10477057484447, 28.56288876573333], [77.10478615040003, 28.5628980484], [77.10480277804444, 28.562907160933335], [77.10482045777779, 28.562916103333336], [77.10483918960001, 28.562924875599997], [77.10485897351111, 28.562933477733335], [77.10487980951112, 28.562941909733336], [77.10490169760001, 28.5629501716], [77.10492463777778, 28.562958263333336], [77.10494863004445, 28.562966184933334], [77.10497367440001, 28.562973936400002], [77.10499977084444, 28.562981517733334], [77.10502691937778, 28.562988928933336], [77.10505512, 28.56299617], [77.10520530221334, 28.563032679762966], [77.10537299610668, 28.563071880370373], [77.10555427656003, 28.56311298480001], [77.10574521845334, 28.563155206029634], [77.10594189666668, 28.563197757037045], [77.10614038608001, 28.563239850800002], [77.10633676157333, 28.563280700296296], [77.10652709802667, 28.563319518503704], [77.10670747032, 28.5633555184], [77.10687395333335, 28.563387912962966], [77.10702262194667, 28.56341591517037], [77.10714955104001, 28.563438738], [77.10725081549334, 28.563455594429634], [77.10732249018668, 28.56346569743704], [77.10736065, 28.56346826], [77.10738684253334, 28.563464676844447], [77.10743038813332, 28.56345649271111], [77.1074912868, 28.563443707600005], [77.10756953853335, 28.563426321511113], [77.10766514333335, 28.56340433444445], [77.1077781012, 28.5633777464], [77.10790841213333, 28.563346557377777], [77.10805607613334, 28.56331076737778], [77.1082210932, 28.5632703764], [77.10840346333333, 28.563225384444443], [77.10860318653333, 28.563175791511114], [77.1088202628, 28.563121597600002], [77.10905469213333, 28.563062802711112], [77.10930647453333, 28.562999406844447], [77.10957561, 28.56293141], [77.10962393866666, 28.562911290666666], [77.109669186, 28.56289152733334], [77.109711352, 28.56287212], [77.10975043666667, 28.562853068666673], [77.10978644, 28.562834373333335], [77.10981936200001, 28.562816034], [77.10984920266668, 28.562798050666668], [77.109875962, 28.562780423333336], [77.10989964, 28.562763152], [77.10992023666667, 28.56274623666667], [77.109937752, 28.562729677333337], [77.10995218600002, 28.562713474], [77.10996353866666, 28.56269762666667], [77.10997181, 28.562682135333336], [77.109977, 28.562667], [77.10997816040297, 28.562661409831115], [77.1099793392237, 28.562653430648897], [77.10998021488001, 28.56264340944001], [77.10998046578963, 28.56263169319112], [77.10997977037039, 28.5626186288889], [77.10997780704001, 28.562604563520004], [77.1099742542163, 28.56258984407111], [77.10996879031704, 28.56257481752889], [77.10996109376, 28.562559830880005], [77.10995084296297, 28.562545231111116], [77.1099377163437, 28.56253136520889], [77.10992139232, 28.562518580160003], [77.10990154930963, 28.562507222951112], [77.10987786573037, 28.562497640568893], [77.10985002, 28.56249018], [77.10979968379853, 28.562479950933334], [77.1097447957215, 28.562469381066673], [77.10968569856003, 28.562458550400006], [77.10962273510519, 28.562447538933345], [77.10955624814817, 28.56243642666667], [77.10948658048001, 28.562425293600004], [77.10941407489184, 28.562414219733334], [77.10933907417481, 28.562403285066672], [77.10926192112001, 28.5623925696], [77.10918295851852, 28.56238215333334], [77.10910252916148, 28.562372116266666], [77.10902097584, 28.562362538400002], [77.10893864134519, 28.562353499733337], [77.10885586846814, 28.562345080266667], [77.108773, 28.56233736], [77.10868157017778, 28.562329446622226], [77.10859011004445, 28.56232192248889], [77.1084986196, 28.562314787600002], [77.10840709884444, 28.56230804195556], [77.10831554777778, 28.562301685555557], [77.10822396639999, 28.562295718399998], [77.10813235471112, 28.56229014048889], [77.10804071271112, 28.56228495182222], [77.1079490404, 28.562280152399996], [77.10785733777777, 28.562275742222223], [77.10776560484445, 28.562271721288887], [77.1076738416, 28.562268089600003], [77.10758204804443, 28.562264847155557], [77.10749022417778, 28.562261993955556], [77.10739837, 28.56225953], [77.10900861, 28.5618853], [77.10929909057778, 28.56195122413333], [77.10957171897779, 28.562013191200005], [77.10982649520002, 28.562071201200002], [77.11006341924447, 28.562125254133335], [77.11028249111112, 28.56217535], [77.1104837108, 28.562221488800002], [77.11066707831111, 28.562263670533337], [77.11083259364445, 28.5623018952], [77.1109802568, 28.562336162800005], [77.11111006777779, 28.562366473333334], [77.11122202657778, 28.5623928268], [77.1113161332, 28.562415223200006], [77.11139238764446, 28.562433662533337], [77.1114507899111, 28.562448144800005], [77.11149134, 28.56245867], [77.11153115804446, 28.56246459693333], [77.1115873641778, 28.5624652844], [77.11165995840001, 28.5624607324], [77.11174894071111, 28.56245094093334], [77.11185431111113, 28.56243591], [77.1119760696, 28.5624156396], [77.11211421617779, 28.562390129733334], [77.11226875084444, 28.562359380400004], [77.1124396736, 28.5623233916], [77.11262698444445, 28.562282163333336], [77.11283068337778, 28.562235695600002], [77.11305077040001, 28.5621839884], [77.11328724551112, 28.562127041733333], [77.11354010871112, 28.562064855600003], [77.11380936, 28.56199743], [77.11396902653334, 28.561954480622223], [77.11411878880001, 28.561914552488894], [77.11425864680002, 28.561877645600006], [77.11438860053335, 28.561843759955558], [77.11450865, 28.56181289555556], [77.11461879520002, 28.561785052399998], [77.11471903613334, 28.561760230488893], [77.11480937280001, 28.56173842982222], [77.11488980520001, 28.5617196504], [77.11496033333334, 28.561703892222223], [77.11502095720002, 28.56169115528889], [77.11507167680001, 28.561681439599997], [77.11511249213333, 28.561674745155557], [77.11514340320001, 28.56167107195556], [77.11516441, 28.56167042], [77.11516975911113, 28.561686321066663], [77.11517549977778, 28.5617033256], [77.11518163200002, 28.5617214336], [77.1151881557778, 28.56174064506667], [77.11519507111112, 28.56176096], [77.115202378, 28.5617823784], [77.11521007644446, 28.561804900266665], [77.11521816644445, 28.5618285256], [77.115226648, 28.5618532544], [77.11523552111112, 28.561879086666668], [77.11524478577778, 28.561906022400002], [77.115254442, 28.561934061600002], [77.11526448977779, 28.561963204266668], [77.11527492911112, 28.5619934504], [77.11528576, 28.5620248], [77.11512519168889, 28.56205918026667], [77.11497549475557, 28.562091225066666], [77.1148366692, 28.562120934400003], [77.11470871502223, 28.562148308266668], [77.11459163222224, 28.56217334666667], [77.11448542080001, 28.5621960496], [77.11439008075557, 28.562216417066665], [77.11430561208888, 28.56223444906667], [77.1142320148, 28.562250145600004], [77.11416928888889, 28.562263506666667], [77.11411743435556, 28.562274532266667], [77.1140764512, 28.5622832224], [77.11404633942223, 28.562289577066668], [77.11402709902222, 28.562293596266667], [77.11401873, 28.56229528], [77.11401300516742, 28.562296557134818], [77.11400483480593, 28.562298760811856], [77.11399452512002, 28.562301771440005], [77.11398238231408, 28.562305469428154], [77.11396871259261, 28.562309735185192], [77.11395382216, 28.562314449120002], [77.11393801722073, 28.562319491641478], [77.11392160397925, 28.56232474315852], [77.11390488864001, 28.562330084080003], [77.1138881774074, 28.56233539481482], [77.11387177648592, 28.562340555771847], [77.11385599208, 28.562345447360002], [77.11384113039406, 28.562349949988146], [77.11382749763258, 28.562353944065187], [77.1138154, 28.56235731], [77.11380726902222, 28.562359532133332], [77.11379784675556, 28.562362182533334], [77.1137871332, 28.562365261200004], [77.11377512835556, 28.562368768133336], [77.11376183222222, 28.56237270333334], [77.1137472448, 28.562377066800003], [77.11373136608889, 28.562381858533335], [77.11371419608889, 28.56238707853333], [77.1136957348, 28.5623927268], [77.11367598222222, 28.562398803333338], [77.11365493835555, 28.562405308133332], [77.1136326032, 28.562412241200004], [77.11360897675556, 28.562419602533335], [77.11358405902223, 28.562427392133333], [77.11355785, 28.56243561], [77.1135221204, 28.562445347333338], [77.11348808626667, 28.562455052666667], [77.1134557476, 28.562464726], [77.11342510440001, 28.56247436733334], [77.11339615666667, 28.562483976666666], [77.1133689044, 28.562493554], [77.11334334759998, 28.562503099333334], [77.11331948626666, 28.562512612666666], [77.1132973204, 28.562522094], [77.11327684999998, 28.562531543333336], [77.11325807506665, 28.562540960666666], [77.1132409956, 28.562550346], [77.1132256116, 28.56255969933333], [77.11321192306666, 28.56256902066667], [77.11319993, 28.56257831], [77.11318938768888, 28.56258761946667], [77.11318005142222, 28.5625970012], [77.1131719212, 28.5626064552], [77.11316499702222, 28.562615981466667], [77.1131592788889, 28.56262558], [77.11315476680001, 28.562635250800003], [77.11315146075556, 28.562644993866662], [77.11314936075556, 28.562654809199998], [77.1131484668, 28.5626646968], [77.1131487788889, 28.562674656666665], [77.11315029702223, 28.562684688799997], [77.1131530212, 28.562694793200002], [77.11315695142223, 28.562704969866665], [77.11316208768889, 28.5627152188], [77.11316843, 28.56272554], [77.11232057, 28.56291809], [77.11231700706666, 28.56290987857778], [77.11231336626666, 28.562901913644446], [77.1123096476, 28.562894195200002], [77.11230585106668, 28.56288672324445], [77.11230197666667, 28.562879497777782], [77.11229802439999, 28.562872518800003], [77.11229399426665, 28.56286578631111], [77.11228988626667, 28.56285930031111], [77.1122857004, 28.562853060800002], [77.11228143666666, 28.56284706777778], [77.11227709506667, 28.562841321244445], [77.1122726756, 28.5628358212], [77.11226817826666, 28.562830567644447], [77.11226360306667, 28.56282556057778], [77.11225895, 28.5628208], [77.11224879913777, 28.5628149901363], [77.11223287616892, 28.562811316823705], [77.11221186152002, 28.562809546480008], [77.1121864356178, 28.56280944552297], [77.1121572788889, 28.562810780370377], [77.11212507176, 28.562813317440003], [77.11209049465779, 28.562816823149628], [77.1120542280089, 28.56282106391704], [77.11201695224, 28.562825806160003], [77.11197934777779, 28.562830816296298], [77.1119420950489, 28.562835860743707], [77.11190587448002, 28.562840705920003], [77.11187136649778, 28.562845118242965], [77.11183925152889, 28.562848864130373], [77.11181021, 28.56285171], [77.11178277959408, 28.56285531836741], [77.11175513821928, 28.56286131053926], [77.11172742664002, 28.562869391120007], [77.11169978562076, 28.562879264714084], [77.11167235592595, 28.562890635925935], [77.11164527832, 28.56290320936], [77.11161869356741, 28.562916689620735], [77.1115927424326, 28.562930781312595], [77.11156756568, 28.56294518904], [77.11154330407408, 28.56295961740741], [77.11152009837926, 28.562973771019255], [77.11149808936001, 28.56298735448], [77.11147741778075, 28.563000072394075], [77.11145822440594, 28.563011629365924], [77.11144065, 28.56302173], [77.11142984555555, 28.563028030044446], [77.1114197228889, 28.563034564844443], [77.111410282, 28.563041334400005], [77.1114015228889, 28.56304833871111], [77.11139344555556, 28.56305557777778], [77.11138605, 28.5630630516], [77.11137933622223, 28.56307076017778], [77.11137330422223, 28.56307870351111], [77.111367954, 28.563086881599997], [77.11136328555556, 28.563095294444445], [77.11135929888889, 28.563103942044442], [77.111355994, 28.5631128244], [77.11135337088889, 28.56312194151111], [77.11135142955555, 28.563131293377776], [77.11135017, 28.56314088], [77.11074614, 28.56327922], [77.11074657111112, 28.563276772933335], [77.11074685111113, 28.563274210399996], [77.11074698, 28.5632715324], [77.11074695777778, 28.563268738933335], [77.11074678444444, 28.56326583], [77.11074645999999, 28.563262805599997], [77.11074598444443, 28.563259665733337], [77.11074535777777, 28.563256410399998], [77.11074457999999, 28.5632530396], [77.11074365111111, 28.563249553333332], [77.1107425711111, 28.5632459516], [77.11074134, 28.5632422344], [77.11073995777778, 28.563238401733333], [77.11073842444443, 28.563234453600003], [77.11073674, 28.56323039], [77.11073319262519, 28.563224558234076], [77.11072795566815, 28.56321938573926], [77.11072121688001, 28.56321481072], [77.11071316401186, 28.56321077138075], [77.11070398481483, 28.563207205925934], [77.11069386704, 28.563204052560007], [77.11068299843852, 28.56320124948741], [77.11067156676147, 28.563198734912593], [77.11065975975998, 28.563196447040003], [77.11064776518519, 28.563194324074075], [77.11063577078814, 28.563192304219257], [77.11062396431998, 28.563190325680004], [77.11061253353185, 28.563188326660743], [77.11060166617482, 28.563186245365927], [77.11059155, 28.56318402], [77.11058413986666, 28.563182697911117], [77.11057481346668, 28.56318182231111], [77.1105635708, 28.563181393200008], [77.1105504118667, 28.56318141057778], [77.11053533666669, 28.563181874444446], [77.1105183452, 28.563182784800006], [77.11049943746666, 28.563184141644445], [77.11047861346667, 28.56318594497778], [77.11045587320001, 28.563188194800006], [77.11043121666667, 28.563190891111113], [77.11040464386667, 28.56319403391111], [77.11037615480001, 28.563197623200004], [77.11034574946667, 28.56320165897778], [77.11031342786667, 28.563206141244446], [77.11027919, 28.56321107], [77.10986273, 28.56331422], [77.10985800120001, 28.563316437555557], [77.1098532468, 28.56331882355555], [77.10984846679999, 28.563321378], [77.10984366119999, 28.56332410088889], [77.10983883000002, 28.56332699222222], [77.10983397319998, 28.563330052], [77.10982909079999, 28.56333328022222], [77.1098241828, 28.563336676888888], [77.1098192492, 28.563340242], [77.10981428999999, 28.563343975555554], [77.10980930519999, 28.563347877555557], [77.1098042948, 28.563351948], [77.1097992588, 28.56335618688889], [77.1097941972, 28.563360594222225], [77.10978911, 28.56336517], [77.10978432728888, 28.563370052400003], [77.10978017915555, 28.5633753796], [77.10977666560001, 28.56338115160001], [77.10977378662224, 28.563387368400004], [77.10977154222223, 28.56339403], [77.1097699324, 28.563401136400003], [77.10976895715557, 28.5634086876], [77.10976861648889, 28.563416683599996], [77.10976891039999, 28.5634251244], [77.1097698388889, 28.56343401], [77.10977140195556, 28.5634433404], [77.1097735996, 28.5634531156], [77.10977643182223, 28.5634633356], [77.10977989862222, 28.5634740004], [77.109784, 28.56348511], [77.10896081, 28.5636768], [77.10896222666666, 28.5636699084], [77.10896334333334, 28.563663172266665], [77.10896416, 28.563656591599997], [77.10896467666669, 28.563650166400002], [77.10896489333335, 28.56364389666667], [77.10896481, 28.563637782399997], [77.10896442666666, 28.5636318236], [77.10896374333333, 28.563626020266668], [77.10896276, 28.563620372399996], [77.10896147666666, 28.56361488], [77.10895989333333, 28.56360954306667], [77.10895801, 28.5636043616], [77.10895582666666, 28.563599335599996], [77.10895334333334, 28.563594465066668], [77.10895056, 28.56358975], [77.1089432831111, 28.56358383948741], [77.10893071128889, 28.56357987336592], [77.10891353280002, 28.563577631760005], [77.10889243591113, 28.563576894794082], [77.1088681088889, 28.5635774425926], [77.10884124, 28.563579055279998], [77.1088125175111, 28.56358151298074], [77.10878262968889, 28.563584595819258], [77.10875226479999, 28.56358808392], [77.1087221111111, 28.56359175740741], [77.10869285688888, 28.563595396405923], [77.10866519039999, 28.56359878104], [77.10863979991112, 28.563601691434073], [77.10861737368889, 28.563603907712594], [77.1085986, 28.56360521], [77.10858635968889, 28.563605930755557], [77.10857192942221, 28.563607063688888], [77.1085553092, 28.563608608800006], [77.10853649902224, 28.56361056608889], [77.10851549888889, 28.563612935555554], [77.1084923088, 28.5636157172], [77.10846692875556, 28.563618911022225], [77.10843935875556, 28.56362251702222], [77.10840959880001, 28.5636265352], [77.10837764888889, 28.563630965555554], [77.10834350902223, 28.56363580808889], [77.10830717920001, 28.563641062800002], [77.10826865942222, 28.56364672968889], [77.1082279496889, 28.56365280875556], [77.10818505, 28.5636593], [77.10737994, 28.56384864], [77.10736488355556, 28.56385185217778], [77.10735021822222, 28.56385530471111], [77.10733594400001, 28.563858997600004], [77.10732206088889, 28.563862930844444], [77.1073085688889, 28.563867104444448], [77.107295468, 28.5638715184], [77.10728275822223, 28.56387617271111], [77.10727043955556, 28.56388106737778], [77.107258512, 28.5638862024], [77.10724697555557, 28.563891577777778], [77.10723583022222, 28.56389719351111], [77.107225076, 28.563903049600004], [77.10721471288889, 28.563909146044445], [77.10720474088889, 28.563915482844443], [77.10719516, 28.56392206], [77.10718639173334, 28.56392902008889], [77.10717885760002, 28.56393650568889], [77.10717255760002, 28.563944516800003], [77.10716749173335, 28.563953053422225], [77.10716366000001, 28.563962115555558], [77.1071610624, 28.563971703200004], [77.10715969893333, 28.563981816355554], [77.1071595696, 28.56399245502222], [77.1071606744, 28.5640036192], [77.10716301333332, 28.56401530888889], [77.1071665864, 28.564027524088885], [77.1071713936, 28.5640402648], [77.10717743493333, 28.56405353102222], [77.1071847104, 28.564067322755555], [77.10719322, 28.56408164], [77.10675621, 28.56417804], [77.10675527937778, 28.564168728800002], [77.10675392751111, 28.56415959786667], [77.1067521544, 28.564150647200005], [77.10674996004445, 28.564141876800008], [77.10674734444446, 28.56413328666667], [77.1067443076, 28.564124876800005], [77.10674084951111, 28.564116647200002], [77.10673697017776, 28.56410859786667], [77.1067326696, 28.564100728800007], [77.10672794777778, 28.56409304], [77.10672280471111, 28.564085531466667], [77.1067172404, 28.564078203200005], [77.10671125484444, 28.564071055200003], [77.10670484804444, 28.56406408746667], [77.10669802, 28.5640573], [77.10669033604444, 28.564050997644447], [77.10668136151111, 28.56404548524445], [77.1066710964, 28.56404076280001], [77.10665954071112, 28.564036830311114], [77.10664669444446, 28.56403368777778], [77.1066325576, 28.564031335199996], [77.10661713017778, 28.564029772577776], [77.10660041217778, 28.564028999911113], [77.1065824036, 28.5640290172], [77.10656310444445, 28.564029824444443], [77.10654251471111, 28.56403142164444], [77.1065206344, 28.564033808799998], [77.10649746351112, 28.56403698591111], [77.10647300204445, 28.56404095297778], [77.10644725, 28.56404571], [77.09793413, 28.56600866], [77.09789893, 28.56606276], [77.09773694, 28.5656247]]]}}, {"type": "Feature", "properties": {"name": "Term-1-Apron", "surface_type": "CONCRETE", "smoothness": 0.0, "texture_orientation": 104.7}, "geometry": {"type": "Polygon", "coordinates": [[[77.10786636, 28.56796536], [77.10675213, 28.56417742], [77.10719883, 28.56407852], [77.10891654, 28.56368524], [77.10974777, 28.56349249], [77.11072556, 28.56326577], [77.11140343, 28.56311], [77.11231458, 28.56290846], [77.11319252, 28.56270691], [77.11821561, 28.5616125], [77.11864538, 28.56247804], [77.11980396, 28.56400043], [77.11961245, 28.56591543], [77.11953164, 28.56762464], [77.11880519, 28.56845226], [77.11880519, 28.56813608], [77.1181964, 28.56815771], [77.11816517, 28.56782439], [77.11270714, 28.5678991], [77.11205596, 28.56790802], [77.1110705, 28.56792151], [77.11019063, 28.56793355], [77.10830754, 28.56795932], [77.10786636, 28.56796536]]]}}, {"type": "Feature", "properties": {"name": "New Taxiway 12", "surface_type": "CONCRETE", "smoothness": 0.0, "texture_orientation": 0.0}, "geometry": {"type": "Polygon", "coordinates": [[[77.09089138, 28.56837221], [77.09085761, 28.56808883], [77.09093265, 28.56791748], [77.09082385, 28.56785817], [77.0908351, 28.56778898], [77.09150293, 28.5681053], [77.09668795, 28.56801963], [77.09671082631111, 28.568020061466665], [77.09673229257778, 28.568019929199995], [77.09675234880001, 28.5680192332], [77.09677099497779, 28.568017973466667], [77.09678823111112, 28.56801615], [77.09680405719999, 28.568013762800003], [77.09681847324444, 28.568010811866664], [77.09683147924443, 28.568007297199998], [77.09684307519998, 28.5680032188], [77.09685326111111, 28.567998576666668], [77.09686203697777, 28.567993370799996], [77.0968694028, 28.5679876012], [77.09687535857778, 28.567981267866664], [77.09687990431111, 28.567974370800002], [77.09688304, 28.56796691], [77.09688510853333, 28.56795876088889], [77.0968864528, 28.567949798888886], [77.0968870728, 28.567940024], [77.09688696853334, 28.567929436222222], [77.09688614, 28.567918035555564], [77.0968845872, 28.567905822], [77.09688231013334, 28.567892795555558], [77.0968793088, 28.567878956222224], [77.0968755832, 28.567864304], [77.09687113333334, 28.567848838888892], [77.0968659592, 28.56783256088889], [77.09686006080001, 28.56781547], [77.09685343813334, 28.567797566222225], [77.0968460912, 28.56777884955556], [77.09683802, 28.56775932], [77.09692056, 28.56773955], [77.09693557, 28.56777909], [77.09701811, 28.56773955], [77.09705188, 28.56778239], [77.0971044, 28.56776921], [77.09710983724446, 28.567777337022225], [77.09711514097779, 28.56778502475556], [77.0971203112, 28.567792273200002], [77.09712534791112, 28.56779908235556], [77.09713025111112, 28.567805452222228], [77.09713502080001, 28.567811382800002], [77.09713965697779, 28.56781687408889], [77.09714415964444, 28.56782192608889], [77.0971485288, 28.567826538800002], [77.09715276444444, 28.567830712222225], [77.09715686657778, 28.567834446355555], [77.0971608352, 28.5678377412], [77.0971646703111, 28.567840596755556], [77.09716837191111, 28.567843013022223], [77.09717194, 28.56784499], [77.09717589155555, 28.567846864488885], [77.09718074355555, 28.56784897328889], [77.097186496, 28.567851316400006], [77.09719314888889, 28.567853893822225], [77.09720070222222, 28.567856705555556], [77.097209156, 28.567859751600004], [77.09721851022222, 28.567863031955554], [77.09722876488888, 28.567866546622227], [77.09723992, 28.5678702956], [77.09725197555557, 28.567874278888887], [77.09726493155554, 28.567878496488888], [77.09727878800001, 28.567882948400005], [77.0972935448889, 28.567887634622224], [77.09730920222222, 28.567892555155556], [77.09732576, 28.56789771], [77.09733981773333, 28.567930471555556], [77.09735297493334, 28.567961094888894], [77.09736523160001, 28.56798958], [77.09737658773336, 28.568015926888894], [77.09738704333336, 28.56804013555556], [77.0973965984, 28.568062206], [77.09740525293334, 28.568082138222223], [77.09741300693334, 28.56809993222222], [77.09741986040001, 28.568115588], [77.09742581333333, 28.568129105555556], [77.09743086573334, 28.568140484888893], [77.0974350176, 28.568149726], [77.09743826893333, 28.56815682888889], [77.09744061973333, 28.568161793555557], [77.09744207, 28.56816462], [77.09744347022223, 28.568166889911115], [77.09744567088887, 28.56817018497778], [77.097448672, 28.568174505200005], [77.09745247355556, 28.568179850577785], [77.09745707555557, 28.568186221111112], [77.097462478, 28.5681936168], [77.09746868088888, 28.568202037644447], [77.09747568422222, 28.568211483644447], [77.097483488, 28.568221954800002], [77.09749209222223, 28.568233451111112], [77.0975014968889, 28.568245972577778], [77.097511702, 28.5682595192], [77.09752270755556, 28.568274090977777], [77.09753451355556, 28.568289687911115], [77.09754712, 28.56830631], [77.09746083, 28.56836891], [77.09702561, 28.56838868], [77.0970219932, 28.56837963035556], [77.0970181428, 28.56837093208889], [77.0970140588, 28.568362585200006], [77.09700974120003, 28.568354589688894], [77.09700519, 28.568346945555565], [77.09700040519999, 28.5683396528], [77.09699538679999, 28.568332711422226], [77.0969901348, 28.568326121422224], [77.0969846492, 28.568319882800004], [77.09697893, 28.56831399555556], [77.0969729772, 28.56830845968889], [77.0969667908, 28.5683032752], [77.09696037079999, 28.568298442088892], [77.0969537172, 28.568293960355557], [77.09694683, 28.56828983], [77.09693532362074, 28.568283946880005], [77.09692201656593, 28.568278181040004], [77.09690720896002, 28.568272561760008], [77.09689120092742, 28.56826711832001], [77.09687429259262, 28.56826188], [77.09685678408, 28.56825687608], [77.09683897551406, 28.568252135839998], [77.09682116701927, 28.568247688559996], [77.09680365872, 28.568243563520006], [77.09678675074075, 28.56823979], [77.09677074320594, 28.56823639728], [77.09675593624002, 28.568233414639998], [77.09674262996742, 28.56823087136], [77.0967311245126, 28.56822879672], [77.09672172, 28.56822722], [77.0967152501778, 28.568226326711113], [77.09670684604446, 28.568225404177777], [77.09669650760002, 28.568224452400003], [77.09668423484446, 28.56822347137778], [77.09667002777779, 28.568222461111112], [77.09665388639999, 28.5682214216], [77.0966358107111, 28.56822035284445], [77.09661580071112, 28.568219254844443], [77.0965938564, 28.568218127599998], [77.09656997777779, 28.56821697111111], [77.09654416484445, 28.568215785377777], [77.09651641760001, 28.568214570400002], [77.09648673604444, 28.568213326177776], [77.09645512017778, 28.56821205271111], [77.09642157, 28.56821075], [77.09089138, 28.56837221]]]}}, {"type": "Feature", "properties": {"name": "New Taxiway 8", "surface_type": "CONCRETE", "smoothness": 0.0, "texture_orientation": 0.0}, "geometry": {"type": "Polygon", "coordinates": [[[77.0899259, 28.56831161], [77.09036111, 28.56629501], [77.09078131, 28.56620934], [77.0907662856, 28.56622520057778], [77.0907522284, 28.566240270311116], [77.09073913840001, 28.566254549200007], [77.09072701560002, 28.566268037244445], [77.09071586000002, 28.566280734444447], [77.0907056716, 28.5662926408], [77.09069645040002, 28.56630375631111], [77.09068819640001, 28.566314080977776], [77.09068090960001, 28.566323614799998], [77.09067459000002, 28.566332357777778], [77.09066923760001, 28.566340309911112], [77.09066485240001, 28.566347471200004], [77.0906614344, 28.566353841644442], [77.09065898360001, 28.566359421244446], [77.0906575, 28.56636421], [77.0906561664889, 28.5663694088], [77.09065416595556, 28.566376218533332], [77.0906514984, 28.566384639200006], [77.09064816382224, 28.566394670800005], [77.09064416222223, 28.566406313333335], [77.0906394936, 28.5664195668], [77.09063415795556, 28.5664344312], [77.0906281552889, 28.566450906533337], [77.0906214856, 28.5664689928], [77.09061414888889, 28.56648869], [77.09060614515556, 28.566509998133334], [77.0905974744, 28.566532917200004], [77.09058813662222, 28.5665574472], [77.09057813182223, 28.566583588133337], [77.09056746, 28.56661134], [77.09014726, 28.56835444], [77.0899259, 28.56831161]]]}}, {"type": "Feature", "properties": {"name": "New Taxiway 3", "surface_type": "ASPHALT", "smoothness": 0.0, "texture_orientation": 0.0}, "geometry": {"type": "Polygon", "coordinates": [[[77.09658934, 28.56589972], [77.09663294341334, 28.56590215297778], [77.0966745841067, 28.56590290995556], [77.09671451776002, 28.565902132], [77.09675300005334, 28.56589996017778], [77.09679028666669, 28.56589653555556], [77.09682663328, 28.5658919992], [77.09686229557333, 28.565886492177775], [77.09689752922667, 28.56588015555555], [77.09693258992, 28.5658731304], [77.09696773333334, 28.565865557777776], [77.09700321514666, 28.565857578755555], [77.09703929104, 28.5658493344], [77.09707621669334, 28.565840965777777], [77.09711424778666, 28.565832613955553], [77.09715364, 28.56582442], [77.09718125577777, 28.565818526488886], [77.09721055911112, 28.565811603288896], [77.09724155, 28.565803650400003], [77.09727422844445, 28.56579466782222], [77.09730859444446, 28.565784655555557], [77.097344648, 28.5657736136], [77.09738238911112, 28.56576154195556], [77.09742181777779, 28.565748440622222], [77.097462934, 28.565734309600003], [77.09750573777778, 28.56571914888889], [77.0975502291111, 28.565702958488885], [77.097596408, 28.565685738400003], [77.09764427444445, 28.56566748862222], [77.09769382844445, 28.565648209155555], [77.09774507, 28.5656279], [77.09789904, 28.56606364], [77.09785691653333, 28.566097323466668], [77.09781548746666, 28.566131085866665], [77.0977747528, 28.5661649272], [77.09773471253334, 28.56619884746667], [77.09769536666668, 28.566232846666672], [77.0976567152, 28.566266924799997], [77.09761875813334, 28.566301081866662], [77.09758149546667, 28.566335317866667], [77.0975449272, 28.566369632800004], [77.09750905333334, 28.566404026666664], [77.09747387386668, 28.566438499466663], [77.0974393888, 28.5664730512], [77.09740559813332, 28.566507681866668], [77.09737250186667, 28.566542391466665], [77.0973401, 28.56657718], [77.09730382584297, 28.566617738044442], [77.09726942167705, 28.56665836835556], [77.09723693296, 28.566698747200004], [77.09720640514963, 28.56673855084445], [77.09717788370372, 28.56677745555556], [77.09715141408, 28.5668151376], [77.09712704173629, 28.56685127324444], [77.09710481213037, 28.56688553875555], [77.09708477072, 28.566917610399997], [77.09706696296298, 28.566947164444443], [77.09705143431704, 28.566973877155547], [77.09703823024, 28.5669974248], [77.09702739618965, 28.56701748364444], [77.09701897762372, 28.567033729955554], [77.09701302, 28.56704584], [77.09700646440001, 28.567061171600002], [77.09700120560001, 28.567076798400002], [77.0969972436, 28.5670927204], [77.09699457840001, 28.567108937600004], [77.09699321000002, 28.56712545], [77.09699313840001, 28.567142257599997], [77.0969943636, 28.567159360399998], [77.0969968856, 28.567176758400002], [77.0970007044, 28.567194451600002], [77.09700582, 28.56721244], [77.0970122324, 28.567230723599998], [77.09701994160001, 28.567249302400004], [77.0970289476, 28.567268176400002], [77.0970392504, 28.5672873456], [77.09705085, 28.56730681], [77.09746144, 28.5681609], [77.09748426604445, 28.568193580800003], [77.09750687217777, 28.568224732533334], [77.09752925840002, 28.568254355200004], [77.09755142471113, 28.568282448800005], [77.09757337111114, 28.56830901333334], [77.0975950976, 28.568334048800004], [77.09761660417777, 28.568357555200002], [77.09763789084445, 28.568379532533335], [77.09765895760002, 28.568399980800002], [77.09767980444445, 28.5684189], [77.09770043137777, 28.568436290133334], [77.09772083840001, 28.5684521512], [77.09774102551111, 28.5684664832], [77.09776099271112, 28.568479286133336], [77.09778074, 28.56849056], [77.09780065293333, 28.56850092728889], [77.09782111706667, 28.56851101048889], [77.0978421324, 28.5685208096], [77.09786369893334, 28.568530324622227], [77.09788581666668, 28.568539555555557], [77.09790848559999, 28.568548502399995], [77.09793170573334, 28.568557165155557], [77.09795547706666, 28.568565543822224], [77.0979797996, 28.568573638399997], [77.09800467333335, 28.56858144888889], [77.09803009826666, 28.56858897528889], [77.0980560744, 28.5685962176], [77.09808260173334, 28.568603175822222], [77.09810968026667, 28.568609849955557], [77.09813731, 28.56861624], [77.09635196, 28.5686433], [77.09640047751111, 28.568635576088894], [77.09644670471111, 28.56862776435556], [77.0964906416, 28.568619864800006], [77.09653228817778, 28.568611877422228], [77.09657164444445, 28.568603802222228], [77.0966087104, 28.568595639200005], [77.09664348604444, 28.56858738835556], [77.09667597137778, 28.568579049688893], [77.0967061664, 28.568570623200003], [77.09673407111111, 28.56856210888889], [77.0967596855111, 28.568553506755556], [77.0967830096, 28.568544816800003], [77.09680404337777, 28.568536039022227], [77.09682278684444, 28.568527173422225], [77.09683924, 28.56851822], [77.09685363897776, 28.568508984711112], [77.09686621991112, 28.568499273511115], [77.0968769828, 28.568489086400007], [77.09688592764445, 28.568478423377783], [77.09689305444445, 28.568467284444445], [77.09689836319998, 28.568455669600002], [77.0969018539111, 28.568443578844445], [77.09690352657776, 28.568431012177783], [77.09690338120001, 28.5684179696], [77.09690141777779, 28.568404451111114], [77.09689763631111, 28.56839045671111], [77.0968920368, 28.568375986400003], [77.09688461924445, 28.568361040177777], [77.09687538364444, 28.568345618044447], [77.09686433, 28.56832972], [77.09637192, 28.56826608], [77.09028696, 28.5684162], [77.090285746, 28.568364719333335], [77.09028624800001, 28.568315450666674], [77.09028846600002, 28.568268394], [77.09029240000001, 28.568223549333343], [77.09029805, 28.56818091666667], [77.090305416, 28.568140496], [77.090314498, 28.56810228733334], [77.090325296, 28.568066290666664], [77.09033781, 28.568032506], [77.09035204, 28.568000933333337], [77.090367986, 28.56797157266667], [77.090385648, 28.567944424], [77.09040502599998, 28.567919487333334], [77.09042611999999, 28.56789676266667], [77.09044893, 28.56787625], [77.09047261088888, 28.567857322533335], [77.09049631755556, 28.567839353466674], [77.09052005, 28.567822342800003], [77.09054380822222, 28.567806290533337], [77.09056759222221, 28.56779119666667], [77.090591402, 28.567777061199997], [77.09061523755557, 28.567763884133335], [77.09063909888889, 28.567751665466666], [77.090662986, 28.5677404052], [77.09068689888889, 28.567730103333332], [77.09071083755555, 28.567720759866667], [77.09073480200001, 28.5677123748], [77.09075879222223, 28.567704948133333], [77.09078280822223, 28.567698479866667], [77.09080685, 28.56769297], [77.09153406, 28.56806568], [77.09228029, 28.5680657], [77.09644917, 28.56792051], [77.09648644715554, 28.567919632311114], [77.09652125195558, 28.56791880724445], [77.09655358440001, 28.5679180348], [77.0965834444889, 28.56791731497778], [77.09661083222223, 28.567916647777782], [77.0966357476, 28.567916033199996], [77.09665819062222, 28.567915471244447], [77.09667816128889, 28.56791496191111], [77.0966956596, 28.5679145052], [77.09671068555556, 28.567914101111114], [77.09672323915555, 28.567913749644447], [77.0967333204, 28.567913450800003], [77.0967409292889, 28.567913204577778], [77.09674606582223, 28.56791301097778], [77.09674873, 28.56791287], [77.09675905306668, 28.567911353822225], [77.09676801159999, 28.567908562622225], [77.0967756056, 28.567904496400004], [77.09678183506668, 28.567899155155562], [77.09678670000001, 28.567892538888888], [77.0967902004, 28.567884647600003], [77.09679233626667, 28.567875481288887], [77.09679310759999, 28.567865039955556], [77.0967925144, 28.5678533236], [77.09679055666668, 28.567840332222218], [77.0967872344, 28.567826065822217], [77.0967825476, 28.567810524400002], [77.09677649626667, 28.567793707955552], [77.09676908040001, 28.56777561648889], [77.0967603, 28.56775625], [77.09668785, 28.56762888], [77.09664263, 28.56754938], [77.09629661, 28.56694103], [77.09627435142222, 28.566908343466665], [77.09625263435555, 28.566877438533332], [77.0962314588, 28.5668483152], [77.09621082475556, 28.56682097346667], [77.09619073222224, 28.56679541333334], [77.09617118119999, 28.566771634800006], [77.09615217168889, 28.566749637866664], [77.09613370368888, 28.566729422533335], [77.0961157772, 28.5667109888], [77.09609839222222, 28.566694336666668], [77.09608154875556, 28.56667946613333], [77.0960652468, 28.5666663772], [77.09604948635555, 28.566655069866666], [77.09603426742221, 28.566645544133333], [77.09601959, 28.5666378], [77.09600534493335, 28.56663132657778], [77.09599142306668, 28.566625612977777], [77.09597782440001, 28.566620659199998], [77.09596454893334, 28.566616465244447], [77.09595159666668, 28.566613031111117], [77.0959389676, 28.5666103568], [77.09592666173333, 28.566608442311114], [77.09591467906668, 28.566607287644445], [77.0959030196, 28.566606892799996], [77.09589168333335, 28.56660725777778], [77.09588067026667, 28.566608382577776], [77.09586998040001, 28.566610267199998], [77.09585961373334, 28.566612911644444], [77.09584957026667, 28.566616315911112], [77.09583985, 28.56662048], [77.09553694, 28.56604603], [77.09555486142223, 28.566040871066665], [77.09557167102221, 28.566035631600002], [77.09558736880001, 28.5660303116], [77.09560195475555, 28.566024911066666], [77.09561542888889, 28.56601943], [77.09562779119999, 28.5660138684], [77.09563904168888, 28.566008226266664], [77.09564918035555, 28.566002503599996], [77.09565820719999, 28.5659967004], [77.09566612222221, 28.565990816666663], [77.0956729254222, 28.5659848524], [77.0956786168, 28.5659788076], [77.09568319635554, 28.565972682266665], [77.09568666408889, 28.565966476399996], [77.09568902, 28.56596019], [77.09569061128889, 28.565953414577777], [77.09569178515555, 28.565945741644448], [77.0956925416, 28.565937171200005], [77.09569288062224, 28.565927703244448], [77.09569280222223, 28.565917337777783], [77.0956923064, 28.5659060748], [77.09569139315556, 28.56589391431111], [77.0956900624889, 28.56588085631111], [77.09568831440001, 28.565866900799996], [77.0956861488889, 28.56585204777778], [77.09568356595555, 28.565836297244445], [77.0956805656, 28.5658196492], [77.09567714782223, 28.565802103644444], [77.09567331262224, 28.565783660577775], [77.09566906, 28.56576432], [77.09545178, 28.56541612], [77.09544184151113, 28.565397571866665], [77.09543188471112, 28.5653800848], [77.0954219096, 28.5653636588], [77.09541191617778, 28.565348293866666], [77.09540190444446, 28.56533399], [77.09539187440001, 28.565320747199998], [77.09538182604445, 28.565308565466665], [77.09537175937778, 28.565297444799995], [77.0953616744, 28.565287385199994], [77.09535157111111, 28.565278386666666], [77.09534144951112, 28.5652704492], [77.09533130960001, 28.5652635728], [77.09532115137779, 28.565257757466668], [77.09531097484444, 28.5652530032], [77.09530078, 28.56524931], [77.09528952395556, 28.565245840977777], [77.09527616382223, 28.56524175924445], [77.0952606996, 28.5652370648], [77.0952431312889, 28.565231757644444], [77.0952234588889, 28.565225837777778], [77.0952016824, 28.565219305200003], [77.09517780182223, 28.565212159911113], [77.09515181715555, 28.56520440191111], [77.0951237284, 28.565196031200003], [77.09509353555556, 28.565187047777776], [77.09506123862222, 28.565177451644445], [77.0950268376, 28.565167242800005], [77.09499033248889, 28.565156421244446], [77.09495172328889, 28.565144986977778], [77.09491101, 28.56513294], [77.09621613, 28.564829], [77.09619280751113, 28.56485709626667], [77.09617111737778, 28.56488452106667], [77.09615105960002, 28.564911274400004], [77.09613263417779, 28.564937356266668], [77.09611584111113, 28.56496276666667], [77.09610068040001, 28.564987505599998], [77.09608715204445, 28.565011573066666], [77.09607525604443, 28.565034969066666], [77.0960649924, 28.5650576936], [77.09605636111112, 28.56507974666667], [77.09604936217778, 28.56510112826667], [77.09604399560001, 28.565121838400003], [77.09604026137778, 28.565141877066665], [77.09603815951112, 28.56516124426667], [77.09603769, 28.56517994], [77.09604011405334, 28.565210942041485], [77.09604600989336, 28.565248068865188], [77.09605487304002, 28.565290121520004], [77.09606619901335, 28.565335901054816], [77.09607948333336, 28.565384208518523], [77.09609422152, 28.56543384496], [77.09610990909333, 28.565483611428146], [77.09612604157333, 28.565532308971854], [77.09614211448002, 28.56557873864], [77.09615762333334, 28.565621701481486], [77.09617206365333, 28.565659998545186], [77.09618493096, 28.565692430880002], [77.09619572077334, 28.565717799534816], [77.09620392861333, 28.565734905558518], [77.09620905, 28.56574255], [77.09623780655409, 28.56576401569778], [77.0962632336326, 28.565783340648892], [77.09628598736, 28.565800656640004], [77.09630672386075, 28.565816095457784], [77.09632609925929, 28.565829788888898], [77.09634476968, 28.565841868720003], [77.0963633912474, 28.56585246673778], [77.09638262008593, 28.56586171472889], [77.09640311232, 28.565869744480004], [77.09642552407408, 28.56587668777778], [77.09645051147258, 28.56588267640889], [77.09647873064, 28.565887842160002], [77.09651083770075, 28.56589231681778], [77.09654748877925, 28.565896232168893], [77.09658934, 28.56589972]]]}}, {"type": "Feature", "properties": {"name": "New Taxiway 21", "surface_type": "ASPHALT", "smoothness": 0.0, "texture_orientation": 0.0}, "geometry": {"type": "Polygon", "coordinates": [[[77.11580001, 28.56973431], [77.11583443319999, 28.569706068577783], [77.11586703346667, 28.56967889897778], [77.1158978108, 28.569652801200007], [77.1159267652, 28.56962777524445], [77.11595389666667, 28.569603821111116], [77.1159792052, 28.5695809388], [77.1160026908, 28.569559128311113], [77.11602435346666, 28.569538389644443], [77.1160441932, 28.5695187228], [77.11606221000001, 28.56950012777778], [77.11607840386665, 28.56948260457778], [77.1160927748, 28.569466153200004], [77.1161053228, 28.569450773644444], [77.11611604786667, 28.569436465911114], [77.11612495, 28.56942323], [77.11613627361186, 28.569403488139265], [77.11614632262817, 28.56938251191408], [77.11615517232, 28.569360525360004], [77.11616289795853, 28.569337752512602], [77.11616957481485, 28.569314417407412], [77.11617527816, 28.569290744080003], [77.11618008326516, 28.569266956565926], [77.11618406540148, 28.569243278900743], [77.11618729983999, 28.569219935120003], [77.11618986185186, 28.56919714925926], [77.11619182670815, 28.569175145354077], [77.11619326968, 28.569154147440003], [77.11619426603852, 28.569134379552594], [77.1161948910548, 28.56911606572741], [77.11619522, 28.56909943], [77.11619536985185, 28.569081562026668], [77.1161952926815, 28.569059811813336], [77.11619481640001, 28.56903479392], [77.11619376891852, 28.569007122906676], [77.11619197814817, 28.568977413333336], [77.116189272, 28.568946279760002], [77.11618547838518, 28.56891433674667], [77.11618042521481, 28.568882198853334], [77.1161739404, 28.568850480640002], [77.11616585185185, 28.568819796666673], [77.11615598748146, 28.568790761493332], [77.11614417519999, 28.56876398968], [77.1161302429185, 28.568740095786666], [77.11611401854815, 28.568719694373335], [77.11609533, 28.5687034], [77.11607910657777, 28.568694009244446], [77.11605707364444, 28.56868455164444], [77.1160292312, 28.568675027200005], [77.11599557924445, 28.568665435911118], [77.11595611777778, 28.568655777777778], [77.1159108468, 28.5686460528], [77.11585976631112, 28.568636260977776], [77.11580287631111, 28.56862640231111], [77.1157401768, 28.568616476800003], [77.11567166777778, 28.568606484444445], [77.11559734924444, 28.568596425244444], [77.1155172212, 28.5685862992], [77.11543128364444, 28.568576106311113], [77.11533953657778, 28.56856584657778], [77.11524198, 28.56855552], [77.1180275, 28.56847781], [77.11763935, 28.56894904], [77.11761335831112, 28.56898230368889], [77.1175886605778, 28.56901391875556], [77.1175652568, 28.5690438852], [77.11754314697778, 28.569072203022223], [77.11752233111112, 28.569098872222224], [77.1175028092, 28.5691238928], [77.11748458124444, 28.569147264755557], [77.11746764724444, 28.569168988088887], [77.1174520072, 28.5691890628], [77.11743766111113, 28.56920748888889], [77.11742460897779, 28.569224266355555], [77.1174128508, 28.5692393952], [77.11740238657778, 28.569252875422222], [77.1173932163111, 28.56926470702222], [77.11738534, 28.56927489], [77.11737268465777, 28.56929108752], [77.11735677192891, 28.56931115256], [77.11733814976002, 28.569334407840003], [77.11731736609781, 28.56936017608], [77.1172949688889, 28.56938778000001], [77.11727150608, 28.569416542320003], [77.11724752561777, 28.569445785759996], [77.11722357544889, 28.569474833039997], [77.11720020352, 28.56950300688], [77.11717795777778, 28.56952963], [77.11715738616888, 28.56955402512], [77.11713903664, 28.56957551496], [77.11712345713778, 28.569593422239997], [77.11711119560889, 28.56960706968], [77.1171028, 28.56961578], [77.11709819480001, 28.569620214], [77.11709275253334, 28.569625494666667], [77.11708647320002, 28.569631622], [77.1170793568, 28.569638596], [77.11707140333334, 28.569646416666668], [77.1170626128, 28.569655084], [77.11705298519999, 28.569664598], [77.11704252053335, 28.569674958666667], [77.11703121880001, 28.569686166], [77.11701908, 28.56969822], [77.11700610413334, 28.569711120666668], [77.1169922912, 28.569724868], [77.11697764120001, 28.569739462], [77.11696215413333, 28.56975490266667], [77.11694583, 28.56977119], [77.11580001, 28.56973431]], [[77.1170343, 28.56921724], [77.11703724328889, 28.569211770444443], [77.11704302782222, 28.56920271377778], [77.1170516536, 28.56919007], [77.11706312062222, 28.569173839111116], [77.1170774288889, 28.569154021111117], [77.11709457839999, 28.569130616], [77.11711456915556, 28.569103623777778], [77.11713740115555, 28.569073044444444], [77.1171630744, 28.569038878], [77.11719158888889, 28.569001124444444], [77.11722294462223, 28.56895978377778], [77.11725714159999, 28.568914856], [77.11729417982222, 28.56886634111111], [77.1173340592889, 28.56881423911111], [77.11737678, 28.56875855], [77.11739026382223, 28.56873803991111], [77.11740255528889, 28.568718621644443], [77.11741365440001, 28.568700295200006], [77.11742356115556, 28.56868306057778], [77.11743227555557, 28.56866691777778], [77.1174397976, 28.5686518668], [77.1174461272889, 28.568637907644444], [77.11745126462222, 28.56862504031111], [77.1174552096, 28.568613264800003], [77.11745796222222, 28.568602581111115], [77.11745952248889, 28.568592989244443], [77.1174598904, 28.568584489200003], [77.11745906595556, 28.568577080977782], [77.11745704915555, 28.56857076457778], [77.11745384, 28.56856554], [77.11744871546667, 28.568561006133336], [77.11744095253333, 28.56855676186667], [77.1174305512, 28.568552807200007], [77.11741751146668, 28.568549142133335], [77.11740183333335, 28.568545766666666], [77.1173835168, 28.5685426808], [77.11736256186666, 28.568539884533337], [77.11733896853333, 28.568537377866665], [77.1173127368, 28.5685351608], [77.11728386666667, 28.568533233333333], [77.11725235813333, 28.568531595466666], [77.11721821120001, 28.568530247200002], [77.11718142586668, 28.568529188533333], [77.11714200213333, 28.568528419466666], [77.11709994, 28.56852794], [77.1170579412889, 28.568529345422228], [77.11701870782223, 28.568530884355557], [77.11698223960002, 28.568532556799997], [77.11694853662223, 28.568534362755557], [77.1169175988889, 28.568536302222228], [77.11688942640001, 28.5685383752], [77.11686401915557, 28.56854058168889], [77.11684137715557, 28.56854292168889], [77.11682150040001, 28.5685453952], [77.11680438888891, 28.568548002222226], [77.11679004262223, 28.568550742755555], [77.1167784616, 28.568553616800003], [77.11676964582222, 28.568556624355555], [77.1167635952889, 28.568559765422222], [77.11676031, 28.56856304], [77.11675842004445, 28.56856674897778], [77.1167565555111, 28.568571193244445], [77.11675471640001, 28.568576372800003], [77.11675290271113, 28.568582287644446], [77.11675111444447, 28.56858893777778], [77.1167493516, 28.568596323199998], [77.11674761417777, 28.56860444391111], [77.11674590217778, 28.568613299911114], [77.1167442156, 28.5686228912], [77.11674255444444, 28.56863321777778], [77.11674091871112, 28.568644279644445], [77.1167393084, 28.568656076800004], [77.11673772351111, 28.568668609244444], [77.11673616404445, 28.568681876977777], [77.11673463, 28.56869588], [77.11662332, 28.56927239], [77.11661853746668, 28.569295806533336], [77.11661484586666, 28.569317930799993], [77.1166122452, 28.569338762800005], [77.11661073546667, 28.569358302533338], [77.11661031666668, 28.56937655], [77.11661098879998, 28.5693935052], [77.11661275186665, 28.569409168133333], [77.11661560586667, 28.569423538800002], [77.1166195508, 28.5694366172], [77.11662458666666, 28.569448403333332], [77.11663071346666, 28.5694588972], [77.1166379312, 28.5694680988], [77.11664623986667, 28.569476008133336], [77.11665563946666, 28.569482625200003], [77.11666613, 28.56948795], [77.11668509901631, 28.569490957505188], [77.11670836026371, 28.569486612441484], [77.11673510704001, 28.569475917440005], [77.11676453264296, 28.56945987513186], [77.11679583037039, 28.569439488148152], [77.11682819352, 28.56941575912], [77.11686081538963, 28.56938969067852], [77.11689288927704, 28.569362285454815], [77.11692360848, 28.569334546080004], [77.11695216629631, 28.56930747518519], [77.1169777560237, 28.569282075401482], [77.11699957096, 28.569259349360003], [77.11701680440297, 28.569240299691852], [77.11702864965038, 28.56922592902815], [77.1170343, 28.56921724]]]}}, {"type": "Feature", "properties": {"name": "TW-D3", "surface_type": "ASPHALT", "smoothness": 0.0, "texture_orientation": 0.0}, "geometry": {"type": "Polygon", "coordinates": [[[77.10842935, 28.56991026], [77.108484204, 28.569892002844444], [77.10853636333334, 28.569874407377778], [77.10858582800002, 28.569857473600006], [77.10863259800001, 28.569841201511114], [77.10867667333335, 28.569825591111115], [77.108718054, 28.569810642400004], [77.10875674000002, 28.569796355377783], [77.10879273133334, 28.569782730044444], [77.10882602800001, 28.5697697664], [77.10885663, 28.56975746444445], [77.10888453733334, 28.56974582417778], [77.10890975, 28.569734845600003], [77.108932268, 28.569724528711113], [77.10895209133335, 28.569714873511113], [77.10896922, 28.56970588], [77.10899483993188, 28.569691378130376], [77.10902399332149, 28.569674065842968], [77.10905613656001, 28.569654251120006], [77.10909072603853, 28.569632241943708], [77.10912721814817, 28.569608346296302], [77.10916506928001, 28.56958287216001], [77.10920373582519, 28.569556127517036], [77.10924267417481, 28.56952842034963], [77.10928134072002, 28.569500058640003], [77.10931919185187, 28.569471350370375], [77.1093556839615, 28.569442603522962], [77.10939027344001, 28.56941412608], [77.10942241667853, 28.569386226023706], [77.10945157006816, 28.569359211336298], [77.10947719, 28.56933339], [77.10950161317926, 28.56930629545482], [77.10952712370074, 28.569275681905193], [77.10955309904001, 28.569242188480004], [77.10957891667262, 28.569206454308155], [77.10960395407409, 28.569169118518527], [77.10962758871999, 28.569130820240005], [77.10964919808593, 28.56909219860148], [77.10966815964741, 28.569053892731855], [77.10968385088, 28.569016541760003], [77.10969564925925, 28.56898078481482], [77.10970293226072, 28.568947261025187], [77.10970507735999, 28.568916609520002], [77.10970146203259, 28.56888946942815], [77.10969146375407, 28.56886647987852], [77.10967446, 28.56884828], [77.10965723133333, 28.568837904533336], [77.109633164, 28.56882756746667], [77.10960225800001, 28.568817268800004], [77.10956451333334, 28.568807008533334], [77.10951993, 28.568796786666674], [77.109468508, 28.568786603200003], [77.10941024733333, 28.568776458133332], [77.10934514799999, 28.568766351466664], [77.10927321, 28.5687562832], [77.10919443333333, 28.568746253333337], [77.109108818, 28.568736261866665], [77.109016364, 28.568726308800002], [77.10891707133334, 28.568716394133332], [77.10881094, 28.568706517866666], [77.10869797, 28.56869668], [77.11123781, 28.56863171], [77.11117805946668, 28.568634405644445], [77.11112111453333, 28.568637871244448], [77.11106697520002, 28.5686421068], [77.11101564146668, 28.568647112311112], [77.11096711333333, 28.56865288777778], [77.1109213908, 28.568659433200004], [77.11087847386666, 28.56866674857778], [77.11083836253334, 28.56867483391111], [77.1108010568, 28.5686836892], [77.11076655666666, 28.568693314444445], [77.11073486213333, 28.568703709644446], [77.1107059732, 28.5687148748], [77.11067988986666, 28.568726809911112], [77.11065661213334, 28.568739514977782], [77.11063614, 28.56875299], [77.11061645693334, 28.568767735511113], [77.11059554639999, 28.568784252044445], [77.1105734084, 28.568802539600007], [77.11055004293333, 28.568822598177785], [77.11052545000001, 28.56884442777778], [77.1104996296, 28.568868028400004], [77.11047258173333, 28.56889340004445], [77.1104443064, 28.568920542711112], [77.11041480360001, 28.5689494564], [77.11038407333334, 28.568980141111112], [77.1103521156, 28.569012596844445], [77.1103189304, 28.5690468236], [77.11028451773333, 28.569082821377776], [77.1102488776, 28.56912059017778], [77.11021201, 28.56916013], [77.11017952737778, 28.569195359111113], [77.11014914884446, 28.569229433111115], [77.11012087440001, 28.569262352], [77.11009470404446, 28.56929411577778], [77.1100706377778, 28.56932472444445], [77.1100486756, 28.569354178], [77.11002881751111, 28.569382476444446], [77.11001106351111, 28.56940961977778], [77.1099954136, 28.569435608], [77.10998186777778, 28.56946044111111], [77.10997042604444, 28.569484119111113], [77.1099610884, 28.569506642], [77.10995385484443, 28.569528009777777], [77.10994872537779, 28.569548222444446], [77.1099457, 28.56956728], [77.10994448631112, 28.569585835333335], [77.10994479191112, 28.569604541333334], [77.1099466168, 28.569623398], [77.10994996097779, 28.569642405333337], [77.10995482444446, 28.569661563333334], [77.10996120719999, 28.569680872], [77.10996910924445, 28.569700331333337], [77.10997853057778, 28.569719941333332], [77.1099894712, 28.569739702], [77.11000193111111, 28.569759613333332], [77.1100159103111, 28.569779675333336], [77.1100314088, 28.569799888], [77.11004842657778, 28.569820251333336], [77.11006696364444, 28.569840765333335], [77.11008702, 28.56986143], [77.10842935, 28.56991026]]]}}, {"type": "Feature", "properties": {"name": "TW-D4", "surface_type": "ASPHALT", "smoothness": 0.0, "texture_orientation": 0.0}, "geometry": {"type": "Polygon", "coordinates": [[[77.09778227, 28.5701512], [77.09779154484445, 28.5701351024], [77.09780018004444, 28.570119630933338], [77.09780817560001, 28.570104785600005], [77.09781553151112, 28.5700905664], [77.09782224777778, 28.570076973333336], [77.0978283244, 28.5700640064], [77.09783376137777, 28.570051665599998], [77.0978385587111, 28.57003995093333], [77.09784271640001, 28.5700288624], [77.09784623444443, 28.5700184], [77.09784911284444, 28.57000856373333], [77.0978513516, 28.5699993536], [77.0978529507111, 28.569990769600004], [77.09785391017778, 28.569982811733333], [77.09785423, 28.56997548], [77.0978541412, 28.569968305422222], [77.09785387479998, 28.569960819022224], [77.0978534308, 28.569953020800007], [77.0978528092, 28.56994491075556], [77.09785201, 28.569936488888896], [77.0978510332, 28.569927755200002], [77.0978498788, 28.56991870968889], [77.0978485468, 28.569909352355555], [77.0978470372, 28.5698996832], [77.09784535, 28.569889702222223], [77.0978434852, 28.56987940942222], [77.0978414428, 28.569868804800002], [77.0978392228, 28.569857888355557], [77.0978368252, 28.569846660088892], [77.09783425, 28.56983512], [77.09749176, 28.56928618], [77.09748239506668, 28.569267161466666], [77.0974720576, 28.569248759199997], [77.09746074760001, 28.5692309732], [77.09744846506666, 28.56921380346667], [77.09743521, 28.56919725], [77.0974209824, 28.569181312799998], [77.09740578226666, 28.569165991866665], [77.0973896096, 28.5691512872], [77.0973724644, 28.5691371988], [77.09735434666666, 28.569123726666668], [77.0973352564, 28.569110870799996], [77.0973151936, 28.5690986312], [77.09729415826666, 28.569087007866667], [77.0972721504, 28.5690760008], [77.09724917, 28.56906561], [77.09722556804445, 28.56905594328889], [77.0972016955111, 28.56904710848889], [77.09717755240001, 28.5690391056], [77.09715313871112, 28.569031934622224], [77.09712845444446, 28.569025595555555], [77.0971034996, 28.569020088400002], [77.09707827417779, 28.569015413155554], [77.09705277817777, 28.569011569822223], [77.0970270116, 28.5690085584], [77.09700097444446, 28.569006378888886], [77.0969746667111, 28.56900503128889], [77.0969480884, 28.5690045156], [77.09692123951112, 28.56900483182222], [77.09689412004445, 28.569005979955556], [77.09686673, 28.56900796], [77.09639341, 28.56900421], [77.09639683, 28.56893202], [77.09902722, 28.56891772], [77.09836509, 28.56900044], [77.09834057146666, 28.569002267466665], [77.09831724520001, 28.5690050752], [77.0982951112, 28.5690088632], [77.09827416946668, 28.56901363146667], [77.09825442000002, 28.56901938], [77.0982358628, 28.569026108799996], [77.09821849786668, 28.56903381786666], [77.0982023252, 28.569042507199995], [77.09818734480001, 28.569052176799993], [77.09817355666667, 28.569062826666663], [77.0981609608, 28.569074456799996], [77.09814955720002, 28.569087067199998], [77.09813934586667, 28.569100657866663], [77.0981303268, 28.5691152288], [77.0981225, 28.56913078], [77.09811573866665, 28.569147099866665], [77.09810991600001, 28.569163976800006], [77.09810503200002, 28.569181410800002], [77.09810108666667, 28.56919940186667], [77.09809808000001, 28.56921795], [77.098096012, 28.569237055200006], [77.09809488266667, 28.56925671746667], [77.09809469199999, 28.5692769368], [77.09809544, 28.5692977132], [77.09809712666666, 28.56931904666667], [77.098099752, 28.5693409372], [77.098103316, 28.569363384800003], [77.09810781866666, 28.569386389466665], [77.09811326, 28.5694099512], [77.09811964, 28.56943407], [77.09831086, 28.56993788], [77.0983334135111, 28.56996081128889], [77.09835467404444, 28.569982322488887], [77.0983746416, 28.570002413600005], [77.09839331617778, 28.570021084622226], [77.0984106977778, 28.57003833555556], [77.0984267864, 28.5700541664], [77.09844158204444, 28.570068577155553], [77.0984550847111, 28.570081567822218], [77.0984672944, 28.5700931384], [77.09847821111111, 28.570103288888888], [77.09848783484445, 28.570112019288885], [77.0984961656, 28.5701193296], [77.09850320337779, 28.57012521982222], [77.09850894817778, 28.570129689955554], [77.0985134, 28.57013274], [77.09851370217778, 28.570135006044442], [77.09850699804446, 28.570137124177776], [77.09849328760001, 28.570139094399998], [77.09847257084446, 28.570140916711114], [77.09844484777778, 28.57014259111111], [77.09841011840001, 28.5701441176], [77.09836838271112, 28.570145496177776], [77.09831964071111, 28.570146726844445], [77.0982638924, 28.5701478096], [77.09820113777778, 28.570148744444445], [77.09813137684444, 28.57014953137778], [77.0980546096, 28.5701501704], [77.09797083604444, 28.570150661511114], [77.09788005617777, 28.570151004711114], [77.09778227, 28.5701512]]]}}, {"type": "Feature", "properties": {"name": "TW-D5", "surface_type": "ASPHALT", "smoothness": 0.0, "texture_orientation": 0.0}, "geometry": {"type": "Polygon", "coordinates": [[[77.09231447, 28.56947644], [77.09133156, 28.56902225], [77.09484873, 28.5689596], [77.09639683, 28.56893202], [77.09639341, 28.56900421], [77.09631934320002, 28.569005478266668], [77.09624966013335, 28.569006880400003], [77.09618436080001, 28.569008416400003], [77.0961234452, 28.569010086266672], [77.09606691333335, 28.56901189], [77.09601476520001, 28.569013827600003], [77.0959670008, 28.56901589906667], [77.09592362013333, 28.5690181044], [77.0958846232, 28.569020443600003], [77.09585001, 28.56902291666667], [77.09581978053333, 28.5690255236], [77.0957939348, 28.569028264400004], [77.09577247280001, 28.569031139066666], [77.09575539453334, 28.5690341476], [77.0957427, 28.56903729], [77.0957241624889, 28.56904202357926], [77.09570061404443, 28.56904675676741], [77.09567288880002, 28.56905173024], [77.0956418208889, 28.569057184672594], [77.09560824444446, 28.56906336074075], [77.09557299360002, 28.56907049912], [77.09553690248889, 28.569078840485922], [77.09550080524443, 28.56908862551407], [77.095465536, 28.569100094880007], [77.0954319288889, 28.569113489259262], [77.09540081804444, 28.569129049327405], [77.09537303760001, 28.569147015760002], [77.09534942168888, 28.569167629232595], [77.09533080444444, 28.56919113042074], [77.09531802, 28.56921776], [77.0953134684889, 28.569236729644448], [77.09531260062222, 28.569255939911116], [77.09531541640001, 28.569275390800005], [77.09532191582223, 28.569295082311115], [77.09533209888889, 28.56931501444445], [77.09534596559999, 28.569335187200004], [77.09536351595555, 28.56935560057778], [77.09538474995556, 28.569376254577776], [77.0954096676, 28.5693971492], [77.09543826888888, 28.569418284444446], [77.09547055382222, 28.56943966031111], [77.0955065224, 28.569461276800006], [77.09554617462221, 28.569483133911113], [77.09558951048889, 28.56950523164445], [77.09563653, 28.56952757], [77.09573577244444, 28.56956677737778], [77.09582892644445, 28.569603391511116], [77.095915992, 28.569637412400006], [77.09599696911111, 28.569668840044447], [77.09607185777779, 28.56969767444445], [77.09614065800001, 28.5697239156], [77.09620336977778, 28.56974756351111], [77.09625999311112, 28.569768618177775], [77.096310528, 28.569787079599998], [77.09635497444445, 28.569802947777777], [77.09639333244445, 28.56981622271111], [77.09642560200001, 28.569826904400003], [77.0964517831111, 28.56983499284444], [77.09647187577778, 28.569840488044445], [77.09648588, 28.56984339], [77.09649523077927, 28.56984525090371], [77.09650930276742, 28.569848706829628], [77.09652782544002, 28.56985359760001], [77.0965505282726, 28.569859763037044], [77.09657714074076, 28.569867042962972], [77.09660739232002, 28.569875277200005], [77.09664101248593, 28.569884305570373], [77.09667773071408, 28.5698939678963], [77.09671727648002, 28.569904104], [77.09675937925927, 28.569914553703704], [77.09680376852741, 28.569925156829626], [77.09685017376002, 28.569935753200003], [77.0968983244326, 28.569946182637036], [77.09694795002075, 28.569956284962963], [77.09699878, 28.5699659], [77.09704638582222, 28.569973205777778], [77.0970945712889, 28.569981288444446], [77.09714333640002, 28.569990148], [77.09719268115556, 28.569999784444448], [77.09724260555556, 28.570010197777783], [77.0972931096, 28.570021388], [77.09734419328889, 28.570033355111114], [77.09739585662223, 28.57004609911111], [77.0974480996, 28.57005962], [77.09750092222222, 28.570073917777783], [77.0975543244889, 28.570088992444447], [77.0976083064, 28.570104844], [77.09766286795556, 28.570121472444445], [77.09771800915556, 28.57013887777778], [77.09777373, 28.57015706], [77.09612406, 28.57019069], [77.09448579, 28.56938019], [77.09441790217777, 28.56935167595556], [77.09435214537778, 28.56932468582222], [77.09428851960001, 28.569299219600005], [77.09422702484446, 28.569275277288895], [77.09416766111113, 28.56925285888889], [77.0941104284, 28.5692319644], [77.09405532671111, 28.56921259382222], [77.09400235604446, 28.569194747155557], [77.09395151640001, 28.5691784244], [77.0939028077778, 28.569163625555554], [77.09385623017778, 28.569150350622223], [77.09381178360002, 28.5691385996], [77.09376946804446, 28.569128372488887], [77.09372928351112, 28.569119669288888], [77.09369123, 28.56911249], [77.09363429795556, 28.56910369034963], [77.09357487577779, 28.569096479197036], [77.09351357840002, 28.569090760240005], [77.0934510207556, 28.569086437176303], [77.09338781777781, 28.569083413703712], [77.09332458440002, 28.569081593520004], [77.09326193555555, 28.569080880322964], [77.09320048617778, 28.56908117781037], [77.0931408512, 28.569082389680005], [77.09308364555557, 28.569084419629633], [77.09302948417778, 28.56908717135704], [77.092978982, 28.569090548560006], [77.09293275395557, 28.569094454936298], [77.09289141497779, 28.56909879418371], [77.09285558, 28.56910347], [77.09281977438519, 28.56910845946074], [77.0927788238815, 28.569113871552595], [77.09273379400001, 28.569119807840003], [77.09268575025187, 28.56912636988741], [77.09263575814816, 28.569133659259265], [77.09258488319999, 28.56914177752], [77.09253419091853, 28.569150826234072], [77.09248474681482, 28.569160906965926], [77.0924376164, 28.56917212128], [77.0923938651852, 28.569184570740745], [77.09235455868148, 28.569198356912594], [77.0923207624, 28.569213581360003], [77.09229354185186, 28.56923034564741], [77.09227396254815, 28.56924875133926], [77.09226309, 28.5692689], [77.09225948297778, 28.569282922666666], [77.09225688057779, 28.569296918666666], [77.09225528280001, 28.569310888], [77.09225468964446, 28.569324830666673], [77.09225510111114, 28.56933874666667], [77.0922565172, 28.569352636], [77.09225893791111, 28.569366498666664], [77.09226236324444, 28.569380334666665], [77.0922667932, 28.569394144], [77.09227222777778, 28.569407926666663], [77.09227866697779, 28.569421682666665], [77.0922861108, 28.569435412], [77.09229455924445, 28.569449114666668], [77.09230401231112, 28.569462790666666], [77.09231447, 28.56947644]]]}}, {"type": "Feature", "properties": {"name": "TW-D4", "surface_type": "ASPHALT", "smoothness": 0.0, "texture_orientation": 0.0}, "geometry": {"type": "Polygon", "coordinates": [[[77.09052707, 28.56916645], [77.09053528, 28.56909583], [77.09131517, 28.56906951], [77.09133113, 28.56902027], [77.09286539, 28.56972604], [77.09293213555556, 28.56974944888889], [77.09299538022223, 28.569771547555558], [77.09305512400002, 28.569792336], [77.0931113668889, 28.569811814222227], [77.09316410888891, 28.569829982222227], [77.09321335000001, 28.56984684], [77.09325909022223, 28.569862387555553], [77.09330132955557, 28.56987662488889], [77.093340068, 28.569889552], [77.09337530555557, 28.56990116888889], [77.09340704222222, 28.569911475555557], [77.09343527800002, 28.569920472], [77.0934600128889, 28.569928158222226], [77.0934812468889, 28.569934534222224], [77.09349898, 28.5699396], [77.09351880671113, 28.569944980622225], [77.09354632151111, 28.569952301155556], [77.09358152440001, 28.569961561600007], [77.09362441537779, 28.569972761955558], [77.09367499444447, 28.569985902222232], [77.0937332616, 28.5700009824], [77.09379921684445, 28.57001800248889], [77.09387286017778, 28.570036962488892], [77.09395419159999, 28.570057862400002], [77.09404321111111, 28.570080702222224], [77.09413991871111, 28.570105481955554], [77.0942443144, 28.570132201600003], [77.09435639817778, 28.570160861155554], [77.09447617004444, 28.570191460622222], [77.09460363, 28.570224], [77.09304136, 28.57026119], [77.09115641, 28.56933502], [77.0911303216889, 28.56932286871111], [77.09110502475555, 28.569311278844452], [77.09108051919999, 28.569300250400005], [77.09105680502223, 28.56928978337778], [77.09103388222222, 28.569279877777777], [77.09101175079999, 28.569270533600005], [77.09099041075555, 28.569261750844447], [77.09096986208888, 28.56925352951111], [77.0909501048, 28.569245869600003], [77.09093113888889, 28.56923877111111], [77.09091296435554, 28.569232234044446], [77.09089558119999, 28.569226258400004], [77.09087898942221, 28.569220844177778], [77.09086318902222, 28.569215991377778], [77.09084818, 28.5692117], [77.09083405377778, 28.569207823022225], [77.09082090177779, 28.569204213422225], [77.090808724, 28.569200871200003], [77.09079752044445, 28.56919779635556], [77.09078729111113, 28.569194988888892], [77.09077803599999, 28.569192448799996], [77.0907697551111, 28.569190176088888], [77.09076244844445, 28.569188170755552], [77.090756116, 28.569186432799995], [77.09075075777778, 28.569184962222224], [77.09074637377776, 28.569183759022224], [77.090742964, 28.569182823200002], [77.09074052844444, 28.569182154755552], [77.0907390671111, 28.569181753688888], [77.09073858, 28.56918162], [77.09052707, 28.56916645]]]}}, {"type": "Feature", "properties": {"name": "TW-D", "surface_type": "ASPHALT", "smoothness": 0.0, "texture_orientation": 0.0}, "geometry": {"type": "Polygon", "coordinates": [[[77.09057676, 28.56871086], [77.09059665506666, 28.568712206355556], [77.09061570293335, 28.568713552088894], [77.09063390360001, 28.568714897200003], [77.09065125706668, 28.568716241688886], [77.09066776333336, 28.568717585555557], [77.09068342240002, 28.568718928800003], [77.09069823426668, 28.568720271422222], [77.09071219893335, 28.56872161342222], [77.09072531640001, 28.568722954799995], [77.09073758666668, 28.568724295555555], [77.09074900973334, 28.568725635688885], [77.09075958560001, 28.5687269752], [77.09076931426668, 28.568728314088887], [77.09077819573335, 28.568729652355557], [77.09078623, 28.56873099], [77.09079456368889, 28.568732327333333], [77.09080434342222, 28.568733664666667], [77.0908155692, 28.568735002], [77.09082824102225, 28.568736339333334], [77.0908423588889, 28.568737676666668], [77.09085792280001, 28.568739014], [77.09087493275555, 28.568740351333332], [77.09089338875556, 28.568741688666666], [77.0909132908, 28.568743026], [77.09093463888888, 28.568744363333334], [77.09095743302223, 28.568745700666668], [77.0909816732, 28.568747038], [77.09100735942224, 28.568748375333332], [77.0910344916889, 28.56874971266667], [77.09106307, 28.56875105], [77.0986749, 28.56858682], [77.10754776, 28.56840996], [77.10773111, 28.56840033], [77.10857929, 28.56835582], [77.10978156, 28.56833149], [77.11340674, 28.56825816], [77.11500275, 28.56822588], [77.11686444, 28.56818256], [77.11779323, 28.56816452], [77.11880519, 28.56813608], [77.11880519, 28.56845226], [77.11730599, 28.56852156], [77.11181708, 28.56862118], [77.1087052, 28.56870347], [77.09913282, 28.56892004], [77.09484873, 28.5689596], [77.09133113, 28.56902027], [77.09131517, 28.56906951], [77.09053528, 28.56909583], [77.09057676, 28.56871086]]]}}, {"type": "Feature", "properties": {"name": "TW-D9-D7", "surface_type": "ASPHALT", "smoothness": 0.0, "texture_orientation": 0.0}, "geometry": {"type": "Polygon", "coordinates": [[[77.08805596, 28.57038134], [77.0873379, 28.56963724], [77.08732105817776, 28.569619288888887], [77.08730450871111, 28.569602011555556], [77.08728825160001, 28.569585408], [77.08727228684445, 28.569569478222224], [77.08725661444446, 28.56955422222223], [77.08724123440001, 28.56953964], [77.08722614671112, 28.569525731555558], [77.08721135137777, 28.56951249688889], [77.0871968484, 28.569499936], [77.08718263777777, 28.569488048888893], [77.08716871951111, 28.569476835555555], [77.0871550936, 28.569466296], [77.08714176004445, 28.56945643022222], [77.08712871884445, 28.569447238222224], [77.08711597, 28.56943872], [77.08710212524444, 28.56943031408889], [77.0870857963111, 28.569421459022227], [77.08706698320002, 28.569412154800006], [77.08704568591111, 28.56940240142222], [77.08702190444444, 28.56939219888889], [77.08699563879999, 28.569381547200003], [77.08696688897778, 28.569370446355556], [77.08693565497778, 28.569358896355553], [77.08690193679999, 28.5693468972], [77.08686573444444, 28.56933444888889], [77.0868270479111, 28.569321551422224], [77.0867858772, 28.569308204800002], [77.0867422223111, 28.569294409022223], [77.08669608324445, 28.56928016408889], [77.08664746, 28.56926547], [77.08663924, 28.56917162], [77.08814341, 28.56914636], [77.09053528, 28.56909583], [77.09052707, 28.56916645], [77.09049215724446, 28.569172112888893], [77.09045917897777, 28.569177944222226], [77.0904281352, 28.569183944], [77.0903990259111, 28.569190112222227], [77.09037185111112, 28.569196448888896], [77.0903466108, 28.569202954], [77.09032330497777, 28.569209627555555], [77.09030193364444, 28.569216469555556], [77.09028249679999, 28.56922348], [77.09026499444444, 28.56923065888889], [77.09024942657777, 28.56923800622222], [77.0902357932, 28.569245522], [77.09022409431111, 28.569253206222225], [77.0902143299111, 28.56926105888889], [77.0902065, 28.56926908], [77.09019081026666, 28.569287945555555], [77.0901755224, 28.569307003555558], [77.0901606364, 28.569326254], [77.09014615226667, 28.569345696888895], [77.09013207000001, 28.569365332222226], [77.09011838960001, 28.56938516], [77.09010511106666, 28.569405180222223], [77.0900922344, 28.56942539288889], [77.0900797596, 28.569445798], [77.09006768666666, 28.56946639555555], [77.0900560156, 28.569487185555552], [77.0900447464, 28.569508168], [77.09003387906667, 28.56952934288889], [77.09002341360001, 28.569550710222224], [77.09001335, 28.56957227], [77.08984315, 28.57033328], [77.08805596, 28.57038134]], [[77.08844753, 28.5694315], [77.08844030005629, 28.56941788561481], [77.08843035205037, 28.56940449585186], [77.08841803672001, 28.56939136280001], [77.08840370480297, 28.569378518548156], [77.08838770703704, 28.56936599518519], [77.08837039416, 28.569353824800004], [77.08835211690962, 28.569342039481477], [77.0883332260237, 28.569330671318525], [77.08831407224, 28.569319752400006], [77.08829500629629, 28.569309314814817], [77.08827637893036, 28.569299390651853], [77.08825854087999, 28.569290012], [77.08824184288297, 28.56928121094815], [77.08822663567703, 28.56927301958519], [77.08821327, 28.56926547], [77.0881994307348, 28.56925947432593], [77.08818288067853, 28.56925580780741], [77.08816408744002, 28.569254297200008], [77.08814351862816, 28.569254769259263], [77.08812164185187, 28.569257050740745], [77.08809892471999, 28.569260968400002], [77.08807583484148, 28.569266348992592], [77.08805283982518, 28.569273019274075], [77.08803040728, 28.569280806], [77.08800900481482, 28.569289535925925], [77.0879891000385, 28.569299035807404], [77.08797116055999, 28.5693091324], [77.08795565398815, 28.569319652459264], [77.08794304793184, 28.56933042274074], [77.08793381, 28.56934127], [77.08792696243556, 28.56935257184296], [77.08792122548445, 28.569364791410376], [77.08791661376002, 28.56937788376001], [77.08791314187557, 28.569391803949628], [77.08791082444445, 28.56940650703704], [77.08790967608, 28.56942194808], [77.08790971139554, 28.56943808213629], [77.08791094500444, 28.5694548642637], [77.08791339152, 28.569472249519997], [77.08791706555556, 28.569490192962963], [77.08792198172443, 28.569508649650366], [77.08792815464, 28.569527574640006], [77.08793559891556, 28.56954692298963], [77.08794432916444, 28.569566649757036], [77.08795436, 28.56958671], [77.08796197715557, 28.569600329066667], [77.08797058062221, 28.569614236933333], [77.08798017039999, 28.569628433600002], [77.0879907464889, 28.569642919066666], [77.08800230888889, 28.569657693333337], [77.0880148576, 28.569672756400003], [77.08802839262222, 28.569688108266668], [77.08804291395556, 28.569703748933332], [77.08805842160001, 28.569719678400002], [77.08807491555555, 28.569735896666668], [77.08809239582223, 28.569752403733332], [77.0881108624, 28.569769199600003], [77.08813031528888, 28.569786284266666], [77.0881507544889, 28.56980365773333], [77.08817218, 28.56982132], [77.08845164, 28.57004149], [77.0884528833778, 28.570040977866668], [77.08845441884445, 28.570040401466663], [77.08845624640001, 28.570039760800004], [77.08845836604445, 28.57003905586667], [77.08846077777778, 28.57003828666667], [77.0884634816, 28.5700374532], [77.08846647751112, 28.57003655546667], [77.08846976551112, 28.57003559346667], [77.0884733456, 28.5700345672], [77.08847721777778, 28.57003347666667], [77.08848138204445, 28.57003232186667], [77.0884858384, 28.5700311028], [77.08849058684444, 28.57002981946667], [77.0884956273778, 28.570028471866667], [77.08850096, 28.57002706], [77.08850779608001, 28.57001843873778], [77.08851203877335, 28.569998036302227], [77.08851394376003, 28.569967546720004], [77.08851376672001, 28.56992866401778], [77.08851176333336, 28.569883082222233], [77.08850818928, 28.569832495360004], [77.08850330024, 28.56977859745777], [77.08849735189335, 28.569723082542225], [77.08849059992001, 28.569667644640003], [77.0884833, 28.56961397777778], [77.08847570781333, 28.569563775982225], [77.08846807904, 28.56951873328], [77.08846066936, 28.56948054369778], [77.08845373445332, 28.569450901262222], [77.08844753, 28.5694315]], [[77.08948319, 28.56975996], [77.08948529066664, 28.569752805644445], [77.08948720866667, 28.569743854577776], [77.089488944, 28.5697331068], [77.08949049666668, 28.569720562311115], [77.08949186666668, 28.56970622111111], [77.089493054, 28.5696900832], [77.08949405866667, 28.56967214857778], [77.08949488066666, 28.56965241724445], [77.08949552000001, 28.569630889200003], [77.08949597666667, 28.569607564444446], [77.08949625066667, 28.569582442977776], [77.089496342, 28.569555524800002], [77.08949625066667, 28.56952680991111], [77.08949597666667, 28.569496298311112], [77.08949552, 28.56946399], [77.0894817287111, 28.56943837088889], [77.08946775484445, 28.569414452222226], [77.0894535984, 28.569392234], [77.08943925937778, 28.56937171622222], [77.08942473777778, 28.569352898888894], [77.08941003359999, 28.569335782], [77.08939514684444, 28.569320365555555], [77.08938007751111, 28.569306649555557], [77.0893648256, 28.569294634], [77.08934939111111, 28.56928431888889], [77.08933377404445, 28.56927570422222], [77.0893179744, 28.56926879], [77.08930199217778, 28.569263576222223], [77.08928582737778, 28.56926006288889], [77.08926948, 28.56925825], [77.08925309613333, 28.569258057333336], [77.08923682186666, 28.569259404666667], [77.08922065720002, 28.569262292], [77.08920460213334, 28.56926671933334], [77.08918865666668, 28.569272686666668], [77.0891728208, 28.569280194], [77.08915709453333, 28.56928924133333], [77.08914147786666, 28.569299828666665], [77.0891259708, 28.569311956], [77.08911057333333, 28.569325623333334], [77.08909528546666, 28.56934083066667], [77.0890801072, 28.569357578], [77.08906503853333, 28.569375865333335], [77.08905007946666, 28.569395692666667], [77.08903523, 28.56941706], [77.0890299144, 28.569450844400002], [77.08902492760001, 28.569482896266667], [77.0890202696, 28.569513215600004], [77.08901594039999, 28.569541802400003], [77.08901194, 28.56956865666667], [77.0890082684, 28.5695937784], [77.0890049256, 28.5696171676], [77.0890019116, 28.56963882426667], [77.08899922639999, 28.569658748400002], [77.08899686999999, 28.56967694], [77.08899484239998, 28.569693399066665], [77.0889931436, 28.569708125600002], [77.08899177359999, 28.569721119600004], [77.0889907324, 28.569732381066668], [77.08899002, 28.56974191], [77.0889897824889, 28.5697512304], [77.08899016595555, 28.569761866266667], [77.0889911704, 28.569773817600005], [77.08899279582222, 28.569787084400005], [77.08899504222224, 28.56980166666667], [77.0889979096, 28.5698175644], [77.08900139795556, 28.569834777599997], [77.08900550728889, 28.56985330626667], [77.08901023760001, 28.5698731504], [77.08901558888888, 28.56989431], [77.08902156115555, 28.569916785066667], [77.0890281544, 28.5699405756], [77.08903536862222, 28.569965681600003], [77.08904320382223, 28.569992103066667], [77.08905166, 28.57001984], [77.08906106857776, 28.570036650711113], [77.08907065964445, 28.57005243484445], [77.08908043320001, 28.570067192400003], [77.08909038924445, 28.57008092337778], [77.0891005277778, 28.570093627777783], [77.0891108488, 28.570105305600002], [77.08912135231112, 28.570115956844447], [77.0891320383111, 28.57012558151111], [77.0891429068, 28.570134179600004], [77.08915395777778, 28.570141751111116], [77.08916519124445, 28.570148296044444], [77.08917660720002, 28.570153814400005], [77.08918820564445, 28.57015830617778], [77.0891999865778, 28.570161771377784], [77.08921195, 28.57016421], [77.08923095264298, 28.57016215921778], [77.08925153354372, 28.570151073608894], [77.08927329816002, 28.570132217280005], [77.08929585194966, 28.570106854337784], [77.08931880037038, 28.570076248888896], [77.08934174888, 28.570041665040005], [77.0893643029363, 28.570004366897773], [77.08938606799703, 28.56996561856889], [77.08940664952, 28.569926684160002], [77.08942565296297, 28.56988882777778], [77.08944268378369, 28.569853313528885], [77.08945734744, 28.569821405520003], [77.08946924938962, 28.569794367857778], [77.08947799509036, 28.56977346464889], [77.08948319, 28.56975996]]]}}, {"type": "Feature", "properties": {"name": "New Taxiway 2", "surface_type": "ASPHALT", "smoothness": 0.0, "texture_orientation": 0.0}, "geometry": {"type": "Polygon", "coordinates": [[[77.08925163, 28.56911924], [77.08814297, 28.56914649], [77.08663875, 28.56917142], [77.08663945, 28.5691292], [77.0865934, 28.56912757], [77.08658395413333, 28.56911237906667], [77.08657526986667, 28.56909781693334], [77.08656734719999, 28.5690838836], [77.08656018613334, 28.56907057906667], [77.08655378666667, 28.569057903333334], [77.08654814879999, 28.5690458564], [77.08654327253333, 28.569034438266662], [77.08653915786665, 28.56902364893333], [77.0865358048, 28.569013488400003], [77.08653321333333, 28.569003956666663], [77.08653138346665, 28.56899505373333], [77.0865303152, 28.568986779600003], [77.08653000853332, 28.568979134266666], [77.08653046346666, 28.56897211773333], [77.08653168, 28.56896573], [77.08653452696889, 28.568956835004446], [77.08653816455111, 28.56894836230222], [77.08654242576, 28.568940300320005], [77.08654714360891, 28.568932637484448], [77.08655215111114, 28.568925362222224], [77.08655728128002, 28.56891846296], [77.08656236712889, 28.568911928124443], [77.08656724167112, 28.56890574614222], [77.08657173792001, 28.568899905440002], [77.0865756888889, 28.568894394444445], [77.08657892759112, 28.568889201582223], [77.08658128704002, 28.568884315280005], [77.0865826002489, 28.568879723964447], [77.0865827002311, 28.568875416062223], [77.08658142, 28.56887138], [77.08657755306668, 28.568866099733334], [77.08656865360001, 28.568855464266665], [77.0865547216, 28.568839473600004], [77.08653575706667, 28.568818127733337], [77.08651176, 28.56879142666667], [77.0864827304, 28.5687593704], [77.08644866826666, 28.56872195893333], [77.08640957360001, 28.568679192266668], [77.0863654464, 28.5686310704], [77.08631628666666, 28.568577593333337], [77.0862620944, 28.568518761066667], [77.0862028696, 28.5684545736], [77.08613861226667, 28.56838503093333], [77.0860693224, 28.568310133066667], [77.085995, 28.56822988], [77.08546783, 28.56780489], [77.08500942, 28.56760589], [77.0847974, 28.56746085], [77.08615136, 28.56714703], [77.08615102960002, 28.56715120648889], [77.08615045973335, 28.567155282622224], [77.0861496504, 28.567159258400004], [77.0861486016, 28.567163133822223], [77.08614731333334, 28.567166908888893], [77.0861457856, 28.567170583600003], [77.0861440184, 28.567174157955556], [77.08614201173333, 28.567177631955555], [77.0861397656, 28.5671810056], [77.08613728, 28.567184278888888], [77.08613455493332, 28.56718745182222], [77.0861315904, 28.5671905244], [77.0861283864, 28.567193496622224], [77.08612494293334, 28.567196368488887], [77.08612126, 28.56719914], [77.08610737282964, 28.567208786115557], [77.08609213277036, 28.567218929724447], [77.08607586, 28.56722951872001], [77.0860588746963, 28.56724050099556], [77.08604149703706, 28.56725182444445], [77.0860240472, 28.56726343696], [77.08600684536296, 28.567275286435557], [77.08599021170372, 28.567287320764443], [77.0859744664, 28.567299487840003], [77.08595992962964, 28.567311735555556], [77.08594692157038, 28.567324011804445], [77.08593576240001, 28.567336264480005], [77.0859267722963, 28.56734844147556], [77.08592027143705, 28.567360490684447], [77.08591658, 28.56737236], [77.08591476026668, 28.5673834388], [77.0859134744, 28.5673941632], [77.08591272240001, 28.5674045332], [77.08591250426667, 28.567414548800006], [77.08591282, 28.56742421], [77.0859136696, 28.5674335168], [77.08591505306666, 28.5674424692], [77.08591697039999, 28.567451067199997], [77.0859194216, 28.5674593108], [77.08592240666667, 28.5674672], [77.08592592560001, 28.5674747348], [77.0859299784, 28.567481915200002], [77.08593456506667, 28.5674887412], [77.0859396856, 28.567495212799997], [77.08594534, 28.56750133], [77.08628342, 28.56795161], [77.08677048, 28.56845924], [77.08683351, 28.56852501], [77.08684768204446, 28.56854224048889], [77.08686255817777, 28.56855903328889], [77.0868781384, 28.5685753884], [77.08689442271113, 28.568591305822224], [77.08691141111113, 28.568606785555552], [77.0869291036, 28.568621827599998], [77.08694750017779, 28.568636431955554], [77.08696660084445, 28.568650598622224], [77.08698640560002, 28.568664327599997], [77.08700691444446, 28.568677618888884], [77.08702812737778, 28.56869047248889], [77.0870500444, 28.568702888399997], [77.08707266551112, 28.568714866622223], [77.0870959907111, 28.568726407155555], [77.08712002, 28.56873751], [77.08714495355557, 28.56874810222222], [77.08717099155557, 28.568758110888886], [77.08719813400002, 28.568767536], [77.08722638088888, 28.568776377555558], [77.08725573222223, 28.56878463555556], [77.087286188, 28.56879231], [77.08731774822222, 28.56879940088889], [77.0873504128889, 28.568805908222224], [77.087384182, 28.568811832], [77.08741905555556, 28.56881717222222], [77.08745503355556, 28.568821928888887], [77.087492116, 28.568826102], [77.0875303028889, 28.568829691555557], [77.08756959422222, 28.568832697555557], [77.08760999, 28.56883512], [77.08797855, 28.56883755], [77.08874594, 28.56882055], [77.08923815, 28.56876933], [77.08925163, 28.56911924]]]}}, {"type": "Feature", "properties": {"name": "New Taxiway 1", "surface_type": "ASPHALT", "smoothness": 0.0, "texture_orientation": 0.0}, "geometry": {"type": "Polygon", "coordinates": [[[77.09053528, 28.56909583], [77.08925163, 28.56911924], [77.08923815, 28.56876933], [77.08926190742221, 28.568767005733335], [77.08928513435556, 28.568764195600004], [77.08930783080001, 28.5687608996], [77.08932999675557, 28.568757117733337], [77.08935163222222, 28.56875285], [77.08937273720001, 28.568748096400007], [77.0893933116889, 28.568742856933333], [77.08941335568889, 28.568737131600002], [77.0894328692, 28.568730920400007], [77.08945185222223, 28.568724223333334], [77.08947030475554, 28.568717040400003], [77.0894882268, 28.568709371600008], [77.08950561835556, 28.568701216933334], [77.08952247942221, 28.568692576400004], [77.08953881, 28.56868345], [77.08956189579258, 28.568669613605927], [77.0895830358074, 28.568656198580744], [77.089602348, 28.568643184160006], [77.08961995032593, 28.56863054957927], [77.08963596074075, 28.568618274074076], [77.08965049720001, 28.568606336880006], [77.08966367765926, 28.568594717232596], [77.08967562007408, 28.56858339436741], [77.0896864424, 28.568572347520004], [77.0896962625926, 28.56856155592593], [77.0897051986074, 28.56855099882074], [77.0897133684, 28.568540655440003], [77.08972088992593, 28.56853050501926], [77.08972788114075, 28.568520526794078], [77.08973446, 28.5685107], [77.08973875426666, 28.568503695777782], [77.08974308773334, 28.56849569377778], [77.0897474604, 28.568486694], [77.08975187226667, 28.56847669644445], [77.08975632333335, 28.568465701111112], [77.08976081360001, 28.568453708], [77.08976534306666, 28.56844071711111], [77.08976991173333, 28.568426728444443], [77.0897745196, 28.568411742], [77.08977916666666, 28.56839575777778], [77.08978385293332, 28.56837877577778], [77.0897885784, 28.568360796], [77.08979334306666, 28.56834181844445], [77.08979814693333, 28.56832184311111], [77.08980299, 28.56830087], [77.08990674, 28.56782472], [77.08993026, 28.56771562], [77.09020327, 28.5665071], [77.09020739013334, 28.56649412622222], [77.09021094786668, 28.566481756888887], [77.09021394320001, 28.566469992], [77.09021637613336, 28.566458831555558], [77.09021824666668, 28.566448275555555], [77.0902195548, 28.566438324], [77.09022030053333, 28.566428976888886], [77.09022048386666, 28.566420234222218], [77.09022010480001, 28.566412096], [77.09021916333333, 28.566404562222218], [77.09021765946666, 28.566397632888886], [77.0902155932, 28.566391308], [77.09021296453334, 28.56638558755555], [77.09020977346667, 28.566380471555554], [77.09020602, 28.56637596], [77.0902016064, 28.5663714592], [77.09019643493333, 28.566366375466664], [77.0901905056, 28.56636070880001], [77.0901838184, 28.566354459200003], [77.09017637333335, 28.56634762666667], [77.09016817039999, 28.566340211200004], [77.09015920959999, 28.5663322128], [77.09014949093333, 28.566323631466666], [77.0901390144, 28.5663144672], [77.09012777999999, 28.56630472], [77.09011578773334, 28.566294389866666], [77.0901030376, 28.566283476800002], [77.09008952960001, 28.5662719808], [77.09007526373334, 28.56625990186667], [77.09006024, 28.56624724], [77.09115492, 28.56599467], [77.09093488, 28.56618653], [77.09092057742224, 28.566202957199998], [77.09090700835557, 28.566218564133333], [77.0908941728, 28.5662333508], [77.09088207075557, 28.566247317200006], [77.09087070222223, 28.566260463333336], [77.0908600672, 28.566272789200003], [77.09085016568889, 28.5662842948], [77.09084099768889, 28.566294980133332], [77.0908325632, 28.566304845199998], [77.09082486222222, 28.56631389], [77.09081789475556, 28.566322114533328], [77.0908116608, 28.5663295188], [77.09080616035556, 28.566336102799998], [77.09080139342223, 28.566341866533335], [77.09079736, 28.56634681], [77.0907932899111, 28.566352444266663], [77.09078841297779, 28.566360280400005], [77.09078272919999, 28.5663703184], [77.09077623857779, 28.566382558266664], [77.09076894111111, 28.566397], [77.0907608368, 28.5664136436], [77.09075192564444, 28.566432489066663], [77.09074220764444, 28.5664535364], [77.0907316828, 28.5664767856], [77.0907203511111, 28.56650223666667], [77.09070821257777, 28.5665298896], [77.09069526719999, 28.566559744400003], [77.09068151497777, 28.566591801066668], [77.0906669559111, 28.5666260596], [77.09065159, 28.56666252], [77.09064076760001, 28.5667102736], [77.09063128173332, 28.5667554224], [77.09062313240001, 28.5667979664], [77.0906163196, 28.566837905600007], [77.09061084333335, 28.56687524], [77.09060670360002, 28.5669099696], [77.0906039004, 28.566942094400005], [77.09060243373335, 28.566971614399996], [77.09060230360001, 28.5669985296], [77.09060351000002, 28.56702284], [77.09060605293334, 28.567044545599998], [77.09060993240001, 28.5670636464], [77.0906151484, 28.567080142400002], [77.09062170093333, 28.5670940336], [77.09062959, 28.56710532], [77.09063836124443, 28.567115070133333], [77.09064756031113, 28.567124352533334], [77.09065718720001, 28.567133167200005], [77.09066724191112, 28.567141514133336], [77.09067772444446, 28.567149393333338], [77.0906886348, 28.5671568048], [77.09069997297779, 28.567163748533332], [77.09071173897779, 28.567170224533335], [77.09072393279999, 28.5671762328], [77.09073655444445, 28.56718177333333], [77.0907496039111, 28.567186846133332], [77.0907630812, 28.567191451200003], [77.09077698631111, 28.567195588533334], [77.09079131924445, 28.567199258133332], [77.09080608, 28.56720246], [77.09079462, 28.56752829], [77.09079691, 28.56761126], [77.09080685, 28.56769297], [77.09077825826667, 28.56770230897778], [77.09075042173335, 28.567712045911115], [77.0907233404, 28.567722180800004], [77.09069701426668, 28.56773271364445], [77.09067144333335, 28.56774364444445], [77.0906466276, 28.5677549732], [77.09062256706667, 28.56776669991111], [77.09059926173333, 28.56777882457778], [77.0905767116, 28.5677913472], [77.09055491666666, 28.56780426777778], [77.09053387693334, 28.567817586311115], [77.0905135924, 28.567831302800002], [77.09049406306667, 28.567845417244445], [77.09047528893333, 28.567859929644445], [77.09045727, 28.56787484], [77.09044734648299, 28.567883705739263], [77.09043831519705, 28.567892491780746], [77.09043011504002, 28.567901181360007], [77.09042268490964, 28.567909757712606], [77.09041596370372, 28.567918204074083], [77.09040989032, 28.567926503680003], [77.0904044036563, 28.56793463976592], [77.09039944261035, 28.56794259556741], [77.09039494608, 28.567950354320004], [77.09039085296295, 28.567957899259262], [77.09038710215702, 28.56796521362074], [77.09038363255999, 28.567972280640006], [77.09038038306963, 28.567979083552594], [77.0903772925837, 28.567985605594075], [77.0903743, 28.56799183], [77.09036986979851, 28.568001005813336], [77.09036572612149, 28.56800977997334], [77.09036183736, 28.568018186560007], [77.09035817190518, 28.56802625965334], [77.09035469814816, 28.56803403333334], [77.09035138448, 28.56804154168], [77.09034819929185, 28.56804881877333], [77.09034511097481, 28.568055898693334], [77.09034208791999, 28.568062815519998], [77.09033909851853, 28.568069603333328], [77.09033611116148, 28.568076296213334], [77.09033309424, 28.56808292824], [77.09033001614517, 28.568089533493332], [77.09032684526815, 28.568096146053335], [77.09032355, 28.5681028], [77.09032041688889, 28.568111042311113], [77.09031738288888, 28.568121091911106], [77.090314448, 28.568132948800002], [77.09031161222222, 28.56814661297778], [77.09030887555556, 28.568162084444452], [77.090306238, 28.568179363200002], [77.09030369955556, 28.568198449244445], [77.09030126022222, 28.568219342577777], [77.09029892, 28.5682420432], [77.09029667888889, 28.568266551111115], [77.09029453688889, 28.56829286631111], [77.09029249400001, 28.568320988800004], [77.09029055022222, 28.568350918577778], [77.09028870555557, 28.56838265564445], [77.09028696, 28.5684162], [77.09028741888889, 28.568438887733336], [77.09028849955557, 28.568460401600003], [77.090290202, 28.568480741600006], [77.09029252622223, 28.568499907733337], [77.09029547222222, 28.5685179], [77.09029904, 28.5685347184], [77.09030322955556, 28.56855036293333], [77.09030804088889, 28.5685648336], [77.090313474, 28.5685781304], [77.09031952888888, 28.568590253333333], [77.09032620555554, 28.568601202399996], [77.090333504, 28.5686109776], [77.09034142422222, 28.568619578933333], [77.09034996622222, 28.5686270064], [77.09035913, 28.56863326], [77.09036894026666, 28.568638893777777], [77.09037942173335, 28.56864446177778], [77.0903905744, 28.568649964], [77.09040239826668, 28.56865540044445], [77.09041489333335, 28.568660771111112], [77.09042805960001, 28.568666076], [77.09044189706667, 28.56867131511111], [77.09045640573333, 28.568676488444446], [77.0904715856, 28.568681596], [77.09048743666668, 28.568686637777777], [77.09050395893334, 28.568691613777776], [77.0905211524, 28.568696524], [77.09053901706667, 28.568701368444444], [77.09055755293333, 28.56870614711111], [77.09057676, 28.56871086], [77.09053528, 28.56909583]]]}}, {"type": "Feature", "properties": {"name": "New Taxiway 12", "surface_type": "UNKNOWN_25", "smoothness": 0.0, "texture_orientation": 0.0}, "geometry": {"type": "Polygon", "coordinates": [[[77.11169066, 28.54057782], [77.11074277, 28.54078156], [77.1107634967111, 28.5407654792], [77.11078352484446, 28.5407496208], [77.11080285440002, 28.540733984800003], [77.11082148537778, 28.5407185712], [77.11083941777778, 28.54070338], [77.11085665159999, 28.5406884112], [77.11087318684443, 28.5406736648], [77.1108890235111, 28.5406591408], [77.11090416159999, 28.5406448392], [77.11091860111111, 28.54063076], [77.11093234204444, 28.540616903199997], [77.1109453844, 28.5406032688], [77.11095772817778, 28.540589856799997], [77.11096937337777, 28.540576667200003], [77.11098032, 28.5405637], [77.1109903428, 28.540550392133333], [77.11099921653332, 28.540536180533337], [77.1110069412, 28.540521065200004], [77.1110135168, 28.540505046133333], [77.11101894333335, 28.54048812333334], [77.1110232208, 28.540470296800002], [77.1110263492, 28.540451566533335], [77.11102832853334, 28.540431932533334], [77.1110291588, 28.540411394800003], [77.11102884000002, 28.54038995333334], [77.11102737213332, 28.540367608133337], [77.1110247552, 28.540344359200002], [77.1110209892, 28.54032020653333], [77.11101607413335, 28.540295150133336], [77.11101001, 28.54026919], [77.11100167746666, 28.54023783746667], [77.11099373053334, 28.54020833186667], [77.1109861692, 28.540180673200005], [77.11097899346667, 28.540154861466668], [77.11097220333335, 28.540130896666668], [77.11096579879998, 28.540108778799997], [77.11095977986666, 28.540088507866667], [77.11095414653335, 28.540070083866667], [77.1109488988, 28.5400535068], [77.11094403666667, 28.540038776666666], [77.11093956013333, 28.540025893466662], [77.1109354692, 28.5400148572], [77.11093176386667, 28.540005667866666], [77.11092844413334, 28.539998325466666], [77.11092551, 28.53999283], [77.11092200733333, 28.53998729866667], [77.110916982, 28.53997984866667], [77.110910434, 28.53997048], [77.11090236333335, 28.53995919266667], [77.11089277000002, 28.539945986666666], [77.110881654, 28.539930862], [77.11086901533334, 28.539913818666665], [77.110854854, 28.539894856666667], [77.11083917, 28.539873976], [77.11082196333334, 28.539851176666666], [77.110803234, 28.539826458666663], [77.110782982, 28.539799822], [77.11076120733334, 28.53977126666667], [77.11073791000001, 28.539740792666663], [77.11071309, 28.5397084], [77.11037277, 28.53977295], [77.11039561, 28.5403761], [77.1103953197778, 28.540388950088893], [77.11039517977778, 28.540401463022224], [77.11039519000002, 28.540413638800008], [77.11039535044446, 28.54042547742222], [77.11039566111113, 28.540436978888895], [77.110396122, 28.540448143200003], [77.11039673311112, 28.54045897035556], [77.11039749444446, 28.54046946035556], [77.110398406, 28.540479613200006], [77.1103994677778, 28.54048942888889], [77.11040067977778, 28.540498907422226], [77.110402042, 28.5405080488], [77.11040355444445, 28.540516853022226], [77.11040521711112, 28.540525320088893], [77.11040703, 28.54053345], [77.11040912711111, 28.540542234355556], [77.11041164244445, 28.540552664755555], [77.11041457600001, 28.540564741200008], [77.11041792777779, 28.54057846368889], [77.1104216977778, 28.540593832222225], [77.110425886, 28.5406108468], [77.11043049244445, 28.540629507422224], [77.1104355171111, 28.54064981408889], [77.11044096, 28.540671766800003], [77.11044682111111, 28.540695365555557], [77.11045310044443, 28.540720610355557], [77.110459798, 28.540747501200002], [77.11046691377777, 28.540776038088893], [77.11047444777778, 28.540806221022223], [77.1104824, 28.54083805], [77.10962131, 28.5410196], [77.10964729266666, 28.540997349555557], [77.10967176066666, 28.54097556888889], [77.109694714, 28.540954258], [77.10971615266666, 28.540933416888894], [77.10973607666666, 28.54091304555556], [77.10975448599999, 28.540893144], [77.10977138066667, 28.540873712222222], [77.10978676066667, 28.540854750222223], [77.109800626, 28.540836258], [77.10981297666666, 28.540818235555555], [77.10982381266666, 28.540800682888893], [77.109833134, 28.5407836], [77.10984094066667, 28.54076698688889], [77.10984723266667, 28.540750843555557], [77.10985201, 28.54073517], [77.10985567062222, 28.54071972955556], [77.10985861248888, 28.540704285555556], [77.1098608356, 28.540688838], [77.10986233995557, 28.540673386888894], [77.10986312555556, 28.540657932222228], [77.10986319240001, 28.540642474], [77.10986254048888, 28.540627012222224], [77.10986116982222, 28.54061154688889], [77.1098590804, 28.540596078], [77.10985627222222, 28.540580605555554], [77.10985274528889, 28.540565129555553], [77.1098484996, 28.54054965], [77.10984353515556, 28.54053416688889], [77.10983785195556, 28.54051868022222], [77.10983145, 28.54050319], [77.1098198988, 28.540468270622224], [77.1098089972, 28.540435592488887], [77.10979874520001, 28.540405155600002], [77.1097891428, 28.54037695995556], [77.10978019, 28.540351005555557], [77.10977188680002, 28.5403272924], [77.10976423320001, 28.54030582048889], [77.1097572292, 28.540286589822223], [77.10975087480001, 28.540269600400002], [77.10974517000001, 28.540254852222223], [77.10974011480002, 28.54024234528889], [77.10973570920001, 28.5402320796], [77.1097319532, 28.540224055155555], [77.10972884680001, 28.540218271955553], [77.10972639, 28.54021473], [77.10972373013335, 28.540211250755554], [77.10972001453334, 28.54020565568889], [77.10971524320001, 28.540197944800006], [77.10970941613336, 28.540188118088885], [77.10970253333335, 28.54017617555556], [77.1096945948, 28.5401621172], [77.10968560053334, 28.540145943022225], [77.10967555053334, 28.540127653022225], [77.1096644448, 28.540107247199998], [77.10965228333333, 28.540084725555555], [77.10963906613333, 28.540060088088886], [77.10962479320001, 28.5400333348], [77.10960946453334, 28.540004465688888], [77.10959308013334, 28.53997348075556], [77.10957564, 28.53994038], [77.10939063, 28.53997871], [77.10941118, 28.54057984], [77.10941091657777, 28.54059248168889], [77.10941073431111, 28.540604585422226], [77.10941063319999, 28.540616151200002], [77.10941061324445, 28.540627179022223], [77.10941067444445, 28.540637668888888], [77.1094108168, 28.540647620799998], [77.1094110403111, 28.540657034755554], [77.10941134497777, 28.540665910755553], [77.10941173079999, 28.5406742488], [77.10941219777777, 28.54068204888889], [77.1094127459111, 28.54068931102222], [77.10941337519999, 28.5406960352], [77.10941408564445, 28.540702221422222], [77.10941487724443, 28.540707869688887], [77.10941575, 28.54071298], [77.10941701866665, 28.54071896888889], [77.10941899800001, 28.540727252888885], [77.109421688, 28.540737832], [77.10942508866665, 28.540750706222223], [77.1094292, 28.540765875555557], [77.10943402200002, 28.54078334], [77.10943955466668, 28.540803099555557], [77.109445798, 28.540825154222226], [77.109452752, 28.540849504], [77.10946041666665, 28.54087614888889], [77.109468792, 28.54090508888889], [77.109477878, 28.540936324], [77.10948767466667, 28.540969854222222], [77.109498182, 28.541005679555557], [77.1095094, 28.5410438], [77.10862547, 28.54123544], [77.10864034191113, 28.54121991666667], [77.10865511231111, 28.54120444], [77.1086697812, 28.54118901], [77.1086843485778, 28.54117362666667], [77.10869881444445, 28.54115829], [77.1087131788, 28.541143], [77.10872744164445, 28.541127756666665], [77.10874160297779, 28.54111256], [77.10875566280001, 28.54109741], [77.10876962111112, 28.541082306666663], [77.10878347791112, 28.54106725], [77.10879723320001, 28.54105224], [77.10881088697778, 28.541037276666664], [77.10882443924446, 28.54102236], [77.10883789, 28.54100749], [77.10885054893333, 28.540992458666665], [77.10886172573335, 28.540977058], [77.1088714204, 28.540961288], [77.10887963293335, 28.54094514866667], [77.10888636333334, 28.54092864], [77.1088916116, 28.540911762], [77.10889537773333, 28.540894514666668], [77.10889766173334, 28.540876898], [77.10889846360001, 28.540858912], [77.10889778333335, 28.540840556666666], [77.10889562093334, 28.540821832], [77.1088919764, 28.540802738], [77.10888684973334, 28.540783274666666], [77.10888024093333, 28.540763442], [77.10887215, 28.54074324], [77.10876252, 28.54037207], [77.10874443959999, 28.540340780222223], [77.10872674506668, 28.54031146288889], [77.1087094364, 28.540284118], [77.1086925136, 28.540258745555555], [77.10867597666667, 28.540235345555562], [77.1086598256, 28.540213918], [77.10864406040001, 28.54019446288889], [77.10862868106666, 28.54017698022222], [77.10861368760001, 28.54016147], [77.10859908, 28.540147932222222], [77.10858485826668, 28.540136366888888], [77.1085710224, 28.540126774], [77.1085575724, 28.540119153555555], [77.10854450826668, 28.540113505555553], [77.10853183, 28.54010983], [77.1085031416237, 28.540107293837035], [77.10845647338964, 28.5401075046963], [77.10839473664001, 28.540110089600002], [77.10832084271706, 28.540114675570376], [77.10823770296298, 28.540120889629634], [77.10814822872, 28.5401283588], [77.10805533133036, 28.540136710103702], [77.1079619221363, 28.540145570562963], [77.10787091248001, 28.540154567200005], [77.1077852137037, 28.540163327037035], [77.10770773714962, 28.540171477096294], [77.10764139416, 28.5401786444], [77.10758909607705, 28.54018445597037], [77.10755375424296, 28.540188538829632], [77.10753828, 28.54019052], [77.10753137724444, 28.540191878799998], [77.1075167623111, 28.54019488053334], [77.10749443520001, 28.540199525200002], [77.10746439591112, 28.540205812800004], [77.10742664444444, 28.540213743333336], [77.1073811808, 28.5402233168], [77.10732800497777, 28.5402345332], [77.10726711697778, 28.54024739253333], [77.10719851680001, 28.540261894799997], [77.10712220444444, 28.54027804], [77.10703817991111, 28.54029582813333], [77.1069464432, 28.540315259200003], [77.10684699431111, 28.5403363332], [77.10673983324445, 28.540359050133333], [77.10662496, 28.54038341], [77.10649077, 28.53987449], [77.10659682306665, 28.5398510824], [77.10669607026668, 28.539829192933336], [77.1067885116, 28.539808821599998], [77.10687414706668, 28.5397899684], [77.10695297666668, 28.53977263333333], [77.1070250004, 28.5397568164], [77.10709021826668, 28.539742517599997], [77.10714863026666, 28.53972973693333], [77.1072002364, 28.539718474399997], [77.10724503666667, 28.53970873], [77.10728303106666, 28.539700503733332], [77.1073142196, 28.539693795599998], [77.10733860226667, 28.5396886056], [77.10735617906667, 28.539684933733334], [77.10736695, 28.53968278], [77.1073884541126, 28.53967773827556], [77.10742888850073, 28.539667268071113], [77.10748529224001, 28.539652075839996], [77.10755470440593, 28.53963286803556], [77.10763416407408, 28.53961035111112], [77.10772071032, 28.539585231520004], [77.10781138221925, 28.539558215715555], [77.10790321884741, 28.53953001015111], [77.10799325928001, 28.539501321280003], [77.1080785425926, 28.53947285555556], [77.10815610786074, 28.53944531943111], [77.10822299416, 28.53941941936], [77.10827624056593, 28.539395861795555], [77.10831288615408, 28.53937535319111], [77.10832997, 28.5393586], [77.10833521588444, 28.5393407738163], [77.10833846187556, 28.53931721559704], [77.10833991848, 28.539288885840005], [77.10833979620446, 28.53925674504297], [77.10833830555558, 28.53922175370371], [77.10833565704002, 28.53918487232], [77.10833206116445, 28.53914706138963], [77.10832772843555, 28.53910928141037], [77.10832286936, 28.53907249288], [77.10831769444445, 28.539037656296294], [77.10831241419555, 28.539005732157033], [77.10830723912001, 28.538977680960002], [77.10830237972445, 28.538954463202963], [77.10829804651556, 28.538937039383704], [77.10829445, 28.53892637], [77.10829027584889, 28.53891624182222], [77.10828421439112, 28.53890037551111], [77.10827648312002, 28.538879632400008], [77.10826729952889, 28.538854873822224], [77.10825688111113, 28.53882696111112], [77.10824544536, 28.538796755600004], [77.10823320976888, 28.53876511862222], [77.10822039183111, 28.53873291151111], [77.10820720904, 28.5387009956], [77.1081938788889, 28.538670232222223], [77.1081806188711, 28.538641482711107], [77.10816764648001, 28.5386156084], [77.1081551792089, 28.538593470622224], [77.10814343455111, 28.53857593071111], [77.10813263, 28.53856385], [77.10812485902221, 28.53855735808889], [77.10811522875558, 28.53854996768889], [77.1081037392, 28.5385416788], [77.10809039035556, 28.538532491422224], [77.10807518222222, 28.538522405555554], [77.10805811480002, 28.538511421200003], [77.1080391880889, 28.538499538355552], [77.10801840208889, 28.538486757022223], [77.1079957568, 28.5384730772], [77.10797125222223, 28.538458498888886], [77.10794488835556, 28.53844302208889], [77.10791666520001, 28.5384266468], [77.10788658275555, 28.538409373022223], [77.10785464102223, 28.538391200755555], [77.10782084, 28.53837213], [77.11031123, 28.53782487], [77.11035920306666, 28.5378574664], [77.11040419426668, 28.5378883276], [77.1104462036, 28.537917453600002], [77.11048523106668, 28.537944844400005], [77.11052127666667, 28.5379705], [77.1105543404, 28.5379944204], [77.11058442226667, 28.538016605600003], [77.11061152226667, 28.5380370556], [77.1106356404, 28.538055770400003], [77.11065677666667, 28.53807275], [77.11067493106667, 28.5380879944], [77.1106901036, 28.538101503600004], [77.11070229426667, 28.538113277600004], [77.11071150306667, 28.5381233164], [77.11071773, 28.53813162], [77.1107228168, 28.53813972217778], [77.1107286052, 28.538149156711114], [77.11073509520001, 28.538159923600006], [77.1107422868, 28.538172022844453], [77.11075018000001, 28.538185454444452], [77.11075877479999, 28.538200218400004], [77.1107680712, 28.53821631471111], [77.11077806920001, 28.53823374337778], [77.1107887688, 28.5382525044], [77.11080017, 28.53827259777778], [77.11081227279999, 28.53829402351111], [77.1108250772, 28.538316781600003], [77.11083858319999, 28.538340872044444], [77.1108527908, 28.538366294844444], [77.1108677, 28.53839305], [77.11108999, 28.53916298], [77.11169066, 28.54057782]], [[77.1091804, 28.53845523], [77.10917202003853, 28.538436684026667], [77.10915867924149, 28.53841742408], [77.10914102424, 28.538397807120013], [77.1091197016652, 28.538378190106666], [77.10909535814817, 28.53835893], [77.10906864031999, 28.538340383760005], [77.10904019481185, 28.538322908346665], [77.10901066825481, 28.53830686072], [77.10898070728, 28.53829259784], [77.10895095851852, 28.53828047666667], [77.10892206860147, 28.53827085416], [77.10889468416, 28.53826408728], [77.10886945182519, 28.538260532986666], [77.10884701822815, 28.538260548239997], [77.10882803, 28.53826449], [77.10881749688889, 28.53826892986667], [77.1088086308889, 28.538274217466668], [77.108801432, 28.5382803528], [77.10879590022222, 28.53828733586667], [77.10879203555557, 28.53829516666667], [77.108789838, 28.538303845199998], [77.10878930755555, 28.538313371466668], [77.10879044422221, 28.53832374546667], [77.108793248, 28.5383349672], [77.1087977188889, 28.538347036666668], [77.10880385688888, 28.538359953866667], [77.108811662, 28.538373718800003], [77.10882113422223, 28.538388331466667], [77.10883227355556, 28.538403791866667], [77.10884508, 28.5384201], [77.10887662835555, 28.538515648], [77.10890718808888, 28.53860428666667], [77.10893675919999, 28.538686016], [77.10896534168889, 28.538760836], [77.10899293555555, 28.538828746666667], [77.10901954079999, 28.538889748], [77.10904515742222, 28.53894384], [77.10906978542221, 28.538991022666664], [77.1090934248, 28.539031296], [77.10911607555555, 28.53906466], [77.10913773768888, 28.539091114666665], [77.10915841119999, 28.53911066], [77.10917809608888, 28.539123296], [77.10919679235555, 28.539129022666668], [77.1092145, 28.53912784], [77.10923691130075, 28.53911433535704], [77.10925294400593, 28.539088882856294], [77.10926325632002, 28.539053206640006], [77.10926850644742, 28.539009030850377], [77.10926935259259, 28.538958079629634], [77.10926645296, 28.53890207712], [77.10926046575408, 28.538842747463704], [77.10925204917926, 28.538781814802963], [77.10924186144001, 28.53872100328], [77.10923056074074, 28.53866203703704], [77.10921880528592, 28.538606640216294], [77.10920725328, 28.53855653696], [77.10919656292741, 28.538513451410374], [77.1091873924326, 28.538479107709634], [77.1091804, 28.53845523]], [[77.11027732, 28.53885584], [77.11028283230222, 28.538834128583705], [77.11028532028446, 28.5388109793363], [77.11028502256002, 28.538786627760008], [77.11028217774225, 28.538761309357042], [77.11027702444447, 28.538735259629636], [77.11026980128001, 28.53870871408], [77.11026074686224, 28.53868190821037], [77.11025009980446, 28.538655077522964], [77.11023809872, 28.53862845752], [77.11022498222223, 28.538602283703703], [77.11021098892445, 28.538576791576297], [77.11019635744, 28.53855221664], [77.11018132638223, 28.53852879439704], [77.11016613436445, 28.53850676034963], [77.11015102, 28.53848635], [77.11014025080001, 28.538473445111112], [77.1101279378667, 28.538460757111114], [77.11011408120001, 28.538448286], [77.11009868080001, 28.53843603177778], [77.11008173666667, 28.538423994444447], [77.11006324879999, 28.538412174], [77.1100432172, 28.53840057044444], [77.11002164186667, 28.538389183777777], [77.1099985228, 28.538378014], [77.10997386, 28.53836706111111], [77.10994765346666, 28.53835632511111], [77.10991990320001, 28.538345806], [77.10989060920001, 28.538335503777777], [77.10985977146667, 28.538325418444444], [77.10982739, 28.53831555], [77.11002078, 28.53904407], [77.1100494248889, 28.5390328224], [77.11007642088887, 28.53902138893333], [77.110101768, 28.539009769600003], [77.11012546622223, 28.538997964400004], [77.11014751555555, 28.538985973333332], [77.110167916, 28.5389737964], [77.11018666755555, 28.5389614336], [77.11020377022221, 28.538948884933333], [77.110219224, 28.538936150399998], [77.11023302888887, 28.53892323], [77.11024518488888, 28.53891012373333], [77.110255692, 28.538896831600002], [77.11026455022221, 28.5388833536], [77.11027175955554, 28.538869689733335], [77.11027732, 28.53885584]]]}}, {"type": "Feature", "properties": {"name": "New Taxiway 2", "surface_type": "UNKNOWN_25", "smoothness": 0.0, "texture_orientation": 0.0}, "geometry": {"type": "Polygon", "coordinates": [[[77.09822323, 28.54680816], [77.09767664, 28.54693764], [77.0974774, 28.54698304], [77.09614228, 28.54729115], [77.09583188, 28.54736256], [77.09459598, 28.54761993], [77.09442731, 28.54766116], [77.0943755528889, 28.547673044088892], [77.09432609488888, 28.547684781688893], [77.094278936, 28.547696372800004], [77.09423407622222, 28.547707817422225], [77.09419151555555, 28.54771911555556], [77.094151254, 28.547730267200002], [77.09411329155556, 28.54774127235555], [77.09407762822221, 28.54775213102222], [77.094044264, 28.547762843199997], [77.09401319888889, 28.547773408888887], [77.09398443288889, 28.54778382808889], [77.093957966, 28.547794100799997], [77.09393379822222, 28.547804227022223], [77.09391192955556, 28.547814206755554], [77.09389236, 28.54782404], [77.09387339617778, 28.547834233777774], [77.09385334471112, 28.547845295111113], [77.09383220560001, 28.547857224], [77.09380997884445, 28.54787002044445], [77.09378666444445, 28.547883684444443], [77.09376226239999, 28.547898216], [77.09373677271111, 28.547913615111113], [77.09371019537778, 28.547929881777776], [77.0936825304, 28.547947016], [77.09365377777777, 28.547965017777777], [77.0936239375111, 28.54798388711111], [77.0935930096, 28.548003624], [77.09356099404445, 28.548024228444447], [77.09352789084444, 28.548045700444447], [77.0934937, 28.54806804], [77.09299636, 28.54820747], [77.09299681, 28.54826974], [77.09276679, 28.54832333], [77.09220174, 28.54845511], [77.09132541, 28.54865983], [77.09132493293333, 28.5486510932], [77.09132424573333, 28.5486427228], [77.0913233484, 28.548634718800002], [77.09132224093332, 28.548627081200003], [77.09132092333333, 28.54861981], [77.09131939559998, 28.548612905200002], [77.09131765773333, 28.548606366800005], [77.09131570973332, 28.548600194800002], [77.0913135516, 28.5485943892], [77.09131118333332, 28.54858895], [77.09130860493332, 28.548583877200002], [77.0913058164, 28.548579170800004], [77.09130281773332, 28.548574830800003], [77.09129960893333, 28.5485708572], [77.09129619, 28.54856725], [77.0912921372, 28.54856383115556], [77.0912870268, 28.548560422622224], [77.09128085879999, 28.548557024400004], [77.09127363320002, 28.548553636488894], [77.09126535000001, 28.548550258888895], [77.09125600920001, 28.5485468916], [77.0912456108, 28.548543534622226], [77.0912341548, 28.54854018795556], [77.09122164120001, 28.548536851599998], [77.09120807, 28.548533525555555], [77.0911934412, 28.548530209822225], [77.0911777548, 28.5485269044], [77.09116101080001, 28.548523609288893], [77.0911432092, 28.54852032448889], [77.09112435, 28.54851705], [77.09106618026665, 28.548522933866664], [77.0910118764, 28.54852844413334], [77.09096143840002, 28.548533580800004], [77.09091486626667, 28.54853834386667], [77.09087216, 28.54854273333334], [77.09083331959998, 28.5485467492], [77.09079834506666, 28.54855039146667], [77.09076723639998, 28.548553660133337], [77.0907399936, 28.5485565552], [77.09071661666667, 28.54855907666667], [77.09069710559999, 28.548561224533334], [77.09068146039999, 28.5485629988], [77.09066968106666, 28.54856439946667], [77.0906617676, 28.548565426533337], [77.09065772, 28.54856608], [77.09064988071111, 28.54856779235556], [77.09063059217779, 28.548571996088892], [77.09059985440001, 28.5485786912], [77.09055766737778, 28.54858787768889], [77.09050403111112, 28.548599555555562], [77.09043894560001, 28.5486137248], [77.09036241084445, 28.54863038542222], [77.09027442684445, 28.54864953742222], [77.0901749936, 28.5486711808], [77.0900641111111, 28.548695315555555], [77.08994177937777, 28.548721941688886], [77.0898079984, 28.5487510592], [77.08966276817777, 28.54878266808889], [77.08950608871112, 28.548816768355554], [77.08933796, 28.54885336], [77.0893022392889, 28.548864829333333], [77.08926890648888, 28.548875997333333], [77.0892379616, 28.548886864], [77.08920940462222, 28.548897429333334], [77.08918323555555, 28.548907693333334], [77.08915945439999, 28.548917656], [77.08913806115555, 28.548927317333337], [77.08911905582222, 28.548936677333334], [77.0891024384, 28.548945736], [77.08908820888888, 28.548954493333333], [77.08907636728888, 28.54896294933333], [77.08906691359999, 28.548971104], [77.08905984782221, 28.548978957333333], [77.08905516995556, 28.548986509333336], [77.08905288, 28.54899376], [77.08905275422224, 28.549001018355554], [77.08905456888888, 28.549008593422226], [77.089058324, 28.5490164852], [77.08906401955555, 28.54902469368889], [77.08907165555556, 28.549033218888887], [77.089081232, 28.549042060799998], [77.08909274888889, 28.549051219422218], [77.08910620622223, 28.549060694755553], [77.08912160400001, 28.5490704868], [77.08913894222222, 28.54908059555555], [77.08915822088889, 28.54909102102222], [77.08917944, 28.5491017632], [77.08920259955556, 28.549112822088887], [77.08922769955555, 28.549124197688887], [77.08925474, 28.54913589], [77.08898514, 28.5491978], [77.08826628, 28.54936287], [77.08788199, 28.54945111], [77.08761377, 28.5495127], [77.08761044622223, 28.54950494608889], [77.08760686155556, 28.54949764968889], [77.087603016, 28.549490810800005], [77.08759890955558, 28.549484429422225], [77.08759454222223, 28.549478505555562], [77.087589914, 28.549473039200002], [77.0875850248889, 28.54946803035556], [77.0875798748889, 28.549463479022222], [77.087574464, 28.549459385200002], [77.08756879222224, 28.54945574888889], [77.08756285955556, 28.54945257008889], [77.08755666600001, 28.549449848800005], [77.08755021155555, 28.549447585022225], [77.08754349622222, 28.549445778755558], [77.08753652, 28.54944443], [77.08752856733334, 28.549443407111113], [77.08751892266667, 28.549442578444445], [77.08750758600002, 28.549441944], [77.08749455733334, 28.549441503777782], [77.08747983666669, 28.549441257777783], [77.087463424, 28.549441206], [77.08744531933334, 28.549441348444446], [77.08742552266666, 28.54944168511111], [77.087404034, 28.549442216], [77.08738085333334, 28.54944294111111], [77.08735598066667, 28.549443860444445], [77.087329416, 28.549444974], [77.08730115933332, 28.54944628177778], [77.08727121066667, 28.549447783777776], [77.08723957, 28.54944948], [77.08676939, 28.54949655], [77.08675077831111, 28.54949767128889], [77.08673301257778, 28.549498792488894], [77.0867160928, 28.54949991360001], [77.0867000189778, 28.549501034622224], [77.08668479111114, 28.549502155555558], [77.08667040920001, 28.5495032764], [77.08665687324445, 28.54950439715555], [77.08664418324446, 28.54950551782222], [77.08663233920001, 28.549506638399997], [77.08662134111113, 28.54950775888889], [77.08661118897778, 28.549508879288886], [77.08660188280001, 28.5495099996], [77.08659342257778, 28.54951111982222], [77.08658580831111, 28.549512239955554], [77.08657904, 28.54951336], [77.08656470124446, 28.54951627817778], [77.08653437564443, 28.549522792711112], [77.0864880632, 28.5495329036], [77.08642576391111, 28.54954661084445], [77.08634747777779, 28.54956391444445], [77.0862532048, 28.549584814400003], [77.08614294497778, 28.549609310711112], [77.08601669831111, 28.549637403377776], [77.0858744648, 28.5496690924], [77.08571624444444, 28.54970437777778], [77.08554203724444, 28.54974325951111], [77.0853518432, 28.549785737600004], [77.0851456623111, 28.54983181204444], [77.08492349457777, 28.549881482844444], [77.08468534, 28.54993475], [77.08383559, 28.5502567], [77.08382534462223, 28.55026183173333], [77.08381580582224, 28.550266898933337], [77.08380697360002, 28.550271901600002], [77.08379884795556, 28.550276839733336], [77.08379142888892, 28.550281713333334], [77.0837847164, 28.550286522400004], [77.0837787104889, 28.550291266933336], [77.08377341115556, 28.550295946933332], [77.0837688184, 28.550300562399997], [77.08376493222222, 28.550305113333337], [77.08376175262222, 28.550309599733335], [77.0837592796, 28.550314021600002], [77.08375751315556, 28.550318378933333], [77.0837564532889, 28.550322671733337], [77.0837561, 28.5503269], [77.08375621204445, 28.550331152755557], [77.08375654817779, 28.550335519022223], [77.08375710840002, 28.550339998800002], [77.08375789271113, 28.55034459208889], [77.08375890111111, 28.55034929888889], [77.0837601336, 28.5503541192], [77.08376159017777, 28.550359053022223], [77.08376327084444, 28.55036410035556], [77.0837651756, 28.550369261200004], [77.08376730444445, 28.550374535555555], [77.08376965737777, 28.55037992342222], [77.08377223440002, 28.550385424799998], [77.08377503551112, 28.55039103968889], [77.08377806071111, 28.55039676808889], [77.08378131, 28.55040261], [77.08338091, 28.55049522], [77.08274059, 28.55064331], [77.08241309, 28.55071873], [77.08198825, 28.55081725], [77.08188346, 28.5508407], [77.08197325, 28.55067536], [77.08197888768888, 28.550667325644444], [77.08198411275558, 28.55065959857778], [77.08198892520001, 28.5506521788], [77.08199332502224, 28.550645066311116], [77.08199731222224, 28.550638261111114], [77.0820008868, 28.5506317632], [77.08200404875556, 28.55062557257778], [77.0820067980889, 28.550619689244442], [77.08200913480002, 28.550614113199998], [77.08201105888891, 28.550608844444444], [77.08201257035557, 28.55060388297778], [77.08201366920001, 28.5505992288], [77.08201435542223, 28.55059488191111], [77.08201462902223, 28.55059084231111], [77.08201449, 28.55058711], [77.08201365302222, 28.550583776133333], [77.08201183275557, 28.55058093186667], [77.08200902920001, 28.5505785772], [77.08200524235556, 28.55057671213334], [77.08200047222223, 28.550575336666668], [77.0819947188, 28.550574450800003], [77.0819879820889, 28.55057405453333], [77.08198026208889, 28.550574147866662], [77.0819715588, 28.550574730799998], [77.08196187222222, 28.55057580333333], [77.08195120235555, 28.550577365466665], [77.0819395492, 28.5505794172], [77.08192691275556, 28.550581958533336], [77.08191329302224, 28.55058498946667], [77.08189869, 28.55058851], [77.08063956, 28.55087002], [77.08060880915554, 28.550876582622223], [77.08057990595556, 28.550882822488887], [77.0805528504, 28.55088873960001], [77.08052764248889, 28.55089433395556], [77.08050428222222, 28.550899605555557], [77.0804827696, 28.5509045544], [77.08046310462221, 28.55090918048889], [77.08044528728888, 28.550913483822224], [77.0804293176, 28.5509174644], [77.08041519555556, 28.55092112222222], [77.08040292115554, 28.550924457288886], [77.0803924944, 28.550927469599998], [77.08038391528888, 28.550930159155556], [77.08037718382222, 28.550932525955552], [77.0803723, 28.55093457], [77.08036506084446, 28.55093769888889], [77.08035126337776, 28.55094332022222], [77.0803309076, 28.550951434], [77.08030399351111, 28.550962040222228], [77.08027052111112, 28.550975138888887], [77.0802304904, 28.55099073], [77.08018390137778, 28.551008813555555], [77.08013075404445, 28.55102938955556], [77.0800710484, 28.551052458], [77.08000478444444, 28.551078018888887], [77.07993196217778, 28.551106072222222], [77.07985258160001, 28.551136618], [77.07976664271112, 28.55116965622222], [77.07967414551112, 28.55120518688889], [77.07957509, 28.55124321], [77.07956039751113, 28.551256550755557], [77.07954678137777, 28.551269138355554], [77.0795342416, 28.5512809728], [77.07952277817779, 28.551292054088893], [77.07951239111111, 28.551302382222225], [77.0795030804, 28.551311957200003], [77.07949484604444, 28.551320779022227], [77.07948768804445, 28.55132884768889], [77.0794816064, 28.551336163200006], [77.07947660111111, 28.551342725555557], [77.07947267217777, 28.551348534755554], [77.0794698196, 28.5513535908], [77.07946804337777, 28.55135789368889], [77.07946734351111, 28.551361443422223], [77.07946772, 28.55136424], [77.0794690367111, 28.551366573511114], [77.07947115751112, 28.551368734044445], [77.0794740824, 28.551370721600005], [77.07947781137779, 28.55137253617778], [77.07948234444446, 28.55137417777778], [77.0794876816, 28.551375646400004], [77.07949382284446, 28.551376942044445], [77.07950076817778, 28.551378064711113], [77.0795085176, 28.551379014400002], [77.07951707111113, 28.55137979111111], [77.07952642871112, 28.551380394844443], [77.07953659040001, 28.551380825600003], [77.07954755617779, 28.551381083377777], [77.07955932604445, 28.55138116817778], [77.0795719, 28.55138108], [77.07925942, 28.55185473], [77.07882419, 28.55009746], [77.08402118, 28.54889067], [77.09245518, 28.5469545], [77.09791764, 28.5457005], [77.09822323, 28.54680816]], [[77.0966704, 28.54627412], [77.09306544, 28.5471107], [77.09294521515555, 28.547143503244445], [77.09283364462223, 28.547175299644444], [77.0927307284, 28.547206089200003], [77.0926364664889, 28.547235871911113], [77.0925508588889, 28.547264647777777], [77.0924739056, 28.547292416799998], [77.09240560662222, 28.547319178977776], [77.09234596195554, 28.54734493431111], [77.0922949716, 28.547369682799996], [77.09225263555555, 28.547393424444444], [77.09221895382223, 28.54741615924444], [77.0921939264, 28.547437887199997], [77.09217755328888, 28.54745860831111], [77.09216983448889, 28.547478322577778], [77.09217077, 28.54749703], [77.09217992124444, 28.547513865511114], [77.09219684964445, 28.547527964044445], [77.09222155520001, 28.547539325600003], [77.09225403791112, 28.54754795017778], [77.09229429777778, 28.547553837777777], [77.0923423348, 28.547556988399997], [77.09239814897776, 28.547557402044447], [77.09246174031111, 28.547555078711113], [77.09253310880001, 28.5475500184], [77.09261225444445, 28.54754222111111], [77.09269917724444, 28.547531686844444], [77.0927938772, 28.547518415600003], [77.09289635431111, 28.547502407377777], [77.09300660857777, 28.54748366217778], [77.09312464, 28.54746218], [77.09672633, 28.54660526], [77.09684303555555, 28.546572634533334], [77.09695121355556, 28.546541128800005], [77.09705086400001, 28.5465107428], [77.0971419868889, 28.54648147653333], [77.09722458222222, 28.54645333], [77.09729865, 28.5464263032], [77.09736419022224, 28.546400396133336], [77.0974212028889, 28.5463756088], [77.097469688, 28.546351941199994], [77.09750964555556, 28.54632939333333], [77.09754107555557, 28.5463079652], [77.09756397800001, 28.546287656799997], [77.0975783528889, 28.546268468133334], [77.09758420022223, 28.5462503992], [77.09758152, 28.54623345], [77.09757098951113, 28.546218334044447], [77.09755328604446, 28.546205764844448], [77.09752840960002, 28.546195742400002], [77.09749636017779, 28.546188266711116], [77.09745713777778, 28.54618333777778], [77.0974107424, 28.5461809556], [77.09735717404445, 28.546181120177778], [77.09729643271112, 28.54618383151111], [77.0972285184, 28.5461890896], [77.09715343111111, 28.546196894444442], [77.09707117084444, 28.546207246044446], [77.0969817376, 28.546220144400003], [77.09688513137777, 28.546235589511113], [77.09678135217777, 28.54625358137778], [77.0966704, 28.54627412]], [[77.0903295, 28.54772902], [77.08907337, 28.54802015], [77.08895782466665, 28.548053123155555], [77.088850666, 28.548085114622225], [77.088751894, 28.548116124400003], [77.08866150866666, 28.548146152488894], [77.08857951, 28.54817519888889], [77.08850589799998, 28.5482032636], [77.08844067266665, 28.548230346622226], [77.08838383399998, 28.548256447955556], [77.088335382, 28.5482815676], [77.08829531666666, 28.548305705555556], [77.08826363799999, 28.54832886182222], [77.088240346, 28.548351036400003], [77.08822544066666, 28.54837222928889], [77.088218922, 28.54839244048889], [77.08822079, 28.54841167], [77.08823051435554, 28.548429047866666], [77.08824756475556, 28.548443704133334], [77.0882719412, 28.548455638800004], [77.0883036436889, 28.54846485186667], [77.08834267222223, 28.548471343333333], [77.0883890268, 28.548475113200002], [77.08844270742222, 28.548476161466667], [77.08850371408889, 28.548474488133337], [77.08857204680001, 28.548470093200002], [77.08864770555556, 28.54846297666667], [77.08873069035556, 28.548453138533333], [77.0888210012, 28.548440578800005], [77.08891863808888, 28.548425297466668], [77.08902360102222, 28.548407294533337], [77.08913589, 28.54838657], [77.09039771, 28.54809544], [77.09050085257778, 28.548061930088895], [77.09059656831113, 28.54802966968889], [77.0906848572, 28.547998658800005], [77.09076571924443, 28.54796889742223], [77.09083915444445, 28.54794038555556], [77.09090516280001, 28.547913123200004], [77.09096374431113, 28.547887110355557], [77.09101489897778, 28.547862347022225], [77.09105862679999, 28.547838833200004], [77.09109492777776, 28.54781656888889], [77.0911238019111, 28.547795554088893], [77.0911452492, 28.547775788800003], [77.09115926964445, 28.547757273022228], [77.09116586324444, 28.547740006755557], [77.09116503, 28.54772399], [77.09115707297778, 28.547709646488894], [77.09114229524445, 28.547697399955553], [77.0911206968, 28.547687250400006], [77.09109227764445, 28.547679197822223], [77.09105703777779, 28.54767324222222], [77.0910149772, 28.547669383600002], [77.09096609591111, 28.547667621955554], [77.09091039391112, 28.54766795728889], [77.0908478712, 28.5476703896], [77.09077852777779, 28.547674918888887], [77.09070236364444, 28.547681545155555], [77.0906193788, 28.547690268400004], [77.09052957324444, 28.547701088622222], [77.09043294697778, 28.547714005822222], [77.0903295, 28.54772902]], [[77.08624629, 28.54868573], [77.08439789, 28.54912544], [77.08428120964446, 28.54915330835556], [77.08417307791112, 28.549180694755556], [77.08407349480001, 28.549207599200003], [77.08398246031112, 28.549234021688893], [77.08389997444446, 28.549259962222227], [77.08382603720001, 28.549285420800004], [77.08376064857778, 28.54931039742222], [77.0837038085778, 28.549334892088886], [77.0836555172, 28.549358904800002], [77.08361577444444, 28.549382435555557], [77.08358458031111, 28.549405484355553], [77.0835619348, 28.549428051200003], [77.08354783791111, 28.54945013608889], [77.08354228964444, 28.549471739022223], [77.08354529, 28.54949286], [77.0835562933778, 28.54951218742222], [77.08357475417777, 28.54952840968889], [77.08360067240002, 28.549541526800002], [77.08363404804446, 28.54955153875556], [77.08367488111112, 28.549558445555558], [77.08372317160001, 28.549562247200004], [77.08377891951112, 28.54956294368889], [77.08384212484445, 28.54956053502222], [77.08391278760001, 28.5495550212], [77.08399090777777, 28.549546402222223], [77.08407648537778, 28.54953467808889], [77.08416952040001, 28.549519848800003], [77.08427001284444, 28.54950191435556], [77.08437796271112, 28.549480874755556], [77.08449337, 28.54945673], [77.08634861, 28.549011], [77.0864583780889, 28.54898465537778], [77.08656032502223, 28.54895863217778], [77.08665445080001, 28.5489329304], [77.08674075542224, 28.548907550044447], [77.08681923888889, 28.54888249111112], [77.08688990120001, 28.5488577536], [77.08695274235556, 28.54883333751111], [77.08700776235557, 28.548809242844445], [77.08705496120001, 28.5487854696], [77.0870943388889, 28.548762017777776], [77.08712589542223, 28.548738887377777], [77.08714963080001, 28.548716078400002], [77.08716554502223, 28.548693590844444], [77.0871736380889, 28.54867142471111], [77.08717391, 28.54864958], [77.08716639115556, 28.548629502266667], [77.08715111195556, 28.548612637066665], [77.08712807239999, 28.54859898440001], [77.0870972724889, 28.54858854426667], [77.08705871222223, 28.548581316666667], [77.0870123916, 28.548577301599998], [77.08695831062222, 28.54857649906667], [77.08689646928889, 28.548578909066663], [77.0868268676, 28.5485845316], [77.08674950555556, 28.548593366666665], [77.08666438315555, 28.548605414266667], [77.0865715004, 28.548620674400002], [77.0864708572889, 28.548639147066666], [77.08636245382223, 28.548660832266666], [77.08624629, 28.54868573]], [[77.08162332, 28.5497603], [77.08004363, 28.55010725], [77.07993831760001, 28.55013490888889], [77.07984064440001, 28.550161989555562], [77.07975061040001, 28.550188492], [77.07966821560001, 28.55021441622223], [77.07959346000001, 28.550239762222223], [77.0795263436, 28.55026453], [77.0794668664, 28.550288719555557], [77.0794150284, 28.550312330888893], [77.0793708296, 28.550335364], [77.07933427, 28.55035781888889], [77.07930534959999, 28.550379695555556], [77.0792840684, 28.550400994], [77.0792704264, 28.550421714222225], [77.07926442360001, 28.550441856222225], [77.07926606, 28.55046142], [77.0792749719111, 28.550479377600002], [77.07929079564444, 28.550494701066672], [77.0793135312, 28.550507390400007], [77.07934317857777, 28.550517445600008], [77.07937973777778, 28.550524866666667], [77.0794232088, 28.5505296536], [77.07947359164444, 28.5505318064], [77.07953088631112, 28.550531325066665], [77.0795950928, 28.550528209600003], [77.07966621111112, 28.55052246], [77.07974424124444, 28.550514076266666], [77.0798291832, 28.550503058400004], [77.07992103697778, 28.5504894064], [77.08001980257778, 28.550473120266666], [77.08012548, 28.5504542], [77.08176247, 28.55006388], [77.08186672551113, 28.550039015422225], [77.08196341471111, 28.550014536355555], [77.0820525376, 28.5499904428], [77.08213409417779, 28.549966734755557], [77.08220808444446, 28.549943412222227], [77.0822745084, 28.549920475200004], [77.08233336604445, 28.549897923688896], [77.08238465737779, 28.549875757688895], [77.0824283824, 28.5498539772], [77.08246454111111, 28.549832582222223], [77.08249313351111, 28.54981157275556], [77.08251415960001, 28.549790948800002], [77.08252761937777, 28.549770710355556], [77.08253351284445, 28.549750857422225], [77.08253184, 28.54973139], [77.08252270986667, 28.5497135288], [77.08250623146667, 28.549698494533338], [77.0824824048, 28.549686287200004], [77.08245122986666, 28.549676906800002], [77.08241270666669, 28.54967035333334], [77.0823668352, 28.5496666268], [77.08231361546667, 28.5496657272], [77.08225304746666, 28.549667654533334], [77.08218513119999, 28.5496724088], [77.08210986666667, 28.54967999], [77.08202725386667, 28.549690398133336], [77.0819372928, 28.5497036332], [77.08183998346666, 28.549719695199997], [77.08173532586667, 28.54973858413333], [77.08162332, 28.5497603]]]}}, {"type": "Feature", "properties": {"name": "New Taxiway 1", "surface_type": "UNKNOWN_25", "smoothness": 0.0, "texture_orientation": 0.0}, "geometry": {"type": "Polygon", "coordinates": [[[77.11150312, 28.54377645], [77.11062267, 28.54397278], [77.10953818, 28.54421409], [77.10950648173332, 28.544213977600002], [77.1094759816, 28.544214064400002], [77.1094466796, 28.5442143504], [77.10941857573334, 28.544214835600005], [77.10939167, 28.54421552], [77.1093659624, 28.5442164036], [77.10934145293334, 28.5442174864], [77.1093181416, 28.5442187684], [77.1092960284, 28.5442202496], [77.10927511333333, 28.54422193], [77.10925539639999, 28.5442238096], [77.1092368776, 28.544225888400003], [77.10921955693334, 28.5442281664], [77.1092034344, 28.544230643600002], [77.10918851, 28.54423332], [77.10917278613331, 28.544236414444445], [77.10915426519999, 28.54424014577778], [77.1091329472, 28.544244514], [77.10910883213334, 28.544249519111116], [77.10908192000002, 28.544255161111117], [77.1090522108, 28.54426144], [77.10901970453332, 28.54426835577778], [77.1089844012, 28.544275908444444], [77.1089463008, 28.544284098], [77.10890540333334, 28.54429292444445], [77.10886170879999, 28.54430238777778], [77.1088152172, 28.544312488], [77.10876592853333, 28.544323225111114], [77.1087138428, 28.544334599111114], [77.10865896, 28.54434661], [77.10813929, 28.54445699], [77.10812043253333, 28.544459776888893], [77.10810245213332, 28.544462718888887], [77.10808534880002, 28.544465816], [77.10806912253332, 28.544469068222227], [77.10805377333334, 28.54447247555556], [77.1080393012, 28.544476038], [77.10802570613333, 28.544479755555557], [77.10801298813332, 28.544483628222224], [77.1080011472, 28.544487656], [77.10799018333333, 28.54449183888889], [77.10798009653331, 28.544496176888888], [77.1079708868, 28.54450067], [77.10796255413332, 28.54450531822222], [77.10795509853332, 28.544510121555557], [77.10794852, 28.54451508], [77.10794211688888, 28.544520206311113], [77.10793518755555, 28.544525513244448], [77.107927732, 28.544531000800006], [77.10791975022222, 28.544536668977777], [77.10791124222223, 28.544542517777785], [77.10790220799998, 28.544548547199998], [77.10789264755554, 28.54455475724445], [77.10788256088888, 28.54456114791111], [77.107871948, 28.5445677192], [77.10786080888889, 28.544574471111112], [77.10784914355555, 28.544581403644443], [77.107836952, 28.5445885168], [77.10782423422222, 28.544595810577775], [77.10781099022222, 28.544603284977775], [77.10779722, 28.54461094], [77.09822323, 28.54680816], [77.09791764, 28.5457005], [77.10313167, 28.54450152], [77.11222929, 28.54238683], [77.11233125, 28.54277607], [77.11234142586666, 28.54280702822222], [77.1123500228, 28.542837934888894], [77.11235704079999, 28.54286879], [77.11236247986666, 28.542899593555557], [77.11236634, 28.542930345555558], [77.11236862119999, 28.542961046], [77.11236932346667, 28.54299169488889], [77.11236844679999, 28.543022292222222], [77.1123659912, 28.543052838], [77.11236195666666, 28.543083332222224], [77.11235634319999, 28.54311377488889], [77.1123491508, 28.543144166], [77.11234037946666, 28.54317450555556], [77.1123300292, 28.543204793555557], [77.1123181, 28.54323503], [77.11230466506666, 28.54326471128889], [77.1122897976, 28.543293333822227], [77.1122734976, 28.543320897600008], [77.11225576506668, 28.543347402622228], [77.11223660000002, 28.543372848888893], [77.1122160024, 28.543397236400004], [77.11219397226667, 28.54342056515556], [77.11217050959999, 28.543442835155556], [77.11214561439999, 28.543464046400004], [77.11211928666667, 28.54348419888889], [77.1120915264, 28.543503292622226], [77.11206233360001, 28.543521327600004], [77.11203170826666, 28.543538303822224], [77.1119996504, 28.54355422128889], [77.11196616, 28.54356908], [77.111937568, 28.543580801377782], [77.11191055466668, 28.543591954844448], [77.11188512, 28.54360254040001], [77.111861264, 28.54361255804445], [77.11183898666667, 28.54362200777778], [77.111818288, 28.543630889600003], [77.111799168, 28.543639203511113], [77.11178162666667, 28.54364694951111], [77.11176566399999, 28.5436541276], [77.11175128, 28.543660737777778], [77.11173847466667, 28.543666780044447], [77.111727248, 28.543672254400004], [77.1117176, 28.543677160844446], [77.11170953066666, 28.54368149937778], [77.11170304, 28.54368527], [77.11169683022223, 28.543688929466665], [77.11168960355555, 28.543692934533336], [77.11168136, 28.5436972852], [77.11167209955556, 28.543701981466672], [77.11166182222223, 28.543707023333337], [77.11165052799998, 28.543712410799998], [77.11163821688889, 28.543718143866666], [77.1116248888889, 28.54372422253333], [77.111610544, 28.5437306468], [77.11159518222222, 28.543737416666666], [77.11157880355555, 28.54374453213333], [77.111561408, 28.543751993199997], [77.11154299555555, 28.543759799866667], [77.11152356622222, 28.543767952133337], [77.11150312, 28.54377645]], [[77.11173509, 28.54297057], [77.11172917515555, 28.54295123057778], [77.11172158262222, 28.542934004311117], [77.1117123124, 28.5429188912], [77.11170136448888, 28.542905891244448], [77.11168873888889, 28.54289500444445], [77.1116744356, 28.5428862308], [77.11165845462222, 28.542879570311115], [77.11164079595555, 28.542875022977775], [77.11162145959999, 28.542872588799998], [77.11160044555555, 28.542872267777778], [77.11157775382222, 28.54287405991111], [77.1115533844, 28.542877965200002], [77.11152733728889, 28.542883983644444], [77.11149961248888, 28.542892115244445], [77.11147021, 28.54290236], [77.11144168844443, 28.5429088284], [77.11141555844445, 28.542916014933333], [77.11139182, 28.542923919600007], [77.11137047311112, 28.542932542400003], [77.11135151777779, 28.542941883333334], [77.111334954, 28.542951942399995], [77.11132078177778, 28.5429627196], [77.11130900111111, 28.54297421493333], [77.111299612, 28.5429864284], [77.11129261444444, 28.54299936], [77.11128800844445, 28.543013009733333], [77.11128579400001, 28.5430273776], [77.11128597111112, 28.5430424636], [77.11128853977779, 28.543058267733333], [77.1112935, 28.54307479], [77.11130764378372, 28.54309742406222], [77.11133058920298, 28.543114835564445], [77.11136080936002, 28.543127254480005], [77.11139677735706, 28.543134910782225], [77.11143696629631, 28.543138034444446], [77.11147984928, 28.543136855440004], [77.11152389941036, 28.543131603742225], [77.11156758978964, 28.543122509324448], [77.11160939352, 28.543109802160004], [77.11164778370372, 28.543093712222227], [77.11168123344297, 28.543074469484445], [77.11170821584, 28.543052303920003], [77.11172720399703, 28.543027445502226], [77.1117366710163, 28.543000124204447], [77.11173509, 28.54297057]], [[77.11055438, 28.54324451], [77.1105509410578, 28.543233242118518], [77.11054623886223, 28.543222580014813], [77.11054036136002, 28.543212574], [77.1105333964978, 28.543203274385196], [77.11052543222223, 28.54319473148149], [77.11051655648001, 28.543186995600003], [77.11050685721777, 28.543180117051847], [77.11049642238223, 28.543174146148147], [77.11048533991999, 28.543169133200003], [77.11047369777776, 28.54316512851852], [77.11046158390221, 28.543162182414818], [77.11044908624001, 28.543160345200004], [77.11043629273777, 28.543159667185186], [77.11042329134222, 28.543160198681484], [77.11041017, 28.54316199], [77.11039734367999, 28.54316500897482], [77.11038520690666, 28.54316913833186], [77.11037381696, 28.543174300720004], [77.11036323112, 28.543180418788157], [77.11035350666667, 28.543187415185187], [77.11034470088002, 28.543195212560004], [77.11033687104, 28.54320373356148], [77.11033007442667, 28.54321290083852], [77.11032436832001, 28.543222637040003], [77.11031981, 28.54323286481482], [77.11031645674667, 28.543243506811848], [77.11031436584001, 28.543254485680002], [77.11031359456001, 28.54326572406815], [77.11031420018668, 28.543277144625186], [77.11031624, 28.54328867], [77.1103196770726, 28.543299936011856], [77.11032437764742, 28.543310596494813], [77.11033025376003, 28.543320601120005], [77.11033721744593, 28.54332989955852], [77.11034518074075, 28.543338441481488], [77.11035405568, 28.54334617656], [77.11036375429927, 28.543353054465182], [77.11037418863407, 28.543359024868153], [77.11038527072, 28.543364037440004], [77.1103969125926, 28.543368041851856], [77.1104090262874, 28.543370987774814], [77.11042152384, 28.543372824880002], [77.11043431728592, 28.54337350283852], [77.11044731866075, 28.54337297132148], [77.11046044, 28.54337118], [77.11047326657184, 28.54336816127704], [77.11048540404148, 28.5433640326163], [77.11049679504, 28.54335887128001], [77.11050738219853, 28.54335275453038], [77.11051710814816, 28.543345759629638], [77.11052591551999, 28.543337963840006], [77.11053374694517, 28.543329444423705], [77.1105405450548, 28.543320278642966], [77.11054625247999, 28.543310543760004], [77.11055081185185, 28.543300317037037], [77.11055416580147, 28.543289675736293], [77.11055625696, 28.54327869712], [77.11055702795852, 28.543267458450373], [77.11055642142814, 28.54325603698963], [77.11055438, 28.54324451]], [[77.10695066, 28.54429888], [77.1090593, 28.54381198], [77.10913169813334, 28.54379292768889], [77.10919884186666, 28.543773250755557], [77.10926073120001, 28.54375294920001], [77.10931736613334, 28.543732023022226], [77.10936874666668, 28.543710472222223], [77.10941487279999, 28.5436882968], [77.10945574453332, 28.54366549675556], [77.10949136186667, 28.543642072088886], [77.10952172479999, 28.543618022799997], [77.10954683333333, 28.54359334888889], [77.10956668746667, 28.543568050355553], [77.1095812872, 28.5435421272], [77.10959063253333, 28.543515579422223], [77.10959472346666, 28.54348840702222], [77.10959356, 28.54346061], [77.10958686444444, 28.54343410697778], [77.10957435911112, 28.543410816577783], [77.109556044, 28.5433907388], [77.10953191911112, 28.54337387364445], [77.10950198444445, 28.543360221111115], [77.10946623999999, 28.5433497812], [77.10942468577777, 28.54334255391111], [77.10937732177777, 28.543338539244445], [77.109324148, 28.543337737200005], [77.10926516444444, 28.543340147777776], [77.1092003711111, 28.543345770977776], [77.109129768, 28.5433546068], [77.10905335511112, 28.54336665524444], [77.10897113244445, 28.543381916311112], [77.1088831, 28.54340039], [77.10674976, 28.54389172], [77.10668877977778, 28.543913097511112], [77.10663263377779, 28.54393464604445], [77.10658132200001, 28.5439563656], [77.10653484444445, 28.54397825617778], [77.10649320111114, 28.54400031777778], [77.10645639200001, 28.544022550399998], [77.10642441711111, 28.54404495404444], [77.10639727644445, 28.54406752871111], [77.10637497, 28.544090274400002], [77.1063574977778, 28.54411319111111], [77.10634485977778, 28.54413627884444], [77.106337056, 28.5441595376], [77.10633408644445, 28.544182967377775], [77.1063359511111, 28.544206568177778], [77.10634265, 28.54423034], [77.10635386053335, 28.544252911466668], [77.10636926013335, 28.544272911200004], [77.10638884880001, 28.544290339200003], [77.10641262653334, 28.54430519546667], [77.10644059333335, 28.54431748], [77.1064727492, 28.544327192800004], [77.10650909413333, 28.544334333866665], [77.10654962813334, 28.5443389032], [77.10659435119999, 28.5443409008], [77.10664326333332, 28.544340326666664], [77.10669636453332, 28.5443371808], [77.1067536548, 28.544331463200002], [77.10681513413333, 28.544323173866665], [77.10688080253334, 28.544312312800002], [77.10695066, 28.54429888]], [[77.09948909, 28.54599918], [77.10459055, 28.54480531], [77.10470150435555, 28.54477109817778], [77.10480456475554, 28.544738177377777], [77.1048997312, 28.544706547600004], [77.1049870036889, 28.54467620884445], [77.10506638222223, 28.544647161111115], [77.10513786679999, 28.544619404400002], [77.10520145742223, 28.544592938711112], [77.10525715408887, 28.54456776404444], [77.1053049568, 28.5445438804], [77.10534486555555, 28.544521287777776], [77.10537688035555, 28.544499986177776], [77.1054010012, 28.544479975600005], [77.10541722808888, 28.544461256044443], [77.10542556102222, 28.54444382751111], [77.105426, 28.54442769], [77.10541826728888, 28.544413450266667], [77.10540208515556, 28.54440171506667], [77.1053774536, 28.544392484400003], [77.10534437262221, 28.54438575826667], [77.10530284222223, 28.54438153666667], [77.1052528624, 28.5443798196], [77.10519443315556, 28.544380607066667], [77.10512755448889, 28.544383899066666], [77.1050522264, 28.544389695600003], [77.10496844888888, 28.544397996666667], [77.10487622195555, 28.544408802266666], [77.1047755456, 28.5444221124], [77.10466641982222, 28.544437927066667], [77.10454884462223, 28.54445624626667], [77.10442282, 28.54447707], [77.09939041, 28.54565351], [77.0992702144, 28.545685913644448], [77.0991587316, 28.54571728457778], [77.09905596160002, 28.545747622800008], [77.09896190440001, 28.545776928311113], [77.09887656, 28.54580520111111], [77.09879992839998, 28.5458324412], [77.09873200959998, 28.545858648577777], [77.0986728036, 28.54588382324444], [77.0986223104, 28.545907965199998], [77.09858053, 28.545931074444447], [77.09854746239999, 28.545953150977777], [77.09852310759999, 28.5459741948], [77.0985074656, 28.54599420591111], [77.0985005364, 28.54601318431111], [77.09850232, 28.54603113], [77.09851243631111, 28.54604725537778], [77.09853050524445, 28.546060772844445], [77.0985565268, 28.5460716824], [77.09859050097779, 28.546079984044447], [77.09863242777779, 28.546085677777782], [77.0986823072, 28.5460887636], [77.09874013924444, 28.546089241511112], [77.09880592391112, 28.546087111511113], [77.09887966120002, 28.5460823736], [77.09896135111111, 28.54607502777778], [77.09905099364445, 28.546065074044442], [77.0991485888, 28.546052512400003], [77.09925413657778, 28.546037342844443], [77.09936763697779, 28.54601956537778], [77.09948909, 28.54599918]]]}}, {"type": "Feature", "properties": {"name": "New Taxiway 15", "surface_type": "UNKNOWN_25", "smoothness": 0.0, "texture_orientation": 0.0}, "geometry": {"type": "Polygon", "coordinates": [[[77.10662496, 28.54038341], [77.10659644057779, 28.540389460133333], [77.10656934364445, 28.540395221200008], [77.10654366920001, 28.540400693200006], [77.10651941724446, 28.54040587613334], [77.10649658777778, 28.54041077], [77.10647518079999, 28.5404153748], [77.1064551963111, 28.540419690533334], [77.10643663431111, 28.5404237172], [77.1064194948, 28.5404274548], [77.10640377777779, 28.540430903333334], [77.10638948324444, 28.5404340628], [77.1063766112, 28.5404369332], [77.10636516164443, 28.540439514533332], [77.10635513457777, 28.5404418068], [77.10634653, 28.54044381], [77.10633584755556, 28.54044667568889], [77.10631958688889, 28.54045155542222], [77.10629774799999, 28.540458449200003], [77.1062703308889, 28.540467357022226], [77.10623733555556, 28.54047827888889], [77.106198762, 28.540491214800003], [77.10615461022222, 28.540506164755556], [77.10610488022222, 28.54052312875556], [77.106049572, 28.540542106799997], [77.10598868555556, 28.54056309888889], [77.10592222088889, 28.54058610502222], [77.105850178, 28.5406111252], [77.1057725568889, 28.540638159422222], [77.10568935755556, 28.54066720768889], [77.10560058, 28.54069827], [77.10558188413334, 28.540704034311112], [77.10556409253334, 28.540709937911114], [77.10554720520001, 28.5407159808], [77.10553122213334, 28.540722162977783], [77.10551614333335, 28.540728484444447], [77.1055019688, 28.540734945200004], [77.10548869853332, 28.540741545244448], [77.10547633253333, 28.540748284577777], [77.1054648708, 28.5407551632], [77.10545431333333, 28.540762181111113], [77.10544466013332, 28.540769338311115], [77.1054359112, 28.540776634800004], [77.10542806653334, 28.54078407057778], [77.10542112613332, 28.540791645644447], [77.10541509, 28.54079936], [77.1054099308889, 28.54080798835556], [77.10540562155555, 28.54081830542222], [77.105402162, 28.540830311200008], [77.10539955222222, 28.540844005688896], [77.10539779222223, 28.540859388888894], [77.105396882, 28.5408764608], [77.10539682155554, 28.540895221422225], [77.10539761088889, 28.54091567075556], [77.10539925, 28.5409378088], [77.10540173888889, 28.540961635555554], [77.10540507755556, 28.54098715102222], [77.105409266, 28.5410143552], [77.10541430422222, 28.54104324808889], [77.10542019222221, 28.54107382968889], [77.10542693, 28.5411061], [77.10551376, 28.54168125], [77.10551590039998, 28.5416983536], [77.10551811093333, 28.541714341733332], [77.10552039160001, 28.541729214400007], [77.10552274240001, 28.5417429716], [77.10552516333333, 28.54175561333334], [77.10552765439999, 28.541767139599997], [77.1055302156, 28.541777550400006], [77.10553284693333, 28.541786845733334], [77.10553554839998, 28.541795025600003], [77.10553832, 28.54180209], [77.10554116173333, 28.541808038933333], [77.1055440736, 28.5418128724], [77.1055470556, 28.5418165904], [77.10555010773334, 28.541819192933335], [77.10555323, 28.54182068], [77.10555661537776, 28.541821841733334], [77.10556045684444, 28.541823468266667], [77.1055647544, 28.541825559600003], [77.10556950804444, 28.541828115733338], [77.10557471777778, 28.54183113666667], [77.1055803836, 28.541834622400003], [77.10558650551111, 28.541838572933333], [77.10559308351111, 28.541842988266666], [77.1056001176, 28.541847868399998], [77.10560760777777, 28.541853213333333], [77.10561555404445, 28.541859023066664], [77.1056239564, 28.541865297599998], [77.10563281484444, 28.54187203693333], [77.10564212937777, 28.541879241066667], [77.1056519, 28.54188691], [77.10491567, 28.54203927], [77.10491978297777, 28.542028530177777], [77.10492359124444, 28.54201836404445], [77.1049270948, 28.542008771600003], [77.10493029364444, 28.541999752844447], [77.10493318777777, 28.541991307777774], [77.1049357772, 28.541983436400002], [77.1049380619111, 28.541976138711107], [77.1049400419111, 28.54196941471111], [77.10494171719999, 28.5419632644], [77.10494308777777, 28.541957687777774], [77.10494415364444, 28.541952684844446], [77.1049449148, 28.5419482556], [77.10494537124444, 28.541944400044446], [77.10494552297779, 28.54194111817778], [77.10494537, 28.54193841], [77.10494494288888, 28.5419356032], [77.10494427222223, 28.54193202546667], [77.104943358, 28.541927676800007], [77.10494220022223, 28.541922557200003], [77.1049407988889, 28.541916666666673], [77.104939154, 28.541910005200002], [77.10493726555555, 28.5419025728], [77.10493513355556, 28.541894369466668], [77.104932758, 28.541885395199998], [77.10493013888889, 28.54187565], [77.10492727622221, 28.541865133866665], [77.10492417, 28.541853846800002], [77.10492082022222, 28.541841788800003], [77.10491722688889, 28.54182895986667], [77.10491339, 28.54181536], [77.10462788, 28.54112345], [77.10461829835555, 28.541105493288892], [77.10460904142222, 28.54108873782223], [77.1046001092, 28.54107318360001], [77.1045915016889, 28.541058830622227], [77.1045832188889, 28.54104567888889], [77.1045752608, 28.5410337284], [77.10456762742223, 28.541022979155557], [77.10456031875555, 28.541013431155555], [77.1045533348, 28.5410050844], [77.10454667555555, 28.540997938888886], [77.10454034102221, 28.540991994622225], [77.1045343312, 28.540987251600004], [77.10452864608888, 28.54098370982222], [77.10452328568888, 28.54098136928889], [77.10451825, 28.54098023], [77.10451269653332, 28.540979745155557], [77.1045057828, 28.540979367955558], [77.1044975088, 28.5409790984], [77.10448787453333, 28.54097893648889], [77.10447688, 28.540978882222223], [77.1044645252, 28.5409789356], [77.10445081013333, 28.54097909662222], [77.10443573479999, 28.540979365288887], [77.10441929919999, 28.540979741599998], [77.10440150333332, 28.540980225555558], [77.10438234719999, 28.54098081715555], [77.10436183079999, 28.5409815164], [77.10433995413334, 28.540982323288887], [77.1043167172, 28.54098323782222], [77.10429212, 28.54098426], [77.1042088692, 28.540992876], [77.1041308768, 28.541000972], [77.10405814280001, 28.541008548], [77.10399066720001, 28.541015604], [77.10392845000003, 28.54102214], [77.1038714912, 28.541028156], [77.1038197908, 28.541033652], [77.1037733488, 28.541038628], [77.10373216520001, 28.541043084], [77.10369624, 28.54104702], [77.1036655732, 28.541050436], [77.10364016480001, 28.541053332], [77.10362001480001, 28.541055708], [77.10360512320001, 28.541057564], [77.10359549, 28.5410589], [77.10352129876445, 28.541073755875555], [77.10333156838222, 28.54111265820445], [77.10304404584001, 28.54117195104001], [77.10267647812447, 28.541247978435564], [77.10224661222223, 28.54133708444445], [77.10177219512, 28.54143561312], [77.10127097380445, 28.541539908515553], [77.10076069526222, 28.541646314684442], [77.10025910648, 28.541751175679998], [77.09978395444446, 28.54185083555555], [77.09935298614222, 28.54194163836444], [77.09898394856, 28.54201992816], [77.09869458868445, 28.542082048995557], [77.09850265350222, 28.542124344924442], [77.09842589, 28.54214316], [77.09841435426667, 28.542147919155553], [77.09839742973334, 28.542154388622222], [77.0983751164, 28.542162568400006], [77.09834741426667, 28.542172458488892], [77.09831432333334, 28.54218405888889], [77.09827584359999, 28.542197369600004], [77.09823197506665, 28.542212390622225], [77.09818271773332, 28.542229121955558], [77.0981280716, 28.5422475636], [77.09806803666667, 28.542267715555557], [77.09800261293333, 28.542289577822224], [77.0979318004, 28.542313150400005], [77.09785559906666, 28.54233843328889], [77.09777400893334, 28.542365426488892], [77.09768703, 28.54239413], [77.09766427382223, 28.54240316426667], [77.09764273862224, 28.542412421733335], [77.09762242440002, 28.542421902400008], [77.09760333115557, 28.54243160626667], [77.0975854588889, 28.54244153333334], [77.09756880760001, 28.542451683600003], [77.09755337728889, 28.542462057066672], [77.09753916795556, 28.542472653733334], [77.09752617960001, 28.5424834736], [77.09751441222224, 28.54249451666667], [77.09750386582223, 28.542505782933336], [77.0974945404, 28.5425172724], [77.09748643595556, 28.542528985066667], [77.09747955248889, 28.542540920933334], [77.09747389, 28.54255308], [77.0974691748, 28.542565573733338], [77.09746513320002, 28.5425785136], [77.09746176520001, 28.542591899600005], [77.09745907080001, 28.542605731733335], [77.09745705000002, 28.54262001], [77.0974557028, 28.5426347344], [77.0974550292, 28.54264990493333], [77.0974550292, 28.5426655216], [77.0974557028, 28.5426815844], [77.09745705, 28.542698093333335], [77.0974590708, 28.542715048399998], [77.09746176520001, 28.5427324496], [77.0974651332, 28.542750296933335], [77.09746917480001, 28.542768590399998], [77.09747389, 28.54278733], [77.09757335, 28.54349005], [77.0975782756889, 28.543499235155554], [77.09758294875556, 28.54350782528889], [77.0975873692, 28.543515820400007], [77.09759153702224, 28.543523220488893], [77.09759545222224, 28.543530025555558], [77.0975991148, 28.5435362356], [77.09760252475556, 28.543541850622226], [77.0976056820889, 28.543546870622222], [77.0976085868, 28.543551295599997], [77.0976112388889, 28.543555125555557], [77.09761363835555, 28.543558360488895], [77.0976157852, 28.543561000400004], [77.09761767942223, 28.54356304528889], [77.09761932102222, 28.543564495155557], [77.09762071, 28.54356535], [77.09762207791111, 28.543566037466668], [77.09762365631111, 28.543566985200005], [77.09762544520001, 28.54356819320001], [77.0976274445778, 28.54356966146667], [77.09762965444445, 28.54357139], [77.0976320748, 28.5435733788], [77.09763470564445, 28.54357562786667], [77.09763754697778, 28.543578137199997], [77.0976405988, 28.543580906800003], [77.09764386111111, 28.543583936666668], [77.09764733391111, 28.5435872268], [77.09765101720001, 28.543590777200002], [77.09765491097778, 28.543594587866668], [77.09765901524445, 28.5435986588], [77.09766333, 28.54360299], [77.09697184, 28.54375358], [77.09697550302222, 28.543742649688895], [77.09697891342222, 28.543732165422224], [77.09698207119999, 28.543722127200002], [77.09698497635554, 28.54371253502222], [77.0969876288889, 28.543703388888893], [77.09699002880001, 28.5436946888], [77.09699217608889, 28.543686434755553], [77.09699407075556, 28.543678626755558], [77.09699571280001, 28.543671264799997], [77.09699710222222, 28.54366434888889], [77.09699823902221, 28.54365787902222], [77.09699912319999, 28.5436518552], [77.09699975475556, 28.543646277422223], [77.0970001336889, 28.543641145688888], [77.09700026, 28.54363646], [77.09700002844447, 28.543631495422222], [77.09699933377777, 28.543625527022222], [77.09699817600001, 28.543618554800002], [77.09699655511112, 28.543610578755555], [77.09699447111112, 28.54360159888889], [77.096991924, 28.5435916152], [77.09698891377778, 28.54358062768889], [77.09698544044446, 28.543568636355555], [77.096981504, 28.5435556412], [77.09697710444445, 28.543541642222223], [77.09697224177778, 28.543526639422225], [77.096966916, 28.5435106328], [77.0969611271111, 28.543493622355555], [77.09695487511111, 28.54347560808889], [77.09694816, 28.54345659], [77.09669715, 28.54282079], [77.09669026648888, 28.5428040212], [77.09668350928888, 28.54278829346667], [77.0966768784, 28.542773606800004], [77.09667037382223, 28.542759961200005], [77.09666399555556, 28.542747356666673], [77.0966577436, 28.542735793200002], [77.09665161795556, 28.5427252708], [77.09664561862223, 28.542715789466666], [77.09663974560002, 28.5427073492], [77.0966339988889, 28.54269995], [77.0966283784889, 28.542693591866666], [77.0966228844, 28.542688274800003], [77.09661751662223, 28.5426839988], [77.09661227515556, 28.542680763866667], [77.09660716, 28.54267857], [77.09658872179261, 28.542677289505185], [77.09655058954075, 28.54267825484148], [77.09649580280002, 28.542681146240003], [77.09642740112595, 28.542685643931858], [77.09634842407411, 28.542691428148153], [77.0962619112, 28.542698179120002], [77.09617090205926, 28.542705577078515], [77.0960784362074, 28.542713302254814], [77.09598755320002, 28.54272103488], [77.09590129259259, 28.542728455185188], [77.09582269394073, 28.54273524340148], [77.09575479680001, 28.542741079760003], [77.09570064072592, 28.542745644491852], [77.09566326527408, 28.54274861782815], [77.09564571, 28.54274968], [77.0956181715111, 28.542754710799997], [77.09554439871111, 28.5427698032], [77.0954243916, 28.542794957200005], [77.09525815017777, 28.5428301728], [77.09504567444445, 28.54287545], [77.09478696440001, 28.542930788800003], [77.09448202004444, 28.5429961892], [77.09413084137778, 28.543071651200002], [77.0937334284, 28.5431571748], [77.09328978111111, 28.54325276], [77.0927998995111, 28.543358406800003], [77.0922637836, 28.543474115200002], [77.09168143337777, 28.543599885200003], [77.09105284884444, 28.5437357168], [77.09037803, 28.54388161], [77.09025962, 28.5433713], [77.0903080779111, 28.543362078933335], [77.09035367297778, 28.5433533784], [77.09039640520002, 28.543345198400004], [77.0904362745778, 28.543337538933333], [77.09047328111112, 28.5433304], [77.09050742480001, 28.543323781599998], [77.09053870564445, 28.54331768373333], [77.09056712364446, 28.543312106399995], [77.09059267880001, 28.543307049599996], [77.09061537111111, 28.54330251333333], [77.0906352005778, 28.5432984976], [77.0906521672, 28.5432950024], [77.09066627097779, 28.543292027733333], [77.09067751191112, 28.5432895736], [77.09068589, 28.54328764], [77.09070703296592, 28.543281736491856], [77.0907475505274, 28.543269526868148], [77.09080433568, 28.54325173248001], [77.09087428141927, 28.54322907467852], [77.09095428074075, 28.54320227481482], [77.09104122664002, 28.54317205424], [77.09113201211258, 28.543139134305182], [77.09122353015405, 28.543104236361486], [77.09131267376, 28.54306808176], [77.09139633592592, 28.543031391851855], [77.0914714096474, 28.542994887988147], [77.09153478792, 28.542959291520003], [77.09158336373926, 28.54292532379852], [77.09161403010074, 28.54289370617482], [77.09162368, 28.54286516], [77.0916211964, 28.54284768515556], [77.09161627093334, 28.542830953955555], [77.09160890359999, 28.542814966399998], [77.09159909440001, 28.542799722488894], [77.09158684333335, 28.54278522222223], [77.0915721504, 28.542771465600005], [77.09155501560001, 28.542758452622227], [77.09153543893333, 28.54274618328889], [77.0915134204, 28.5427346576], [77.09148896, 28.54272387555556], [77.09146205773334, 28.542713837155553], [77.0914327136, 28.542704542400003], [77.09140092759999, 28.54269599128889], [77.09136669973333, 28.542688183822225], [77.09133003, 28.54268112], [77.09125323973332, 28.542660577333333], [77.0911807436, 28.542641336], [77.09111254160001, 28.542623396], [77.09104863373334, 28.54260675733334], [77.09098902, 28.54259142], [77.0909337004, 28.542577384], [77.09088267493334, 28.542564649333336], [77.0908359436, 28.542553216], [77.0907935064, 28.542543084], [77.09075536333333, 28.542534253333336], [77.0907215144, 28.542526724], [77.09069195960001, 28.542520496], [77.09066669893333, 28.542515569333336], [77.0906457324, 28.542511944], [77.09062906, 28.54250962], [77.09059990733927, 28.54250668728593], [77.09055738378075, 28.542503003354074], [77.09050352696002, 28.542498709520004], [77.0904403745126, 28.542493947099263], [77.09036996407409, 28.542488857407417], [77.09029433328, 28.542483581760006], [77.09021551976592, 28.54247826147259], [77.09013556116739, 28.542473037860738], [77.09005649512, 28.542468052240004], [77.08998035925927, 28.54246344592593], [77.08990919122073, 28.542459360234076], [77.08984502864, 28.542455936480003], [77.0897899091526, 28.54245331597926], [77.08974587039407, 28.54245164004741], [77.08971495, 28.54245105], [77.08969700244444, 28.54245116875556], [77.0896747357778, 28.542451525022223], [77.08964815, 28.542452118800007], [77.08961724511111, 28.542452950088894], [77.08958202111113, 28.542454018888897], [77.08954247800001, 28.5424553252], [77.08949861577779, 28.54245686902222], [77.08945043444444, 28.542458650355556], [77.089397934, 28.5424606692], [77.08934111444445, 28.542462925555558], [77.08927997577777, 28.54246541942222], [77.089214518, 28.542468150800005], [77.08914474111111, 28.54247111968889], [77.08907064511112, 28.54247432608889], [77.08899223, 28.54247777], [77.08869429, 28.54246709], [77.09090849, 28.54199094], [77.09132528, 28.54211224], [77.09278403, 28.54249289], [77.0928364889778, 28.542507985466663], [77.09288650591111, 28.542522039866665], [77.09293408080002, 28.54253505320001], [77.09297921364445, 28.54254702546667], [77.09302190444446, 28.54255795666667], [77.0930621532, 28.5425678468], [77.09309995991111, 28.542576695866668], [77.09313532457779, 28.542584503866664], [77.0931682472, 28.5425912708], [77.09319872777778, 28.542596996666667], [77.09322676631112, 28.542601681466667], [77.09325236280002, 28.542605325200004], [77.09327551724445, 28.54260792786667], [77.09329622964445, 28.542609489466667], [77.0933145, 28.54261001], [77.09333285453334, 28.542609768311113], [77.09335381946667, 28.542609043244447], [77.0933773948, 28.542607834800002], [77.09340358053335, 28.54260614297778], [77.09343237666668, 28.542603967777783], [77.09346378320001, 28.542601309200002], [77.09349780013333, 28.542598167244442], [77.09353442746666, 28.542594541911114], [77.0935736652, 28.5425904332], [77.09361551333333, 28.542585841111112], [77.09365997186667, 28.542580765644445], [77.09370704080001, 28.542575206800002], [77.09375672013334, 28.542569164577777], [77.09380900986667, 28.542562638977778], [77.09386391, 28.54255563], [77.0938935668889, 28.542552803511114], [77.0939219188889, 28.542549902711112], [77.093948966, 28.542546927600004], [77.09397470822223, 28.54254387817778], [77.09399914555556, 28.542540754444445], [77.09402227800001, 28.5425375564], [77.09404410555555, 28.542534284044443], [77.09406462822223, 28.542530937377776], [77.094083846, 28.5425275164], [77.09410175888891, 28.54252402111111], [77.09411836688889, 28.54252045151111], [77.09413367, 28.5425168076], [77.09414766822223, 28.542513089377778], [77.09416036155557, 28.542509296844443], [77.09417175, 28.54250543], [77.09418471733333, 28.54250080097778], [77.09420214733335, 28.54249472191111], [77.09422404000001, 28.5424871928], [77.09425039533335, 28.542478213644443], [77.09428121333335, 28.542467784444447], [77.094316494, 28.542455905199997], [77.09435623733333, 28.54244257591111], [77.09440044333333, 28.542427796577776], [77.094449112, 28.5424115672], [77.09450224333332, 28.542393887777777], [77.09455983733334, 28.542374758311112], [77.094621894, 28.5423541788], [77.09468841333333, 28.542332149244444], [77.09475939533334, 28.542308669644445], [77.09483484, 28.54228374], [77.09487016031112, 28.542274090088885], [77.09490287057778, 28.542264105688886], [77.09493297080002, 28.5422537868], [77.09496046097779, 28.542243133422225], [77.09498534111113, 28.542232145555552], [77.0950076112, 28.542220823199997], [77.09502727124445, 28.54220916635555], [77.09504432124444, 28.54219717502222], [77.09505876120001, 28.542184849199998], [77.09507059111112, 28.542172188888884], [77.09507981097778, 28.54215919408889], [77.0950864208, 28.5421458648], [77.09509042057778, 28.54213220102222], [77.0950918103111, 28.542118202755553], [77.09509059, 28.54210387], [77.09508718053334, 28.542089593066667], [77.0950820028, 28.54207576226667], [77.0950750568, 28.542062377600008], [77.09506634253333, 28.54204943906667], [77.09505586, 28.54203694666667], [77.09504360919999, 28.5420249004], [77.09502959013332, 28.542013300266664], [77.0950138028, 28.542002146266668], [77.0949962472, 28.541991438399997], [77.09497692333332, 28.541981176666667], [77.0949558312, 28.541971361066665], [77.09493297079999, 28.541961991599997], [77.09490834213332, 28.541953068266665], [77.0948819452, 28.541944591066667], [77.09485378, 28.54193656], [77.0947744408, 28.541915998755556], [77.09469935386667, 28.54189670168889], [77.09462851920001, 28.541878668800003], [77.0945619368, 28.54186190008889], [77.09449960666666, 28.541846395555556], [77.09444152879999, 28.541832155199998], [77.0943877032, 28.541819179022223], [77.09433812986666, 28.54180746702222], [77.09429280879999, 28.541797019199997], [77.09425174, 28.541787835555553], [77.09421492346667, 28.54177991608889], [77.0941823592, 28.5417732608], [77.09415404719999, 28.541767869688886], [77.09412998746667, 28.541763742755553], [77.09411018, 28.54176088], [77.09407554091261, 28.54175721903704], [77.09402630116742, 28.541753007496293], [77.09396491104002, 28.541748364400007], [77.09389382080596, 28.541743408770373], [77.09381548074076, 28.541738259629636], [77.09373234111999, 28.541733036], [77.09364685221927, 28.541727856903705], [77.09356146431409, 28.54172284136296], [77.09347862768001, 28.5417181084], [77.0934007925926, 28.54171377703704], [77.09333040932741, 28.541709966296295], [77.09326992816, 28.541706795200003], [77.09322179936593, 28.541704382770376], [77.09318847322075, 28.54170284802963], [77.0931724, 28.54170231], [77.09316562240001, 28.541702495911117], [77.09315412960001, 28.541703053644447], [77.0931379216, 28.5417039832], [77.09311699839999, 28.541705284577784], [77.09309136, 28.541706957777777], [77.0930610064, 28.541709002800005], [77.0930259376, 28.541711419644447], [77.0929861536, 28.54171420831111], [77.0929416544, 28.5417173688], [77.09289243999999, 28.54172090111111], [77.0928385104, 28.541724805244442], [77.09277986560001, 28.5417290812], [77.09271650560001, 28.54173372897778], [77.0926484304, 28.541738748577778], [77.09257564, 28.54174414], [77.09254248, 28.54164794], [77.09452697, 28.5412171], [77.09490587, 28.54140115], [77.09642618, 28.54179016], [77.09646343786667, 28.54180255911111], [77.0964994328, 28.541814103111115], [77.0965341648, 28.541824792], [77.09656763386668, 28.54183462577778], [77.09659984000001, 28.54184360444445], [77.0966307832, 28.541851728], [77.09666046346668, 28.541858996444446], [77.0966888808, 28.541865409777778], [77.09671603520002, 28.541870968], [77.09674192666668, 28.541875671111107], [77.0967665552, 28.54187951911111], [77.0967899208, 28.541882512], [77.09681202346667, 28.541884649777778], [77.0968328632, 28.541885932444444], [77.09685244, 28.54188636], [77.09689003018372, 28.541884696880004], [77.09694425826963, 28.54187997024], [77.09701256456002, 28.541872574160006], [77.09709238935706, 28.541862902720002], [77.09718117296298, 28.54185135], [77.09727635568001, 28.541838310080006], [77.09737537781038, 28.54182417704], [77.09747567965631, 28.54180934496], [77.09757470152002, 28.541794207920002], [77.09766988370373, 28.54177916], [77.09775866650963, 28.54176459528], [77.09783849024001, 28.541750907840004], [77.09790679519705, 28.54173849176], [77.09796102168298, 28.54172774112], [77.09799861, 28.54171905], [77.09801978537777, 28.54171313764445], [77.09804542351111, 28.54170544057778], [77.0980755244, 28.541695958800005], [77.09811008804446, 28.54168469231112], [77.09814911444445, 28.54167164111111], [77.0981926036, 28.541656805200002], [77.0982405555111, 28.541640184577776], [77.09829297017777, 28.541621779244444], [77.09834984759999, 28.5416015892], [77.09841118777777, 28.541579614444444], [77.0984769907111, 28.541555854977776], [77.0985472564, 28.541530310800002], [77.09862198484444, 28.54150298191111], [77.09870117604446, 28.54147386831111], [77.09878483, 28.54144297], [77.09881728893333, 28.541432411155554], [77.09884772706667, 28.54142192662222], [77.0988761444, 28.5414115164], [77.09890254093335, 28.54140118048889], [77.09892691666667, 28.54139091888889], [77.09894927159999, 28.541380731599997], [77.09896960573333, 28.541370618622224], [77.09898791906667, 28.541360579955555], [77.0990042116, 28.5413506156], [77.09901848333334, 28.541340725555553], [77.09903073426668, 28.54133090982222], [77.09904096440002, 28.541321168400003], [77.09904917373333, 28.541311501288888], [77.09905536226668, 28.54130190848889], [77.09905953, 28.54129239], [77.09906123488891, 28.54128257404444], [77.0990600348889, 28.54127208884444], [77.09905593, 28.541260934400007], [77.09904892022223, 28.541249110711114], [77.09903900555557, 28.541236617777777], [77.099026186, 28.541223455600004], [77.09901046155557, 28.541209624177775], [77.09899183222223, 28.54119512351111], [77.09897029800001, 28.5411799536], [77.0989458588889, 28.54116411444444], [77.0989185148889, 28.541147606044447], [77.098888266, 28.541130428400002], [77.09885511222222, 28.541112581511108], [77.09881905355556, 28.541094065377777], [77.09878009, 28.54107488], [77.09870753160001, 28.54105651097778], [77.09863888839999, 28.541039331911115], [77.0985741604, 28.541023342800003], [77.0985133476, 28.54100854364445], [77.09845645000001, 28.54099493444445], [77.09840346760001, 28.5409825152], [77.09835440040001, 28.54097128591111], [77.0983092484, 28.54096124657778], [77.0982680116, 28.5409523972], [77.09823069, 28.540944737777778], [77.0981972836, 28.54093826831111], [77.0981677924, 28.5409329888], [77.0981422164, 28.540928899244445], [77.0981205556, 28.540925999644443], [77.09810281, 28.54092429], [77.0980729799674, 28.540921874251854], [77.09803202707259, 28.54091811974815], [77.09798171112001, 28.540913249600006], [77.09792379191408, 28.540907486918524], [77.09786002925927, 28.540901054814817], [77.09779218296, 28.540894176400002], [77.09772201282073, 28.540887074785182], [77.09765127864591, 28.540879973081484], [77.09758174024, 28.540873094400006], [77.09751515740741, 28.540866661851855], [77.09745328995258, 28.540860898548146], [77.09739789768, 28.5408560276], [77.09735074039408, 28.54085227211852], [77.09731357789926, 28.54084985521482], [77.09728817, 28.540849], [77.09726536823408, 28.540849319792592], [77.09723558627259, 28.54085021967408], [77.09719992712003, 28.540851610400008], [77.09715949378077, 28.54085340272593], [77.09711538925927, 28.540855507407414], [77.09706871656, 28.540857835200008], [77.0970205786874, 28.540860296859258], [77.09697207864593, 28.540862803140744], [77.09692431944, 28.540865264800004], [77.09687840407409, 28.54086759259259], [77.09683543555259, 28.540869697274072], [77.09679651688, 28.5408714896], [77.09676275106075, 28.540872880325928], [77.09673524109927, 28.540873780207406], [77.09671509, 28.5408741], [77.0967031000889, 28.540873973733337], [77.09668860235556, 28.540873594933334], [77.09667159680002, 28.540872963600002], [77.09665208342223, 28.540872079733333], [77.09663006222225, 28.54087094333334], [77.09660553319999, 28.540869554400004], [77.09657849635556, 28.540867912933336], [77.0965489516889, 28.540866018933333], [77.0965168992, 28.540863872400003], [77.0964823388889, 28.540861473333333], [77.09644527075557, 28.540858821733334], [77.09640569480001, 28.5408559176], [77.09636361102223, 28.540852760933333], [77.09631901942222, 28.540849351733335], [77.09627192, 28.54084569], [77.09847695, 28.54037215], [77.0987185, 28.54050601], [77.10039037, 28.54094103], [77.10042322888889, 28.540950734044447], [77.1004548668889, 28.54095976884444], [77.100485284, 28.5409681344], [77.10051448022223, 28.540975830711115], [77.10054245555557, 28.540982857777784], [77.10056921, 28.5409892156], [77.10059474355555, 28.540994904177776], [77.10061905622221, 28.54099992351111], [77.100642148, 28.541004273600002], [77.10066401888889, 28.541007954444446], [77.10068466888889, 28.541010966044446], [77.100704098, 28.541013308400004], [77.10072230622222, 28.54101498151111], [77.10073929355556, 28.54101598537778], [77.10075506, 28.54101632], [77.10077238404443, 28.541016022533338], [77.10079404417777, 28.541015130133335], [77.10082004040001, 28.541013642800007], [77.10085037271112, 28.541011560533338], [77.10088504111113, 28.54100888333334], [77.10092404560001, 28.541005611200003], [77.10096738617779, 28.541001744133336], [77.10101506284444, 28.540997282133333], [77.1010670756, 28.540992225200004], [77.10112342444445, 28.540986573333335], [77.10118410937778, 28.540980326533333], [77.1012491304, 28.540973484800006], [77.10131848751112, 28.540966048133335], [77.10139218071112, 28.540958016533335], [77.10147021, 28.54094939], [77.10338138, 28.54054268], [77.10407704, 28.54031981], [77.10410353191112, 28.540313384666668], [77.10412844764446, 28.540306959333336], [77.10415178720001, 28.540300534], [77.10417355057778, 28.540294108666675], [77.10419373777779, 28.540287683333336], [77.10421234879999, 28.540281258], [77.10422938364442, 28.540274832666668], [77.1042448423111, 28.540268407333336], [77.10425872479999, 28.540261982], [77.1042710311111, 28.540255556666672], [77.10428176124444, 28.540249131333333], [77.1042909152, 28.540242706], [77.10429849297776, 28.54023628066667], [77.10430449457778, 28.540229855333333], [77.10430892, 28.54022343], [77.10431358197334, 28.540210029914082], [77.10431675285334, 28.540189798112596], [77.10431857808001, 28.54016377328], [77.10431920309335, 28.540132994100748], [77.10431877333335, 28.54009849925927], [77.10431743424, 28.54006132744], [77.10431533125335, 28.540022517327404], [77.10431260981332, 28.53998310760592], [77.10430941536, 28.539944136959996], [77.10430589333335, 28.539906644074073], [77.10430218917332, 28.53987166763259], [77.10429844832001, 28.539840246319997], [77.10429481621334, 28.53981341882074], [77.10429143829334, 28.539792223819255], [77.10428846, 28.5397777], [77.10428502287114, 28.53976455740741], [77.10428025230223, 28.539747249125934], [77.10427426952003, 28.53972642840001], [77.10426719575113, 28.539702748474078], [77.10425915222224, 28.5396768625926], [77.10425026016, 28.539649424], [77.1042406407911, 28.539621085940738], [77.10423041534222, 28.539592501659257], [77.10421970504001, 28.539564324400004], [77.10420863111112, 28.53953720740741], [77.10419731478221, 28.539511803925922], [77.10418587728, 28.5394887672], [77.10417443983111, 28.539468750474075], [77.10416312366222, 28.53945240699259], [77.10415205, 28.53944039], [77.10414359315556, 28.539433430533332], [77.10413277195556, 28.539425400133336], [77.1041195864, 28.539416298800003], [77.1041040364889, 28.539406126533336], [77.10408612222223, 28.53939488333334], [77.1040658436, 28.539382569199997], [77.10404320062221, 28.53936918413333], [77.10401819328888, 28.539354728133333], [77.10399082160001, 28.5393392012], [77.10396108555557, 28.539322603333332], [77.10392898515556, 28.539304934533334], [77.1038945204, 28.5392861948], [77.1038576912889, 28.53926638413333], [77.10381849782223, 28.539245502533333], [77.10377694, 28.53922355], [77.10480676, 28.53899467], [77.10481358, 28.53917537], [77.10511367, 28.53991022], [77.10512088404445, 28.539924970044446], [77.10512797684444, 28.539938702844445], [77.10513494839999, 28.5399514184], [77.10514179871112, 28.539963116711117], [77.10514852777777, 28.53997379777778], [77.1051551356, 28.539983461600006], [77.10516162217777, 28.539992108177778], [77.10516798751111, 28.53999973751111], [77.10517423159999, 28.540006349600002], [77.10518035444443, 28.540011944444444], [77.10518635604444, 28.540016522044446], [77.1051922364, 28.540020082400005], [77.1051979955111, 28.540022625511114], [77.10520363337778, 28.54002415137778], [77.10520915, 28.54002466], [77.10521521222222, 28.540024579688886], [77.10522248688888, 28.540024338755558], [77.105230974, 28.540023937200004], [77.10524067355556, 28.54002337502223], [77.10525158555556, 28.540022652222223], [77.10526371, 28.540021768800003], [77.10527704688889, 28.540020724755557], [77.10529159622223, 28.54001952008889], [77.105307358, 28.540018154800002], [77.10532433222222, 28.540016628888893], [77.10534251888889, 28.54001494235556], [77.105361918, 28.540013095200003], [77.10538252955556, 28.540011087422222], [77.10540435355556, 28.540008919022224], [77.10542739, 28.54000659], [77.10552086817778, 28.53999799755556], [77.10560852671112, 28.539989886888893], [77.10569036560001, 28.539982258], [77.10576638484446, 28.53997511088889], [77.10583658444445, 28.539968445555555], [77.10590096439999, 28.539962262], [77.10595952471111, 28.539956560222222], [77.10601226537779, 28.539951340222224], [77.10605918639999, 28.539946602], [77.10610028777776, 28.539942345555552], [77.10613556951111, 28.539938570888886], [77.1061650316, 28.539935278], [77.10618867404445, 28.539932466888885], [77.10620649684445, 28.539930137555555], [77.1062185, 28.53992829], [77.1062281972, 28.53992655133333], [77.10623910213333, 28.53992454866667], [77.10625121480001, 28.539922282], [77.1062645352, 28.539919751333336], [77.10627906333335, 28.53991695666667], [77.1062947992, 28.539913898], [77.1063117428, 28.53991057533333], [77.10632989413334, 28.539906988666665], [77.1063492532, 28.539903138], [77.10636982, 28.539899023333334], [77.10639159453333, 28.539894644666667], [77.1064145768, 28.539890002], [77.1064387668, 28.539885095333336], [77.10646416453332, 28.539879924666668], [77.10649077, 28.53987449], [77.10662496, 28.54038341]]]}}, {"type": "Feature", "properties": {"name": "New Taxiway 10", "surface_type": "UNKNOWN_25", "smoothness": 0.0, "texture_orientation": 0.0}, "geometry": {"type": "Polygon", "coordinates": [[[77.10305061, 28.54424027], [77.10419857, 28.54399611], [77.10422349422221, 28.543985340044443], [77.10424701355556, 28.543974480844444], [77.104269128, 28.5439635324], [77.10428983755556, 28.543952494711114], [77.10430914222222, 28.54394136777778], [77.104327042, 28.543930151600005], [77.10434353688889, 28.543918846177778], [77.10435862688888, 28.54390745151111], [77.104372312, 28.5438959676], [77.10438459222222, 28.543884394444447], [77.10439546755555, 28.54387273204444], [77.104404938, 28.5438609804], [77.10441300355556, 28.543849139511114], [77.10441966422223, 28.543837209377777], [77.10442492, 28.54382519], [77.10443121488, 28.543805124287406], [77.10443647130668, 28.54378150056593], [77.10444073696002, 28.543754890960003], [77.10444405952002, 28.54372586759408], [77.10444648666669, 28.543695002592603], [77.10444806608001, 28.543662868080002], [77.10444884544, 28.543630036180737], [77.10444887242666, 28.54359707901926], [77.10444819472, 28.54356456872], [77.10444686000001, 28.54353307740741], [77.10444491594666, 28.543503177205928], [77.10444241024001, 28.54347544024], [77.10443939056, 28.543450438634075], [77.10443590458667, 28.543428744512592], [77.104432, 28.54341093], [77.10442785123853, 28.54339394419556], [77.1044235200415, 28.543374509697784], [77.10441888504003, 28.543352858880006], [77.1044138248652, 28.54332922411556], [77.10440821814817, 28.54330383777778], [77.10440194352002, 28.54327693224], [77.10439487961185, 28.543248739875555], [77.10438690505482, 28.543219493057777], [77.10437789848002, 28.54318942416], [77.10436773851853, 28.543158765555557], [77.10435630380148, 28.543127749617774], [77.10434347296001, 28.54309660872], [77.1043291246252, 28.543065575235552], [77.10431313742816, 28.54303488153778], [77.10429539, 28.54300476], [77.10427708478817, 28.542976166109632], [77.10425949977186, 28.54294983847704], [77.10424262688002, 28.54292568416001], [77.1042264580415, 28.542903610216307], [77.1042109851852, 28.542883523703708], [77.10419620024, 28.542865331679998], [77.10418209513482, 28.542848941202962], [77.10416866179851, 28.54283425933037], [77.10415589216001, 28.54282119312], [77.10414377814814, 28.542809649629632], [77.10413231169186, 28.542799535917037], [77.10412148472, 28.542790759040003], [77.1041112891615, 28.542783226056294], [77.1041017169452, 28.542776844023702], [77.10409276, 28.54277152], [77.10408626346667, 28.542768079244446], [77.10407830986665, 28.542764191644448], [77.1040688992, 28.542759857200004], [77.10405803146668, 28.542755075911113], [77.10404570666668, 28.542749847777777], [77.10403192480001, 28.5427441728], [77.10401668586667, 28.54273805097778], [77.10399998986667, 28.542731482311112], [77.1039818368, 28.5427244668], [77.10396222666667, 28.542717004444444], [77.10394115946667, 28.542709095244444], [77.1039186352, 28.5427007392], [77.10389465386666, 28.542691936311112], [77.10386921546666, 28.542682686577777], [77.10384232, 28.54267299], [77.10563867, 28.54228693], [77.10585724, 28.54307313], [77.105869666, 28.5431077048], [77.10588265866666, 28.5431406532], [77.10589621800001, 28.5431719752], [77.105910344, 28.543201670800002], [77.10592503666666, 28.54322974], [77.105940296, 28.543256182799997], [77.105956122, 28.5432809992], [77.10597251466666, 28.5433041892], [77.105989474, 28.5433257528], [77.106007, 28.54334569], [77.10602509266667, 28.5433640008], [77.106043752, 28.543380685200002], [77.106062978, 28.5433957432], [77.10608277066666, 28.5434091748], [77.10610313, 28.54342098], [77.10612416728888, 28.543431489422222], [77.10614599382222, 28.543441033688893], [77.1061686096, 28.543449612800003], [77.10619201462222, 28.54345722675556], [77.1062162088889, 28.543463875555556], [77.1062411924, 28.5434695592], [77.10626696515556, 28.543474277688887], [77.10629352715556, 28.54347803102222], [77.1063208784, 28.543480819200003], [77.10634901888889, 28.543482642222223], [77.10637794862222, 28.54348350008889], [77.10640766760001, 28.543483392800002], [77.10643817582222, 28.543482320355558], [77.1064694732889, 28.543480282755556], [77.10650156, 28.54347728], [77.10688754, 28.54341849], [77.10803229, 28.54316272], [77.10810207471111, 28.543145787644445], [77.10816790084445, 28.54312973457778], [77.10822976840001, 28.543114560800003], [77.10828767737779, 28.543100266311114], [77.10834162777779, 28.54308685111112], [77.10839161960001, 28.543074315200005], [77.10843765284446, 28.54306265857778], [77.10847972751111, 28.54305188124445], [77.10851784360001, 28.543041983200006], [77.10855200111112, 28.54303296444445], [77.10858220004445, 28.543024824977778], [77.1086084404, 28.543017564800003], [77.1086307221778, 28.543011183911112], [77.10864904537779, 28.543005682311115], [77.10866341, 28.54300106], [77.10868744734519, 28.542993541342224], [77.10872136396151, 28.542983573404445], [77.10876360072001, 28.54297121624001], [77.10881259849187, 28.542956529902227], [77.10886679814816, 28.542939574444457], [77.10892464056002, 28.542920409920008], [77.10898456659851, 28.542899096382218], [77.10904501713482, 28.542875693884444], [77.10910443303999, 28.54285026248], [77.10916125518519, 28.542822862222224], [77.10921392444148, 28.542793553164444], [77.10926088168, 28.54276239536], [77.10930056777185, 28.54272944886222], [77.10933142358815, 28.542694773724445], [77.10935189, 28.54265843], [77.1093608868889, 28.54263283226667], [77.10936820822221, 28.542605583066667], [77.10937385400001, 28.542576682400004], [77.10937782422224, 28.542546130266672], [77.10938011888891, 28.542513926666672], [77.109380738, 28.5424800716], [77.10937968155557, 28.542444565066667], [77.10937694955555, 28.54240740706667], [77.109372542, 28.542368597600003], [77.1093664588889, 28.54232813666667], [77.10935870022223, 28.542286024266666], [77.109349266, 28.542242260400002], [77.10933815622222, 28.54219684506667], [77.1093253708889, 28.542149778266666], [77.10931091, 28.54210106], [77.1092914092889, 28.54205981586667], [77.10927224848889, 28.542021016800003], [77.10925342760001, 28.541984662800004], [77.10923494662224, 28.54195075386667], [77.10921680555556, 28.54191929], [77.10919900440001, 28.5418902712], [77.10918154315556, 28.541863697466667], [77.10916442182223, 28.5418395688], [77.1091476404, 28.541817885200004], [77.10913119888889, 28.541798646666663], [77.10911509728889, 28.5417818532], [77.1090993356, 28.541767504800003], [77.10908391382222, 28.54175560146667], [77.10906883195555, 28.5417461432], [77.10905409, 28.54173913], [77.10903944520001, 28.541733124844445], [77.1090246548, 28.541726690711112], [77.1090097188, 28.541719827600005], [77.10899463720001, 28.541712535511113], [77.10897941, 28.541704814444447], [77.10896403720001, 28.541696664399996], [77.1089485188, 28.54168808537778], [77.1089328548, 28.54167907737778], [77.1089170452, 28.541669640400002], [77.10890109, 28.541659774444444], [77.10888498919999, 28.54164947951111], [77.1088687428, 28.5416387556], [77.10885235079999, 28.541627602711113], [77.10883581320002, 28.541616020844444], [77.10881913, 28.54160401], [77.10964092, 28.54142383], [77.10984746, 28.5420753], [77.10997205, 28.54235906], [77.10997900822223, 28.542381458444442], [77.1099872828889, 28.542402173777777], [77.109996874, 28.542421206], [77.11000778155557, 28.542438555111115], [77.11002000555557, 28.54245422111111], [77.11003354600001, 28.542468204], [77.11004840288889, 28.542480503777778], [77.11006457622223, 28.54249112044444], [77.110082066, 28.542500054], [77.11010087222223, 28.54250730444444], [77.11012099488889, 28.542512871777774], [77.11014243400001, 28.542516756], [77.11016518955556, 28.542518957111106], [77.11018926155556, 28.54251947511111], [77.11021465, 28.54251831], [77.11023960137777, 28.542514854222222], [77.11026236217779, 28.54250850022222], [77.11028293240001, 28.542499248], [77.11030131204446, 28.54248709755556], [77.11031750111113, 28.54247204888889], [77.11033149960001, 28.542454102], [77.11034330751112, 28.54243325688889], [77.11035292484445, 28.542409513555555], [77.11036035160001, 28.542382872], [77.11036558777778, 28.54235333222222], [77.11036863337779, 28.54232089422222], [77.11036948840001, 28.542285558], [77.11036815284444, 28.542247323555557], [77.11036462671112, 28.54220619088889], [77.11035891, 28.54216216], [77.1102081, 28.54175101], [77.1101994156, 28.541732169333333], [77.11019084773334, 28.541714255333336], [77.11018239639999, 28.541697268], [77.1101740616, 28.541681207333337], [77.11016584333333, 28.541666073333335], [77.1101577416, 28.541651866], [77.1101497564, 28.541638585333335], [77.11014188773332, 28.541626231333332], [77.11013413559999, 28.541614804], [77.1101265, 28.541604303333337], [77.11011898093332, 28.541594729333333], [77.1101115784, 28.541586082], [77.1101042924, 28.541578361333336], [77.11009712293333, 28.54157156733333], [77.11009007, 28.5415657], [77.11008223022222, 28.541559858444447], [77.11007270022222, 28.541553141777776], [77.11006148000001, 28.54154555], [77.11004856955556, 28.541537083111116], [77.1100339688889, 28.54152774111111], [77.11001767800002, 28.541517524], [77.10999969688889, 28.541506431777776], [77.10998002555556, 28.54149446444444], [77.109958664, 28.541481622], [77.10993561222223, 28.541467904444445], [77.10991087022222, 28.54145331177778], [77.109884438, 28.541437844], [77.10985631555556, 28.54142150111111], [77.1098265028889, 28.541404283111113], [77.109795, 28.54138619], [77.11061134, 28.54121535], [77.11088674, 28.54203766], [77.11090714706668, 28.542085081333333], [77.11092897893333, 28.542128513333335], [77.1109522356, 28.542167956], [77.11097691706667, 28.542203409333336], [77.11100302333334, 28.542234873333335], [77.1110305544, 28.542262348], [77.11105951026666, 28.542285833333334], [77.11108989093333, 28.54230532933333], [77.11112169639999, 28.542320836], [77.11115492666667, 28.542332353333336], [77.11118958173333, 28.542339881333334], [77.1112256616, 28.54234342], [77.11126316626665, 28.542342969333333], [77.11130209573332, 28.542338529333335], [77.11134245, 28.5423301], [77.11138179884445, 28.542318260488887], [77.11141771204444, 28.54230358995556], [77.1114501896, 28.542286088400004], [77.11147923151111, 28.542265755822232], [77.11150483777779, 28.542242592222227], [77.11152700839999, 28.542216597600003], [77.11154574337777, 28.54218777195556], [77.11156104271112, 28.54215611528889], [77.1115729064, 28.542121627600004], [77.11158133444445, 28.54208430888889], [77.11158632684445, 28.54204415915556], [77.11158788360001, 28.542001178400003], [77.11158600471111, 28.541955366622226], [77.11158069017779, 28.541906723822226], [77.11157194, 28.54185525], [77.1115697400889, 28.541839330044446], [77.11156751102223, 28.541824002177776], [77.1115652528, 28.541809266400005], [77.11156296542222, 28.541795122711115], [77.1115606488889, 28.541781571111116], [77.11155830320001, 28.5417686116], [77.11155592835556, 28.541756244177776], [77.11155352435556, 28.541744468844445], [77.1115510912, 28.5417332856], [77.1115486288889, 28.541722694444445], [77.11154613742222, 28.541712695377775], [77.1115436168, 28.5417032884], [77.11154106702223, 28.54169447351111], [77.1115384880889, 28.54168625071111], [77.11153588, 28.54167862], [77.11153265991113, 28.541670281555554], [77.11152824497779, 28.541659935555554], [77.11152263520002, 28.541647582], [77.1115158305778, 28.54163322088889], [77.11150783111113, 28.54161685222223], [77.11149863680001, 28.541598476], [77.11148824764444, 28.541578092222224], [77.11147666364445, 28.54155570088889], [77.1114638848, 28.541531302], [77.11144991111112, 28.541504895555555], [77.11143474257779, 28.541476481555556], [77.1114183792, 28.54144606], [77.11140082097776, 28.541413630888886], [77.11138206791111, 28.54137919422222], [77.11136212, 28.54134275], [77.11135218066666, 28.541332596266663], [77.11134247466667, 28.54132298306667], [77.111333002, 28.5413139104], [77.11132376266667, 28.541305378266674], [77.11131475666667, 28.54129738666667], [77.11130598400001, 28.541289935600005], [77.11129744466666, 28.54128302506667], [77.11128913866666, 28.541276655066667], [77.111281066, 28.5412708256], [77.11127322666667, 28.541265536666668], [77.11126562066667, 28.54126078826667], [77.111258248, 28.541256580400002], [77.11125110866666, 28.541252913066668], [77.11124420266665, 28.54124978626667], [77.11123753, 28.5412472], [77.11123069711111, 28.541244999822222], [77.11122331044444, 28.541243031288893], [77.11121537000001, 28.5412412944], [77.11120687577778, 28.541239789155558], [77.11119782777779, 28.541238515555563], [77.111188226, 28.5412374736], [77.11117807044445, 28.54123666328889], [77.11116736111111, 28.54123608462222], [77.111156098, 28.5412357376], [77.11114428111111, 28.541235622222224], [77.11113191044444, 28.541235738488886], [77.111118986, 28.5412360864], [77.11110550777778, 28.541236665955555], [77.11109147577778, 28.541237477155555], [77.11107689, 28.54123852], [77.1110441, 28.54111401], [77.11184732, 28.54094608], [77.11222763, 28.54238511], [77.10312749, 28.54450382], [77.10305061, 28.54424027]], [[77.10536433, 28.5435119], [77.10536142208889, 28.543459723466665], [77.1053584476889, 28.5434104792], [77.10535540680002, 28.543364167200007], [77.10535229942224, 28.54332078746667], [77.10534912555558, 28.54328034], [77.10534588520001, 28.543242824799997], [77.10534257835556, 28.54320824186667], [77.10533920502223, 28.543176591199995], [77.10533576520001, 28.543147872800002], [77.1053322588889, 28.543122086666664], [77.1053286860889, 28.5430992328], [77.1053250468, 28.543079311200003], [77.10532134102223, 28.543062321866667], [77.10531756875557, 28.5430482648], [77.10531373, 28.54303714], [77.10530958911112, 28.54302702062222], [77.10530491044445, 28.543015979822222], [77.10529969400001, 28.5430040176], [77.1052939397778, 28.542991133955553], [77.1052876477778, 28.54297732888889], [77.10528081800001, 28.5429626024], [77.10527345044444, 28.54294695448889], [77.10526554511111, 28.542930385155557], [77.10525710200001, 28.5429128944], [77.10524812111112, 28.542894482222223], [77.10523860244444, 28.542875148622223], [77.105228546, 28.5428548936], [77.10521795177777, 28.542833717155556], [77.10520681977778, 28.54281161928889], [77.10519515, 28.5427886], [77.10518014702222, 28.542767994044446], [77.10516549542223, 28.54274862951112], [77.10515119520001, 28.5427305064], [77.10513724635555, 28.542713624711116], [77.10512364888889, 28.542697984444445], [77.10511040280001, 28.542683585600003], [77.10509750808889, 28.542670428177775], [77.10508496475556, 28.542658512177777], [77.1050727728, 28.5426478376], [77.10506093222223, 28.542638404444446], [77.10504944302221, 28.54263021271111], [77.10503830520001, 28.542623262400003], [77.10502751875556, 28.54261755351111], [77.10501708368889, 28.542613086044444], [77.105007, 28.54260986], [77.10499158461631, 28.54260661261926], [77.10497521053037, 28.542604648420745], [77.10495809984002, 28.542603910320004], [77.10494047464297, 28.5426043412326], [77.10492255703706, 28.542605884074078], [77.10490456912001, 28.542608481760002], [77.10488673298963, 28.542612077205924], [77.1048692707437, 28.542616613327407], [77.10485240448, 28.542622033040004], [77.1048363562963, 28.54262827925926], [77.10482134829036, 28.542635294900737], [77.10480760256, 28.542643022880004], [77.10479534120296, 28.542651406112594], [77.10478478631704, 28.542660387514076], [77.10477616, 28.54266991], [77.10477137533334, 28.542676388755552], [77.10476713866666, 28.542682793022223], [77.10476345, 28.542689122800006], [77.10476030933334, 28.542695378088894], [77.10475771666668, 28.54270155888889], [77.10475567200001, 28.542707665200005], [77.10475417533334, 28.542713697022222], [77.10475322666667, 28.542719654355558], [77.104752826, 28.5427255372], [77.10475297333335, 28.54273134555556], [77.10475366866666, 28.542737079422224], [77.104754912, 28.5427427388], [77.10475670333334, 28.54274832368889], [77.10475904266667, 28.54275383408889], [77.10476193, 28.54275927], [77.10478539395555, 28.542829900577782], [77.10480729782222, 28.54289582697778], [77.1048276416, 28.542957049200005], [77.1048464252889, 28.543013567244447], [77.1048636488889, 28.543065381111116], [77.10487931239999, 28.5431124908], [77.10489341582222, 28.543154896311112], [77.10490595915554, 28.543192597644445], [77.1049169424, 28.5432255948], [77.10492636555554, 28.54325388777778], [77.1049342286222, 28.543277476577778], [77.1049405316, 28.543296361200003], [77.10494527448888, 28.543310541644445], [77.10494845728888, 28.543320017911114], [77.10495008, 28.54332479], [77.10495152, 28.543328153333334], [77.10495415466667, 28.543333403333335], [77.104957984, 28.54334054], [77.104963008, 28.543349563333337], [77.10496922666667, 28.543360473333333], [77.10497664, 28.54337327], [77.104985248, 28.54338795333333], [77.10499505066667, 28.543404523333336], [77.105006048, 28.54342298], [77.10501824, 28.54344332333333], [77.10503162666666, 28.54346555333333], [77.105046208, 28.54348967], [77.105061984, 28.54351567333333], [77.10507895466667, 28.543543563333333], [77.10509712, 28.54357334], [77.10510852506667, 28.543589476666668], [77.10511997226665, 28.543604372], [77.10513146160001, 28.543618026], [77.10514299306666, 28.54363043866667], [77.10515456666667, 28.54364161], [77.10516618239998, 28.54365154], [77.10517784026666, 28.543660228666667], [77.10518954026666, 28.543667676], [77.10520128239999, 28.543673882], [77.10521306666666, 28.54367884666667], [77.10522489306666, 28.54368257], [77.1052367616, 28.543685052], [77.10524867226667, 28.543686292666667], [77.10526062506666, 28.543686292], [77.10527262, 28.54368505], [77.10528424253333, 28.543682541955558], [77.10529507813332, 28.543678743155553], [77.10530512679999, 28.5436736536], [77.10531438853334, 28.543667273288893], [77.10532286333334, 28.543659602222224], [77.1053305512, 28.5436506404], [77.10533745213333, 28.543640387822222], [77.10534356613334, 28.543628844488886], [77.1053488932, 28.5436160104], [77.10535343333333, 28.543601885555553], [77.10535718653334, 28.543586469955557], [77.1053601528, 28.543569763599997], [77.10536233213332, 28.54355176648889], [77.10536372453333, 28.543532478622218], [77.10536433, 28.5435119]]]}}, {"type": "Feature", "properties": {"name": "New Taxiway 8", "surface_type": "UNKNOWN_25", "smoothness": 0.0, "texture_orientation": 0.0}, "geometry": {"type": "Polygon", "coordinates": [[[77.08396399, 28.54865336], [77.08424441977778, 28.548587948933335], [77.08450569044444, 28.548526969066668], [77.08474780200001, 28.548470420400005], [77.08497075444446, 28.54841830293334], [77.08517454777778, 28.548370616666666], [77.085359182, 28.548327361600002], [77.08552465711111, 28.548288537733335], [77.0856709731111, 28.548254145066664], [77.08579813, 28.5482241836], [77.08590612777778, 28.548198653333333], [77.08599496644443, 28.548177554266665], [77.086064646, 28.548160886400005], [77.08611516644444, 28.54814864973333], [77.08614652777779, 28.54814084426667], [77.08615873, 28.54813747], [77.08616442737778, 28.548135294755554], [77.08617627417777, 28.548131086355557], [77.0861942704, 28.548124844800004], [77.08621841604446, 28.548116570088894], [77.08624871111112, 28.548106262222223], [77.08628515559998, 28.5480939212], [77.0863277495111, 28.548079547022223], [77.08637649284444, 28.54806313968889], [77.0864313856, 28.5480446992], [77.08649242777778, 28.548024225555558], [77.08655961937778, 28.548001718755554], [77.08663296040001, 28.5479771788], [77.08671245084444, 28.54795060568889], [77.08679809071111, 28.547921999422222], [77.08688988, 28.54789136], [77.08690899826667, 28.547887023244446], [77.08692700906667, 28.54788250631111], [77.08694391240002, 28.54787780920001], [77.08695970826668, 28.547872931911115], [77.08697439666668, 28.54786787444445], [77.08698797760002, 28.547862636800005], [77.08700045106667, 28.547857218977775], [77.08701181706667, 28.547851620977777], [77.0870220756, 28.5478458428], [77.08703122666668, 28.547839884444443], [77.08703927026667, 28.54783374591111], [77.0870462064, 28.547827427200005], [77.08705203506668, 28.54782092831111], [77.08705675626668, 28.547814249244443], [77.08706037, 28.54780739], [77.08706324057778, 28.547799604222224], [77.08706573231112, 28.547790145555556], [77.08706784520001, 28.547779014], [77.08706957924446, 28.547766209555554], [77.08707093444447, 28.547751732222224], [77.0870719108, 28.547735582], [77.08707250831112, 28.54771775888889], [77.0870727269778, 28.547698262888886], [77.0870725668, 28.547677094], [77.0870720277778, 28.547654252222223], [77.08707110991111, 28.547629737555553], [77.0870698132, 28.54760355], [77.08706813764445, 28.547575689555554], [77.08706608324445, 28.547546156222225], [77.08706365, 28.54751495], [77.08699807, 28.54703141], [77.08693577, 28.54674187], [77.08692676484445, 28.546722786755556], [77.08691810937779, 28.546704913022225], [77.08690980360001, 28.54668824880001], [77.08690184751111, 28.54667279408889], [77.08689424111112, 28.546658548888892], [77.0868869844, 28.546645513199998], [77.08688007737777, 28.546633687022222], [77.08687352004445, 28.546623070355558], [77.0868673124, 28.5466136632], [77.08686145444446, 28.546605465555555], [77.08685594617778, 28.546598477422222], [77.0868507876, 28.5465926988], [77.08684597871111, 28.54658812968889], [77.08684151951113, 28.546584770088888], [77.08683741, 28.54658262], [77.08683260106666, 28.546580843111112], [77.0868260436, 28.54657860311111], [77.08681773760001, 28.5465759], [77.08680768306667, 28.546572733777783], [77.08679588000001, 28.546569104444448], [77.08678232839999, 28.546565012], [77.08676702826668, 28.54656045644444], [77.08674997959999, 28.546555437777776], [77.0867311824, 28.546549956], [77.08671063666667, 28.54654401111111], [77.0866883424, 28.546537603111112], [77.0866642996, 28.546530732], [77.08663850826666, 28.546523397777776], [77.0866109684, 28.546515600444447], [77.08658168, 28.54650734], [77.08651282, 28.54640889], [77.08776853, 28.54614251], [77.08766362, 28.54628728], [77.0876437728, 28.54630600302222], [77.08762532453333, 28.54632434008889], [77.0876082752, 28.546342291200006], [77.08759262480001, 28.54635985635556], [77.08757837333334, 28.546377035555558], [77.0875655208, 28.546393828800003], [77.08755406719999, 28.546410236088896], [77.08754401253333, 28.54642625742222], [77.0875353568, 28.546441892799997], [77.0875281, 28.546457142222224], [77.08752224213333, 28.54647200568889], [77.0875177832, 28.5464864832], [77.0875147232, 28.54650057475556], [77.08751306213333, 28.54651428035556], [77.0875128, 28.5465276], [77.08751341217777, 28.54654079097778], [77.08751437404445, 28.546554110577777], [77.08751568560001, 28.546567558800003], [77.08751734684446, 28.546581135644452], [77.0875193577778, 28.546594841111116], [77.0875217184, 28.546608675199998], [77.0875244287111, 28.546622637911106], [77.08752748871112, 28.546636729244447], [77.0875308984, 28.5466509492], [77.08753465777778, 28.54666529777778], [77.08753876684445, 28.546679774977775], [77.0875432256, 28.546694380800005], [77.08754803404445, 28.546709115244447], [77.0875531921778, 28.54672397831111], [77.0875587, 28.54673897], [77.08786362, 28.54747731], [77.08786773466664, 28.547493444533337], [77.087872212, 28.547508490800002], [77.087877052, 28.547522448800002], [77.08788225466667, 28.54753531853334], [77.08788782, 28.5475471], [77.08789374799998, 28.5475577932], [77.08790003866666, 28.547567398133335], [77.087906692, 28.5475759148], [77.087913708, 28.547583343199996], [77.08792108666665, 28.547589683333335], [77.08792882799999, 28.547594935199996], [77.087936932, 28.5475990988], [77.08794539866666, 28.54760217413333], [77.08795422799999, 28.5476041612], [77.08796342, 28.54760506], [77.08797343622223, 28.54760530093333], [77.08798473822222, 28.5476053144], [77.087997326, 28.547605100400002], [77.08801119955557, 28.547604658933338], [77.0880263588889, 28.54760399], [77.088042804, 28.547603093600003], [77.08806053488888, 28.547601969733336], [77.08807955155555, 28.547600618399997], [77.088099854, 28.5475990396], [77.08812144222222, 28.54759723333333], [77.08814431622221, 28.547595199599996], [77.088168476, 28.5475929384], [77.08819392155556, 28.54759044973333], [77.0882206528889, 28.5475877336], [77.08824867, 28.54758479], [77.08895212, 28.54752653], [77.09640002, 28.54580826], [77.09642188400002, 28.54579649395556], [77.09644215333333, 28.54578454248889], [77.096460828, 28.545772405600005], [77.09647790800003, 28.545760083288894], [77.09649339333333, 28.545747575555556], [77.096507284, 28.5457348824], [77.09651958, 28.54572200382222], [77.09653028133333, 28.54570893982222], [77.096539388, 28.545695690399995], [77.0965469, 28.545682255555555], [77.09655281733333, 28.545668635288887], [77.09655714, 28.5456548296], [77.096559868, 28.54564083848889], [77.09656100133334, 28.545626661955552], [77.09656054, 28.5456123], [77.09655808528888, 28.54559753031111], [77.0965532384889, 28.545582130577777], [77.0965459996, 28.545566100800002], [77.09653636862224, 28.545549440977776], [77.09652434555557, 28.54553215111111], [77.0965099304, 28.5455142312], [77.09649312315555, 28.545495681244443], [77.09647392382223, 28.545476501244444], [77.0964523324, 28.545456691200002], [77.09642834888889, 28.545436251111113], [77.09640197328889, 28.545415180977777], [77.0963732056, 28.5453934808], [77.09634204582221, 28.54537115057778], [77.09630849395555, 28.545348190311113], [77.09627255, 28.5453246], [77.09612155893333, 28.54528803888889], [77.0959795484, 28.545253960888893], [77.09584651840001, 28.545222366], [77.09572246893333, 28.545193254222227], [77.0956074, 28.545166625555563], [77.09550131159999, 28.54514248], [77.09540420373332, 28.545120817555556], [77.09531607639998, 28.54510163822222], [77.09523692959999, 28.545084942], [77.09516676333331, 28.545070728888888], [77.09510557759998, 28.54505899888889], [77.09505337239999, 28.545049752], [77.09501014773332, 28.54504298822222], [77.0949759036, 28.545038707555555], [77.09495064, 28.54503691], [77.09492455804444, 28.54503616871111], [77.09488785884444, 28.545035056844448], [77.09484054240001, 28.5450335744], [77.09478260871113, 28.545031721377782], [77.0947140577778, 28.54502949777778], [77.09463488959999, 28.5450269036], [77.09454510417778, 28.545023938844444], [77.09444470151111, 28.545020603511112], [77.0943336816, 28.5450168976], [77.09421204444445, 28.545012821111115], [77.09407979004445, 28.545008374044443], [77.0939369184, 28.5450035564], [77.0937834295111, 28.544998368177776], [77.09361932337778, 28.544992809377778], [77.0934446, 28.54498688], [77.09342099, 28.54490766], [77.09479955, 28.54460746], [77.09532359, 28.54466166], [77.09715538, 28.54514949], [77.09717378142223, 28.54515532671111], [77.0971912176889, 28.54516060751111], [77.09720768880001, 28.545165332400003], [77.09722319475559, 28.54516950137778], [77.09723773555558, 28.545173114444445], [77.09725131120001, 28.545176171599998], [77.09726392168889, 28.545178672844443], [77.09727556702222, 28.545180618177778], [77.0972862472, 28.545182007599998], [77.09729596222223, 28.54518284111111], [77.09730471208889, 28.54518311871111], [77.09731249680001, 28.5451828404], [77.09731931635557, 28.545182006177775], [77.09732517075555, 28.545180616044444], [77.09733006, 28.54517867], [77.09733415191113, 28.54517579746667], [77.09733761431112, 28.545171627866665], [77.09734044720001, 28.545166161200008], [77.09734265057779, 28.54515939746667], [77.09734422444447, 28.54515133666667], [77.0973451688, 28.5451419788], [77.09734548364445, 28.54513132386667], [77.09734516897778, 28.54511937186667], [77.0973442248, 28.5451061228], [77.09734265111112, 28.545091576666668], [77.09734044791111, 28.545075733466668], [77.0973376152, 28.545058593200004], [77.09733415297778, 28.54504015586667], [77.09733006124445, 28.545020421466667], [77.09732534, 28.54499939], [77.09727341, 28.54459912], [77.09727238324443, 28.544574751288888], [77.09727055897778, 28.544551679822227], [77.09726793719999, 28.5445299056], [77.0972645179111, 28.544509428622227], [77.09726030111112, 28.54449024888889], [77.09725528679999, 28.5444723664], [77.09724947497777, 28.544455781155555], [77.09724286564445, 28.544440493155555], [77.0972354588, 28.544426502399993], [77.09722725444445, 28.544413808888887], [77.09721825257776, 28.54440241262222], [77.0972084532, 28.5443923136], [77.09719785631111, 28.54438351182222], [77.09718646191111, 28.54437600728889], [77.09717427, 28.5443698], [77.09716084008889, 28.544363796533332], [77.0971457316889, 28.544356903466664], [77.0971289448, 28.544349120800003], [77.09711047942224, 28.544340448533333], [77.09709033555558, 28.544330886666668], [77.09706851320001, 28.5443204352], [77.09704501235555, 28.544309094133332], [77.09701983302223, 28.544296863466666], [77.09699297520001, 28.544283743199998], [77.0969644388889, 28.54426973333333], [77.0969342240889, 28.544254833866667], [77.0969023308, 28.5442390448], [77.09686875902223, 28.544222366133333], [77.09683350875557, 28.544204797866666], [77.09679658, 28.54418634], [77.09946873, 28.5436193], [77.10183398, 28.54422387], [77.10189586484445, 28.544239400622224], [77.10195474071112, 28.54425382182222], [77.10201060760002, 28.544267133600005], [77.10206346551112, 28.544279335955558], [77.10211331444445, 28.544290428888893], [77.1021601544, 28.5443004124], [77.10220398537777, 28.544309286488886], [77.10224480737779, 28.54431705115556], [77.10228262040002, 28.5443237064], [77.10231742444446, 28.544329252222227], [77.10234921951113, 28.544333688622224], [77.10237800560002, 28.544337015600004], [77.10240378271112, 28.544339233155554], [77.10242655084446, 28.54434034128889], [77.10244631, 28.54434034], [77.10246603346667, 28.544339376311115], [77.10248869453333, 28.544337597244446], [77.10251429320002, 28.544335002800004], [77.10254282946667, 28.544331592977784], [77.10257430333334, 28.54432736777778], [77.1026087148, 28.5443223272], [77.10264606386667, 28.544316471244446], [77.10268635053333, 28.54430979991111], [77.10272957480001, 28.5443023132], [77.10277573666667, 28.544294011111113], [77.10282483613334, 28.544284893644445], [77.1028768732, 28.544274960800003], [77.10293184786667, 28.54426421257778], [77.10298976013334, 28.54425264897778], [77.10305061, 28.54424027], [77.10312749, 28.54450382], [77.09791764, 28.5457005], [77.09245518, 28.5469545], [77.08402118, 28.54889067], [77.08396399, 28.54865336]], [[77.09915803, 28.54513612], [77.09917105977779, 28.545133710844443], [77.09919504244445, 28.54512870737778], [77.099229978, 28.545121109600004], [77.09927586644446, 28.54511091751111], [77.09933270777779, 28.545098131111118], [77.099400502, 28.545082750400002], [77.09947924911111, 28.545064775377778], [77.09956894911112, 28.545044206044444], [77.099669602, 28.545021042400002], [77.09978120777778, 28.544995284444447], [77.09990376644444, 28.54496693217778], [77.100037278, 28.5449359856], [77.10018174244445, 28.544902444711113], [77.10033715977778, 28.544866309511114], [77.10050353, 28.54482758], [77.10056871142221, 28.544819071022225], [77.10062817835556, 28.54480907742222], [77.1006819308, 28.544797599200002], [77.10072996875557, 28.544784636355562], [77.10077229222223, 28.544770188888894], [77.1008089012, 28.544754256799997], [77.10083979568888, 28.54473684008889], [77.10086497568888, 28.544717938755554], [77.1008844412, 28.544697552800002], [77.10089819222222, 28.544675682222223], [77.10090622875555, 28.54465232702222], [77.1009085508, 28.544627487200003], [77.10090515835554, 28.544601162755555], [77.10089605142223, 28.54457335368889], [77.10088123, 28.54454406], [77.10086340795557, 28.544515025733332], [77.10084529915555, 28.544487994933334], [77.10082690360001, 28.544462967600005], [77.1008082212889, 28.544439943733334], [77.10078925222223, 28.544418923333335], [77.1007699964, 28.5443999064], [77.10075045382223, 28.54438289293333], [77.10073062448889, 28.54436788293333], [77.10071050840001, 28.5443548764], [77.10069010555557, 28.544343873333332], [77.10066941595557, 28.544334873733334], [77.10064843960001, 28.5443278776], [77.10062717648889, 28.544322884933333], [77.10060562662224, 28.544319895733334], [77.10058379, 28.54431891], [77.10044507484446, 28.544288741600003], [77.10031471071112, 28.544260500400004], [77.10019269760001, 28.544234186400008], [77.10007903551113, 28.544209799600004], [77.09997372444445, 28.54418734], [77.09987676440001, 28.5441668076], [77.09978815537778, 28.544148202400002], [77.09970789737778, 28.544131524400004], [77.0996359904, 28.544116773600003], [77.09957243444444, 28.54410395], [77.09951722951112, 28.5440930536], [77.0994703756, 28.544084084400005], [77.09943187271111, 28.544077042399998], [77.09940172084445, 28.5440719276], [77.09937992, 28.54406874], [77.09935851773334, 28.5440665716], [77.09932956160002, 28.5440645144], [77.0992930516, 28.5440625684], [77.09924898773335, 28.544060733600002], [77.09919737000003, 28.54405901], [77.09913819840001, 28.5440573976], [77.09907147293333, 28.544055896399996], [77.09899719359998, 28.5440545064], [77.0989153604, 28.5440532276], [77.09882597333333, 28.54405206], [77.0987290324, 28.5440510036], [77.09862453759999, 28.544050058400003], [77.09851248893332, 28.5440492244], [77.0983928864, 28.544048501600003], [77.09826573, 28.54404789], [77.09822247608886, 28.544048254711115], [77.09818171435556, 28.544049996844446], [77.09814344480002, 28.544053116400008], [77.09810766742223, 28.544057613377785], [77.09807438222224, 28.544063487777784], [77.09804358919999, 28.544070739600002], [77.09801528835555, 28.544079368844447], [77.09798947968889, 28.544089375511113], [77.0979661632, 28.5441007596], [77.09794533888889, 28.544113521111115], [77.09792700675555, 28.544127660044445], [77.0979111668, 28.544143176400006], [77.09789781902222, 28.544160070177778], [77.09788696342223, 28.54417834137778], [77.0978786, 28.54419799], [77.09787195711111, 28.54421802777778], [77.09786626311113, 28.544237466444446], [77.097861518, 28.544256306], [77.0978577217778, 28.54427454644445], [77.09785487444447, 28.54429218777778], [77.09785297600001, 28.54430923], [77.09785202644446, 28.54432567311111], [77.09785202577778, 28.544341517111114], [77.097852974, 28.544356762], [77.09785487111111, 28.544371407777778], [77.09785771711111, 28.544385454444445], [77.097861512, 28.544398902], [77.09786625577777, 28.544411750444446], [77.09787194844445, 28.544423999777777], [77.09787859, 28.54443565], [77.09814297, 28.54505273], [77.09814991626666, 28.545072668], [77.0981569044, 28.545091346], [77.0981639344, 28.545108764], [77.09817100626667, 28.545124922], [77.09817812, 28.54513982], [77.0981852756, 28.545153458], [77.09819247306666, 28.545165836], [77.0981997124, 28.545176954], [77.0982069936, 28.545186812], [77.09821431666666, 28.54519541], [77.0982216816, 28.545202748], [77.09822908839999, 28.545208826], [77.09823653706665, 28.545213644], [77.0982440276, 28.545217202], [77.09825156, 28.5452195], [77.09827227381035, 28.54522072098371], [77.09831000941628, 28.54521959240297], [77.09836214808001, 28.545216432960004], [77.09842607106371, 28.545211561357043], [77.09849915962963, 28.545205296296306], [77.09857879504, 28.54519795648], [77.09866235855704, 28.545189860610364], [77.09874723144299, 28.54518132738963], [77.09883079496001, 28.545172675519996], [77.09891043037037, 28.545164223703708], [77.09898351893628, 28.545156290642957], [77.09904744191999, 28.54514919504], [77.0990995805837, 28.545143255597033], [77.09913731618963, 28.545138791016296], [77.09915803, 28.54513612]]]}}, {"type": "Feature", "properties": {"name": "New Taxiway 7", "surface_type": "UNKNOWN_25", "smoothness": 0.0, "texture_orientation": 0.0}, "geometry": {"type": "Polygon", "coordinates": [[[77.07688247, 28.55054701], [77.0767843, 28.5502463], [77.0768088712, 28.550244869333337], [77.07683218746668, 28.55024326], [77.0768542488, 28.550241472], [77.07687505520002, 28.550239505333334], [77.07689460666668, 28.55023736], [77.0769129032, 28.550235036], [77.0769299448, 28.550232533333332], [77.07694573146667, 28.550229852], [77.0769602632, 28.550226992], [77.07697354, 28.55022395333333], [77.07698556186666, 28.550220736], [77.07699632879999, 28.55021734], [77.0770058408, 28.550213765333332], [77.07701409786667, 28.550210012], [77.0770211, 28.55020608], [77.07702798071112, 28.550201665466666], [77.07703587351111, 28.550196464533336], [77.07704477840001, 28.5501904772], [77.07705469537778, 28.550183703466665], [77.07706562444444, 28.550176143333335], [77.0770775656, 28.550167796800004], [77.07709051884444, 28.550158663866668], [77.07710448417778, 28.55014874453333], [77.0771194616, 28.5501380388], [77.0771354511111, 28.550126546666668], [77.07715245271112, 28.550114268133335], [77.0771704664, 28.550101203200004], [77.07718949217778, 28.55008735186667], [77.07720953004446, 28.550072714133336], [77.07723058, 28.55005729], [77.07999014, 28.54780528], [77.08154978, 28.54748758], [77.08145415, 28.54760823], [77.08098512, 28.54777512], [77.08090995444444, 28.54781058808889], [77.08083928177777, 28.547844072355556], [77.080773102, 28.547875572800006], [77.08071141511113, 28.547905089422226], [77.08065422111112, 28.547932622222227], [77.08060152, 28.5479581712], [77.08055331177778, 28.54798173635556], [77.08050959644446, 28.548003317688888], [77.08047037400001, 28.5480229152], [77.08043564444446, 28.54804052888889], [77.08040540777779, 28.548056158755557], [77.080379664, 28.548069804800004], [77.08035841311111, 28.54808146702222], [77.08034165511111, 28.548091145422223], [77.08032939, 28.54809884], [77.0803178636, 28.548106525688894], [77.08030332173334, 28.548116177422227], [77.0802857644, 28.548127795200006], [77.0802651916, 28.548141379022226], [77.08024160333335, 28.548156928888893], [77.0802149996, 28.5481744448], [77.0801853804, 28.548193926755555], [77.08015274573333, 28.548215374755557], [77.0801170956, 28.5482387888], [77.08007843, 28.548264168888892], [77.08003674893334, 28.54829151502222], [77.0799920524, 28.5483208272], [77.0799443404, 28.54835210542222], [77.07989361293335, 28.54838534968889], [77.07983987, 28.54842056], [77.07870371, 28.54935756], [77.07866699706666, 28.549386164844446], [77.0786339676, 28.549414072711116], [77.07860462160001, 28.5494412836], [77.07857895906668, 28.549467797511113], [77.07855698000002, 28.54949361444445], [77.0785386844, 28.549518734399996], [77.07852407226667, 28.549543157377776], [77.0785131436, 28.549566883377775], [77.07850589840001, 28.549589912400002], [77.07850233666667, 28.549612244444447], [77.07850245840001, 28.54963387951111], [77.0785062636, 28.5496548176], [77.07851375226667, 28.54967505871111], [77.0785249244, 28.549694602844443], [77.07853978, 28.54971345], [77.07855693271112, 28.549731198], [77.07857499617778, 28.54974744466667], [77.07859397040001, 28.54976219], [77.0786138553778, 28.549775434], [77.07863465111112, 28.549787176666666], [77.0786563576, 28.549797418], [77.07867897484444, 28.549806158], [77.07870250284444, 28.549813396666668], [77.0787269416, 28.549819134], [77.07875229111112, 28.54982337], [77.07877855137778, 28.549826104666664], [77.0788057224, 28.549827338], [77.07883380417778, 28.54982707], [77.0788627967111, 28.54982530066667], [77.0788927, 28.54982203], [77.08115611, 28.54932482], [77.0811799047111, 28.549319234844447], [77.08120363817778, 28.54931344471111], [77.08122731040001, 28.549307449600004], [77.08125092137777, 28.549301249511114], [77.08127447111112, 28.549294844444447], [77.0812979596, 28.549288234400002], [77.08132138684445, 28.549281419377778], [77.08134475284444, 28.54927439937778], [77.0813680576, 28.549267174400004], [77.08139130111111, 28.549259744444445], [77.08141448337777, 28.549252109511112], [77.08143760440001, 28.549244269600003], [77.08146066417777, 28.54923622471111], [77.08148366271111, 28.549227974844445], [77.0815066, 28.54921952], [77.08153021871112, 28.549209904444446], [77.08155526151113, 28.549198172444445], [77.08158172840001, 28.549184324], [77.0816096193778, 28.549168359111118], [77.08163893444446, 28.549150277777777], [77.0816696736, 28.54913008], [77.08170183684443, 28.549107765777777], [77.08173542417778, 28.54908333511111], [77.0817704356, 28.549056788], [77.08180687111111, 28.549028124444444], [77.08184473071111, 28.548997344444444], [77.0818840144, 28.548964448], [77.08192472217777, 28.54892943511111], [77.08196685404444, 28.548892305777777], [77.08201041, 28.54885306], [77.08438468, 28.54687151], [77.08604102, 28.54651364], [77.08576168, 28.54671863], [77.08568142093333, 28.546745530933336], [77.08560535840002, 28.54677156706667], [77.0855334924, 28.5467967384], [77.08546582293336, 28.54682104493334], [77.08540235000002, 28.54684448666667], [77.0853430736, 28.5468670636], [77.08528799373335, 28.546888775733336], [77.0852371104, 28.546909623066668], [77.0851904236, 28.5469296056], [77.08514793333333, 28.546948723333337], [77.08510963959999, 28.546966976266667], [77.0850755424, 28.546984364400004], [77.08504564173333, 28.547000887733336], [77.08501993760001, 28.54701654626667], [77.08499843, 28.54703134], [77.0849778140889, 28.547046288133334], [77.08495478502222, 28.547062409866662], [77.08492934280001, 28.547079705200005], [77.08490148742223, 28.547098174133335], [77.0848712188889, 28.547117816666667], [77.0848385372, 28.547138632800003], [77.08480344235556, 28.547160622533333], [77.08476593435556, 28.547183785866665], [77.08472601320001, 28.5472081228], [77.0846836788889, 28.547233633333335], [77.08463893142222, 28.547260317466666], [77.0845917708, 28.547288175200002], [77.08454219702222, 28.547317206533332], [77.0844902100889, 28.547347411466667], [77.08443581, 28.54737879], [77.08333419, 28.54827175], [77.08328344355556, 28.548306850622225], [77.08323822288888, 28.548340808488888], [77.083198528, 28.548373623600007], [77.0831643588889, 28.548405295955558], [77.08313571555557, 28.548435825555565], [77.08311259799999, 28.5484652124], [77.08309500622222, 28.54849345648889], [77.08308294022223, 28.548520557822226], [77.0830764, 28.548546516400002], [77.08307538555556, 28.548571332222224], [77.08307989688888, 28.548595005288888], [77.083089934, 28.548617535600002], [77.08310549688889, 28.548638923155554], [77.08312658555556, 28.548659167955556], [77.0831532, 28.54867827], [77.08318217515556, 28.548695935911113], [77.08321034595556, 28.54871187231111], [77.0832377124, 28.548726079200005], [77.08326427448891, 28.548738556577778], [77.08329003222222, 28.548749304444453], [77.0833149856, 28.548758322799998], [77.08333913462224, 28.548765611644445], [77.0833624792889, 28.54877117097778], [77.0833850196, 28.5487750008], [77.08340675555556, 28.548777101111114], [77.08342768715556, 28.54877747191111], [77.0834478144, 28.548776113200002], [77.08346713728889, 28.54877302497778], [77.08348565582223, 28.548768207244446], [77.08350337, 28.54876166], [77.08396399, 28.54865336], [77.08402118, 28.54889067], [77.07882419, 28.55009746], [77.07688247, 28.55054701]]]}}, {"type": "Feature", "properties": {"name": "New Taxiway 4", "surface_type": "UNKNOWN_25", "smoothness": 0.0, "texture_orientation": 0.0}, "geometry": {"type": "Polygon", "coordinates": [[[77.0685188, 28.55210096], [77.06827068, 28.55118004], [77.06805615, 28.55038334], [77.06984635, 28.54999825], [77.06983652, 28.55012275], [77.06982541564444, 28.55013097377778], [77.0698148359111, 28.550139429111113], [77.06980478080001, 28.550148116], [77.0697952503111, 28.550157034444446], [77.06978624444444, 28.550166184444446], [77.0697777632, 28.550175566], [77.06976980657777, 28.55018517911111], [77.06976237457778, 28.550195023777775], [77.0697554672, 28.5502051], [77.06974908444444, 28.550215407777777], [77.0697432263111, 28.55022594711111], [77.06973789279999, 28.550236718], [77.0697330839111, 28.550247720444446], [77.06972879964445, 28.55025895444445], [77.06972504, 28.55027042], [77.06972187782222, 28.550282039955558], [77.06971938595554, 28.550293737155556], [77.0697175644, 28.5503055116], [77.06971641315556, 28.55031736328889], [77.06971593222224, 28.550329292222226], [77.0697161216, 28.5503412984], [77.06971698128889, 28.550353381822223], [77.0697185112889, 28.55036554248889], [77.0697207116, 28.5503777804], [77.06972358222222, 28.550390095555557], [77.06972712315556, 28.550402487955555], [77.0697313344, 28.550414957600005], [77.06973621595556, 28.550427504488887], [77.06974176782222, 28.550440128622224], [77.06974799, 28.55045283], [77.06982013, 28.55077423], [77.07000046, 28.55123171], [77.07002642084444, 28.551285828622223], [77.07005088204444, 28.551336427155555], [77.07007384360001, 28.551383505600004], [77.07009530551112, 28.55142706395556], [77.0701152677778, 28.551467102222222], [77.0701337304, 28.5515036204], [77.07015069337778, 28.551536618488885], [77.07016615671111, 28.55156609648889], [77.07018012040001, 28.5515920544], [77.07019258444444, 28.55161449222222], [77.07020354884445, 28.551633409955553], [77.07021301360001, 28.551648807600003], [77.07022097871112, 28.551660685155554], [77.07022744417779, 28.551669042622223], [77.07023241, 28.55167388], [77.07023660719999, 28.55167691408889], [77.07024076680001, 28.551679861688893], [77.07024488880002, 28.551682722800003], [77.07024897320001, 28.551685497422227], [77.07025302000002, 28.55168818555556], [77.07025702920001, 28.551690787200002], [77.0702610008, 28.55169330235556], [77.07026493480001, 28.55169573102222], [77.07026883120001, 28.5516980732], [77.07027269, 28.55170032888889], [77.0702765112, 28.551702498088886], [77.0702802948, 28.551704580800003], [77.0702840408, 28.551706577022223], [77.07028774920002, 28.551708486755558], [77.07029142, 28.55171031], [77.0685188, 28.55210096]], [[77.06926549, 28.55108262], [77.06926158735705, 28.551069599235557], [77.06925166938966, 28.55104246401778], [77.06923645304003, 28.551003468960005], [77.0692166552504, 28.55095486867556], [77.069192992963, 28.550898917777783], [77.06916618312002, 28.55083787088], [77.0691369426637, 28.550773982595555], [77.06910598853631, 28.55070950753778], [77.06907403768002, 28.55064670032], [77.06904180703705, 28.55058781555556], [77.06901001354964, 28.55053510785778], [77.06897937416002, 28.55049083184], [77.06895060581039, 28.550457242115556], [77.06892442544297, 28.550436593297782], [77.06890155, 28.55043114], [77.06888348149336, 28.550442819202964], [77.06887083981334, 28.550470445090376], [77.06886301872002, 28.550511588080006], [77.06885941197334, 28.550563818589634], [77.06885941333333, 28.550624707037045], [77.06886241656, 28.55069182384], [77.06886781541333, 28.550762739416296], [77.06887500365333, 28.550835024183705], [77.06888337504, 28.550906248560004], [77.06889232333333, 28.550973982962965], [77.06890124229332, 28.551035797810368], [77.06890952568, 28.551089263520005], [77.06891656725332, 28.551131950509635], [77.06892176077332, 28.55116142919704], [77.0689245, 28.55117527], [77.06892946495407, 28.551189027597037], [77.0689411452326, 28.551218232642967], [77.06895864896, 28.55126041952001], [77.06898108426076, 28.55131312261038], [77.06900755925928, 28.55137387629631], [77.06903718208001, 28.551440214960003], [77.06906906084738, 28.551509672983702], [77.06910230368592, 28.55157978474963], [77.06913601872, 28.551648084640004], [77.06916931407407, 28.55171210703704], [77.06920129787258, 28.551769386322963], [77.06923107824, 28.551817456880002], [77.06925776330074, 28.55185385309037], [77.06928046117926, 28.5518761093363], [77.06929828, 28.55188176], [77.06931104114666, 28.55186887642667], [77.06931949477335, 28.55183891354667], [77.06932414216, 28.55179448112001], [77.06932548458668, 28.55173818890667], [77.06932402333335, 28.55167264666667], [77.06932025968003, 28.55160046416], [77.06931469490667, 28.551524251146663], [77.06930783029334, 28.551446617386667], [77.06930016712, 28.551370172640002], [77.06929220666667, 28.551297526666666], [77.06928445021333, 28.551231289226664], [77.06927739904002, 28.551174070080002], [77.06927155442668, 28.551128478986666], [77.06926741765334, 28.55109712570667], [77.06926549, 28.55108262]]]}}]}