{"type": "FeatureCollection", "features": [{"type": "Feature", "properties": {"name": "Linear Feature 42", "painted_line_type": "WIDE_SOLID_YELLOW", "lighting_line_type": null}, "geometry": {"type": "LineString", "coordinates": [[-0.17195667, 51.1573495], [-0.17195173, 51.1573364], [-0.17194276, 51.15733759], [-0.17194772, 51.15735077], [-0.17195667, 51.1573495]]}}, {"type": "Feature", "properties": {"name": "Linear Feature 41", "painted_line_type": "WIDE_SOLID_YELLOW", "lighting_line_type": null}, "geometry": {"type": "LineString", "coordinates": [[-0.17189886, 51.1573011], [-0.17189626, 51.15730151], [-0.17189199, 51.15728983]]}}, {"type": "Feature", "properties": {"name": "Linear Feature 40", "painted_line_type": "WIDE_SOLID_YELLOW", "lighting_line_type": null}, "geometry": {"type": "LineString", "coordinates": [[-0.17192166, 51.15729827], [-0.17190971, 51.15728732]]}}, {"type": "Feature", "properties": {"name": "Linear Feature 39", "painted_line_type": "WIDE_SOLID_YELLOW", "lighting_line_type": null}, "geometry": {"type": "LineString", "coordinates": [[-0.17189068, 51.15730242], [-0.17188697, 51.15729237], [-0.17188525, 51.15729192], [-0.17188085, 51.15729263], [-0.17188459, 51.15730258], [-0.17188652, 51.15730306], [-0.17189068, 51.15730242]]}}, {"type": "Feature", "properties": {"name": "Linear Feature 39", "painted_line_type": "WIDE_SOLID_YELLOW", "lighting_line_type": null}, "geometry": {"type": "LineString", "coordinates": [[-0.17193223, 51.15729622], [-0.17192853, 51.15728618], [-0.1719268, 51.15728573], [-0.1719224, 51.15728644], [-0.17192614, 51.15729638], [-0.17192808, 51.15729687], [-0.17193223, 51.15729622]]}}, {"type": "Feature", "properties": {"name": "Linear Feature 39", "painted_line_type": "WIDE_SOLID_YELLOW", "lighting_line_type": null}, "geometry": {"type": "LineString", "coordinates": [[-0.17194341, 51.15729459], [-0.17193971, 51.15728455], [-0.17193798, 51.15728409], [-0.17193358, 51.15728481], [-0.17193732, 51.15729475], [-0.17193926, 51.15729523], [-0.17194341, 51.15729459]]}}, {"type": "Feature", "properties": {"name": "Linear Feature 38", "painted_line_type": "WIDE_SOLID_YELLOW", "lighting_line_type": null}, "geometry": {"type": "LineString", "coordinates": [[-0.17190986, 51.15729965], [-0.17190231, 51.15730059], [-0.17190136, 51.15729839], [-0.17190338, 51.15729579], [-0.17190047, 51.15729495], [-0.1718989, 51.15729116], [-0.17190036, 51.15728962], [-0.17190639, 51.15728864]]}}, {"type": "Feature", "properties": {"name": "Linear Feature 38", "painted_line_type": "WIDE_SOLID_YELLOW", "lighting_line_type": null}, "geometry": {"type": "LineString", "coordinates": [[-0.17195607, 51.15729281], [-0.17194852, 51.15729376], [-0.17194757, 51.15729155], [-0.17194959, 51.15728895], [-0.17194668, 51.15728811], [-0.17194511, 51.15728433], [-0.17194657, 51.15728278], [-0.1719526, 51.1572818]]}}, {"type": "Feature", "properties": {"name": "Linear Feature 37", "painted_line_type": "WIDE_SOLID_YELLOW", "lighting_line_type": null}, "geometry": {"type": "LineString", "coordinates": [[-0.17196412, 51.15728215], [-0.17195685, 51.15728314]]}}, {"type": "Feature", "properties": {"name": "Linear Feature 36", "painted_line_type": "WIDE_SOLID_YELLOW", "lighting_line_type": null}, "geometry": {"type": "LineString", "coordinates": [[-0.17196434, 51.15729232], [-0.17195473, 51.15728075]]}}, {"type": "Feature", "properties": {"name": "Linear Feature 35", "painted_line_type": "WIDE_SOLID_YELLOW", "lighting_line_type": null}, "geometry": {"type": "LineString", "coordinates": [[-0.17196434, 51.15729232], [-0.17196412, 51.15727942]]}}, {"type": "Feature", "properties": {"name": "Linear Feature 34", "painted_line_type": "WIDE_SOLID_YELLOW", "lighting_line_type": null}, "geometry": {"type": "LineString", "coordinates": [[-0.17193851, 51.15731918], [-0.17193093, 51.15732031], [-0.17193125, 51.15730685]]}}, {"type": "Feature", "properties": {"name": "Linear Feature 33", "painted_line_type": "WIDE_SOLID_YELLOW", "lighting_line_type": null}, "geometry": {"type": "LineString", "coordinates": [[-0.17194574, 51.1573188], [-0.17194902, 51.15731391], [-0.17194635, 51.15730681], [-0.17194428, 51.15730587], [-0.17193851, 51.15730669], [-0.17193828, 51.15730797], [-0.17193943, 51.15731103], [-0.17194098, 51.15731176], [-0.171947, 51.1573109]]}}, {"type": "Feature", "properties": {"name": "Linear Feature 32", "painted_line_type": "WIDE_SOLID_YELLOW", "lighting_line_type": null}, "geometry": {"type": "LineString", "coordinates": [[-0.17196299, 51.15731566], [-0.17195515, 51.15731688], [-0.17195449, 51.15730372]]}}, {"type": "Feature", "properties": {"name": "Linear Feature 31", "painted_line_type": "WIDE_SOLID_YELLOW", "lighting_line_type": null}, "geometry": {"type": "LineString", "coordinates": [[-0.17196612, 51.15731027], [-0.17196402, 51.15730897], [-0.1719626, 51.15730445], [-0.17196358, 51.15730358], [-0.17197023, 51.15730266], [-0.17197409, 51.15731425], [-0.17196824, 51.15731516], [-0.17196625, 51.15731484], [-0.17196512, 51.15731189], [-0.17196612, 51.15731027], [-0.17197219, 51.1573094]]}}, {"type": "Feature", "properties": {"name": "Linear Feature 30", "painted_line_type": "WIDE_SOLID_YELLOW", "lighting_line_type": null}, "geometry": {"type": "LineString", "coordinates": [[-0.17193684, 51.1573374], [-0.17194206, 51.15735158], [-0.17193324, 51.15735284], [-0.17193102, 51.15734699], [-0.17193998, 51.15734578]]}}, {"type": "Feature", "properties": {"name": "Linear Feature 28", "painted_line_type": "WIDE_SOLID_YELLOW", "lighting_line_type": null}, "geometry": {"type": "LineString", "coordinates": [[-0.17196519, 51.15734768], [-0.1719603, 51.15733422]]}}, {"type": "Feature", "properties": {"name": "Linear Feature 27", "painted_line_type": "WIDE_SOLID_YELLOW", "lighting_line_type": null}, "geometry": {"type": "LineString", "coordinates": [[-0.17197202, 51.15734731], [-0.17195954, 51.15734909]]}}, {"type": "Feature", "properties": {"name": "Linear Feature 26", "painted_line_type": "WIDE_SOLID_YELLOW", "lighting_line_type": null}, "geometry": {"type": "LineString", "coordinates": [[-0.17197408, 51.15734521], [-0.17197588, 51.15734676], [-0.17198605, 51.15734531], [-0.17198506, 51.15734294], [-0.17197247, 51.1573374], [-0.17197108, 51.15733383], [-0.17198059, 51.15733257], [-0.17198279, 51.15733448]]}}, {"type": "Feature", "properties": {"name": "Linear Feature 25", "painted_line_type": "WIDE_SOLID_YELLOW_WITH_BLACK_BORDER", "lighting_line_type": null}, "geometry": {"type": "LineString", "coordinates": [[-0.17197217, 51.15729836], [-0.17188594, 51.15731002]]}}, {"type": "Feature", "properties": {"name": "Linear Feature 25", "painted_line_type": "WIDE_SOLID_YELLOW_WITH_BLACK_BORDER", "lighting_line_type": null}, "geometry": {"type": "LineString", "coordinates": [[-0.17198197, 51.15732766], [-0.17189615, 51.15733958]]}}, {"type": "Feature", "properties": {"name": "Linear Feature 42", "painted_line_type": "WIDE_SOLID_YELLOW", "lighting_line_type": null}, "geometry": {"type": "LineString", "coordinates": [[-0.1739152, 51.15709433], [-0.17391027, 51.15708123], [-0.1739013, 51.15708242], [-0.17390626, 51.1570956], [-0.1739152, 51.15709433]]}}, {"type": "Feature", "properties": {"name": "Linear Feature 41", "painted_line_type": "WIDE_SOLID_YELLOW", "lighting_line_type": null}, "geometry": {"type": "LineString", "coordinates": [[-0.17385739, 51.15704593], [-0.1738548, 51.15704633], [-0.17385053, 51.15703466]]}}, {"type": "Feature", "properties": {"name": "Linear Feature 40", "painted_line_type": "WIDE_SOLID_YELLOW", "lighting_line_type": null}, "geometry": {"type": "LineString", "coordinates": [[-0.17388019, 51.15704309], [-0.17386825, 51.15703214]]}}, {"type": "Feature", "properties": {"name": "Linear Feature 39", "painted_line_type": "WIDE_SOLID_YELLOW", "lighting_line_type": null}, "geometry": {"type": "LineString", "coordinates": [[-0.17384922, 51.15704724], [-0.17384551, 51.1570372], [-0.17384379, 51.15703674], [-0.17383938, 51.15703746], [-0.17384312, 51.1570474], [-0.17384506, 51.15704788], [-0.17384922, 51.15704724]]}}, {"type": "Feature", "properties": {"name": "Linear Feature 39", "painted_line_type": "WIDE_SOLID_YELLOW", "lighting_line_type": null}, "geometry": {"type": "LineString", "coordinates": [[-0.17389077, 51.15704105], [-0.17388706, 51.15703101], [-0.17388534, 51.15703055], [-0.17388093, 51.15703127], [-0.17388468, 51.15704121], [-0.17388661, 51.15704169], [-0.17389077, 51.15704105]]}}, {"type": "Feature", "properties": {"name": "Linear Feature 39", "painted_line_type": "WIDE_SOLID_YELLOW", "lighting_line_type": null}, "geometry": {"type": "LineString", "coordinates": [[-0.17390195, 51.15703941], [-0.17389824, 51.15702937], [-0.17389652, 51.15702891], [-0.17389211, 51.15702963], [-0.17389586, 51.15703957], [-0.17389779, 51.15704006], [-0.17390195, 51.15703941]]}}, {"type": "Feature", "properties": {"name": "Linear Feature 38", "painted_line_type": "WIDE_SOLID_YELLOW", "lighting_line_type": null}, "geometry": {"type": "LineString", "coordinates": [[-0.1738684, 51.15704447], [-0.17386085, 51.15704542], [-0.1738599, 51.15704321], [-0.17386191, 51.15704062], [-0.17385901, 51.15703978], [-0.17385744, 51.15703599], [-0.1738589, 51.15703445], [-0.17386493, 51.15703346]]}}, {"type": "Feature", "properties": {"name": "Linear Feature 38", "painted_line_type": "WIDE_SOLID_YELLOW", "lighting_line_type": null}, "geometry": {"type": "LineString", "coordinates": [[-0.17391461, 51.15703764], [-0.17390706, 51.15703858], [-0.17390611, 51.15703637], [-0.17390812, 51.15703378], [-0.17390522, 51.15703294], [-0.17390365, 51.15702915], [-0.1739051, 51.15702761], [-0.17391114, 51.15702663]]}}, {"type": "Feature", "properties": {"name": "Linear Feature 37", "painted_line_type": "WIDE_SOLID_YELLOW", "lighting_line_type": null}, "geometry": {"type": "LineString", "coordinates": [[-0.17392266, 51.15702698], [-0.17391539, 51.15702796]]}}, {"type": "Feature", "properties": {"name": "Linear Feature 36", "painted_line_type": "WIDE_SOLID_YELLOW", "lighting_line_type": null}, "geometry": {"type": "LineString", "coordinates": [[-0.17392288, 51.15703715], [-0.17391327, 51.15702558]]}}, {"type": "Feature", "properties": {"name": "Linear Feature 35", "painted_line_type": "WIDE_SOLID_YELLOW", "lighting_line_type": null}, "geometry": {"type": "LineString", "coordinates": [[-0.17392288, 51.15703715], [-0.17392266, 51.15702424]]}}, {"type": "Feature", "properties": {"name": "Linear Feature 34", "painted_line_type": "WIDE_SOLID_YELLOW", "lighting_line_type": null}, "geometry": {"type": "LineString", "coordinates": [[-0.17389705, 51.157064], [-0.17388947, 51.15706514], [-0.17388978, 51.15705168]]}}, {"type": "Feature", "properties": {"name": "Linear Feature 33", "painted_line_type": "WIDE_SOLID_YELLOW", "lighting_line_type": null}, "geometry": {"type": "LineString", "coordinates": [[-0.17390427, 51.15706362], [-0.17390756, 51.15705874], [-0.17390489, 51.15705164], [-0.17390281, 51.15705069], [-0.17389704, 51.15705151], [-0.17389682, 51.15705279], [-0.17389797, 51.15705586], [-0.17389952, 51.15705658], [-0.17390554, 51.15705573]]}}, {"type": "Feature", "properties": {"name": "Linear Feature 32", "painted_line_type": "WIDE_SOLID_YELLOW", "lighting_line_type": null}, "geometry": {"type": "LineString", "coordinates": [[-0.17392153, 51.15706048], [-0.17391368, 51.1570617], [-0.17391302, 51.15704855]]}}, {"type": "Feature", "properties": {"name": "Linear Feature 31", "painted_line_type": "WIDE_SOLID_YELLOW", "lighting_line_type": null}, "geometry": {"type": "LineString", "coordinates": [[-0.17392466, 51.15705509], [-0.17392256, 51.1570538], [-0.17392113, 51.15704927], [-0.17392212, 51.1570484], [-0.17392877, 51.15704748], [-0.17393263, 51.15705907], [-0.17392678, 51.15705999], [-0.17392479, 51.15705967], [-0.17392366, 51.15705672], [-0.17392466, 51.15705509], [-0.17393073, 51.15705423]]}}, {"type": "Feature", "properties": {"name": "Linear Feature 30", "painted_line_type": "WIDE_SOLID_YELLOW", "lighting_line_type": null}, "geometry": {"type": "LineString", "coordinates": [[-0.17389537, 51.15708222], [-0.1739006, 51.15709641], [-0.17389177, 51.15709767], [-0.17388956, 51.15709182], [-0.17389851, 51.1570906]]}}, {"type": "Feature", "properties": {"name": "Linear Feature 28", "painted_line_type": "WIDE_SOLID_YELLOW", "lighting_line_type": null}, "geometry": {"type": "LineString", "coordinates": [[-0.17392373, 51.15709251], [-0.17391884, 51.15707904]]}}, {"type": "Feature", "properties": {"name": "Linear Feature 27", "painted_line_type": "WIDE_SOLID_YELLOW", "lighting_line_type": null}, "geometry": {"type": "LineString", "coordinates": [[-0.17393056, 51.15709213], [-0.17391808, 51.15709391]]}}, {"type": "Feature", "properties": {"name": "Linear Feature 26", "painted_line_type": "WIDE_SOLID_YELLOW", "lighting_line_type": null}, "geometry": {"type": "LineString", "coordinates": [[-0.17393262, 51.15709004], [-0.17393442, 51.15709158], [-0.17394458, 51.15709013], [-0.1739436, 51.15708777], [-0.17393101, 51.15708222], [-0.17392962, 51.15707866], [-0.17393913, 51.1570774], [-0.17394133, 51.15707931]]}}, {"type": "Feature", "properties": {"name": "Linear Feature 25", "painted_line_type": "WIDE_SOLID_YELLOW_WITH_BLACK_BORDER", "lighting_line_type": null}, "geometry": {"type": "LineString", "coordinates": [[-0.1739307, 51.15704318], [-0.17384448, 51.15705485]]}}, {"type": "Feature", "properties": {"name": "Linear Feature 25", "painted_line_type": "WIDE_SOLID_YELLOW_WITH_BLACK_BORDER", "lighting_line_type": null}, "geometry": {"type": "LineString", "coordinates": [[-0.17394051, 51.15707249], [-0.17385469, 51.15708441]]}}, {"type": "Feature", "properties": {"name": "Linear Feature 18", "painted_line_type": "WIDE_SOLID_YELLOW", "lighting_line_type": null}, "geometry": {"type": "LineString", "coordinates": [[-0.16707086, 51.15356201], [-0.16692135, 51.15358022], [-0.16693902, 51.15363583], [-0.16708811, 51.15361709], [-0.16707086, 51.15356201]]}}, {"type": "Feature", "properties": {"name": "Linear Feature 18", "painted_line_type": "WIDE_SOLID_YELLOW", "lighting_line_type": null}, "geometry": {"type": "LineString", "coordinates": [[-0.16815704, 51.15341995], [-0.16800753, 51.15343817], [-0.1680252, 51.15349377], [-0.16817429, 51.15347503], [-0.16815704, 51.15341995]]}}, {"type": "Feature", "properties": {"name": "Linear Feature 18", "painted_line_type": "WIDE_SOLID_YELLOW", "lighting_line_type": null}, "geometry": {"type": "LineString", "coordinates": [[-0.17169098, 51.1533146], [-0.17165751, 51.15322141], [-0.17156942, 51.15323414], [-0.17160372, 51.15332705], [-0.17169098, 51.1533146]]}}, {"type": "Feature", "properties": {"name": "Linear Feature 18", "painted_line_type": "WIDE_SOLID_YELLOW", "lighting_line_type": null}, "geometry": {"type": "LineString", "coordinates": [[-0.17306163, 51.15311103], [-0.17302816, 51.15301783], [-0.17294007, 51.15303056], [-0.17297437, 51.15312348], [-0.17306163, 51.15311103]]}}, {"type": "Feature", "properties": {"name": "Linear Feature 4", "painted_line_type": "VERY_WIDE_YELLOW", "lighting_line_type": null}, "geometry": {"type": "LineString", "coordinates": [[-0.16746383, 51.15335957], [-0.16741761, 51.15326826], [-0.16758572, 51.15335336], [-0.16763025, 51.15326841], [-0.16769776, 51.1533898], [-0.16779646, 51.15332958]]}}, {"type": "Feature", "properties": {"name": "Linear Feature 4", "painted_line_type": "VERY_WIDE_YELLOW", "lighting_line_type": null}, "geometry": {"type": "LineString", "coordinates": [[-0.16741483, 51.15360889], [-0.16732443, 51.15368031], [-0.16732307, 51.15354879], [-0.16718788, 51.15357431], [-0.1673082, 51.153463], [-0.16716792, 51.15345428], [-0.16735647, 51.15339286], [-0.16725669, 51.15333225]]}}, {"type": "Feature", "properties": {"name": "Linear Feature 4", "painted_line_type": "VERY_WIDE_YELLOW", "lighting_line_type": null}, "geometry": {"type": "LineString", "coordinates": [[-0.16775237, 51.1534526], [-0.16789475, 51.15343415], [-0.16775244, 51.15353462], [-0.16788227, 51.15356941], [-0.16767517, 51.15360167], [-0.16776769, 51.15366945], [-0.16755421, 51.15363209], [-0.16756262, 51.15372008]]}}, {"type": "Feature", "properties": {"name": "Linear Feature 41", "painted_line_type": "VERY_WIDE_YELLOW", "lighting_line_type": null}, "geometry": {"type": "LineString", "coordinates": [[-0.19342624, 51.15022496], [-0.19342427, 51.15023974], [-0.19339241, 51.15022303], [-0.19339087, 51.1502379]]}}, {"type": "Feature", "properties": {"name": "Linear Feature 41", "painted_line_type": "VERY_WIDE_YELLOW", "lighting_line_type": null}, "geometry": {"type": "LineString", "coordinates": [[-0.19349503, 51.15022661], [-0.19349415, 51.15024144], [-0.19346109, 51.15022568], [-0.19346066, 51.15024058]]}}, {"type": "Feature", "properties": {"name": "Linear Feature 41", "painted_line_type": "VERY_WIDE_YELLOW", "lighting_line_type": null}, "geometry": {"type": "LineString", "coordinates": [[-0.19356655, 51.15022737], [-0.19356639, 51.1502422], [-0.19353259, 51.15022708], [-0.19353287, 51.15024198]]}}, {"type": "Feature", "properties": {"name": "Linear Feature 41", "painted_line_type": "VERY_WIDE_YELLOW", "lighting_line_type": null}, "geometry": {"type": "LineString", "coordinates": [[-0.19363841, 51.15022789], [-0.19363828, 51.15024273], [-0.19360444, 51.15022764], [-0.19360476, 51.15024254]]}}, {"type": "Feature", "properties": {"name": "Linear Feature 41", "painted_line_type": "VERY_WIDE_YELLOW", "lighting_line_type": null}, "geometry": {"type": "LineString", "coordinates": [[-0.19370982, 51.15022659], [-0.19371059, 51.15024142], [-0.19367587, 51.15022714], [-0.19367708, 51.15024202]]}}, {"type": "Feature", "properties": {"name": "Linear Feature 41", "painted_line_type": "VERY_WIDE_YELLOW", "lighting_line_type": null}, "geometry": {"type": "LineString", "coordinates": [[-0.19378126, 51.15022495], [-0.19378221, 51.15023978], [-0.19374731, 51.15022567], [-0.19374871, 51.15024055]]}}, {"type": "Feature", "properties": {"name": "Linear Feature 41", "painted_line_type": "VERY_WIDE_YELLOW", "lighting_line_type": null}, "geometry": {"type": "LineString", "coordinates": [[-0.19384897, 51.15022218], [-0.19385057, 51.15023698], [-0.19381506, 51.15022348], [-0.19381712, 51.15023833]]}}, {"type": "Feature", "properties": {"name": "Linear Feature 41", "painted_line_type": "VERY_WIDE_YELLOW", "lighting_line_type": null}, "geometry": {"type": "LineString", "coordinates": [[-0.19391629, 51.15021888], [-0.19391832, 51.15023366], [-0.19388243, 51.15022056], [-0.19388491, 51.15023539]]}}, {"type": "Feature", "properties": {"name": "Linear Feature 41", "painted_line_type": "VERY_WIDE_YELLOW", "lighting_line_type": null}, "geometry": {"type": "LineString", "coordinates": [[-0.1939861, 51.15021497], [-0.19398854, 51.15022973], [-0.1939523, 51.15021702], [-0.19395519, 51.15023181]]}}, {"type": "Feature", "properties": {"name": "Linear Feature 41", "painted_line_type": "VERY_WIDE_YELLOW", "lighting_line_type": null}, "geometry": {"type": "LineString", "coordinates": [[-0.19484419, 51.15011421], [-0.19484887, 51.15012875], [-0.19481085, 51.15011829], [-0.19481598, 51.15013284]]}}, {"type": "Feature", "properties": {"name": "Linear Feature 41", "painted_line_type": "VERY_WIDE_YELLOW", "lighting_line_type": null}, "geometry": {"type": "LineString", "coordinates": [[-0.19570327, 51.14999597], [-0.19570795, 51.15001051], [-0.19566993, 51.15000004], [-0.19567507, 51.15001459]]}}, {"type": "Feature", "properties": {"name": "Linear Feature 41", "painted_line_type": "VERY_WIDE_YELLOW", "lighting_line_type": null}, "geometry": {"type": "LineString", "coordinates": [[-0.19656083, 51.14987803], [-0.19656551, 51.14989257], [-0.19652749, 51.14988211], [-0.19653263, 51.14989666]]}}, {"type": "Feature", "properties": {"name": "Linear Feature 41", "painted_line_type": "VERY_WIDE_YELLOW", "lighting_line_type": null}, "geometry": {"type": "LineString", "coordinates": [[-0.19741991, 51.14975983], [-0.19742459, 51.14977437], [-0.19738657, 51.1497639], [-0.19739171, 51.14977845]]}}, {"type": "Feature", "properties": {"name": "Linear Feature 41", "painted_line_type": "VERY_WIDE_YELLOW", "lighting_line_type": null}, "geometry": {"type": "LineString", "coordinates": [[-0.19827957, 51.14964196], [-0.19828425, 51.1496565], [-0.19824623, 51.14964604], [-0.19825137, 51.14966059]]}}, {"type": "Feature", "properties": {"name": "Linear Feature 41", "painted_line_type": "VERY_WIDE_YELLOW", "lighting_line_type": null}, "geometry": {"type": "LineString", "coordinates": [[-0.19913961, 51.14952296], [-0.19914429, 51.1495375], [-0.19910627, 51.14952704], [-0.19911141, 51.14954159]]}}, {"type": "Feature", "properties": {"name": "Linear Feature 41", "painted_line_type": "VERY_WIDE_YELLOW", "lighting_line_type": null}, "geometry": {"type": "LineString", "coordinates": [[-0.19999844, 51.14940478], [-0.20000312, 51.14941933], [-0.1999651, 51.14940886], [-0.19997023, 51.14942341]]}}, {"type": "Feature", "properties": {"name": "Linear Feature 41", "painted_line_type": "VERY_WIDE_YELLOW", "lighting_line_type": null}, "geometry": {"type": "LineString", "coordinates": [[-0.20085808, 51.14928675], [-0.20086276, 51.14930129], [-0.20082474, 51.14929082], [-0.20082988, 51.14930537]]}}, {"type": "Feature", "properties": {"name": "Linear Feature 41", "painted_line_type": "VERY_WIDE_YELLOW", "lighting_line_type": null}, "geometry": {"type": "LineString", "coordinates": [[-0.20257339, 51.14905023], [-0.20257807, 51.14906478], [-0.20254005, 51.14905431], [-0.20254519, 51.14906886]]}}, {"type": "Feature", "properties": {"name": "Linear Feature 41", "painted_line_type": "VERY_WIDE_YELLOW", "lighting_line_type": null}, "geometry": {"type": "LineString", "coordinates": [[-0.20343191, 51.14893224], [-0.20343659, 51.14894679], [-0.20339857, 51.14893632], [-0.20340371, 51.14895087]]}}, {"type": "Feature", "properties": {"name": "Linear Feature 41", "painted_line_type": "VERY_WIDE_YELLOW", "lighting_line_type": null}, "geometry": {"type": "LineString", "coordinates": [[-0.20429073, 51.14881501], [-0.20429548, 51.14882955], [-0.20425741, 51.14881915], [-0.20426262, 51.14883369]]}}, {"type": "Feature", "properties": {"name": "Linear Feature 41", "painted_line_type": "VERY_WIDE_YELLOW", "lighting_line_type": null}, "geometry": {"type": "LineString", "coordinates": [[-0.1942716, 51.15019067], [-0.19427555, 51.1502053], [-0.19423807, 51.15019408], [-0.19424247, 51.15020873]]}}, {"type": "Feature", "properties": {"name": "Linear Feature 41", "painted_line_type": "VERY_WIDE_YELLOW", "lighting_line_type": null}, "geometry": {"type": "LineString", "coordinates": [[-0.19513056, 51.15007537], [-0.19513527, 51.15008991], [-0.19509723, 51.15007947], [-0.19510239, 51.15009402]]}}, {"type": "Feature", "properties": {"name": "Linear Feature 41", "painted_line_type": "VERY_WIDE_YELLOW", "lighting_line_type": null}, "geometry": {"type": "LineString", "coordinates": [[-0.19598964, 51.14995712], [-0.19599435, 51.14997166], [-0.19595631, 51.14996123], [-0.19596148, 51.14997577]]}}, {"type": "Feature", "properties": {"name": "Linear Feature 41", "painted_line_type": "VERY_WIDE_YELLOW", "lighting_line_type": null}, "geometry": {"type": "LineString", "coordinates": [[-0.1968472, 51.14983919], [-0.19685191, 51.14985373], [-0.19681387, 51.14984329], [-0.19681903, 51.14985784]]}}, {"type": "Feature", "properties": {"name": "Linear Feature 41", "painted_line_type": "VERY_WIDE_YELLOW", "lighting_line_type": null}, "geometry": {"type": "LineString", "coordinates": [[-0.19770627, 51.14972098], [-0.19771099, 51.14973552], [-0.19767294, 51.14972509], [-0.19767811, 51.14973963]]}}, {"type": "Feature", "properties": {"name": "Linear Feature 41", "painted_line_type": "VERY_WIDE_YELLOW", "lighting_line_type": null}, "geometry": {"type": "LineString", "coordinates": [[-0.19856594, 51.14960312], [-0.19857065, 51.14961766], [-0.19853261, 51.14960722], [-0.19853777, 51.14962177]]}}, {"type": "Feature", "properties": {"name": "Linear Feature 41", "painted_line_type": "VERY_WIDE_YELLOW", "lighting_line_type": null}, "geometry": {"type": "LineString", "coordinates": [[-0.19942598, 51.14948412], [-0.19943069, 51.14949866], [-0.19939265, 51.14948822], [-0.19939781, 51.14950277]]}}, {"type": "Feature", "properties": {"name": "Linear Feature 41", "painted_line_type": "VERY_WIDE_YELLOW", "lighting_line_type": null}, "geometry": {"type": "LineString", "coordinates": [[-0.2002848, 51.14936594], [-0.20028951, 51.14938048], [-0.20025147, 51.14937004], [-0.20025664, 51.14938459]]}}, {"type": "Feature", "properties": {"name": "Linear Feature 41", "painted_line_type": "VERY_WIDE_YELLOW", "lighting_line_type": null}, "geometry": {"type": "LineString", "coordinates": [[-0.20111792, 51.14921044], [-0.20113002, 51.14922319], [-0.20108862, 51.14922122], [-0.20110114, 51.14923388]]}}, {"type": "Feature", "properties": {"name": "Linear Feature 41", "painted_line_type": "VERY_WIDE_YELLOW", "lighting_line_type": null}, "geometry": {"type": "LineString", "coordinates": [[-0.20213697, 51.14906003], [-0.20211365, 51.14905756], [-0.20214129, 51.14903905], [-0.20211779, 51.14903684]]}}, {"type": "Feature", "properties": {"name": "Linear Feature 41", "painted_line_type": "VERY_WIDE_YELLOW", "lighting_line_type": null}, "geometry": {"type": "LineString", "coordinates": [[-0.20285975, 51.14901139], [-0.20286446, 51.14902593], [-0.20282642, 51.1490155], [-0.20283159, 51.14903004]]}}, {"type": "Feature", "properties": {"name": "Linear Feature 41", "painted_line_type": "VERY_WIDE_YELLOW", "lighting_line_type": null}, "geometry": {"type": "LineString", "coordinates": [[-0.20371827, 51.1488934], [-0.20372298, 51.14890794], [-0.20368494, 51.14889751], [-0.20369011, 51.14891205]]}}, {"type": "Feature", "properties": {"name": "Linear Feature 41", "painted_line_type": "VERY_WIDE_YELLOW", "lighting_line_type": null}, "geometry": {"type": "LineString", "coordinates": [[-0.20457691, 51.14877566], [-0.20458169, 51.14879019], [-0.2045436, 51.14877982], [-0.20454884, 51.14879435]]}}, {"type": "Feature", "properties": {"name": "Linear Feature 41", "painted_line_type": "VERY_WIDE_YELLOW", "lighting_line_type": null}, "geometry": {"type": "LineString", "coordinates": [[-0.19456024, 51.15015419], [-0.19456496, 51.15016873], [-0.19452691, 51.1501583], [-0.19453208, 51.15017284]]}}, {"type": "Feature", "properties": {"name": "Linear Feature 41", "painted_line_type": "VERY_WIDE_YELLOW", "lighting_line_type": null}, "geometry": {"type": "LineString", "coordinates": [[-0.1954183, 51.15003595], [-0.19542301, 51.15005049], [-0.19538497, 51.15004005], [-0.19539014, 51.1500546]]}}, {"type": "Feature", "properties": {"name": "Linear Feature 41", "painted_line_type": "VERY_WIDE_YELLOW", "lighting_line_type": null}, "geometry": {"type": "LineString", "coordinates": [[-0.19627738, 51.1499177], [-0.19628209, 51.14993224], [-0.19624405, 51.14992181], [-0.19624922, 51.14993635]]}}, {"type": "Feature", "properties": {"name": "Linear Feature 41", "painted_line_type": "VERY_WIDE_YELLOW", "lighting_line_type": null}, "geometry": {"type": "LineString", "coordinates": [[-0.19713494, 51.14979977], [-0.19713965, 51.14981431], [-0.19710161, 51.14980387], [-0.19710678, 51.14981842]]}}, {"type": "Feature", "properties": {"name": "Linear Feature 41", "painted_line_type": "VERY_WIDE_YELLOW", "lighting_line_type": null}, "geometry": {"type": "LineString", "coordinates": [[-0.19799402, 51.14968156], [-0.19799873, 51.1496961], [-0.19796069, 51.14968567], [-0.19796585, 51.14970021]]}}, {"type": "Feature", "properties": {"name": "Linear Feature 41", "painted_line_type": "VERY_WIDE_YELLOW", "lighting_line_type": null}, "geometry": {"type": "LineString", "coordinates": [[-0.19885368, 51.1495637], [-0.19885839, 51.14957824], [-0.19882035, 51.1495678], [-0.19882552, 51.14958235]]}}, {"type": "Feature", "properties": {"name": "Linear Feature 41", "painted_line_type": "VERY_WIDE_YELLOW", "lighting_line_type": null}, "geometry": {"type": "LineString", "coordinates": [[-0.19971372, 51.1494447], [-0.19971843, 51.14945924], [-0.19968039, 51.1494488], [-0.19968555, 51.14946335]]}}, {"type": "Feature", "properties": {"name": "Linear Feature 41", "painted_line_type": "VERY_WIDE_YELLOW", "lighting_line_type": null}, "geometry": {"type": "LineString", "coordinates": [[-0.20057254, 51.14932652], [-0.20057725, 51.14934106], [-0.20053921, 51.14933062], [-0.20054438, 51.14934517]]}}, {"type": "Feature", "properties": {"name": "Linear Feature 41", "painted_line_type": "VERY_WIDE_YELLOW", "lighting_line_type": null}, "geometry": {"type": "LineString", "coordinates": [[-0.20229041, 51.1490903], [-0.20229512, 51.14910484], [-0.20225708, 51.1490944], [-0.20226225, 51.14910895]]}}, {"type": "Feature", "properties": {"name": "Linear Feature 41", "painted_line_type": "VERY_WIDE_YELLOW", "lighting_line_type": null}, "geometry": {"type": "LineString", "coordinates": [[-0.20314749, 51.14897197], [-0.2031522, 51.14898651], [-0.20311416, 51.14897608], [-0.20311933, 51.14899062]]}}, {"type": "Feature", "properties": {"name": "Linear Feature 41", "painted_line_type": "VERY_WIDE_YELLOW", "lighting_line_type": null}, "geometry": {"type": "LineString", "coordinates": [[-0.20400601, 51.14885398], [-0.20401072, 51.14886852], [-0.20397268, 51.14885808], [-0.20397785, 51.14887263]]}}, {"type": "Feature", "properties": {"name": "Linear Feature 41", "painted_line_type": "VERY_WIDE_YELLOW", "lighting_line_type": null}, "geometry": {"type": "LineString", "coordinates": [[-0.20486447, 51.14873572], [-0.20486925, 51.14875025], [-0.20483116, 51.14873988], [-0.20483639, 51.14875442]]}}, {"type": "Feature", "properties": {"name": "Linear Feature 41", "painted_line_type": "VERY_WIDE_YELLOW", "lighting_line_type": null}, "geometry": {"type": "LineString", "coordinates": [[-0.19412831, 51.15020439], [-0.19413141, 51.1502191], [-0.19409461, 51.15020704], [-0.19409816, 51.15022178]]}}, {"type": "Feature", "properties": {"name": "Linear Feature 41", "painted_line_type": "VERY_WIDE_YELLOW", "lighting_line_type": null}, "geometry": {"type": "LineString", "coordinates": [[-0.19498954, 51.15009395], [-0.19499422, 51.1501085], [-0.1949562, 51.15009803], [-0.19496133, 51.15011258]]}}, {"type": "Feature", "properties": {"name": "Linear Feature 41", "painted_line_type": "VERY_WIDE_YELLOW", "lighting_line_type": null}, "geometry": {"type": "LineString", "coordinates": [[-0.19584862, 51.14997571], [-0.1958533, 51.14999025], [-0.19581528, 51.14997978], [-0.19582042, 51.14999433]]}}, {"type": "Feature", "properties": {"name": "Linear Feature 41", "painted_line_type": "VERY_WIDE_YELLOW", "lighting_line_type": null}, "geometry": {"type": "LineString", "coordinates": [[-0.19670618, 51.14985777], [-0.19671086, 51.14987232], [-0.19667284, 51.14986185], [-0.19667797, 51.1498764]]}}, {"type": "Feature", "properties": {"name": "Linear Feature 41", "painted_line_type": "VERY_WIDE_YELLOW", "lighting_line_type": null}, "geometry": {"type": "LineString", "coordinates": [[-0.19756526, 51.14973957], [-0.19756994, 51.14975411], [-0.19753192, 51.14974364], [-0.19753705, 51.14975819]]}}, {"type": "Feature", "properties": {"name": "Linear Feature 41", "painted_line_type": "VERY_WIDE_YELLOW", "lighting_line_type": null}, "geometry": {"type": "LineString", "coordinates": [[-0.19842492, 51.1496217], [-0.1984296, 51.14963624], [-0.19839158, 51.14962578], [-0.19839672, 51.14964033]]}}, {"type": "Feature", "properties": {"name": "Linear Feature 41", "painted_line_type": "VERY_WIDE_YELLOW", "lighting_line_type": null}, "geometry": {"type": "LineString", "coordinates": [[-0.19928496, 51.1495027], [-0.19928964, 51.14951724], [-0.19925162, 51.14950678], [-0.19925676, 51.14952133]]}}, {"type": "Feature", "properties": {"name": "Linear Feature 41", "painted_line_type": "VERY_WIDE_YELLOW", "lighting_line_type": null}, "geometry": {"type": "LineString", "coordinates": [[-0.20014378, 51.14938452], [-0.20014847, 51.14939907], [-0.20011045, 51.1493886], [-0.20011558, 51.14940315]]}}, {"type": "Feature", "properties": {"name": "Linear Feature 41", "painted_line_type": "VERY_WIDE_YELLOW", "lighting_line_type": null}, "geometry": {"type": "LineString", "coordinates": [[-0.20099459, 51.14925719], [-0.20100665, 51.14926995], [-0.20096526, 51.14926794], [-0.20097776, 51.1492806]]}}, {"type": "Feature", "properties": {"name": "Linear Feature 41", "painted_line_type": "VERY_WIDE_YELLOW", "lighting_line_type": null}, "geometry": {"type": "LineString", "coordinates": [[-0.20271874, 51.14902997], [-0.20272342, 51.14904452], [-0.2026854, 51.14903405], [-0.20269053, 51.1490486]]}}, {"type": "Feature", "properties": {"name": "Linear Feature 41", "painted_line_type": "VERY_WIDE_YELLOW", "lighting_line_type": null}, "geometry": {"type": "LineString", "coordinates": [[-0.20357726, 51.14891198], [-0.20358194, 51.14892653], [-0.20354392, 51.14891606], [-0.20354906, 51.14893061]]}}, {"type": "Feature", "properties": {"name": "Linear Feature 41", "painted_line_type": "VERY_WIDE_YELLOW", "lighting_line_type": null}, "geometry": {"type": "LineString", "coordinates": [[-0.20443598, 51.14879449], [-0.20444073, 51.14880903], [-0.20440266, 51.14879863], [-0.20440787, 51.14881317]]}}, {"type": "Feature", "properties": {"name": "Linear Feature 41", "painted_line_type": "VERY_WIDE_YELLOW", "lighting_line_type": null}, "geometry": {"type": "LineString", "coordinates": [[-0.1944178, 51.15017323], [-0.19442252, 51.15018777], [-0.19438447, 51.15017734], [-0.19438964, 51.15019188]]}}, {"type": "Feature", "properties": {"name": "Linear Feature 41", "painted_line_type": "VERY_WIDE_YELLOW", "lighting_line_type": null}, "geometry": {"type": "LineString", "coordinates": [[-0.19527586, 51.15005499], [-0.19528057, 51.15006953], [-0.19524253, 51.15005909], [-0.1952477, 51.15007364]]}}, {"type": "Feature", "properties": {"name": "Linear Feature 41", "painted_line_type": "VERY_WIDE_YELLOW", "lighting_line_type": null}, "geometry": {"type": "LineString", "coordinates": [[-0.19613495, 51.14993674], [-0.19613966, 51.14995128], [-0.19610162, 51.14994085], [-0.19610678, 51.14995539]]}}, {"type": "Feature", "properties": {"name": "Linear Feature 41", "painted_line_type": "VERY_WIDE_YELLOW", "lighting_line_type": null}, "geometry": {"type": "LineString", "coordinates": [[-0.1969925, 51.14981881], [-0.19699721, 51.14983335], [-0.19695917, 51.14982291], [-0.19696434, 51.14983746]]}}, {"type": "Feature", "properties": {"name": "Linear Feature 41", "painted_line_type": "VERY_WIDE_YELLOW", "lighting_line_type": null}, "geometry": {"type": "LineString", "coordinates": [[-0.19785158, 51.1497006], [-0.19785629, 51.14971514], [-0.19781825, 51.14970471], [-0.19782342, 51.14971925]]}}, {"type": "Feature", "properties": {"name": "Linear Feature 41", "painted_line_type": "VERY_WIDE_YELLOW", "lighting_line_type": null}, "geometry": {"type": "LineString", "coordinates": [[-0.19871124, 51.14958274], [-0.19871595, 51.14959728], [-0.19867791, 51.14958684], [-0.19868308, 51.14960139]]}}, {"type": "Feature", "properties": {"name": "Linear Feature 41", "painted_line_type": "VERY_WIDE_YELLOW", "lighting_line_type": null}, "geometry": {"type": "LineString", "coordinates": [[-0.19957128, 51.14946374], [-0.19957599, 51.14947828], [-0.19953795, 51.14946784], [-0.19954312, 51.14948239]]}}, {"type": "Feature", "properties": {"name": "Linear Feature 41", "painted_line_type": "VERY_WIDE_YELLOW", "lighting_line_type": null}, "geometry": {"type": "LineString", "coordinates": [[-0.2004301, 51.14934556], [-0.20043482, 51.1493601], [-0.20039677, 51.14934967], [-0.20040194, 51.14936421]]}}, {"type": "Feature", "properties": {"name": "Linear Feature 41", "painted_line_type": "VERY_WIDE_YELLOW", "lighting_line_type": null}, "geometry": {"type": "LineString", "coordinates": [[-0.20124011, 51.14915312], [-0.20125403, 51.14916512], [-0.20121252, 51.14916555], [-0.20122685, 51.14917743]]}}, {"type": "Feature", "properties": {"name": "Linear Feature 41", "painted_line_type": "VERY_WIDE_YELLOW", "lighting_line_type": null}, "geometry": {"type": "LineString", "coordinates": [[-0.20214797, 51.14910934], [-0.20215268, 51.14912388], [-0.20211464, 51.14911344], [-0.20211981, 51.14912799]]}}, {"type": "Feature", "properties": {"name": "Linear Feature 41", "painted_line_type": "VERY_WIDE_YELLOW", "lighting_line_type": null}, "geometry": {"type": "LineString", "coordinates": [[-0.20300505, 51.14899101], [-0.20300977, 51.14900555], [-0.20297172, 51.14899511], [-0.20297689, 51.14900966]]}}, {"type": "Feature", "properties": {"name": "Linear Feature 41", "painted_line_type": "VERY_WIDE_YELLOW", "lighting_line_type": null}, "geometry": {"type": "LineString", "coordinates": [[-0.20386357, 51.14887302], [-0.20386829, 51.14888756], [-0.20383024, 51.14887712], [-0.20383541, 51.14889167]]}}, {"type": "Feature", "properties": {"name": "Linear Feature 41", "painted_line_type": "VERY_WIDE_YELLOW", "lighting_line_type": null}, "geometry": {"type": "LineString", "coordinates": [[-0.20472212, 51.14875501], [-0.2047269, 51.14876955], [-0.20468881, 51.14875918], [-0.20469404, 51.14877371]]}}, {"type": "Feature", "properties": {"name": "Linear Feature 41", "painted_line_type": "VERY_WIDE_YELLOW", "lighting_line_type": null}, "geometry": {"type": "LineString", "coordinates": [[-0.19470555, 51.15013381], [-0.19471026, 51.15014835], [-0.19467222, 51.15013792], [-0.19467739, 51.15015246]]}}, {"type": "Feature", "properties": {"name": "Linear Feature 41", "painted_line_type": "VERY_WIDE_YELLOW", "lighting_line_type": null}, "geometry": {"type": "LineString", "coordinates": [[-0.19556361, 51.15001557], [-0.19556832, 51.15003011], [-0.19553028, 51.15001967], [-0.19553544, 51.15003422]]}}, {"type": "Feature", "properties": {"name": "Linear Feature 41", "painted_line_type": "VERY_WIDE_YELLOW", "lighting_line_type": null}, "geometry": {"type": "LineString", "coordinates": [[-0.19642269, 51.14989732], [-0.1964274, 51.14991186], [-0.19638936, 51.14990143], [-0.19639453, 51.14991597]]}}, {"type": "Feature", "properties": {"name": "Linear Feature 41", "painted_line_type": "VERY_WIDE_YELLOW", "lighting_line_type": null}, "geometry": {"type": "LineString", "coordinates": [[-0.19728024, 51.14977939], [-0.19728496, 51.14979393], [-0.19724691, 51.14978349], [-0.19725208, 51.14979804]]}}, {"type": "Feature", "properties": {"name": "Linear Feature 41", "painted_line_type": "VERY_WIDE_YELLOW", "lighting_line_type": null}, "geometry": {"type": "LineString", "coordinates": [[-0.19813932, 51.14966118], [-0.19814403, 51.14967572], [-0.19810599, 51.14966529], [-0.19811116, 51.14967983]]}}, {"type": "Feature", "properties": {"name": "Linear Feature 41", "painted_line_type": "VERY_WIDE_YELLOW", "lighting_line_type": null}, "geometry": {"type": "LineString", "coordinates": [[-0.19899898, 51.14954332], [-0.1990037, 51.14955786], [-0.19896565, 51.14954742], [-0.19897082, 51.14956197]]}}, {"type": "Feature", "properties": {"name": "Linear Feature 41", "painted_line_type": "VERY_WIDE_YELLOW", "lighting_line_type": null}, "geometry": {"type": "LineString", "coordinates": [[-0.19985902, 51.14942432], [-0.19986373, 51.14943886], [-0.19982569, 51.14942842], [-0.19983086, 51.14944297]]}}, {"type": "Feature", "properties": {"name": "Linear Feature 41", "painted_line_type": "VERY_WIDE_YELLOW", "lighting_line_type": null}, "geometry": {"type": "LineString", "coordinates": [[-0.20071785, 51.14930614], [-0.20072256, 51.14932068], [-0.20068452, 51.14931024], [-0.20068968, 51.14932479]]}}, {"type": "Feature", "properties": {"name": "Linear Feature 41", "painted_line_type": "VERY_WIDE_YELLOW", "lighting_line_type": null}, "geometry": {"type": "LineString", "coordinates": [[-0.20243571, 51.14906992], [-0.20244042, 51.14908446], [-0.20240238, 51.14907402], [-0.20240755, 51.14908857]]}}, {"type": "Feature", "properties": {"name": "Linear Feature 41", "painted_line_type": "VERY_WIDE_YELLOW", "lighting_line_type": null}, "geometry": {"type": "LineString", "coordinates": [[-0.20329279, 51.14895159], [-0.2032975, 51.14896613], [-0.20325946, 51.14895569], [-0.20326463, 51.14897024]]}}, {"type": "Feature", "properties": {"name": "Linear Feature 41", "painted_line_type": "VERY_WIDE_YELLOW", "lighting_line_type": null}, "geometry": {"type": "LineString", "coordinates": [[-0.20415131, 51.1488336], [-0.20415602, 51.14884814], [-0.20411798, 51.1488377], [-0.20412315, 51.14885225]]}}, {"type": "Feature", "properties": {"name": "Linear Feature 41", "painted_line_type": "VERY_WIDE_YELLOW", "lighting_line_type": null}, "geometry": {"type": "LineString", "coordinates": [[-0.20500968, 51.14871508], [-0.20501446, 51.14872961], [-0.20497637, 51.14871924], [-0.2049816, 51.14873378]]}}, {"type": "Feature", "properties": {"name": "Linear Feature 41", "painted_line_type": "VERY_WIDE_YELLOW", "lighting_line_type": null}, "geometry": {"type": "LineString", "coordinates": [[-0.19405578, 51.15021032], [-0.19405857, 51.15022505], [-0.19402202, 51.15021269], [-0.19402527, 51.15022745]]}}, {"type": "Feature", "properties": {"name": "Linear Feature 41", "painted_line_type": "VERY_WIDE_YELLOW", "lighting_line_type": null}, "geometry": {"type": "LineString", "coordinates": [[-0.19491579, 51.15010408], [-0.19492047, 51.15011862], [-0.19488245, 51.15010816], [-0.19488759, 51.15012271]]}}, {"type": "Feature", "properties": {"name": "Linear Feature 41", "painted_line_type": "VERY_WIDE_YELLOW", "lighting_line_type": null}, "geometry": {"type": "LineString", "coordinates": [[-0.19577487, 51.14998583], [-0.19577955, 51.15000038], [-0.19574153, 51.14998991], [-0.19574667, 51.15000446]]}}, {"type": "Feature", "properties": {"name": "Linear Feature 41", "painted_line_type": "VERY_WIDE_YELLOW", "lighting_line_type": null}, "geometry": {"type": "LineString", "coordinates": [[-0.19663243, 51.1498679], [-0.19663711, 51.14988244], [-0.19659909, 51.14987198], [-0.19660423, 51.14988652]]}}, {"type": "Feature", "properties": {"name": "Linear Feature 41", "painted_line_type": "VERY_WIDE_YELLOW", "lighting_line_type": null}, "geometry": {"type": "LineString", "coordinates": [[-0.19749151, 51.14974969], [-0.19749619, 51.14976424], [-0.19745817, 51.14975377], [-0.19746331, 51.14976832]]}}, {"type": "Feature", "properties": {"name": "Linear Feature 41", "painted_line_type": "VERY_WIDE_YELLOW", "lighting_line_type": null}, "geometry": {"type": "LineString", "coordinates": [[-0.19835117, 51.14963183], [-0.19835585, 51.14964637], [-0.19831783, 51.1496359], [-0.19832297, 51.14965045]]}}, {"type": "Feature", "properties": {"name": "Linear Feature 41", "painted_line_type": "VERY_WIDE_YELLOW", "lighting_line_type": null}, "geometry": {"type": "LineString", "coordinates": [[-0.19921121, 51.14951283], [-0.19921589, 51.14952737], [-0.19917787, 51.1495169], [-0.19918301, 51.14953145]]}}, {"type": "Feature", "properties": {"name": "Linear Feature 41", "painted_line_type": "VERY_WIDE_YELLOW", "lighting_line_type": null}, "geometry": {"type": "LineString", "coordinates": [[-0.20007004, 51.14939465], [-0.20007472, 51.14940919], [-0.2000367, 51.14939873], [-0.20004184, 51.14941328]]}}, {"type": "Feature", "properties": {"name": "Linear Feature 41", "painted_line_type": "VERY_WIDE_YELLOW", "lighting_line_type": null}, "geometry": {"type": "LineString", "coordinates": [[-0.20092968, 51.14927661], [-0.20093437, 51.14929116], [-0.20089635, 51.14928069], [-0.20090148, 51.14929524]]}}, {"type": "Feature", "properties": {"name": "Linear Feature 41", "painted_line_type": "VERY_WIDE_YELLOW", "lighting_line_type": null}, "geometry": {"type": "LineString", "coordinates": [[-0.20264499, 51.1490401], [-0.20264967, 51.14905464], [-0.20261165, 51.14904418], [-0.20261679, 51.14905873]]}}, {"type": "Feature", "properties": {"name": "Linear Feature 41", "painted_line_type": "VERY_WIDE_YELLOW", "lighting_line_type": null}, "geometry": {"type": "LineString", "coordinates": [[-0.20350351, 51.14892211], [-0.20350819, 51.14893665], [-0.20347017, 51.14892619], [-0.20347531, 51.14894074]]}}, {"type": "Feature", "properties": {"name": "Linear Feature 41", "painted_line_type": "VERY_WIDE_YELLOW", "lighting_line_type": null}, "geometry": {"type": "LineString", "coordinates": [[-0.20436229, 51.14880475], [-0.20436703, 51.14881929], [-0.20432897, 51.14880889], [-0.20433417, 51.14882343]]}}, {"type": "Feature", "properties": {"name": "Linear Feature 41", "painted_line_type": "VERY_WIDE_YELLOW", "lighting_line_type": null}, "geometry": {"type": "LineString", "coordinates": [[-0.19434424, 51.15018223], [-0.1943487, 51.1501968], [-0.19431084, 51.1501861], [-0.19431575, 51.15020068]]}}, {"type": "Feature", "properties": {"name": "Linear Feature 41", "painted_line_type": "VERY_WIDE_YELLOW", "lighting_line_type": null}, "geometry": {"type": "LineString", "coordinates": [[-0.19520213, 51.15006518], [-0.19520685, 51.15007972], [-0.19516881, 51.15006928], [-0.19517397, 51.15008383]]}}, {"type": "Feature", "properties": {"name": "Linear Feature 41", "painted_line_type": "VERY_WIDE_YELLOW", "lighting_line_type": null}, "geometry": {"type": "LineString", "coordinates": [[-0.19606122, 51.14994693], [-0.19606593, 51.14996147], [-0.19602789, 51.14995104], [-0.19603306, 51.14996558]]}}, {"type": "Feature", "properties": {"name": "Linear Feature 41", "painted_line_type": "VERY_WIDE_YELLOW", "lighting_line_type": null}, "geometry": {"type": "LineString", "coordinates": [[-0.19691877, 51.149829], [-0.19692349, 51.14984354], [-0.19688544, 51.1498331], [-0.19689061, 51.14984765]]}}, {"type": "Feature", "properties": {"name": "Linear Feature 41", "painted_line_type": "VERY_WIDE_YELLOW", "lighting_line_type": null}, "geometry": {"type": "LineString", "coordinates": [[-0.19777786, 51.14971079], [-0.19778257, 51.14972533], [-0.19774452, 51.1497149], [-0.19774969, 51.14972944]]}}, {"type": "Feature", "properties": {"name": "Linear Feature 41", "painted_line_type": "VERY_WIDE_YELLOW", "lighting_line_type": null}, "geometry": {"type": "LineString", "coordinates": [[-0.19863752, 51.14959293], [-0.19864223, 51.14960747], [-0.19860419, 51.14959703], [-0.19860935, 51.14961158]]}}, {"type": "Feature", "properties": {"name": "Linear Feature 41", "painted_line_type": "VERY_WIDE_YELLOW", "lighting_line_type": null}, "geometry": {"type": "LineString", "coordinates": [[-0.19949755, 51.14947393], [-0.19950227, 51.14948846], [-0.19946422, 51.14947803], [-0.19946939, 51.14949257]]}}, {"type": "Feature", "properties": {"name": "Linear Feature 41", "painted_line_type": "VERY_WIDE_YELLOW", "lighting_line_type": null}, "geometry": {"type": "LineString", "coordinates": [[-0.20035638, 51.14935575], [-0.20036109, 51.14937029], [-0.20032305, 51.14935985], [-0.20032822, 51.1493744]]}}, {"type": "Feature", "properties": {"name": "Linear Feature 41", "painted_line_type": "VERY_WIDE_YELLOW", "lighting_line_type": null}, "geometry": {"type": "LineString", "coordinates": [[-0.2011798, 51.14918161], [-0.20119373, 51.14919361], [-0.20115222, 51.14919404], [-0.20116655, 51.14920592]]}}, {"type": "Feature", "properties": {"name": "Linear Feature 41", "painted_line_type": "VERY_WIDE_YELLOW", "lighting_line_type": null}, "geometry": {"type": "LineString", "coordinates": [[-0.20212641, 51.14910559], [-0.20210308, 51.14910312], [-0.20213229, 51.14908461], [-0.20210878, 51.14908241]]}}, {"type": "Feature", "properties": {"name": "Linear Feature 41", "painted_line_type": "VERY_WIDE_YELLOW", "lighting_line_type": null}, "geometry": {"type": "LineString", "coordinates": [[-0.20293133, 51.1490012], [-0.20293604, 51.14901574], [-0.202898, 51.1490053], [-0.20290317, 51.14901985]]}}, {"type": "Feature", "properties": {"name": "Linear Feature 41", "painted_line_type": "VERY_WIDE_YELLOW", "lighting_line_type": null}, "geometry": {"type": "LineString", "coordinates": [[-0.20378985, 51.14888321], [-0.20379456, 51.14889775], [-0.20375652, 51.14888731], [-0.20376169, 51.14890186]]}}, {"type": "Feature", "properties": {"name": "Linear Feature 41", "painted_line_type": "VERY_WIDE_YELLOW", "lighting_line_type": null}, "geometry": {"type": "LineString", "coordinates": [[-0.20464845, 51.14876533], [-0.20465322, 51.14877987], [-0.20461514, 51.1487695], [-0.20462037, 51.14878403]]}}, {"type": "Feature", "properties": {"name": "Linear Feature 41", "painted_line_type": "VERY_WIDE_YELLOW", "lighting_line_type": null}, "geometry": {"type": "LineString", "coordinates": [[-0.19463182, 51.150144], [-0.19463653, 51.15015854], [-0.19459849, 51.15014811], [-0.19460366, 51.15016265]]}}, {"type": "Feature", "properties": {"name": "Linear Feature 41", "painted_line_type": "VERY_WIDE_YELLOW", "lighting_line_type": null}, "geometry": {"type": "LineString", "coordinates": [[-0.19548988, 51.15002576], [-0.19549459, 51.15004029], [-0.19545655, 51.15002986], [-0.19546172, 51.15004441]]}}, {"type": "Feature", "properties": {"name": "Linear Feature 41", "painted_line_type": "VERY_WIDE_YELLOW", "lighting_line_type": null}, "geometry": {"type": "LineString", "coordinates": [[-0.19634896, 51.14990751], [-0.19635368, 51.14992205], [-0.19631563, 51.14991162], [-0.1963208, 51.14992616]]}}, {"type": "Feature", "properties": {"name": "Linear Feature 41", "painted_line_type": "VERY_WIDE_YELLOW", "lighting_line_type": null}, "geometry": {"type": "LineString", "coordinates": [[-0.19720652, 51.14978957], [-0.19721123, 51.14980412], [-0.19717319, 51.14979368], [-0.19717835, 51.14980823]]}}, {"type": "Feature", "properties": {"name": "Linear Feature 41", "painted_line_type": "VERY_WIDE_YELLOW", "lighting_line_type": null}, "geometry": {"type": "LineString", "coordinates": [[-0.1980656, 51.14967137], [-0.19807031, 51.14968591], [-0.19803227, 51.14967548], [-0.19803743, 51.14969002]]}}, {"type": "Feature", "properties": {"name": "Linear Feature 41", "painted_line_type": "VERY_WIDE_YELLOW", "lighting_line_type": null}, "geometry": {"type": "LineString", "coordinates": [[-0.19892526, 51.14955351], [-0.19892997, 51.14956804], [-0.19889193, 51.14955761], [-0.19889709, 51.14957216]]}}, {"type": "Feature", "properties": {"name": "Linear Feature 41", "painted_line_type": "VERY_WIDE_YELLOW", "lighting_line_type": null}, "geometry": {"type": "LineString", "coordinates": [[-0.1997853, 51.14943451], [-0.19979001, 51.14944904], [-0.19975197, 51.14943861], [-0.19975713, 51.14945316]]}}, {"type": "Feature", "properties": {"name": "Linear Feature 41", "painted_line_type": "VERY_WIDE_YELLOW", "lighting_line_type": null}, "geometry": {"type": "LineString", "coordinates": [[-0.20064412, 51.14931633], [-0.20064883, 51.14933087], [-0.20061079, 51.14932043], [-0.20061596, 51.14933498]]}}, {"type": "Feature", "properties": {"name": "Linear Feature 41", "painted_line_type": "VERY_WIDE_YELLOW", "lighting_line_type": null}, "geometry": {"type": "LineString", "coordinates": [[-0.20236199, 51.14908011], [-0.2023667, 51.14909465], [-0.20232866, 51.14908421], [-0.20233382, 51.14909876]]}}, {"type": "Feature", "properties": {"name": "Linear Feature 41", "painted_line_type": "VERY_WIDE_YELLOW", "lighting_line_type": null}, "geometry": {"type": "LineString", "coordinates": [[-0.20321907, 51.14896178], [-0.20322378, 51.14897632], [-0.20318574, 51.14896588], [-0.20319091, 51.14898043]]}}, {"type": "Feature", "properties": {"name": "Linear Feature 41", "painted_line_type": "VERY_WIDE_YELLOW", "lighting_line_type": null}, "geometry": {"type": "LineString", "coordinates": [[-0.20407759, 51.14884379], [-0.2040823, 51.14885833], [-0.20404426, 51.14884789], [-0.20404943, 51.14886244]]}}, {"type": "Feature", "properties": {"name": "Linear Feature 41", "painted_line_type": "VERY_WIDE_YELLOW", "lighting_line_type": null}, "geometry": {"type": "LineString", "coordinates": [[-0.204936, 51.1487254], [-0.20494078, 51.14873993], [-0.20490269, 51.14872956], [-0.20490792, 51.1487441]]}}, {"type": "Feature", "properties": {"name": "Linear Feature 41", "painted_line_type": "VERY_WIDE_YELLOW", "lighting_line_type": null}, "geometry": {"type": "LineString", "coordinates": [[-0.19420305, 51.15019839], [-0.19420609, 51.1502131], [-0.19416934, 51.15020099], [-0.19417283, 51.15021573]]}}, {"type": "Feature", "properties": {"name": "Linear Feature 41", "painted_line_type": "VERY_WIDE_YELLOW", "lighting_line_type": null}, "geometry": {"type": "LineString", "coordinates": [[-0.19506114, 51.15008382], [-0.19506582, 51.15009836], [-0.1950278, 51.1500879], [-0.19503293, 51.15010245]]}}, {"type": "Feature", "properties": {"name": "Linear Feature 41", "painted_line_type": "VERY_WIDE_YELLOW", "lighting_line_type": null}, "geometry": {"type": "LineString", "coordinates": [[-0.19592022, 51.14996557], [-0.1959249, 51.14998012], [-0.19588688, 51.14996965], [-0.19589202, 51.1499842]]}}, {"type": "Feature", "properties": {"name": "Linear Feature 41", "painted_line_type": "VERY_WIDE_YELLOW", "lighting_line_type": null}, "geometry": {"type": "LineString", "coordinates": [[-0.19677778, 51.14984764], [-0.19678246, 51.14986218], [-0.19674444, 51.14985172], [-0.19674958, 51.14986627]]}}, {"type": "Feature", "properties": {"name": "Linear Feature 41", "painted_line_type": "VERY_WIDE_YELLOW", "lighting_line_type": null}, "geometry": {"type": "LineString", "coordinates": [[-0.19763686, 51.14972943], [-0.19764154, 51.14974398], [-0.19760352, 51.14973351], [-0.19760866, 51.14974806]]}}, {"type": "Feature", "properties": {"name": "Linear Feature 41", "painted_line_type": "VERY_WIDE_YELLOW", "lighting_line_type": null}, "geometry": {"type": "LineString", "coordinates": [[-0.19849652, 51.14961157], [-0.1985012, 51.14962611], [-0.19846318, 51.14961565], [-0.19846832, 51.1496302]]}}, {"type": "Feature", "properties": {"name": "Linear Feature 41", "painted_line_type": "VERY_WIDE_YELLOW", "lighting_line_type": null}, "geometry": {"type": "LineString", "coordinates": [[-0.19935656, 51.14949257], [-0.19936124, 51.14950711], [-0.19932322, 51.14949665], [-0.19932836, 51.1495112]]}}, {"type": "Feature", "properties": {"name": "Linear Feature 41", "painted_line_type": "VERY_WIDE_YELLOW", "lighting_line_type": null}, "geometry": {"type": "LineString", "coordinates": [[-0.20021538, 51.14937439], [-0.20022007, 51.14938893], [-0.20018205, 51.14937847], [-0.20018718, 51.14939302]]}}, {"type": "Feature", "properties": {"name": "Linear Feature 41", "painted_line_type": "VERY_WIDE_YELLOW", "lighting_line_type": null}, "geometry": {"type": "LineString", "coordinates": [[-0.20105751, 51.14923415], [-0.20106958, 51.14924692], [-0.20102819, 51.14924491], [-0.20104069, 51.14925758]]}}, {"type": "Feature", "properties": {"name": "Linear Feature 41", "painted_line_type": "VERY_WIDE_YELLOW", "lighting_line_type": null}, "geometry": {"type": "LineString", "coordinates": [[-0.20279033, 51.14901984], [-0.20279502, 51.14903439], [-0.202757, 51.14902392], [-0.20276213, 51.14903847]]}}, {"type": "Feature", "properties": {"name": "Linear Feature 41", "painted_line_type": "VERY_WIDE_YELLOW", "lighting_line_type": null}, "geometry": {"type": "LineString", "coordinates": [[-0.20364886, 51.14890185], [-0.20365354, 51.14891639], [-0.20361552, 51.14890593], [-0.20362066, 51.14892048]]}}, {"type": "Feature", "properties": {"name": "Linear Feature 41", "painted_line_type": "VERY_WIDE_YELLOW", "lighting_line_type": null}, "geometry": {"type": "LineString", "coordinates": [[-0.20450754, 51.14878423], [-0.20451228, 51.14879877], [-0.20447422, 51.14878837], [-0.20447942, 51.14880291]]}}, {"type": "Feature", "properties": {"name": "Linear Feature 41", "painted_line_type": "VERY_WIDE_YELLOW", "lighting_line_type": null}, "geometry": {"type": "LineString", "coordinates": [[-0.19448938, 51.15016304], [-0.1944941, 51.15017758], [-0.19445605, 51.15016715], [-0.19446122, 51.15018169]]}}, {"type": "Feature", "properties": {"name": "Linear Feature 41", "painted_line_type": "VERY_WIDE_YELLOW", "lighting_line_type": null}, "geometry": {"type": "LineString", "coordinates": [[-0.19534744, 51.15004479], [-0.19535215, 51.15005934], [-0.19531411, 51.1500489], [-0.19531928, 51.15006345]]}}, {"type": "Feature", "properties": {"name": "Linear Feature 41", "painted_line_type": "VERY_WIDE_YELLOW", "lighting_line_type": null}, "geometry": {"type": "LineString", "coordinates": [[-0.19620652, 51.14992655], [-0.19621124, 51.14994109], [-0.19617319, 51.14993065], [-0.19617836, 51.1499452]]}}, {"type": "Feature", "properties": {"name": "Linear Feature 41", "painted_line_type": "VERY_WIDE_YELLOW", "lighting_line_type": null}, "geometry": {"type": "LineString", "coordinates": [[-0.19706408, 51.14980861], [-0.19706879, 51.14982315], [-0.19703075, 51.14981272], [-0.19703592, 51.14982726]]}}, {"type": "Feature", "properties": {"name": "Linear Feature 41", "painted_line_type": "VERY_WIDE_YELLOW", "lighting_line_type": null}, "geometry": {"type": "LineString", "coordinates": [[-0.19792316, 51.14969041], [-0.19792787, 51.14970495], [-0.19788983, 51.14969452], [-0.197895, 51.14970906]]}}, {"type": "Feature", "properties": {"name": "Linear Feature 41", "painted_line_type": "VERY_WIDE_YELLOW", "lighting_line_type": null}, "geometry": {"type": "LineString", "coordinates": [[-0.19878282, 51.14957254], [-0.19878753, 51.14958708], [-0.19874949, 51.14957665], [-0.19875466, 51.14959119]]}}, {"type": "Feature", "properties": {"name": "Linear Feature 41", "painted_line_type": "VERY_WIDE_YELLOW", "lighting_line_type": null}, "geometry": {"type": "LineString", "coordinates": [[-0.19964286, 51.14945354], [-0.19964757, 51.14946808], [-0.19960953, 51.14945765], [-0.1996147, 51.14947219]]}}, {"type": "Feature", "properties": {"name": "Linear Feature 41", "painted_line_type": "VERY_WIDE_YELLOW", "lighting_line_type": null}, "geometry": {"type": "LineString", "coordinates": [[-0.20050168, 51.14933537], [-0.2005064, 51.14934991], [-0.20046835, 51.14933947], [-0.20047352, 51.14935402]]}}, {"type": "Feature", "properties": {"name": "Linear Feature 41", "painted_line_type": "VERY_WIDE_YELLOW", "lighting_line_type": null}, "geometry": {"type": "LineString", "coordinates": [[-0.20221955, 51.14909915], [-0.20222426, 51.14911369], [-0.20218622, 51.14910325], [-0.20219139, 51.1491178]]}}, {"type": "Feature", "properties": {"name": "Linear Feature 41", "painted_line_type": "VERY_WIDE_YELLOW", "lighting_line_type": null}, "geometry": {"type": "LineString", "coordinates": [[-0.20307663, 51.14898082], [-0.20308134, 51.14899536], [-0.2030433, 51.14898492], [-0.20304847, 51.14899947]]}}, {"type": "Feature", "properties": {"name": "Linear Feature 41", "painted_line_type": "VERY_WIDE_YELLOW", "lighting_line_type": null}, "geometry": {"type": "LineString", "coordinates": [[-0.20393515, 51.14886283], [-0.20393986, 51.14887737], [-0.20390182, 51.14886693], [-0.20390699, 51.14888148]]}}, {"type": "Feature", "properties": {"name": "Linear Feature 41", "painted_line_type": "VERY_WIDE_YELLOW", "lighting_line_type": null}, "geometry": {"type": "LineString", "coordinates": [[-0.20479365, 51.14874469], [-0.20479843, 51.14875922], [-0.20476034, 51.14874886], [-0.20476558, 51.14876339]]}}, {"type": "Feature", "properties": {"name": "Linear Feature 41", "painted_line_type": "VERY_WIDE_YELLOW", "lighting_line_type": null}, "geometry": {"type": "LineString", "coordinates": [[-0.19477713, 51.15012362], [-0.19478184, 51.15013816], [-0.1947438, 51.15012773], [-0.19474897, 51.15014227]]}}, {"type": "Feature", "properties": {"name": "Linear Feature 41", "painted_line_type": "VERY_WIDE_YELLOW", "lighting_line_type": null}, "geometry": {"type": "LineString", "coordinates": [[-0.19563518, 51.15000537], [-0.1956399, 51.15001992], [-0.19560185, 51.15000948], [-0.19560702, 51.15002403]]}}, {"type": "Feature", "properties": {"name": "Linear Feature 41", "painted_line_type": "VERY_WIDE_YELLOW", "lighting_line_type": null}, "geometry": {"type": "LineString", "coordinates": [[-0.19649427, 51.14988713], [-0.19649898, 51.14990167], [-0.19646094, 51.14989123], [-0.19646611, 51.14990578]]}}, {"type": "Feature", "properties": {"name": "Linear Feature 41", "painted_line_type": "VERY_WIDE_YELLOW", "lighting_line_type": null}, "geometry": {"type": "LineString", "coordinates": [[-0.19735182, 51.14976919], [-0.19735653, 51.14978373], [-0.19731849, 51.1497733], [-0.19732366, 51.14978784]]}}, {"type": "Feature", "properties": {"name": "Linear Feature 41", "painted_line_type": "VERY_WIDE_YELLOW", "lighting_line_type": null}, "geometry": {"type": "LineString", "coordinates": [[-0.1982109, 51.14965099], [-0.19821561, 51.14966553], [-0.19817757, 51.14965509], [-0.19818274, 51.14966964]]}}, {"type": "Feature", "properties": {"name": "Linear Feature 41", "painted_line_type": "VERY_WIDE_YELLOW", "lighting_line_type": null}, "geometry": {"type": "LineString", "coordinates": [[-0.19907056, 51.14953312], [-0.19907527, 51.14954766], [-0.19903723, 51.14953723], [-0.1990424, 51.14955177]]}}, {"type": "Feature", "properties": {"name": "Linear Feature 41", "painted_line_type": "VERY_WIDE_YELLOW", "lighting_line_type": null}, "geometry": {"type": "LineString", "coordinates": [[-0.1999306, 51.14941412], [-0.19993531, 51.14942866], [-0.19989727, 51.14941823], [-0.19990244, 51.14943277]]}}, {"type": "Feature", "properties": {"name": "Linear Feature 41", "painted_line_type": "VERY_WIDE_YELLOW", "lighting_line_type": null}, "geometry": {"type": "LineString", "coordinates": [[-0.20078942, 51.14929595], [-0.20079414, 51.14931049], [-0.20075609, 51.14930005], [-0.20076126, 51.1493146]]}}, {"type": "Feature", "properties": {"name": "Linear Feature 41", "painted_line_type": "VERY_WIDE_YELLOW", "lighting_line_type": null}, "geometry": {"type": "LineString", "coordinates": [[-0.20250729, 51.14905973], [-0.202512, 51.14907427], [-0.20247396, 51.14906383], [-0.20247913, 51.14907838]]}}, {"type": "Feature", "properties": {"name": "Linear Feature 41", "painted_line_type": "VERY_WIDE_YELLOW", "lighting_line_type": null}, "geometry": {"type": "LineString", "coordinates": [[-0.20336437, 51.1489414], [-0.20336908, 51.14895594], [-0.20333104, 51.1489455], [-0.20333621, 51.14896005]]}}, {"type": "Feature", "properties": {"name": "Linear Feature 41", "painted_line_type": "VERY_WIDE_YELLOW", "lighting_line_type": null}, "geometry": {"type": "LineString", "coordinates": [[-0.20422289, 51.14882341], [-0.2042276, 51.14883794], [-0.20418956, 51.14882751], [-0.20419473, 51.14884206]]}}, {"type": "Feature", "properties": {"name": "Linear Feature 41", "painted_line_type": "VERY_WIDE_YELLOW", "lighting_line_type": null}, "geometry": {"type": "LineString", "coordinates": [[-0.20508121, 51.14870476], [-0.20508599, 51.14871929], [-0.2050479, 51.14870892], [-0.20505313, 51.14872346]]}}, {"type": "Feature", "properties": {"name": "Linear Feature 41", "painted_line_type": "VERY_WIDE_YELLOW", "lighting_line_type": null}, "geometry": {"type": "LineString", "coordinates": [[-0.20515059, 51.14869578], [-0.20515537, 51.14871031], [-0.20511728, 51.14869995], [-0.20512252, 51.14871448]]}}, {"type": "Feature", "properties": {"name": "Linear Feature 41", "painted_line_type": "VERY_WIDE_YELLOW", "lighting_line_type": null}, "geometry": {"type": "LineString", "coordinates": [[-0.20521907, 51.14868638], [-0.20522414, 51.14870088], [-0.20518606, 51.14869144], [-0.20519138, 51.14870531]]}}, {"type": "Feature", "properties": {"name": "Linear Feature 41", "painted_line_type": "VERY_WIDE_YELLOW", "lighting_line_type": null}, "geometry": {"type": "LineString", "coordinates": [[-0.20528613, 51.14867735], [-0.2052912, 51.14869184], [-0.20525312, 51.1486824], [-0.20525844, 51.14869627]]}}, {"type": "Feature", "properties": {"name": "Linear Feature 41", "painted_line_type": "VERY_WIDE_YELLOW", "lighting_line_type": null}, "geometry": {"type": "LineString", "coordinates": [[-0.20535409, 51.14866616], [-0.20536077, 51.1486804], [-0.20532172, 51.14867265], [-0.20532857, 51.14868626]]}}, {"type": "Feature", "properties": {"name": "Linear Feature 41", "painted_line_type": "VERY_WIDE_YELLOW", "lighting_line_type": null}, "geometry": {"type": "LineString", "coordinates": [[-0.20541715, 51.14865294], [-0.20542524, 51.14866688], [-0.2053855, 51.14866069], [-0.2053937, 51.148674]]}}, {"type": "Feature", "properties": {"name": "Linear Feature 41", "painted_line_type": "VERY_WIDE_YELLOW", "lighting_line_type": null}, "geometry": {"type": "LineString", "coordinates": [[-0.20547989, 51.14863594], [-0.20549002, 51.14864935], [-0.20544953, 51.14864551], [-0.20545967, 51.14865828]]}}, {"type": "Feature", "properties": {"name": "Linear Feature 41", "painted_line_type": "VERY_WIDE_YELLOW", "lighting_line_type": null}, "geometry": {"type": "LineString", "coordinates": [[-0.20553964, 51.14861695], [-0.20555112, 51.14862992], [-0.20551032, 51.14862772], [-0.20552175, 51.14864006]]}}, {"type": "Feature", "properties": {"name": "Linear Feature 41", "painted_line_type": "VERY_WIDE_YELLOW", "lighting_line_type": null}, "geometry": {"type": "LineString", "coordinates": [[-0.20559633, 51.14859532], [-0.20560904, 51.14860783], [-0.20556811, 51.14860719], [-0.2055807, 51.14861906]]}}, {"type": "Feature", "properties": {"name": "Linear Feature 41", "painted_line_type": "VERY_WIDE_YELLOW", "lighting_line_type": null}, "geometry": {"type": "LineString", "coordinates": [[-0.20565177, 51.14857199], [-0.20566509, 51.14858425], [-0.20562415, 51.14858441], [-0.20563733, 51.14859603]]}}, {"type": "Feature", "properties": {"name": "Linear Feature 41", "painted_line_type": "VERY_WIDE_YELLOW", "lighting_line_type": null}, "geometry": {"type": "LineString", "coordinates": [[-0.20570359, 51.14854569], [-0.20571852, 51.1485572], [-0.20567774, 51.14855953], [-0.20569244, 51.14857041]]}}, {"type": "Feature", "properties": {"name": "Linear Feature 41", "painted_line_type": "VERY_WIDE_YELLOW", "lighting_line_type": null}, "geometry": {"type": "LineString", "coordinates": [[-0.20575409, 51.14851794], [-0.20577008, 51.14852887], [-0.2057296, 51.14853271], [-0.2057453, 51.14854303]]}}, {"type": "Feature", "properties": {"name": "Linear Feature 41", "painted_line_type": "VERY_WIDE_YELLOW", "lighting_line_type": null}, "geometry": {"type": "LineString", "coordinates": [[-0.20580331, 51.14848756], [-0.20582043, 51.14849779], [-0.20578045, 51.14850333], [-0.20579722, 51.14851296]]}}, {"type": "Feature", "properties": {"name": "Linear Feature 41", "painted_line_type": "VERY_WIDE_YELLOW", "lighting_line_type": null}, "geometry": {"type": "LineString", "coordinates": [[-0.20584901, 51.14845541], [-0.20586686, 51.14846515], [-0.20582732, 51.14847182], [-0.20584477, 51.14848096]]}}, {"type": "Feature", "properties": {"name": "Linear Feature 41", "painted_line_type": "VERY_WIDE_YELLOW", "lighting_line_type": null}, "geometry": {"type": "LineString", "coordinates": [[-0.20589486, 51.148422], [-0.20591308, 51.14843145], [-0.20587382, 51.14843874], [-0.20589162, 51.14844761]]}}, {"type": "Feature", "properties": {"name": "Linear Feature 41", "painted_line_type": "VERY_WIDE_YELLOW", "lighting_line_type": null}, "geometry": {"type": "LineString", "coordinates": [[-0.20593692, 51.14838861], [-0.20595514, 51.14839807], [-0.20591588, 51.14840535], [-0.20593368, 51.14841422]]}}, {"type": "Feature", "properties": {"name": "Linear Feature 9", "painted_line_type": "VERY_WIDE_YELLOW", "lighting_line_type": null}, "geometry": {"type": "LineString", "coordinates": [[-0.1681328, 51.15102577], [-0.16782779, 51.15091231], [-0.16807418, 51.15106422], [-0.16770036, 51.15092906], [-0.16792682, 51.15108356], [-0.16755622, 51.15094983], [-0.16778288, 51.15110499], [-0.16741266, 51.1509699], [-0.16763827, 51.15112447], [-0.16726653, 51.15098973], [-0.16751204, 51.15114249], [-0.16714021, 51.15100654], [-0.1673897, 51.15115924], [-0.16709387, 51.15105179], [-0.16724494, 51.15117969], [-0.16712382, 51.1511358]]}}, {"type": "Feature", "properties": {"name": "Linear Feature 8", "painted_line_type": "VERY_WIDE_YELLOW", "lighting_line_type": null}, "geometry": {"type": "LineString", "coordinates": [[-0.16755463, 51.15162769], [-0.16760477, 51.1515737], [-0.16742124, 51.1516462], [-0.16757062, 51.15148505], [-0.16732, 51.15161487], [-0.16747186, 51.15144104], [-0.1672887, 51.15153229], [-0.1673587, 51.15145799]]}}, {"type": "Feature", "properties": {"name": "Linear Feature 1", "painted_line_type": "VERY_WIDE_YELLOW", "lighting_line_type": null}, "geometry": {"type": "LineString", "coordinates": [[-0.1666593, 51.15166902], [-0.16664256, 51.15166404], [-0.16664762, 51.15169121], [-0.16662951, 51.15168892]]}}, {"type": "Feature", "properties": {"name": "Linear Feature 1", "painted_line_type": "VERY_WIDE_YELLOW", "lighting_line_type": null}, "geometry": {"type": "LineString", "coordinates": [[-0.16663122, 51.15181741], [-0.16661268, 51.15181753], [-0.16663163, 51.15184338], [-0.16661258, 51.15184383]]}}, {"type": "Feature", "properties": {"name": "Linear Feature 1", "painted_line_type": "VERY_WIDE_YELLOW", "lighting_line_type": null}, "geometry": {"type": "LineString", "coordinates": [[-0.16663381, 51.15176414], [-0.16661528, 51.15176375], [-0.1666324, 51.15179009], [-0.16661334, 51.15179002]]}}, {"type": "Feature", "properties": {"name": "Linear Feature 1", "painted_line_type": "VERY_WIDE_YELLOW", "lighting_line_type": null}, "geometry": {"type": "LineString", "coordinates": [[-0.16664124, 51.15171492], [-0.1666228, 51.15171371], [-0.16663691, 51.15174074], [-0.16661791, 51.15173983]]}}, {"type": "Feature", "properties": {"name": "Linear Feature 1", "painted_line_type": "VERY_WIDE_YELLOW", "lighting_line_type": null}, "geometry": {"type": "LineString", "coordinates": [[-0.16670888, 51.1516331], [-0.16669659, 51.15162439], [-0.16667788, 51.1516503], [-0.16666486, 51.15164157]]}}, {"type": "Feature", "properties": {"name": "Linear Feature 1", "painted_line_type": "VERY_WIDE_YELLOW", "lighting_line_type": null}, "geometry": {"type": "LineString", "coordinates": [[-0.16677708, 51.15160409], [-0.16676718, 51.15159426], [-0.16674208, 51.15161795], [-0.16673146, 51.15160802]]}}, {"type": "Feature", "properties": {"name": "Linear Feature 1", "painted_line_type": "VERY_WIDE_YELLOW", "lighting_line_type": null}, "geometry": {"type": "LineString", "coordinates": [[-0.16684953, 51.15158005], [-0.16684097, 51.15156974], [-0.1668128, 51.15159203], [-0.16680354, 51.15158158]]}}, {"type": "Feature", "properties": {"name": "Linear Feature 1", "painted_line_type": "VERY_WIDE_YELLOW", "lighting_line_type": null}, "geometry": {"type": "LineString", "coordinates": [[-0.16692632, 51.15155824], [-0.16691867, 51.15154765], [-0.16688861, 51.15156894], [-0.16688027, 51.15155819]]}}, {"type": "Feature", "properties": {"name": "Linear Feature 1", "painted_line_type": "VERY_WIDE_YELLOW", "lighting_line_type": null}, "geometry": {"type": "LineString", "coordinates": [[-0.16700645, 51.15153727], [-0.16699933, 51.15152653], [-0.16696822, 51.15154722], [-0.16696042, 51.15153631]]}}, {"type": "Feature", "properties": {"name": "Linear Feature 1", "painted_line_type": "VERY_WIDE_YELLOW", "lighting_line_type": null}, "geometry": {"type": "LineString", "coordinates": [[-0.16708444, 51.15151914], [-0.16707792, 51.15150825], [-0.16704569, 51.15152827], [-0.1670385, 51.15151719]]}}, {"type": "Feature", "properties": {"name": "Linear Feature 1", "painted_line_type": "VERY_WIDE_YELLOW", "lighting_line_type": null}, "geometry": {"type": "LineString", "coordinates": [[-0.16716556, 51.15150105], [-0.16715924, 51.15149011], [-0.16712664, 51.15150989], [-0.16711965, 51.15149876]]}}, {"type": "Feature", "properties": {"name": "Linear Feature 1", "painted_line_type": "VERY_WIDE_YELLOW", "lighting_line_type": null}, "geometry": {"type": "LineString", "coordinates": [[-0.16602808, 51.15167083], [-0.16605391, 51.15166692], [-0.16601969, 51.15164493], [-0.16604567, 51.1516416]]}}, {"type": "Feature", "properties": {"name": "Linear Feature 1", "painted_line_type": "VERY_WIDE_YELLOW", "lighting_line_type": null}, "geometry": {"type": "LineString", "coordinates": [[-0.16604452, 51.1517215], [-0.16606986, 51.15171749], [-0.16603674, 51.15169751], [-0.16606227, 51.15169346]]}}, {"type": "Feature", "properties": {"name": "Linear Feature 1", "painted_line_type": "VERY_WIDE_YELLOW", "lighting_line_type": null}, "geometry": {"type": "LineString", "coordinates": [[-0.1660708, 51.15180257], [-0.16609565, 51.15179875], [-0.16606135, 51.15177342], [-0.16608665, 51.15176935], [-0.1660528, 51.15174704], [-0.16607804, 51.15174319]]}}, {"type": "Feature", "properties": {"name": "Linear Feature 1", "painted_line_type": "VERY_WIDE_YELLOW", "lighting_line_type": null}, "geometry": {"type": "LineString", "coordinates": [[-0.16724621, 51.15148478], [-0.16724054, 51.15147371], [-0.16720679, 51.15149272], [-0.16720047, 51.15148144]]}}, {"type": "Feature", "properties": {"name": "Linear Feature 3", "painted_line_type": "VERY_WIDE_YELLOW", "lighting_line_type": null}, "geometry": {"type": "LineString", "coordinates": [[-0.16797892, 51.15433153], [-0.1679856, 51.15439302], [-0.16779843, 51.15432594], [-0.16779174, 51.15438883], [-0.16762983, 51.15430355], [-0.16760012, 51.15436088], [-0.16752613, 51.15422871], [-0.1674365, 51.15425078], [-0.16751655, 51.15412232], [-0.16741913, 51.15410052], [-0.1675639, 51.15405199], [-0.16748854, 51.15401823], [-0.16769089, 51.15398506], [-0.16763473, 51.15393169], [-0.16807696, 51.15389268], [-0.16804724, 51.15383164], [-0.16846466, 51.15380183], [-0.168453, 51.1537729], [-0.16889025, 51.15374258], [-0.16888046, 51.15371543], [-0.16930199, 51.15368861], [-0.16929266, 51.15366039], [-0.1697236, 51.15363132], [-0.16971335, 51.15360362], [-0.17014508, 51.15357569], [-0.17013446, 51.15354659], [-0.17057297, 51.1535178], [-0.17056198, 51.1534894], [-0.1709892, 51.15346174], [-0.17097883, 51.15343471], [-0.1714009, 51.15341989], [-0.17138939, 51.15338021], [-0.17161154, 51.15341065], [-0.17160641, 51.153359], [-0.17180176, 51.15341291], [-0.17180472, 51.15335765], [-0.17196701, 51.15342249], [-0.17198566, 51.15337523]]}}, {"type": "Feature", "properties": {"name": "Linear Feature 2", "painted_line_type": "VERY_WIDE_YELLOW", "lighting_line_type": null}, "geometry": {"type": "LineString", "coordinates": [[-0.17090737, 51.15397511], [-0.17092573, 51.15403653], [-0.17111087, 51.15394225], [-0.17113635, 51.15400404], [-0.1712891, 51.15389174], [-0.17133747, 51.15395394], [-0.17148826, 51.1538378], [-0.17152948, 51.15389532], [-0.17167238, 51.1537777], [-0.17171632, 51.15383527]]}}, {"type": "Feature", "properties": {"name": "Linear Feature 2", "painted_line_type": "VERY_WIDE_YELLOW", "lighting_line_type": null}, "geometry": {"type": "LineString", "coordinates": [[-0.17055585, 51.15388027], [-0.17053315, 51.15381806], [-0.1703401, 51.15390943], [-0.17032003, 51.15384763], [-0.17013249, 51.15393731], [-0.17011103, 51.15387008]]}}, {"type": "Feature", "properties": {"name": "Linear Feature 2", "painted_line_type": "VERY_WIDE_YELLOW", "lighting_line_type": null}, "geometry": {"type": "LineString", "coordinates": [[-0.17406058, 51.15353515], [-0.17396403, 51.15353888], [-0.17405426, 51.15344463], [-0.17396094, 51.15344604], [-0.17408223, 51.15337901], [-0.173988, 51.15336549], [-0.17410934, 51.15331502], [-0.1740186, 51.15328281], [-0.17416246, 51.15329052], [-0.17410183, 51.1532396], [-0.17423149, 51.15325537], [-0.1742116, 51.15319542]]}}, {"type": "Feature", "properties": {"name": "Linear Feature 4", "painted_line_type": "VERY_WIDE_YELLOW", "lighting_line_type": null}, "geometry": {"type": "LineString", "coordinates": [[-0.18142105, 51.152452], [-0.18140375, 51.15245446]]}}, {"type": "Feature", "properties": {"name": "Linear Feature 4", "painted_line_type": "VERY_WIDE_YELLOW", "lighting_line_type": null}, "geometry": {"type": "LineString", "coordinates": [[-0.18143593, 51.15246305], [-0.18144373, 51.15245277], [-0.1814644, 51.15247176], [-0.18147222, 51.15246165], [-0.18149513, 51.15248091], [-0.18150234, 51.15247094]]}}, {"type": "Feature", "properties": {"name": "Linear Feature 4", "painted_line_type": "VERY_WIDE_YELLOW", "lighting_line_type": null}, "geometry": {"type": "LineString", "coordinates": [[-0.18152584, 51.15249081], [-0.18153364, 51.15248052], [-0.18155432, 51.15249952], [-0.18156214, 51.1524894], [-0.18158504, 51.15250866], [-0.18159226, 51.15249869]]}}, {"type": "Feature", "properties": {"name": "Linear Feature 4", "painted_line_type": "VERY_WIDE_YELLOW", "lighting_line_type": null}, "geometry": {"type": "LineString", "coordinates": [[-0.18141114, 51.15241624], [-0.18139317, 51.15241679], [-0.18141178, 51.15239715], [-0.18139502, 51.15239577]]}}, {"type": "Feature", "properties": {"name": "Linear Feature 4", "painted_line_type": "VERY_WIDE_YELLOW", "lighting_line_type": null}, "geometry": {"type": "LineString", "coordinates": [[-0.18142084, 51.15237698], [-0.1814031, 51.15237288], [-0.18143337, 51.1523596], [-0.18141662, 51.15235486], [-0.18144752, 51.15234424], [-0.18143353, 51.15233745]]}}, {"type": "Feature", "properties": {"name": "Linear Feature 4", "painted_line_type": "VERY_WIDE_YELLOW", "lighting_line_type": null}, "geometry": {"type": "LineString", "coordinates": [[-0.18146672, 51.15232987], [-0.18145386, 51.15232231], [-0.18148805, 51.15231775], [-0.1814774, 51.15230867], [-0.18151485, 51.15230697], [-0.18150613, 51.15229702]]}}, {"type": "Feature", "properties": {"name": "Linear Feature 4", "painted_line_type": "VERY_WIDE_YELLOW", "lighting_line_type": null}, "geometry": {"type": "LineString", "coordinates": [[-0.18154039, 51.15229914], [-0.18153444, 51.1522885], [-0.18156863, 51.15229328], [-0.18156426, 51.15228234], [-0.18159826, 51.15228999], [-0.1815962, 51.15227877]]}}, {"type": "Feature", "properties": {"name": "Linear Feature 4", "painted_line_type": "VERY_WIDE_YELLOW", "lighting_line_type": null}, "geometry": {"type": "LineString", "coordinates": [[-0.18162827, 51.15228895], [-0.18162889, 51.15227791], [-0.18165741, 51.15229143], [-0.18166129, 51.15228042], [-0.18168882, 51.15229677], [-0.1816949, 51.15228663]]}}, {"type": "Feature", "properties": {"name": "Linear Feature 4", "painted_line_type": "VERY_WIDE_YELLOW", "lighting_line_type": null}, "geometry": {"type": "LineString", "coordinates": [[-0.18171752, 51.1523056], [-0.18172649, 51.15229583], [-0.18174216, 51.15231554], [-0.18175253, 51.15230633], [-0.18176792, 51.15232762], [-0.18177939, 51.15231916]]}}, {"type": "Feature", "properties": {"name": "Linear Feature 4", "painted_line_type": "VERY_WIDE_YELLOW", "lighting_line_type": null}, "geometry": {"type": "LineString", "coordinates": [[-0.1817896, 51.15234091], [-0.18180217, 51.15233286], [-0.18181003, 51.15235478], [-0.18182328, 51.15234706], [-0.18183062, 51.15237016], [-0.18184442, 51.15236364]]}}, {"type": "Feature", "properties": {"name": "Linear Feature 4", "painted_line_type": "VERY_WIDE_YELLOW", "lighting_line_type": null}, "geometry": {"type": "LineString", "coordinates": [[-0.1818483, 51.15238618], [-0.18186288, 51.15237949], [-0.18186591, 51.15240275], [-0.181881, 51.15239663], [-0.1818831, 51.15242009], [-0.18189811, 51.15241474]]}}, {"type": "Feature", "properties": {"name": "Linear Feature 4", "painted_line_type": "VERY_WIDE_YELLOW", "lighting_line_type": null}, "geometry": {"type": "LineString", "coordinates": [[-0.18161549, 51.1525184], [-0.18162329, 51.15250811], [-0.18164396, 51.15252711], [-0.18165178, 51.15251699], [-0.18167469, 51.15253625], [-0.1816819, 51.15252628]]}}, {"type": "Feature", "properties": {"name": "Linear Feature 4", "painted_line_type": "VERY_WIDE_YELLOW", "lighting_line_type": null}, "geometry": {"type": "LineString", "coordinates": [[-0.18144189, 51.15251064], [-0.18142418, 51.15251314], [-0.18143525, 51.15249121], [-0.18141774, 51.15249359], [-0.18142776, 51.1524704], [-0.1814108, 51.15247299]]}}, {"type": "Feature", "properties": {"name": "Linear Feature 4", "painted_line_type": "VERY_WIDE_YELLOW", "lighting_line_type": null}, "geometry": {"type": "LineString", "coordinates": [[-0.18146198, 51.15256822], [-0.18144426, 51.15257072], [-0.18145533, 51.15254879], [-0.18143782, 51.15255117], [-0.18144784, 51.15252798], [-0.18143088, 51.15253057]]}}, {"type": "Feature", "properties": {"name": "Linear Feature 4", "painted_line_type": "VERY_WIDE_YELLOW", "lighting_line_type": null}, "geometry": {"type": "LineString", "coordinates": [[-0.18148263, 51.15262868], [-0.18146491, 51.15263118], [-0.18147598, 51.15260925], [-0.18145847, 51.15261163], [-0.1814685, 51.15258844], [-0.18145153, 51.15259103]]}}, {"type": "Feature", "properties": {"name": "Linear Feature 4", "painted_line_type": "VERY_WIDE_YELLOW", "lighting_line_type": null}, "geometry": {"type": "LineString", "coordinates": [[-0.18150386, 51.15269022], [-0.18148614, 51.15269272], [-0.18149721, 51.15267079], [-0.1814797, 51.15267317], [-0.18148972, 51.15264998], [-0.18147276, 51.15265257]]}}, {"type": "Feature", "properties": {"name": "Linear Feature 4", "painted_line_type": "VERY_WIDE_YELLOW", "lighting_line_type": null}, "geometry": {"type": "LineString", "coordinates": [[-0.18152394, 51.1527496], [-0.18150622, 51.1527521], [-0.18151729, 51.15273017], [-0.18149978, 51.15273255], [-0.18150981, 51.15270936], [-0.18149284, 51.15271195]]}}, {"type": "Feature", "properties": {"name": "Linear Feature 4", "painted_line_type": "VERY_WIDE_YELLOW", "lighting_line_type": null}, "geometry": {"type": "LineString", "coordinates": [[-0.18154402, 51.15280934], [-0.1815263, 51.15281184], [-0.18153737, 51.15278991], [-0.18151986, 51.15279229], [-0.18152989, 51.1527691], [-0.18151292, 51.15277169]]}}, {"type": "Feature", "properties": {"name": "Linear Feature 4", "painted_line_type": "VERY_WIDE_YELLOW", "lighting_line_type": null}, "geometry": {"type": "LineString", "coordinates": [[-0.1815641, 51.15286943], [-0.18154638, 51.15287193], [-0.18155745, 51.15285001], [-0.18153994, 51.15285239], [-0.18154997, 51.1528292], [-0.181533, 51.15283179]]}}, {"type": "Feature", "properties": {"name": "Linear Feature 4", "painted_line_type": "VERY_WIDE_YELLOW", "lighting_line_type": null}, "geometry": {"type": "LineString", "coordinates": [[-0.18158476, 51.15292917], [-0.18156704, 51.15293167], [-0.18157811, 51.15290975], [-0.1815606, 51.15291213], [-0.18157062, 51.15288894], [-0.18155366, 51.15289153]]}}, {"type": "Feature", "properties": {"name": "Linear Feature 4", "painted_line_type": "VERY_WIDE_YELLOW", "lighting_line_type": null}, "geometry": {"type": "LineString", "coordinates": [[-0.18160484, 51.15298891], [-0.18158712, 51.15299141], [-0.18159819, 51.15296949], [-0.18158068, 51.15297187], [-0.1815907, 51.15294868], [-0.18157374, 51.15295127]]}}, {"type": "Feature", "properties": {"name": "Linear Feature 7", "painted_line_type": "VERY_WIDE_YELLOW", "lighting_line_type": null}, "geometry": {"type": "LineString", "coordinates": [[-0.17209108, 51.15347304], [-0.17214024, 51.15343103], [-0.17209879, 51.15357068], [-0.17219421, 51.15360328], [-0.17200096, 51.15364435], [-0.17206781, 51.15369427], [-0.17184647, 51.15371599], [-0.17190272, 51.15377066]]}}, {"type": "Feature", "properties": {"name": "Linear Feature 1", "painted_line_type": "VERY_WIDE_YELLOW", "lighting_line_type": null}, "geometry": {"type": "LineString", "coordinates": [[-0.18325298, 51.15199977], [-0.18324672, 51.15199], [-0.18322497, 51.15200574], [-0.18322155, 51.15199577], [-0.18319733, 51.15200926], [-0.1831941, 51.15199927], [-0.18316936, 51.15201308], [-0.18316613, 51.15200311], [-0.18314162, 51.15201687], [-0.18313805, 51.15200696]]}}, {"type": "Feature", "properties": {"name": "Linear Feature 1", "painted_line_type": "VERY_WIDE_YELLOW", "lighting_line_type": null}, "geometry": {"type": "LineString", "coordinates": [[-0.18283509, 51.15205723], [-0.18283172, 51.15204715], [-0.18280904, 51.15206074], [-0.18280552, 51.15205056], [-0.18279489, 51.1520622], [-0.1827799, 51.15205748], [-0.18278142, 51.15207783], [-0.18276705, 51.15207316]]}}, {"type": "Feature", "properties": {"name": "Linear Feature 1", "painted_line_type": "VERY_WIDE_YELLOW", "lighting_line_type": null}, "geometry": {"type": "LineString", "coordinates": [[-0.18276951, 51.15209265], [-0.18275519, 51.15208779], [-0.1827564, 51.1521081], [-0.18274205, 51.1521033], [-0.18274286, 51.15212361], [-0.18272862, 51.15211872], [-0.18272947, 51.15213949], [-0.18271525, 51.15213461], [-0.182716, 51.15215512], [-0.18270163, 51.15215044]]}}, {"type": "Feature", "properties": {"name": "Linear Feature 1", "painted_line_type": "VERY_WIDE_YELLOW", "lighting_line_type": null}, "geometry": {"type": "LineString", "coordinates": [[-0.18297426, 51.15203872], [-0.18297094, 51.15202872], [-0.18294698, 51.1520424], [-0.18294357, 51.15203243], [-0.18291934, 51.15204591], [-0.18291611, 51.15203593], [-0.18289137, 51.15204974], [-0.18288814, 51.15203977], [-0.18286364, 51.15205337], [-0.18286006, 51.15204346]]}}, {"type": "Feature", "properties": {"name": "Linear Feature 1", "painted_line_type": "VERY_WIDE_YELLOW", "lighting_line_type": null}, "geometry": {"type": "LineString", "coordinates": [[-0.18311398, 51.15202039], [-0.18311067, 51.15201039], [-0.18308671, 51.15202407], [-0.1830833, 51.1520141], [-0.18305907, 51.15202759], [-0.18305584, 51.15201761], [-0.1830311, 51.15203141], [-0.18302787, 51.15202145], [-0.18300337, 51.15203504], [-0.18299979, 51.15202513]]}}, {"type": "Feature", "properties": {"name": "Linear Feature 1", "painted_line_type": "VERY_WIDE_YELLOW", "lighting_line_type": null}, "geometry": {"type": "LineString", "coordinates": [[-0.1833851, 51.15197023], [-0.18337974, 51.15196059], [-0.18335872, 51.15197563], [-0.18335327, 51.15196602], [-0.18333204, 51.15198137], [-0.18332677, 51.15197174], [-0.1833051, 51.15198745], [-0.18329984, 51.15197783], [-0.18327839, 51.15199346], [-0.18327279, 51.15198393]]}}, {"type": "Feature", "properties": {"name": "Linear Feature 1", "painted_line_type": "VERY_WIDE_YELLOW", "lighting_line_type": null}, "geometry": {"type": "LineString", "coordinates": [[-0.18352173, 51.15194265], [-0.18351689, 51.1519329], [-0.18349609, 51.15194767], [-0.18349116, 51.15193795], [-0.18346886, 51.151953], [-0.18346411, 51.15194326], [-0.18344084, 51.15195848], [-0.18343609, 51.15194876], [-0.18341407, 51.1519641], [-0.18340898, 51.15195445]]}}, {"type": "Feature", "properties": {"name": "Linear Feature 1", "painted_line_type": "VERY_WIDE_YELLOW", "lighting_line_type": null}, "geometry": {"type": "LineString", "coordinates": [[-0.18365426, 51.15191847], [-0.18364982, 51.15190865], [-0.18362842, 51.15192308], [-0.18362388, 51.15191329], [-0.18360098, 51.15192798], [-0.18359663, 51.15191816], [-0.18357275, 51.15193301], [-0.1835684, 51.15192321], [-0.18354746, 51.15193769], [-0.18354276, 51.15192796]]}}, {"type": "Feature", "properties": {"name": "Linear Feature 1", "painted_line_type": "VERY_WIDE_YELLOW", "lighting_line_type": null}, "geometry": {"type": "LineString", "coordinates": [[-0.18378788, 51.15189524], [-0.18378365, 51.15188538], [-0.18376194, 51.15189962], [-0.18375762, 51.15188979], [-0.1837344, 51.15190428], [-0.18373026, 51.15189443], [-0.18370606, 51.15190907], [-0.18370193, 51.15189924], [-0.1836819, 51.15191315], [-0.18367742, 51.15190339]]}}, {"type": "Feature", "properties": {"name": "Linear Feature 1", "painted_line_type": "VERY_WIDE_YELLOW", "lighting_line_type": null}, "geometry": {"type": "LineString", "coordinates": [[-0.1839224, 51.15187349], [-0.18391837, 51.1518636], [-0.18389638, 51.15187767], [-0.18389226, 51.15186781], [-0.18386874, 51.15188211], [-0.1838648, 51.15187223], [-0.18384031, 51.15188667], [-0.18383637, 51.15187681], [-0.18381607, 51.15189057], [-0.18381179, 51.15188077]]}}, {"type": "Feature", "properties": {"name": "Linear Feature 1", "painted_line_type": "VERY_WIDE_YELLOW", "lighting_line_type": null}, "geometry": {"type": "LineString", "coordinates": [[-0.18405779, 51.15185188], [-0.18405385, 51.15184198], [-0.18403173, 51.15185597], [-0.18402769, 51.1518461], [-0.18400406, 51.15186032], [-0.18400021, 51.15185042], [-0.18397559, 51.15186478], [-0.18397173, 51.15185491], [-0.18395131, 51.15186859], [-0.18394711, 51.15185878]]}}, {"type": "Feature", "properties": {"name": "Linear Feature 2", "painted_line_type": "VERY_WIDE_YELLOW", "lighting_line_type": null}, "geometry": {"type": "LineString", "coordinates": [[-0.180529, 51.15245308], [-0.18052107, 51.15246686], [-0.18050194, 51.15244766], [-0.1804958, 51.15246164], [-0.18047504, 51.15244336], [-0.1804702, 51.15245758], [-0.1804484, 51.15243993], [-0.18044448, 51.15245403], [-0.18042051, 51.15243757], [-0.1804176, 51.15245221]]}}, {"type": "Feature", "properties": {"name": "Linear Feature 2", "painted_line_type": "VERY_WIDE_YELLOW", "lighting_line_type": null}, "geometry": {"type": "LineString", "coordinates": [[-0.18065359, 51.15249347], [-0.18063974, 51.15250526], [-0.1806301, 51.15248344], [-0.18061788, 51.15249574], [-0.18060625, 51.15247452], [-0.18059517, 51.15248729], [-0.18058227, 51.15246648], [-0.18057212, 51.1524793], [-0.1805566, 51.15245925], [-0.18054718, 51.15247277]]}}, {"type": "Feature", "properties": {"name": "Linear Feature 2", "painted_line_type": "VERY_WIDE_YELLOW", "lighting_line_type": null}, "geometry": {"type": "LineString", "coordinates": [[-0.18075532, 51.15255441], [-0.18073655, 51.15256329], [-0.18073671, 51.152541], [-0.18072009, 51.15255098], [-0.18071759, 51.15252837], [-0.18070142, 51.15253879], [-0.18069794, 51.15251657], [-0.18068266, 51.1525272], [-0.18067767, 51.1525049], [-0.18066227, 51.15251603]]}}, {"type": "Feature", "properties": {"name": "Linear Feature 2", "painted_line_type": "VERY_WIDE_YELLOW", "lighting_line_type": null}, "geometry": {"type": "LineString", "coordinates": [[-0.18083136, 51.15262896], [-0.18080987, 51.15263494], [-0.18081809, 51.15261325], [-0.18079829, 51.15262061], [-0.18080404, 51.15259822], [-0.18078452, 51.15260607], [-0.18078918, 51.15258394], [-0.18077045, 51.15259211], [-0.18077365, 51.15256968], [-0.18075463, 51.15257833]]}}, {"type": "Feature", "properties": {"name": "Linear Feature 2", "painted_line_type": "VERY_WIDE_YELLOW", "lighting_line_type": null}, "geometry": {"type": "LineString", "coordinates": [[-0.18087874, 51.15270992], [-0.18085568, 51.15271281], [-0.18087215, 51.1526929], [-0.18085027, 51.15269737], [-0.18086367, 51.15267631], [-0.18084188, 51.1526813], [-0.18085413, 51.15266033], [-0.18083301, 51.15266575], [-0.18084299, 51.15264436], [-0.18082141, 51.15265019]]}}, {"type": "Feature", "properties": {"name": "Linear Feature 2", "painted_line_type": "VERY_WIDE_YELLOW", "lighting_line_type": null}, "geometry": {"type": "LineString", "coordinates": [[-0.1809065, 51.15279331], [-0.18088412, 51.1527962], [-0.18090065, 51.15277629], [-0.18087814, 51.15277931], [-0.1808949, 51.15275956], [-0.18087224, 51.15276261], [-0.18088949, 51.15274379], [-0.1808667, 51.15274694], [-0.18088418, 51.15272835], [-0.18086121, 51.15273142]]}}, {"type": "Feature", "properties": {"name": "Linear Feature 2", "painted_line_type": "VERY_WIDE_YELLOW", "lighting_line_type": null}, "geometry": {"type": "LineString", "coordinates": [[-0.18093484, 51.15287532], [-0.18091246, 51.1528782], [-0.180929, 51.1528583], [-0.18090649, 51.15286132], [-0.18092325, 51.15284157], [-0.18090058, 51.15284462], [-0.18091783, 51.15282579], [-0.18089504, 51.15282894], [-0.18091252, 51.15281035], [-0.18088956, 51.15281343]]}}, {"type": "Feature", "properties": {"name": "Linear Feature 2", "painted_line_type": "VERY_WIDE_YELLOW", "lighting_line_type": null}, "geometry": {"type": "LineString", "coordinates": [[-0.18096263, 51.15295638], [-0.18094025, 51.15295926], [-0.18095678, 51.15293936], [-0.18093428, 51.15294238], [-0.18095104, 51.15292263], [-0.18092837, 51.15292568], [-0.18094562, 51.15290686], [-0.18092283, 51.15291001], [-0.18094031, 51.15289141], [-0.18091734, 51.15289449]]}}, {"type": "Feature", "properties": {"name": "Linear Feature 2", "painted_line_type": "VERY_WIDE_YELLOW", "lighting_line_type": null}, "geometry": {"type": "LineString", "coordinates": [[-0.18098942, 51.15303706], [-0.18096703, 51.15303995], [-0.18098357, 51.15302004], [-0.18096106, 51.15302307], [-0.18097782, 51.15300331], [-0.18095516, 51.15300636], [-0.18097241, 51.15298754], [-0.18094962, 51.15299069], [-0.1809671, 51.1529721], [-0.18094413, 51.15297518]]}}, {"type": "Feature", "properties": {"name": "Linear Feature 2", "painted_line_type": "VERY_WIDE_YELLOW", "lighting_line_type": null}, "geometry": {"type": "LineString", "coordinates": [[-0.18101863, 51.15311833], [-0.18099625, 51.15312122], [-0.18101279, 51.15310132], [-0.18099028, 51.15310434], [-0.18100704, 51.15308459], [-0.18098438, 51.15308763], [-0.18100162, 51.15306881], [-0.18097883, 51.15307196], [-0.18099632, 51.15305337], [-0.18097335, 51.15305645]]}}, {"type": "Feature", "properties": {"name": "Linear Feature 2", "painted_line_type": "VERY_WIDE_YELLOW", "lighting_line_type": null}, "geometry": {"type": "LineString", "coordinates": [[-0.18104644, 51.15319956], [-0.18102406, 51.15320245], [-0.18104059, 51.15318255], [-0.18101809, 51.15318557], [-0.18103485, 51.15316582], [-0.18101218, 51.15316886], [-0.18102943, 51.15315004], [-0.18100664, 51.15315319], [-0.18102412, 51.1531346], [-0.18100115, 51.15313768]]}}, {"type": "Feature", "properties": {"name": "Linear Feature 2", "painted_line_type": "VERY_WIDE_YELLOW", "lighting_line_type": null}, "geometry": {"type": "LineString", "coordinates": [[-0.18111318, 51.15337616], [-0.18109086, 51.15337925], [-0.18110694, 51.1533592], [-0.1810845, 51.15336242], [-0.18110081, 51.15334252], [-0.18107821, 51.15334578], [-0.18109502, 51.1533268], [-0.18107231, 51.15333016], [-0.18108936, 51.15331141], [-0.18106646, 51.15331469]]}}, {"type": "Feature", "properties": {"name": "Linear Feature 4", "painted_line_type": "VERY_WIDE_YELLOW", "lighting_line_type": null}, "geometry": {"type": "LineString", "coordinates": [[-0.16740726, 51.15292969], [-0.16740435, 51.15291429], [-0.16737025, 51.1529314], [-0.16736977, 51.15291581], [-0.16733753, 51.15293195], [-0.16733804, 51.1529158], [-0.16730332, 51.15293046], [-0.16730528, 51.15291497], [-0.16726924, 51.1529282], [-0.16727281, 51.15291254]]}}, {"type": "Feature", "properties": {"name": "Linear Feature 4", "painted_line_type": "VERY_WIDE_YELLOW", "lighting_line_type": null}, "geometry": {"type": "LineString", "coordinates": [[-0.16760961, 51.15289049], [-0.1675975, 51.15287696], [-0.16757684, 51.15290069], [-0.16756602, 51.15288681], [-0.1675462, 51.15290876], [-0.16753653, 51.152895], [-0.16751399, 51.15291606], [-0.16750633, 51.15290128], [-0.16748074, 51.15292158], [-0.16747446, 51.15290626], [-0.16744357, 51.15292653], [-0.1674391, 51.15291052]]}}, {"type": "Feature", "properties": {"name": "Linear Feature 4", "painted_line_type": "VERY_WIDE_YELLOW", "lighting_line_type": null}, "geometry": {"type": "LineString", "coordinates": [[-0.16787069, 51.1526947], [-0.1678459, 51.15269195], [-0.16786352, 51.15271412], [-0.16783959, 51.15270929], [-0.16785175, 51.15273373], [-0.16782959, 51.15272728], [-0.16783508, 51.15275366], [-0.1678128, 51.15274476], [-0.16781191, 51.15277143], [-0.16779173, 51.15276168], [-0.16778742, 51.15278951], [-0.16776748, 51.15277903]]}}, {"type": "Feature", "properties": {"name": "Linear Feature 4", "painted_line_type": "VERY_WIDE_YELLOW", "lighting_line_type": null}, "geometry": {"type": "LineString", "coordinates": [[-0.16776721, 51.15280399], [-0.16774931, 51.15279533], [-0.16774792, 51.15281888], [-0.16773075, 51.15280991], [-0.16772701, 51.15283454], [-0.16770879, 51.152825], [-0.16770158, 51.15285102], [-0.16768524, 51.15284017], [-0.1676719, 51.15286577], [-0.16765712, 51.15285381], [-0.16763891, 51.15287966], [-0.16762564, 51.152867]]}}, {"type": "Feature", "properties": {"name": "Linear Feature 4", "painted_line_type": "VERY_WIDE_YELLOW", "lighting_line_type": null}, "geometry": {"type": "LineString", "coordinates": [[-0.16787886, 51.15256695], [-0.16785627, 51.15256676], [-0.16787757, 51.15258497], [-0.16785536, 51.15258542], [-0.16787828, 51.15260566], [-0.16785478, 51.15260558], [-0.16787726, 51.15262743], [-0.16785335, 51.15262691], [-0.1678763, 51.15264984], [-0.16785211, 51.15264907], [-0.16787487, 51.15267152], [-0.16785031, 51.15267125]]}}, {"type": "Feature", "properties": {"name": "Linear Feature 4", "painted_line_type": "VERY_WIDE_YELLOW", "lighting_line_type": null}, "geometry": {"type": "LineString", "coordinates": [[-0.16787995, 51.15243808], [-0.16785823, 51.15243844], [-0.16788087, 51.15245692], [-0.16785777, 51.15245682], [-0.16788158, 51.15247761], [-0.16785807, 51.15247754], [-0.16788055, 51.15249938], [-0.16785664, 51.15249886], [-0.1678796, 51.15252097], [-0.16785541, 51.15252103], [-0.16788037, 51.15254347], [-0.16785581, 51.1525432]]}}, {"type": "Feature", "properties": {"name": "Linear Feature 4", "painted_line_type": "VERY_WIDE_YELLOW", "lighting_line_type": null}, "geometry": {"type": "LineString", "coordinates": [[-0.1678726, 51.15231267], [-0.16785052, 51.15231402], [-0.16787504, 51.15233146], [-0.16785289, 51.15233262], [-0.16787742, 51.1523521], [-0.16785394, 51.15235278], [-0.16787815, 51.15237388], [-0.16785423, 51.15237412], [-0.16787901, 51.15239629], [-0.16785479, 51.1523963], [-0.16787933, 51.15241799], [-0.16785478, 51.1524185]]}}, {"type": "Feature", "properties": {"name": "Linear Feature 4", "painted_line_type": "VERY_WIDE_YELLOW", "lighting_line_type": null}, "geometry": {"type": "LineString", "coordinates": [[-0.16784295, 51.15218515], [-0.16782129, 51.15218814], [-0.16784936, 51.15220383], [-0.16782759, 51.15220663], [-0.16785597, 51.15222389], [-0.16783319, 51.15222652], [-0.16786144, 51.15224471], [-0.16783774, 51.15224674], [-0.16786596, 51.15226764], [-0.16784191, 51.15226946], [-0.1678694, 51.1522897], [-0.16784426, 51.15229141]]}}, {"type": "Feature", "properties": {"name": "Linear Feature 4", "painted_line_type": "VERY_WIDE_YELLOW", "lighting_line_type": null}, "geometry": {"type": "LineString", "coordinates": [[-0.16780081, 51.15205938], [-0.16777937, 51.15206218], [-0.16780708, 51.15207786], [-0.16778523, 51.15208068], [-0.16781364, 51.15209721], [-0.1677914, 51.15210018], [-0.16782054, 51.15211755], [-0.1677978, 51.15212041], [-0.16782821, 51.15214016], [-0.16780498, 51.15214309], [-0.16783549, 51.15216161], [-0.16781175, 51.15216445]]}}, {"type": "Feature", "properties": {"name": "Linear Feature 4", "painted_line_type": "VERY_WIDE_YELLOW", "lighting_line_type": null}, "geometry": {"type": "LineString", "coordinates": [[-0.16776202, 51.15193775], [-0.16774052, 51.15194037], [-0.16776788, 51.15195629], [-0.16774596, 51.15195892], [-0.16777401, 51.15197569], [-0.1677517, 51.15197847], [-0.16778045, 51.1519961], [-0.16775765, 51.15199875], [-0.16778762, 51.15201877], [-0.16776433, 51.15202149], [-0.16779441, 51.15204027], [-0.16777062, 51.15204291]]}}, {"type": "Feature", "properties": {"name": "Linear Feature 4", "painted_line_type": "VERY_WIDE_YELLOW", "lighting_line_type": null}, "geometry": {"type": "LineString", "coordinates": [[-0.16772361, 51.15181246], [-0.16770211, 51.15181507], [-0.16772946, 51.15183099], [-0.16770755, 51.15183363], [-0.1677356, 51.1518504], [-0.16771329, 51.15185318], [-0.16774204, 51.1518708], [-0.16771924, 51.15187346], [-0.16774921, 51.15189347], [-0.16772592, 51.1518962], [-0.167756, 51.15191498], [-0.1677322, 51.15191762]]}}, {"type": "Feature", "properties": {"name": "Linear Feature 4", "painted_line_type": "VERY_WIDE_YELLOW", "lighting_line_type": null}, "geometry": {"type": "LineString", "coordinates": [[-0.16767725, 51.15168721], [-0.16765593, 51.15169034], [-0.16768422, 51.1517056], [-0.16766249, 51.15170875], [-0.16769153, 51.15172484], [-0.1676694, 51.15172815], [-0.1676992, 51.15174508], [-0.16767657, 51.15174827], [-0.16770773, 51.15176756], [-0.16768462, 51.15177084], [-0.16771582, 51.15178889], [-0.1676922, 51.15179209]]}}, {"type": "Feature", "properties": {"name": "Linear Feature 4", "painted_line_type": "VERY_WIDE_YELLOW", "lighting_line_type": null}, "geometry": {"type": "LineString", "coordinates": [[-0.16763076, 51.15156387], [-0.16760944, 51.151567], [-0.16763773, 51.15158225], [-0.167616, 51.15158541], [-0.16764503, 51.1516015], [-0.16762291, 51.15160481], [-0.16765271, 51.15162173], [-0.16763008, 51.15162493], [-0.16766124, 51.15164422], [-0.16763813, 51.1516475], [-0.16766933, 51.15166555], [-0.16764571, 51.15166875]]}}, {"type": "Feature", "properties": {"name": "Linear Feature 4", "painted_line_type": "VERY_WIDE_YELLOW", "lighting_line_type": null}, "geometry": {"type": "LineString", "coordinates": [[-0.1675858, 51.15143909], [-0.16756447, 51.15144222], [-0.16759277, 51.15145748], [-0.16757103, 51.15146063], [-0.16760007, 51.15147673], [-0.16757795, 51.15148003], [-0.16760774, 51.15149696], [-0.16758512, 51.15150015], [-0.16761627, 51.15151944], [-0.16759316, 51.15152272], [-0.16762436, 51.15154077], [-0.16760074, 51.15154398]]}}, {"type": "Feature", "properties": {"name": "Linear Feature 2", "painted_line_type": "VERY_WIDE_YELLOW", "lighting_line_type": null}, "geometry": {"type": "LineString", "coordinates": [[-0.16866221, 51.15307875], [-0.16864777, 51.15305294], [-0.16862559, 51.15308623], [-0.16860958, 51.15306081], [-0.16858927, 51.1530945], [-0.16857233, 51.15306908], [-0.16855233, 51.15310433], [-0.16853539, 51.15307891], [-0.16851602, 51.15311534], [-0.16849657, 51.15309032]]}}, {"type": "Feature", "properties": {"name": "Linear Feature 2", "painted_line_type": "VERY_WIDE_YELLOW", "lighting_line_type": null}, "geometry": {"type": "LineString", "coordinates": [[-0.16903979, 51.153022], [-0.16903031, 51.1529951], [-0.16900168, 51.15302728], [-0.16899221, 51.15300038], [-0.16896358, 51.15303256], [-0.1689541, 51.15300566], [-0.16892548, 51.15303785], [-0.168916, 51.15301094], [-0.16888738, 51.15304313], [-0.1688779, 51.15301623]]}}, {"type": "Feature", "properties": {"name": "Linear Feature 2", "painted_line_type": "VERY_WIDE_YELLOW", "lighting_line_type": null}, "geometry": {"type": "LineString", "coordinates": [[-0.16942642, 51.15296704], [-0.16941734, 51.15294008], [-0.16938824, 51.15297209], [-0.16937916, 51.15294514], [-0.16935006, 51.15297715], [-0.16934098, 51.1529502], [-0.16931188, 51.15298221], [-0.16930281, 51.15295526], [-0.16927371, 51.15298727], [-0.16926463, 51.15296032]]}}, {"type": "Feature", "properties": {"name": "Linear Feature 2", "painted_line_type": "VERY_WIDE_YELLOW", "lighting_line_type": null}, "geometry": {"type": "LineString", "coordinates": [[-0.16981448, 51.15291473], [-0.1698054, 51.15288777], [-0.1697763, 51.15291979], [-0.16976722, 51.15289283], [-0.16973812, 51.15292485], [-0.16972905, 51.15289789], [-0.16969995, 51.15292991], [-0.16969087, 51.15290295], [-0.16966177, 51.15293497], [-0.16965269, 51.15290801]]}}, {"type": "Feature", "properties": {"name": "Linear Feature 2", "painted_line_type": "VERY_WIDE_YELLOW", "lighting_line_type": null}, "geometry": {"type": "LineString", "coordinates": [[-0.17019856, 51.1528621], [-0.17018948, 51.15283514], [-0.17016038, 51.15286716], [-0.1701513, 51.1528402], [-0.1701222, 51.15287222], [-0.17011312, 51.15284526], [-0.17008402, 51.15287728], [-0.17007494, 51.15285032], [-0.17004584, 51.15288234], [-0.17003676, 51.15285538]]}}, {"type": "Feature", "properties": {"name": "Linear Feature 2", "painted_line_type": "VERY_WIDE_YELLOW", "lighting_line_type": null}, "geometry": {"type": "LineString", "coordinates": [[-0.17058864, 51.15281134], [-0.17057956, 51.15278439], [-0.17055046, 51.1528164], [-0.17054138, 51.15278945], [-0.17051228, 51.15282146], [-0.1705032, 51.15279451], [-0.1704741, 51.15282652], [-0.17046502, 51.15279957], [-0.17043593, 51.15283158], [-0.17042685, 51.15280463]]}}, {"type": "Feature", "properties": {"name": "Linear Feature 2", "painted_line_type": "VERY_WIDE_YELLOW", "lighting_line_type": null}, "geometry": {"type": "LineString", "coordinates": [[-0.16884955, 51.15304911], [-0.16883882, 51.15302239], [-0.16881135, 51.15305452], [-0.16880062, 51.1530278], [-0.16877351, 51.15306004], [-0.16876278, 51.15303333], [-0.16873567, 51.15306602], [-0.16872494, 51.15303931], [-0.16869783, 51.153072], [-0.1686871, 51.15304528]]}}, {"type": "Feature", "properties": {"name": "Linear Feature 2", "painted_line_type": "VERY_WIDE_YELLOW", "lighting_line_type": null}, "geometry": {"type": "LineString", "coordinates": [[-0.1692331, 51.15299488], [-0.16922362, 51.15296798], [-0.169195, 51.15300016], [-0.16918552, 51.15297326], [-0.16915689, 51.15300544], [-0.16914742, 51.15297854], [-0.16911879, 51.15301073], [-0.16910932, 51.15298382], [-0.16908069, 51.15301601], [-0.16907121, 51.15298911]]}}, {"type": "Feature", "properties": {"name": "Linear Feature 2", "painted_line_type": "VERY_WIDE_YELLOW", "lighting_line_type": null}, "geometry": {"type": "LineString", "coordinates": [[-0.16962013, 51.15294104], [-0.16961105, 51.15291408], [-0.16958195, 51.1529461], [-0.16957287, 51.15291914], [-0.16954377, 51.15295116], [-0.16953469, 51.1529242], [-0.16950559, 51.15295622], [-0.16949651, 51.15292926], [-0.16946741, 51.15296128], [-0.16945833, 51.15293432]]}}, {"type": "Feature", "properties": {"name": "Linear Feature 2", "painted_line_type": "VERY_WIDE_YELLOW", "lighting_line_type": null}, "geometry": {"type": "LineString", "coordinates": [[-0.17000819, 51.15288873], [-0.16999911, 51.15286178], [-0.16997001, 51.15289379], [-0.16996093, 51.15286684], [-0.16993183, 51.15289885], [-0.16992275, 51.1528719], [-0.16989365, 51.15290391], [-0.16988457, 51.15287696], [-0.16985547, 51.15290897], [-0.16984639, 51.15288202]]}}, {"type": "Feature", "properties": {"name": "Linear Feature 2", "painted_line_type": "VERY_WIDE_YELLOW", "lighting_line_type": null}, "geometry": {"type": "LineString", "coordinates": [[-0.17039226, 51.1528361], [-0.17038318, 51.15280915], [-0.17035408, 51.15284116], [-0.170345, 51.15281421], [-0.1703159, 51.15284622], [-0.17030683, 51.15281927], [-0.17027773, 51.15285128], [-0.17026865, 51.15282432], [-0.17023955, 51.15285634], [-0.17023047, 51.15282938]]}}, {"type": "Feature", "properties": {"name": "Linear Feature 2", "painted_line_type": "VERY_WIDE_YELLOW", "lighting_line_type": null}, "geometry": {"type": "LineString", "coordinates": [[-0.17179743, 51.15281211], [-0.17182408, 51.15279021], [-0.17176642, 51.15279726], [-0.17179307, 51.15277536]]}}, {"type": "Feature", "properties": {"name": "Linear Feature 2", "painted_line_type": "VERY_WIDE_YELLOW", "lighting_line_type": null}, "geometry": {"type": "LineString", "coordinates": [[-0.17174059, 51.15278626], [-0.17175743, 51.15276265], [-0.17170492, 51.15277969], [-0.17171692, 51.15275318], [-0.17166615, 51.15277466], [-0.17167489, 51.15274766], [-0.17162817, 51.15276979], [-0.17163692, 51.15274279], [-0.17158892, 51.15276651], [-0.17159579, 51.15273951]]}}, {"type": "Feature", "properties": {"name": "Linear Feature 2", "painted_line_type": "VERY_WIDE_YELLOW", "lighting_line_type": null}, "geometry": {"type": "LineString", "coordinates": [[-0.17155453, 51.15276359], [-0.17155912, 51.15273636], [-0.17151563, 51.15276166], [-0.17151909, 51.1527342], [-0.17147673, 51.15275973], [-0.17148019, 51.15273227], [-0.17143783, 51.1527578], [-0.17144129, 51.15273034], [-0.17139893, 51.15275588], [-0.17140112, 51.15272887]]}}, {"type": "Feature", "properties": {"name": "Linear Feature 2", "painted_line_type": "VERY_WIDE_YELLOW", "lighting_line_type": null}, "geometry": {"type": "LineString", "coordinates": [[-0.17135932, 51.15275562], [-0.17135929, 51.15272807], [-0.1713203, 51.15275492], [-0.17132027, 51.15272737], [-0.17128128, 51.15275513], [-0.17128125, 51.15272758], [-0.17124225, 51.15275534], [-0.17124222, 51.15272779], [-0.17120323, 51.15275614], [-0.1712032, 51.15272859]]}}, {"type": "Feature", "properties": {"name": "Linear Feature 2", "painted_line_type": "VERY_WIDE_YELLOW", "lighting_line_type": null}, "geometry": {"type": "LineString", "coordinates": [[-0.17116557, 51.15275699], [-0.17116272, 51.1527295], [-0.17112664, 51.152758], [-0.17112378, 51.1527305], [-0.1710877, 51.15276018], [-0.17108484, 51.15273268], [-0.17104876, 51.15276236], [-0.17104496, 51.15273408], [-0.17100982, 51.15276395], [-0.1710054, 51.15273685]]}}, {"type": "Feature", "properties": {"name": "Linear Feature 2", "painted_line_type": "VERY_WIDE_YELLOW", "lighting_line_type": null}, "geometry": {"type": "LineString", "coordinates": [[-0.17097213, 51.15276697], [-0.17096643, 51.15273934], [-0.17093355, 51.15276949], [-0.17092724, 51.15274225], [-0.17089498, 51.15277318], [-0.17088835, 51.15274595], [-0.1708564, 51.15277688], [-0.17084977, 51.15274964], [-0.17081783, 51.15278057], [-0.1708112, 51.15275334]]}}, {"type": "Feature", "properties": {"name": "Linear Feature 2", "painted_line_type": "VERY_WIDE_YELLOW", "lighting_line_type": null}, "geometry": {"type": "LineString", "coordinates": [[-0.17078234, 51.15278535], [-0.17077327, 51.15275839], [-0.17074417, 51.15279041], [-0.17073509, 51.15276345], [-0.17070599, 51.15279547], [-0.17069691, 51.15276851], [-0.17066781, 51.15280053], [-0.17065873, 51.15277357], [-0.17062963, 51.15280559], [-0.17062055, 51.15277863]]}}, {"type": "Feature", "properties": {"name": "Linear Feature 1", "painted_line_type": "VERY_WIDE_YELLOW", "lighting_line_type": null}, "geometry": {"type": "LineString", "coordinates": [[-0.17174976, 51.15285511], [-0.17184976, 51.15280772], [-0.17185475, 51.15297625], [-0.17197679, 51.15299391], [-0.17180794, 51.15301574], [-0.17191065, 51.15307065], [-0.17169203, 51.15308395], [-0.1717543, 51.15315146], [-0.1715061, 51.15313319], [-0.1715513, 51.15320001], [-0.17131563, 51.15317166], [-0.17134765, 51.15324018], [-0.17090887, 51.15324253], [-0.17093184, 51.1533078], [-0.17048292, 51.15329976], [-0.17050857, 51.15336605], [-0.17007284, 51.15335486], [-0.17009887, 51.15342298], [-0.16964093, 51.15341289], [-0.16966888, 51.15348311], [-0.16922371, 51.15346895], [-0.16924792, 51.15353375], [-0.16882276, 51.15350806], [-0.1688234, 51.15356186], [-0.16863368, 51.15350087], [-0.1686235, 51.15355517], [-0.16848765, 51.15347135], [-0.16844563, 51.1535213], [-0.16837102, 51.15340861], [-0.1682929, 51.15343915], [-0.1683485, 51.15331951], [-0.16824428, 51.15331834], [-0.16839242, 51.15323342], [-0.16830168, 51.15319374], [-0.16851348, 51.15315749], [-0.16845922, 51.15310339]]}}, {"type": "Feature", "properties": {"name": "Linear Feature 13", "painted_line_type": "VERY_WIDE_YELLOW", "lighting_line_type": null}, "geometry": {"type": "LineString", "coordinates": [[-0.17767174, 51.15030397], [-0.17767593, 51.15031695]]}}, {"type": "Feature", "properties": {"name": "Linear Feature 13", "painted_line_type": "VERY_WIDE_YELLOW", "lighting_line_type": null}, "geometry": {"type": "LineString", "coordinates": [[-0.17182345, 51.15096454], [-0.1718269, 51.150975]]}}, {"type": "Feature", "properties": {"name": "Linear Feature 13", "painted_line_type": "VERY_WIDE_YELLOW", "lighting_line_type": null}, "geometry": {"type": "LineString", "coordinates": [[-0.17187253, 51.15116456], [-0.17188321, 51.15117347], [-0.17185519, 51.15116968], [-0.17186263, 51.15118115], [-0.17184451, 51.15117115], [-0.17183481, 51.15118029]]}}, {"type": "Feature", "properties": {"name": "Linear Feature 13", "painted_line_type": "VERY_WIDE_YELLOW", "lighting_line_type": null}, "geometry": {"type": "LineString", "coordinates": [[-0.17193848, 51.15113235], [-0.17194896, 51.15114073], [-0.17191175, 51.15114565], [-0.17192253, 51.15115408], [-0.17189167, 51.15115582], [-0.17190202, 51.15116457]]}}, {"type": "Feature", "properties": {"name": "Linear Feature 13", "painted_line_type": "VERY_WIDE_YELLOW", "lighting_line_type": null}, "geometry": {"type": "LineString", "coordinates": [[-0.17199348, 51.15094203], [-0.1719969, 51.15095249], [-0.17195945, 51.15094636], [-0.17196312, 51.15095695], [-0.17192653, 51.15095089], [-0.17192958, 51.15096164], [-0.17189092, 51.15095569], [-0.17189493, 51.15096632], [-0.17185464, 51.15096041], [-0.17185851, 51.15097103]]}}, {"type": "Feature", "properties": {"name": "Linear Feature 13", "painted_line_type": "VERY_WIDE_YELLOW", "lighting_line_type": null}, "geometry": {"type": "LineString", "coordinates": [[-0.17207541, 51.15106477], [-0.17208588, 51.15107315], [-0.17204867, 51.15107806], [-0.17205946, 51.1510865], [-0.17202213, 51.15109126], [-0.17203248, 51.15110001], [-0.17199314, 51.15110568], [-0.17200427, 51.15111405], [-0.17196405, 51.15112016], [-0.17197505, 51.15112856]]}}, {"type": "Feature", "properties": {"name": "Linear Feature 14", "painted_line_type": "VERY_WIDE_YELLOW", "lighting_line_type": null}, "geometry": {"type": "LineString", "coordinates": [[-0.17235338, 51.15090848], [-0.17236133, 51.15089886], [-0.17236035, 51.1509137], [-0.17237756, 51.15090922], [-0.17236017, 51.15092114], [-0.1723751, 51.15092543]]}}, {"type": "Feature", "properties": {"name": "Linear Feature 13", "painted_line_type": "VERY_WIDE_YELLOW", "lighting_line_type": null}, "geometry": {"type": "LineString", "coordinates": [[-0.1717832, 51.15109159], [-0.17179948, 51.15108871], [-0.17179232, 51.15111229], [-0.1718088, 51.15110926], [-0.17180138, 51.15113285], [-0.17181816, 51.15113019], [-0.17181128, 51.1511553], [-0.17182779, 51.15115205], [-0.17182038, 51.15116879], [-0.1718346, 51.15116469]]}}, {"type": "Feature", "properties": {"name": "Linear Feature 13", "painted_line_type": "VERY_WIDE_YELLOW", "lighting_line_type": null}, "geometry": {"type": "LineString", "coordinates": [[-0.17216505, 51.15091958], [-0.1721685, 51.15093004], [-0.17213174, 51.15092394], [-0.17213542, 51.15093452], [-0.17209864, 51.15092826], [-0.17210172, 51.15093901], [-0.17206252, 51.15093298], [-0.17206655, 51.15094361], [-0.17202625, 51.15093772], [-0.17203015, 51.15094835]]}}, {"type": "Feature", "properties": {"name": "Linear Feature 13", "painted_line_type": "VERY_WIDE_YELLOW", "lighting_line_type": null}, "geometry": {"type": "LineString", "coordinates": [[-0.17221234, 51.15099575], [-0.17222282, 51.15100414], [-0.17218561, 51.15100906], [-0.17219639, 51.15101749], [-0.17215906, 51.15102226], [-0.17216941, 51.15103101], [-0.17213008, 51.15103668], [-0.1721412, 51.15104504], [-0.17210097, 51.15105115], [-0.17211198, 51.15105955]]}}, {"type": "Feature", "properties": {"name": "Linear Feature 13", "painted_line_type": "VERY_WIDE_YELLOW", "lighting_line_type": null}, "geometry": {"type": "LineString", "coordinates": [[-0.17179595, 51.15097345], [-0.17180638, 51.15098216]]}}, {"type": "Feature", "properties": {"name": "Linear Feature 13", "painted_line_type": "VERY_WIDE_YELLOW", "lighting_line_type": null}, "geometry": {"type": "LineString", "coordinates": [[-0.17177424, 51.15098606], [-0.17178767, 51.15099343], [-0.17175741, 51.15100333], [-0.17177431, 51.15100716], [-0.17175415, 51.15102614], [-0.17177093, 51.15102348], [-0.17176405, 51.15104858], [-0.17178056, 51.15104532], [-0.17177398, 51.15107112], [-0.1717905, 51.15106795]]}}, {"type": "Feature", "properties": {"name": "Linear Feature 13", "painted_line_type": "VERY_WIDE_YELLOW", "lighting_line_type": null}, "geometry": {"type": "LineString", "coordinates": [[-0.1723368, 51.150897], [-0.17234024, 51.15090745], [-0.17230348, 51.15090088], [-0.17230716, 51.15091147], [-0.17227014, 51.1509052], [-0.17227321, 51.15091595], [-0.17223427, 51.15090993], [-0.1722383, 51.15092055], [-0.17219775, 51.15091499], [-0.17220165, 51.15092561]]}}, {"type": "Feature", "properties": {"name": "Linear Feature 13", "painted_line_type": "VERY_WIDE_YELLOW", "lighting_line_type": null}, "geometry": {"type": "LineString", "coordinates": [[-0.17235004, 51.1509271], [-0.17236051, 51.15093549], [-0.17232331, 51.1509404], [-0.17233409, 51.15094884], [-0.17229676, 51.15095361], [-0.17230711, 51.15096236], [-0.17226777, 51.15096802], [-0.1722789, 51.1509764], [-0.17223868, 51.1509825], [-0.17224968, 51.15099091]]}}, {"type": "Feature", "properties": {"name": "Linear Feature 13", "painted_line_type": "VERY_WIDE_YELLOW", "lighting_line_type": null}, "geometry": {"type": "LineString", "coordinates": [[-0.17770355, 51.1505433], [-0.17771649, 51.15055376], [-0.17766997, 51.15055962], [-0.1776833, 51.15057014], [-0.17763876, 51.15057505], [-0.17765232, 51.15058564]]}}, {"type": "Feature", "properties": {"name": "Linear Feature 13", "painted_line_type": "VERY_WIDE_YELLOW", "lighting_line_type": null}, "geometry": {"type": "LineString", "coordinates": [[-0.17779694, 51.15049914], [-0.17780989, 51.15050961], [-0.17776262, 51.150515], [-0.17777594, 51.15052552], [-0.17773065, 51.15052996], [-0.17774422, 51.15054054]]}}, {"type": "Feature", "properties": {"name": "Linear Feature 13", "painted_line_type": "VERY_WIDE_YELLOW", "lighting_line_type": null}, "geometry": {"type": "LineString", "coordinates": [[-0.17788397, 51.15027745], [-0.17788813, 51.15029043], [-0.17784145, 51.15028267], [-0.17784591, 51.15029582], [-0.1778003, 51.15028814], [-0.17780399, 51.15030148], [-0.17775579, 51.15029345], [-0.17776069, 51.15030665], [-0.17771046, 51.15029914], [-0.17771519, 51.15031233]]}}, {"type": "Feature", "properties": {"name": "Linear Feature 13", "painted_line_type": "VERY_WIDE_YELLOW", "lighting_line_type": null}, "geometry": {"type": "LineString", "coordinates": [[-0.17797004, 51.15041573], [-0.17798298, 51.15042619], [-0.17793646, 51.15043205], [-0.17794979, 51.15044257], [-0.17790312, 51.15044826], [-0.1779159, 51.15045917], [-0.17786672, 51.15046595], [-0.17788047, 51.15047639], [-0.17782867, 51.15048278], [-0.17784227, 51.15049326]]}}, {"type": "Feature", "properties": {"name": "Linear Feature 14", "painted_line_type": "VERY_WIDE_YELLOW", "lighting_line_type": null}, "geometry": {"type": "LineString", "coordinates": [[-0.17839962, 51.15021142], [-0.17841085, 51.15022027], [-0.1783738, 51.15022238], [-0.17838547, 51.15023205], [-0.17834691, 51.15023427], [-0.17835925, 51.15024439]]}}, {"type": "Feature", "properties": {"name": "Linear Feature 13", "painted_line_type": "VERY_WIDE_YELLOW", "lighting_line_type": null}, "geometry": {"type": "LineString", "coordinates": [[-0.17760311, 51.15045823], [-0.17762413, 51.15045702], [-0.17760694, 51.15048476], [-0.17762826, 51.15048339], [-0.17761076, 51.15051112], [-0.1776323, 51.15051024], [-0.17761492, 51.15053988], [-0.17763635, 51.15053824], [-0.1776182, 51.15056351], [-0.17763999, 51.15056215]]}}, {"type": "Feature", "properties": {"name": "Linear Feature 13", "painted_line_type": "VERY_WIDE_YELLOW", "lighting_line_type": null}, "geometry": {"type": "LineString", "coordinates": [[-0.17809839, 51.15025034], [-0.17810257, 51.15026332], [-0.17805675, 51.1502556], [-0.17806123, 51.15026874], [-0.17801539, 51.15026082], [-0.17801911, 51.15027416], [-0.17797025, 51.15026652], [-0.17797517, 51.15027971], [-0.17792492, 51.15027225], [-0.17792968, 51.15028543]]}}, {"type": "Feature", "properties": {"name": "Linear Feature 13", "painted_line_type": "VERY_WIDE_YELLOW", "lighting_line_type": null}, "geometry": {"type": "LineString", "coordinates": [[-0.17814128, 51.15033197], [-0.17815422, 51.15034243], [-0.1781077, 51.15034829], [-0.17812103, 51.15035881], [-0.17807436, 51.1503645], [-0.17808714, 51.15037541], [-0.17803796, 51.15038219], [-0.17805171, 51.15039263], [-0.17800141, 51.15039996], [-0.17801502, 51.15041044]]}}, {"type": "Feature", "properties": {"name": "Linear Feature 13", "painted_line_type": "VERY_WIDE_YELLOW", "lighting_line_type": null}, "geometry": {"type": "LineString", "coordinates": [[-0.17763261, 51.15030895], [-0.17763614, 51.15032163]]}}, {"type": "Feature", "properties": {"name": "Linear Feature 13", "painted_line_type": "VERY_WIDE_YELLOW", "lighting_line_type": null}, "geometry": {"type": "LineString", "coordinates": [[-0.17758245, 51.15032627], [-0.17760564, 51.15032442], [-0.17758589, 51.15034832], [-0.17760748, 51.15034706], [-0.17758959, 51.15037433], [-0.17761114, 51.15037345], [-0.17759376, 51.1504031], [-0.17761519, 51.15040145], [-0.17759794, 51.15043198], [-0.17761935, 51.15043044]]}}, {"type": "Feature", "properties": {"name": "Linear Feature 13", "painted_line_type": "VERY_WIDE_YELLOW", "lighting_line_type": null}, "geometry": {"type": "LineString", "coordinates": [[-0.17838962, 51.15021319], [-0.17839326, 51.15022406], [-0.17835028, 51.15021838], [-0.17835483, 51.15023088]]}}, {"type": "Feature", "properties": {"name": "Linear Feature 13", "painted_line_type": "VERY_WIDE_YELLOW", "lighting_line_type": null}, "geometry": {"type": "LineString", "coordinates": [[-0.17831302, 51.15022307], [-0.1783172, 51.15023605], [-0.17827138, 51.15022774], [-0.17827587, 51.15024088], [-0.17822971, 51.15023297], [-0.17823343, 51.1502463], [-0.17818488, 51.15023867], [-0.17818981, 51.15025186], [-0.17813924, 51.15024478], [-0.178144, 51.15025797]]}}, {"type": "Feature", "properties": {"name": "Linear Feature 13", "painted_line_type": "VERY_WIDE_YELLOW", "lighting_line_type": null}, "geometry": {"type": "LineString", "coordinates": [[-0.1783161, 51.15024841], [-0.17832905, 51.15025887], [-0.17828253, 51.15026473], [-0.17829586, 51.15027525], [-0.17824918, 51.15028094], [-0.17826197, 51.15029185], [-0.17821278, 51.15029863], [-0.17822654, 51.15030908], [-0.17817623, 51.1503164], [-0.17818984, 51.15032688]]}}, {"type": "Feature", "properties": {"name": "Linear Feature 31", "painted_line_type": "VERY_WIDE_YELLOW", "lighting_line_type": null}, "geometry": {"type": "LineString", "coordinates": [[-0.18395936, 51.14984072], [-0.18396978, 51.14984867], [-0.18392631, 51.14985693], [-0.18393658, 51.14986474]]}}, {"type": "Feature", "properties": {"name": "Linear Feature 31", "painted_line_type": "VERY_WIDE_YELLOW", "lighting_line_type": null}, "geometry": {"type": "LineString", "coordinates": [[-0.18401955, 51.14981075], [-0.18402997, 51.1498187], [-0.18398649, 51.14982697], [-0.18399676, 51.14983478]]}}, {"type": "Feature", "properties": {"name": "Linear Feature 31", "painted_line_type": "VERY_WIDE_YELLOW", "lighting_line_type": null}, "geometry": {"type": "LineString", "coordinates": [[-0.18420567, 51.1497189], [-0.18421609, 51.14972685], [-0.18417261, 51.14973512], [-0.18418289, 51.14974292]]}}, {"type": "Feature", "properties": {"name": "Linear Feature 31", "painted_line_type": "VERY_WIDE_YELLOW", "lighting_line_type": null}, "geometry": {"type": "LineString", "coordinates": [[-0.18491295, 51.14930421], [-0.18491678, 51.14931421], [-0.18487191, 51.14930972], [-0.18487571, 51.14931956]]}}, {"type": "Feature", "properties": {"name": "Linear Feature 31", "painted_line_type": "VERY_WIDE_YELLOW", "lighting_line_type": null}, "geometry": {"type": "LineString", "coordinates": [[-0.18494205, 51.14934684], [-0.18495284, 51.14935458], [-0.18490978, 51.14936367], [-0.18492043, 51.14937128]]}}, {"type": "Feature", "properties": {"name": "Linear Feature 31", "painted_line_type": "VERY_WIDE_YELLOW", "lighting_line_type": null}, "geometry": {"type": "LineString", "coordinates": [[-0.18460324, 51.14934458], [-0.18460707, 51.14935458]]}}, {"type": "Feature", "properties": {"name": "Linear Feature 31", "painted_line_type": "VERY_WIDE_YELLOW", "lighting_line_type": null}, "geometry": {"type": "LineString", "coordinates": [[-0.18467906, 51.14933493], [-0.18468289, 51.14934493], [-0.18463803, 51.14934043], [-0.18464182, 51.14935028]]}}, {"type": "Feature", "properties": {"name": "Linear Feature 31", "painted_line_type": "VERY_WIDE_YELLOW", "lighting_line_type": null}, "geometry": {"type": "LineString", "coordinates": [[-0.18475994, 51.14944087], [-0.18477074, 51.14944861], [-0.18472768, 51.1494577], [-0.18473832, 51.1494653]]}}, {"type": "Feature", "properties": {"name": "Linear Feature 31", "painted_line_type": "VERY_WIDE_YELLOW", "lighting_line_type": null}, "geometry": {"type": "LineString", "coordinates": [[-0.18457612, 51.14953508], [-0.18458692, 51.14954282], [-0.18454386, 51.14955191], [-0.1845545, 51.14955952]]}}, {"type": "Feature", "properties": {"name": "Linear Feature 31", "painted_line_type": "VERY_WIDE_YELLOW", "lighting_line_type": null}, "geometry": {"type": "LineString", "coordinates": [[-0.18439179, 51.14962725], [-0.18440222, 51.1496352], [-0.18435874, 51.14964346], [-0.18436901, 51.14965127]]}}, {"type": "Feature", "properties": {"name": "Linear Feature 31", "painted_line_type": "VERY_WIDE_YELLOW", "lighting_line_type": null}, "geometry": {"type": "LineString", "coordinates": [[-0.18407941, 51.14978118], [-0.18408983, 51.14978912], [-0.18404636, 51.14979739], [-0.18405663, 51.1498052]]}}, {"type": "Feature", "properties": {"name": "Linear Feature 31", "painted_line_type": "VERY_WIDE_YELLOW", "lighting_line_type": null}, "geometry": {"type": "LineString", "coordinates": [[-0.18426616, 51.14968972], [-0.18427658, 51.14969766], [-0.1842331, 51.14970593], [-0.18424338, 51.14971374]]}}, {"type": "Feature", "properties": {"name": "Linear Feature 31", "painted_line_type": "VERY_WIDE_YELLOW", "lighting_line_type": null}, "geometry": {"type": "LineString", "coordinates": [[-0.1849877, 51.14929456], [-0.18499153, 51.14930456], [-0.18494667, 51.14930007], [-0.18495046, 51.14930991]]}}, {"type": "Feature", "properties": {"name": "Linear Feature 31", "painted_line_type": "VERY_WIDE_YELLOW", "lighting_line_type": null}, "geometry": {"type": "LineString", "coordinates": [[-0.18500111, 51.14931652], [-0.18501191, 51.14932426], [-0.18496885, 51.14933335], [-0.18497949, 51.14934096]]}}, {"type": "Feature", "properties": {"name": "Linear Feature 31", "painted_line_type": "VERY_WIDE_YELLOW", "lighting_line_type": null}, "geometry": {"type": "LineString", "coordinates": [[-0.18475682, 51.14932481], [-0.18476065, 51.14933481], [-0.18471578, 51.14933032], [-0.18471958, 51.14934015]]}}, {"type": "Feature", "properties": {"name": "Linear Feature 31", "painted_line_type": "VERY_WIDE_YELLOW", "lighting_line_type": null}, "geometry": {"type": "LineString", "coordinates": [[-0.18481901, 51.14941055], [-0.1848298, 51.14941829], [-0.18478674, 51.14942738], [-0.18479739, 51.14943499]]}}, {"type": "Feature", "properties": {"name": "Linear Feature 31", "painted_line_type": "VERY_WIDE_YELLOW", "lighting_line_type": null}, "geometry": {"type": "LineString", "coordinates": [[-0.18463519, 51.14950477], [-0.18464599, 51.14951251], [-0.18460292, 51.1495216], [-0.18461357, 51.14952921]]}}, {"type": "Feature", "properties": {"name": "Linear Feature 31", "painted_line_type": "VERY_WIDE_YELLOW", "lighting_line_type": null}, "geometry": {"type": "LineString", "coordinates": [[-0.18445229, 51.14959806], [-0.18446271, 51.14960601], [-0.18441923, 51.14961428], [-0.1844295, 51.14962208]]}}, {"type": "Feature", "properties": {"name": "Linear Feature 31", "painted_line_type": "VERY_WIDE_YELLOW", "lighting_line_type": null}, "geometry": {"type": "LineString", "coordinates": [[-0.18414425, 51.14974965], [-0.18415467, 51.14975759], [-0.18411119, 51.14976586], [-0.18412146, 51.14977367]]}}, {"type": "Feature", "properties": {"name": "Linear Feature 31", "painted_line_type": "VERY_WIDE_YELLOW", "lighting_line_type": null}, "geometry": {"type": "LineString", "coordinates": [[-0.1843313, 51.14965858], [-0.18434172, 51.14966652], [-0.18429825, 51.14967479], [-0.18430852, 51.1496826]]}}, {"type": "Feature", "properties": {"name": "Linear Feature 31", "painted_line_type": "VERY_WIDE_YELLOW", "lighting_line_type": null}, "geometry": {"type": "LineString", "coordinates": [[-0.18502696, 51.14928994], [-0.18503075, 51.14929978]]}}, {"type": "Feature", "properties": {"name": "Linear Feature 31", "painted_line_type": "VERY_WIDE_YELLOW", "lighting_line_type": null}, "geometry": {"type": "LineString", "coordinates": [[-0.18503247, 51.149301], [-0.18504312, 51.14930861]]}}, {"type": "Feature", "properties": {"name": "Linear Feature 31", "painted_line_type": "VERY_WIDE_YELLOW", "lighting_line_type": null}, "geometry": {"type": "LineString", "coordinates": [[-0.18483711, 51.14931468], [-0.18484094, 51.14932469], [-0.18479607, 51.14932019], [-0.18479987, 51.14933003]]}}, {"type": "Feature", "properties": {"name": "Linear Feature 31", "painted_line_type": "VERY_WIDE_YELLOW", "lighting_line_type": null}, "geometry": {"type": "LineString", "coordinates": [[-0.18488263, 51.1493782], [-0.18489343, 51.14938594], [-0.18485036, 51.14939503], [-0.18486101, 51.14940264]]}}, {"type": "Feature", "properties": {"name": "Linear Feature 31", "painted_line_type": "VERY_WIDE_YELLOW", "lighting_line_type": null}, "geometry": {"type": "LineString", "coordinates": [[-0.18469881, 51.14947242], [-0.18470961, 51.14948016], [-0.18466655, 51.14948925], [-0.18467719, 51.14949686]]}}, {"type": "Feature", "properties": {"name": "Linear Feature 31", "painted_line_type": "VERY_WIDE_YELLOW", "lighting_line_type": null}, "geometry": {"type": "LineString", "coordinates": [[-0.18451743, 51.14956693], [-0.18452785, 51.14957487], [-0.18448437, 51.14958314], [-0.18449465, 51.14959095]]}}, {"type": "Feature", "properties": {"name": "Linear Feature 19", "painted_line_type": "VERY_WIDE_YELLOW", "lighting_line_type": null}, "geometry": {"type": "LineString", "coordinates": [[-0.16593978, 51.15859738], [-0.16592316, 51.15860271], [-0.16592993, 51.1585826], [-0.16591228, 51.158587], [-0.1659205, 51.15856846], [-0.16590298, 51.15857355]]}}, {"type": "Feature", "properties": {"name": "Linear Feature 19", "painted_line_type": "VERY_WIDE_YELLOW", "lighting_line_type": null}, "geometry": {"type": "LineString", "coordinates": [[-0.16599968, 51.15868728], [-0.16598443, 51.15869125], [-0.16598984, 51.15867251], [-0.16597414, 51.15867637], [-0.16598006, 51.15865722], [-0.16596409, 51.15866185], [-0.16597008, 51.1586423], [-0.16595402, 51.15864731], [-0.16596082, 51.15862826], [-0.165944, 51.15863282], [-0.16594996, 51.15861224], [-0.1659333, 51.15861736]]}}, {"type": "Feature", "properties": {"name": "Linear Feature 18", "painted_line_type": "DOUBLE_SOLID_YELLOW_WITH_BLACK_BORDER", "lighting_line_type": null}, "geometry": {"type": "LineString", "coordinates": [[-0.16600922, 51.15869424], [-0.16591609, 51.15855325]]}}, {"type": "Feature", "properties": {"name": "Fuel farm", "painted_line_type": "SOLID_YELLOW", "lighting_line_type": null}, "geometry": {"type": "LineString", "coordinates": [[-0.18465109, 51.16221713], [-0.184645364311111, 51.16222250795556], [-0.184638989911111, 51.16222775115556], [-0.1846319668, 51.16223285960001], [-0.184624294977778, 51.1622378332889], [-0.184615974444444, 51.162242672222234], [-0.1846070052, 51.162247376399996], [-0.184597387244444, 51.16225194582222], [-0.184587120577778, 51.16225638048889], [-0.1845762052, 51.162260680399996], [-0.184564641111111, 51.162264845555555], [-0.184552428311111, 51.16226887595556], [-0.1845395668, 51.1622727716], [-0.184526056577778, 51.16227653248889], [-0.184511897644444, 51.162280158622224], [-0.18449709, 51.16228365]]}}, {"type": "Feature", "properties": {"name": "Fuel farm", "painted_line_type": "BROKEN_YELLOW", "lighting_line_type": null}, "geometry": {"type": "LineString", "coordinates": [[-0.18449709, 51.16228365], [-0.18450947, 51.16239306]]}}, {"type": "Feature", "properties": {"name": "Fuel farm", "painted_line_type": "SOLID_YELLOW", "lighting_line_type": null}, "geometry": {"type": "LineString", "coordinates": [[-0.18450947, 51.16239306], [-0.18465109, 51.16221713], [-0.18448749, 51.16220417]]}}, {"type": "Feature", "properties": {"name": "Fuel farm", "painted_line_type": "SOLID_YELLOW", "lighting_line_type": null}, "geometry": {"type": "LineString", "coordinates": [[-0.1865939, 51.15978772], [-0.186591294622222, 51.159781934533335], [-0.186588326488889, 51.15977634346667], [-0.1865849956, 51.1597709468], [-0.186581301955556, 51.15976574453334], [-0.186577245555556, 51.15976073666667], [-0.1865728264, 51.159755923199995], [-0.186568044488889, 51.15975130413334], [-0.186562899822222, 51.15974687946666], [-0.1865573924, 51.1597426492], [-0.186551522222222, 51.15973861333333], [-0.186545289288889, 51.15973477186667], [-0.1865386936, 51.159731124800004], [-0.186531735155556, 51.15972767213333], [-0.186524413955556, 51.15972441386667], [-0.18651673, 51.15972135], [-0.18647751, 51.15970755], [-0.186474699288889, 51.15970663355556], [-0.186472112488889, 51.15970595088889], [-0.1864697496, 51.159705502], [-0.186467610622222, 51.15970528688889], [-0.186465695555556, 51.15970530555557], [-0.1864640044, 51.159705558], [-0.186462537155556, 51.15970604422222], [-0.186461293822222, 51.15970676422222], [-0.1864602744, 51.159707718], [-0.186459478888889, 51.15970890555556], [-0.186458907288889, 51.159710326888884], [-0.1864585596, 51.159711982], [-0.186458435822222, 51.159713870888886], [-0.186458535955556, 51.15971599355555], [-0.18645886, 51.15971835], [-0.18651029, 51.15986284], [-0.18639469, 51.15974074], [-0.18638615, 51.15971625], [-0.186384491822222, 51.15971277586667], [-0.186382469288889, 51.159709529466674], [-0.1863800824, 51.159706510800014], [-0.186377331155556, 51.15970371986668], [-0.186374215555556, 51.15970115666667], [-0.1863707356, 51.1596988212], [-0.186366891288889, 51.15969671346667], [-0.186362682622222, 51.15969483346666], [-0.1863581096, 51.1596931812], [-0.186353172222222, 51.15969175666667], [-0.186347870488889, 51.15969055986666], [-0.1863422044, 51.1596895908], [-0.186336173955556, 51.15968884946666], [-0.186329779155556, 51.15968833586667], [-0.18632302, 51.15968805], [-0.18626897, 51.15969405], [-0.18631246, 51.15981859], [-0.18621436, 51.15974134], [-0.186212288177778, 51.15973662484444], [-0.186209875377778, 51.159732290044445], [-0.1862071216, 51.1597283356], [-0.186204026844444, 51.159724761511114], [-0.186200591111111, 51.15972156777779], [-0.1861968144, 51.159718754400004], [-0.186192696711111, 51.15971632137777], [-0.186188238044444, 51.15971426871111], [-0.1861834384, 51.1597125964], [-0.186178297777778, 51.15971130444444], [-0.186172816177778, 51.159710392844445], [-0.1861669936, 51.15970986160001], [-0.186160830044444, 51.15970971071111], [-0.186154325511111, 51.159709940177784], [-0.18614748, 51.15971055], [-0.1860896, 51.15971745], [-0.18612693, 51.15982182]]}}, {"type": "Feature", "properties": {"name": "Uniform", "painted_line_type": "SOLID_YELLOW_WITH_BLACK_BORDER", "lighting_line_type": null}, "geometry": {"type": "LineString", "coordinates": [[-0.19717234, 51.15519163], [-0.19727883, 51.15517635], [-0.19710378, 51.15499567], [-0.19721049, 51.15498037], [-0.19704088, 51.15481587], [-0.19714777, 51.15480049], [-0.19689978, 51.15441256], [-0.19700696, 51.15439666], [-0.1968318, 51.15421827], [-0.19693958, 51.15420344], [-0.19676846, 51.15403721], [-0.19687641, 51.15402228], [-0.19662697, 51.15363277], [-0.19673512, 51.1536171], [-0.19655922, 51.15343913], [-0.19666779, 51.153424], [-0.19649464, 51.15325454], [-0.19660331, 51.15323908], [-0.19635233, 51.15284778], [-0.1964615, 51.15283241], [-0.19628472, 51.15265453], [-0.19639409, 51.15263908], [-0.19622101, 51.15247242], [-0.19633051, 51.15245676], [-0.19607979, 51.15206877], [-0.19618981, 51.15205325], [-0.19601214, 51.15187539], [-0.19612232, 51.15185969], [-0.19594805, 51.15169221], [-0.19605853, 51.15167675], [-0.19580667, 51.15128808], [-0.19591771, 51.15127292], [-0.19573883, 51.15109417], [-0.19585002, 51.1510788], [-0.19567511, 51.15091206], [-0.19578663, 51.15089699], [-0.1948038, 51.15102978], [-0.19508646, 51.15099158], [-0.19473166, 51.15123342], [-0.19515037, 51.15117553], [-0.19511075, 51.15138313], [-0.19521744, 51.15136856], [-0.19505364, 51.15181734], [-0.19535854, 51.15177469], [-0.19506183, 51.15201062], [-0.19542267, 51.15195926], [-0.19538396, 51.15216687], [-0.19548963, 51.15215197], [-0.19533502, 51.15259884], [-0.19563025, 51.1525567], [-0.19533072, 51.15278915], [-0.19569323, 51.15273799], [-0.19565682, 51.15294564], [-0.19576032, 51.15293108], [-0.1956126, 51.15337976], [-0.19590194, 51.15333868], [-0.19559738, 51.15357301], [-0.19596555, 51.15352176], [-0.19593055, 51.15373368], [-0.19603397, 51.15371869], [-0.19571398, 51.15418301], [-0.19617323, 51.15411951], [-0.19587048, 51.15435049], [-0.19623601, 51.15430021], [-0.1961978, 51.1545163], [-0.19630556, 51.15450038], [-0.19598079, 51.15496791], [-0.19644487, 51.15490135], [-0.19596587, 51.15515798], [-0.1965072, 51.15508075], [-0.19647092, 51.15529236], [-0.19657552, 51.15527736]]}}, {"type": "Feature", "properties": {"name": "Holds Sierra & compass base", "painted_line_type": "BROKEN_YELLOW", "lighting_line_type": null}, "geometry": {"type": "LineString", "coordinates": [[-0.21229094, 51.14671201], [-0.21242968, 51.14710852]]}}, {"type": "Feature", "properties": {"name": "Car parks south", "painted_line_type": "DOUBLE_SOLID_YELLOW", "lighting_line_type": null}, "geometry": {"type": "LineString", "coordinates": [[-0.15383571, 51.15743384], [-0.153837040311111, 51.15743923551112], [-0.153837780577778, 51.157443968711114], [-0.1538379308, 51.157448039600006], [-0.153837490977778, 51.15745144817778], [-0.153836461111111, 51.157454194444455], [-0.1538348412, 51.157456278400005], [-0.153832631244444, 51.157457700044446], [-0.153829831244444, 51.15745845937778], [-0.1538264412, 51.1574585564], [-0.153822461111111, 51.157457991111116], [-0.153817890977778, 51.157456763511114], [-0.1538127308, 51.1574548736], [-0.153806980577778, 51.157452321377775], [-0.153800640311111, 51.15744910684445], [-0.15379371, 51.15744523], [-0.15366536, 51.15735587], [-0.153643465955556, 51.15734235271111], [-0.153619751822222, 51.157329464844445], [-0.1535942176, 51.157317206400016], [-0.153566863288889, 51.15730557737778], [-0.153537688888889, 51.15729457777779], [-0.1535066944, 51.15728420760001], [-0.153473879822222, 51.157274466844456], [-0.153439245155556, 51.157265355511115], [-0.1534027904, 51.1572568736], [-0.153364515555556, 51.15724902111111], [-0.153324420622222, 51.15724179804444], [-0.1532825056, 51.15723520440001], [-0.153238770488889, 51.15722924017778], [-0.153193215288889, 51.157223905377776], [-0.15314584, 51.1572192], [-0.153142355555556, 51.15721902880001], [-0.153139294222222, 51.15721874986667], [-0.153136656, 51.15721836320001], [-0.153134440888889, 51.157217868800004], [-0.153132648888889, 51.15721726666668], [-0.15313128, 51.1572165568], [-0.153130334222222, 51.1572157392], [-0.153129811555556, 51.15721481386667], [-0.153129712, 51.15721378080001], [-0.153130035555556, 51.15721264], [-0.153130782222222, 51.15721139146666], [-0.153131952, 51.1572100352], [-0.153133544888889, 51.1572085712], [-0.153135560888889, 51.15720699946667], [-0.153138, 51.15720532], [-0.15379605, 51.15697565], [-0.153802443688889, 51.15697354275556], [-0.153808240755556, 51.15697188502222], [-0.1538134412, 51.15697067680001], [-0.153818045022222, 51.1569699180889], [-0.153822052222222, 51.15696960888891], [-0.1538254628, 51.1569697492], [-0.153828276755556, 51.15697033902223], [-0.153830494088889, 51.156971378355564], [-0.1538321148, 51.156972867200004], [-0.153833138888889, 51.15697480555556], [-0.153833566355556, 51.15697719342223], [-0.1538333972, 51.156980030800014], [-0.153832631422222, 51.15698331768889], [-0.153831269022222, 51.156987054088894], [-0.15382931, 51.15699124], [-0.153820667155556, 51.15701828764445], [-0.153813319955556, 51.15704568657779], [-0.1538072684, 51.15707343680001], [-0.153802512488889, 51.157101538311125], [-0.153799052222222, 51.15712999111112], [-0.1537968876, 51.1571587952], [-0.153796018622222, 51.15718795057778], [-0.153796445288889, 51.15721745724446], [-0.1537981676, 51.15724731520001], [-0.153801185555556, 51.157277524444446], [-0.153805499155556, 51.157308084977785], [-0.1538111084, 51.15733899680001], [-0.153818013288889, 51.15737025991112], [-0.153826213822222, 51.15740187431112], [-0.15383571, 51.15743384]]}}, {"type": "Feature", "properties": {"name": "Car parks south", "painted_line_type": "DOUBLE_SOLID_YELLOW", "lighting_line_type": null}, "geometry": {"type": "LineString", "coordinates": [[-0.15861898, 51.15749382], [-0.158622003555556, 51.15750528746666], [-0.158624487555556, 51.15751634586667], [-0.158626432, 51.1575269952], [-0.158627836888889, 51.15753723546667], [-0.158628702222222, 51.15754706666668], [-0.158629028, 51.1575564888], [-0.158628814222222, 51.157565501866664], [-0.158628060888889, 51.15757410586667], [-0.158626768, 51.157582300799994], [-0.158624935555556, 51.157590086666666], [-0.158622563555556, 51.15759746346666], [-0.158619652, 51.1576044312], [-0.158616200888889, 51.15761098986666], [-0.158612210222222, 51.157617139466666], [-0.15860768, 51.15762288], [-0.1582922, 51.15799486], [-0.158288985955556, 51.15799870017778], [-0.158286141155556, 51.15800276737778], [-0.1582836656, 51.1580070616], [-0.158281559288889, 51.15801158284445], [-0.158279822222222, 51.158016331111114], [-0.1582784544, 51.1580213064], [-0.158277455822222, 51.15802650871111], [-0.158276826488889, 51.158031938044445], [-0.1582765664, 51.1580375944], [-0.158276675555556, 51.15804347777778], [-0.158277153955556, 51.158049588177775], [-0.1582780016, 51.1580559256], [-0.158279218488889, 51.15806249004444], [-0.158280804622222, 51.15806928151111], [-0.15828276, 51.1580763], [-0.1583199, 51.15825176], [-0.158320449466667, 51.158254450533335], [-0.158320545866667, 51.15825721013334], [-0.1583201892, 51.15826003880001], [-0.158319379466667, 51.15826293653333], [-0.158318116666667, 51.15826590333334], [-0.1583164008, 51.158268939200006], [-0.158314231866667, 51.15827204413334], [-0.158311609866667, 51.15827521813334], [-0.1583085348, 51.158278461200005], [-0.158305006666667, 51.15828177333334], [-0.158301025466667, 51.15828515453333], [-0.1582965912, 51.158288604800006], [-0.158291703866667, 51.15829212413334], [-0.158286363466667, 51.15829571253334], [-0.15828057, 51.15829937], [-0.158250858666667, 51.15831795506667], [-0.15822069, 51.1583355236], [-0.158190064, 51.15835207560001], [-0.158158980666667, 51.158367611066666], [-0.15812744, 51.15838213], [-0.158095442, 51.1583956324], [-0.158062986666667, 51.158408118266664], [-0.158030074, 51.1584195876], [-0.157996704, 51.15843004039999], [-0.157962876666667, 51.158439476666665], [-0.157928592, 51.15844789639999], [-0.15789385, 51.15845529959999], [-0.157858650666667, 51.15846168626666], [-0.157822994, 51.1584670564], [-0.15778688, 51.15847141], [-0.157751438044444, 51.15847511942222], [-0.157717797511111, 51.15847855702222], [-0.1576859584, 51.158481722800005], [-0.157655920711111, 51.15848461675556], [-0.157627684444444, 51.158487238888895], [-0.1576012496, 51.1584895892], [-0.157576616177778, 51.158491667688885], [-0.157553784177778, 51.15849347435556], [-0.1575327536, 51.15849500920001], [-0.157513524444444, 51.15849627222222], [-0.157496096711111, 51.15849726342222], [-0.1574804704, 51.1584979828], [-0.157466645511111, 51.158498430355564], [-0.157454622044444, 51.158498606088884], [-0.1574444, 51.15849851], [-0.1574373352, 51.15849868111111], [-0.1574307488, 51.15849870644445], [-0.1574246408, 51.158498586], [-0.1574190112, 51.158498319777785], [-0.15741386, 51.158497907777786], [-0.1574091872, 51.15849735], [-0.1574049928, 51.15849664644445], [-0.1574012768, 51.15849579711111], [-0.1573980392, 51.158494802], [-0.15739528, 51.15849366111111], [-0.1573929992, 51.158492374444435], [-0.1573911968, 51.158490942], [-0.1573898728, 51.158489363777775], [-0.1573890272, 51.158487639777775], [-0.15738866, 51.15848577], [-0.157388876, 51.15848378044444], [-0.15738978, 51.158481697111114], [-0.157391372, 51.15847952], [-0.157393652, 51.15847724911111], [-0.15739662, 51.158474884444445], [-0.157400276, 51.158472426], [-0.15740462, 51.158469873777776], [-0.157409652, 51.15846722777778], [-0.157415372, 51.158464488], [-0.15742178, 51.15846165444445], [-0.157428876, 51.15845872711111], [-0.15743666, 51.158455706], [-0.157445132, 51.158452591111114], [-0.157454292, 51.158449382444445], [-0.15746414, 51.15844608], [-0.1574758208, 51.15843523875555], [-0.157486257866667, 51.158423896355565], [-0.1574954512, 51.158412052799996], [-0.1575034008, 51.1583997080889], [-0.157510106666667, 51.15838686222222], [-0.1575155688, 51.1583735152], [-0.1575197872, 51.158359667022225], [-0.157522761866667, 51.15834531768889], [-0.1575244928, 51.1583304672], [-0.15752498, 51.15831511555556], [-0.157524223466667, 51.15829926275556], [-0.1575222232, 51.158282908800004], [-0.1575189792, 51.15826605368889], [-0.157514491466667, 51.15824869742223], [-0.15750876, 51.15823084], [-0.15738499, 51.15788538], [-0.157382644888889, 51.157876911600006], [-0.157381801555556, 51.15786866106667], [-0.15738246, 51.15786062840001], [-0.157384620222222, 51.1578528136], [-0.157388282222222, 51.15784521666668], [-0.157393446, 51.1578378376], [-0.157400111555556, 51.1578306764], [-0.157408278888889, 51.15782373306667], [-0.157417948, 51.1578170076], [-0.157429118888889, 51.1578105], [-0.157441791555556, 51.15780421026666], [-0.157455966, 51.157798138400004], [-0.157471642222222, 51.1577922844], [-0.157488820222222, 51.157786648266665], [-0.1575075, 51.15778123], [-0.15748612, 51.1577525], [-0.157470520755556, 51.15775380173334], [-0.157455592355556, 51.157754386933334], [-0.1574413348, 51.157754255600004], [-0.157427748088889, 51.157753407733345], [-0.157414832222222, 51.15775184333334], [-0.1574025872, 51.157749562400014], [-0.157391013022222, 51.15774656493333], [-0.157380109688889, 51.15774285093333], [-0.1573698772, 51.15773842040001], [-0.157360315555556, 51.157733273333335], [-0.157351424755556, 51.15772740973333], [-0.1573432048, 51.15772082960001], [-0.157335655688889, 51.157713532933336], [-0.157328777422222, 51.157705519733334], [-0.15732257, 51.15769679], [-0.15723261, 51.15744864], [-0.157230752177778, 51.157441520755555], [-0.157229618711111, 51.157434797688886], [-0.1572292096, 51.157428470800006], [-0.157229524844444, 51.15742254008888], [-0.157230564444444, 51.157417005555565], [-0.1572323284, 51.157411867200004], [-0.157234816711111, 51.15740712502222], [-0.157238029377778, 51.15740277902222], [-0.1572419664, 51.15739882919999], [-0.157246627777778, 51.15739527555556], [-0.157252013511111, 51.157392118088886], [-0.1572581236, 51.157389356799996], [-0.157264958044444, 51.15738699168889], [-0.157272516844444, 51.157385022755555], [-0.1572808, 51.15738345], [-0.15727974, 51.15736191], [-0.1572712496, 51.1573624456], [-0.157263197066667, 51.157362676400005], [-0.1572555824, 51.1573626024], [-0.1572484056, 51.1573622236], [-0.157241666666667, 51.15736154000001], [-0.1572353656, 51.15736055160001], [-0.1572295024, 51.15735925840001], [-0.157224077066667, 51.157357660399995], [-0.1572190896, 51.1573557576], [-0.15721454, 51.15735355], [-0.157210428266667, 51.157351037599994], [-0.1572067544, 51.157348220399996], [-0.1572035184, 51.1573450984], [-0.157200720266667, 51.1573416716], [-0.15719836, 51.15733794], [-0.15694647, 51.15662066], [-0.1569460924, 51.15661943906667], [-0.156945860933333, 51.15661828560001], [-0.1569457756, 51.156617199600014], [-0.1569458364, 51.156616181066674], [-0.156946043333333, 51.156615230000014], [-0.1569463964, 51.156614346400005], [-0.1569468956, 51.15661353026667], [-0.156947540933333, 51.1566127816], [-0.1569483324, 51.1566121004], [-0.15694927, 51.15661148666668], [-0.156950353733333, 51.1566109404], [-0.1569515836, 51.1566104616], [-0.1569529596, 51.15661005026667], [-0.156954481733333, 51.156609706400005], [-0.15695615, 51.15660943], [-0.15693016, 51.15649444], [-0.156927826666667, 51.15649442151111], [-0.156925618666667, 51.156494323377785], [-0.156923536, 51.15649414560001], [-0.156921578666667, 51.156493888177785], [-0.156919746666667, 51.156493551111126], [-0.15691804, 51.156493134399994], [-0.156916458666667, 51.156492638044455], [-0.156915002666667, 51.15649206204444], [-0.156913672, 51.156491406399994], [-0.156912466666667, 51.156490671111115], [-0.156911386666667, 51.15648985617777], [-0.156910432, 51.156488961600004], [-0.156909602666667, 51.15648798737778], [-0.156908898666667, 51.15648693351111], [-0.15690832, 51.1564858], [-0.15675245, 51.15605108], [-0.156746342, 51.15603285373333], [-0.156739722, 51.15601499893332], [-0.15673259, 51.155997515600006], [-0.156724946, 51.15598040373334], [-0.15671679, 51.15596366333334], [-0.156708122, 51.15594729439999], [-0.156698942, 51.15593129693333], [-0.15668925, 51.15591567093333], [-0.156679046, 51.1559004164], [-0.15666833, 51.15588553333333], [-0.156657102, 51.15587102173333], [-0.156645362, 51.1558568816], [-0.15663311, 51.15584311293333], [-0.156620346, 51.15582971573333], [-0.15660707, 51.15581669], [-0.15640476, 51.15559314], [-0.156399386488889, 51.15558795577778], [-0.156393964622222, 51.15558302444444], [-0.1563884944, 51.155578346], [-0.156382975822222, 51.155573920444446], [-0.156377408888889, 51.15556974777778], [-0.1563717936, 51.155565828], [-0.156366129955556, 51.155562161111106], [-0.156360417955556, 51.15555874711111], [-0.1563546576, 51.155555586], [-0.156348848888889, 51.15555267777778], [-0.156342991822222, 51.15555002244444], [-0.1563370864, 51.15554762], [-0.156331132622222, 51.155545470444444], [-0.156325130488889, 51.15554357377778], [-0.15631908, 51.15554193], [-0.15626869, 51.15552992], [-0.156265250355556, 51.155529000933335], [-0.156262350088889, 51.155527998400004], [-0.1562599892, 51.155526912400006], [-0.156258167688889, 51.155525742933335], [-0.156256885555556, 51.15552449], [-0.1562561428, 51.1555231536], [-0.156255939422222, 51.15552173373333], [-0.156256275422222, 51.15552023040001], [-0.1562571508, 51.155518643600004], [-0.156258565555556, 51.155516973333334], [-0.156260519688889, 51.155515219600005], [-0.1562630132, 51.1555133824], [-0.156266046088889, 51.15551146173334], [-0.156269618355556, 51.155509457600004], [-0.15627373, 51.15550737], [-0.15640016, 51.15544315], [-0.156405744311111, 51.15544053564445], [-0.156411833244444, 51.15543783924445], [-0.1564184268, 51.15543506080001], [-0.156425524977778, 51.15543220031112], [-0.156433127777778, 51.15542925777778], [-0.1564412352, 51.1554262332], [-0.156449847244444, 51.15542312657777], [-0.156458963911111, 51.155419937911105], [-0.1564685852, 51.155416667199994], [-0.156478711111111, 51.155413314444445], [-0.156489341644444, 51.15540987964444], [-0.1565004768, 51.1554063628], [-0.156512116577778, 51.155402763911106], [-0.156524260977778, 51.15539908297777], [-0.15653691, 51.15539532], [-0.15674088, 51.15533471], [-0.156744422666667, 51.15533368595555], [-0.156748544, 51.15533270182223], [-0.156753244, 51.15533175760001], [-0.156758522666667, 51.15533085328889], [-0.15676438, 51.155329988888894], [-0.156770816, 51.155329164399994], [-0.156777830666667, 51.15532837982222], [-0.156785424, 51.15532763515556], [-0.156793596, 51.155326930399994], [-0.156802346666667, 51.15532626555555], [-0.156811676, 51.155325640622216], [-0.156821584, 51.1553250556], [-0.156832070666667, 51.15532451048889], [-0.156843136, 51.15532400528889], [-0.15685478, 51.15532354], [-0.157203, 51.15530841], [-0.157220162666667, 51.15530803475556], [-0.157237434666667, 51.15530807435556], [-0.157254816, 51.155308528800006], [-0.157272306666667, 51.15530939808889], [-0.157289906666667, 51.15531068222223], [-0.157307616, 51.155312381200005], [-0.157325434666667, 51.15531449502222], [-0.157343362666667, 51.15531702368889], [-0.1573614, 51.1553199672], [-0.157379546666667, 51.15532332555556], [-0.157397802666667, 51.15532709875555], [-0.157416168, 51.155331286800006], [-0.157434642666667, 51.155335889688885], [-0.157453226666667, 51.15534090742222], [-0.15747192, 51.15534634], [-0.15795078, 51.1556268], [-0.15804219, 51.15560472], [-0.1580410436, 51.15560140275556], [-0.158040249733333, 51.15559844302222], [-0.1580398084, 51.155595840800004], [-0.1580397196, 51.1555935960889], [-0.158039983333333, 51.15559170888889], [-0.1580405996, 51.155590179200004], [-0.1580415684, 51.15558900702222], [-0.158042889733333, 51.15558819235555], [-0.1580445636, 51.1555877352], [-0.15804659, 51.155587635555555], [-0.158048968933333, 51.15558789342222], [-0.1580517004, 51.155588508799994], [-0.1580547844, 51.15558948168889], [-0.158058220933333, 51.15559081208889], [-0.15806201, 51.1555925], [-0.158072305022222, 51.15559575831111], [-0.158082582088889, 51.15559879191111], [-0.1580928412, 51.155601600800004], [-0.158103082355556, 51.15560418497779], [-0.158113305555556, 51.15560654444445], [-0.1581235108, 51.1556086792], [-0.158133698088889, 51.155610589244446], [-0.158143867422222, 51.15561227457778], [-0.1581540188, 51.155613735200006], [-0.158164152222222, 51.15561497111112], [-0.158174267688889, 51.155615982311105], [-0.1581843652, 51.1556167688], [-0.158194444755556, 51.15561733057778], [-0.158204506355556, 51.15561766764445], [-0.15821455, 51.15561778], [-0.158221338444444, 51.15561783902223], [-0.158227189111111, 51.155618016088894], [-0.158232102, 51.1556183112], [-0.158236077111111, 51.15561872435556], [-0.158239114444444, 51.15561925555557], [-0.158241214, 51.1556199048], [-0.158242375777778, 51.155620672088894], [-0.158242599777778, 51.15562155742222], [-0.158241886, 51.1556225608], [-0.158240234444444, 51.15562368222222], [-0.158237645111111, 51.15562492168888], [-0.158234118, 51.1556262792], [-0.158229653111111, 51.15562775475556], [-0.158224250444444, 51.15562934835555], [-0.15821791, 51.15563106], [-0.158204247022222, 51.15563401986666], [-0.158191300755556, 51.1556371128], [-0.1581790712, 51.155640338800005], [-0.158167558355556, 51.155643697866665], [-0.158156762222222, 51.15564719], [-0.1581466828, 51.155650815200005], [-0.158137320088889, 51.15565457346667], [-0.158128674088889, 51.155658464800005], [-0.1581207448, 51.1556624892], [-0.158113532222222, 51.155666646666674], [-0.158107036355556, 51.1556709372], [-0.1581012572, 51.155675360800004], [-0.158096194755556, 51.15567991746667], [-0.158091849022222, 51.1556846072], [-0.15808822, 51.15568943], [-0.158086842666667, 51.15569143382223], [-0.158085489333333, 51.1556931172889], [-0.15808416, 51.15569448040001], [-0.158082854666667, 51.155695523155565], [-0.158081573333333, 51.15569624555557], [-0.158080316, 51.1556966476], [-0.158079082666667, 51.15569672928889], [-0.158077873333333, 51.15569649062222], [-0.158076688, 51.1556959316], [-0.158075526666667, 51.15569505222223], [-0.158074389333333, 51.15569385248889], [-0.158073276, 51.15569233240001], [-0.158072186666667, 51.15569049195555], [-0.158071121333333, 51.15568833115555], [-0.15807008, 51.15568585], [-0.15804252, 51.1556083], [-0.15795214, 51.15562727], [-0.157956035733333, 51.15563049653333], [-0.157960066933333, 51.15563458413333], [-0.1579642336, 51.1556395328], [-0.157968535733333, 51.15564534253334], [-0.157972973333333, 51.15565201333334], [-0.1579775464, 51.155659545199995], [-0.157982254933333, 51.155667938133334], [-0.157987098933333, 51.15567719213334], [-0.1579920784, 51.155687307200004], [-0.157997193333333, 51.15569828333334], [-0.158002443733333, 51.15571012053333], [-0.1580078296, 51.1557228188], [-0.158013350933333, 51.15573637813334], [-0.158019007733333, 51.15575079853333], [-0.1580248, 51.15576608], [-0.15818828, 51.15624144], [-0.15825711, 51.1562396], [-0.158256230888889, 51.15623732217778], [-0.158255641555556, 51.15623529671111], [-0.158255342, 51.15623352360001], [-0.158255332222222, 51.156232002844455], [-0.158255612222222, 51.15623073444445], [-0.158256182, 51.1562297184], [-0.158257041555556, 51.1562289547111], [-0.158258190888889, 51.15622844337777], [-0.15825963, 51.1562281844], [-0.158261358888889, 51.15622817777778], [-0.158263377555556, 51.1562284235111], [-0.158265686, 51.156228921600004], [-0.158268284222222, 51.15622967204444], [-0.158271172222222, 51.156230674844444], [-0.15827435, 51.15623193], [-0.158284965377778, 51.15623531253333], [-0.158295534177778, 51.15623838813334], [-0.1583060564, 51.15624115680001], [-0.158316532044444, 51.156243618533345], [-0.158326961111111, 51.15624577333334], [-0.1583373436, 51.1562476212], [-0.158347679511111, 51.15624916213333], [-0.158357968844444, 51.15625039613333], [-0.1583682116, 51.15625132320001], [-0.158378407777778, 51.15625194333334], [-0.158388557377778, 51.156252256533335], [-0.1583986604, 51.156252262799995], [-0.158408716844444, 51.15625196213333], [-0.158418726711111, 51.15625135453333], [-0.15842869, 51.15625044], [-0.158434382311111, 51.15625156377777], [-0.158439275244444, 51.156252700444455], [-0.1584433688, 51.15625385000001], [-0.158446662977778, 51.156255012444454], [-0.158449157777778, 51.15625618777779], [-0.1584508532, 51.156257376], [-0.158451749244444, 51.15625857711111], [-0.158451845911111, 51.15625979111112], [-0.1584511432, 51.156261018], [-0.158449641111111, 51.15626225777778], [-0.158447339644444, 51.15626351044445], [-0.1584442388, 51.156264776], [-0.158440338577778, 51.156266054444444], [-0.158435638977778, 51.156267345777785], [-0.15843014, 51.15626865], [-0.158414571887407, 51.156272068717044], [-0.158400210565926, 51.1562758877363], [-0.15838701856, 51.15628003936001], [-0.158374958394074, 51.15628445589038], [-0.158363992592593, 51.156289069629636], [-0.15835408368, 51.15629381288001], [-0.158345194180741, 51.1562986179437], [-0.158337286619259, 51.15630341712296], [-0.15833032352, 51.15630814272001], [-0.158324267407407, 51.15631272703704], [-0.158319080805926, 51.15631710237629], [-0.15831472624, 51.15632120104], [-0.158311166234074, 51.156324955330376], [-0.158308363312593, 51.15632829754963], [-0.15830628, 51.15633116], [-0.158305118088889, 51.15633278182223], [-0.158303947022222, 51.15633418062223], [-0.1583027668, 51.156335356400014], [-0.158301577422222, 51.156336309155556], [-0.158300378888889, 51.1563370388889], [-0.1582991712, 51.1563375456], [-0.158297954355556, 51.15633782928889], [-0.158296728355556, 51.15633788995556], [-0.1582954932, 51.156337727600004], [-0.158294248888889, 51.15633734222222], [-0.158292995422222, 51.15633673382222], [-0.1582917328, 51.1563359024], [-0.158290461022222, 51.156334847955556], [-0.158289180088889, 51.15633357048889], [-0.15828789, 51.15633207], [-0.15825711, 51.1562396], [-0.15818828, 51.15624144], [-0.15830443, 51.1565792], [-0.15861898, 51.15749382]]}}, {"type": "Feature", "properties": {"name": "Car parks south", "painted_line_type": "DOUBLE_SOLID_YELLOW", "lighting_line_type": null}, "geometry": {"type": "LineString", "coordinates": [[-0.15383095, 51.15889095], [-0.153868242666667, 51.158859212133336], [-0.153902043333333, 51.15882594253333], [-0.153932352, 51.1587911412], [-0.153959168666667, 51.15875480813333], [-0.153982493333333, 51.15871694333334], [-0.154002326, 51.1586775468], [-0.154018666666667, 51.15863661853333], [-0.154031515333333, 51.158594158533326], [-0.154040872, 51.1585501668], [-0.154046736666667, 51.15850464333333], [-0.154049109333333, 51.15845758813333], [-0.15404799, 51.1584090012], [-0.154043378666667, 51.15835888253333], [-0.154035275333333, 51.15830723213333], [-0.15402368, 51.15825405], [-0.15383635, 51.15762812], [-0.153801694088889, 51.15756370688888], [-0.153762275688889, 51.157505488888894], [-0.1537180948, 51.157453466], [-0.153669151422222, 51.157407638222224], [-0.153615445555556, 51.157368005555554], [-0.1535569772, 51.157334568], [-0.153493746355556, 51.15730732555556], [-0.153425753022222, 51.15728627822222], [-0.1533529972, 51.157271426], [-0.153275478888889, 51.15726276888889], [-0.153193198088889, 51.15726030688889], [-0.1531061548, 51.15726404], [-0.153014349022222, 51.15727396822223], [-0.152917780755556, 51.15729009155556], [-0.15281645, 51.15731241], [-0.152861325911111, 51.15730030404445], [-0.152899790977778, 51.15728992751112], [-0.1529318452, 51.15728128040001], [-0.152957488577778, 51.15727436271112], [-0.152976721111111, 51.15726917444445], [-0.1529895428, 51.157265715600005], [-0.152995953644444, 51.15726398617778], [-0.1529895428, 51.157265715600005], [-0.152976721111111, 51.15726917444445], [-0.152957488577778, 51.157274362711114], [-0.1529318452, 51.1572812804], [-0.152899790977778, 51.157289927511115], [-0.152861325911111, 51.15730030404445], [-0.15281645, 51.15731241], [-0.152770388311111, 51.15732576004445], [-0.152728365911111, 51.15733986884445], [-0.1526903828, 51.15735473640001], [-0.152656438977778, 51.15737036271112], [-0.152626534444444, 51.15738674777778], [-0.1526006692, 51.15740389160001], [-0.152578843244444, 51.15742179417778], [-0.152561056577778, 51.157440455511114], [-0.1525473092, 51.157459875600004], [-0.152537601111111, 51.15748005444445], [-0.152531932311111, 51.15750099204445], [-0.1525303028, 51.15752268840001], [-0.152532712577778, 51.15754514351111], [-0.152539161644444, 51.15756835737778], [-0.15254965, 51.15759233], [-0.15271041, 51.15807118], [-0.152712222177778, 51.158076517644446], [-0.152714645377778, 51.158081562577784], [-0.1527176796, 51.15808631480001], [-0.152721324844444, 51.15809077431111], [-0.152725581111111, 51.15809494111112], [-0.1527304484, 51.1580988152], [-0.152735926711111, 51.15810239657778], [-0.152742016044444, 51.15810568524445], [-0.1527487164, 51.1581086812], [-0.152756027777778, 51.15811138444445], [-0.152763950177778, 51.15811379497778], [-0.1527724836, 51.15811591280001], [-0.152781628044444, 51.15811773791111], [-0.152791383511111, 51.15811927031111], [-0.15280175, 51.15812051], [-0.15266537, 51.15816097], [-0.1524649, 51.15757039], [-0.152453088, 51.15754816435555], [-0.152445852, 51.15752615408889], [-0.152443192, 51.157504359200004], [-0.152445108, 51.15748277968889], [-0.1524516, 51.157461415555545], [-0.152462668, 51.157440266799995], [-0.152478312, 51.15741933342222], [-0.152498532, 51.15739861542222], [-0.152523328, 51.157378112800004], [-0.1525527, 51.15735782555555], [-0.152586648, 51.157337753688886], [-0.152625172, 51.1573178972], [-0.152668272, 51.15729825608888], [-0.152715948, 51.15727883035555], [-0.1527682, 51.15725962], [-0.152776860888889, 51.15725634004444], [-0.152784550222222, 51.15725291884445], [-0.152791268, 51.15724935640001], [-0.152797014222222, 51.15724565271112], [-0.152801788888889, 51.15724180777778], [-0.152805592, 51.1572378216], [-0.152808423555556, 51.157233694177776], [-0.152810283555556, 51.15722942551111], [-0.152811172, 51.1572250156], [-0.152811088888889, 51.15722046444445], [-0.152810034222222, 51.157215772044445], [-0.152808008, 51.157210938400006], [-0.152805010222222, 51.15720596351112], [-0.152801040888889, 51.15720084737778], [-0.1527961, 51.15719559], [-0.1525151, 51.15697851], [-0.152510352844444, 51.1569754832], [-0.152504935377778, 51.15697267480001], [-0.1524988476, 51.15697008480001], [-0.152492089511111, 51.156967713200004], [-0.152484661111111, 51.15696556000001], [-0.1524765624, 51.15696362520001], [-0.152467793377778, 51.15696190880001], [-0.152458354044444, 51.1569604108], [-0.1524482444, 51.1569591312], [-0.152437464444444, 51.15695807], [-0.152426014177778, 51.156957227199996], [-0.1524138936, 51.15695660280001], [-0.152401102711111, 51.156956196799996], [-0.152387641511111, 51.1569560092], [-0.15237351, 51.15695604], [-0.15275043, 51.15701053], [-0.1527541808, 51.157021510177785], [-0.152758179866667, 51.15703211204445], [-0.1527624272, 51.15704233560001], [-0.1527669228, 51.15705218084445], [-0.152771666666667, 51.15706164777779], [-0.1527766588, 51.1570707364], [-0.1527818992, 51.15707944671111], [-0.152787387866667, 51.157087778711116], [-0.1527931248, 51.1570957324], [-0.15279911, 51.15710330777778], [-0.152805343466667, 51.15711050484445], [-0.1528118252, 51.157117323600005], [-0.1528185552, 51.15712376404444], [-0.152825533466667, 51.15712982617779], [-0.15283276, 51.15713551], [-0.15289989, 51.1571832], [-0.152904042, 51.15718584315556], [-0.152908644666667, 51.15718821528889], [-0.152913698, 51.157190316400005], [-0.152919202, 51.157192146488896], [-0.152925156666667, 51.157193705555564], [-0.152931562, 51.1571949936], [-0.152938418, 51.15719601062223], [-0.152945724666667, 51.15719675662223], [-0.152953482, 51.157197231599994], [-0.15296169, 51.15719743555556], [-0.152970348666667, 51.15719736848889], [-0.152979458, 51.15719703040001], [-0.152989018, 51.15719642128889], [-0.152999028666667, 51.15719554115556], [-0.15300949, 51.15719439], [-0.15379119, 51.15691576], [-0.153800076488889, 51.156912613022214], [-0.153808613288889, 51.15690927608889], [-0.1538168004, 51.1569057492], [-0.153824637822222, 51.15690203235555], [-0.153832125555556, 51.15689812555555], [-0.1538392636, 51.15689402880001], [-0.153846051955556, 51.156889742088886], [-0.153852490622222, 51.15688526542222], [-0.1538585796, 51.1568805988], [-0.153864318888889, 51.15687574222222], [-0.153869708488889, 51.15687069568888], [-0.1538747484, 51.1568654592], [-0.153879438622222, 51.15686003275555], [-0.153883779155556, 51.15685441635556], [-0.15388777, 51.15684861], [-0.1540196, 51.15665965], [-0.15402959, 51.15660135], [-0.15420248, 51.15646785], [-0.15425044, 51.15645344], [-0.15440133, 51.15636557], [-0.154403314488889, 51.15636443253333], [-0.154404838622222, 51.1563633588], [-0.1544059024, 51.15636234880001], [-0.154406505822222, 51.156361402533335], [-0.154406648888889, 51.156360520000014], [-0.1544063316, 51.1563597012], [-0.154405553955556, 51.15635894613334], [-0.154404315955556, 51.1563582548], [-0.1544026176, 51.1563576272], [-0.154400458888889, 51.15635706333334], [-0.154397839822222, 51.1563565632], [-0.1543947604, 51.156356126800006], [-0.154391220622222, 51.15635575413334], [-0.154387220488889, 51.156355445200006], [-0.15438276, 51.1563552], [-0.15430161, 51.15635446], [-0.1538187, 51.15572508], [-0.153834339111111, 51.15574268031112], [-0.153850277777778, 51.15576161724445], [-0.153866516, 51.15578189080001], [-0.153883053777778, 51.15580350097778], [-0.153899891111111, 51.15582644777778], [-0.153917028, 51.155850731200005], [-0.153934464444444, 51.15587635124445], [-0.153952200444444, 51.15590330791111], [-0.153970236, 51.155931601199995], [-0.153988571111111, 51.15596123111111], [-0.154007205777778, 51.155992197644444], [-0.15402614, 51.1560245008], [-0.154045373777778, 51.156058140577784], [-0.154064907111111, 51.15609311697778], [-0.15408474, 51.15612943], [-0.154066471555556, 51.15610241186667], [-0.154050812888889, 51.15607925346667], [-0.154037764, 51.15605995480001], [-0.154027324888889, 51.156044515866675], [-0.154019495555556, 51.15603293666667], [-0.154014276, 51.156025217199996], [-0.154011666222222, 51.15602135746666], [-0.154011666222222, 51.15602135746667], [-0.154014276, 51.156025217199996], [-0.154019495555556, 51.15603293666666], [-0.154027324888889, 51.15604451586667], [-0.154037764, 51.1560599548], [-0.154050812888889, 51.15607925346667], [-0.154066471555556, 51.15610241186667], [-0.15408474, 51.15612943], [-0.154105236933333, 51.15615706702222], [-0.154127581066667, 51.15618208208889], [-0.1541517724, 51.156204475200006], [-0.154177810933333, 51.15622424635556], [-0.154205696666667, 51.15624139555557], [-0.1542354296, 51.1562559228], [-0.154267009733333, 51.15626782808889], [-0.154300437066667, 51.15627711142222], [-0.1543357116, 51.156283772799995], [-0.154372833333333, 51.156287812222224], [-0.154411802266667, 51.15628922968889], [-0.1544526184, 51.1562880252], [-0.154495281733333, 51.15628419875555], [-0.154539792266667, 51.15627775035556], [-0.15458615, 51.15626868], [-0.15461772, 51.15625287], [-0.154618455333333, 51.15625236982223], [-0.154619010666667, 51.15625190662223], [-0.154619386, 51.1562514804], [-0.154619581333333, 51.15625109115557], [-0.154619596666667, 51.1562507388889], [-0.154619432, 51.1562504236], [-0.154619087333333, 51.156250145288894], [-0.154618562666667, 51.156249903955555], [-0.154617858, 51.1562496996], [-0.154616973333333, 51.15624953222222], [-0.154615908666667, 51.15624940182222], [-0.154614664, 51.1562493084], [-0.154613239333333, 51.15624925195556], [-0.154611634666667, 51.156249232488896], [-0.15460985, 51.15624925], [-0.154627070622222, 51.15624424733333], [-0.154641831155556, 51.156239959333334], [-0.1546541316, 51.156236386], [-0.154663971955556, 51.15623352733334], [-0.154671352222222, 51.15623138333335], [-0.1546762724, 51.156229954], [-0.154678732488889, 51.15622923933334], [-0.154678732488889, 51.15622923933333], [-0.1546762724, 51.156229954], [-0.154671352222222, 51.156231383333335], [-0.154663971955556, 51.15623352733333], [-0.1546541316, 51.156236386], [-0.154641831155556, 51.156239959333334], [-0.154627070622222, 51.15624424733334], [-0.15460985, 51.15624925], [-0.154591615555556, 51.156254233644454], [-0.154573813555556, 51.15625846457779], [-0.154556444, 51.15626194280001], [-0.154539506888889, 51.156264668311124], [-0.154523002222222, 51.156266641111124], [-0.15450693, 51.15626786120001], [-0.154491290222222, 51.15626832857778], [-0.154476082888889, 51.15626804324445], [-0.154461308, 51.15626700519999], [-0.154446965555556, 51.156265214444446], [-0.154433055555556, 51.15626267097778], [-0.154419578, 51.1562593748], [-0.154406532888889, 51.15625532591111], [-0.154393920222222, 51.15625052431111], [-0.15438174, 51.15624497], [-0.15420682, 51.15613207], [-0.15450962, 51.15608901], [-0.154492034266667, 51.156101908311115], [-0.154477637066667, 51.15611417124445], [-0.1544664284, 51.156125798800005], [-0.154458408266667, 51.156136790977776], [-0.154453576666667, 51.15614714777778], [-0.1544519336, 51.156156869200004], [-0.154453479066667, 51.15616595524444], [-0.154458213066667, 51.15617440591111], [-0.1544661356, 51.1561822212], [-0.154477246666667, 51.156189401111114], [-0.154491546266667, 51.15619594564444], [-0.1545090344, 51.1562018548], [-0.154529711066667, 51.156207128577776], [-0.154553576266667, 51.156211766977776], [-0.15458063, 51.15621577], [-0.15491858, 51.1560986], [-0.15550207, 51.15579552], [-0.15560814, 51.15567634], [-0.15571008, 51.15561872], [-0.15593152, 51.15549819], [-0.155953746180741, 51.15548423289482], [-0.155968803045926, 51.155470994491864], [-0.15597741408, 51.155458560160014], [-0.155980302767407, 51.155447015268166], [-0.155978192592593, 51.1554364451852], [-0.15597180704, 51.15542693528], [-0.155961869594074, 51.155418570921476], [-0.155949103739259, 51.15541143747852], [-0.15593423296, 51.155405620319996], [-0.155917980740741, 51.155401204814815], [-0.155901070565926, 51.155398276331844], [-0.15588422592, 51.15539692024], [-0.155868170287407, 51.155397221908146], [-0.155853627152593, 51.15539926670519], [-0.15584132, 51.15540314], [-0.15598498, 51.15529555], [-0.155983185733333, 51.15529725346667], [-0.1559816936, 51.155299102533334], [-0.1559805036, 51.15530109720001], [-0.155979615733333, 51.15530323746667], [-0.15597903, 51.15530552333333], [-0.1559787464, 51.1553079548], [-0.155978764933333, 51.155310531866675], [-0.1559790856, 51.15531325453334], [-0.1559797084, 51.1553161228], [-0.155980633333333, 51.15531913666667], [-0.1559818604, 51.155322296133335], [-0.1559833896, 51.155325601200005], [-0.155985220933333, 51.155329051866666], [-0.1559873544, 51.15533264813334], [-0.15598979, 51.15533639], [-0.15601339, 51.1553712], [-0.156021854888889, 51.15538334333333], [-0.156028652222222, 51.155395216], [-0.156033782, 51.15540681800001], [-0.156037244222222, 51.15541814933333], [-0.156039038888889, 51.15542921], [-0.156039166, 51.15544], [-0.156037625555556, 51.155450519333336], [-0.156034417555556, 51.155460768], [-0.156029542, 51.155470746], [-0.156022998888889, 51.15548045333333], [-0.156014788222222, 51.15548989], [-0.15600491, 51.155499056], [-0.155993364222222, 51.155507951333334], [-0.155980150888889, 51.155516576], [-0.15596527, 51.15552493], [-0.15576649, 51.15562774], [-0.155765201244444, 51.1556283252], [-0.155764054977778, 51.155628923466665], [-0.1557630512, 51.15562953480001], [-0.155762189911111, 51.15563015920001], [-0.155761471111111, 51.15563079666668], [-0.1557608948, 51.155631447199994], [-0.155760460977778, 51.1556321108], [-0.155760169644444, 51.15563278746667], [-0.1557600208, 51.1556334772], [-0.155760014444444, 51.15563418], [-0.155760150577778, 51.15563489586667], [-0.1557604292, 51.155635624800006], [-0.155760850311111, 51.155636366799996], [-0.155761413911111, 51.15563712186667], [-0.15576212, 51.15563789], [-0.15577217, 51.15564912], [-0.155772584444444, 51.15564968417778], [-0.155773147777778, 51.155650123377775], [-0.15577386, 51.1556504376], [-0.155774721111111, 51.15565062684445], [-0.155775731111111, 51.15565069111111], [-0.15577689, 51.155650630400004], [-0.155778197777778, 51.155650444711114], [-0.155779654444444, 51.155650134044436], [-0.15578126, 51.1556496984], [-0.155783014444444, 51.15564913777778], [-0.155784917777778, 51.15564845217777], [-0.15578697, 51.1556476416], [-0.155789171111111, 51.15564670604444], [-0.155791521111111, 51.15564564551111], [-0.15579402, 51.15564446], [-0.15621717, 51.15542693], [-0.156221034622222, 51.15542165773333], [-0.156224140488889, 51.15541670493333], [-0.1562264876, 51.15541207160001], [-0.156228075955556, 51.15540775773334], [-0.156228905555556, 51.15540376333334], [-0.1562289764, 51.1554000884], [-0.156228288488889, 51.15539673293333], [-0.156226841822222, 51.15539369693334], [-0.1562246364, 51.1553909804], [-0.156221672222222, 51.155388583333334], [-0.156217949288889, 51.15538650573333], [-0.1562134676, 51.1553847476], [-0.156208227155556, 51.15538330893334], [-0.156202227955556, 51.15538218973334], [-0.15619547, 51.15538139], [-0.156190461333333, 51.15538115657778], [-0.156185632666667, 51.155380882977774], [-0.156180984, 51.15538056920001], [-0.156176515333333, 51.155380215244456], [-0.156172226666667, 51.15537982111111], [-0.156168118, 51.15537938680001], [-0.156164189333333, 51.155378912311114], [-0.156160440666667, 51.15537839764445], [-0.156156872, 51.1553778428], [-0.156153483333333, 51.15537724777778], [-0.156150274666667, 51.155376612577776], [-0.156147246, 51.155375937200006], [-0.156144397333333, 51.15537522164445], [-0.156141728666667, 51.15537446591111], [-0.15613924, 51.15537367], [-0.156135255333333, 51.15537144013334], [-0.156131224, 51.155369137200005], [-0.156127146, 51.1553667612], [-0.156123021333333, 51.155364312133344], [-0.15611885, 51.15536179], [-0.156114632, 51.1553591948], [-0.156110367333333, 51.15535652653333], [-0.156106056, 51.15535378519999], [-0.156101698, 51.155350970799994], [-0.156097293333333, 51.15534808333334], [-0.156092842, 51.15534512279999], [-0.156088344, 51.155342089200005], [-0.156083799333333, 51.15533898253333], [-0.156079208, 51.155335802799996], [-0.15607457, 51.15533255], [-0.15601863, 51.15529336], [-0.156016848977778, 51.155292203688894], [-0.156015001911111, 51.155291233422226], [-0.1560130888, 51.15529044920001], [-0.156011109644444, 51.15528985102223], [-0.156009064444444, 51.1552894388889], [-0.1560069532, 51.1552892128], [-0.156004775911111, 51.15528917275556], [-0.156002532577778, 51.15528931875556], [-0.1560002232, 51.1552896508], [-0.155997847777778, 51.15529016888889], [-0.155995406311111, 51.155290873022224], [-0.1559928988, 51.155291763200005], [-0.155990325244444, 51.15529283942222], [-0.155987685644444, 51.15529410168889], [-0.15598498, 51.15529555], [-0.15584069, 51.15492422], [-0.155836497333333, 51.15492708662222], [-0.155832868666667, 51.154930073155555], [-0.155829804, 51.15493317960001], [-0.155827303333333, 51.15493640595556], [-0.155825366666667, 51.154939752222226], [-0.155823994, 51.15494321839999], [-0.155823185333333, 51.15494680448889], [-0.155822940666667, 51.15495051048889], [-0.15582326, 51.1549543364], [-0.155824143333333, 51.154958282222225], [-0.155825590666667, 51.15496234795556], [-0.155827602, 51.1549665336], [-0.155830177333333, 51.15497083915556], [-0.155833316666667, 51.15497526462222], [-0.15583702, 51.15497981], [-0.15595664, 51.15507185], [-0.155957008711111, 51.155082972488884], [-0.155957853511111, 51.15509369995556], [-0.1559591744, 51.155104032400004], [-0.155960971377778, 51.15511396982223], [-0.155963244444444, 51.155123512222225], [-0.1559659936, 51.1551326596], [-0.155969218844444, 51.155141411955555], [-0.155972920177778, 51.15514976928889], [-0.1559770976, 51.1551577316], [-0.155981751111111, 51.15516529888889], [-0.155986880711111, 51.15517247115555], [-0.1559924864, 51.155179248399996], [-0.155998568177778, 51.15518563062222], [-0.156005126044444, 51.155191617822226], [-0.15601216, 51.15519721]]}}, {"type": "Feature", "properties": {"name": "Car parks south", "painted_line_type": "DOUBLE_SOLID_YELLOW", "lighting_line_type": null}, "geometry": {"type": "LineString", "coordinates": [[-0.15611316, 51.15527104], [-0.15614588, 51.15529523], [-0.156159255211852, 51.15530239588148], [-0.156177057694815, 51.15530830265186], [-0.15619852672, 51.15531304800001], [-0.156222901558519, 51.15531672961482], [-0.156249421481482, 51.15531944518519], [-0.15627732576, 51.155321292400004], [-0.156305853665185, 51.15532236894815], [-0.156334244468148, 51.15532277251852], [-0.15636173744, 51.1553226008], [-0.156387571851852, 51.155321951481476], [-0.156410986974815, 51.155320922251846], [-0.15643122208, 51.15531961080001], [-0.156447516438519, 51.15531811481482], [-0.156459109321481, 51.155316531985186], [-0.15646524, 51.15531496], [-0.156503663688889, 51.1553014776], [-0.156540860088889, 51.15528858506666], [-0.1565768292, 51.1552762824], [-0.156611571022222, 51.1552645696], [-0.156645085555556, 51.15525344666667], [-0.1566773728, 51.155242913600006], [-0.156708432755556, 51.15523297039999], [-0.156738265422222, 51.15522361706667], [-0.1567668708, 51.15521485359999], [-0.156794248888889, 51.15520668], [-0.156820399688889, 51.155199096266664], [-0.1568453232, 51.15519210240001], [-0.156869019422222, 51.1551856984], [-0.156891488355556, 51.15517988426667], [-0.15691273, 51.15517466], [-0.156909575333333, 51.155185779111115], [-0.156906871333333, 51.15519530977778], [-0.156904618, 51.155203252], [-0.156902815333333, 51.155209605777785], [-0.156901463333333, 51.15521437111112], [-0.156900562, 51.155217548], [-0.156900111333333, 51.155219136444444], [-0.156900111333333, 51.15521913644445], [-0.156900562, 51.155217548], [-0.156901463333333, 51.155214371111114], [-0.156902815333333, 51.155209605777785], [-0.156904618, 51.155203252], [-0.156906871333333, 51.155195309777774], [-0.156909575333333, 51.155185779111115], [-0.15691273, 51.15517466], [-0.156915422444444, 51.15516290382222], [-0.156916739777778, 51.15515146195556], [-0.156916682, 51.1551403344], [-0.156915249111111, 51.15512952115556], [-0.156912441111111, 51.15511902222223], [-0.156908258, 51.1551088376], [-0.156902699777778, 51.155098967288886], [-0.156895766444444, 51.155089411288884], [-0.156887458, 51.1550801696], [-0.156877774444444, 51.15507124222222], [-0.156866715777778, 51.15506262915555], [-0.156854282, 51.155054330400006], [-0.156840473111111, 51.155046345955554], [-0.156825289111111, 51.155038675822226], [-0.15680873, 51.15503132], [-0.15695031, 51.15505269], [-0.156955094711111, 51.15505827808889], [-0.156959424844444, 51.15506400502222], [-0.1569633004, 51.1550698708], [-0.156966721377778, 51.15507587542223], [-0.156969687777778, 51.15508201888889], [-0.1569721996, 51.15508830119999], [-0.156974256844444, 51.15509472235554], [-0.156975859511111, 51.155101282355545], [-0.1569770076, 51.15510798119999], [-0.156977701111111, 51.15511481888889], [-0.156977940044444, 51.15512179542222], [-0.1569777244, 51.155128910799995], [-0.156977054177778, 51.15513616502221], [-0.156975929377778, 51.15514355808889], [-0.15697435, 51.15515109], [-0.156973925333333, 51.15515279057778], [-0.156973819333333, 51.15515430831111], [-0.156974032, 51.15515564320001], [-0.156974563333333, 51.155156795244444], [-0.156975413333333, 51.15515776444445], [-0.156976582, 51.155158550799996], [-0.156978069333333, 51.15515915431111], [-0.156979875333333, 51.15515957497778], [-0.156982, 51.15515981280001], [-0.156984443333333, 51.15515986777778], [-0.156987205333333, 51.15515973991111], [-0.156990286, 51.1551594292], [-0.156993685333333, 51.155158935644444], [-0.156997403333333, 51.155158259244445], [-0.15700144, 51.1551574], [-0.15735763, 51.15507814], [-0.15737054, 51.15513175], [-0.157371042177778, 51.15513331675555], [-0.157371658044444, 51.15513476902223], [-0.1573723876, 51.155136106800015], [-0.157373230844444, 51.15513733008889], [-0.157374187777778, 51.155138438888905], [-0.1573752584, 51.155139433200006], [-0.157376442711111, 51.15514031302222], [-0.157377740711111, 51.155141078355555], [-0.1573791524, 51.1551417292], [-0.157380677777778, 51.155142265555554], [-0.157382316844444, 51.15514268742223], [-0.1573840696, 51.1551429948], [-0.157385936044444, 51.15514318768889], [-0.157387916177778, 51.15514326608889], [-0.15739001, 51.15514323], [-0.157501349466667, 51.15512791502222], [-0.157608823866667, 51.15511318608889], [-0.1577124332, 51.1550990432], [-0.157812177466667, 51.15508548635556], [-0.157908056666667, 51.15507251555556], [-0.1580000708, 51.155060130799995], [-0.158088219866667, 51.15504833208888], [-0.158172503866667, 51.15503711942222], [-0.1582529228, 51.15502649279999], [-0.158329476666667, 51.15501645222221], [-0.158402165466667, 51.155006997688886], [-0.1584709892, 51.154998129199996], [-0.158535947866667, 51.154989846755555], [-0.158597041466667, 51.15498215035555], [-0.15865427, 51.15497504], [-0.158708426177778, 51.15496944466666], [-0.158760302711111, 51.15496629333334], [-0.1588098996, 51.154965586], [-0.158857216844444, 51.154967322666664], [-0.158902254444444, 51.154971503333336], [-0.1589450124, 51.154978128], [-0.158985490711111, 51.15498719666667], [-0.159023689377778, 51.154998709333334], [-0.1590596084, 51.155012666], [-0.159093247777778, 51.15502906666667], [-0.159124607511111, 51.15504791133334], [-0.1591536876, 51.1550692], [-0.159180488044444, 51.15509293266667], [-0.159205008844444, 51.155119109333334], [-0.15922725, 51.15514773], [-0.15913624, 51.1551636], [-0.159118429644444, 51.155142611200006], [-0.159098947911111, 51.155123252799996], [-0.1590777948, 51.15510552480001], [-0.159054970311111, 51.1550894272], [-0.159030474444444, 51.15507496], [-0.1590043072, 51.1550621232], [-0.158976468577778, 51.15505091679999], [-0.158946958577778, 51.1550413408], [-0.1589157772, 51.15503339519999], [-0.158882924444444, 51.15502708], [-0.158848400311111, 51.15502239519999], [-0.1588122048, 51.155019340799996], [-0.158774337911111, 51.1550179168], [-0.158734799644444, 51.1550181232], [-0.15869359, 51.15501996], [-0.158688524355556, 51.15502255795556], [-0.158684124755556, 51.15502502382222], [-0.1586803912, 51.1550273576], [-0.158677323688889, 51.15502955928889], [-0.158674922222222, 51.155031628888885], [-0.1586731868, 51.1550335664], [-0.158672117422222, 51.155035371822215], [-0.158671714088889, 51.15503704515555], [-0.1586719768, 51.155038586399996], [-0.158672905555556, 51.155039995555555], [-0.158674500355556, 51.15504127262221], [-0.1586767612, 51.1550424176], [-0.158679688088889, 51.15504343048889], [-0.158683281022222, 51.15504431128889], [-0.15868754, 51.15504506], [-0.158713518488889, 51.15505063328889], [-0.158738533955556, 51.15505735048889], [-0.1587625864, 51.155065211600004], [-0.158785675822222, 51.155074216622225], [-0.158807802222222, 51.15508436555556], [-0.1588289656, 51.1550956584], [-0.158849165955556, 51.155108095155555], [-0.158868403288889, 51.155121675822215], [-0.1588866776, 51.155136400399996], [-0.158903988888889, 51.15515226888889], [-0.158920337155556, 51.155169281288885], [-0.1589357224, 51.1551874376], [-0.158950144622222, 51.15520673782222], [-0.158963603822222, 51.15522718195555], [-0.1589761, 51.15524877], [-0.15888639, 51.15526153], [-0.158874551644444, 51.15524364635555], [-0.158862193911111, 51.15522662208888], [-0.1588493168, 51.1552104572], [-0.158835920311111, 51.15519515168889], [-0.158822004444444, 51.15518070555556], [-0.1588075692, 51.155167118799994], [-0.158792614577778, 51.15515439142223], [-0.158777140577778, 51.155142523422214], [-0.1587611472, 51.1551315148], [-0.158744634444444, 51.15512136555556], [-0.158727602311111, 51.15511207568888], [-0.1587100508, 51.1551036452], [-0.158691979911111, 51.15509607408889], [-0.158673389644444, 51.155089362355554], [-0.15865428, 51.15508351], [-0.158658313244444, 51.155083623244444], [-0.158661770311111, 51.155083720311104], [-0.1586646512, 51.1550838012], [-0.158666955911111, 51.15508386591111], [-0.158668684444444, 51.15508391444445], [-0.1586698368, 51.1550839468], [-0.158670412977778, 51.15508396297777], [-0.1586698368, 51.1550839468], [-0.158668684444444, 51.15508391444445], [-0.158666955911111, 51.1550838659111], [-0.1586646512, 51.1550838012], [-0.158661770311111, 51.155083720311104], [-0.158658313244444, 51.155083623244444], [-0.15865428, 51.15508351], [-0.1586501992, 51.155083470444445], [-0.158646599466667, 51.15508359444445], [-0.1586434808, 51.155083882], [-0.1586408432, 51.15508433311111], [-0.158638686666667, 51.15508494777779], [-0.1586370112, 51.155085726], [-0.1586358168, 51.15508666777778], [-0.158635103466667, 51.155087773111106], [-0.1586348712, 51.155089042], [-0.15863512, 51.15509047444445], [-0.158635849866667, 51.15509207044444], [-0.1586370608, 51.15509383], [-0.1586387528, 51.155095753111105], [-0.158640925866667, 51.155097839777774], [-0.15864358, 51.15510009], [-0.158663173288889, 51.15510948466667], [-0.158681779822222, 51.155119146], [-0.1586993996, 51.155129074], [-0.158716032622222, 51.15513926866667], [-0.158731678888889, 51.15514973], [-0.1587463384, 51.155160458], [-0.158760011155556, 51.155171452666664], [-0.158772697155556, 51.155182714], [-0.1587843964, 51.155194242], [-0.158795108888889, 51.15520603666667], [-0.158804834622222, 51.155218098], [-0.1588135736, 51.155230426], [-0.158821325822222, 51.15524302066667], [-0.158828091288889, 51.155255882], [-0.15883387, 51.15526901], [-0.15874848, 51.15528116], [-0.158734107511111, 51.15525476463704], [-0.158718016355556, 51.155230996029644], [-0.158700426, 51.1552097124], [-0.158681555911111, 51.155190771970375], [-0.158661625555556, 51.15517403296298], [-0.1586408544, 51.155159353600006], [-0.158619461911111, 51.155146592103705], [-0.158597667555556, 51.15513560669629], [-0.1585756908, 51.15512625560001], [-0.158553751111111, 51.155118397037036], [-0.158532067955556, 51.15511188922963], [-0.1585108608, 51.1551065904], [-0.158490349111111, 51.15510235877038], [-0.158470752355556, 51.15509905256297], [-0.15845229, 51.15509653], [-0.158440479155556, 51.15509514151112], [-0.158428809288889, 51.15509388004445], [-0.1584172804, 51.15509274560001], [-0.158405892488889, 51.15509173817778], [-0.158394645555556, 51.15509085777779], [-0.1583835396, 51.15509010440001], [-0.158372574622222, 51.155089478044445], [-0.158361750622222, 51.15508897871111], [-0.1583510676, 51.1550886064], [-0.158340525555556, 51.15508836111111], [-0.158330124488889, 51.15508824284444], [-0.1583198644, 51.155088251600006], [-0.158309745288889, 51.15508838737777], [-0.158299767155556, 51.155088650177774], [-0.15828993, 51.15508904], [-0.158162367733333, 51.15510451955556], [-0.158042886266667, 51.15511906222223], [-0.1579314856, 51.155132668], [-0.157828165733333, 51.15514533688889], [-0.157732926666667, 51.155157068888904], [-0.1576457684, 51.155167864], [-0.157566690933333, 51.15517772222222], [-0.157495694266667, 51.15518664355556], [-0.1574327784, 51.155194628], [-0.157377943333333, 51.15520167555556], [-0.157331189066667, 51.15520778622223], [-0.1572925156, 51.15521296], [-0.157261922933333, 51.15521719688889], [-0.157239411066667, 51.155220496888894], [-0.15722498, 51.15522286], [-0.157215293377778, 51.155224760311114], [-0.157207014844444, 51.15522667191111], [-0.1572001444, 51.155228594800015], [-0.157194682044444, 51.15523052897779], [-0.157190627777778, 51.155232474444446], [-0.1571879816, 51.1552344312], [-0.157186743511111, 51.155236399244444], [-0.157186913511111, 51.155238378577785], [-0.1571884916, 51.1552403692], [-0.157191477777778, 51.155242371111115], [-0.157195872044444, 51.15524438431111], [-0.1572016744, 51.155246408800004], [-0.157208884844444, 51.15524844457778], [-0.157217503377778, 51.155250491644445], [-0.15722753, 51.15525255], [-0.15747407, 51.15525666], [-0.157488687155556, 51.1552571672], [-0.157502938622222, 51.15525805680001], [-0.1575168244, 51.15525932880001], [-0.157530344488889, 51.15526098320001], [-0.157543498888889, 51.15526302], [-0.1575562876, 51.15526543920001], [-0.157568710622222, 51.1552682408], [-0.157580767955556, 51.155271424800006], [-0.1575924596, 51.155274991199995], [-0.157603785555556, 51.15527894], [-0.157614745822222, 51.1552832712], [-0.1576253404, 51.155287984800005], [-0.157635569288889, 51.15529308080001], [-0.157645432488889, 51.155298559200006], [-0.15765493, 51.15530442], [-0.1580599, 51.15555836], [-0.158070825466667, 51.15556484257778], [-0.1580818552, 51.155570778311116], [-0.1580929892, 51.15557616720001], [-0.158104227466667, 51.15558100924446], [-0.15811557, 51.15558530444445], [-0.1581270168, 51.1555890528], [-0.158138567866667, 51.15559225431112], [-0.1581502232, 51.155594908977776], [-0.1581619828, 51.1555970168], [-0.158173846666667, 51.15559857777778], [-0.1581858148, 51.15559959191111], [-0.1581978872, 51.1556000592], [-0.158210063866667, 51.15559997964444], [-0.1582223448, 51.15559935324445], [-0.15823473, 51.15559818], [-0.15825401, 51.15565147], [-0.158231516133333, 51.15565630675556], [-0.158210751866667, 51.15566147035557], [-0.1581917172, 51.15566696080001], [-0.158174412133333, 51.155672778088906], [-0.158158836666667, 51.155678922222236], [-0.1581449908, 51.1556853932], [-0.158132874533333, 51.155692191022226], [-0.158122487866667, 51.15569931568889], [-0.1581138308, 51.1557067672], [-0.158106903333333, 51.15571454555556], [-0.158101705466667, 51.155722650755564], [-0.1580982372, 51.1557310828], [-0.158096498533333, 51.155739841688884], [-0.158096489466667, 51.15574892742222], [-0.15809821, 51.15575834], [-0.1582236, 51.15615659], [-0.158238565155556, 51.15616801120001], [-0.158253537955556, 51.15617848546667], [-0.1582685184, 51.15618801280001], [-0.158283506488889, 51.15619659320001], [-0.158298502222222, 51.15620422666668], [-0.1583135056, 51.1562109132], [-0.158328516622222, 51.156216652800005], [-0.158343535288889, 51.15622144546667], [-0.1583585616, 51.1562252912], [-0.158373595555556, 51.15622819], [-0.158388637155556, 51.156230141866665], [-0.1584036864, 51.1562311468], [-0.158418743288889, 51.15623120480001], [-0.158433807822222, 51.156230315866665], [-0.15844888, 51.15622848], [-0.15847168, 51.15629152], [-0.158448557911111, 51.15629643533334], [-0.158427210311111, 51.15630179733334], [-0.1584076372, 51.156307606], [-0.158389838577778, 51.156313861333345], [-0.158373814444444, 51.156320563333345], [-0.1583595648, 51.156327712], [-0.158347089644444, 51.15633530733333], [-0.158336388977778, 51.15634334933333], [-0.1583274628, 51.156351838], [-0.158320311111111, 51.15636077333334], [-0.158314933911111, 51.156370155333335], [-0.1583113312, 51.156379984], [-0.158309502977778, 51.156390259333335], [-0.158309449244444, 51.156400981333334], [-0.15831117, 51.15641215], [-0.158322706177778, 51.156448932800004], [-0.158333842711111, 51.15648405186667], [-0.1583445796, 51.15651750720001], [-0.158354916844444, 51.1565492988], [-0.158364854444444, 51.15657942666667], [-0.1583743924, 51.156607890800004], [-0.158383530711111, 51.1566346912], [-0.158392269377778, 51.15665982786666], [-0.1584006084, 51.1566833008], [-0.158408547777778, 51.15670511], [-0.158416087511111, 51.15672525546666], [-0.1584232276, 51.1567437372], [-0.158429968044444, 51.1567605552], [-0.158436308844444, 51.156775709466665], [-0.15844225, 51.1567892], [-0.158448616488889, 51.15680136124444], [-0.158456233288889, 51.15681252764445], [-0.1584651004, 51.156822699200006], [-0.158475217822222, 51.15683187591112], [-0.158486585555556, 51.15684005777778], [-0.1584992036, 51.1568472448], [-0.158513071955556, 51.15685343697778], [-0.158528190622222, 51.15685863431111], [-0.1585445596, 51.1568628368], [-0.158562178888889, 51.15686604444444], [-0.158581048488889, 51.15686825724444], [-0.1586011684, 51.156869475200004], [-0.158622538622222, 51.15686969831111], [-0.158645159155556, 51.15686892657778], [-0.15866903, 51.15686716], [-0.15869333, 51.15693432], [-0.158669121022222, 51.156939486266666], [-0.158646950088889, 51.15694516373334], [-0.1586268172, 51.15695135240001], [-0.158608722355556, 51.156958052266674], [-0.158592665555556, 51.15696526333333], [-0.1585786468, 51.15697298560001], [-0.158566666088889, 51.156981219066665], [-0.158556723422222, 51.15698996373334], [-0.1585488188, 51.156999219599996], [-0.158542952222222, 51.15700898666667], [-0.158539123688889, 51.15701926493334], [-0.1585373332, 51.157030054399996], [-0.158537580755556, 51.15704135506667], [-0.158539866355556, 51.15705316693334], [-0.15854419, 51.15706549], [-0.15865435, 51.15737662], [-0.158657860577778, 51.15738397888889], [-0.158662128311111, 51.15739077822223], [-0.1586671532, 51.15739701800001], [-0.158672935244444, 51.15740269822223], [-0.158679474444444, 51.15740781888889], [-0.1586867708, 51.15741238], [-0.158694824311111, 51.157416381555564], [-0.158703634977778, 51.15741982355555], [-0.1587132028, 51.157422706], [-0.158723527777778, 51.157425028888895], [-0.158734609911111, 51.157426792222225], [-0.1587464492, 51.15742799600001], [-0.158759045644444, 51.15742864022223], [-0.158772399244444, 51.157428724888895], [-0.15878651, 51.15742825], [-0.15874342, 51.15751291], [-0.158738838222222, 51.1575084664], [-0.158734482222222, 51.157504668933335], [-0.158730352, 51.15750151760001], [-0.158726447555556, 51.1574990124], [-0.158722768888889, 51.15749715333334], [-0.158719316, 51.15749594040001], [-0.158716088888889, 51.15749537360001], [-0.158713087555556, 51.15749545293333], [-0.158710312, 51.1574961784], [-0.158707762222222, 51.15749755], [-0.158705438222222, 51.15749956773333], [-0.15870334, 51.157502231600006], [-0.158701467555556, 51.1575055416], [-0.158699820888889, 51.157509497733336], [-0.1586984, 51.1575141], [-0.15875347, 51.15767263], [-0.158757964888889, 51.15767502088889], [-0.158762212222222, 51.15767698555556], [-0.158766212, 51.157678524], [-0.158769964222222, 51.15767963622222], [-0.158773468888889, 51.15768032222223], [-0.158776726, 51.157680582], [-0.158779735555556, 51.157680415555554], [-0.158782497555556, 51.15767982288888], [-0.158785012, 51.157678804], [-0.158787278888889, 51.15767735888889], [-0.158789298222222, 51.15767548755555], [-0.15879107, 51.15767319], [-0.158792594222222, 51.15767046622222], [-0.158793870888889, 51.15766731622222], [-0.1587949, 51.15766374], [-0.15874342, 51.15751291], [-0.15919572, 51.15767919], [-0.15886717, 51.15772435], [-0.158852513911111, 51.157726806888896], [-0.158839422977778, 51.15772986288889], [-0.1588278972, 51.157733518], [-0.158817936577778, 51.15773777222222], [-0.158809541111111, 51.15774262555557], [-0.1588027108, 51.157748078], [-0.158797445644444, 51.157754129555556], [-0.158793745644444, 51.157760780222226], [-0.1587916108, 51.15776803], [-0.158791041111111, 51.15777587888889], [-0.158792036577778, 51.15778432688889], [-0.1587945972, 51.157793374], [-0.158798722977778, 51.15780302022222], [-0.158804413911111, 51.15781326555555], [-0.15881167, 51.15782411], [-0.158815284666667, 51.157826122311114], [-0.158818632666667, 51.15782834057778], [-0.158821714, 51.15783076480001], [-0.158824528666667, 51.157833394977786], [-0.158827076666667, 51.15783623111112], [-0.158829358, 51.15783927320001], [-0.158831372666667, 51.15784252124445], [-0.158833120666667, 51.15784597524444], [-0.158834602, 51.15784963520001], [-0.158835816666667, 51.15785350111111], [-0.158836764666667, 51.15785757297778], [-0.158837446, 51.1578618508], [-0.158837860666667, 51.157866334577776], [-0.158838008666667, 51.15787102431111], [-0.15883789, 51.15787592], [-0.1588373712, 51.15788179911111], [-0.1588363188, 51.15788754311112], [-0.1588347328, 51.157893152], [-0.1588326132, 51.15789862577778], [-0.15882996, 51.15790396444444], [-0.1588267732, 51.157909168], [-0.1588230528, 51.15791423644444], [-0.1588187988, 51.15791916977778], [-0.1588140112, 51.157923968], [-0.15880869, 51.157928631111105], [-0.1588028352, 51.15793315911111], [-0.1587964468, 51.157937552], [-0.1587895248, 51.15794180977778], [-0.1587820692, 51.15794593244444], [-0.15877408, 51.15794992], [-0.15865794, 51.15811237], [-0.158647420888889, 51.15812558213334], [-0.158635810222222, 51.1581386452], [-0.158623108, 51.15815155920001], [-0.158609314222222, 51.15816432413334], [-0.158594428888889, 51.15817694], [-0.158578452, 51.1581894068], [-0.158561383555556, 51.158201724533335], [-0.158543223555556, 51.1582138932], [-0.158523972, 51.158225912800006], [-0.158503628888889, 51.15823778333334], [-0.158482194222222, 51.1582495048], [-0.158459668, 51.1582610772], [-0.158436050222222, 51.158272500533336], [-0.158411340888889, 51.158283774800005], [-0.15838554, 51.1582949], [-0.158381655022222, 51.15829845777778], [-0.158378557422222, 51.15830186977779], [-0.1583762472, 51.15830513600001], [-0.158374724355556, 51.15830825644445], [-0.158373988888889, 51.15831123111112], [-0.1583740408, 51.15831406], [-0.158374880088889, 51.158316743111115], [-0.158376506755556, 51.158319280444445], [-0.1583789208, 51.158321672], [-0.158382122222222, 51.15832391777778], [-0.158386111022222, 51.15832601777778], [-0.1583908872, 51.158327972], [-0.158396450755556, 51.15832978044445], [-0.158402801688889, 51.158331443111116], [-0.15840994, 51.15833296], [-0.15931354, 51.1581523], [-0.159363483822222, 51.158133002222215], [-0.159409483288889, 51.15811376222223], [-0.1594515384, 51.15809458], [-0.159489649155556, 51.15807545555555], [-0.159523815555556, 51.15805638888889], [-0.1595540376, 51.15803738], [-0.159580315288889, 51.15801842888889], [-0.159602648622222, 51.15799953555555], [-0.1596210376, 51.1579807], [-0.159635482222222, 51.15796192222221], [-0.159645982488889, 51.15794320222222], [-0.1596525384, 51.15792454], [-0.159655149955556, 51.157905935555554], [-0.159653817155556, 51.15788738888889], [-0.15964854, 51.1578689], [-0.15935671, 51.15713665], [-0.15958976, 51.15710349], [-0.15988443, 51.15786174], [-0.159890619911111, 51.15788195653334], [-0.159894085644444, 51.15790117946668], [-0.1598948272, 51.157919408800005], [-0.159892844577778, 51.15793664453335], [-0.159888137777778, 51.15795288666668], [-0.1598807068, 51.1579681352], [-0.159870551644444, 51.15798239013333], [-0.159857672311111, 51.15799565146667], [-0.1598420688, 51.1580079192], [-0.159823741111111, 51.15801919333334], [-0.159802689244444, 51.15802947386666], [-0.1597789132, 51.1580387608], [-0.159752412977778, 51.158047054133334], [-0.159723188577778, 51.15805435386666], [-0.15969124, 51.15806066], [-0.15962917, 51.15810386], [-0.159628682311111, 51.158104459288886], [-0.159628301911111, 51.15810500382222], [-0.1596280288, 51.1581054936], [-0.159627862977778, 51.158105928622234], [-0.159627804444444, 51.1581063088889], [-0.1596278532, 51.158106634400006], [-0.159628009244444, 51.158106905155556], [-0.159628272577778, 51.15810712115556], [-0.1596286432, 51.1581072824], [-0.159629121111111, 51.158107388888894], [-0.159629706311111, 51.158107440622224], [-0.1596303988, 51.15810743760001], [-0.159631198577778, 51.158107379822226], [-0.159632105644444, 51.15810726728889], [-0.15963312, 51.1581071], [-0.15975209, 51.15808831], [-0.159790446577778, 51.158081982], [-0.159826140311111, 51.15807415533333], [-0.1598591712, 51.15806483], [-0.159889539244444, 51.158054006], [-0.159917244444444, 51.158041683333344], [-0.1599422868, 51.158027862], [-0.159964666311111, 51.158012542], [-0.159984382977778, 51.15799572333333], [-0.1600014368, 51.157977406], [-0.160015827777778, 51.15795759], [-0.160027555911111, 51.157936275333334], [-0.1600366212, 51.157913462], [-0.160043023644444, 51.15788915], [-0.160046763244444, 51.15786333933333], [-0.16004784, 51.15783603], [-0.16015395, 51.15783421], [-0.160144167525926, 51.15786183260444], [-0.160134432074074, 51.157887980168894], [-0.1601241616, 51.15791273632001], [-0.160112774059259, 51.15793618468446], [-0.160099687407407, 51.1579584088889], [-0.1600843196, 51.15797949256], [-0.160066088592593, 51.15799951932444], [-0.160044412340741, 51.15801857280889], [-0.1600187088, 51.15803673664], [-0.159988395925926, 51.158054094444445], [-0.159952891674074, 51.15807072984888], [-0.159911614, 51.15808672648001], [-0.159863980859259, 51.158102167964444], [-0.159809410207407, 51.15811713792889], [-0.15974732, 51.15813172], [-0.15861772, 51.15835086], [-0.15864604, 51.15842157], [-0.15762754, 51.15854518], [-0.157567376355556, 51.15854850377778], [-0.157507730755556, 51.15855125111111], [-0.1574486032, 51.158553422], [-0.157389993688889, 51.158555016444446], [-0.157331902222222, 51.15855603444445], [-0.1572743288, 51.158556476], [-0.157217273422222, 51.15855634111111], [-0.157160736088889, 51.15855562977778], [-0.1571047168, 51.158554342], [-0.157049215555556, 51.15855247777779], [-0.156994232355556, 51.15855003711111], [-0.1569397672, 51.15854702], [-0.156885820088889, 51.15854342644445], [-0.156832391022222, 51.15853925644444], [-0.15677948, 51.15853451], [-0.156762325244444, 51.158532319600006], [-0.156744791644444, 51.158530127066676], [-0.1567268792, 51.158527932400006], [-0.156708587911111, 51.158525735600016], [-0.156689917777778, 51.15852353666667], [-0.1566708688, 51.1585213356], [-0.156651440977778, 51.1585191324], [-0.156631634311111, 51.15851692706667], [-0.1566114488, 51.1585147196], [-0.156590884444444, 51.15851251], [-0.156569941244444, 51.15851029826666], [-0.1565486192, 51.158508084400005], [-0.156526918311111, 51.1585058684], [-0.156504838577778, 51.15850365026667], [-0.15648238, 51.15850143], [-0.15609531, 51.15847067], [-0.15554821, 51.15827733], [-0.155550046755556, 51.15827956524444], [-0.155552082355556, 51.15828172697778], [-0.1555543168, 51.15828381520001], [-0.155556750088889, 51.158285829911115], [-0.155559382222222, 51.158287771111105], [-0.1555622132, 51.1582896388], [-0.155565243022222, 51.15829143297778], [-0.155568471688889, 51.158293153644436], [-0.1555718992, 51.15829480080001], [-0.155575525555556, 51.15829637444445], [-0.155579350755556, 51.15829787457778], [-0.1555833748, 51.1582993012], [-0.155587597688889, 51.158300654311105], [-0.155592019422222, 51.15830193391111], [-0.15559664, 51.15830314], [-0.155603607813333, 51.15830490407704], [-0.155610396906667, 51.158306672616305], [-0.15561707576, 51.158308422080005], [-0.155623712853333, 51.15831012893039], [-0.155630376666667, 51.15831176962964], [-0.15563713568, 51.158313320640005], [-0.155644058373333, 51.1583147584237], [-0.155651213226667, 51.15831605944297], [-0.15565866872, 51.15831720016], [-0.155666493333333, 51.158318157037044], [-0.155674755546667, 51.158318906536294], [-0.15568352384, 51.15831942512], [-0.155692866693333, 51.158319689250376], [-0.155702852586667, 51.158319675389635], [-0.15571355, 51.15831936], [-0.155720527511111, 51.158318943244446], [-0.155726692044444, 51.158318324977785], [-0.1557320436, 51.15831750520001], [-0.155736582177778, 51.158316483911115], [-0.155740307777778, 51.15831526111112], [-0.1557432204, 51.158313836800005], [-0.155745320044444, 51.15831221097778], [-0.155746606711111, 51.15831038364445], [-0.1557470804, 51.1583083548], [-0.155746741111111, 51.15830612444445], [-0.155745588844444, 51.158303692577775], [-0.1557436236, 51.15830105920001], [-0.155740845377778, 51.15829822431111], [-0.155737254177778, 51.158295187911115], [-0.15573285, 51.15829195], [-0.1553499, 51.15812949], [-0.155300398888889, 51.15811204551111], [-0.155251170222222, 51.15809740004445], [-0.155202214, 51.15808555360002], [-0.155153530222222, 51.15807650617779], [-0.155105118888889, 51.15807025777778], [-0.15505698, 51.1580668084], [-0.155009113555556, 51.15806615804445], [-0.154961519555556, 51.158068306711115], [-0.154914198, 51.1580732544], [-0.154867148888889, 51.158081001111114], [-0.154820372222222, 51.158091546844446], [-0.154773868, 51.158104891600004], [-0.154727636222222, 51.15812103537778], [-0.154681676888889, 51.15813997817778], [-0.15463599, 51.15816172], [-0.154638417911111, 51.15816049297778], [-0.154640498977778, 51.15815944124444], [-0.1546422332, 51.15815856480001], [-0.154643620577778, 51.15815786364446], [-0.154644661111111, 51.15815733777778], [-0.1546453548, 51.1581569872], [-0.154645701644444, 51.15815681191111], [-0.154645701644444, 51.15815681191112], [-0.1546453548, 51.1581569872], [-0.154644661111111, 51.15815733777778], [-0.154643620577778, 51.15815786364445], [-0.1546422332, 51.158158564800004], [-0.154640498977778, 51.15815944124445], [-0.154638417911111, 51.158160492977785], [-0.15463599, 51.15816172], [-0.1546335772, 51.15816302635557], [-0.154631541466667, 51.158164316088886], [-0.1546298828, 51.15816558920001], [-0.1546286012, 51.158166845688896], [-0.154627696666667, 51.15816808555556], [-0.1546271692, 51.158169308800005], [-0.1546270188, 51.15817051542222], [-0.154627245466667, 51.15817170542223], [-0.1546278492, 51.1581728788], [-0.15462883, 51.15817403555556], [-0.154630187866667, 51.15817517568888], [-0.1546319228, 51.1581762992], [-0.1546340348, 51.15817740608889], [-0.154636523866667, 51.15817849635556], [-0.15463939, 51.15817957], [-0.15477973, 51.1582341], [-0.1547867712, 51.15823847911111], [-0.1547933268, 51.158242984444456], [-0.1547993968, 51.15824761600002], [-0.1548049812, 51.158252373777785], [-0.15481008, 51.158257257777784], [-0.1548146932, 51.158262268], [-0.1548188208, 51.158267404444445], [-0.1548224628, 51.15827266711112], [-0.1548256192, 51.158278056], [-0.15482829, 51.15828357111112], [-0.1548304752, 51.15828921244445], [-0.1548321748, 51.15829498], [-0.1548333888, 51.15830087377778], [-0.1548341172, 51.158306893777784], [-0.15483436, 51.15831304], [-0.15474084, 51.15835607], [-0.154739631155556, 51.158343013555566], [-0.154737849955556, 51.15833068422223], [-0.1547354964, 51.15831908200001], [-0.154732570488889, 51.1583082068889], [-0.154729072222222, 51.1582980588889], [-0.1547250016, 51.158288638], [-0.154720358622222, 51.158279944222215], [-0.154715143288889, 51.15827197755556], [-0.1547093556, 51.158264738000014], [-0.154702995555556, 51.15825822555556], [-0.154696063155556, 51.15825244022222], [-0.1546885584, 51.158247382], [-0.154680481288889, 51.15824305088889], [-0.154671831822222, 51.158239446888885], [-0.15466261, 51.15823657], [-0.154649435955556, 51.15823263760001], [-0.154636753822222, 51.15822962973334], [-0.1546245636, 51.158227546400006], [-0.154612865288889, 51.1582263876], [-0.154601658888889, 51.15822615333333], [-0.1545909444, 51.15822684359999], [-0.154580721822222, 51.158228458399996], [-0.154570991155556, 51.15823099773333], [-0.1545617524, 51.1582344616], [-0.154553005555556, 51.15823884999999], [-0.154544750622222, 51.15824416293333], [-0.1545369876, 51.15825040039999], [-0.154529716488889, 51.158257562399996], [-0.154522937288889, 51.15826564893334], [-0.15451665, 51.15827466], [-0.154491476983704, 51.15831757619554], [-0.15447290666963, 51.15836037143112], [-0.15446026816, 51.158402707680004], [-0.154452890557037, 51.15844424691557], [-0.154450102962963, 51.15848465111112], [-0.15445123448, 51.15852358224], [-0.15445561421037, 51.15856070227555], [-0.154462571256296, 51.15859567319111], [-0.15447143472, 51.158628156960006], [-0.154481533703704, 51.15865781555556], [-0.15449219730963, 51.1586843109511], [-0.15450275464, 51.158707305120004], [-0.154512534797037, 51.15872646003555], [-0.154520866882963, 51.15874143767111], [-0.15452708, 51.1587519], [-0.154531203422222, 51.1587576104], [-0.154537000355556, 51.158763952266675], [-0.1545444708, 51.15877092560001], [-0.154553614755556, 51.1587785304], [-0.154564432222222, 51.15878676666667], [-0.1545769232, 51.15879563439999], [-0.154591087688889, 51.1588051336], [-0.154606925688889, 51.15881526426667], [-0.1546244372, 51.1588260264], [-0.154643622222222, 51.15883742], [-0.154664480755556, 51.158849445066664], [-0.1546870128, 51.15886210160001], [-0.154711218355556, 51.1588753896], [-0.154737097422222, 51.15888930906667], [-0.15476465, 51.15890386], [-0.154785729644444, 51.158910000088895], [-0.154803797911111, 51.15891526302223], [-0.1548188548, 51.15891964880001], [-0.154830900311111, 51.15892315742222], [-0.154839934444444, 51.158925788888894], [-0.1548459572, 51.15892754320001], [-0.154848968577778, 51.158928420355565], [-0.1548459572, 51.15892754320001], [-0.154839934444444, 51.158925788888894], [-0.154830900311111, 51.15892315742222], [-0.1548188548, 51.15891964880001], [-0.154803797911111, 51.15891526302222], [-0.154785729644444, 51.158910000088895], [-0.15476465, 51.15890386]]}}, {"type": "Feature", "properties": {"name": "Car parks south", "painted_line_type": "DOUBLE_SOLID_YELLOW", "lighting_line_type": null}, "geometry": {"type": "LineString", "coordinates": [[-0.15442797, 51.15884564], [-0.15432308, 51.15867395], [-0.15428921, 51.15854689], [-0.154281351866667, 51.15850431311111], [-0.154278364133333, 51.158463305111106], [-0.1542802468, 51.158423866], [-0.154286999866667, 51.15838599577778], [-0.154298623333333, 51.15834969444445], [-0.1543151172, 51.158314962], [-0.154336481466667, 51.158281798444435], [-0.154362716133333, 51.15825020377778], [-0.1543938212, 51.158220178], [-0.154429796666667, 51.15819172111111], [-0.154470642533333, 51.15816483311111], [-0.1545163588, 51.158139514], [-0.154566945466667, 51.15811576377777], [-0.154622402533333, 51.158093582444444], [-0.15468273, 51.15807297], [-0.154690441511111, 51.15807062866667], [-0.154696794711111, 51.15806834333334], [-0.1547017896, 51.158066114], [-0.154705426177778, 51.15806394066668], [-0.154707704444444, 51.15806182333334], [-0.1547086244, 51.158059762], [-0.154708186044444, 51.158057756666665], [-0.154706389377778, 51.158055807333334], [-0.1547032344, 51.158053914], [-0.154698721111111, 51.15805207666667], [-0.154692849511111, 51.15805029533334], [-0.1546856196, 51.15804857], [-0.154677031377778, 51.158046900666676], [-0.154667084844444, 51.15804528733334], [-0.15465578, 51.15804373], [-0.15409651, 51.15802752], [-0.154090930977778, 51.15802753155556], [-0.154085847244444, 51.15802785688889], [-0.1540812588, 51.158028496], [-0.154077165644444, 51.15802944888889], [-0.154073567777778, 51.15803071555556], [-0.1540704652, 51.158032296], [-0.154067857911111, 51.158034190222224], [-0.154065745911111, 51.15803639822223], [-0.1540641292, 51.15803892], [-0.154063007777778, 51.15804175555556], [-0.154062381644444, 51.15804490488889], [-0.1540622508, 51.15804836800001], [-0.154062615244444, 51.15805214488889], [-0.154063474977778, 51.158056235555556], [-0.15406483, 51.15806064], [-0.15411949, 51.15829365], [-0.154125628844444, 51.158341302622226], [-0.154129834711111, 51.15838768715555], [-0.1541321076, 51.15843280360001], [-0.154132447511111, 51.15847665195556], [-0.154130854444444, 51.15851923222223], [-0.1541273284, 51.158560544400004], [-0.154121869377778, 51.15860058848889], [-0.154114477377778, 51.15863936448889], [-0.1541051524, 51.158676872399994], [-0.154093894444444, 51.15871311222222], [-0.154080703511111, 51.15874808395555], [-0.1540655796, 51.1587817876], [-0.154048522711111, 51.15881422315555], [-0.154029532844444, 51.15884539062222], [-0.15400861, 51.15887529], [-0.154010459244444, 51.15887198102222], [-0.154012044311111, 51.15886914475555], [-0.1540133652, 51.1588667812], [-0.154014421911111, 51.15886489035556], [-0.154015214444444, 51.158863472222215], [-0.1540157428, 51.15886252679999], [-0.154016006977778, 51.158862054088885], [-0.1540157428, 51.15886252679999], [-0.154015214444444, 51.15886347222222], [-0.154014421911111, 51.158864890355545], [-0.1540133652, 51.1588667812], [-0.154012044311111, 51.158869144755556], [-0.154010459244444, 51.15887198102222], [-0.15400861, 51.15887529], [-0.154006873377778, 51.15887866115556], [-0.154005626177778, 51.15888168395555], [-0.1540048684, 51.15888435840001], [-0.154004600044444, 51.15888668448889], [-0.154004821111111, 51.15888866222222], [-0.1540055316, 51.1588902916], [-0.154006731511111, 51.158891572622224], [-0.154008420844444, 51.15889250528889], [-0.1540105996, 51.1588930896], [-0.154013267777778, 51.15889332555555], [-0.154016425377778, 51.15889321315555], [-0.1540200724, 51.15889275240001], [-0.154024208844444, 51.15889194328888], [-0.154028834711111, 51.15889078582222], [-0.15403395, 51.15888928], [-0.15404987, 51.15798663], [-0.15403501, 51.1579181], [-0.154035550755556, 51.157914109777785], [-0.154036359688889, 51.157910619111114], [-0.1540374368, 51.15790762800001], [-0.154038782088889, 51.157905136444455], [-0.154040395555556, 51.157903144444454], [-0.1540422772, 51.157901652], [-0.154044427022222, 51.157900659111114], [-0.154046845022222, 51.15790016577778], [-0.1540495312, 51.157900172], [-0.154052485555556, 51.157900677777775], [-0.154055708088889, 51.15790168311111], [-0.1540591988, 51.157903188], [-0.154062957688889, 51.157905192444446], [-0.154066984755556, 51.15790769644445], [-0.15407128, 51.1579107], [-0.1540796576, 51.15791719457778], [-0.154088241066667, 51.15792352097778], [-0.1540970304, 51.1579296792], [-0.1541060256, 51.15793566924446], [-0.154115226666667, 51.15794149111112], [-0.1541246336, 51.1579471448], [-0.1541342464, 51.15795263031111], [-0.154144065066667, 51.15795794764445], [-0.1541540896, 51.1579630968], [-0.15416432, 51.15796807777778], [-0.154174756266667, 51.15797289057778], [-0.1541853984, 51.157977535200004], [-0.1541962464, 51.15798201164444], [-0.154207300266667, 51.15798631991112], [-0.15421856, 51.15799046], [-0.1542230964, 51.15799315568889], [-0.1542268016, 51.15799569075556], [-0.1542296756, 51.1579980652], [-0.1542317184, 51.158000279022225], [-0.15423293, 51.15800233222223], [-0.1542333104, 51.1580042248], [-0.1542328596, 51.15800595675555], [-0.1542315776, 51.158007528088895], [-0.1542294644, 51.158008938799995], [-0.15422652, 51.158010188888895], [-0.1542227444, 51.15801127835555], [-0.1542181376, 51.1580122072], [-0.1542126996, 51.158012975422224], [-0.1542064304, 51.15801358302222], [-0.15419933, 51.15801403], [-0.15410188, 51.1580102], [-0.154097025733333, 51.15800978786667], [-0.1540923696, 51.158009210133336], [-0.1540879116, 51.158008466800005], [-0.154083651733333, 51.158007557866675], [-0.15407959, 51.158006483333345], [-0.1540757264, 51.158005243199995], [-0.154072060933333, 51.158003837466666], [-0.1540685936, 51.15800226613334], [-0.1540653244, 51.15800052920001], [-0.154062253333333, 51.15799862666667], [-0.1540593804, 51.157996558533334], [-0.1540567056, 51.15799432480001], [-0.154054228933333, 51.15799192546667], [-0.1540519504, 51.157989360533335], [-0.15404987, 51.15798663], [-0.15403952, 51.15776469], [-0.15390736, 51.15735289], [-0.153903189111111, 51.157328012133334], [-0.153900193777778, 51.15730268253334], [-0.153898374, 51.15727690120001], [-0.153897729777778, 51.15725066813334], [-0.153898261111111, 51.15722398333334], [-0.153899968, 51.157196846800005], [-0.153902850444444, 51.15716925853333], [-0.153906908444444, 51.15714121853333], [-0.153912142, 51.157112726799994], [-0.153918551111111, 51.157083783333334], [-0.153926135777778, 51.15705438813333], [-0.153934896, 51.1570245412], [-0.153944831777778, 51.15699424253333], [-0.153955943111111, 51.156963492133336], [-0.15396823, 51.15693229], [-0.153982212311111, 51.15690099173334], [-0.153998409911111, 51.156869952933334], [-0.1540168228, 51.156839173600005], [-0.154037450977778, 51.15680865373334], [-0.154060294444444, 51.15677839333333], [-0.1540853532, 51.156748392400004], [-0.154112627244444, 51.156718650933335], [-0.154142116577778, 51.15668916893333], [-0.1541738212, 51.1566599464], [-0.154207741111111, 51.156630983333336], [-0.154243876311111, 51.156602279733335], [-0.1542822268, 51.15657383560001], [-0.154322792577778, 51.15654565093334], [-0.154365573644444, 51.15651772573334], [-0.15441057, 51.15649006], [-0.154427496177778, 51.15647768991112], [-0.154444653377778, 51.15646605697778], [-0.1544620416, 51.156455161200014], [-0.154479660844444, 51.15644500257779], [-0.154497511111111, 51.15643558111112], [-0.1545155924, 51.1564268968], [-0.154533904711111, 51.15641894964445], [-0.154552448044444, 51.15641173964444], [-0.1545712224, 51.1564052668], [-0.154590227777778, 51.15639953111111], [-0.154609464177778, 51.15639453257778], [-0.1546289316, 51.1563902712], [-0.154648630044444, 51.15638674697777], [-0.154668559511111, 51.15638395991112], [-0.15468872, 51.15638191], [-0.15485515, 51.1563695], [-0.154874903555556, 51.15636827635555], [-0.154894124222222, 51.15636676808889], [-0.154912812, 51.1563649752], [-0.154930966888889, 51.156362897688894], [-0.154948588888889, 51.156360535555564], [-0.154965678, 51.156357888799995], [-0.154982234222222, 51.156354957422224], [-0.154998257555556, 51.15635174142222], [-0.155013748, 51.1563482408], [-0.155028705555556, 51.156344455555555], [-0.155043130222222, 51.156340385688885], [-0.155057022, 51.1563360312], [-0.155070380888889, 51.15633139208889], [-0.155083206888889, 51.15632646835556], [-0.1550955, 51.15632126], [-0.15545574, 51.15616163], [-0.15642093, 51.15600807], [-0.156382967333333, 51.15598515591111], [-0.156343159333333, 51.15596526697778], [-0.156301506, 51.15594840320001], [-0.156258007333333, 51.155934564577784], [-0.156212663333333, 51.155923751111125], [-0.156165474, 51.1559159628], [-0.156116439333333, 51.15591119964445], [-0.156065559333333, 51.15590946164444], [-0.156012834, 51.1559107488], [-0.155958263333333, 51.155915061111116], [-0.155901847333333, 51.15592239857778], [-0.155843586, 51.155932761200006], [-0.155783479333333, 51.155946148977776], [-0.155721527333333, 51.15596256191112], [-0.15565773, 51.155982], [-0.15505173, 51.15625582], [-0.155037021466667, 51.15626252404444], [-0.1550225172, 51.156268865511116], [-0.1550082172, 51.1562748444], [-0.154994121466667, 51.156280460711116], [-0.15498023, 51.15628571444445], [-0.1549665428, 51.156290605600006], [-0.154953059866667, 51.15629513417778], [-0.1549397812, 51.156299300177785], [-0.1549267068, 51.1563031036], [-0.154913836666667, 51.15630654444445], [-0.1549011708, 51.15630962271112], [-0.1548887092, 51.15631233840001], [-0.154876451866667, 51.15631469151111], [-0.1548643988, 51.15631668204445], [-0.15485255, 51.15631831], [-0.15466114, 51.15633942], [-0.154654744133333, 51.15633984444445], [-0.1546491912, 51.15633994977779], [-0.1546444812, 51.156339736], [-0.154640614133333, 51.15633920311112], [-0.15463759, 51.15633835111111], [-0.1546354088, 51.15633718], [-0.154634070533333, 51.15633568977778], [-0.1546335752, 51.15633388044445], [-0.1546339228, 51.156331752], [-0.154635113333333, 51.15632930444445], [-0.1546371468, 51.15632653777778], [-0.1546400232, 51.156323452], [-0.154643742533333, 51.156320047111116], [-0.1546483048, 51.15631632311111], [-0.15465371, 51.15631228], [-0.15614459, 51.1555764], [-0.156163661911111, 51.15557546471111], [-0.156181765644444, 51.155574981511116], [-0.1561989012, 51.1555749504], [-0.156215068577778, 51.15557537137778], [-0.156230267777778, 51.15557624444445], [-0.1562444988, 51.1555775696], [-0.156257761644444, 51.15557934684444], [-0.156270056311111, 51.155581576177774], [-0.1562813828, 51.1555842576], [-0.156291741111111, 51.15558739111111], [-0.156301131244444, 51.1555909767111], [-0.1563095532, 51.15559501439999], [-0.156317006977778, 51.15559950417777], [-0.156323492577778, 51.15560444604444], [-0.15632901, 51.15560984], [-0.15652261, 51.15581732], [-0.15630531, 51.15583067], [-0.156344521155556, 51.15584185808889], [-0.156381767955556, 51.15585445702222], [-0.1564170504, 51.15586846680001], [-0.156450368488889, 51.15588388742223], [-0.156481722222222, 51.1559007188889], [-0.1565111116, 51.1559189612], [-0.156538536622222, 51.15593861435556], [-0.156563997288889, 51.15595967835556], [-0.1565874936, 51.1559821532], [-0.156609025555556, 51.15600603888889], [-0.156628593155556, 51.15603133542222], [-0.1566461964, 51.1560580428], [-0.156661835288889, 51.15608616102222], [-0.156675509822222, 51.156115690088896], [-0.15668722, 51.15614663], [-0.15700376, 51.1570498], [-0.15696888, 51.15705506], [-0.15702079, 51.15738409], [-0.15707815, 51.1573761], [-0.157082708311111, 51.15737537773334], [-0.157087025911111, 51.15737493626667], [-0.1570911028, 51.157374775600005], [-0.157094938977778, 51.15737489573335], [-0.157098534444444, 51.15737529666668], [-0.1571018892, 51.157375978400005], [-0.157105003244444, 51.15737694093333], [-0.157107876577778, 51.15737818426667], [-0.1571105092, 51.1573797084], [-0.157112901111111, 51.15738151333334], [-0.157115052311111, 51.15738359906667], [-0.1571169628, 51.1573859656], [-0.157118632577778, 51.15738861293334], [-0.157120061644444, 51.15739154106667], [-0.15712125, 51.15739475], [-0.157419, 51.15826775], [-0.157423792874074, 51.158294326071115], [-0.157420498725926, 51.158319653235566], [-0.1574100164, 51.158343639920005], [-0.157393244740741, 51.158366194551114], [-0.157371082592593, 51.158387225555565], [-0.1573444288, 51.15840664136], [-0.157314182207407, 51.15842435039111], [-0.157281241659259, 51.15844026107555], [-0.157246506, 51.15845428184], [-0.157210874074074, 51.15846632111111], [-0.157175244725926, 51.15847628731555], [-0.1571405168, 51.15848408888], [-0.157107589140741, 51.15848963423111], [-0.157077360592593, 51.158492831795556], [-0.15705073, 51.15849359], [-0.156986951733333, 51.158492282977775], [-0.156922976933333, 51.158489671244446], [-0.1568588056, 51.158485754800004], [-0.156794437733333, 51.15848053364444], [-0.156729873333333, 51.158474007777784], [-0.1566651124, 51.1584661772], [-0.156600154933333, 51.15845704191111], [-0.156535000933333, 51.15844660191111], [-0.1564696504, 51.15843485719999], [-0.156404103333333, 51.158421807777785], [-0.156338359733333, 51.15840745364444], [-0.1562724196, 51.158391794799996], [-0.156206282933333, 51.15837483124445], [-0.156139949733333, 51.15835656297778], [-0.15607342, 51.15833699], [-0.156067648, 51.158333764888894], [-0.156062788, 51.15833070555556], [-0.15605884, 51.158327812], [-0.156055804, 51.15832508422222], [-0.15605368, 51.158322522222235], [-0.156052468, 51.158320126], [-0.156052168, 51.158317895555555], [-0.15605278, 51.15831583088888], [-0.156054304, 51.158313932], [-0.15605674, 51.15831219888889], [-0.156060088, 51.15831063155555], [-0.156064348, 51.15830923], [-0.15606952, 51.15830799422222], [-0.156075604, 51.158306924222224], [-0.1560826, 51.15830602], [-0.156109481422222, 51.15830057515556], [-0.156134141688889, 51.15829409128889], [-0.1561565808, 51.1582865684], [-0.156176798755556, 51.15827800648889], [-0.156194795555556, 51.15826840555556], [-0.1562105712, 51.1582577656], [-0.156224125688889, 51.15824608662222], [-0.156235459022222, 51.15823336862222], [-0.1562445712, 51.1582196116], [-0.156251462222222, 51.15820481555555], [-0.156256132088889, 51.15818898048889], [-0.1562585808, 51.1581721064], [-0.156258808355556, 51.158154193288894], [-0.156256814755556, 51.158135241155556], [-0.1562526, 51.15811525], [-0.15620503, 51.15795689], [-0.15609577, 51.15787494], [-0.15617934, 51.15811528], [-0.1561830428, 51.15813737951111], [-0.156184212533333, 51.158157715377776], [-0.1561828492, 51.1581762876], [-0.1561789528, 51.15819309617778], [-0.156172523333333, 51.15820814111112], [-0.1561635608, 51.1582214224], [-0.1561520652, 51.15823294004444], [-0.156138036533333, 51.15824269404445], [-0.1561214748, 51.1582506844], [-0.15610238, 51.15825691111111], [-0.156080752133333, 51.15826137417778], [-0.1560565912, 51.15826407360001], [-0.1560298972, 51.15826500937778], [-0.156000670133333, 51.158264181511115], [-0.15596891, 51.15826159], [-0.15568917, 51.15820085], [-0.15560264, 51.15816686], [-0.15544575, 51.15809395], [-0.155426616177778, 51.158086241111114], [-0.155406134711111, 51.15807890111112], [-0.1553843056, 51.15807193], [-0.155361128844444, 51.15806532777778], [-0.155336604444444, 51.15805909444444], [-0.1553107324, 51.15805323], [-0.155283512711111, 51.15804773444444], [-0.155254945377778, 51.15804260777778], [-0.1552250304, 51.15803785], [-0.155193767777778, 51.15803346111111], [-0.155161157511111, 51.15802944111111], [-0.1551271996, 51.15802579], [-0.155091894044444, 51.15802250777777], [-0.155055240844444, 51.15801959444445], [-0.15501724, 51.15801705], [-0.15443977, 51.15799256], [-0.154397864, 51.157989543688885], [-0.154358132666667, 51.15798478808889], [-0.154320576, 51.1579782932], [-0.154285194, 51.15797005902223], [-0.154251986666667, 51.15796008555556], [-0.154220954, 51.15794837280001], [-0.154192096, 51.15793492075556], [-0.154165412666667, 51.157919729422225], [-0.154140904, 51.157902798799995], [-0.15411857, 51.157884128888895], [-0.154098410666667, 51.15786371968889], [-0.154080426, 51.1578415712], [-0.154064616, 51.15781768342222], [-0.154050980666667, 51.15779205635556], [-0.15403952, 51.15776469]]}}, {"type": "Feature", "properties": {"name": "Linear Feature 2", "painted_line_type": "SOLID_YELLOW", "lighting_line_type": null}, "geometry": {"type": "LineString", "coordinates": [[-0.1748707, 51.14803247], [-0.174812436933333, 51.14803458764444], [-0.174756599733333, 51.14803360191111], [-0.1747031884, 51.14802951280001], [-0.174652202933333, 51.148022320311114], [-0.174603643333333, 51.14801202444445], [-0.1745575096, 51.147998625199996], [-0.174513801733333, 51.14798212257777], [-0.174472519733333, 51.14796251657778], [-0.1744336636, 51.147939807200004], [-0.174397233333333, 51.147913994444444], [-0.174363228933333, 51.147885078311106], [-0.1743316504, 51.1478530588], [-0.174302497733333, 51.14781793591111], [-0.174275770933333, 51.147779709644446], [-0.17425147, 51.14773838], [-0.17362273, 51.14820497], [-0.173567625555556, 51.14820505373333], [-0.173515176222222, 51.1482030036], [-0.173465382, 51.148198819600005], [-0.173418242888889, 51.14819250173334], [-0.173373758888889, 51.14818405000001], [-0.17333193, 51.14817346440001], [-0.173292756222222, 51.148160744933335], [-0.173256237555556, 51.148145891599995], [-0.173222374, 51.1481289044], [-0.173191165555556, 51.14810978333333], [-0.173162612222222, 51.148088528399995], [-0.173136714, 51.1480651396], [-0.173113470888889, 51.14803961693333], [-0.173092882888889, 51.1480119604], [-0.17307495, 51.14798217], [-0.17304548, 51.14788915]]}}, {"type": "Feature", "properties": {"name": "Linear Feature 2", "painted_line_type": "SOLID_YELLOW", "lighting_line_type": null}, "geometry": {"type": "LineString", "coordinates": [[-0.17307495, 51.14798217], [-0.173077960888889, 51.14801576186667], [-0.173077004222222, 51.1480478868], [-0.17307208, 51.1480785448], [-0.173063188222222, 51.148107735866674], [-0.173050328888889, 51.14813546], [-0.173033502, 51.1481617172], [-0.173012707555556, 51.14818650746666], [-0.172987945555556, 51.14820983079999], [-0.172959216, 51.148231687199996], [-0.172926518888889, 51.148252076666665], [-0.172889854222222, 51.148270999199994], [-0.172849222, 51.1482884548], [-0.172804622222222, 51.148304443466664], [-0.172756054888889, 51.1483189652], [-0.17270352, 51.14833202], [-0.17207882, 51.14799025]]}}, {"type": "Feature", "properties": {"name": "Linear Feature 1", "painted_line_type": "DOUBLE_SOLID_YELLOW", "lighting_line_type": null}, "geometry": {"type": "LineString", "coordinates": [[-0.17404405, 51.14621448], [-0.17398722, 51.14621377], [-0.173976230044444, 51.14621516795555], [-0.173966041511111, 51.146217004488896], [-0.1739566544, 51.146219279600004], [-0.173948068711111, 51.14622199328889], [-0.173940284444444, 51.14622514555556], [-0.1739333016, 51.1462287364], [-0.173927120177778, 51.14623276582222], [-0.173921740177778, 51.14623723382222], [-0.1739171616, 51.1462421404], [-0.173913384444444, 51.14624748555555], [-0.173910408711111, 51.146253269288884], [-0.1739082344, 51.146259491600006], [-0.173906861511111, 51.146266152488884], [-0.173906290044444, 51.14627325195555], [-0.17390652, 51.14628079], [-0.1739595, 51.14655745], [-0.17402012, 51.14666291]]}}, {"type": "Feature", "properties": {"name": "Linear Feature 1", "painted_line_type": "DOUBLE_SOLID_YELLOW", "lighting_line_type": null}, "geometry": {"type": "LineString", "coordinates": [[-0.17286392, 51.1462532], [-0.17354847, 51.14620557], [-0.17358635, 51.14619191], [-0.17366497, 51.14618894], [-0.173674237555556, 51.14618839542223], [-0.173682946888889, 51.14618742835556], [-0.173691098, 51.14618603880001], [-0.173698690888889, 51.146184226755565], [-0.173705725555556, 51.146181992222225], [-0.173712202, 51.1461793352], [-0.173718120222222, 51.146176255688886], [-0.173723480222222, 51.14617275368889], [-0.173728282, 51.1461688292], [-0.173732525555556, 51.146164482222225], [-0.173736210888889, 51.14615971275555], [-0.173739338, 51.1461545208], [-0.173741906888889, 51.146148906355556], [-0.173743917555556, 51.14614286942222], [-0.17374537, 51.14613641], [-0.17376441, 51.14601556], [-0.173750918888889, 51.14601558426667], [-0.173737872222222, 51.14601527573334], [-0.17372527, 51.14601463440001], [-0.173713112222222, 51.146013660266675], [-0.173701398888889, 51.14601235333333], [-0.17369013, 51.146010713600006], [-0.173679305555556, 51.14600874106667], [-0.173668925555556, 51.14600643573333], [-0.17365899, 51.14600379759999], [-0.173649498888889, 51.146000826666665], [-0.173640452222222, 51.14599752293333], [-0.17363185, 51.1459938864], [-0.173623692222222, 51.145989917066665], [-0.173615978888889, 51.14598561493333], [-0.17360871, 51.14598098], [-0.17402126, 51.1458448], [-0.174006979288889, 51.14584837786667], [-0.173993537155556, 51.145852551466675], [-0.1739809336, 51.145857320800005], [-0.173969168622222, 51.145862685866675], [-0.173958242222222, 51.14586864666667], [-0.1739481544, 51.145875203200006], [-0.173938905155556, 51.14588235546667], [-0.173930494488889, 51.14589010346667], [-0.1739229224, 51.1458984472], [-0.173916188888889, 51.14590738666667], [-0.173910293955556, 51.14591692186667], [-0.1739052376, 51.145927052800005], [-0.173901019822222, 51.145937779466664], [-0.173897640622222, 51.14594910186667], [-0.1738951, 51.14596102], [-0.17388203, 51.14603089], [-0.17388771, 51.14611395], [-0.173888515733333, 51.14611974284445], [-0.1738900236, 51.14612514271112], [-0.1738922336, 51.146130149600005], [-0.173895145733333, 51.146134763511114], [-0.17389876, 51.14613898444444], [-0.1739030764, 51.14614281240001], [-0.173908094933333, 51.14614624737778], [-0.1739138156, 51.146149289377774], [-0.1739202384, 51.1461519384], [-0.173927363333333, 51.14615419444445], [-0.1739351904, 51.146156057511114], [-0.1739437196, 51.14615752760001], [-0.173952950933333, 51.14615860471112], [-0.1739628844, 51.146159288844444], [-0.17397352, 51.14615958], [-0.17403489, 51.14616065], [-0.17418414, 51.14699981]]}}, {"type": "Feature", "properties": {"name": "South Perimeter road", "painted_line_type": "CHEQUERED_WHITE_WITH_BLACK_BORDER", "lighting_line_type": null}, "geometry": {"type": "LineString", "coordinates": [[-0.16360851, 51.15289886], [-0.16415492, 51.1533]]}}, {"type": "Feature", "properties": {"name": "South Perimeter road", "painted_line_type": "CHEQUERED_WHITE_WITH_BLACK_BORDER", "lighting_line_type": null}, "geometry": {"type": "LineString", "coordinates": [[-0.1643211, 51.15327908], [-0.16375525, 51.15287222]]}}, {"type": "Feature", "properties": {"name": "Road outside airport south", "painted_line_type": "DOUBLE_SOLID_YELLOW", "lighting_line_type": null}, "geometry": {"type": "LineString", "coordinates": [[-0.16709869, 51.14627773], [-0.167112717125926, 51.14628309912297], [-0.167127461674074, 51.146292793117034], [-0.1671419624, 51.14630607792001], [-0.167155258059259, 51.146322219469646], [-0.167166387407407, 51.14634048370371], [-0.1671743892, 51.14636013656], [-0.167178302192593, 51.146380443976284], [-0.167177165140741, 51.14640067189037], [-0.1671700168, 51.14642008624], [-0.167155895925926, 51.14643795296296], [-0.167133841274074, 51.14645353799703], [-0.1671028916, 51.146466107280006], [-0.167062085659259, 51.146474926749626], [-0.167010462207407, 51.1464792623437], [-0.16694706, 51.14647838], [-0.16675352, 51.14644585], [-0.166625097066667, 51.14641936017778], [-0.166495796266667, 51.14639823204445], [-0.1663656176, 51.1463824656], [-0.166234561066667, 51.14637206084444], [-0.166102626666667, 51.14636701777779], [-0.1659698144, 51.1463673364], [-0.165836124266667, 51.1463730167111], [-0.165701556266667, 51.14638405871111], [-0.1655661104, 51.146400462399995], [-0.165429786666667, 51.14642222777778], [-0.165292585066667, 51.146449354844435], [-0.1651545056, 51.1464818436], [-0.165015548266667, 51.14651969404444], [-0.164875713066667, 51.14656290617778], [-0.164735, 51.14661148], [-0.164659931644444, 51.14664475528888], [-0.164585281244444, 51.146678863822224], [-0.1645110488, 51.1467138056], [-0.164437234311111, 51.14674958062223], [-0.164363837777778, 51.146786188888896], [-0.1642908592, 51.1468236304], [-0.164218298577778, 51.14686190515556], [-0.164146155911111, 51.146901013155556], [-0.1640744312, 51.146940954399994], [-0.164003124444444, 51.14698172888889], [-0.163932235644444, 51.14702333662221], [-0.1638617648, 51.14706577759999], [-0.163791711911111, 51.14710905182222], [-0.163722076977778, 51.147153159288884], [-0.16365286, 51.1471981], [-0.163598748755556, 51.147231590711115], [-0.163544337688889, 51.14726762017777], [-0.1634896268, 51.1473061884], [-0.163434616088889, 51.147347295377784], [-0.163379305555556, 51.14739094111111], [-0.1633236952, 51.14743712559999], [-0.163267785022222, 51.14748584884444], [-0.163211575022222, 51.14753711084444], [-0.1631550652, 51.14759091159999], [-0.163098255555556, 51.14764725111111], [-0.163041146088889, 51.14770612937777], [-0.1629837368, 51.1477675464], [-0.162926027688889, 51.147831502177766], [-0.162868018755556, 51.14789799671111], [-0.16280971, 51.14796703], [-0.162758752666667, 51.14802591004444], [-0.162709283333333, 51.14808740884445], [-0.162661302, 51.14815152640001], [-0.162614808666667, 51.148218262711126], [-0.162569803333333, 51.14828761777778], [-0.162526286, 51.1483595916], [-0.162484256666667, 51.14843418417779], [-0.162443715333333, 51.148511395511115], [-0.162404662, 51.1485912256], [-0.162367096666667, 51.148673674444446], [-0.162331019333333, 51.14875874204444], [-0.16229643, 51.148846428400006], [-0.162263328666667, 51.148936733511114], [-0.162231715333333, 51.14902965737778], [-0.16220159, 51.1491252], [-0.162215532755556, 51.14907413297778], [-0.162227483688889, 51.14903036124445], [-0.1622374428, 51.148993884800014], [-0.162245410088889, 51.14896470364445], [-0.162251385555556, 51.148942817777794], [-0.1622553692, 51.1489282272], [-0.162257361022222, 51.14892093191112], [-0.162257361022222, 51.148920931911114], [-0.1622553692, 51.1489282272], [-0.162251385555556, 51.14894281777778], [-0.162245410088889, 51.148964703644445], [-0.1622374428, 51.14899388480001], [-0.162227483688889, 51.14903036124445], [-0.162215532755556, 51.14907413297778], [-0.16220159, 51.1491252], [-0.162186839422222, 51.14918100626667], [-0.162172465022222, 51.149238995733334], [-0.1621584668, 51.149299168400006], [-0.162144844755556, 51.14936152426667], [-0.162131598888889, 51.14942606333335], [-0.1621187292, 51.149492785599996], [-0.162106235688889, 51.149561691066666], [-0.162094118355556, 51.14963277973333], [-0.1620823772, 51.1497060516], [-0.162071012222222, 51.14978150666667], [-0.162060023422222, 51.14985914493333], [-0.1620494108, 51.1499389664], [-0.162039174355556, 51.15002097106667], [-0.162029314088889, 51.150105158933336], [-0.16201983, 51.15019153], [-0.162013819155556, 51.1502629432], [-0.162008178622222, 51.15033648680001], [-0.1620029084, 51.15041216080001], [-0.161998008488889, 51.150489965199995], [-0.161993478888889, 51.1505699], [-0.1619893196, 51.15065196519999], [-0.161985530622222, 51.150736160799994], [-0.161982111955556, 51.150822486799996], [-0.1619790636, 51.1509109432], [-0.161976385555556, 51.15100153], [-0.161974077822222, 51.15109424719999], [-0.1619721404, 51.151189094799996], [-0.161970573288889, 51.1512860728], [-0.161969376488889, 51.1513851812], [-0.16196855, 51.15148642], [-0.16197254, 51.15432224], [-0.16197559, 51.15471614], [-0.161975379777778, 51.154756161688894], [-0.161976677111111, 51.15479769875556], [-0.161979482, 51.154840751200005], [-0.161983794444444, 51.15488531902223], [-0.161989614444444, 51.15493140222223], [-0.161996942, 51.154979000800004], [-0.162005777111111, 51.15502811475555], [-0.162016119777778, 51.15507874408889], [-0.16202797, 51.1551308888], [-0.162041327777778, 51.15518454888888], [-0.162056193111111, 51.15523972435555], [-0.162072566, 51.1552964152], [-0.162090446444444, 51.15535462142223], [-0.162109834444444, 51.15541434302222], [-0.16213073, 51.15547558], [-0.16219491, 51.15546348], [-0.162178774222222, 51.155404729244445], [-0.162163758888889, 51.15534938897779], [-0.162149864, 51.15529745920001], [-0.162137089555556, 51.15524893991112], [-0.162125435555556, 51.15520383111112], [-0.162114902, 51.1551621328], [-0.162105488888889, 51.15512384497778], [-0.162097196222222, 51.155088967644446], [-0.162090024, 51.1550575008], [-0.162083972222222, 51.15502944444445], [-0.162079040888889, 51.15500479857778], [-0.16207523, 51.154983563200005], [-0.162072539555556, 51.15496573831111], [-0.162070969555556, 51.15495132391111], [-0.16207052, 51.15494032], [-0.16206805, 51.15470922], [-0.16207113, 51.15456121], [-0.16206556, 51.15434969], [-0.16206223, 51.15412923], [-0.16207074, 51.15407915]]}}, {"type": "Feature", "properties": {"name": "Road outside airport south", "painted_line_type": "DOUBLE_SOLID_YELLOW", "lighting_line_type": null}, "geometry": {"type": "LineString", "coordinates": [[-0.16206987, 51.1540331], [-0.16206911, 51.15399304]]}}, {"type": "Feature", "properties": {"name": "Road outside airport south", "painted_line_type": "DOUBLE_SOLID_YELLOW", "lighting_line_type": null}, "geometry": {"type": "LineString", "coordinates": [[-0.16206762, 51.15391422], [-0.16206661, 51.15386082]]}}, {"type": "Feature", "properties": {"name": "Road outside airport south", "painted_line_type": "DOUBLE_SOLID_YELLOW", "lighting_line_type": null}, "geometry": {"type": "LineString", "coordinates": [[-0.16206529, 51.15379067], [-0.16206275, 51.1536564]]}}, {"type": "Feature", "properties": {"name": "Road outside airport south", "painted_line_type": "DOUBLE_SOLID_YELLOW", "lighting_line_type": null}, "geometry": {"type": "LineString", "coordinates": [[-0.16206096, 51.15356227], [-0.16205552, 51.15327447]]}}, {"type": "Feature", "properties": {"name": "Road outside airport south", "painted_line_type": "DOUBLE_SOLID_YELLOW", "lighting_line_type": null}, "geometry": {"type": "LineString", "coordinates": [[-0.16205371, 51.15317896], [-0.16205276, 51.15126114], [-0.162055040888889, 51.151182847288894], [-0.162057739555556, 51.15110555048889], [-0.162060856, 51.15102924960001], [-0.162064390222222, 51.15095394462223], [-0.162068342222222, 51.15087963555556], [-0.162072712, 51.150806322399994], [-0.162077499555556, 51.150734005155556], [-0.162082704888889, 51.15066268382222], [-0.162088328, 51.15059235839999], [-0.162094368888889, 51.150523028888884], [-0.162100827555556, 51.150454695288886], [-0.162107704, 51.150387357599996], [-0.162114998222222, 51.15032101582222], [-0.162122710222222, 51.150255669955556], [-0.16213084, 51.15019132], [-0.16222066, 51.14955093], [-0.1622228336, 51.149547354044444], [-0.162225301066667, 51.149544012844444], [-0.1622280624, 51.149540906400006], [-0.1622311176, 51.149538034711114], [-0.162234466666667, 51.149535397777775], [-0.1622381096, 51.1495329956], [-0.1622420464, 51.14953082817779], [-0.162246277066667, 51.14952889551111], [-0.1622508016, 51.149527197599994], [-0.16225562, 51.149525734444445], [-0.162260732266667, 51.14952450604444], [-0.1622661384, 51.1495235124], [-0.1622718384, 51.149522753511114], [-0.162277832266667, 51.14952222937778], [-0.16228412, 51.14952194], [-0.16239008, 51.14952233], [-0.16301276, 51.1494239], [-0.16264805, 51.14946487], [-0.16258644, 51.14946603], [-0.1624047, 51.14945675], [-0.16234802, 51.1494525], [-0.162338519644444, 51.14945076440001], [-0.162329703911111, 51.14944899226667], [-0.1623215728, 51.14944718360001], [-0.162314126311111, 51.1494453384], [-0.162307364444444, 51.14944345666667], [-0.1623012872, 51.1494415384], [-0.162295894577778, 51.14943958359999], [-0.162291186577778, 51.149437592266665], [-0.1622871632, 51.1494355644], [-0.162283824444444, 51.1494335], [-0.162281170311111, 51.149431399066664], [-0.1622792008, 51.1494292616], [-0.162277915911111, 51.149427087599996], [-0.162277315644444, 51.149424877066664], [-0.1622774, 51.14942263], [-0.162278030177778, 51.14942042982222], [-0.162279067377778, 51.14941835995556], [-0.1622805116, 51.1494164204], [-0.162282362844444, 51.14941461115556], [-0.162284621111111, 51.149412932222226], [-0.1622872864, 51.1494113836], [-0.162290358711111, 51.14940996528889], [-0.162293838044444, 51.14940867728889], [-0.1622977244, 51.1494075196], [-0.162302017777778, 51.14940649222221], [-0.162306718177778, 51.14940559515556], [-0.1623118256, 51.1494048284], [-0.162317340044444, 51.149404191955554], [-0.162323261511111, 51.14940368582222], [-0.16232959, 51.14940331], [-0.16239376, 51.1494017], [-0.16242799, 51.14942425], [-0.162453193066667, 51.14942464506667], [-0.1624776316, 51.149424891600006], [-0.1625013056, 51.14942498960001], [-0.162524215066667, 51.14942493906668], [-0.16254636, 51.14942474], [-0.1625677404, 51.14942439239999], [-0.162588356266667, 51.14942389626666], [-0.1626082076, 51.1494232516], [-0.1626272944, 51.1494224584], [-0.162645616666667, 51.14942151666666], [-0.1626631744, 51.1494204264], [-0.1626799676, 51.149419187599996], [-0.162695996266667, 51.14941780026666], [-0.1627112604, 51.1494162644], [-0.16272576, 51.14941458], [-0.162728095111111, 51.1494119272], [-0.162730377777778, 51.14940945146667], [-0.162732608, 51.14940715280001], [-0.162734785777778, 51.149405031200004], [-0.162736911111111, 51.149403086666666], [-0.162738984, 51.1494013192], [-0.162741004444444, 51.149399728800006], [-0.162742972444444, 51.14939831546666], [-0.162744888, 51.1493970792], [-0.162746751111111, 51.14939602], [-0.162748561777778, 51.14939513786666], [-0.16275032, 51.1493944328], [-0.162752025777778, 51.1493939048], [-0.162753679111111, 51.149393553866666], [-0.16275528, 51.14939338], [-0.162788329555556, 51.14939085573334], [-0.162821216888889, 51.14938792026667], [-0.162853942, 51.1493845736], [-0.162886504888889, 51.149380815733345], [-0.162918905555556, 51.149376646666674], [-0.162951144, 51.149372066400005], [-0.162983220222222, 51.14936707493333], [-0.163015134222222, 51.149361672266664], [-0.163046886, 51.1493558584], [-0.163078475555556, 51.14934963333334], [-0.163109902888889, 51.14934299706667], [-0.163141168, 51.1493359496], [-0.163172270888889, 51.149328490933335], [-0.163203211555556, 51.14932062106667], [-0.16323399, 51.14931234], [-0.16330432, 51.14930365], [-0.16329066, 51.1492321], [-0.16308787, 51.1492694], [-0.163078910666667, 51.14927066711111], [-0.163070286, 51.149271308444455], [-0.163061996, 51.149271324], [-0.163054040666667, 51.14927071377778], [-0.16304642, 51.149269477777786], [-0.163039134, 51.14926761600001], [-0.163032182666667, 51.14926512844444], [-0.163025566, 51.149262015111105], [-0.163019284, 51.149258276], [-0.163013336666667, 51.14925391111111], [-0.163007724, 51.14924892044445], [-0.163002446, 51.149243304], [-0.162997502666667, 51.14923706177778], [-0.162992894, 51.14923019377778], [-0.16298862, 51.1492227], [-0.1629873064, 51.149218453866666], [-0.162985952266667, 51.14921438746667], [-0.1629845576, 51.14921050080002], [-0.1629831224, 51.14920679386668], [-0.162981646666667, 51.149203266666674], [-0.1629801304, 51.1491999192], [-0.1629785736, 51.14919675146667], [-0.162976976266667, 51.14919376346667], [-0.1629753384, 51.1491909552], [-0.16297366, 51.149188326666675], [-0.162971941066667, 51.14918587786667], [-0.1629701816, 51.149183608800016], [-0.1629683816, 51.149181519466666], [-0.162966541066667, 51.14917960986667], [-0.16296466, 51.14917788], [-0.162958464177778, 51.14917345840001], [-0.162952711377778, 51.14916907893334], [-0.1629474016, 51.14916474160001], [-0.162942534844444, 51.149160446399996], [-0.162938111111111, 51.14915619333334], [-0.1629341304, 51.1491519824], [-0.162930592711111, 51.14914781360001], [-0.162927498044444, 51.14914368693333], [-0.1629248464, 51.1491396024], [-0.162922637777778, 51.14913556], [-0.162920872177778, 51.149131559733334], [-0.1629195496, 51.1491276016], [-0.162918670044444, 51.1491236856], [-0.162918233511111, 51.149119811733335], [-0.16291824, 51.14911598], [-0.16247151, 51.14900597], [-0.162465431866667, 51.149022424711106], [-0.162461285466667, 51.14903815684445], [-0.1624590708, 51.14905316640001], [-0.162458787866667, 51.14906745337779], [-0.162460436666667, 51.14908101777778], [-0.1624640172, 51.1490938596], [-0.162469529466667, 51.149105978844446], [-0.162476973466667, 51.14911737551111], [-0.1624863492, 51.149128049599994], [-0.162497656666667, 51.14913800111111], [-0.162510895866667, 51.14914723004445], [-0.1625260668, 51.14915573640001], [-0.162543169466667, 51.14916352017778], [-0.162562203866667, 51.14917058137778], [-0.16258317, 51.14917692], [-0.16274147, 51.14917612], [-0.162753495377778, 51.14917308693333], [-0.162765078177778, 51.149170750399996], [-0.1627762184, 51.14916911040001], [-0.162786916044444, 51.14916816693334], [-0.162797171111111, 51.14916792], [-0.1628069836, 51.1491683696], [-0.162816353511111, 51.14916951573333], [-0.162825280844444, 51.1491713584], [-0.1628337656, 51.149173897599994], [-0.162841807777778, 51.14917713333333], [-0.162849407377778, 51.149181065600004], [-0.1628565644, 51.1491856944], [-0.162863278844444, 51.14919101973333], [-0.162869550711111, 51.1491970416], [-0.16287538, 51.14920376], [-0.16290062, 51.14924992], [-0.162900713911111, 51.14925553844444], [-0.162900427644444, 51.14926085777779], [-0.1628997612, 51.149265878000016], [-0.162898714577778, 51.14927059911112], [-0.162897287777778, 51.14927502111112], [-0.1628954808, 51.149279144], [-0.162893293644444, 51.14928296777778], [-0.162890726311111, 51.149286492444446], [-0.1628877788, 51.149289718], [-0.162884451111111, 51.149292644444444], [-0.162880743244444, 51.149295271777774], [-0.1628766552, 51.1492976], [-0.162872186977778, 51.14929962911111], [-0.162867338577778, 51.149301359111114], [-0.16286211, 51.14930279], [-0.162846436711111, 51.14930512595555], [-0.162830504844444, 51.14930730448889], [-0.1628143144, 51.1493093256], [-0.162797865377778, 51.149311189288895], [-0.162781157777778, 51.14931289555555], [-0.1627641916, 51.1493144444], [-0.162746966844444, 51.149315835822215], [-0.162729483511111, 51.14931706982222], [-0.1627117416, 51.14931814639999], [-0.162693741111111, 51.14931906555555], [-0.162675482044444, 51.14931982728889], [-0.1626569644, 51.1493204316], [-0.162638188177778, 51.149320878488886], [-0.162619153377778, 51.149321167955556], [-0.16259986, 51.1493213], [-0.1624016, 51.14931789], [-0.162384852977778, 51.14931485768889], [-0.162369401244444, 51.149311235422225], [-0.1623552448, 51.1493070232], [-0.162342383644444, 51.14930222102222], [-0.162330817777778, 51.14929682888889], [-0.1623205472, 51.1492908468], [-0.162311571911111, 51.14928427475556], [-0.162303891911111, 51.149277112755556], [-0.1622975072, 51.14926936079999], [-0.162292417777778, 51.14926101888889], [-0.162288623644444, 51.14925208702222], [-0.1622861248, 51.1492425652], [-0.162284921244444, 51.14923245342222], [-0.162285012977778, 51.149221751688884], [-0.1622864, 51.14921046], [-0.162299951022222, 51.14915848613334], [-0.162313710755556, 51.14910800986667], [-0.1623276792, 51.14905903120001], [-0.162341856355556, 51.14901155013334], [-0.162356242222222, 51.14896556666668], [-0.1623708368, 51.1489210808], [-0.162385640088889, 51.14887809253334], [-0.162400652088889, 51.14883660186667], [-0.1624158728, 51.1487966088], [-0.162431302222222, 51.148758113333336], [-0.162446940355556, 51.148721115466664], [-0.1624627872, 51.148685615199994], [-0.162478842755556, 51.14865161253333], [-0.162495107022222, 51.148619107466665], [-0.16251158, 51.1485881], [-0.16263171, 51.14846701], [-0.16272412, 51.14831661], [-0.16275184, 51.14818812], [-0.1628087016, 51.14810874262223], [-0.162865441066667, 51.148032506488896], [-0.1629220584, 51.147959411600006], [-0.1629785536, 51.14788945795556], [-0.163034926666667, 51.147822645555564], [-0.1630911776, 51.1477589744], [-0.1631473064, 51.14769844448889], [-0.163203313066667, 51.14764105582222], [-0.1632591976, 51.14758680840001], [-0.16331496, 51.14753570222223], [-0.163370600266667, 51.147487737288884], [-0.1634261184, 51.1474429136], [-0.1634815144, 51.147401231155555], [-0.163536788266667, 51.14736268995556], [-0.16359194, 51.14732729], [-0.163589385155556, 51.147329194], [-0.163587195288889, 51.147330826], [-0.1635853704, 51.147332186], [-0.163583910488889, 51.14733327400001], [-0.163582815555556, 51.14733409], [-0.1635820856, 51.147334634], [-0.163581720622222, 51.147334906], [-0.163581720622222, 51.147334906], [-0.1635820856, 51.147334634], [-0.163582815555556, 51.14733409], [-0.163583910488889, 51.147333274], [-0.1635853704, 51.147332186], [-0.163587195288889, 51.147330826], [-0.163589385155556, 51.147329194], [-0.16359194, 51.14732729], [-0.163594724888889, 51.14732533471111], [-0.163597604888889, 51.14732354884445], [-0.16360058, 51.147321932400004], [-0.163603650222222, 51.14732048537778], [-0.163606815555556, 51.147319207777784], [-0.163610076, 51.14731809960001], [-0.163613431555556, 51.147317160844445], [-0.163616882222222, 51.14731639151111], [-0.163620428, 51.14731579159999], [-0.163624068888889, 51.14731536111111], [-0.163627804888889, 51.147315100044445], [-0.163631636, 51.1473150084], [-0.163635562222222, 51.14731508617778], [-0.163639583555556, 51.147315333377776], [-0.1636437, 51.14731575], [-0.16374381, 51.14733239], [-0.16382766, 51.14728569], [-0.163823488177778, 51.14727368991112], [-0.163820010044444, 51.14726229231111], [-0.1638172256, 51.14725149720001], [-0.163815134844444, 51.147241304577776], [-0.163813737777778, 51.147231714444445], [-0.1638130344, 51.147222726799995], [-0.163813024711111, 51.14721434164444], [-0.163813708711111, 51.14720655897778], [-0.1638150864, 51.147199378799996], [-0.163817157777778, 51.14719280111112], [-0.163819922844444, 51.14718682591111], [-0.1638233816, 51.147181453200005], [-0.163827534044444, 51.14717668297778], [-0.163832380177778, 51.14717251524444], [-0.16383792, 51.14716895], [-0.163965600266667, 51.147091992888896], [-0.164089737066667, 51.14702005755556], [-0.1642103304, 51.146953144], [-0.164327380266667, 51.14689125222223], [-0.164440886666667, 51.14683438222223], [-0.1645508496, 51.14678253400001], [-0.164657269066667, 51.14673570755556], [-0.164760145066667, 51.14669390288889], [-0.1648594776, 51.14665712], [-0.164955266666667, 51.14662535888889], [-0.165047512266667, 51.14659861955556], [-0.1651362144, 51.146576902], [-0.165221373066667, 51.146560206222226], [-0.165302988266667, 51.146548532222226], [-0.16538106, 51.14654188], [-0.165395585155556, 51.146542015066665], [-0.165409501955556, 51.14654295893333], [-0.1654228104, 51.1465447116], [-0.165435510488889, 51.146547273066666], [-0.165447602222222, 51.146550643333335], [-0.1654590856, 51.146554822400006], [-0.165469960622222, 51.146559810266666], [-0.165480227288889, 51.14656560693332], [-0.1654898856, 51.146572212399995], [-0.165498935555556, 51.146579626666664], [-0.165507377155556, 51.14658784973333], [-0.1655152104, 51.146596881600004], [-0.165522435288889, 51.14660672226667], [-0.165529051822222, 51.146617371733335], [-0.16553506, 51.14662883], [-0.165548539688889, 51.146649830355564], [-0.165563842755556, 51.14666963408889], [-0.1655809692, 51.1466882412], [-0.165599919022222, 51.14670565168889], [-0.165620692222222, 51.14672186555556], [-0.1656432888, 51.1467368828], [-0.165667708755556, 51.146750703422214], [-0.165693952088889, 51.14676332742222], [-0.1657220188, 51.14677475479999], [-0.165751908888889, 51.14678498555555], [-0.165783622355556, 51.14679401968888], [-0.1658171592, 51.1468018572], [-0.165852519422222, 51.14680849808889], [-0.165889703022222, 51.14681394235556], [-0.16592871, 51.14681819], [-0.165969614311111, 51.146821355600004], [-0.166012489911111, 51.14682355373333], [-0.1660573368, 51.1468247844], [-0.166104154977778, 51.146825047600004], [-0.166152944444444, 51.146824343333336], [-0.1662037052, 51.146822671600006], [-0.166256437244444, 51.1468200324], [-0.166311140577778, 51.146816425733334], [-0.1663678152, 51.146811851600006], [-0.166426461111111, 51.14680631], [-0.166487078311111, 51.14679980093333], [-0.1665496668, 51.146792324399996], [-0.166614226577778, 51.1467838804], [-0.166680757644444, 51.14677446893334], [-0.16674926, 51.14676409], [-0.16672655, 51.14669907], [-0.16654905, 51.14665135], [-0.16619015, 51.14666496], [-0.166169774897778, 51.1466639541452], [-0.166148132382222, 51.146660327828144], [-0.16612604864, 51.14665432592001], [-0.166104349857778, 51.146646193291865], [-0.166083862222222, 51.14663617481482], [-0.16606541192, 51.14662451536001], [-0.166049825137778, 51.146611459798514], [-0.166037928062222, 51.14659725300148], [-0.16603054688, 51.14658213984], [-0.166028507777778, 51.14656636518519], [-0.166032636942222, 51.14655017390815], [-0.16604376056, 51.14653381088], [-0.166062704817778, 51.146517520971855], [-0.166090295902222, 51.14650154905482], [-0.16612736, 51.14648614], [-0.166167496311111, 51.14648719777779], [-0.166207393244444, 51.14648864311111], [-0.1662470508, 51.14649047600001], [-0.166286468977778, 51.14649269644445], [-0.166325647777778, 51.14649530444445], [-0.1663645872, 51.1464983], [-0.166403287244444, 51.14650168311111], [-0.166441747911111, 51.14650545377778], [-0.1664799692, 51.146509612], [-0.166517951111111, 51.14651415777777], [-0.166555693644444, 51.14651909111111], [-0.1665931968, 51.146524412], [-0.166630460577778, 51.14653012044444], [-0.166667484977778, 51.14653621644444], [-0.16670427, 51.1465427], [-0.166713950088889, 51.146544273066674], [-0.166724289022222, 51.146546018933336], [-0.1667352868, 51.146547937600005], [-0.166746943422222, 51.14655002906667], [-0.166759258888889, 51.14655229333334], [-0.1667722332, 51.14655473039999], [-0.166785866355556, 51.14655734026666], [-0.166800158355556, 51.14656012293333], [-0.1668151092, 51.1465630784], [-0.166830718888889, 51.14656620666666], [-0.166846987422222, 51.14656950773333], [-0.1668639148, 51.1465729816], [-0.166881501022222, 51.146576628266665], [-0.166899746088889, 51.14658044773333], [-0.16691865, 51.14658444], [-0.166973246711111, 51.14659334635556], [-0.167024482177778, 51.14659923342223], [-0.1670723564, 51.1466021012], [-0.167116869377778, 51.1466019496889], [-0.167158021111111, 51.1465987788889], [-0.1671958116, 51.1465925888], [-0.167230240844444, 51.146583379422225], [-0.167261308844444, 51.146571150755555], [-0.1672890156, 51.146555902799996], [-0.167313361111111, 51.14653763555556], [-0.167334345377778, 51.14651634902222], [-0.1673519684, 51.1464920432], [-0.167366230177778, 51.146464718088886], [-0.167377130711111, 51.14643437368889], [-0.16738467, 51.14640101], [-0.16738138, 51.14633256], [-0.167381061955556, 51.146324001066674], [-0.167381438488889, 51.14631555893334], [-0.1673825096, 51.14630723360001], [-0.167384275288889, 51.14629902506666], [-0.167386735555556, 51.14629093333335], [-0.1673898904, 51.1462829584], [-0.167393739822222, 51.146275100266664], [-0.167398283822222, 51.146267358933336], [-0.1674035224, 51.146259734400005], [-0.167409455555556, 51.146252226666675], [-0.167416083288889, 51.146244835733334], [-0.1674234056, 51.1462375616], [-0.167431422488889, 51.14623040426667], [-0.167440133955556, 51.14622336373334], [-0.16744954, 51.14621644]]}}, {"type": "Feature", "properties": {"name": "Roads east of satellite", "painted_line_type": "DOUBLE_SOLID_YELLOW", "lighting_line_type": null}, "geometry": {"type": "LineString", "coordinates": [[-0.16455025, 51.15913306], [-0.16433201, 51.15897633], [-0.164330099911111, 51.158974694044446], [-0.164328548311111, 51.15897314351112], [-0.1643273552, 51.1589716784], [-0.164326520577778, 51.15897029871111], [-0.164326044444444, 51.158969004444444], [-0.1643259268, 51.1589677956], [-0.164326167644444, 51.158966672177776], [-0.164326766977778, 51.158965634177775], [-0.1643277248, 51.1589646816], [-0.164329041111111, 51.15896381444445], [-0.164330715911111, 51.15896303271111], [-0.1643327492, 51.1589623364], [-0.164335140977778, 51.158961725511105], [-0.164337891244444, 51.158961200044445], [-0.164341, 51.15896076], [-0.16429179, 51.15891755], [-0.164286699022222, 51.15891654555555], [-0.164281639422222, 51.158915372222225], [-0.1642766112, 51.15891403], [-0.164271614355556, 51.15891251888889], [-0.164266648888889, 51.1589108388889], [-0.1642617148, 51.15890899], [-0.164256812088889, 51.158906972222226], [-0.164251940755556, 51.15890478555555], [-0.1642471008, 51.15890243], [-0.164242292222222, 51.15889990555556], [-0.164237515022222, 51.15889721222222], [-0.1642327692, 51.15889435], [-0.164228054755556, 51.158891318888884], [-0.164223371688889, 51.15888811888889], [-0.16421872, 51.15888475], [-0.16393463, 51.15866641], [-0.163915975466667, 51.15864577013333], [-0.163901235866667, 51.15862614653334], [-0.1638904112, 51.1586075392], [-0.163883501466667, 51.15858994813333], [-0.163880506666667, 51.15857337333334], [-0.1638814268, 51.1585578148], [-0.163886261866667, 51.158543272533336], [-0.163895011866667, 51.15852974653333], [-0.1639076768, 51.158517236799995], [-0.163924256666667, 51.158505743333336], [-0.163944751466667, 51.15849526613333], [-0.1639691612, 51.1584858052], [-0.163997485866667, 51.158477360533325], [-0.164029725466667, 51.15846993213333], [-0.16406588, 51.15846352], [-0.16437459, 51.15841676], [-0.16512661, 51.1583265], [-0.165129280444444, 51.15832759093333], [-0.165131865111111, 51.158328839733336], [-0.165134364, 51.158330246400006], [-0.165136777111111, 51.15833181093333], [-0.165139104444444, 51.158333533333334], [-0.165141346, 51.1583354136], [-0.165143501777778, 51.15833745173334], [-0.165145571777778, 51.158339647733335], [-0.165147556, 51.1583420016], [-0.165149454444444, 51.15834451333333], [-0.165151267111111, 51.158347182933326], [-0.165152994, 51.15835001040001], [-0.165154635111111, 51.15835299573333], [-0.165156190444444, 51.158356138933335], [-0.16515766, 51.15835944], [-0.16524763, 51.1586118], [-0.1650905, 51.15828563], [-0.16475608, 51.15833133], [-0.164747768266667, 51.15833238497778], [-0.164740385066667, 51.15833311524445], [-0.1647339304, 51.15833352080001], [-0.164728404266667, 51.15833360164446], [-0.164723806666667, 51.15833335777779], [-0.1647201376, 51.158332789199996], [-0.164717397066667, 51.15833189591112], [-0.164715585066667, 51.15833067791111], [-0.1647147016, 51.15832913519999], [-0.164714746666667, 51.15832726777778], [-0.164715720266667, 51.15832507564444], [-0.1647176224, 51.158322558799995], [-0.164720453066667, 51.15831971724444], [-0.164724212266667, 51.15831655097777], [-0.1647289, 51.15831306], [-0.16496603, 51.15827326], [-0.164972669866667, 51.158272011511116], [-0.1649794348, 51.15827050337777], [-0.1649863248, 51.158268735600004], [-0.164993339866667, 51.158266708177784], [-0.16500048, 51.15826442111111], [-0.1650077452, 51.1582618744], [-0.165015135466667, 51.158259068044444], [-0.1650226508, 51.15825600204444], [-0.1650302912, 51.1582526764], [-0.165038056666667, 51.15824909111111], [-0.1650459472, 51.15824524617777], [-0.1650539628, 51.1582411416], [-0.165062103466667, 51.15823677737778], [-0.1650703692, 51.15823215351111], [-0.16507876, 51.15822727], [-0.165077428444444, 51.158227988044445], [-0.165076287111111, 51.158228603511105], [-0.165075336, 51.1582291164], [-0.165074575111111, 51.15822952671111], [-0.165074004444444, 51.15822983444444], [-0.165073624, 51.15823003959999], [-0.165073433777778, 51.15823014217777], [-0.165073433777778, 51.15823014217777], [-0.165073624, 51.1582300396], [-0.165074004444444, 51.15822983444444], [-0.165074575111111, 51.158229526711104], [-0.165075336, 51.1582291164], [-0.165076287111111, 51.158228603511105], [-0.165077428444444, 51.15822798804444], [-0.16507876, 51.15822727], [-0.165080914251852, 51.15822699671407], [-0.165083067081481, 51.15822832931261], [-0.1650851736, 51.15823103448001], [-0.165087188918519, 51.15823487890075], [-0.165089068148148, 51.15823962925927], [-0.1650907664, 51.158245052240005], [-0.165092238785185, 51.15825091452741], [-0.165093440414815, 51.15825698280593], [-0.1650943264, 51.158263023760014], [-0.165094851851852, 51.15826880407408], [-0.165094971881481, 51.1582740904326], [-0.1650946416, 51.15827864952], [-0.165093816118519, 51.15828224802075], [-0.165092450548148, 51.15828465261926], [-0.1650905, 51.15828563], [-0.16509303, 51.15815793], [-0.16498143, 51.15823584], [-0.164978506888889, 51.158237706622224], [-0.164975204222222, 51.1582395304889], [-0.164971522, 51.158241311600015], [-0.164967460222222, 51.158243049955566], [-0.164963018888889, 51.15824474555556], [-0.164958198, 51.1582463984], [-0.164952997555556, 51.15824800848889], [-0.164947417555556, 51.158249575822225], [-0.164941458, 51.1582511004], [-0.164935118888889, 51.158252582222225], [-0.164928400222222, 51.15825402128889], [-0.164921302, 51.1582554176], [-0.164913824222222, 51.158256771155564], [-0.164905966888889, 51.15825808195556], [-0.16489773, 51.15825935], [-0.16469131, 51.15828898], [-0.164687840844444, 51.158289348177775], [-0.164684300044444, 51.158289375377784], [-0.1646806876, 51.15828906160001], [-0.164677003511111, 51.15828840684445], [-0.164673247777778, 51.15828741111112], [-0.1646694204, 51.1582860744], [-0.164665521377778, 51.158284396711124], [-0.164661550711111, 51.15828237804445], [-0.1646575084, 51.158280018400006], [-0.164653394444444, 51.158277317777774], [-0.164649208844444, 51.15827427617778], [-0.1646449516, 51.1582708936], [-0.164640622711111, 51.15826717004445], [-0.164636222177778, 51.15826310551111], [-0.16463175, 51.1582587], [-0.164632891155556, 51.158259588533326], [-0.164633869288889, 51.15826035013333], [-0.1646346844, 51.1582609848], [-0.164635336488889, 51.15826149253334], [-0.164635825555556, 51.15826187333334], [-0.1646361516, 51.1582621272], [-0.164636314622222, 51.158262254133334], [-0.1646361516, 51.158262127200004], [-0.164635825555556, 51.15826187333333], [-0.164635336488889, 51.15826149253333], [-0.1646346844, 51.158260984799995], [-0.164633869288889, 51.15826035013333], [-0.164632891155556, 51.15825958853333], [-0.16463175, 51.1582587], [-0.164630636222222, 51.15825772417777], [-0.164629740222222, 51.158256700711114], [-0.164629062, 51.158255629600006], [-0.164628601555556, 51.15825451084445], [-0.164628358888889, 51.15825334444445], [-0.164628334, 51.158252130399994], [-0.164628526888889, 51.15825086871111], [-0.164628937555556, 51.15824955937778], [-0.164629566, 51.1582482024], [-0.164630412222222, 51.15824679777778], [-0.164631476222222, 51.15824534551111], [-0.164632758, 51.1582438456], [-0.164634257555556, 51.15824229804444], [-0.164635974888889, 51.158240702844445], [-0.16463791, 51.15823906], [-0.16469293, 51.15818574], [-0.16406407, 51.15766412], [-0.164078221466667, 51.157668720488886], [-0.1640925132, 51.15767456728889], [-0.1641069452, 51.15768166040001], [-0.164121517466667, 51.157689999822225], [-0.16413623, 51.15769958555557], [-0.1641510828, 51.1577104176], [-0.164166075866667, 51.15772249595557], [-0.1641812092, 51.15773582062222], [-0.1641964828, 51.157750391600004], [-0.164211896666667, 51.157766208888894], [-0.1642274508, 51.15778327248889], [-0.1642431452, 51.157801582400005], [-0.164258979866667, 51.157821138622225], [-0.1642749548, 51.15784194115556], [-0.16429107, 51.15786399], [-0.164298915244444, 51.1578779536889], [-0.164306674977778, 51.15789140208889], [-0.1643143492, 51.157904335200016], [-0.164321937911111, 51.157916753022235], [-0.164329441111111, 51.157928655555565], [-0.1643368588, 51.15794004279999], [-0.164344190977778, 51.15795091475556], [-0.164351437644444, 51.157961271422224], [-0.1643585988, 51.157971112800006], [-0.164365674444444, 51.1579804388889], [-0.164372664577778, 51.15798924968888], [-0.1643795692, 51.157997545200004], [-0.164386388311111, 51.158005325422224], [-0.164393121911111, 51.158012590355554], [-0.16439977, 51.15801934], [-0.164398225644444, 51.158017436], [-0.164396901911111, 51.158015804], [-0.1643957988, 51.15801444400001], [-0.164394916311111, 51.158013356], [-0.164394254444444, 51.158012540000016], [-0.1643938132, 51.158011996], [-0.164393592577778, 51.158011724], [-0.1643938132, 51.158011996], [-0.164394254444444, 51.15801254], [-0.164394916311111, 51.158013356], [-0.1643957988, 51.15801444400001], [-0.164396901911111, 51.158015804], [-0.164398225644444, 51.158017436], [-0.16439977, 51.15801934], [-0.164401219022222, 51.15802133675556], [-0.164402256755556, 51.15802324702222], [-0.1644028832, 51.1580250708], [-0.164403098355556, 51.1580268080889], [-0.164402902222222, 51.15802845888889], [-0.1644022948, 51.1580300232], [-0.164401276088889, 51.15803150102223], [-0.164399846088889, 51.15803289235555], [-0.1643980048, 51.158034197199996], [-0.164395752222222, 51.15803541555556], [-0.164393088355556, 51.15803654742222], [-0.1643900132, 51.1580375928], [-0.164386526755556, 51.15803855168889], [-0.164382629022222, 51.1580394240889], [-0.16437832, 51.15804021], [-0.16420382, 51.15806108], [-0.16383511, 51.15819364], [-0.16432583, 51.15812322], [-0.1643331008, 51.15812288502222], [-0.164340163866667, 51.15812281875556], [-0.1643470192, 51.158123021200005], [-0.1643536668, 51.158123492355564], [-0.164360106666667, 51.15812423222223], [-0.1643663388, 51.158125240800004], [-0.1643723632, 51.15812651808889], [-0.164378179866667, 51.158128064088885], [-0.1643837888, 51.1581298788], [-0.16438919, 51.15813196222222], [-0.164394383466667, 51.15813431435556], [-0.1643993692, 51.1581369352], [-0.1644041472, 51.15813982475555], [-0.164408717466667, 51.15814298302222], [-0.16441308, 51.15814641], [-0.16445892, 51.15818676], [-0.164465979733333, 51.1581973328], [-0.1644713056, 51.158207384533334], [-0.1644748976, 51.1582169152], [-0.164476755733333, 51.1582259248], [-0.16447688, 51.158234413333346], [-0.1644752704, 51.1582423808], [-0.164471926933333, 51.158249827199995], [-0.1644668496, 51.15825675253333], [-0.1644600384, 51.158263156800004], [-0.164451493333333, 51.15826904], [-0.1644412144, 51.15827440213333], [-0.1644292016, 51.1582792432], [-0.164415454933333, 51.158283563199994], [-0.1643999744, 51.158287362133336], [-0.16438276, 51.15829064], [-0.1637683, 51.15837643], [-0.163743609111111, 51.158379321022224], [-0.163719699111111, 51.15838116742223], [-0.16369657, 51.1583819692], [-0.163674221777778, 51.158381726355564], [-0.163652654444444, 51.15838043888889], [-0.163631868, 51.15837810680001], [-0.163611862444444, 51.15837473008889], [-0.163592637777778, 51.15837030875556], [-0.163574194, 51.1583648428], [-0.163556531111111, 51.15835833222222], [-0.163539649111111, 51.15835077702222], [-0.163523548, 51.158342177200005], [-0.163508227777778, 51.15833253275556], [-0.163493688444444, 51.158321843688896], [-0.16347993, 51.15831011], [-0.16332021, 51.15816079], [-0.16324657, 51.15808121], [-0.163221414933333, 51.158054841377776], [-0.163197533733333, 51.158029159511116], [-0.1631749264, 51.15800416440001], [-0.163153592933333, 51.15797985604445], [-0.163133533333333, 51.15795623444445], [-0.1631147476, 51.15793329959999], [-0.163097235733333, 51.157911051511114], [-0.163080997733333, 51.15788949017778], [-0.1630660336, 51.157868615599995], [-0.163052343333333, 51.15784842777778], [-0.163039926933333, 51.15782892671111], [-0.1630287844, 51.1578101124], [-0.163018915733333, 51.157791984844444], [-0.163010320933333, 51.15777454404444], [-0.163003, 51.15775779], [-0.16288693, 51.15748248], [-0.16292673, 51.15747577], [-0.16278455, 51.15702592], [-0.16260999, 51.15705894], [-0.16278989, 51.15752595], [-0.162813457466667, 51.1575858864], [-0.162837479866667, 51.157643460933336], [-0.1628619572, 51.1576986736], [-0.162886889466667, 51.1577515244], [-0.162912276666667, 51.157802013333345], [-0.1629381188, 51.15785014040001], [-0.162964415866667, 51.1578959056], [-0.162991167866667, 51.15793930893333], [-0.1630183748, 51.157980350399995], [-0.163046036666667, 51.15801903], [-0.163074153466667, 51.15805534773333], [-0.1631027252, 51.15808930360001], [-0.163131751866667, 51.1581208976], [-0.163161233466667, 51.158150129733336], [-0.16319117, 51.158177], [-0.1632762, 51.15821317], [-0.16342926, 51.15833467], [-0.16343816, 51.15842871], [-0.16341669, 51.15854382], [-0.163428979911111, 51.15854667333333], [-0.163440380311111, 51.15854973733333], [-0.1634508912, 51.158553012], [-0.163460512577778, 51.158556497333336], [-0.163469244444444, 51.158560193333344], [-0.1634770868, 51.1585641], [-0.163484039644444, 51.15856821733333], [-0.163490102977778, 51.158572545333335], [-0.1634952768, 51.158577084], [-0.163499561111111, 51.158581833333336], [-0.163502955911111, 51.15858679333333], [-0.1635054612, 51.158591964], [-0.163507076977778, 51.158597345333334], [-0.163507803244444, 51.158602937333335], [-0.16350764, 51.15860874], [-0.16352335, 51.15864736], [-0.163524326444444, 51.15864573475556], [-0.163525543777778, 51.15864432035556], [-0.163527002, 51.15864311680001], [-0.163528701111111, 51.15864212408891], [-0.163530641111111, 51.15864134222223], [-0.163532822, 51.1586407712], [-0.163535243777778, 51.15864041102223], [-0.163537906444444, 51.158640261688895], [-0.16354081, 51.158640323200004], [-0.163543954444444, 51.15864059555556], [-0.163547339777778, 51.15864107875555], [-0.163550966, 51.15864177280001], [-0.163554833111111, 51.158642677688896], [-0.163558941111111, 51.15864379342222], [-0.16356329, 51.15864512], [-0.16368461, 51.15868285], [-0.163705160977778, 51.158689272311115], [-0.163725144577778, 51.158695976577775], [-0.1637445608, 51.15870296280001], [-0.163763409644444, 51.15871023097778], [-0.163781691111111, 51.158717781111115], [-0.1637994052, 51.158725613200005], [-0.163816551911111, 51.15873372724445], [-0.163833131244444, 51.15874212324445], [-0.1638491432, 51.1587508012], [-0.163864587777778, 51.158759761111114], [-0.163879464977778, 51.15876900297778], [-0.1638937748, 51.158778526800006], [-0.163907517244444, 51.158788332577785], [-0.163920692311111, 51.158798420311115], [-0.1639333, 51.15880879], [-0.16410349, 51.15895606], [-0.164114031688889, 51.15898009662222], [-0.164120960755556, 51.15900268115556], [-0.1641242772, 51.15902381360001], [-0.164123981022222, 51.159043493955565], [-0.164120072222222, 51.15906172222223], [-0.1641125508, 51.15907849840001], [-0.164101416755556, 51.1590938224889], [-0.164086670088889, 51.159107694488895], [-0.1640683108, 51.159120114400004], [-0.164046338888889, 51.15913108222223], [-0.164020754355556, 51.159140597955556], [-0.1639915572, 51.1591486616], [-0.163958747422222, 51.15915527315556], [-0.163922325022222, 51.15916043262223], [-0.16388229, 51.15916414], [-0.163873084844444, 51.15916390506667], [-0.163863917377778, 51.15916332026667], [-0.1638547876, 51.159162385600006], [-0.163845695511111, 51.15916110106667], [-0.163836641111111, 51.15915946666668], [-0.1638276244, 51.159157482400005], [-0.163818645377778, 51.15915514826666], [-0.163809704044444, 51.15915246426667], [-0.1638008004, 51.1591494304], [-0.163791934444444, 51.15914604666667], [-0.163783106177778, 51.15914231306667], [-0.1637743156, 51.1591382296], [-0.163765562711111, 51.159133796266666], [-0.163756847511111, 51.15912901306667], [-0.16374817, 51.15912388], [-0.16353524, 51.15898953], [-0.163451879066667, 51.15892530275555], [-0.163372092266667, 51.15886204768889], [-0.1632958796, 51.15879976480001], [-0.163223241066667, 51.1587384540889], [-0.163154176666667, 51.158678115555574], [-0.1630886864, 51.1586187492], [-0.163026770266667, 51.15856035502223], [-0.162968428266667, 51.15850293302222], [-0.1629136604, 51.158446483199995], [-0.162862466666667, 51.15839100555556], [-0.162814847066667, 51.15833650008889], [-0.1627708016, 51.1582829668], [-0.162730330266667, 51.1582304056889], [-0.162693433066667, 51.15817881675556], [-0.16266011, 51.1581282], [-0.16241385, 51.15769385], [-0.16219388, 51.1573097], [-0.162138, 51.15722523], [-0.16197977, 51.15674675], [-0.16187255, 51.15676105], [-0.16201321, 51.15720196], [-0.162037489377778, 51.15725629960001], [-0.162062058177778, 51.157309801066674], [-0.1620869164, 51.15736246440001], [-0.162112064044444, 51.157414289600005], [-0.162137501111111, 51.15746527666667], [-0.1621632276, 51.157515425599996], [-0.162189243511111, 51.157564736400005], [-0.162215548844444, 51.15761320906667], [-0.1622421436, 51.1576608436], [-0.162269027777778, 51.15770764], [-0.162296201377778, 51.157753598266666], [-0.1623236644, 51.1577987184], [-0.162351416844444, 51.15784300039999], [-0.162379458711111, 51.157886444266666], [-0.16240779, 51.15792905], [-0.162433342355556, 51.15796730533334], [-0.162458484755556, 51.15800441266667], [-0.1624832172, 51.158040372], [-0.162507539688889, 51.158075183333345], [-0.162531452222222, 51.15810884666667], [-0.1625549548, 51.158141362], [-0.162578047422222, 51.15817272933334], [-0.162600730088889, 51.15820294866667], [-0.1626230028, 51.158232020000014], [-0.162644865555556, 51.158259943333334], [-0.162666318355556, 51.158286718666666], [-0.1626873612, 51.158312346], [-0.162707994088889, 51.158336825333336], [-0.162728217022222, 51.158360156666674], [-0.16274803, 51.15838234], [-0.1627798552, 51.158418754533336], [-0.162812216133333, 51.15845495280001], [-0.1628451128, 51.15849093480001], [-0.1628785452, 51.15852670053334], [-0.162912513333333, 51.15856225], [-0.1629470172, 51.158597583200006], [-0.1629820568, 51.15863270013334], [-0.163017632133333, 51.1586676008], [-0.1630537432, 51.15870228519999], [-0.16309039, 51.15873675333333], [-0.163127572533333, 51.158771005199995], [-0.1631652908, 51.158805040800004], [-0.1632035448, 51.15883886013333], [-0.163242334533333, 51.1588724632], [-0.16328166, 51.15890585], [-0.16372714, 51.15924761], [-0.163729871777778, 51.15925114035556], [-0.163732072444444, 51.15925434742223], [-0.163733742, 51.15925723120001], [-0.163734880444444, 51.159259791688896], [-0.163735487777778, 51.1592620288889], [-0.163735564, 51.159263942799996], [-0.163735109111111, 51.159265533422214], [-0.163734123111111, 51.15926680075555], [-0.163732606, 51.15926774479999], [-0.163730557777778, 51.15926836555555], [-0.163727978444444, 51.15926866302222], [-0.163724868, 51.1592686372], [-0.163721226444444, 51.15926828808888], [-0.163717053777778, 51.15926761568888], [-0.16371235, 51.15926662], [-0.163697924222222, 51.15926241764444], [-0.163683326888889, 51.159257645244445], [-0.163668558, 51.159252302800006], [-0.163653617555556, 51.15924639031112], [-0.163638505555556, 51.15923990777778], [-0.163623222, 51.1592328552], [-0.163607766888889, 51.15922523257778], [-0.163592140222222, 51.159217039911105], [-0.163576342, 51.15920827720001], [-0.163560372222222, 51.15919894444445], [-0.163544230888889, 51.15918904164444], [-0.163527918, 51.1591785688], [-0.163511433555556, 51.159167525911116], [-0.163494777555556, 51.15915591297778], [-0.16347795, 51.15914373], [-0.163428270933333, 51.15910547635555], [-0.163378329733333, 51.159065563422224], [-0.1633281264, 51.15902399120001], [-0.163277660933333, 51.158980759688895], [-0.163226933333333, 51.15893586888889], [-0.1631759436, 51.1588893188], [-0.163124691733333, 51.15884110942222], [-0.163073177733333, 51.15879124075556], [-0.1630214016, 51.1587397128], [-0.162969363333333, 51.15868652555556], [-0.162917062933333, 51.15863167902222], [-0.1628645004, 51.158575173200006], [-0.162811675733333, 51.15851700808889], [-0.162758588933333, 51.15845718368889], [-0.16270524, 51.1583957], [-0.162675813866667, 51.15836013391111], [-0.162647394133333, 51.15832544097778], [-0.1626199808, 51.1582916212], [-0.162593573866667, 51.15825867457778], [-0.162568173333333, 51.15822660111111], [-0.1625437792, 51.1581954008], [-0.162520391466667, 51.15816507364444], [-0.162498010133333, 51.15813561964444], [-0.1624766352, 51.1581070388], [-0.162456266666667, 51.15807933111111], [-0.162436904533333, 51.15805249657778], [-0.1624185488, 51.1580265352], [-0.162401199466667, 51.15800144697778], [-0.162384856533333, 51.15797723191111], [-0.16236952, 51.15795389], [-0.162344283288889, 51.15791615568889], [-0.162319063822222, 51.15787673142223], [-0.1622938616, 51.157835617200014], [-0.162268676622222, 51.15779281302223], [-0.162243508888889, 51.15774831888889], [-0.1622183584, 51.157702134800005], [-0.162193225155556, 51.15765426075556], [-0.162168109155556, 51.157604696755556], [-0.1621430104, 51.1575534428], [-0.162117928888889, 51.157500498888886], [-0.162092864622222, 51.15744586502222], [-0.1620678176, 51.157389541200004], [-0.162042787822222, 51.15733152742222], [-0.162017775288889, 51.15727182368889], [-0.16199278, 51.15721043], [-0.1618546, 51.15676344], [-0.16176638, 51.1567752], [-0.16191847, 51.15727284], [-0.16190555, 51.15736798], [-0.16218174, 51.15790859], [-0.16233394, 51.15805776], [-0.16249826, 51.15826967]]}}, {"type": "Feature", "properties": {"name": "Roads east of satellite", "painted_line_type": "DOUBLE_SOLID_YELLOW", "lighting_line_type": null}, "geometry": {"type": "LineString", "coordinates": [[-0.16258555, 51.15838275], [-0.16289373, 51.15872018], [-0.1628946596, 51.158722391333335], [-0.162895309733333, 51.15872435066667], [-0.1628956804, 51.158726058], [-0.1628957716, 51.15872751333334], [-0.162895583333333, 51.15872871666667], [-0.1628951156, 51.158729668], [-0.1628943684, 51.158730367333334], [-0.162893341733333, 51.15873081466667], [-0.1628920356, 51.15873101], [-0.16289045, 51.15873095333333], [-0.162888584933333, 51.15873064466666], [-0.1628864404, 51.158730084], [-0.1628840164, 51.158729271333335], [-0.162881312933333, 51.158728206666666], [-0.16287833, 51.15872689], [-0.162859553333333, 51.158717017688886], [-0.162839044666667, 51.15870667275556], [-0.162816804, 51.1586958552], [-0.162792831333333, 51.15868456502223], [-0.162767126666667, 51.15867280222222], [-0.16273969, 51.158660566799995], [-0.162710521333333, 51.15864785875556], [-0.162679620666667, 51.158634678088895], [-0.162646988, 51.1586210248], [-0.162612623333333, 51.15860689888889], [-0.162576526666667, 51.15859230035555], [-0.162538698, 51.158577229200006], [-0.162499137333333, 51.15856168542223], [-0.162457844666667, 51.158545669022224], [-0.16241482, 51.15852918], [-0.162408547955556, 51.15852658977778], [-0.162403241155556, 51.15852414977779], [-0.1623988996, 51.15852186], [-0.162395523288889, 51.15851972044446], [-0.162393112222222, 51.15851773111111], [-0.1623916664, 51.158515892], [-0.162391185822222, 51.1585142031111], [-0.162391670488889, 51.158512664444444], [-0.1623931204, 51.158511276], [-0.162395535555556, 51.15851003777777], [-0.162398915955556, 51.158508949777776], [-0.1624032616, 51.158508012], [-0.162408572488889, 51.15850722444444], [-0.162414848622222, 51.15850658711111], [-0.16242209, 51.1585061], [-0.162438779066667, 51.15850377933334], [-0.162454502266667, 51.15850104133334], [-0.1624692596, 51.158497886], [-0.162483051066667, 51.15849431333333], [-0.162495876666667, 51.15849032333334], [-0.1625077364, 51.158485916], [-0.162518630266667, 51.15848109133333], [-0.162528558266667, 51.15847584933333], [-0.1625375204, 51.15847019], [-0.162545516666667, 51.15846411333334], [-0.162552547066667, 51.15845761933333], [-0.1625586116, 51.158450708], [-0.162563710266667, 51.158443379333335], [-0.162567843066667, 51.15843563333333], [-0.16257101, 51.15842747], [-0.16258555, 51.15838275], [-0.16249826, 51.15826967], [-0.162502256044444, 51.15827637853333], [-0.162505766844444, 51.158283125466674], [-0.1625087924, 51.15828991080001], [-0.162511332711111, 51.15829673453335], [-0.162513387777778, 51.15830359666667], [-0.1625149576, 51.158310497200006], [-0.162516042177778, 51.15831743613334], [-0.162516641511111, 51.15832441346667], [-0.1625167556, 51.158331429200004], [-0.162516384444444, 51.15833848333334], [-0.162515528044444, 51.15834557586667], [-0.1625141864, 51.1583527068], [-0.162512359511111, 51.15835987613334], [-0.162510047377778, 51.158367083866665], [-0.16250725, 51.15837433], [-0.162497273777778, 51.15839016497778], [-0.162485747777778, 51.15840438191111], [-0.162472672, 51.158416980800006], [-0.162458046444444, 51.15842796164445], [-0.162441871111111, 51.15843732444445], [-0.162424146, 51.158445069200006], [-0.162404871111111, 51.15845119591111], [-0.162384046444444, 51.158455704577776], [-0.162361672, 51.158458595199996], [-0.162337747777778, 51.15845986777778], [-0.162312273777778, 51.15845952231111], [-0.16228525, 51.1584575588], [-0.162256676444444, 51.15845397724444], [-0.162226553111111, 51.158448777644445], [-0.16219488, 51.15844196], [-0.16208522, 51.15846699], [-0.16262726, 51.15868135], [-0.162670587333333, 51.158698782622224], [-0.162712830666667, 51.15871653382222], [-0.16275399, 51.1587346036], [-0.162794065333333, 51.15875299195555], [-0.162833056666667, 51.158771698888884], [-0.162870964, 51.158790724400006], [-0.162907787333333, 51.1588100684889], [-0.162943526666667, 51.15882973115555], [-0.162978182, 51.1588497124], [-0.163011753333333, 51.15887001222222], [-0.163044240666667, 51.15889063062222], [-0.163075644, 51.1589115676], [-0.163105963333333, 51.15893282315556], [-0.163135198666667, 51.158954397288895], [-0.16316335, 51.15897629], [-0.16380727, 51.15947707], [-0.16388494, 51.15943557], [-0.16381808, 51.15939332], [-0.16381833, 51.15936257], [-0.16391565, 51.15937282], [-0.16393323, 51.15938416], [-0.16404276, 51.15935949], [-0.16408121, 51.15924494], [-0.16427273, 51.15916889], [-0.16448716, 51.15917863]]}}, {"type": "Feature", "properties": {"name": "Roads east of satellite", "painted_line_type": "DOUBLE_SOLID_YELLOW", "lighting_line_type": null}, "geometry": {"type": "LineString", "coordinates": [[-0.16385918, 51.15754637], [-0.16386679, 51.157554139822224], [-0.163874753333333, 51.15756138262223], [-0.16388307, 51.157568098400006], [-0.16389174, 51.15757428715556], [-0.163900763333333, 51.15757994888889], [-0.16391014, 51.1575850836], [-0.16391987, 51.15758969128889], [-0.163929953333333, 51.157593771955554], [-0.16394039, 51.1575973256], [-0.16395118, 51.15760035222222], [-0.163962323333333, 51.15760285182222], [-0.16397382, 51.157604824399996], [-0.16398567, 51.15760626995556], [-0.163997873333333, 51.15760718848888], [-0.16401043, 51.15760758], [-0.164023208755556, 51.157608139733334], [-0.164036078355556, 51.15760956293334], [-0.1640490388, 51.157611849600016], [-0.164062090088889, 51.15761499973334], [-0.164075232222222, 51.15761901333333], [-0.1640884652, 51.1576238904], [-0.164101789022222, 51.15762963093333], [-0.164115203688889, 51.15763623493333], [-0.1641287092, 51.157643702399994], [-0.164142305555556, 51.157652033333335], [-0.164155992755556, 51.15766122773333], [-0.1641697708, 51.1576712856], [-0.164183639688889, 51.15768220693333], [-0.164197599422222, 51.15769399173333], [-0.16421165, 51.15770664], [-0.164210688044444, 51.15770571164445], [-0.164209863511111, 51.15770491591111], [-0.1642091764, 51.1577042528], [-0.164208626711111, 51.15770372231112], [-0.164208214444444, 51.15770332444445], [-0.1642079396, 51.1577030592], [-0.164207802177778, 51.157702926577784], [-0.164207802177778, 51.15770292657778], [-0.1642079396, 51.1577030592], [-0.164208214444444, 51.15770332444445], [-0.164208626711111, 51.15770372231111], [-0.1642091764, 51.1577042528], [-0.164209863511111, 51.15770491591111], [-0.164210688044444, 51.15770571164445], [-0.16421165, 51.15770664], [-0.164213311324444, 51.15770792110222], [-0.164215179262222, 51.15770881895112], [-0.16421721776, 51.157709391360015], [-0.164219390764444, 51.157709696142234], [-0.164221662222222, 51.157709791111124], [-0.16422399608, 51.15770973408], [-0.164226356284444, 51.15770958286222], [-0.164228706782222, 51.157709395271105], [-0.16423101152, 51.15770922912], [-0.164233234444444, 51.157709142222224], [-0.164235339502222, 51.15770919239111], [-0.16423729064, 51.15770943744], [-0.164239051804444, 51.15770993518222], [-0.164240586942222, 51.15771074343111], [-0.16424186, 51.15771192], [-0.16438087, 51.15787655]]}}, {"type": "Feature", "properties": {"name": "South terminal service roads", "painted_line_type": "DOUBLE_SOLID_YELLOW", "lighting_line_type": null}, "geometry": {"type": "LineString", "coordinates": [[-0.16493478, 51.15761208], [-0.164931920044444, 51.157617146977785], [-0.164928710844444, 51.15762191591111], [-0.1649251524, 51.157626386800004], [-0.164921244711111, 51.157630559644446], [-0.164916987777778, 51.157634434444454], [-0.1649123816, 51.15763801119999], [-0.164907426177778, 51.15764128991111], [-0.164902121511111, 51.15764427057778], [-0.1648964676, 51.1576469532], [-0.164890464444444, 51.15764933777778], [-0.164884112044444, 51.157651424311105], [-0.1648774104, 51.1576532128], [-0.164870359511111, 51.15765470324444], [-0.164862959377778, 51.15765589564444], [-0.16485521, 51.15765679], [-0.164779355022222, 51.157659509022224], [-0.164706648755556, 51.15765974608889], [-0.1646370912, 51.157657501200006], [-0.164570682355556, 51.157652774355554], [-0.164507422222222, 51.15764556555557], [-0.1644473108, 51.15763587480001], [-0.164390348088889, 51.157623702088884], [-0.164336534088889, 51.15760904742222], [-0.1642858688, 51.15759191080001], [-0.164238352222222, 51.15757229222223], [-0.164193984355556, 51.15755019168889], [-0.1641527652, 51.15752560920001], [-0.164114694755556, 51.157498544755555], [-0.164079773022222, 51.157468998355554], [-0.164048, 51.15743697], [-0.16408628, 51.15741873], [-0.16439683, 51.15725796], [-0.1644141268, 51.157250585822226], [-0.1644312412, 51.15724387128889], [-0.1644481732, 51.157237816400006], [-0.1644649228, 51.15723242115556], [-0.16448149, 51.157227685555554], [-0.1644978748, 51.1572236096], [-0.1645140772, 51.157220193288886], [-0.1645300972, 51.15721743662222], [-0.1645459348, 51.1572153396], [-0.16456159, 51.15721390222222], [-0.1645770628, 51.15721312448889], [-0.1645923532, 51.1572130064], [-0.1646074612, 51.15721354795556], [-0.1646223868, 51.15721474915556], [-0.16463713, 51.15721661], [-0.164661761333333, 51.1572239392], [-0.164685127333333, 51.157232356133335], [-0.164707228, 51.157241860800006], [-0.164728063333333, 51.15725245320001], [-0.164747633333333, 51.157264133333335], [-0.164765938, 51.1572769012], [-0.164782977333333, 51.1572907568], [-0.164798751333333, 51.157305700133335], [-0.16481326, 51.1573217312], [-0.164826503333333, 51.15733885], [-0.164838481333333, 51.157357056533336], [-0.164849194, 51.1573763508], [-0.164858641333333, 51.1573967328], [-0.164866823333333, 51.157418202533336], [-0.16487374, 51.15744076], [-0.16493478, 51.15761208], [-0.16482114, 51.15725707]]}}, {"type": "Feature", "properties": {"name": "South terminal service roads", "painted_line_type": "DOUBLE_SOLID_YELLOW", "lighting_line_type": null}, "geometry": {"type": "LineString", "coordinates": [[-0.16433736, 51.15701008], [-0.164338622942222, 51.15701725717334], [-0.164340261137778, 51.15702511445333], [-0.16434218664, 51.15703354048001], [-0.164344311502222, 51.15704242389334], [-0.164346547777778, 51.15705165333334], [-0.16434880752, 51.15706111744001], [-0.164351002782222, 51.15707070485333], [-0.164353045617778, 51.15708030421333], [-0.16435484808, 51.15708980416], [-0.164356322222222, 51.15709909333334], [-0.164357380097778, 51.15710806037333], [-0.16435793376, 51.15711659392001], [-0.164357895262222, 51.157124582613335], [-0.164357176657778, 51.15713191509334], [-0.16435569, 51.15713848], [-0.164354250844444, 51.15714253386667], [-0.164352466711111, 51.15714650346667], [-0.1643503376, 51.157150388800005], [-0.164347863511111, 51.15715418986667], [-0.164345044444444, 51.157157906666676], [-0.1643418804, 51.1571615392], [-0.164338371377778, 51.157165087466666], [-0.164334517377778, 51.15716855146667], [-0.1643303184, 51.1571719312], [-0.164325774444444, 51.157175226666666], [-0.164320885511111, 51.15717843786667], [-0.1643156516, 51.157181564800005], [-0.164310072711111, 51.15718460746667], [-0.164304148844444, 51.157187565866664], [-0.16429788, 51.15719044], [-0.16401768, 51.15729511], [-0.164016481288889, 51.15729532968889], [-0.164015357155556, 51.15729515408889], [-0.1640143076, 51.157294583200006], [-0.164013332622222, 51.15729361702223], [-0.164012432222222, 51.15729225555557], [-0.1640116064, 51.1572904988], [-0.164010855155556, 51.15728834675556], [-0.164010178488889, 51.157285799422226], [-0.1640095764, 51.1572828568], [-0.164009048888889, 51.1572795188889], [-0.164008595955556, 51.15727578568889], [-0.1640082176, 51.157271657200006], [-0.164007913822222, 51.15726713342222], [-0.164007684622222, 51.157262214355555], [-0.16400753, 51.1572569], [-0.16399326, 51.15712678], [-0.16379941, 51.15715509], [-0.1639071, 51.15737388], [-0.163941729688889, 51.15742330857778], [-0.163980560088889, 51.15746877831112], [-0.1640235912, 51.15751028920001], [-0.164070823022222, 51.15754784124446], [-0.164122255555556, 51.157581434444445], [-0.1641778888, 51.1576110688], [-0.164237722755556, 51.15763674431111], [-0.164301757422222, 51.157658460977785], [-0.1643699928, 51.157676218800006], [-0.164442428888889, 51.15769001777778], [-0.164519065688889, 51.15769985791111], [-0.1645999032, 51.157705739200004], [-0.164684941422222, 51.15770766164445], [-0.164774180355556, 51.157705625244446], [-0.16486762, 51.15769963], [-0.1648715916, 51.157699476177775], [-0.164875565066667, 51.157699532044454], [-0.1648795404, 51.15769979760001], [-0.1648835176, 51.15770027284445], [-0.164887496666667, 51.15770095777779], [-0.1648914776, 51.1577018524], [-0.1648954604, 51.157702956711105], [-0.164899445066667, 51.157704270711115], [-0.1649034316, 51.1577057944], [-0.16490742, 51.15770752777778], [-0.164911410266667, 51.157709470844445], [-0.1649154024, 51.1577116236], [-0.1649193964, 51.15771398604445], [-0.164923392266667, 51.15771655817778], [-0.16492739, 51.15771934]]}}, {"type": "Feature", "properties": {"name": "South terminal service roads", "painted_line_type": "DOUBLE_SOLID_YELLOW", "lighting_line_type": null}, "geometry": {"type": "LineString", "coordinates": [[-0.1649837, 51.15741504], [-0.16499191, 51.15745207], [-0.16508822, 51.15770819]]}}, {"type": "Feature", "properties": {"name": "Linear Feature 4", "painted_line_type": "DOUBLE_SOLID_YELLOW", "lighting_line_type": null}, "geometry": {"type": "LineString", "coordinates": [[-0.17504218, 51.16196715], [-0.175054494088889, 51.161956840222224], [-0.175065489688889, 51.16194606022222], [-0.1750751668, 51.16193481000001], [-0.175083525422222, 51.16192308955556], [-0.175090565555556, 51.1619108988889], [-0.1750962872, 51.161898238], [-0.175100690355556, 51.16188510688888], [-0.175103775022222, 51.16187150555556], [-0.1751055412, 51.161857434], [-0.175105988888889, 51.16184289222222], [-0.175105118088889, 51.16182788022222], [-0.1751029288, 51.161812398], [-0.175099421022222, 51.16179644555555], [-0.175094594755556, 51.161780022888884], [-0.17508845, 51.16176313], [-0.17503522, 51.16174039], [-0.17494241, 51.16147296], [-0.17497171, 51.16144411], [-0.17493148, 51.16133622], [-0.174929762554074, 51.16133288592593], [-0.174927419632593, 51.161330131940744], [-0.17492455536, 51.16132788640001], [-0.174921273860741, 51.16132607765927], [-0.174917679259259, 51.161324634074084], [-0.17491387568, 51.161323484], [-0.174909967247407, 51.16132255579258], [-0.174906058085926, 51.1613217778074], [-0.17490225232, 51.1613210784], [-0.174898654074074, 51.161320385925926], [-0.174895367472593, 51.161319628740735], [-0.17489249664, 51.1613187352], [-0.174890145700741, 51.16131763365926], [-0.174888418779259, 51.16131625247407], [-0.17488742, 51.16131452], [-0.1748072, 51.16108339], [-0.17483508, 51.16105381], [-0.17480512, 51.16096605], [-0.17475931, 51.1609454], [-0.17464346, 51.16061155], [-0.17467447, 51.16058326], [-0.17464777, 51.16051531], [-0.174642734325926, 51.16051265965038], [-0.174638430740741, 51.160510748269644], [-0.1746348044, 51.16050951536001], [-0.174631800459259, 51.160508900423714], [-0.174629364074074, 51.16050884296297], [-0.1746274404, 51.160509282480014], [-0.174625974592593, 51.16051015847704], [-0.174624911807407, 51.1605114104563], [-0.1746241972, 51.16051297792], [-0.174623775925926, 51.16051480037037], [-0.174623593140741, 51.16051681730963], [-0.174623594, 51.160518968240005], [-0.174623723659259, 51.16052119266371], [-0.174623927274074, 51.16052343008297], [-0.17462415, 51.16052562], [-0.174625324266667, 51.16053546582222], [-0.1746259004, 51.16054502462222], [-0.1746258784, 51.16055429640001], [-0.174625258266667, 51.16056328115556], [-0.17462404, 51.16057197888889], [-0.1746222236, 51.1605803896], [-0.174619809066667, 51.160588513288886], [-0.1746167964, 51.160596349955554], [-0.1746131856, 51.16060389959999], [-0.174608976666667, 51.160611162222224], [-0.1746041696, 51.160618137822226], [-0.1745987644, 51.1606248264], [-0.174592761066667, 51.16063122795555], [-0.1745861596, 51.16063734248889], [-0.17457896, 51.16064317], [-0.174581845866667, 51.16064069355556], [-0.174584319466667, 51.16063857088889], [-0.1745863808, 51.160636802], [-0.174588029866667, 51.16063538688889], [-0.174589266666667, 51.16063432555556], [-0.1745900912, 51.160633618], [-0.174590503466667, 51.16063326422223], [-0.1745900912, 51.160633618], [-0.174589266666667, 51.16063432555556], [-0.174588029866667, 51.160635386888885], [-0.1745863808, 51.160636802], [-0.174584319466667, 51.160638570888885], [-0.174581845866667, 51.16064069355556], [-0.17457896, 51.16064317], [-0.174575978266667, 51.16064592551111], [-0.174573217066667, 51.160648885377775], [-0.1745706764, 51.1606520496], [-0.174568356266667, 51.160655418177775], [-0.174566256666667, 51.16065899111112], [-0.1745643776, 51.16066276840001], [-0.174562719066667, 51.160666750044456], [-0.174561281066667, 51.16067093604444], [-0.1745600636, 51.160675326399996], [-0.174559066666667, 51.16067992111111], [-0.174558290266667, 51.16068472017778], [-0.1745577344, 51.1606897236], [-0.174557399066667, 51.160694931377776], [-0.174557284266667, 51.16070034351112], [-0.17455739, 51.16070596], [-0.17460207, 51.16072947], [-0.17486047, 51.16147296], [-0.17489579, 51.16149501], [-0.17500729, 51.1618633], [-0.175001761733333, 51.16186559782222], [-0.174996662266667, 51.16186781395555], [-0.1749919916, 51.1618699484], [-0.174987749733333, 51.16187200115556], [-0.174983936666667, 51.161873972222224], [-0.1749805524, 51.161875861599995], [-0.174977596933333, 51.16187766928889], [-0.174975070266667, 51.16187939528888], [-0.1749729724, 51.1618810396], [-0.174971303333333, 51.16188260222222], [-0.174970063066667, 51.161884083155556], [-0.1749692516, 51.1618854824], [-0.174968868933333, 51.16188679995555], [-0.174968915066667, 51.16188803582222], [-0.17496939, 51.16188919], [-0.174972019688889, 51.16189867848888], [-0.174974191422222, 51.16190772795556], [-0.1749759052, 51.161916338400005], [-0.174977161022222, 51.16192450982222], [-0.174977958888889, 51.16193224222223], [-0.1749782988, 51.161939535600006], [-0.174978180755556, 51.16194638995556], [-0.174977604755556, 51.16195280528889], [-0.1749765708, 51.1619587816], [-0.174975078888889, 51.16196431888889], [-0.174973129022222, 51.16196941715556], [-0.1749707212, 51.1619740764], [-0.174967855422222, 51.16197829662223], [-0.174964531688889, 51.16198207782222], [-0.17496075, 51.16198542]]}}, {"type": "Feature", "properties": {"name": "Linear Feature 1", "painted_line_type": "DOUBLE_SOLID_YELLOW", "lighting_line_type": null}, "geometry": {"type": "LineString", "coordinates": [[-0.17314346, 51.16226782], [-0.173148156977778, 51.16225068586667], [-0.173154602577778, 51.16223421146667], [-0.1731627968, 51.16221839680001], [-0.173172739644444, 51.16220324186667], [-0.173184431111111, 51.16218874666668], [-0.1731978712, 51.162174911200005], [-0.173213059911111, 51.16216173546667], [-0.173229997244444, 51.16214921946666], [-0.1732486832, 51.1621373632], [-0.173269117777778, 51.16212616666667], [-0.173291300977778, 51.16211562986667], [-0.1733152328, 51.16210575280001], [-0.173340913244444, 51.162096535466674], [-0.173368342311111, 51.16208797786667], [-0.17339752, 51.16208008], [-0.173460031158519, 51.162064050574834], [-0.173519914601482, 51.162050418998525], [-0.17357736528, 51.16203911432001], [-0.173632578145185, 51.16203006558816], [-0.173685748148148, 51.16202320185186], [-0.17373707024, 51.16201845216001], [-0.173786739371852, 51.16201574556148], [-0.173834950494815, 51.16201501110519], [-0.17388189856, 51.16201617784001], [-0.173927778518519, 51.162019174814816], [-0.173972785321481, 51.16202393107852], [-0.17401711392, 51.162030375680004], [-0.174060959265185, 51.16203843766816], [-0.174104516308148, 51.162048046091854], [-0.17414798, 51.16205913], [-0.174176226311111, 51.162066771333336], [-0.174202989244444, 51.16207396466667], [-0.1742282688, 51.16208071000001], [-0.174252064977778, 51.16208700733335], [-0.174274377777778, 51.16209285666667], [-0.1742952072, 51.162098258], [-0.174314553244444, 51.16210321133333], [-0.174332415911111, 51.16210771666667], [-0.1743487952, 51.162111774], [-0.174363691111111, 51.16211538333334], [-0.174377103644444, 51.16211854466667], [-0.1743890328, 51.162121258], [-0.174399478577778, 51.162123523333335], [-0.174408440977778, 51.16212534066667], [-0.17441592, 51.16212671], [-0.1744211828, 51.16212782946667], [-0.174427088533333, 51.1621294492], [-0.1744336372, 51.16213156920001], [-0.1744408288, 51.16213418946667], [-0.174448663333333, 51.16213731], [-0.1744571408, 51.16214093079999], [-0.1744662612, 51.16214505186667], [-0.174476024533333, 51.1621496732], [-0.1744864308, 51.162154794799996], [-0.17449748, 51.162160416666666], [-0.174509172133333, 51.162166538799994], [-0.1745215072, 51.1621731612], [-0.1745344852, 51.16218028386666], [-0.174548106133333, 51.1621879068], [-0.17456237, 51.16219603], [-0.174577284488889, 51.16220425817778], [-0.174592857288889, 51.16221219604444], [-0.1746090884, 51.162219843600006], [-0.174625977822222, 51.16222720084445], [-0.174643525555556, 51.162234267777784], [-0.1746617316, 51.162241044400005], [-0.174680595955556, 51.16224753071111], [-0.174700118622222, 51.16225372671111], [-0.1747202996, 51.16225963240001], [-0.174741138888889, 51.16226524777778], [-0.174762636488889, 51.16227057284444], [-0.1747847924, 51.16227560760001], [-0.174807606622222, 51.16228035204444], [-0.174831079155556, 51.16228480617778], [-0.17485521, 51.16228897], [-0.174847081288889, 51.16228767204445], [-0.174840113822222, 51.16228655951112], [-0.1748343076, 51.1622856324], [-0.174829662622222, 51.16228489071111], [-0.174826178888889, 51.16228433444445], [-0.1748238564, 51.162283963600004], [-0.174822695155556, 51.16228377817778], [-0.174822695155556, 51.16228377817777], [-0.1748238564, 51.162283963600004], [-0.174826178888889, 51.16228433444444], [-0.174829662622222, 51.162284890711106], [-0.1748343076, 51.1622856324], [-0.174840113822222, 51.1622865595111], [-0.174847081288889, 51.16228767204445], [-0.17485521, 51.16228897], [-0.174863843555556, 51.16229052022223], [-0.174872325555556, 51.16229238955555], [-0.174880656, 51.162294578], [-0.174888834888889, 51.16229708555556], [-0.174896862222222, 51.16229991222223], [-0.174904738, 51.162303058], [-0.174912462222222, 51.16230652288889], [-0.174920034888889, 51.16231030688889], [-0.174927456, 51.16231441], [-0.174934725555556, 51.162318832222226], [-0.174941843555556, 51.162323573555554], [-0.17494881, 51.162328634], [-0.174955624888889, 51.16233401355556], [-0.174962288222222, 51.16233971222223], [-0.1749688, 51.16234573], [-0.174977315688889, 51.1623546028], [-0.174987284088889, 51.16236260786667], [-0.1749987052, 51.1623697452], [-0.175011579022222, 51.1623760148], [-0.175025905555556, 51.16238141666666], [-0.1750416848, 51.1623859508], [-0.175058916755556, 51.16238961719999], [-0.175077601422222, 51.16239241586666], [-0.1750977388, 51.1623943468], [-0.175119328888889, 51.16239541], [-0.175142371688889, 51.16239560546666], [-0.1751668672, 51.162394933200005], [-0.175192815422222, 51.1623933932], [-0.175220216355556, 51.162390985466665], [-0.17524907, 51.16238771], [-0.1772301, 51.16213595], [-0.177242291081482, 51.1621343388], [-0.177253634785185, 51.162132494], [-0.1772641888, 51.16213045880001], [-0.177274010814815, 51.162128276400004], [-0.177283158518519, 51.16212599], [-0.1772916896, 51.162123642800005], [-0.177299661748148, 51.162121278], [-0.177307132651852, 51.1621189388], [-0.17731416, 51.1621166684], [-0.177320801481481, 51.16211451], [-0.177327114785185, 51.1621125068], [-0.1773331576, 51.162110702], [-0.177338987614815, 51.162109138800005], [-0.177344662518519, 51.1621078604], [-0.17735024, 51.16210691], [-0.17807179, 51.16200132], [-0.17796012, 51.16198355], [-0.17735552, 51.16206571], [-0.177321006977778, 51.16206880826666], [-0.177288113244444, 51.162070359066675], [-0.1772568388, 51.1620703624], [-0.177227183644444, 51.16206881826667], [-0.177199147777778, 51.162065726666675], [-0.1771727312, 51.16206108760001], [-0.177147933911111, 51.16205490106666], [-0.177124755911111, 51.16204716706667], [-0.1771031972, 51.1620378856], [-0.177083257777778, 51.16202705666667], [-0.177064937644444, 51.162014680266665], [-0.1770482368, 51.162000756400005], [-0.177033155244444, 51.16198528506667], [-0.177019692977778, 51.16196826626667], [-0.17700785, 51.1619497], [-0.17701906, 51.16204716], [-0.1770171428, 51.16205300346667], [-0.1770144712, 51.16205858186667], [-0.1770110452, 51.162063895200006], [-0.1770068648, 51.16206894346667], [-0.17700193, 51.16207372666668], [-0.1769962408, 51.1620782448], [-0.1769897972, 51.16208249786666], [-0.1769825992, 51.162086485866666], [-0.1769746468, 51.162090208799995], [-0.17696594, 51.16209366666667], [-0.1769564788, 51.16209685946666], [-0.1769462632, 51.162099787200006], [-0.1769352932, 51.162102449866666], [-0.1769235688, 51.162104847466665], [-0.17691109, 51.16210698], [-0.17531289, 51.16231794], [-0.175284228977778, 51.1623215392], [-0.175257240577778, 51.162324504800004], [-0.1752319248, 51.162326836800005], [-0.175208281644444, 51.162328535200004], [-0.175186311111111, 51.1623296], [-0.1751660132, 51.1623300312], [-0.175147387911111, 51.162329828800004], [-0.175130435244444, 51.162328992800006], [-0.1751151552, 51.162327523200005], [-0.175101547777778, 51.16232542], [-0.175089612977778, 51.1623226832], [-0.1750793508, 51.1623193128], [-0.175070761244444, 51.162315308800004], [-0.175063844311111, 51.162310671200004], [-0.1750586, 51.1623054], [-0.17507043, 51.1622363], [-0.175044960977778, 51.16223762191112], [-0.175019335244444, 51.16223806764445], [-0.1749935528, 51.1622376372], [-0.174967613644444, 51.16223633057779], [-0.174941517777778, 51.16223414777779], [-0.1749152652, 51.162231088800006], [-0.174888855911111, 51.16222715364445], [-0.174862289911111, 51.16222234231111], [-0.1748355672, 51.162216654800005], [-0.174808687777778, 51.162210091111106], [-0.174781651644444, 51.16220265124444], [-0.1747544588, 51.1621943352], [-0.174727109244444, 51.16218514297778], [-0.174699602977778, 51.16217507457778], [-0.17467194, 51.16216413], [-0.174676732355556, 51.162166077555554], [-0.174680840088889, 51.1621677468889], [-0.1746842632, 51.16216913800001], [-0.174687001688889, 51.1621702508889], [-0.174689055555556, 51.16217108555556], [-0.1746904248, 51.162171642], [-0.174691109422222, 51.16217192022222], [-0.174691109422222, 51.16217192022223], [-0.1746904248, 51.162171642], [-0.174689055555556, 51.162171085555556], [-0.174687001688889, 51.16217025088889], [-0.1746842632, 51.162169138], [-0.174680840088889, 51.1621677468889], [-0.174676732355556, 51.162166077555554], [-0.17467194, 51.16216413], [-0.174667223733333, 51.16216210133334], [-0.174663344266667, 51.162160188666675], [-0.1746603016, 51.162158392], [-0.174658095733333, 51.16215671133334], [-0.174656726666667, 51.16215514666667], [-0.1746561944, 51.162153698], [-0.174656498933333, 51.16215236533334], [-0.174657640266667, 51.162151148666666], [-0.1746596184, 51.162150048], [-0.174662433333333, 51.16214906333333], [-0.174666085066667, 51.16214819466667], [-0.1746705736, 51.162147442], [-0.174675898933333, 51.162146805333336], [-0.174682061066667, 51.16214628466667], [-0.17468906, 51.16214588], [-0.174665605955556, 51.16214764337778], [-0.174645502488889, 51.16214915484444], [-0.1746287496, 51.1621504144], [-0.174615347288889, 51.162151422044445], [-0.174605295555556, 51.16215217777777], [-0.1745985944, 51.16215268159999], [-0.174595243822222, 51.16215293351111], [-0.174595243822222, 51.16215293351111], [-0.1745985944, 51.1621526816], [-0.174605295555556, 51.16215217777777], [-0.174615347288889, 51.162151422044445], [-0.1746287496, 51.1621504144], [-0.174645502488889, 51.16214915484444], [-0.174665605955556, 51.16214764337778], [-0.17468906, 51.16214588], [-0.174713812488889, 51.16214380044445], [-0.174737811288889, 51.16214134044444], [-0.1747610564, 51.1621385], [-0.174783547822222, 51.16213527911111], [-0.174805285555556, 51.16213167777778], [-0.1748262696, 51.162127696], [-0.174846499955556, 51.16212333377777], [-0.174865976622222, 51.16211859111111], [-0.1748846996, 51.162113468], [-0.174902668888889, 51.162107964444445], [-0.174919884488889, 51.16210208044444], [-0.1749363464, 51.162095816], [-0.174952054622222, 51.162089171111106], [-0.174967009155556, 51.16208214577778], [-0.17498121, 51.16207474], [-0.174989162533333, 51.16207053488889], [-0.174997657466667, 51.16206687155556], [-0.1750066948, 51.16206375], [-0.175016274533333, 51.16206117022222], [-0.175026396666667, 51.162059132222225], [-0.1750370612, 51.162057636], [-0.175048268133333, 51.16205668155556], [-0.175060017466667, 51.16205626888889], [-0.1750723092, 51.162056398], [-0.175085143333333, 51.16205706888889], [-0.175098519866667, 51.16205828155556], [-0.1751124388, 51.162060036], [-0.175126900133333, 51.16206233222223], [-0.175141903866667, 51.16206517022223], [-0.17515745, 51.16206855], [-0.17530042, 51.16210024], [-0.17532181, 51.16210607857778], [-0.175342844, 51.16211139964445], [-0.175363522, 51.16211620320001], [-0.175383844, 51.16212048924445], [-0.17540381, 51.16212425777779], [-0.17542342, 51.162127508800005], [-0.175442674, 51.162130242311115], [-0.175461572, 51.162132458311106], [-0.175480114, 51.16213415679999], [-0.1754983, 51.162135337777784], [-0.17551613, 51.16213600124445], [-0.175533604, 51.1621361472], [-0.175550722, 51.162135775644444], [-0.175567484, 51.16213488657778], [-0.17558389, 51.16213348], [-0.17636715, 51.16202386], [-0.176599, 51.16173193], [-0.17659976, 51.1618149], [-0.176598354311111, 51.161823035866675], [-0.176595702577778, 51.1618307848], [-0.1765918048, 51.16183814680001], [-0.176586660977778, 51.161845121866676], [-0.176580271111111, 51.161851710000015], [-0.1765726352, 51.1618579112], [-0.176563753244444, 51.161863725466674], [-0.176553625244444, 51.16186915280001], [-0.1765422512, 51.161874193200006], [-0.176529631111111, 51.16187884666667], [-0.176515764977778, 51.161883113200005], [-0.1765006528, 51.16188699280001], [-0.176484294577778, 51.16189048546667], [-0.176466690311111, 51.161893591200005], [-0.17644784, 51.16189631], [-0.17545711, 51.16202393], [-0.175444789688889, 51.16202556791111], [-0.175432842088889, 51.16202703364445], [-0.1754212672, 51.162028327200005], [-0.175410065022222, 51.162029448577776], [-0.175399235555556, 51.16203039777778], [-0.1753887788, 51.1620311748], [-0.175378694755556, 51.16203177964445], [-0.175368983422222, 51.16203221231111], [-0.1753596448, 51.16203247279999], [-0.175350678888889, 51.16203256111112], [-0.175342085688889, 51.162032477244445], [-0.1753338652, 51.16203222120001], [-0.175326017422222, 51.16203179297778], [-0.175318542355556, 51.16203119257778], [-0.17531144, 51.16203042], [-0.17512859, 51.16200021], [-0.175124890488889, 51.161997950888896], [-0.175121597288889, 51.1619956668889], [-0.1751187104, 51.16199335800001], [-0.175116229822222, 51.16199102422224], [-0.175114155555556, 51.161988665555555], [-0.1751124876, 51.161986282], [-0.175111225955556, 51.161983873555556], [-0.175110370622222, 51.16198144022223], [-0.1751099216, 51.161978982], [-0.175109878888889, 51.16197649888889], [-0.175110242488889, 51.16197399088889], [-0.1751110124, 51.161971458], [-0.175112188622222, 51.16196890022223], [-0.175113771155556, 51.16196631755555], [-0.17511576, 51.16196371], [-0.175123489866667, 51.161953387866674], [-0.175130519466667, 51.16194286146666], [-0.1751368488, 51.16193213080001], [-0.175142477866667, 51.16192119586668], [-0.175147406666667, 51.16191005666667], [-0.1751516352, 51.1618987132], [-0.175155163466667, 51.16188716546667], [-0.175157991466667, 51.16187541346666], [-0.1751601192, 51.1618634572], [-0.175161546666667, 51.16185129666667], [-0.175162273866667, 51.16183893186666], [-0.1751623008, 51.1618263628], [-0.175161627466667, 51.16181358946666], [-0.175160253866667, 51.16180061186667], [-0.17515818, 51.16178743], [-0.17514819, 51.16175379], [-0.17517647, 51.16172421], [-0.17508556, 51.16145073], [-0.17503819, 51.16142821], [-0.17501764, 51.16136738], [-0.17505077, 51.16134612], [-0.17495663, 51.16106286], [-0.17491012, 51.1610492], [-0.17487766, 51.16095312], [-0.1749043, 51.16090547], [-0.17478831, 51.16055651], [-0.17473958, 51.1605444], [-0.17470948, 51.16045532], [-0.174706157511111, 51.16044728608889], [-0.174701280711111, 51.16043932835555], [-0.1746948496, 51.160431446800004], [-0.174686864177778, 51.16042364142223], [-0.174677324444444, 51.16041591222223], [-0.1746662304, 51.1604082592], [-0.174653582044444, 51.16040068235556], [-0.174639379377778, 51.16039318168889], [-0.1746236224, 51.1603857572], [-0.174606311111111, 51.16037840888889], [-0.174587445511111, 51.16037113675556], [-0.1745670256, 51.16036394080001], [-0.174545051377778, 51.160356821022226], [-0.174521522844444, 51.160349777422226], [-0.17449644, 51.16034281], [-0.1744928312, 51.16034195000001], [-0.174489735466667, 51.16034111933334], [-0.1744871528, 51.16034031800001], [-0.1744850832, 51.16033954600001], [-0.174483526666667, 51.16033880333334], [-0.1744824832, 51.16033809], [-0.1744819528, 51.160337406], [-0.174481935466667, 51.16033675133334], [-0.1744824312, 51.160336126], [-0.17448344, 51.16033553], [-0.174484961866667, 51.160334963333334], [-0.1744869968, 51.160334426], [-0.1744895448, 51.160333918], [-0.174492605866667, 51.160333439333336], [-0.17449618, 51.16033299], [-0.17518273, 51.16025301], [-0.175239789466667, 51.16025338968888], [-0.175293362533333, 51.160253683422226], [-0.1753434492, 51.16025389120001], [-0.175390049466667, 51.16025401302223], [-0.175433163333333, 51.160254048888895], [-0.1754727908, 51.1602539988], [-0.175508931866667, 51.16025386275555], [-0.175541586533333, 51.16025364075555], [-0.1755707548, 51.160253332799996], [-0.175596436666667, 51.16025293888889], [-0.175618632133333, 51.16025245902222], [-0.1756373412, 51.160251893200005], [-0.175652563866667, 51.16025124142222], [-0.175664300133333, 51.16025050368889], [-0.17567255, 51.16024968], [-0.17585143, 51.16022563], [-0.175879196133333, 51.160227637555565], [-0.1759052572, 51.160230121555564], [-0.1759296132, 51.16023308200001], [-0.175952264133333, 51.1602365188889], [-0.17597321, 51.16024043222223], [-0.1759924508, 51.160244822], [-0.176009986533333, 51.16024968822222], [-0.1760258172, 51.16025503088889], [-0.1760399428, 51.16026085], [-0.176052363333333, 51.16026714555556], [-0.1760630788, 51.16027391755556], [-0.1760720892, 51.160281166], [-0.176079394533333, 51.16028889088889], [-0.1760849948, 51.16029709222222], [-0.17608889, 51.16030577], [-0.17579718, 51.16008718], [-0.17351527, 51.16042057], [-0.173511744755556, 51.16042104986667], [-0.173508582355556, 51.16042127346666], [-0.1735057828, 51.16042124080001], [-0.173503346088889, 51.160420951866676], [-0.173501272222222, 51.16042040666667], [-0.1734995612, 51.1604196052], [-0.173498213022222, 51.16041854746667], [-0.173497227688889, 51.16041723346667], [-0.1734966052, 51.1604156632], [-0.173496345555556, 51.16041383666667], [-0.173496448755556, 51.16041175386667], [-0.1734969148, 51.1604094148], [-0.173497743688889, 51.16040681946667], [-0.173498935422222, 51.16040396786667], [-0.17350049, 51.16040086], [-0.17353624, 51.16032511], [-0.17589991, 51.15996364], [-0.17600198, 51.1599016], [-0.1735807, 51.16025606], [-0.173556420222222, 51.16026006026667], [-0.173533207555556, 51.16026494906668], [-0.173511062, 51.160270726400014], [-0.173489983555556, 51.16027739226668], [-0.173469972222222, 51.16028494666668], [-0.173451028, 51.1602933896], [-0.173433150888889, 51.16030272106666], [-0.173416340888889, 51.160312941066664], [-0.173400598, 51.16032404960001], [-0.173385922222222, 51.16033604666667], [-0.173372313555556, 51.160348932266665], [-0.173359772, 51.16036270640001], [-0.173348297555556, 51.16037736906667], [-0.173337890222222, 51.160392920266666], [-0.17332855, 51.16040936], [-0.173326979333333, 51.16041091311112], [-0.173325336666667, 51.16041235911111], [-0.173323622, 51.16041369800001], [-0.173321835333333, 51.16041492977779], [-0.173319976666667, 51.160416054444454], [-0.173318046, 51.160417072], [-0.173316043333333, 51.16041798244444], [-0.173313968666667, 51.16041878577778], [-0.173311822, 51.160419482], [-0.173309603333333, 51.16042007111111], [-0.173307312666667, 51.16042055311111], [-0.17330495, 51.160420928], [-0.173302515333333, 51.16042119577778], [-0.173300008666667, 51.160421356444445], [-0.17329743, 51.16042141], [-0.17325179, 51.16042141], [-0.173248118933333, 51.16042121626667], [-0.173244873733333, 51.16042083506667], [-0.1732420544, 51.16042026640001], [-0.173239660933333, 51.16041951026667], [-0.173237693333333, 51.16041856666667], [-0.1732361516, 51.160417435599996], [-0.173235035733333, 51.16041611706666], [-0.173234345733333, 51.16041461106667], [-0.1732340816, 51.1604129176], [-0.173234243333333, 51.16041103666667], [-0.173234830933333, 51.160408968266665], [-0.1732358444, 51.160406712400004], [-0.173237283733333, 51.16040426906666], [-0.173239148933333, 51.16040163826667], [-0.17324144, 51.16039882], [-0.17330365, 51.16032504], [-0.173310213777778, 51.16031173488889], [-0.173318438444444, 51.16029904888889], [-0.173328324, 51.160286982], [-0.173339870444444, 51.16027553422223], [-0.173353077777778, 51.16026470555556], [-0.173367946, 51.160254496], [-0.173384475111111, 51.160244905555565], [-0.173402665111111, 51.16023593422222], [-0.173422516, 51.160227582], [-0.173444027777778, 51.16021984888889], [-0.173467200444444, 51.16021273488889], [-0.173492034, 51.16020624], [-0.173518528444444, 51.16020036422223], [-0.173546683777778, 51.16019510755556], [-0.1735765, 51.16019047], [-0.17603963, 51.15984734], [-0.176059941066667, 51.15984538924444], [-0.176079138266667, 51.15984427564444], [-0.1760972216, 51.15984399920001], [-0.176114191066667, 51.159844559911114], [-0.176130046666667, 51.159845957777776], [-0.1761447884, 51.15984819279999], [-0.176158416266667, 51.159851264977775], [-0.176170930266667, 51.159855174311105], [-0.1761823304, 51.159859920799995], [-0.176192616666667, 51.15986550444444], [-0.176201789066667, 51.15987192524444], [-0.1762098476, 51.159879183200005], [-0.176216792266667, 51.15988727831111], [-0.176222623066667, 51.15989621057778], [-0.17622734, 51.15990598], [-0.17627031, 51.16001153], [-0.17629514, 51.15987882], [-0.176289716266667, 51.15986591204445], [-0.1762829544, 51.15985377751112], [-0.1762748544, 51.15984241640001], [-0.176265416266667, 51.15983182871112], [-0.17625464, 51.159822014444444], [-0.1762425256, 51.15981297360001], [-0.176229073066667, 51.15980470617778], [-0.1762142824, 51.159797212177786], [-0.1761981536, 51.159790491600006], [-0.176180686666667, 51.15978454444445], [-0.1761618816, 51.15977937071111], [-0.1761417384, 51.15977497040001], [-0.176120257066667, 51.15977134351111], [-0.1760974376, 51.15976849004445], [-0.17607328, 51.15976641], [-0.1754962, 51.15983963], [-0.17521744, 51.15990919], [-0.17347993, 51.16014799], [-0.173469926542222, 51.160148794625194], [-0.173460291671111, 51.16014803500149], [-0.17345120464, 51.16014591888001], [-0.173442844702222, 51.160142654011864], [-0.173435391111111, 51.16013844814815], [-0.17342902312, 51.16013350904], [-0.173423919982222, 51.16012804443852], [-0.173420260951111, 51.16012226209482], [-0.17341822528, 51.160116369760004], [-0.173417992222222, 51.16011057518519], [-0.173419741031111, 51.16010508612149], [-0.17342365096, 51.16010011032], [-0.173429901262222, 51.16009585553186], [-0.173438671191111, 51.160092529508155], [-0.17345014, 51.16009034], [-0.17342909, 51.1600401], [-0.17336797, 51.16005556], [-0.173357095733333, 51.160058894444454], [-0.173346928933333, 51.16006331377778], [-0.1733374696, 51.16006881800001], [-0.173328717733333, 51.160075407111115], [-0.173320673333333, 51.160083081111125], [-0.1733133364, 51.16009184], [-0.173306706933333, 51.16010168377778], [-0.173300784933333, 51.16011261244445], [-0.1732955704, 51.160124626], [-0.173291063333333, 51.16013772444445], [-0.173287263733333, 51.16015190777779], [-0.1732841716, 51.160167176], [-0.173281786933333, 51.16018352911111], [-0.173280109733333, 51.16020096711111], [-0.17327914, 51.16021949], [-0.173279154044444, 51.160223872844455], [-0.173278921511111, 51.16022826137778], [-0.1732784424, 51.160232655600005], [-0.173277716711111, 51.16023705551112], [-0.173276744444444, 51.16024146111112], [-0.1732755256, 51.1602458724], [-0.173274060177778, 51.16025028937778], [-0.173272348177778, 51.16025471204445], [-0.1732703896, 51.1602591404], [-0.173268184444444, 51.16026357444444], [-0.173265732711111, 51.160268014177774], [-0.1732630344, 51.1602724596], [-0.173260089511111, 51.16027691071111], [-0.173256898044444, 51.16028136751111], [-0.17325346, 51.16028583], [-0.17318054, 51.1603847], [-0.173176348044444, 51.16038989542223], [-0.173172182844444, 51.16039485768889], [-0.1731680444, 51.160399586800004], [-0.173163932711111, 51.16040408275556], [-0.173159847777778, 51.16040834555555], [-0.1731557896, 51.1604123752], [-0.173151758177778, 51.16041617168888], [-0.173147753511111, 51.16041973502222], [-0.1731437756, 51.1604230652], [-0.173139824444444, 51.16042616222222], [-0.173135900044444, 51.160429026088885], [-0.1731320024, 51.1604316568], [-0.173128131511111, 51.16043405435555], [-0.173124287377778, 51.16043621875556], [-0.17312047, 51.16043815], [-0.173097204444444, 51.16045024333333], [-0.173074797111111, 51.16046316333333], [-0.173053248, 51.16047691], [-0.173032557111111, 51.16049148333334], [-0.173012724444444, 51.16050688333333], [-0.17299375, 51.16052311], [-0.172975633777778, 51.16054016333333], [-0.172958375777778, 51.16055804333333], [-0.172941976, 51.16057675], [-0.172926434444444, 51.160596283333334], [-0.172911751111111, 51.16061664333333], [-0.172897926, 51.16063783], [-0.172884959111111, 51.160659843333335], [-0.172872850444444, 51.160682683333334], [-0.1728616, 51.16070635], [-0.172842564711111, 51.160720015155555], [-0.172824074844444, 51.16073163728889], [-0.1728061304, 51.160741216400005], [-0.172788731377778, 51.16074875248889], [-0.172771877777778, 51.16075424555556], [-0.1727555696, 51.1607576956], [-0.172739806844444, 51.16075910262222], [-0.172724589511111, 51.16075846662222], [-0.1727099176, 51.160755787599996], [-0.172695791111111, 51.16075106555555], [-0.172682210044444, 51.160744300488886], [-0.1726691744, 51.1607354924], [-0.172656684177778, 51.16072464128889], [-0.172644739377778, 51.16071174715555], [-0.17263334, 51.16069681], [-0.172631241555556, 51.16068905537777], [-0.172629396888889, 51.160681106177776], [-0.172627806, 51.1606729624], [-0.172626468888889, 51.16066462404445], [-0.172625385555556, 51.160656091111115], [-0.172624556, 51.1606473636], [-0.172623980222222, 51.16063844151111], [-0.172623658222222, 51.16062932484444], [-0.17262359, 51.160620013599996], [-0.172623775555556, 51.16061050777778], [-0.172624214888889, 51.160600807377776], [-0.172624908, 51.160590912400004], [-0.172625854888889, 51.16058082284445], [-0.172627055555556, 51.16057053871112], [-0.17262851, 51.16056006], [-0.172632422533333, 51.16055143537778], [-0.172637101466667, 51.160542868177785], [-0.1726425468, 51.160534358400014], [-0.172648758533333, 51.16052590604445], [-0.172655736666667, 51.16051751111112], [-0.1726634812, 51.16050917359999], [-0.172671992133333, 51.16050089351111], [-0.172681269466667, 51.16049267084444], [-0.1726913132, 51.160484505599996], [-0.172702123333333, 51.160476397777785], [-0.172713699866667, 51.16046834737777], [-0.1727260428, 51.1604603544], [-0.172739152133333, 51.16045241884444], [-0.172753027866667, 51.16044454071111], [-0.17276767, 51.16043672], [-0.17280875, 51.16041804], [-0.17294997, 51.16042673], [-0.172963976488889, 51.16042723133334], [-0.172976827955556, 51.16042675933333], [-0.1729885244, 51.160425314], [-0.172999065822222, 51.16042289533333], [-0.173008452222222, 51.16041950333334], [-0.1730166836, 51.160415138], [-0.173023759955556, 51.16040979933334], [-0.173029681288889, 51.16040348733333], [-0.1730344476, 51.160396202], [-0.173038058888889, 51.16038794333333], [-0.173040515155556, 51.16037871133334], [-0.1730418164, 51.160368506], [-0.173041962622222, 51.16035732733334], [-0.173040953822222, 51.16034517533333], [-0.17303879, 51.16033205], [-0.173038805866667, 51.160329684622226], [-0.1730391228, 51.160327396488896], [-0.1730397408, 51.16032518560001], [-0.173040659866667, 51.16032305195556], [-0.17304188, 51.16032099555557], [-0.1730434012, 51.160319016399995], [-0.173045223466667, 51.16031711448889], [-0.1730473468, 51.160315289822236], [-0.1730497712, 51.16031354240001], [-0.173052496666667, 51.16031187222223], [-0.1730555232, 51.16031027928889], [-0.1730588508, 51.16030876360001], [-0.173062479466667, 51.16030732515556], [-0.1730664092, 51.16030596395556], [-0.17307064, 51.16030468], [-0.17320826, 51.16026056], [-0.173212562311111, 51.160259210444444], [-0.173216567911111, 51.16025773777778], [-0.1732202768, 51.160256142], [-0.173223688977778, 51.16025442311112], [-0.173226804444444, 51.160252581111116], [-0.1732296232, 51.160250616], [-0.173232145244444, 51.16024852777778], [-0.173234370577778, 51.16024631644445], [-0.1732362992, 51.160243982], [-0.173237931111111, 51.16024152444445], [-0.173239266311111, 51.160238943777784], [-0.1732403048, 51.16023624], [-0.173241046577778, 51.160233413111115], [-0.173241491644444, 51.16023046311111], [-0.17324164, 51.16022739], [-0.173243054133333, 51.160211455377784], [-0.173244968533333, 51.16019611551111], [-0.1732473832, 51.16018137040001], [-0.173250298133333, 51.16016722004446], [-0.173253713333333, 51.16015366444445], [-0.1732576288, 51.16014070359999], [-0.173262044533333, 51.16012833751112], [-0.173266960533333, 51.16011656617778], [-0.1732723768, 51.160105389600005], [-0.173278293333333, 51.16009480777778], [-0.173284710133333, 51.160084820711106], [-0.1732916272, 51.160075428400006], [-0.173299044533333, 51.160066630844454], [-0.173306962133333, 51.160058428044444], [-0.17331538, 51.16005082], [-0.17346843, 51.15992422], [-0.17320483, 51.15987135], [-0.17316555, 51.1601795], [-0.173164698222222, 51.16018419782222], [-0.173163532222222, 51.160188701955555], [-0.173162052, 51.1601930124], [-0.173160257555556, 51.160197129155556], [-0.173158148888889, 51.160201052222234], [-0.173155726, 51.1602047816], [-0.173152988888889, 51.16020831728889], [-0.173149937555556, 51.16021165928889], [-0.173146572, 51.1602148076], [-0.173142892222222, 51.16021776222223], [-0.173138898222222, 51.16022052315556], [-0.17313459, 51.1602230904], [-0.173129967555556, 51.16022546395556], [-0.173125030888889, 51.16022764382223], [-0.17311978, 51.16022963], [-0.17298153, 51.16028342], [-0.17295515, 51.16028186], [-0.172952496755556, 51.16028166880001], [-0.172949923688889, 51.16028154319999], [-0.1729474308, 51.1602814832], [-0.172945018088889, 51.160281488799995], [-0.172942685555556, 51.16028156], [-0.1729404332, 51.1602816968], [-0.172938261022222, 51.1602818992], [-0.172936169022222, 51.1602821672], [-0.1729341572, 51.160282500799994], [-0.172932225555556, 51.1602829], [-0.172930374088889, 51.160283364799994], [-0.1729286028, 51.16028389520001], [-0.172926911688889, 51.1602844912], [-0.172925300755556, 51.1602851528], [-0.17292377, 51.16028588], [-0.17269925, 51.16038468], [-0.17269208, 51.16041247], [-0.17250107, 51.16061048], [-0.17249182, 51.1607232], [-0.172492151822222, 51.160732044844444], [-0.172493419288889, 51.160740718044444], [-0.1724956224, 51.16074921960001], [-0.172498761155556, 51.160757549511125], [-0.172502835555556, 51.16076570777779], [-0.1725078456, 51.16077369440001], [-0.172513791288889, 51.16078150937778], [-0.172520672622222, 51.16078915271111], [-0.1725284896, 51.16079662439999], [-0.172537242222222, 51.16080392444445], [-0.172546930488889, 51.160811052844444], [-0.1725575544, 51.16081800960001], [-0.172569113955556, 51.16082479471111], [-0.172581609155556, 51.160831408177785], [-0.17259504, 51.16083785], [-0.17289145, 51.16098472], [-0.17335475, 51.16144083], [-0.173361653377778, 51.16150380311111], [-0.173361920844444, 51.16156168244444], [-0.1733555524, 51.161614468], [-0.173342548044444, 51.16166215977778], [-0.173322907777778, 51.161704757777784], [-0.1732966316, 51.161742262], [-0.173263719511111, 51.16177467244445], [-0.173224171511111, 51.161801989111105], [-0.1731779876, 51.161824212], [-0.173125167777778, 51.16184134111111], [-0.173065712044444, 51.16185337644444], [-0.1729996204, 51.161860318], [-0.172926892844444, 51.16186216577778], [-0.172847529377778, 51.161858919777785], [-0.17276153, 51.16185058], [-0.17290079, 51.1619611], [-0.172960429066667, 51.161963091333334], [-0.1730171676, 51.161960852], [-0.1730710056, 51.161954382], [-0.173121943066667, 51.16194368133335], [-0.17316998, 51.16192875], [-0.1732151164, 51.161909588], [-0.173257352266667, 51.16188619533333], [-0.1732966876, 51.161858572], [-0.1733331224, 51.161826718], [-0.173366656666667, 51.16179063333333], [-0.1733972904, 51.161750318], [-0.1734250236, 51.161705772], [-0.173449856266667, 51.16165699533333], [-0.1734717884, 51.161603988], [-0.17349082, 51.16154675], [-0.173491285422222, 51.16154537973333], [-0.173491831022222, 51.1615442236], [-0.1734924568, 51.16154328160001], [-0.173493162755556, 51.16154255373334], [-0.173493948888889, 51.161542040000015], [-0.1734948152, 51.161541740400004], [-0.173495761688889, 51.16154165493333], [-0.173496788355556, 51.16154178359999], [-0.1734978952, 51.1615421264], [-0.173499082222222, 51.16154268333334], [-0.173500349422222, 51.161543454400004], [-0.1735016968, 51.16154443960001], [-0.173503124355556, 51.16154563893333], [-0.173504632088889, 51.1615470524], [-0.17350622, 51.16154868], [-0.17376543, 51.16179953], [-0.173781120755556, 51.1618125552889], [-0.173796555688889, 51.161824919155556], [-0.1738117348, 51.1618366216], [-0.173826658088889, 51.16184766262222], [-0.173841325555556, 51.16185804222223], [-0.1738557372, 51.16186776040001], [-0.173869893022222, 51.16187681715556], [-0.173883793022222, 51.16188521248889], [-0.1738974372, 51.161892946399995], [-0.173910825555556, 51.16190001888889], [-0.173923958088889, 51.16190642995555], [-0.1739368348, 51.16191217960001], [-0.173949455688889, 51.16191726782222], [-0.173961820755556, 51.16192169462222], [-0.17397393, 51.16192546], [-0.173975865466667, 51.1619259804], [-0.173977426533333, 51.16192651226667], [-0.1739786132, 51.16192705560001], [-0.173979425466667, 51.16192761040001], [-0.173979863333333, 51.16192817666668], [-0.1739799268, 51.161928754399995], [-0.173979615866667, 51.1619293436], [-0.173978930533333, 51.16192994426667], [-0.1739778708, 51.161930556399994], [-0.173976436666667, 51.16193118], [-0.173974628133333, 51.161931815066666], [-0.1739724452, 51.1619324616], [-0.173969887866667, 51.1619331196], [-0.173966956133333, 51.161933789066666], [-0.17396365, 51.16193447], [-0.174041700311111, 51.16194422893333], [-0.174108600577778, 51.16195259373334], [-0.1741643508, 51.1619595644], [-0.174208950977778, 51.16196514093335], [-0.174242401111111, 51.16196932333334], [-0.1742647012, 51.1619721116], [-0.174275851244444, 51.16197350573333], [-0.1742647012, 51.16197211160001], [-0.174242401111111, 51.16196932333334], [-0.174208950977778, 51.16196514093333], [-0.1741643508, 51.1619595644], [-0.174108600577778, 51.16195259373333], [-0.174041700311111, 51.16194422893333], [-0.17396365, 51.16193447], [-0.173881629244444, 51.16192555053333], [-0.173802817644444, 51.16191970413334], [-0.1737272152, 51.161916930800004], [-0.173654821911111, 51.161917230533334], [-0.173585637777778, 51.161920603333336], [-0.1735196628, 51.161927049199996], [-0.173456896977778, 51.161936568133335], [-0.173397340311111, 51.16194916013333], [-0.1733409928, 51.1619648252], [-0.173287854444444, 51.16198356333334], [-0.173237925244444, 51.16200537453334], [-0.1731912052, 51.1620302588], [-0.173147694311111, 51.16205821613333], [-0.173107392577778, 51.162089246533334], [-0.1730703, 51.16212335]]}}, {"type": "Feature", "properties": {"name": "Linear Feature 8", "painted_line_type": "DOUBLE_SOLID_YELLOW", "lighting_line_type": null}, "geometry": {"type": "LineString", "coordinates": [[-0.17929719, 51.16363833], [-0.17922504, 51.16364755], [-0.179217249733333, 51.16364888204444], [-0.1792097136, 51.16364960084445], [-0.1792024316, 51.1636497064], [-0.179195403733333, 51.16364919871112], [-0.17918863, 51.163648077777786], [-0.1791821104, 51.16364634360001], [-0.179175844933333, 51.163643996177775], [-0.1791698336, 51.163641035511105], [-0.1791640764, 51.1636374616], [-0.179158573333333, 51.16363327444445], [-0.1791533244, 51.163628474044444], [-0.1791483296, 51.163623060400006], [-0.179143588933333, 51.16361703351111], [-0.1791391024, 51.16361039337778], [-0.17913487, 51.16360314], [-0.17884389, 51.16278667], [-0.178838434622222, 51.16276911155556], [-0.178834159155556, 51.16275196155556], [-0.1788310636, 51.16273522], [-0.178829147955556, 51.1627188868889], [-0.178828412222222, 51.162702962222234], [-0.1788288564, 51.162687446], [-0.178830480488889, 51.16267233822223], [-0.178833284488889, 51.16265763888889], [-0.1788372684, 51.162643348], [-0.178842432222222, 51.162629465555554], [-0.178848775955556, 51.162615991555555], [-0.1788562996, 51.162602926], [-0.178865003155556, 51.16259026888889], [-0.178874886622222, 51.16257802022223], [-0.17888595, 51.16256618], [-0.178889979066667, 51.16256276137778], [-0.1788940476, 51.162559950844454], [-0.1788981556, 51.162557748400005], [-0.178902303066667, 51.16255615404445], [-0.17890649, 51.162555167777775], [-0.1789107164, 51.16255478960001], [-0.178914982266667, 51.16255501951111], [-0.1789192876, 51.16255585751111], [-0.1789236324, 51.162557303599996], [-0.178928016666667, 51.16255935777778], [-0.1789324404, 51.16256202004445], [-0.1789369036, 51.1625652904], [-0.178941406266667, 51.16256916884444], [-0.1789459484, 51.16257365537778], [-0.17895053, 51.16257875]]}}, {"type": "Feature", "properties": {"name": "Linear Feature 8", "painted_line_type": "DOUBLE_SOLID_YELLOW", "lighting_line_type": null}, "geometry": {"type": "LineString", "coordinates": [[-0.17907708, 51.1636437], [-0.17876594, 51.16274531], [-0.178762318533333, 51.16273040022222], [-0.1787597608, 51.162715732222225], [-0.1787582668, 51.162701306], [-0.178757836533333, 51.162687121555564], [-0.17875847, 51.16267317888889], [-0.1787601672, 51.162659478], [-0.178762928133333, 51.16264601888889], [-0.1787667528, 51.16263280155556], [-0.1787716412, 51.162619826], [-0.178777593333333, 51.16260709222222], [-0.1787846092, 51.16259460022222], [-0.1787926888, 51.16258235], [-0.178801832133333, 51.16257034155555], [-0.1788120392, 51.16255857488889], [-0.17882331, 51.16254705], [-0.178829032444444, 51.16254049924444], [-0.178833581111111, 51.162534345644445], [-0.178836956, 51.1625285892], [-0.178839157111111, 51.16252322991111], [-0.178840184444444, 51.162518267777784], [-0.178840038, 51.1625137028], [-0.178838717777778, 51.16250953497778], [-0.178836223777778, 51.162505764311106], [-0.178832556, 51.1625023908], [-0.178827714444444, 51.16249941444445], [-0.178821699111111, 51.16249683524444], [-0.17881451, 51.1624946532], [-0.178806147111111, 51.16249286831111], [-0.178796610444444, 51.162491480577785], [-0.1787859, 51.16249049], [-0.17857948, 51.1625106], [-0.178571184933333, 51.1625125352], [-0.178564113066667, 51.162514652800006], [-0.1785582644, 51.1625169528], [-0.178553638933333, 51.1625194352], [-0.178550236666667, 51.1625221], [-0.1785480576, 51.162524947200005], [-0.178547101733333, 51.16252797680001], [-0.178547369066667, 51.1625311888], [-0.1785488596, 51.16253458319999], [-0.178551573333333, 51.16253816], [-0.178555510266667, 51.162541919199995], [-0.1785606704, 51.1625458608], [-0.178567053733333, 51.162549984799995], [-0.178574660266667, 51.162554291199996], [-0.17858349, 51.16255878], [-0.178592388977778, 51.16257906684444], [-0.178598597911111, 51.16259859404444], [-0.1786021168, 51.162617361600006], [-0.178602945644444, 51.162635369511115], [-0.178601084444444, 51.16265261777779], [-0.1785965332, 51.1626691064], [-0.178589291911111, 51.162684835377775], [-0.178579360577778, 51.16269980471111], [-0.1785667392, 51.162714014399995], [-0.178551427777778, 51.162727464444444], [-0.178533426311111, 51.16274015484444], [-0.1785127348, 51.162752085600005], [-0.178489353244444, 51.162763256711116], [-0.178463281644444, 51.16277366817778], [-0.17843452, 51.16278332], [-0.17794494, 51.16285767], [-0.177935440755556, 51.16285930906667], [-0.177926823022222, 51.16286141026667], [-0.1779190868, 51.162863973600004], [-0.177912232088889, 51.16286699906668], [-0.177906258888889, 51.16287048666667], [-0.1779011672, 51.1628744364], [-0.177896957022222, 51.16287884826667], [-0.177893628355556, 51.16288372226667], [-0.1778911812, 51.162889058400005], [-0.177889615555556, 51.16289485666667], [-0.177888931422222, 51.16290111706667], [-0.1778891288, 51.16290783960001], [-0.177890207688889, 51.16291502426667], [-0.177892168088889, 51.162922671066674], [-0.17789501, 51.16293078], [-0.17816499, 51.16371197], [-0.178169787155556, 51.16372359888889], [-0.178175199955556, 51.16373422155556], [-0.1781812284, 51.163743838], [-0.178187872488889, 51.163752448222226], [-0.178195132222222, 51.16376005222222], [-0.1782030076, 51.16376665], [-0.178211498622222, 51.163772241555556], [-0.178220605288889, 51.163776826888885], [-0.1782303276, 51.163780406], [-0.178240665555556, 51.16378297888889], [-0.178251619155556, 51.16378454555556], [-0.1782631884, 51.163785106], [-0.178275373288889, 51.16378466022223], [-0.178288173822222, 51.16378320822222], [-0.17830159, 51.16378075], [-0.17900659, 51.16368004], [-0.17895337, 51.16374155], [-0.17804796, 51.16386951], [-0.178031211022222, 51.16387137342222], [-0.178015166755556, 51.16387240635556], [-0.1779998272, 51.163872608800006], [-0.177985192355556, 51.163871980755566], [-0.177971262222222, 51.163870522222226], [-0.1779580368, 51.1638682332], [-0.177945516088889, 51.163865113688885], [-0.177933700088889, 51.163861163688885], [-0.1779225888, 51.1638563832], [-0.177912182222222, 51.16385077222222], [-0.177902480355556, 51.16384433075555], [-0.1778934832, 51.1638370588], [-0.177885190755556, 51.16382895635555], [-0.177877603022222, 51.163820023422225], [-0.17787072, 51.16381026], [-0.17792605, 51.16380283], [-0.177932816622222, 51.163807090088895], [-0.177939743155556, 51.16381098235556], [-0.1779468296, 51.16381450680001], [-0.177954075955556, 51.16381766342222], [-0.177961482222222, 51.16382045222223], [-0.1779690484, 51.163822873200004], [-0.177976774488889, 51.16382492635556], [-0.177984660488889, 51.16382661168889], [-0.1779927064, 51.163827929199996], [-0.178000912222222, 51.16382887888889], [-0.178009277955556, 51.16382946075555], [-0.1780178036, 51.1638296748], [-0.178026489155556, 51.16382952102222], [-0.178035334622222, 51.16382899942222], [-0.17804434, 51.16382811], [-0.178053069066667, 51.16382691831111], [-0.1780610856, 51.16382548991111], [-0.1780683896, 51.163823824800005], [-0.178074981066667, 51.163821922977775], [-0.17808086, 51.16381978444445], [-0.1780860264, 51.16381740919999], [-0.178090480266667, 51.163814797244434], [-0.1780942216, 51.16381194857778], [-0.1780972504, 51.1638088632], [-0.178099566666667, 51.16380554111112], [-0.1781011704, 51.16380198231111], [-0.1781020616, 51.16379818680001], [-0.178102240266667, 51.16379415457777], [-0.1781017064, 51.16378988564444], [-0.17810046, 51.16378538], [-0.17799345, 51.16346016], [-0.177992221688889, 51.1634569384], [-0.177990640755556, 51.1634539456], [-0.1779887072, 51.16345118160001], [-0.177986421022222, 51.163448646400006], [-0.177983782222222, 51.16344634], [-0.1779807908, 51.16344426239999], [-0.177977446755556, 51.163442413599995], [-0.177973750088889, 51.1634407936], [-0.1779697008, 51.1634394024], [-0.177965298888889, 51.16343824], [-0.177960544355556, 51.1634373064], [-0.1779554372, 51.1634366016], [-0.177949977422222, 51.1634361256], [-0.177944165022222, 51.1634358784], [-0.177938, 51.16343586], [-0.17784915, 51.1634455], [-0.177844506755556, 51.16344610368889], [-0.177840225022222, 51.16344690675556], [-0.1778363048, 51.16344790920001], [-0.177832746088889, 51.16344911102223], [-0.177829548888889, 51.163450512222234], [-0.1778267132, 51.163452112799995], [-0.177824239022222, 51.16345391275556], [-0.177822126355556, 51.16345591208889], [-0.1778203752, 51.16345811080001], [-0.177818985555556, 51.16346050888889], [-0.177817957422222, 51.16346310635556], [-0.1778172908, 51.163465903200006], [-0.177816985688889, 51.16346889942223], [-0.177817042088889, 51.16347209502222], [-0.17781746, 51.16347549], [-0.17775664, 51.16348366], [-0.1777564868, 51.16347629777777], [-0.177757013866667, 51.16346938444445], [-0.1777582212, 51.163462920000015], [-0.1777601088, 51.163456904444445], [-0.177762676666667, 51.163451337777786], [-0.1777659248, 51.16344622], [-0.1777698532, 51.16344155111111], [-0.177774461866667, 51.16343733111112], [-0.1777797508, 51.16343356], [-0.17778572, 51.16343023777779], [-0.177792369466667, 51.16342736444445], [-0.1777996992, 51.16342494], [-0.1778077092, 51.16342296444445], [-0.177816399466667, 51.16342143777778], [-0.17782577, 51.16342036], [-0.17793633, 51.16340934], [-0.177940395377778, 51.16340895684444], [-0.177944178177778, 51.16340850604445], [-0.1779476784, 51.1634079876], [-0.177950896044444, 51.16340740151112], [-0.177953831111111, 51.16340674777777], [-0.1779564836, 51.1634060264], [-0.177958853511111, 51.16340523737777], [-0.177960940844444, 51.163404380711114], [-0.1779627456, 51.163403456400005], [-0.177964267777778, 51.163402464444445], [-0.177965507377778, 51.163401404844436], [-0.1779664644, 51.1634002776], [-0.177967138844444, 51.16339908271111], [-0.177967530711111, 51.16339782017778], [-0.17796764, 51.16339649], [-0.17780971, 51.16292949], [-0.17775869, 51.16282393], [-0.17836059, 51.16274644], [-0.178369235644444, 51.16274477], [-0.178377727244444, 51.16274270666667], [-0.1783860648, 51.16274025000001], [-0.178394248311111, 51.1627374], [-0.178402277777778, 51.162734156666666], [-0.1784101532, 51.16273052], [-0.178417874577778, 51.16272649], [-0.178425441911111, 51.162722066666674], [-0.1784328552, 51.16271725], [-0.178440114444444, 51.16271204], [-0.178447219644444, 51.16270643666667], [-0.1784541708, 51.16270044], [-0.178460967911111, 51.16269405], [-0.178467610977778, 51.162687266666666], [-0.1784741, 51.16268009], [-0.178476741333333, 51.16267625702223], [-0.178479142666667, 51.16267224342222], [-0.178481304, 51.162668049200015], [-0.178483225333333, 51.162663674355564], [-0.178484906666667, 51.1626591188889], [-0.178486348, 51.16265438280001], [-0.178487549333333, 51.162649466088894], [-0.178488510666667, 51.16264436875556], [-0.178489232, 51.1626390908], [-0.178489713333333, 51.162633632222224], [-0.178489954666667, 51.16262799302223], [-0.178489956, 51.162622173200006], [-0.178489717333333, 51.162616172755556], [-0.178489238666667, 51.162609991688896], [-0.17848852, 51.16260363], [-0.1784664, 51.16251254], [-0.178466377511111, 51.162508809555554], [-0.178466651377778, 51.16250529022222], [-0.1784672216, 51.162501982], [-0.178468088177778, 51.1624988848889], [-0.178469251111111, 51.16249599888889], [-0.1784707104, 51.162493324], [-0.178472466044444, 51.16249086022222], [-0.178474518044444, 51.162488607555545], [-0.1784768664, 51.162486566], [-0.178479511111111, 51.16248473555555], [-0.178482452177778, 51.16248311622222], [-0.1784856896, 51.162481708], [-0.178489223377778, 51.162480510888884], [-0.178493053511111, 51.16247952488889], [-0.17849718, 51.16247875], [-0.17871073, 51.16244859], [-0.17877037, 51.16243532], [-0.178777343688889, 51.162434740133335], [-0.178784179422222, 51.16243426453334], [-0.1787908772, 51.16243389320001], [-0.178797437022222, 51.16243362613334], [-0.178803858888889, 51.16243346333334], [-0.1788101428, 51.1624334048], [-0.178816288755556, 51.162433450533335], [-0.178822296755556, 51.16243360053333], [-0.1788281668, 51.1624338548], [-0.178833898888889, 51.16243421333334], [-0.178839493022222, 51.16243467613333], [-0.1788449492, 51.16243524320001], [-0.178850267422222, 51.16243591453333], [-0.178855447688889, 51.16243669013333], [-0.17886049, 51.16243757], [-0.178885018266667, 51.16244511128889], [-0.178908075066667, 51.16245230582223], [-0.1789296604, 51.162459153600004], [-0.178949774266667, 51.16246565462223], [-0.178968416666667, 51.162471808888895], [-0.1789855876, 51.16247761640001], [-0.179001287066667, 51.162483077155564], [-0.179015515066667, 51.16248819115556], [-0.1790282716, 51.16249295840001], [-0.179039556666667, 51.1624973788889], [-0.179049370266667, 51.16250145262222], [-0.1790577124, 51.16250517960001], [-0.179064583066667, 51.16250855982223], [-0.179069982266667, 51.1625115932889], [-0.17907391, 51.16251428]]}}, {"type": "Feature", "properties": {"name": "Linear Feature 7", "painted_line_type": "DOUBLE_SOLID_YELLOW", "lighting_line_type": null}, "geometry": {"type": "LineString", "coordinates": [[-0.17986803, 51.16346082], [-0.179846610755556, 51.16345027906666], [-0.179825961022222, 51.16343956826666], [-0.1798060808, 51.1634286876], [-0.179786970088889, 51.16341763706667], [-0.179768628888889, 51.16340641666668], [-0.1797510572, 51.1633950264], [-0.179734255022222, 51.163383466266666], [-0.179718222355556, 51.16337173626667], [-0.1797029592, 51.163359836400005], [-0.179688465555556, 51.163347766666675], [-0.179674741422222, 51.163335527066664], [-0.1796617868, 51.1633231176], [-0.179649601688889, 51.16331053826667], [-0.179638186088889, 51.16329778906667], [-0.17962754, 51.16328487], [-0.179625095866667, 51.163281858], [-0.179622390133333, 51.16327912066667], [-0.1796194228, 51.163276658], [-0.179616193866667, 51.16327447], [-0.179612703333333, 51.16327255666667], [-0.1796089512, 51.163270918], [-0.179604937466667, 51.163269554], [-0.179600662133333, 51.16326846466668], [-0.1795961252, 51.16326765], [-0.179591326666667, 51.16326711], [-0.179586266533333, 51.163266844666666], [-0.1795809448, 51.163266854], [-0.179575361466667, 51.163267138], [-0.179569516533333, 51.16326769666667], [-0.17956341, 51.16326853], [-0.17942383, 51.16329103], [-0.17939686, 51.16320701], [-0.17950508, 51.16318815], [-0.1795116312, 51.16318649648889], [-0.1795175168, 51.16318457328889], [-0.1795227368, 51.1631823804], [-0.1795272912, 51.163179917822234], [-0.17953118, 51.163177185555575], [-0.1795344032, 51.163174183600006], [-0.1795369608, 51.163170911955554], [-0.1795388528, 51.16316737062222], [-0.1795400792, 51.163163559599994], [-0.17954064, 51.16315947888889], [-0.1795405352, 51.16315512848889], [-0.1795397648, 51.1631505084], [-0.1795383288, 51.16314561862222], [-0.1795362272, 51.16314045915556], [-0.17953346, 51.16313503], [-0.179523088844444, 51.16309954226667], [-0.179512284711111, 51.163064209733335], [-0.1795010476, 51.163029032400004], [-0.179489377511111, 51.16299401026667], [-0.179477274444444, 51.16295914333334], [-0.1794647384, 51.162924431600004], [-0.179451769377778, 51.16288987506667], [-0.179438367377778, 51.16285547373334], [-0.1794245324, 51.162821227600006], [-0.179410264444444, 51.162787136666665], [-0.179395563511111, 51.16275320093333], [-0.1793804296, 51.1627194204], [-0.179364862711111, 51.162685795066665], [-0.179348862844444, 51.16265232493333], [-0.17933243, 51.16261901], [-0.179329834711111, 51.16261533026667], [-0.179327030177778, 51.16261192040001], [-0.1793240164, 51.162608780400014], [-0.179320793377778, 51.16260591026668], [-0.179317361111111, 51.16260331], [-0.1793137196, 51.1626009796], [-0.179309868844444, 51.16259891906667], [-0.179305808844444, 51.1625971284], [-0.1793015396, 51.16259560760001], [-0.179297061111111, 51.16259435666667], [-0.179292373377778, 51.162593375600004], [-0.1792874764, 51.16259266440001], [-0.179282370177778, 51.16259222306667], [-0.179277054711111, 51.1625920516], [-0.17927153, 51.16259215], [-0.17916962, 51.16260113], [-0.179163937111111, 51.16260136733334], [-0.179158224444444, 51.162601378], [-0.179152482, 51.162601162], [-0.179146709777778, 51.16260071933334], [-0.179140907777778, 51.16260005], [-0.179135076, 51.162599154], [-0.179129214444444, 51.16259803133334], [-0.179123323111111, 51.162596682], [-0.179117402, 51.162595106], [-0.179111451111111, 51.16259330333334], [-0.179105470444444, 51.162591274], [-0.17909946, 51.162589018], [-0.179093419777778, 51.16258653533333], [-0.179087349777778, 51.162583826], [-0.17908125, 51.16258089], [-0.1790198, 51.16254528], [-0.17907391, 51.16251428], [-0.17912201, 51.16255073], [-0.179128585558519, 51.16255407558815], [-0.179136771268148, 51.162556866171855], [-0.17914623568, 51.16255905048001], [-0.179156647345185, 51.162560577241486], [-0.179167674814815, 51.16256139518519], [-0.17917898664, 51.162561453040006], [-0.179190251371852, 51.16256069953481], [-0.179201137561482, 51.16255908339851], [-0.17921131376, 51.162556553360005], [-0.179220448518519, 51.16255305814815], [-0.179228210388148, 51.16254854649185], [-0.17923426792, 51.162542967120004], [-0.179238289665185, 51.162536268761485], [-0.179239944174815, 51.162528400145185], [-0.1792389, 51.16251931], [-0.179236836977778, 51.162512995111115], [-0.179233986577778, 51.162507007777776], [-0.1792303488, 51.162501348], [-0.179225923644444, 51.16249601577779], [-0.179220711111111, 51.162491011111115], [-0.1792147112, 51.162486334], [-0.179207923911111, 51.16248198444445], [-0.179200349244444, 51.16247796244445], [-0.1791919872, 51.162474268], [-0.179182837777778, 51.162470901111114], [-0.179172900977778, 51.16246786177777], [-0.1791621768, 51.16246515], [-0.179150665244444, 51.162462765777775], [-0.179138366311111, 51.162460709111116], [-0.17912528, 51.16245898], [-0.17900838, 51.16234343], [-0.1789502808, 51.16231102293334], [-0.1788912632, 51.16228148973334], [-0.1788313272, 51.162254830400016], [-0.1787704728, 51.162231044933336], [-0.1787087, 51.16221013333334], [-0.1786460088, 51.162192095600005], [-0.1785823992, 51.16217693173334], [-0.1785178712, 51.16216464173334], [-0.1784524248, 51.1621552256], [-0.17838606, 51.16214868333334], [-0.1783187768, 51.16214501493334], [-0.1782505752, 51.16214422040001], [-0.1781814552, 51.16214629973334], [-0.1781114168, 51.16215125293334], [-0.17804046, 51.16215908], [-0.1759604, 51.16244097], [-0.175947426488889, 51.16244335182222], [-0.175934241955556, 51.162445883955556], [-0.1759208464, 51.1624485664], [-0.175907239822222, 51.162451399155565], [-0.175893422222222, 51.16245438222223], [-0.1758793936, 51.162457515599996], [-0.175865153955556, 51.16246079928889], [-0.175850703288889, 51.16246423328889], [-0.1758360416, 51.162467817599996], [-0.175821168888889, 51.16247155222222], [-0.175806085155556, 51.16247543715555], [-0.1757907904, 51.1624794724], [-0.175775284622222, 51.16248365795555], [-0.175759567822222, 51.162487993822225], [-0.17574364, 51.16249248], [-0.17547376, 51.1625704], [-0.1754671444, 51.16257224515556], [-0.1754598896, 51.16257411395556], [-0.1754519956, 51.16257600640001], [-0.1754434624, 51.16257792248889], [-0.17543429, 51.16257986222222], [-0.1754244784, 51.1625818256], [-0.1754140276, 51.16258381262223], [-0.1754029376, 51.162585823288886], [-0.1753912084, 51.1625878576], [-0.17537884, 51.16258991555556], [-0.1753658324, 51.16259199715556], [-0.1753521856, 51.16259410240001], [-0.1753378996, 51.16259623128889], [-0.1753229744, 51.16259838382223], [-0.17530741, 51.16260056], [-0.175296277688889, 51.162602741911115], [-0.175286038088889, 51.162605562311114], [-0.1752766912, 51.16260902120001], [-0.175268237022222, 51.16261311857779], [-0.175260675555556, 51.16261785444445], [-0.1752540068, 51.162623228799994], [-0.175248230755556, 51.16262924164444], [-0.175243347422222, 51.16263589297778], [-0.1752393568, 51.162643182800004], [-0.175236258888889, 51.16265111111111], [-0.175234053688889, 51.16265967791111], [-0.1752327412, 51.1626688832], [-0.175232321422222, 51.16267872697778], [-0.175232794355556, 51.16268920924445], [-0.17523416, 51.16270033], [-0.17531989, 51.16287524], [-0.175322035244444, 51.16287798031111], [-0.175324550977778, 51.16288064124445], [-0.1753274372, 51.16288322280001], [-0.175330693911111, 51.16288572497779], [-0.175334321111111, 51.16288814777778], [-0.1753383188, 51.162890491199995], [-0.175342686977778, 51.16289275524444], [-0.175347425644444, 51.16289493991112], [-0.1753525348, 51.1628970452], [-0.175358014444444, 51.16289907111111], [-0.175363864577778, 51.162901017644444], [-0.1753700852, 51.162902884800005], [-0.175376676311111, 51.16290467257778], [-0.175383637911111, 51.16290638097779], [-0.17539097, 51.16290801], [-0.17546513, 51.16292172], [-0.175468986622222, 51.16292231222223], [-0.175473252488889, 51.162922739555555], [-0.1754779276, 51.162923002], [-0.175483011955556, 51.16292309955556], [-0.175488505555556, 51.162923032222224], [-0.1754944084, 51.1629228], [-0.175500720488889, 51.162922402888896], [-0.175507441822222, 51.162921840888885], [-0.1755145724, 51.162921114], [-0.175522112222222, 51.16292022222222], [-0.175530061288889, 51.16291916555556], [-0.1755384196, 51.162917944], [-0.175547187155556, 51.162916557555555], [-0.175556363955556, 51.16291500622223], [-0.17556595, 51.16291329], [-0.175558894, 51.162915075777775], [-0.175552846, 51.16291660644444], [-0.175547806, 51.162917882], [-0.175543774, 51.16291890244444], [-0.17554075, 51.162919667777786], [-0.175538734, 51.162920178], [-0.175537726, 51.16292043311112], [-0.175537726, 51.162920433111104], [-0.175538734, 51.162920178], [-0.17554075, 51.16291966777778], [-0.175543774, 51.162918902444446], [-0.175547806, 51.162917882], [-0.175552846, 51.16291660644445], [-0.175558894, 51.16291507577778], [-0.17556595, 51.16291329], [-0.175573327688889, 51.16291121253333], [-0.175580340755556, 51.162908806800004], [-0.1755869892, 51.162906072800006], [-0.175593273022222, 51.16290301053334], [-0.175599192222222, 51.16289962], [-0.1756047468, 51.1628959012], [-0.175609936755556, 51.162891854133335], [-0.175614762088889, 51.1628874788], [-0.1756192228, 51.162882775199996], [-0.175623318888889, 51.162877743333325], [-0.175627050355556, 51.162872383199996], [-0.1756304172, 51.1628666948], [-0.175633419422222, 51.162860678133335], [-0.175636057022222, 51.162854333199995], [-0.17563833, 51.16284766], [-0.17563053, 51.16269719], [-0.175629646933333, 51.162679188888895], [-0.175630637733333, 51.16266209755556], [-0.1756335024, 51.16264591600001], [-0.175638240933333, 51.16263064422223], [-0.175644853333333, 51.162616282222224], [-0.1756533396, 51.16260283], [-0.175663699733333, 51.16259028755556], [-0.175675933733333, 51.16257865488888], [-0.1756900416, 51.162567932], [-0.175706023333333, 51.162558118888896], [-0.175723878933333, 51.16254921555555], [-0.1757436084, 51.162541222], [-0.175765211733333, 51.16253413822222], [-0.175788688933333, 51.16252796422222], [-0.17581404, 51.1625227], [-0.17651907, 51.16241513], [-0.17656405, 51.16255201], [-0.176557178355556, 51.16254330693334], [-0.176549774088889, 51.162535352400006], [-0.1765418372, 51.162528146400014], [-0.176533367688889, 51.16252168893334], [-0.176524365555556, 51.16251598], [-0.1765148308, 51.162511019600004], [-0.176504763422222, 51.16250680773334], [-0.176494163422222, 51.1625033444], [-0.1764830308, 51.162500629600004], [-0.176471365555556, 51.16249866333333], [-0.176459167688889, 51.162497445599996], [-0.1764464372, 51.1624969764], [-0.176433174088889, 51.16249725573333], [-0.176419378355556, 51.1624982836], [-0.17640505, 51.16250006], [-0.17585417, 51.1625789], [-0.175835744755556, 51.162582413688895], [-0.175818695688889, 51.16258659208889], [-0.1758030228, 51.16259143520001], [-0.175788726088889, 51.16259694302223], [-0.175775805555556, 51.16260311555556], [-0.1757642612, 51.162609952800004], [-0.175754093022222, 51.162617454755555], [-0.175745301022222, 51.16262562142222], [-0.1757378852, 51.162634452800006], [-0.175731845555556, 51.1626439488889], [-0.175727182088889, 51.16265410968889], [-0.1757238948, 51.1626649352], [-0.175721983688889, 51.16267642542223], [-0.175721448755556, 51.16268858035556], [-0.17572229, 51.1627014], [-0.17581781, 51.16296574], [-0.175819739155556, 51.16297016368889], [-0.175822187955556, 51.16297420275556], [-0.1758251564, 51.162977857200005], [-0.175828644488889, 51.16298112702222], [-0.175832652222222, 51.162984012222225], [-0.1758371796, 51.1629865128], [-0.175842226622222, 51.162988628755556], [-0.175847793288889, 51.162990360088884], [-0.1758538796, 51.1629917068], [-0.175860485555556, 51.16299266888889], [-0.175867611155556, 51.162993246355555], [-0.1758752564, 51.162993439199994], [-0.175883421288889, 51.16299324742222], [-0.175892105822222, 51.162992671022224], [-0.17590131, 51.16299171], [-0.17593195, 51.16303164], [-0.1759215128, 51.1630334036], [-0.175911846533333, 51.163035283733336], [-0.1759029512, 51.163037280400005], [-0.1758948268, 51.1630393936], [-0.175887473333333, 51.163041623333335], [-0.1758808908, 51.1630439696], [-0.1758750792, 51.163046432399995], [-0.175870038533333, 51.16304901173333], [-0.1758657688, 51.16305170759999], [-0.17586227, 51.16305452], [-0.175859542133333, 51.16305744893333], [-0.1758575852, 51.1630604944], [-0.1758563992, 51.1630636564], [-0.175855984133333, 51.163066934933326], [-0.17585634, 51.16307033], [-0.175858728888889, 51.163084443955555], [-0.175860330222222, 51.16309800182222], [-0.175861144, 51.1631110036], [-0.175861170222222, 51.163123449288896], [-0.175860408888889, 51.1631353388889], [-0.17585886, 51.1631466724], [-0.175856523555556, 51.16315744982222], [-0.175853399555556, 51.163167671155556], [-0.175849488, 51.163177336400004], [-0.175844788888889, 51.16318644555555], [-0.175839302222222, 51.163194998622224], [-0.175833028, 51.1632029956], [-0.175825966222222, 51.16321043648889], [-0.175818116888889, 51.16321732128889], [-0.17580948, 51.16322365], [-0.175808541155556, 51.16322567755555], [-0.175808076622222, 51.16322764822223], [-0.1758080864, 51.163229562], [-0.175808570488889, 51.16323141888889], [-0.175809528888889, 51.16323321888889], [-0.1758109616, 51.163234962], [-0.175812868622222, 51.163236648222224], [-0.175815249955556, 51.16323827755555], [-0.1758181056, 51.16323985], [-0.175821435555556, 51.163241365555564], [-0.175825239822222, 51.16324282422222], [-0.1758295184, 51.163244226], [-0.175834271288889, 51.16324557088889], [-0.175839498488889, 51.1632468588889], [-0.1758452, 51.16324809], [-0.175855713244444, 51.163250855600005], [-0.175865727644444, 51.163254032400005], [-0.1758752432, 51.16325762040001], [-0.175884259911111, 51.163261619600014], [-0.175892777777778, 51.16326603000001], [-0.1759007968, 51.16327085160001], [-0.175908316977778, 51.1632760844], [-0.175915338311111, 51.1632817284], [-0.1759218608, 51.163287783600005], [-0.175927884444444, 51.16329425], [-0.175933409244444, 51.16330112760001], [-0.1759384352, 51.16330841640001], [-0.175942962311111, 51.1633161164], [-0.175946990577778, 51.1633242276], [-0.17595052, 51.16333275], [-0.17583258, 51.16331688], [-0.175824437466667, 51.163310327555564], [-0.175815849866667, 51.1633044008889], [-0.1758068172, 51.1632991], [-0.175797339466667, 51.1632944248889], [-0.175787416666667, 51.16329037555556], [-0.1757770488, 51.163286952], [-0.175766235866667, 51.163284154222225], [-0.175754977866667, 51.16328198222223], [-0.1757432748, 51.163280436], [-0.175731126666667, 51.16327951555556], [-0.175718533466667, 51.16327922088889], [-0.1757054952, 51.163279552], [-0.175692011866667, 51.16328050888889], [-0.175678083466667, 51.16328209155556], [-0.17566371, 51.1632843], [-0.175643089377778, 51.16328925346667], [-0.175624155511111, 51.16329488186667], [-0.1756069084, 51.163301185200005], [-0.175591348044444, 51.163308163466674], [-0.175577474444444, 51.163315816666675], [-0.1755652876, 51.1633241448], [-0.175554787511111, 51.163333147866666], [-0.175545974177778, 51.163342825866664], [-0.1755388476, 51.1633531788], [-0.175533407777778, 51.163364206666664], [-0.175529654711111, 51.163375909466666], [-0.1755275884, 51.16338828720001], [-0.175527208844444, 51.16340133986667], [-0.175528516044444, 51.163415067466666], [-0.17553151, 51.16342947], [-0.17536463, 51.16329834], [-0.17548964, 51.16326702], [-0.175511436222222, 51.16325915635556], [-0.175531486222222, 51.16325091475556], [-0.17554979, 51.163242295200014], [-0.175566347555556, 51.1632332976889], [-0.175581158888889, 51.16322392222223], [-0.175594224, 51.16321416880001], [-0.175605542888889, 51.16320403742223], [-0.175615115555556, 51.1631935280889], [-0.175622942, 51.1631826408], [-0.175629022222222, 51.163171375555564], [-0.175633356222222, 51.16315973235555], [-0.175635944, 51.16314771120001], [-0.175636785555556, 51.16313531208889], [-0.175635880888889, 51.163122535022225], [-0.17563323, 51.16310938], [-0.175629042177778, 51.16309652977778], [-0.175623526711111, 51.163084667111114], [-0.1756166836, 51.163073792], [-0.175608512844444, 51.16306390444445], [-0.175599014444444, 51.16305500444445], [-0.1755881884, 51.163047092], [-0.175576034711111, 51.163040167111106], [-0.175562553377778, 51.16303422977778], [-0.1755477444, 51.16302928], [-0.175531607777778, 51.16302531777778], [-0.175514143511111, 51.16302234311111], [-0.1754953516, 51.163020356], [-0.175475232044444, 51.163019356444444], [-0.175453784844444, 51.16301934444445], [-0.17543101, 51.16302032], [-0.17502856, 51.16303393], [-0.175010919466667, 51.163034078], [-0.1749940832, 51.16303366066666], [-0.1749780512, 51.163032678], [-0.174962823466667, 51.16303113], [-0.1749484, 51.16302901666668], [-0.1749347808, 51.163026338], [-0.174921965866667, 51.16302309400001], [-0.1749099552, 51.16301928466667], [-0.1748987488, 51.16301491], [-0.174888346666667, 51.16300997], [-0.1748787488, 51.16300446466667], [-0.1748699552, 51.162998394], [-0.174861965866667, 51.162991758], [-0.1748547808, 51.16298455666667], [-0.1748484, 51.16297679], [-0.17481412, 51.16292418], [-0.174809641022222, 51.16291756048889], [-0.174806420088889, 51.16291068862222], [-0.1748044572, 51.162903564400004], [-0.174803752355556, 51.16289618782222], [-0.174804305555556, 51.162888558888895], [-0.1748061168, 51.16288067759999], [-0.174809186088889, 51.16287254395555], [-0.174813513422222, 51.16286415795555], [-0.1748190988, 51.1628555196], [-0.174825942222222, 51.162846628888886], [-0.174834043688889, 51.16283748582222], [-0.1748434032, 51.1628280904], [-0.174854020755556, 51.162818442622225], [-0.174865896355556, 51.16280854248889], [-0.17487903, 51.16279839], [-0.17497414, 51.16272974], [-0.174977833377778, 51.162727176800004], [-0.174981038844444, 51.1627245752], [-0.1749837564, 51.16272193520001], [-0.174985986044444, 51.1627192568], [-0.174987727777778, 51.16271654], [-0.1749889816, 51.162713784800005], [-0.174989747511111, 51.1627109912], [-0.174990025511111, 51.16270815920001], [-0.1749898156, 51.1627052888], [-0.174989117777778, 51.16270238], [-0.174987932044444, 51.1626994328], [-0.1749862584, 51.1626964472], [-0.174984096844444, 51.1626934232], [-0.174981447377778, 51.1626903608], [-0.17497831, 51.16268726], [-0.17487708, 51.1626189], [-0.174803315466667, 51.16261156515556], [-0.174732085866667, 51.16260253928889], [-0.1746633912, 51.1625918224], [-0.174597231466667, 51.162579414488896], [-0.174533606666667, 51.162565315555554], [-0.1744725168, 51.1625495256], [-0.174413961866667, 51.162532044622225], [-0.174357941866667, 51.16251287262222], [-0.1743044568, 51.1624920096], [-0.174253506666667, 51.16246945555555], [-0.174205091466667, 51.16244521048889], [-0.1741592112, 51.1624192744], [-0.174115865866667, 51.162391647288885], [-0.174075055466667, 51.162362329155556], [-0.17403678, 51.16233132], [-0.17383054, 51.16217339], [-0.17393654, 51.16212107], [-0.174018169822222, 51.16218579311111], [-0.174101515288889, 51.162244807777775], [-0.1741865764, 51.162298114], [-0.174273353155556, 51.16234571177778], [-0.174361845555556, 51.16238760111112], [-0.1744520536, 51.162423782], [-0.174543977288889, 51.16245425444445], [-0.174637616622222, 51.162479018444444], [-0.1747329716, 51.162498074], [-0.174830042222222, 51.16251142111112], [-0.174928828488889, 51.16251905977778], [-0.1750293304, 51.16252099], [-0.175131547955556, 51.16251721177778], [-0.175235481155556, 51.16250772511111], [-0.17534113, 51.16249253], [-0.17577196, 51.16239434], [-0.17799425, 51.16208464], [-0.178009567911111, 51.1620825344], [-0.178024892311111, 51.1620805696], [-0.1780402232, 51.162078745600006], [-0.178055560577778, 51.16207706240001], [-0.178070904444444, 51.16207552], [-0.1780862548, 51.1620741184], [-0.178101611644444, 51.1620728576], [-0.178116974977778, 51.1620717376], [-0.1781323448, 51.162070758400006], [-0.178147721111111, 51.16206992], [-0.178163103911111, 51.16206922239999], [-0.1781784932, 51.1620686656], [-0.178193888977778, 51.162068249600004], [-0.178209291244444, 51.1620679744], [-0.1782247, 51.16206784], [-0.1782298944, 51.16206771071111], [-0.1782347576, 51.16206732284444], [-0.1782392896, 51.16206667640001], [-0.1782434904, 51.16206577137778], [-0.17824736, 51.16206460777777], [-0.1782508984, 51.162063185600005], [-0.1782541056, 51.162061504844445], [-0.1782569816, 51.162059565511115], [-0.1782595264, 51.1620573676], [-0.17826174, 51.16205491111111], [-0.1782636224, 51.16205219604444], [-0.1782651736, 51.1620492224], [-0.1782663936, 51.16204599017777], [-0.1782672824, 51.16204249937778], [-0.17826784, 51.16203875], [-0.17824325, 51.16198609]]}}, {"type": "Feature", "properties": {"name": "Linear Feature 7", "painted_line_type": "DOUBLE_SOLID_YELLOW", "lighting_line_type": null}, "geometry": {"type": "LineString", "coordinates": [[-0.17819803, 51.16193429], [-0.17811856, 51.1617163], [-0.178115141822222, 51.16170722688889], [-0.178112321955556, 51.161698052888894], [-0.1781101004, 51.161688778], [-0.178108477155556, 51.16167940222222], [-0.178107452222222, 51.161669925555564], [-0.1781070256, 51.161660348], [-0.178107197288889, 51.161650669555556], [-0.178107967288889, 51.161640890222216], [-0.1781093356, 51.16163101], [-0.178111302222222, 51.161621028888895], [-0.178113867155556, 51.161610946888885], [-0.1781170304, 51.161600764], [-0.178120791955556, 51.161590480222216], [-0.178125151822222, 51.16158009555556], [-0.17813011, 51.16156961], [-0.178135803333333, 51.16155936253333], [-0.178142368666667, 51.161549692133335], [-0.178149806, 51.16154059880001], [-0.178158115333333, 51.161532082533334], [-0.178167296666667, 51.16152414333334], [-0.17817735, 51.1615167812], [-0.178188275333333, 51.16150999613333], [-0.178200072666667, 51.16150378813333], [-0.178212742, 51.16149815719999], [-0.178226283333333, 51.161493103333335], [-0.178240696666667, 51.161488626533334], [-0.178255982, 51.161484726800005], [-0.178272139333333, 51.16148140413333], [-0.178289168666667, 51.16147865853333], [-0.17830707, 51.16147649], [-0.17938153, 51.16134435], [-0.17938249, 51.16150572], [-0.179376641066667, 51.16149504906667], [-0.179370126266667, 51.161485236266664], [-0.1793629456, 51.16147628160001], [-0.179355099066667, 51.161468185066674], [-0.179346586666667, 51.161460946666665], [-0.1793374084, 51.161454566399996], [-0.179327564266667, 51.16144904426667], [-0.179317054266667, 51.16144438026667], [-0.1793058784, 51.1614405744], [-0.179294036666667, 51.16143762666667], [-0.179281529066667, 51.161435537066666], [-0.1792683556, 51.16143430560001], [-0.179254516266667, 51.16143393226666], [-0.179240011066667, 51.16143441706667], [-0.17922484, 51.16143576], [-0.17832038, 51.16154457], [-0.178303167911111, 51.16154715755555], [-0.178287443644444, 51.16155057622223], [-0.1782732072, 51.161554826], [-0.178260458577778, 51.16155990688889], [-0.178249197777778, 51.16156581888888], [-0.1782394248, 51.16157256199999], [-0.178231139644444, 51.16158013622222], [-0.178224342311111, 51.16158854155555], [-0.1782190328, 51.161597778], [-0.178215211111111, 51.16160784555555], [-0.178212877244444, 51.161618744222224], [-0.1782120312, 51.161630474], [-0.178212672977778, 51.16164303488888], [-0.178214802577778, 51.16165642688889], [-0.17821842, 51.16167065], [-0.17828939, 51.16190964], [-0.178292573155556, 51.161914470044444], [-0.178296421288889, 51.16191886151111], [-0.1783009344, 51.1619228144], [-0.178306112488889, 51.16192632871112], [-0.178311955555556, 51.16192940444445], [-0.1783184636, 51.161932041600004], [-0.178325636622222, 51.161934240177786], [-0.178333474622222, 51.161936000177775], [-0.1783419776, 51.1619373216], [-0.178351145555556, 51.161938204444446], [-0.178360978488889, 51.161938648711114], [-0.1783714764, 51.161938654400004], [-0.178382639288889, 51.16193822151111], [-0.178394467155556, 51.16193735004445], [-0.17840696, 51.16193604], [-0.17860422, 51.16191054], [-0.17859861, 51.16195377], [-0.17841665, 51.1619769], [-0.178408474133333, 51.16197811137777], [-0.1784008772, 51.161979492177785], [-0.1783938592, 51.16198104240001], [-0.178387420133333, 51.161982762044445], [-0.17838156, 51.16198465111111], [-0.1783762788, 51.1619867096], [-0.178371576533333, 51.16198893751111], [-0.1783674532, 51.161991334844444], [-0.1783639088, 51.1619939016], [-0.178360943333333, 51.161996637777776], [-0.1783585568, 51.161999543377775], [-0.1783567492, 51.1620026184], [-0.178355520533333, 51.16200586284444], [-0.1783548708, 51.16200927671111], [-0.1783548, 51.16201286], [-0.17835109, 51.16204894], [-0.178351918666667, 51.16205171284444], [-0.178353274, 51.162054316711114], [-0.178355156, 51.162056751600005], [-0.178357564666667, 51.16205901751112], [-0.1783605, 51.162061114444455], [-0.178363962, 51.16206304240001], [-0.178367950666667, 51.16206480137779], [-0.178372466, 51.16206639137778], [-0.178377508, 51.16206781240001], [-0.178383076666667, 51.16206906444445], [-0.178389172, 51.162070147511116], [-0.178395794, 51.16207106160001], [-0.178402942666667, 51.16207180671112], [-0.178410618, 51.16207238284445], [-0.17841882, 51.16207279], [-0.178450313605926, 51.162074580441484], [-0.178479770180741, 51.16207676606519], [-0.17850719536, 51.162079278320014], [-0.178532594779259, 51.162082048654824], [-0.178555974074074, 51.16208500851853], [-0.17857733888, 51.16208808936001], [-0.178596694832593, 51.16209122262815], [-0.178614047567407, 51.162094339771855], [-0.17862940272, 51.162097372240005], [-0.178642765925926, 51.16210025148149], [-0.178654142820741, 51.16210290894519], [-0.17866353904, 51.16210527608001], [-0.178670960219259, 51.162107284334816], [-0.178676411994074, 51.16210886515852], [-0.1786799, 51.16210995], [-0.178681491511111, 51.16211038666667], [-0.178682922044444, 51.16211061133334], [-0.1786841916, 51.162110624], [-0.178685300177778, 51.16211042466667], [-0.178686247777778, 51.16211001333335], [-0.1786870344, 51.16210939], [-0.178687660044444, 51.162108554666666], [-0.178688124711111, 51.16210750733333], [-0.1786884284, 51.162106248], [-0.178688571111111, 51.162104776666666], [-0.178688552844444, 51.16210309333333], [-0.1786883736, 51.162101198], [-0.178688033377778, 51.16209909066667], [-0.178687532177778, 51.16209677133334], [-0.17868687, 51.16209424], [-0.1786595, 51.16200086], [-0.178659684533333, 51.16199434982222], [-0.178660851466667, 51.16198814995556], [-0.1786630008, 51.16198226040001], [-0.178666132533333, 51.161976681155565], [-0.178670246666667, 51.16197141222223], [-0.1786753432, 51.1619664536], [-0.178681422133333, 51.1619618052889], [-0.178688483466667, 51.16195746728889], [-0.1786965272, 51.1619534396], [-0.178705553333333, 51.161949722222225], [-0.178715561866667, 51.16194631515556], [-0.1787265528, 51.16194321840001], [-0.178738526133333, 51.16194043195556], [-0.178751481866667, 51.161937955822225], [-0.17876542, 51.16193579], [-0.178781894444444, 51.16193347777779], [-0.178802459111111, 51.16193056244445], [-0.178827114, 51.161927044], [-0.178855859111111, 51.16192292244445], [-0.178888694444444, 51.16191819777778], [-0.17892562, 51.16191287], [-0.178966635777778, 51.161906939111105], [-0.179011741777778, 51.16190040511111], [-0.179060938, 51.161893268], [-0.179114224444444, 51.16188552777778], [-0.179171601111111, 51.16187718444444], [-0.179233068, 51.161868238], [-0.179298625111111, 51.16185868844445], [-0.179368272444444, 51.16184853577778], [-0.17944201, 51.16183778], [-0.17949062, 51.16188656], [-0.17887872, 51.16197161], [-0.178875822622222, 51.16197201168889], [-0.178873186488889, 51.16197254742223], [-0.1788708116, 51.161973217200014], [-0.178868697955556, 51.16197402102223], [-0.178866845555556, 51.161974958888905], [-0.1788652544, 51.1619760308], [-0.178863924488889, 51.16197723675556], [-0.178862855822222, 51.16197857675556], [-0.1788620484, 51.1619800508], [-0.178861502222222, 51.16198165888889], [-0.178861217288889, 51.161983401022226], [-0.1788611936, 51.1619852772], [-0.178861431155556, 51.16198728742223], [-0.178861929955556, 51.161989431688895], [-0.17886269, 51.16199171], [-0.17892348, 51.16217311], [-0.178925940933333, 51.16217824924445], [-0.1789296144, 51.16218342697778], [-0.1789345004, 51.162188643200004], [-0.178940598933333, 51.162193897911116], [-0.17894791, 51.16219919111111], [-0.1789564336, 51.1622045228], [-0.178966169733333, 51.16220989297778], [-0.1789771184, 51.162215301644444], [-0.1789892796, 51.1622207488], [-0.179002653333333, 51.16222623444445], [-0.1790172396, 51.162231758577775], [-0.1790330384, 51.16223732120001], [-0.179050049733333, 51.162242922311115], [-0.1790682736, 51.16224856191111], [-0.17908771, 51.16225424], [-0.179083461466667, 51.16225280640001], [-0.179079819866667, 51.16225157760001], [-0.1790767852, 51.16225055360001], [-0.179074357466667, 51.16224973440001], [-0.179072536666667, 51.16224912000002], [-0.1790713228, 51.16224871040001], [-0.179070715866667, 51.162248505600004], [-0.179070715866667, 51.162248505600004], [-0.1790713228, 51.16224871040001], [-0.179072536666667, 51.16224912000001], [-0.179074357466667, 51.16224973440001], [-0.1790767852, 51.16225055360001], [-0.179079819866667, 51.1622515776], [-0.179083461466667, 51.162252806400005], [-0.17908771, 51.16225424], [-0.179092342, 51.16225572324445], [-0.179097134, 51.162257100977776], [-0.179102086, 51.16225837320001], [-0.179107198, 51.16225953991111], [-0.17911247, 51.16226060111113], [-0.179117902, 51.162261556800004], [-0.179123494, 51.162262406977774], [-0.179129246, 51.16226315164444], [-0.179135158, 51.1622637908], [-0.17914123, 51.16226432444445], [-0.179147462, 51.162264752577784], [-0.179153854, 51.16226507520001], [-0.179160406, 51.16226529231111], [-0.179167118, 51.162265403911114], [-0.17917399, 51.16226541]]}}, {"type": "Feature", "properties": {"name": "Linear Feature 6", "painted_line_type": "DOUBLE_SOLID_YELLOW", "lighting_line_type": null}, "geometry": {"type": "LineString", "coordinates": [[-0.18190114, 51.16334381], [-0.1806821, 51.16351072], [-0.180566183644444, 51.163517608], [-0.180456997244444, 51.163519498666666], [-0.1803545408, 51.163516392], [-0.180258814311111, 51.16350828800001], [-0.180169817777778, 51.16349518666667], [-0.1800875512, 51.163477088], [-0.180012014577778, 51.163453992], [-0.179943207911111, 51.16342589866667], [-0.1798811312, 51.163392808], [-0.179825784444444, 51.16335472], [-0.179777167644444, 51.16331163466667], [-0.1797352808, 51.163263552], [-0.179700123911111, 51.163210472], [-0.179671696977778, 51.16315239466667], [-0.17965, 51.16308932], [-0.17955003, 51.16280087], [-0.179535589111111, 51.16277110902222], [-0.179521303777778, 51.162742263422224], [-0.179507174, 51.16271433320001], [-0.179493199777778, 51.16268731835556], [-0.179479381111111, 51.16266121888889], [-0.179465718, 51.1626360348], [-0.179452210444444, 51.16261176608889], [-0.179438858444444, 51.162588412755554], [-0.179425662, 51.16256597479999], [-0.179412621111111, 51.16254445222222], [-0.179399735777778, 51.16252384502222], [-0.179387006, 51.162504153200004], [-0.179374431777778, 51.162485376755555], [-0.179362013111111, 51.16246751568889], [-0.17934975, 51.16245057]]}}, {"type": "Feature", "properties": {"name": "Linear Feature 4", "painted_line_type": "DOUBLE_SOLID_YELLOW", "lighting_line_type": null}, "geometry": {"type": "LineString", "coordinates": [[-0.19145011, 51.15137901], [-0.19153411, 51.15162568], [-0.191536506222222, 51.151630736266675], [-0.191539561555556, 51.15163539306668], [-0.191543276, 51.151639650400014], [-0.191547649555556, 51.15164350826668], [-0.191552682222222, 51.151646966666675], [-0.191558374, 51.151650025600006], [-0.191564724888889, 51.151652685066665], [-0.191571734888889, 51.15165494506667], [-0.191579404, 51.1516568056], [-0.191587732222222, 51.151658266666665], [-0.191596719555556, 51.15165932826667], [-0.191606366, 51.151659990400006], [-0.191616671555556, 51.151660253066666], [-0.191627636222222, 51.15166011626667], [-0.19163926, 51.15165958], [-0.1917677, 51.15172215], [-0.191767583155556, 51.151719160666666], [-0.191767277955556, 51.15171638466667], [-0.1917667844, 51.151713822], [-0.191766102488889, 51.15171147266667], [-0.191765232222222, 51.15170933666667], [-0.1917641736, 51.151707414], [-0.191762926622222, 51.15170570466667], [-0.191761491288889, 51.15170420866667], [-0.1917598676, 51.151702926], [-0.191758055555556, 51.15170185666667], [-0.191756055155556, 51.15170100066666], [-0.1917538664, 51.151700358], [-0.191751489288889, 51.151699928666666], [-0.191748923822222, 51.15169971266667], [-0.19174617, 51.15169971], [-0.19165861, 51.15170737], [-0.191646164311111, 51.15170908026666], [-0.191634856577778, 51.15171147773333], [-0.1916246868, 51.151714562399995], [-0.191615654977778, 51.15171833426667], [-0.191607761111111, 51.15172279333334], [-0.1916010052, 51.15172793959999], [-0.191595387244444, 51.15173377306667], [-0.191590907244444, 51.151740293733326], [-0.1915875652, 51.1517475016], [-0.191585361111111, 51.151755396666665], [-0.191584294977778, 51.15176397893333], [-0.1915843668, 51.151773248400005], [-0.191585576577778, 51.151783205066664], [-0.191587924311111, 51.15179384893334], [-0.19159141, 51.15180518], [-0.19167482, 51.15202691], [-0.19172408, 51.15215783], [-0.19182574, 51.15243562], [-0.191827274266667, 51.15243949182222], [-0.1918291944, 51.1524432032889], [-0.1918315004, 51.152446754399996], [-0.191834192266667, 51.152450145155555], [-0.19183727, 51.15245337555557], [-0.1918407336, 51.152456445599995], [-0.191844583066667, 51.15245935528888], [-0.1918488184, 51.15246210462222], [-0.1918534396, 51.152464693599995], [-0.191858446666667, 51.15246712222222], [-0.1918638396, 51.15246939048889], [-0.1918696184, 51.1524714984], [-0.191875783066667, 51.15247344595556], [-0.1918823336, 51.152475233155556], [-0.19188927, 51.15247686], [-0.19196049, 51.1524942], [-0.19157218, 51.15207025]]}}, {"type": "Feature", "properties": {"name": "Linear Feature 4", "painted_line_type": "DOUBLE_SOLID_YELLOW", "lighting_line_type": null}, "geometry": {"type": "LineString", "coordinates": [[-0.19144389, 51.15169635], [-0.191439853733333, 51.15168710742223], [-0.191435110266667, 51.151678582355565], [-0.1914296596, 51.15167077480001], [-0.191423501733333, 51.151663684755555], [-0.191416636666667, 51.15165731222223], [-0.1914090644, 51.1516516572], [-0.191400784933333, 51.15164671968889], [-0.191391798266667, 51.15164249968889], [-0.1913821044, 51.1516389972], [-0.191371703333333, 51.15163621222222], [-0.191360595066667, 51.151634144755555], [-0.1913487796, 51.15163279480001], [-0.191336256933333, 51.151632162355554], [-0.191323027066667, 51.15163224742222], [-0.19130909, 51.15163305], [-0.19104918, 51.15166922], [-0.19097364, 51.15213875], [-0.19107291, 51.15243383], [-0.191074624222222, 51.15244068986667], [-0.191076081555556, 51.152447285466664], [-0.191077282, 51.1524536168], [-0.191078225555556, 51.152459683866674], [-0.191078912222222, 51.15246548666667], [-0.191079342, 51.15247102519999], [-0.191079514888889, 51.15247629946667], [-0.191079430888889, 51.152481309466665], [-0.19107909, 51.1524860552], [-0.191078492222222, 51.15249053666666], [-0.191077637555556, 51.15249475386666], [-0.191076526, 51.1524987068], [-0.191075157555556, 51.15250239546667], [-0.191073532222222, 51.15250581986667], [-0.19107165, 51.15250898], [-0.19105238, 51.1525371], [-0.19102934, 51.15252265], [-0.19100641, 51.1524507], [-0.19100559741037, 51.15244894231112], [-0.191003964482963, 51.152447423555564], [-0.19100163248, 51.152446099200006], [-0.190998722663704, 51.15244492471111], [-0.190995356296296, 51.15244385555557], [-0.19099165464, 51.15244284720001], [-0.190987738957037, 51.152441855111114], [-0.19098373050963, 51.15244083475555], [-0.19097975056, 51.152439741600006], [-0.19097592037037, 51.152438531111116], [-0.190972361202963, 51.152437158755546], [-0.19096919432, 51.15243558], [-0.190966540983704, 51.15243375031111], [-0.190964522456296, 51.15243162515555], [-0.19096326, 51.15242916], [-0.19073142, 51.15176702], [-0.190727903801481, 51.15175970133333], [-0.190722584011852, 51.151753362400015], [-0.19071576184, 51.15174793280001], [-0.190707738494815, 51.151743342133344], [-0.190698815185185, 51.15173952], [-0.19068929312, 51.151736396], [-0.190679473508148, 51.15173389973334], [-0.190669657558519, 51.15173196080001], [-0.19066014648, 51.1517305088], [-0.190651241481482, 51.15172947333333], [-0.190643243771852, 51.151728784], [-0.19063645456, 51.151728370399994], [-0.190631175054815, 51.15172816213333], [-0.190627706465185, 51.1517280888], [-0.19062635, 51.15172808], [-0.190621805422222, 51.151728697244444], [-0.190608438355556, 51.15173054897778], [-0.1905862488, 51.15173363520001], [-0.190555236755556, 51.15173795591111], [-0.190515402222222, 51.15174351111112], [-0.1904667452, 51.151750300799996], [-0.190409265688889, 51.15175832497778], [-0.190342963688889, 51.15176758364445], [-0.1902678392, 51.1517780768], [-0.190183892222222, 51.15178980444445], [-0.190091122755556, 51.151802766577774], [-0.1899895308, 51.151816963200005], [-0.189879116355556, 51.151832394311114], [-0.189759879422222, 51.15184905991111], [-0.18963182, 51.15186696], [-0.189650245244444, 51.151864371555554], [-0.189666038311111, 51.15186215288889], [-0.1896791992, 51.15186030400001], [-0.189689727911111, 51.15185882488888], [-0.189697624444444, 51.15185771555556], [-0.1897028888, 51.151856976], [-0.189705520977778, 51.151856606222225], [-0.189705520977778, 51.151856606222225], [-0.1897028888, 51.151856976], [-0.189697624444444, 51.15185771555555], [-0.189689727911111, 51.15185882488889], [-0.1896791992, 51.151860304], [-0.189666038311111, 51.15186215288889], [-0.189650245244444, 51.151864371555554], [-0.18963182, 51.15186696], [-0.189612801555556, 51.15186996986667], [-0.189595228888889, 51.1518734528], [-0.189579102, 51.151877408800004], [-0.189564420888889, 51.15188183786668], [-0.189551185555556, 51.15188674], [-0.189539396, 51.1518921152], [-0.189529052222222, 51.151897963466666], [-0.189520154222222, 51.1519042848], [-0.189512702, 51.1519110792], [-0.189506695555556, 51.15191834666667], [-0.189502134888889, 51.1519260872], [-0.18949902, 51.1519343008], [-0.189497350888889, 51.15194298746667], [-0.189497127555556, 51.15195214720001], [-0.18949835, 51.15196178], [-0.18961431, 51.15230259], [-0.18974015, 51.1526679], [-0.1898021, 51.15284882], [-0.18981673, 51.15289152], [-0.1898224492, 51.152902080622226], [-0.1898291908, 51.15291175715556], [-0.1898369548, 51.15292054960001], [-0.1898457412, 51.15292845795557], [-0.18985555, 51.15293548222223], [-0.1898663812, 51.1529416224], [-0.1898782348, 51.15294687848889], [-0.1898911108, 51.15295125048889], [-0.1899050092, 51.1529547384], [-0.18991993, 51.15295734222222], [-0.1899358732, 51.152959061955556], [-0.1899528388, 51.1529598976], [-0.1899708268, 51.15295984915556], [-0.1899898372, 51.152958916622225], [-0.19000987, 51.1529571], [-0.1900451, 51.15304697], [-0.190023710266667, 51.153053184444445], [-0.190004141066667, 51.153059633111106], [-0.1899863924, 51.153066316], [-0.189970464266667, 51.15307323311111], [-0.189956356666667, 51.15308038444445], [-0.1899440696, 51.15308777], [-0.189933603066667, 51.153095389777775], [-0.189924957066667, 51.15310324377777], [-0.1899181316, 51.153111332], [-0.189913126666667, 51.15311965444444], [-0.189909942266667, 51.15312821111111], [-0.1899085784, 51.153137002], [-0.189909035066667, 51.153146027111106], [-0.189911312266667, 51.153155286444445], [-0.18991541, 51.15316478], [-0.189919988888889, 51.15317217915556], [-0.189925082888889, 51.15317897662223], [-0.189930692, 51.15318517240001], [-0.189936816222222, 51.15319076648889], [-0.189943455555556, 51.153195758888906], [-0.18995061, 51.153200149599996], [-0.189958279555556, 51.15320393862222], [-0.189966464222222, 51.15320712595556], [-0.189975164, 51.1532097116], [-0.189984378888889, 51.153211695555555], [-0.189994108888889, 51.15321307782222], [-0.190004354, 51.1532138584], [-0.190015114222222, 51.15321403728889], [-0.190026389555556, 51.15321361448889], [-0.19003818, 51.15321259], [-0.19134239, 51.15303054], [-0.19140731, 51.15315743], [-0.191404888355556, 51.15315050075556], [-0.191401580755556, 51.1531442596889], [-0.1913973872, 51.1531387068], [-0.191392307688889, 51.1531338420889], [-0.191386342222222, 51.15312966555556], [-0.1913794908, 51.15312617720001], [-0.191371753422222, 51.153123377022226], [-0.191363130088889, 51.15312126502222], [-0.1913536208, 51.153119841199995], [-0.191343225555556, 51.153119105555554], [-0.191331944355556, 51.15311905808889], [-0.1913197772, 51.1531196988], [-0.191306724088889, 51.15312102768889], [-0.191292785022222, 51.15312304475556], [-0.19127796, 51.15312575], [-0.19120274, 51.1531864], [-0.191200283511111, 51.15317991853333], [-0.191197279377778, 51.15317399146667], [-0.1911937276, 51.15316861880001], [-0.191189628177778, 51.15316380053334], [-0.191184981111111, 51.15315953666667], [-0.1911797864, 51.153155827199996], [-0.191174044044444, 51.15315267213333], [-0.191167754044444, 51.15315007146667], [-0.1911609164, 51.1531480252], [-0.191153531111111, 51.153146533333334], [-0.191145598177778, 51.15314559586667], [-0.1911371176, 51.1531452128], [-0.191128089377778, 51.15314538413334], [-0.191118513511111, 51.15314610986667], [-0.19110839, 51.15314739], [-0.1904931, 51.15323408], [-0.190486451688889, 51.15323526222222], [-0.190480397422222, 51.153236840888894], [-0.1904749372, 51.153238816], [-0.190470071022222, 51.15324118755555], [-0.190465798888889, 51.15324395555556], [-0.1904621208, 51.15324711999999], [-0.190459036755556, 51.15325068088889], [-0.190456546755556, 51.15325463822222], [-0.1904546508, 51.153258992], [-0.190453348888889, 51.15326374222222], [-0.190452641022222, 51.15326888888889], [-0.1904525272, 51.153274432], [-0.190453007422222, 51.15328037155555], [-0.190454081688889, 51.15328670755555], [-0.19045575, 51.15329344], [-0.19004321, 51.1532885], [-0.190032572, 51.15329133391112], [-0.190022831333333, 51.15329445964446], [-0.190013988, 51.15329787720001], [-0.190006042, 51.15330158657779], [-0.189998993333333, 51.15330558777779], [-0.189992842, 51.1533098808], [-0.189987588, 51.15331446564444], [-0.189983231333333, 51.153319342311114], [-0.189979772, 51.153324510800005], [-0.18997721, 51.15332997111111], [-0.189975545333333, 51.15333572324444], [-0.189974778, 51.153341767200004], [-0.189974908, 51.15334810297778], [-0.189975935333333, 51.15335473057778], [-0.18997786, 51.15336165], [-0.19005694, 51.15358681], [-0.190308, 51.15415392], [-0.19056224, 51.15489741], [-0.190568177333333, 51.15491925182222], [-0.190575264, 51.15494028662222], [-0.1905835, 51.1549605144], [-0.190592885333333, 51.15497993515556], [-0.19060342, 51.1549985488889], [-0.190615104, 51.1550163556], [-0.190627937333333, 51.15503335528888], [-0.19064192, 51.15504954795556], [-0.190657052, 51.1550649336], [-0.190673333333333, 51.15507951222222], [-0.190690764, 51.15509328382222], [-0.190709344, 51.1551062484], [-0.190729073333333, 51.155118405955555], [-0.190749952, 51.15512975648889], [-0.19077198, 51.1551403], [-0.190807370133333, 51.15514522542222], [-0.1908417912, 51.15514920435556], [-0.1908752432, 51.15515223680001], [-0.190907726133333, 51.15515432275556], [-0.19093924, 51.15515546222223], [-0.1909697848, 51.155155655200005], [-0.190999360533333, 51.155154901688896], [-0.1910279672, 51.15515320168888], [-0.1910556048, 51.1551505552], [-0.191082273333333, 51.155146962222226], [-0.1911079728, 51.15514242275555], [-0.1911327032, 51.155136936800005], [-0.191156464533333, 51.155130504355554], [-0.1911792568, 51.15512312542222], [-0.19120108, 51.1551148], [-0.19133924, 51.15504555], [-0.19140431, 51.15511488], [-0.19124372, 51.15519481], [-0.19099235, 51.15527069], [-0.19086445, 51.1553301], [-0.190844459733333, 51.155340224444444], [-0.1908261876, 51.15535110444445], [-0.1908096336, 51.15536274], [-0.190794797733333, 51.15537513111112], [-0.19078168, 51.15538827777778], [-0.1907702804, 51.15540218], [-0.190760598933333, 51.15541683777778], [-0.1907526356, 51.155432251111115], [-0.1907463904, 51.15544842], [-0.190741863333333, 51.15546534444445], [-0.1907390544, 51.15548302444444], [-0.1907379636, 51.15550146], [-0.190738590933333, 51.15552065111112], [-0.1907409364, 51.15554059777778], [-0.190745, 51.1555613], [-0.19133739, 51.15723967], [-0.1909237, 51.15732266], [-0.19113221, 51.15729178], [-0.191144608711111, 51.157289367555556], [-0.191156063511111, 51.15728626622223], [-0.1911665744, 51.157282476], [-0.191176141377778, 51.15727799688889], [-0.191184764444444, 51.1572728288889], [-0.1911924436, 51.157266972], [-0.191199178844444, 51.15726042622222], [-0.191204970177778, 51.157253191555554], [-0.1912098176, 51.157245268], [-0.191213721111111, 51.15723665555556], [-0.191216680711111, 51.157227354222215], [-0.1912186964, 51.157217364], [-0.191219768177778, 51.15720668488889], [-0.191219896044444, 51.15719531688889], [-0.19121908, 51.15718326], [-0.19078496, 51.1559339], [-0.190780938977778, 51.15592766466667], [-0.190776430577778, 51.15592195866667], [-0.1907714348, 51.15591678200001], [-0.190765951644444, 51.15591213466667], [-0.190759981111111, 51.15590801666668], [-0.1907535232, 51.155904428], [-0.190746577911111, 51.15590136866666], [-0.190739145244444, 51.15589883866667], [-0.1907312252, 51.155896838], [-0.190722817777778, 51.15589536666667], [-0.190713922977778, 51.15589442466667], [-0.1907045408, 51.155894012], [-0.190694671244444, 51.155894128666674], [-0.190684314311111, 51.15589477466666], [-0.19067347, 51.15589595], [-0.19062408, 51.15590331], [-0.19061001, 51.15583804], [-0.19066179, 51.1558311], [-0.1906701736, 51.15582976506666], [-0.1906779964, 51.15582803226667], [-0.1906852584, 51.155825901600004], [-0.1906919596, 51.155823373066674], [-0.1906981, 51.15582044666667], [-0.1907036796, 51.155817122399995], [-0.1907086984, 51.155813400266666], [-0.1907131564, 51.155809280266666], [-0.1907170536, 51.155804762399995], [-0.19072039, 51.15579984666667], [-0.1907231656, 51.15579453306667], [-0.1907253804, 51.1557888216], [-0.1907270344, 51.15578271226667], [-0.1907281276, 51.15577620506667], [-0.19072866, 51.1557693], [-0.19066895, 51.15559481], [-0.190663053822222, 51.155578617644444], [-0.190656626622222, 51.15556253124444], [-0.1906496684, 51.1555465508], [-0.190642179155556, 51.155530676311116], [-0.190634158888889, 51.15551490777777], [-0.1906256076, 51.155499245200005], [-0.190616525288889, 51.15548368857778], [-0.190606911955556, 51.15546823791111], [-0.1905967676, 51.15545289320001], [-0.190586092222222, 51.15543765444444], [-0.190574885822222, 51.15542252164444], [-0.1905631484, 51.1554074948], [-0.190550879955556, 51.155392573911115], [-0.190538080488889, 51.15537775897778], [-0.19052475, 51.15536305], [-0.190511516, 51.15535273328889], [-0.190499832666667, 51.155342313822224], [-0.1904897, 51.1553317916], [-0.190481118, 51.15532116662223], [-0.190474086666667, 51.15531043888889], [-0.190468606, 51.15529960840001], [-0.190464676, 51.15528867515556], [-0.190462296666667, 51.15527763915556], [-0.190461468, 51.1552665004], [-0.19046219, 51.155255258888886], [-0.190464462666667, 51.15524391462222], [-0.190468286, 51.1552324676], [-0.19047366, 51.15522091782223], [-0.190480584666667, 51.15520926528889], [-0.19048906, 51.15519751], [-0.190491497511111, 51.15519389671112], [-0.190493663377778, 51.155190120844445], [-0.1904955576, 51.15518618240001], [-0.190497180177778, 51.15518208137779], [-0.190498531111111, 51.15517781777778], [-0.1904996104, 51.15517339160001], [-0.190500418044444, 51.155168802844436], [-0.190500954044444, 51.15516405151111], [-0.1905012184, 51.1551591376], [-0.190501211111111, 51.15515406111112], [-0.190500932177778, 51.15514882204444], [-0.1905003816, 51.15514342040001], [-0.190499559377778, 51.155137856177774], [-0.190498465511111, 51.155132129377776], [-0.1904971, 51.15512624], [-0.19027008, 51.15444083], [-0.190267892711111, 51.15443689217778], [-0.190264816177778, 51.15443331871111], [-0.1902608504, 51.1544301096], [-0.190255995377778, 51.15442726484444], [-0.190250251111111, 51.15442478444445], [-0.1902436176, 51.1544226684], [-0.190236094844444, 51.15442091671111], [-0.190227682844444, 51.154419529377776], [-0.1902183816, 51.154418506400006], [-0.190208191111111, 51.15441784777778], [-0.190197111377778, 51.15441755351111], [-0.1901851424, 51.154417623600004], [-0.190172284177778, 51.15441805804444], [-0.190158536711111, 51.154418856844444], [-0.1901439, 51.15442002], [-0.19022014, 51.15433093], [-0.19021351, 51.15430222], [-0.190211874711111, 51.154298887377784], [-0.190209875511111, 51.154295825511106], [-0.1902075124, 51.154293034400006], [-0.190204785377778, 51.154290514044455], [-0.190201694444444, 51.154288264444446], [-0.1901982396, 51.154286285599994], [-0.190194420844444, 51.154284577511106], [-0.190190238177778, 51.15428314017778], [-0.1901856916, 51.15428197359999], [-0.190180781111111, 51.15428107777778], [-0.190175506711111, 51.154280452711106], [-0.1901698684, 51.1542800984], [-0.190163866177778, 51.154280014844446], [-0.190157500044444, 51.15428020204444], [-0.19015077, 51.15428066], [-0.1899734, 51.15430525], [-0.19000095, 51.15426479], [-0.19007787, 51.15425596], [-0.190091510311111, 51.15425356], [-0.190103956577778, 51.154250496], [-0.1901152088, 51.154246768], [-0.190125266977778, 51.154242376], [-0.190134131111111, 51.154237320000014], [-0.1901418012, 51.1542316], [-0.190148277244444, 51.154225216], [-0.190153559244444, 51.154218168], [-0.1901576472, 51.154210456], [-0.190160541111111, 51.15420208], [-0.190162240977778, 51.15419304], [-0.1901627468, 51.154183336], [-0.190162058577778, 51.154172968], [-0.190160176311111, 51.154161936], [-0.1901571, 51.15415024], [-0.18994588, 51.15352719], [-0.189944127155556, 51.153521580222225], [-0.189942084622222, 51.153516270888886], [-0.1899397524, 51.153511262], [-0.189937130488889, 51.15350655355555], [-0.189934218888889, 51.15350214555556], [-0.1899310176, 51.153498038], [-0.189927526622222, 51.15349423088888], [-0.189923745955556, 51.15349072422222], [-0.1899196756, 51.153487518], [-0.189915315555556, 51.15348461222223], [-0.189910665822222, 51.153482006888886], [-0.1899057264, 51.153479702], [-0.189900497288889, 51.15347769755556], [-0.189894978488889, 51.15347599355556], [-0.18988917, 51.15347459], [-0.18979929, 51.15337999], [-0.189810547511111, 51.15337468813334], [-0.189820725377778, 51.15336912386667], [-0.1898298236, 51.15336329720001], [-0.189837842177778, 51.153357208133336], [-0.189844781111111, 51.15335085666667], [-0.1898506404, 51.1533442428], [-0.189855420044444, 51.153337366533336], [-0.189859120044444, 51.15333022786667], [-0.1898617404, 51.15332282680001], [-0.189863281111111, 51.15331516333333], [-0.189863742177778, 51.15330723746666], [-0.1898631236, 51.1532990492], [-0.189861425377778, 51.15329059853333], [-0.189858647511111, 51.15328188546667], [-0.18985479, 51.15327291], [-0.18939309, 51.15195859], [-0.18938826, 51.151944087333334], [-0.189385388666667, 51.15193037666667], [-0.189384476, 51.151917458], [-0.189385522, 51.151905331333346], [-0.189388526666667, 51.15189399666667], [-0.18939349, 51.151883454], [-0.189400412, 51.15187370333333], [-0.189409292666667, 51.15186474466666], [-0.189420132, 51.151856578], [-0.18943293, 51.151849203333335], [-0.189447686666667, 51.15184262066667], [-0.189464402, 51.15183683], [-0.189483076, 51.15183183133333], [-0.189503708666667, 51.151827624666666], [-0.1895263, 51.15182421], [-0.19131501, 51.15158442], [-0.191325698888889, 51.15158250035556], [-0.191335424222222, 51.15158018675555], [-0.191344186, 51.151577479200014], [-0.191351984222222, 51.151574377688895], [-0.191358818888889, 51.151570882222224], [-0.19136469, 51.15156699280001], [-0.191369597555556, 51.15156270942223], [-0.191373541555556, 51.15155803208889], [-0.191376522, 51.151552960800004], [-0.191378538888889, 51.151547495555555], [-0.191379592222222, 51.15154163635555], [-0.191379682, 51.151535383200006], [-0.191378808222222, 51.15152873608889], [-0.191376970888889, 51.151521695022225], [-0.19137417, 51.15151426], [-0.19132802, 51.15136984]]}}, {"type": "Feature", "properties": {"name": "Linear Feature 2", "painted_line_type": "DOUBLE_SOLID_YELLOW", "lighting_line_type": null}, "geometry": {"type": "LineString", "coordinates": [[-0.19135049, 51.15756651], [-0.19130565, 51.15743656], [-0.191297838222222, 51.15742483697778], [-0.191289242888889, 51.15741410524444], [-0.191279864, 51.15740436480001], [-0.191269701555556, 51.157395615644454], [-0.191258755555556, 51.15738785777779], [-0.191247026, 51.15738109120001], [-0.191234512888889, 51.15737531591111], [-0.191221216222222, 51.15737053191111], [-0.191207136, 51.1573667392], [-0.191192272222222, 51.15736393777779], [-0.191176624888889, 51.15736212764445], [-0.191160194, 51.157361308800006], [-0.191142979555556, 51.15736148124445], [-0.191124981555556, 51.15736264497779], [-0.1911062, 51.1573648], [-0.19071843, 51.15741875]]}}, {"type": "Feature", "properties": {"name": "Linear Feature 2", "painted_line_type": "DOUBLE_SOLID_YELLOW", "lighting_line_type": null}, "geometry": {"type": "LineString", "coordinates": [[-0.18935957, 51.15760769], [-0.18896921, 51.15766146]]}}, {"type": "Feature", "properties": {"name": "Linear Feature 2", "painted_line_type": "DOUBLE_SOLID_YELLOW", "lighting_line_type": null}, "geometry": {"type": "LineString", "coordinates": [[-0.18749241, 51.15786655], [-0.18727295, 51.15789544], [-0.187264276311111, 51.15789667533333], [-0.187256364577778, 51.157898352], [-0.1872492148, 51.15790047], [-0.187242826977778, 51.15790302933333], [-0.187237201111111, 51.15790603], [-0.1872323372, 51.157909472], [-0.187228235244444, 51.15791335533333], [-0.187224895244444, 51.15791768], [-0.1872223172, 51.157922446], [-0.187220501111111, 51.15792765333333], [-0.187219446977778, 51.157933302], [-0.1872191548, 51.157939392], [-0.187219624577778, 51.15794592333334], [-0.187220856311111, 51.157952896], [-0.18722285, 51.15796031], [-0.18723816, 51.15800861], [-0.18732333, 51.15821136], [-0.187327485579259, 51.158220587991124], [-0.187330926634074, 51.15822907379556], [-0.18733374664, 51.158236922160015], [-0.187336039072593, 51.15824423783112], [-0.187337897407407, 51.158251125555566], [-0.18733941512, 51.158257690080006], [-0.187340685685926, 51.15826403615112], [-0.187341802580741, 51.15827026851556], [-0.18734285928, 51.15827649192], [-0.187343949259259, 51.158282811111114], [-0.187345165994074, 51.15828933083555], [-0.18734660296, 51.15829615584], [-0.187348353632593, 51.15830339087111], [-0.187350511487407, 51.15831114067556], [-0.18735317, 51.15831951], [-0.18748128, 51.1586855], [-0.187485342, 51.15869321386666], [-0.187490512, 51.1587004728], [-0.18749679, 51.15870727680001], [-0.187504176, 51.15871362586667], [-0.18751267, 51.15871952], [-0.187522272, 51.158724959199986], [-0.187532982, 51.15872994346667], [-0.1875448, 51.15873447279999], [-0.187557726, 51.1587385472], [-0.18757176, 51.15874216666667], [-0.187586902, 51.158745331199995], [-0.187603152, 51.15874804079999], [-0.18762051, 51.15875029546667], [-0.187638976, 51.1587520952], [-0.18765855, 51.15875344], [-0.187792, 51.15873348], [-0.18904011, 51.15855771], [-0.18958429, 51.15848433], [-0.18974521, 51.15846264], [-0.18980144, 51.15845505], [-0.1899816, 51.15843076], [-0.19114676, 51.15827366], [-0.191195438, 51.15826352204445], [-0.191240413333333, 51.15825203884445], [-0.191281686, 51.158239210400005], [-0.191319256, 51.158225036711116], [-0.191353123333333, 51.158209517777784], [-0.191383288, 51.158192653600004], [-0.19140975, 51.158174444177774], [-0.191432509333333, 51.15815488951111], [-0.191451566, 51.1581339896], [-0.19146692, 51.15811174444445], [-0.191478571333333, 51.15808815404445], [-0.19148652, 51.1580632184], [-0.191490766, 51.15803693751111], [-0.191491309333333, 51.15800931137778], [-0.19148815, 51.15798034], [-0.19139195, 51.15770704], [-0.191390302755556, 51.157703032844445], [-0.191388110355556, 51.15769936337777], [-0.1913853728, 51.15769603160001], [-0.191382090088889, 51.157693037511116], [-0.191378262222222, 51.157690381111124], [-0.1913738892, 51.1576880624], [-0.191368971022222, 51.15768608137778], [-0.191363507688889, 51.15768443804444], [-0.1913574992, 51.157683132399995], [-0.191350945555556, 51.157682164444445], [-0.191343846755556, 51.157681534177776], [-0.1913362028, 51.1576812416], [-0.191328013688889, 51.15768128671111], [-0.191319279422222, 51.15768166951111], [-0.19131, 51.15768239], [-0.1914307, 51.15751821], [-0.19159451, 51.15797198], [-0.191606938977778, 51.15800898911112], [-0.191613460577778, 51.15804416311111], [-0.1916140748, 51.158077502], [-0.191608781644444, 51.15810900577778], [-0.191597581111111, 51.158138674444444], [-0.1915804732, 51.158166508], [-0.191557457911111, 51.158192506444436], [-0.191528535244444, 51.15821666977777], [-0.1914937052, 51.158238998], [-0.191452967777778, 51.15825949111111], [-0.191406322977778, 51.158278149111105], [-0.1913537708, 51.158294972], [-0.191295311244444, 51.15830995977777], [-0.191230944311111, 51.15832311244444], [-0.19116067, 51.15833443], [-0.19062022, 51.15840779]]}}, {"type": "Feature", "properties": {"name": "Linear Feature 2", "painted_line_type": "DOUBLE_SOLID_YELLOW", "lighting_line_type": null}, "geometry": {"type": "LineString", "coordinates": [[-0.19039796, 51.15843931], [-0.18769552, 51.15880991], [-0.187675686577778, 51.158813095333336], [-0.187657511644444, 51.15881695533334], [-0.1876409952, 51.15882149], [-0.187626137244444, 51.15882669933334], [-0.187612937777778, 51.15883258333334], [-0.1876013968, 51.158839142], [-0.187591514311111, 51.15884637533333], [-0.187583290311111, 51.15885428333333], [-0.1875767248, 51.158862866], [-0.187571817777778, 51.15887212333333], [-0.187568569244444, 51.15888205533333], [-0.1875669792, 51.158892662], [-0.187567047644444, 51.15890394333333], [-0.187568774577778, 51.15891589933333], [-0.18757216, 51.15892853], [-0.18778552, 51.15955287], [-0.18783628, 51.15968106], [-0.187857227555556, 51.15972984466666], [-0.187880342222222, 51.159778228], [-0.187905624, 51.15982621], [-0.187933072888889, 51.15987379066668], [-0.187962688888889, 51.15992097], [-0.187994472, 51.159967748], [-0.188028422222222, 51.16001412466666], [-0.188064539555556, 51.1600601], [-0.188102824, 51.160105674], [-0.188143275555556, 51.16015084666667], [-0.188185894222222, 51.160195618], [-0.18823068, 51.160239988], [-0.188277632888889, 51.16028395666667], [-0.188326752888889, 51.160327524], [-0.18837804, 51.16037069], [-0.1883904168, 51.16038186217778], [-0.188402965866667, 51.16039232004445], [-0.1884156872, 51.1604020636], [-0.1884285808, 51.16041109284445], [-0.188441646666667, 51.160419407777795], [-0.1884548848, 51.1604270084], [-0.1884682952, 51.16043389471112], [-0.188481877866667, 51.16044006671112], [-0.1884956328, 51.160445524400004], [-0.18850956, 51.160450267777776], [-0.188523659466667, 51.16045429684444], [-0.1885379312, 51.16045761160001], [-0.1885523752, 51.16046021204444], [-0.188566991466667, 51.160462098177774], [-0.18858178, 51.16046327], [-0.18820833, 51.16034848], [-0.188169975422222, 51.1603091512], [-0.188133487688889, 51.160270964800006], [-0.1880988668, 51.16023392080001], [-0.188066112755556, 51.1601980192], [-0.188035225555556, 51.16016326], [-0.1880062052, 51.16012964320001], [-0.187979051688889, 51.1600971688], [-0.187953765022222, 51.160065836799994], [-0.1879303452, 51.1600356472], [-0.187908792222222, 51.1600066], [-0.187889106088889, 51.159978695199996], [-0.1878712868, 51.1599519328], [-0.187855334355556, 51.159926312799996], [-0.187841248755556, 51.1599018352], [-0.18782903, 51.1598785], [-0.187811631555556, 51.15986348457778], [-0.187794910888889, 51.15984925431111], [-0.187778868, 51.1598358092], [-0.187763502888889, 51.15982314924445], [-0.187748815555556, 51.15981127444446], [-0.187734806, 51.159800184800005], [-0.187721474222222, 51.159789880311116], [-0.187708820222222, 51.15978036097778], [-0.187696844, 51.1597716268], [-0.187685545555556, 51.159763677777775], [-0.187674924888889, 51.159756513911105], [-0.187664982, 51.1597501352], [-0.187655716888889, 51.15974454164444], [-0.187647129555556, 51.15973973324444], [-0.18763922, 51.15973571], [-0.187631523155556, 51.15973223293334], [-0.187623573955556, 51.15972906306667], [-0.1876153724, 51.15972620040001], [-0.187606918488889, 51.15972364493334], [-0.187598212222222, 51.159721396666676], [-0.1875892536, 51.1597194556], [-0.187580042622222, 51.15971782173333], [-0.187570579288889, 51.15971649506667], [-0.1875608636, 51.15971547560001], [-0.187550895555556, 51.159714763333334], [-0.187540675155556, 51.15971435826667], [-0.1875302024, 51.159714260399994], [-0.187519477288889, 51.15971446973334], [-0.187508499822222, 51.159714986266664], [-0.18749727, 51.15971581], [-0.187490076622222, 51.159715872755555], [-0.187482749822222, 51.15971550102223], [-0.1874752896, 51.1597146948], [-0.187467695955556, 51.159713454088894], [-0.187459968888889, 51.15971177888889], [-0.1874521084, 51.159709669200005], [-0.187444114488889, 51.15970712502222], [-0.187435987155556, 51.15970414635555], [-0.1874277264, 51.1597007332], [-0.187419332222222, 51.15969688555556], [-0.187410804622222, 51.159692603422215], [-0.1874021436, 51.1596878868], [-0.187393349155556, 51.15968273568889], [-0.187384421288889, 51.15967715008889], [-0.18737536, 51.15967113], [-0.187368216977778, 51.15966699173334], [-0.187360889244444, 51.15966323560001], [-0.1873533768, 51.15965986160001], [-0.187345679644444, 51.15965686973334], [-0.187337797777778, 51.15965426000001], [-0.1873297312, 51.159652032400004], [-0.187321479911111, 51.159650186933334], [-0.187313043911111, 51.1596487236], [-0.1873044232, 51.1596476424], [-0.187295617777778, 51.15964694333333], [-0.187286627644444, 51.159646626400004], [-0.1872774528, 51.1596466916], [-0.187268093244444, 51.15964713893334], [-0.187258548977778, 51.1596479684], [-0.18724882, 51.15964918], [-0.18694939, 51.15969489], [-0.186941938954074, 51.159696372868154], [-0.186935678165926, 51.15969847347852], [-0.18693053016, 51.15970116184001], [-0.186926417460741, 51.159704407961485], [-0.186923262592593, 51.15970818185187], [-0.18692098808, 51.15971245352], [-0.186919516447407, 51.1597171929748], [-0.186918770219259, 51.15972237022518], [-0.18691867192, 51.159727955280005], [-0.186919144074074, 51.15973391814815], [-0.186920109205926, 51.159740228838515], [-0.18692148984, 51.159746857360005], [-0.186923208500741, 51.159753773721484], [-0.186925187712593, 51.15976094793185], [-0.18692735, 51.15976835], [-0.18618724, 51.15906843], [-0.18630309, 51.15944133], [-0.18678415, 51.15964045], [-0.186789019777778, 51.15964247195555], [-0.186794111777778, 51.15964430315556], [-0.186799426, 51.159645943600005], [-0.186804962444444, 51.15964739328889], [-0.186810721111111, 51.159648652222224], [-0.186816702, 51.159649720400004], [-0.186822905111111, 51.15965059782222], [-0.186829330444444, 51.15965128448889], [-0.186835978, 51.1596517804], [-0.186842847777778, 51.15965208555556], [-0.186849939777778, 51.15965219995555], [-0.186857254, 51.1596521236], [-0.186864790444444, 51.159651856488885], [-0.186872549111111, 51.15965139862222], [-0.18688053, 51.15965075], [-0.18724616, 51.15960206], [-0.187253323644444, 51.15960062946667], [-0.187259865244444, 51.15959896453334], [-0.1872657848, 51.15959706520001], [-0.187271082311111, 51.159594931466664], [-0.187275757777778, 51.159592563333334], [-0.1872798112, 51.159589960800005], [-0.187283242577778, 51.15958712386667], [-0.187286051911111, 51.15958405253333], [-0.1872882392, 51.1595807468], [-0.187289804444444, 51.15957720666667], [-0.187290747644444, 51.15957343213333], [-0.1872910688, 51.15956942320001], [-0.187290767911111, 51.15956517986667], [-0.187289844977778, 51.15956070213334], [-0.1872883, 51.15955599], [-0.18728173, 51.15953927], [-0.18743464, 51.15956343], [-0.187439922444444, 51.159573952311106], [-0.187445956444444, 51.15958363657778], [-0.187452742, 51.15959248280001], [-0.187460279111111, 51.15960049097777], [-0.187468567777778, 51.15960766111111], [-0.187477608, 51.1596139932], [-0.187487399777778, 51.15961948724445], [-0.187497943111111, 51.15962414324444], [-0.187509238, 51.1596279612], [-0.187521284444444, 51.15963094111112], [-0.187534082444444, 51.15963308297778], [-0.187547632, 51.15963438680001], [-0.187561933111111, 51.15963485257778], [-0.187576985777778, 51.15963448031112], [-0.18759279, 51.15963327], [-0.187615365072593, 51.15963074538963], [-0.187634715114074, 51.15962808911704], [-0.18765108736, 51.15962534552001], [-0.187664729045926, 51.159622558936306], [-0.187675887407407, 51.15961977370372], [-0.18768480968, 51.15961703416001], [-0.187691743099259, 51.15961438464295], [-0.187696934900741, 51.15961186949037], [-0.18770063232, 51.15960953304], [-0.187703082592593, 51.15960741962963], [-0.187704532954074, 51.159605573597034], [-0.18770523064, 51.15960403928], [-0.187705422885926, 51.159602861016296], [-0.187705356927407, 51.1596020831437], [-0.18770528, 51.15960175], [-0.187704223422222, 51.159598661377785], [-0.187701053688889, 51.159589523511116], [-0.1876957708, 51.159574336400006], [-0.187688374755556, 51.15955310004445], [-0.187678865555556, 51.15952581444446], [-0.1876672432, 51.159492479600004], [-0.187653507688889, 51.15945309551112], [-0.187637659022222, 51.15940766217778], [-0.1876196972, 51.15935617960001], [-0.187599622222222, 51.15929864777778], [-0.187577434088889, 51.15923506671111], [-0.1875531328, 51.1591654364], [-0.187526718355556, 51.159089756844445], [-0.187498190755556, 51.15900802804445], [-0.18746755, 51.15892025], [-0.187462300888889, 51.15891129720001], [-0.187456057555556, 51.15890306813334], [-0.18744882, 51.15889556280001], [-0.187440588222222, 51.158888781200005], [-0.187431362222222, 51.15888272333334], [-0.187421142, 51.1588773892], [-0.187409927555556, 51.1588727788], [-0.187397718888889, 51.15886889213334], [-0.187384516, 51.15886572920001], [-0.187370318888889, 51.15886329], [-0.187355127555556, 51.15886157453333], [-0.187338942, 51.1588605828], [-0.187321762222222, 51.1588603148], [-0.187303588222222, 51.15886077053334], [-0.18728442, 51.15886195], [-0.18482315, 51.159196], [-0.1842508, 51.15895906], [-0.18437882, 51.15912655], [-0.184388099333333, 51.15913540057778], [-0.184397617333333, 51.159143498977784], [-0.184407374, 51.1591508452], [-0.184417369333333, 51.15915743924445], [-0.184427603333333, 51.15916328111111], [-0.184438076, 51.159168370799996], [-0.184448787333333, 51.159172708311104], [-0.184459737333333, 51.15917629364444], [-0.184470926, 51.159179126800005], [-0.184482353333333, 51.15918120777778], [-0.184494019333333, 51.159182536577774], [-0.184505924, 51.1591831132], [-0.184518067333333, 51.159182937644445], [-0.184530449333333, 51.15918200991111], [-0.18454307, 51.15918033], [-0.18480944, 51.15914209], [-0.184819459422222, 51.15914019182223], [-0.184828592355556, 51.15913779595556], [-0.1848368388, 51.15913490240001], [-0.184844198755556, 51.15913151115556], [-0.184850672222222, 51.159127622222236], [-0.1848562592, 51.159123235600006], [-0.184860959688889, 51.15911835128889], [-0.184864773688889, 51.1591129692889], [-0.1848677012, 51.159107089600006], [-0.184869742222222, 51.15910071222223], [-0.184870896755556, 51.15909383715556], [-0.1848711648, 51.159086464400005], [-0.184870546355556, 51.159078593955556], [-0.184869041422222, 51.15907022582223], [-0.18486665, 51.15906136], [-0.18485041, 51.15901335], [-0.18493043, 51.15901457], [-0.18494009, 51.1590439], [-0.184942657822222, 51.15905045622223], [-0.184945723955556, 51.159056482222226], [-0.1849492884, 51.15906197800001], [-0.184953351155556, 51.15906694355556], [-0.184957912222222, 51.1590713788889], [-0.1849629716, 51.159075284], [-0.184968529288889, 51.15907865888889], [-0.184974585288889, 51.159081503555555], [-0.1849811396, 51.159083818], [-0.184988192222222, 51.15908560222222], [-0.184995743155556, 51.15908685622222], [-0.1850037924, 51.15908758], [-0.185012339955556, 51.159087773555555], [-0.185021385822222, 51.15908743688889], [-0.18503093, 51.15908657], [-0.18526093, 51.15905725], [-0.185269313511111, 51.1590560248], [-0.185277045377778, 51.159054482533335], [-0.1852841256, 51.159052623200004], [-0.185290554177778, 51.1590504468], [-0.185296331111111, 51.15904795333334], [-0.1853014564, 51.159045142800004], [-0.185305930044444, 51.1590420152], [-0.185309752044444, 51.159038570533326], [-0.1853129224, 51.1590348088], [-0.185315441111111, 51.15903073], [-0.185317308177778, 51.15902633413334], [-0.1853185236, 51.1590216212], [-0.185319087377778, 51.1590165912], [-0.185318999511111, 51.15901124413334], [-0.18531826, 51.15900558], [-0.18529321, 51.15892075], [-0.18541846, 51.15894135], [-0.18544963, 51.15901745], [-0.185451711022222, 51.159021326844446], [-0.185454263422222, 51.15902485604445], [-0.1854572872, 51.15902803760001], [-0.185460782355556, 51.159030871511106], [-0.185464748888889, 51.15903335777779], [-0.1854691868, 51.159035496399994], [-0.185474096088889, 51.159037287377785], [-0.185479476755556, 51.15903873071111], [-0.1854853288, 51.1590398264], [-0.185491652222222, 51.15904057444445], [-0.185498447022222, 51.159040974844444], [-0.1855057132, 51.159041027600004], [-0.185513450755556, 51.159040732711105], [-0.185521659688889, 51.15904009017778], [-0.18553034, 51.1590391], [-0.18690093, 51.15885293]]}}, {"type": "Feature", "properties": {"name": "Linear Feature 2", "painted_line_type": "DOUBLE_SOLID_YELLOW", "lighting_line_type": null}, "geometry": {"type": "LineString", "coordinates": [[-0.18704982, 51.15883321], [-0.18734092, 51.15879465], [-0.187347746311111, 51.15879381902222], [-0.187354123911111, 51.15879256875556], [-0.1873600528, 51.15879089920001], [-0.187365532977778, 51.15878881035556], [-0.187370564444444, 51.158786302222225], [-0.1873751472, 51.1587833748], [-0.187379281244444, 51.158780028088884], [-0.187382966577778, 51.15877626208889], [-0.1873862032, 51.158772076800005], [-0.187388991111111, 51.15876747222222], [-0.187391330311111, 51.15876244835556], [-0.1873932208, 51.1587570052], [-0.187394662577778, 51.158751142755555], [-0.187395655644444, 51.15874486102222], [-0.1873962, 51.15873816], [-0.1873716, 51.15864177], [-0.18727441, 51.15836444], [-0.187271877466667, 51.1583578228], [-0.187269090533333, 51.15835137653333], [-0.1872660492, 51.158345101200005], [-0.187262753466667, 51.1583389968], [-0.187259203333333, 51.15833306333333], [-0.1872553988, 51.158327300799996], [-0.187251339866667, 51.158321709199996], [-0.187247026533333, 51.158316288533335], [-0.1872424588, 51.1583110388], [-0.187237636666667, 51.15830596], [-0.187232560133333, 51.158301052133325], [-0.1872272292, 51.158296315200005], [-0.187221643866667, 51.1582917492], [-0.187215804133333, 51.158287354133336], [-0.18720971, 51.15828313], [-0.18711705, 51.15821091], [-0.18704096, 51.15797741], [-0.187036657377778, 51.15796690471112], [-0.187031320177778, 51.15795717284445], [-0.1870249484, 51.15794821440001], [-0.187017542044444, 51.157940029377784], [-0.187009101111111, 51.15793261777779], [-0.1869996256, 51.1579259796], [-0.186989115511111, 51.157920114844444], [-0.186977570844444, 51.157915023511116], [-0.1869649916, 51.1579107056], [-0.186951377777778, 51.15790716111111], [-0.186936729377778, 51.157904390044436], [-0.1869210464, 51.157902392400004], [-0.186904328844444, 51.15790116817777], [-0.186886576711111, 51.15790071737778], [-0.18686779, 51.15790104], [-0.18653505, 51.15794585]]}}, {"type": "Feature", "properties": {"name": "Linear Feature 2", "painted_line_type": "DOUBLE_SOLID_YELLOW", "lighting_line_type": null}, "geometry": {"type": "LineString", "coordinates": [[-0.18531115, 51.15812426], [-0.185308899111111, 51.1581234272], [-0.185306698444444, 51.15812265413334], [-0.185304548, 51.15812194080001], [-0.185302447777778, 51.15812128720001], [-0.185300397777778, 51.158120693333345], [-0.185298398, 51.158120159199996], [-0.185296448444444, 51.1581196848], [-0.185294549111111, 51.15811927013333], [-0.1852927, 51.1581189152], [-0.185290901111111, 51.15811862], [-0.185289152444444, 51.15811838453333], [-0.185287454, 51.158118208800005], [-0.185285805777778, 51.158118092799995], [-0.185284207777778, 51.15811803653334], [-0.18528266, 51.15811804], [-0.18482015, 51.15817747], [-0.1848003864, 51.15818071751111], [-0.184782242266667, 51.15818476404445], [-0.1847657176, 51.1581896096], [-0.1847508124, 51.15819525417779], [-0.184737526666667, 51.158201697777784], [-0.1847258604, 51.1582089404], [-0.1847158136, 51.15821698204444], [-0.184707386266667, 51.15822582271112], [-0.1847005784, 51.1582354624], [-0.18469539, 51.158245901111115], [-0.184691821066667, 51.15825713884445], [-0.1846898716, 51.158269175600005], [-0.1846895416, 51.15828201137778], [-0.184690831066667, 51.158295646177784], [-0.18469374, 51.15831008], [-0.1846709, 51.15849801], [-0.1846114, 51.15832173], [-0.184603475066667, 51.15830939191112], [-0.184594868266667, 51.158298004311106], [-0.1845855796, 51.158287567200006], [-0.184575609066667, 51.15827808057778], [-0.184564956666667, 51.15826954444446], [-0.1845536224, 51.1582619588], [-0.184541606266667, 51.15825532364444], [-0.184528908266667, 51.15824963897778], [-0.1845155284, 51.1582449048], [-0.184501466666667, 51.15824112111111], [-0.184486723066667, 51.158238287911104], [-0.1844712976, 51.1582364052], [-0.184455190266667, 51.15823547297777], [-0.184438401066667, 51.15823549124444], [-0.18442093, 51.15823646], [-0.1841912, 51.15826767], [-0.184175967733333, 51.158270263022224], [-0.184161622933333, 51.158273351422224], [-0.1841481656, 51.15827693520001], [-0.184135595733333, 51.158281014355566], [-0.184123913333333, 51.1582855888889], [-0.1841131184, 51.1582906588], [-0.184103210933333, 51.15829622408889], [-0.184094190933333, 51.15830228475555], [-0.1840860584, 51.15830884079999], [-0.184078813333333, 51.15831589222222], [-0.184072455733333, 51.15832343902222], [-0.1840669856, 51.1583314812], [-0.184062402933333, 51.15834001875555], [-0.184058707733333, 51.158349051688894], [-0.1840559, 51.15835858], [-0.18404817, 51.15852368]]}}, {"type": "Feature", "properties": {"name": "Linear Feature 1", "painted_line_type": "DOUBLE_SOLID_YELLOW", "lighting_line_type": null}, "geometry": {"type": "LineString", "coordinates": [[-0.19140431, 51.15511488], [-0.1914111096, 51.155111106311104], [-0.191418289733333, 51.15510746257778], [-0.1914258504, 51.15510394880001], [-0.1914337916, 51.155100564977786], [-0.191442113333333, 51.15509731111111], [-0.1914508156, 51.1550941872], [-0.1914598984, 51.15509119324444], [-0.191469361733333, 51.15508832924444], [-0.1914792056, 51.15508559519999], [-0.19148943, 51.15508299111111], [-0.191500034933333, 51.155080516977776], [-0.1915110204, 51.1550781728], [-0.1915223864, 51.155075958577775], [-0.191534132933333, 51.155073874311114], [-0.19154626, 51.15507192], [-0.19380454, 51.15474074], [-0.1938418892, 51.15474189115556], [-0.1938778568, 51.15474377662223], [-0.1939124428, 51.15474639640001], [-0.1939456472, 51.154749750488904], [-0.19397747, 51.15475383888891], [-0.1940079112, 51.154758661600006], [-0.1940369708, 51.15476421862222], [-0.1940646488, 51.154770509955554], [-0.1940909452, 51.154777535600005], [-0.19411586, 51.154785295555556], [-0.1941393932, 51.15479378982222], [-0.1941615448, 51.1548030184], [-0.1941823148, 51.154812981288885], [-0.1942017032, 51.15482367848889], [-0.19421971, 51.15483511], [-0.19449451, 51.15502289], [-0.194511094577778, 51.15503439808889], [-0.194527813644444, 51.155046565022225], [-0.1945446672, 51.155059390800005], [-0.194561655244444, 51.15507287542223], [-0.194578777777778, 51.15508701888889], [-0.1945960348, 51.1551018212], [-0.194613426311111, 51.155117282355555], [-0.194630952311111, 51.15513340235556], [-0.1946486128, 51.1551501812], [-0.194666407777778, 51.155167618888896], [-0.194684337244444, 51.15518571542222], [-0.1947024012, 51.1552044708], [-0.194720599644444, 51.155223885022224], [-0.194738932577778, 51.155243958088896], [-0.1947574, 51.15526469], [-0.194791363777778, 51.155312044133346], [-0.194828857777778, 51.15535739720001], [-0.194869882, 51.15540074920001], [-0.194914436444444, 51.15544210013335], [-0.194962521111111, 51.15548145000001], [-0.195014136, 51.15551879880001], [-0.195069281111111, 51.15555414653333], [-0.195127956444444, 51.1555874932], [-0.195190162, 51.1556188388], [-0.195255897777778, 51.155648183333334], [-0.195325163777778, 51.155675526799996], [-0.19539796, 51.155700869200004], [-0.195474286444444, 51.155724210533336], [-0.195554143111111, 51.155745550800006], [-0.19563753, 51.15576489], [-0.19660969, 51.15595299], [-0.1966648704, 51.15596286293333], [-0.1967200836, 51.155971572400006], [-0.1967753296, 51.15597911840001], [-0.1968306084, 51.15598550093334], [-0.19688592, 51.15599072000001], [-0.1969412644, 51.15599477560001], [-0.1969966416, 51.15599766773333], [-0.1970520516, 51.155999396400006], [-0.1971074944, 51.1559999616], [-0.19716297, 51.155999363333336], [-0.1972184784, 51.155997601600006], [-0.1972740196, 51.155994676400006], [-0.1973295936, 51.155990587733335], [-0.1973852004, 51.15598533560001], [-0.19744084, 51.15597892], [-0.19778847, 51.15593438], [-0.197888587733333, 51.155916106], [-0.197980164933333, 51.15589474266667], [-0.1980632016, 51.15587029000001], [-0.198137697733333, 51.155842748], [-0.198203653333333, 51.15581211666668], [-0.1982610684, 51.155778396], [-0.198309942933333, 51.155741586], [-0.198350276933333, 51.15570168666667], [-0.1983820704, 51.155658698], [-0.198405323333333, 51.15561262], [-0.198420035733333, 51.15556345266667], [-0.1984262076, 51.155511196], [-0.198423838933333, 51.15545585], [-0.198412929733333, 51.15539741466667], [-0.19839348, 51.15533589], [-0.19740054, 51.15249336], [-0.197398420577778, 51.15248681786667], [-0.197396515644444, 51.1524803168], [-0.1973948252, 51.15247385680001], [-0.197393349244444, 51.15246743786667], [-0.197392087777778, 51.15246106], [-0.1973910408, 51.1524547232], [-0.197390208311111, 51.152448427466666], [-0.197389590311111, 51.15244217280001], [-0.1973891868, 51.152435959200005], [-0.197388997777778, 51.152429786666666], [-0.197389023244444, 51.152423655199996], [-0.1973892632, 51.1524175648], [-0.197389717644444, 51.15241151546667], [-0.197390386577778, 51.1524055072], [-0.19739127, 51.15239954], [-0.19743958, 51.15232899], [-0.19726797, 51.15236148], [-0.19727222, 51.15240439], [-0.19830574, 51.15534718], [-0.198320107644444, 51.15540282235556], [-0.198327346577778, 51.155455581422224], [-0.1983274568, 51.15550545720001], [-0.198320438311111, 51.15555244968889], [-0.198306291111111, 51.1555965588889], [-0.1982850152, 51.15563778479999], [-0.198256610577778, 51.155676127422225], [-0.198221077244444, 51.15571158675556], [-0.1981784152, 51.1557441628], [-0.198128624444444, 51.15577385555556], [-0.198071704977778, 51.15580066502222], [-0.1980076568, 51.1558245912], [-0.197936479911111, 51.155845634088884], [-0.197858174311111, 51.15586379368889], [-0.19777274, 51.15587907], [-0.19742809, 51.15592432], [-0.197383763866667, 51.15592952066667], [-0.1973389508, 51.15593384], [-0.1972936508, 51.155937278], [-0.197247863866667, 51.155939834666675], [-0.19720159, 51.15594151], [-0.1971548292, 51.155942304], [-0.197107581466667, 51.155942216666666], [-0.1970598468, 51.155941248], [-0.1970116252, 51.155939398], [-0.196962916666667, 51.15593666666667], [-0.1969137212, 51.155933054], [-0.1968640388, 51.15592856], [-0.196813869466667, 51.15592318466667], [-0.1967632132, 51.155916928], [-0.19671207, 51.15590979], [-0.19566666, 51.15571086], [-0.195612797422222, 51.15569958942223], [-0.195559959022222, 51.15568668968889], [-0.1955081448, 51.15567216080001], [-0.195457354755556, 51.15565600275556], [-0.195407588888889, 51.155638215555555], [-0.1953588472, 51.155618799200006], [-0.195311129688889, 51.15559775368889], [-0.195264436355556, 51.15557507902222], [-0.1952187672, 51.1555507752], [-0.195174122222222, 51.15552484222222], [-0.195130501422222, 51.15549728008889], [-0.1950879048, 51.155468088800006], [-0.195046332355556, 51.155437268355556], [-0.195005784088889, 51.15540481875556], [-0.19496626, 51.15537074], [-0.19477063, 51.15516205], [-0.19463395, 51.15503257], [-0.19425562, 51.15477176], [-0.19413447, 51.15471871], [-0.194109919466667, 51.15471136231111], [-0.1940857452, 51.154704724577776], [-0.1940619472, 51.154698796800005], [-0.194038525466667, 51.154693578977785], [-0.19401548, 51.154689071111115], [-0.1939928108, 51.1546852732], [-0.193970517866667, 51.15468218524444], [-0.1939486012, 51.15467980724444], [-0.1939270608, 51.1546781392], [-0.193905896666667, 51.15467718111111], [-0.1938851088, 51.15467693297778], [-0.1938646972, 51.154677394800004], [-0.193844661866667, 51.154678566577786], [-0.1938250028, 51.15468044831111], [-0.19380572, 51.15468304], [-0.19157089, 51.15500347], [-0.191546812088889, 51.15500690004445], [-0.191523967688889, 51.15501024084445], [-0.1915023568, 51.1550134924], [-0.191481979422222, 51.15501665471111], [-0.191462835555556, 51.15501972777779], [-0.1914449252, 51.1550227116], [-0.191428248355556, 51.15502560617778], [-0.191412805022222, 51.155028411511104], [-0.1913985952, 51.1550311276], [-0.191385618888889, 51.155033754444446], [-0.191373876088889, 51.15503629204444], [-0.1913633668, 51.1550387404], [-0.191354091022222, 51.15504109951111], [-0.191346048755556, 51.15504336937778], [-0.19133924, 51.15504555]]}}, {"type": "Feature", "properties": {"name": "Linear Feature 6", "painted_line_type": "DOUBLE_SOLID_YELLOW", "lighting_line_type": null}, "geometry": {"type": "LineString", "coordinates": [[-0.19029148, 51.15439582], [-0.190291183555556, 51.15439799382222], [-0.190290616888889, 51.154399973955556], [-0.19028978, 51.154401760400006], [-0.190288672888889, 51.15440335315556], [-0.190287295555556, 51.15440475222222], [-0.190285648, 51.15440595759999], [-0.190283730222222, 51.154406969288885], [-0.190281542222222, 51.154407787288896], [-0.190279084, 51.1544084116], [-0.190276355555556, 51.154408842222225], [-0.190273356888889, 51.154409079155556], [-0.190270088, 51.1544091224], [-0.190266548888889, 51.154408971955554], [-0.190262739555556, 51.15440862782222], [-0.19025866, 51.15440809], [-0.190246345822222, 51.15440577635556], [-0.190234651288889, 51.15440364608889], [-0.1902235764, 51.1544016992], [-0.190213121155556, 51.154399935688886], [-0.190203285555556, 51.15439835555556], [-0.1901940696, 51.15439695880001], [-0.190185473288889, 51.15439574542222], [-0.190177496622222, 51.15439471542222], [-0.1901701396, 51.1543938688], [-0.190163402222222, 51.15439320555556], [-0.190157284488889, 51.15439272568888], [-0.1901517864, 51.1543924292], [-0.190146907955556, 51.15439231608889], [-0.190142649155556, 51.15439238635555], [-0.19013901, 51.15439264], [-0.190136452266667, 51.15439256991111], [-0.190135437733333, 51.15439166897777], [-0.1901359664, 51.1543899372], [-0.190138038266667, 51.15438737457778], [-0.190141653333333, 51.154383981111124], [-0.1901468116, 51.1543797568], [-0.190153513066667, 51.15437470164444], [-0.190161757733333, 51.154368815644446], [-0.1901715456, 51.15436209880001], [-0.190182876666667, 51.15435455111111], [-0.190195750933333, 51.154346172577775], [-0.1902101684, 51.154336963199995], [-0.190226129066667, 51.15432692297777], [-0.190243632933333, 51.15431605191111], [-0.19026268, 51.15430435], [-0.19029148, 51.15439582], [-0.19026268, 51.15430435]]}}, {"type": "Feature", "properties": {"name": "Satellite ramp markings", "painted_line_type": "WIDE_SOLID_WHITE_WITH_BLACK_BORDER", "lighting_line_type": null}, "geometry": {"type": "LineString", "coordinates": [[-0.16616977, 51.15743347], [-0.16630172, 51.15741445], [-0.166305745774815, 51.15741215551112], [-0.166310705665185, 51.15740934182222], [-0.16631648952, 51.15740607160001], [-0.166322987188148, 51.15740240751112], [-0.166330088518519, 51.15739841222223], [-0.16633768336, 51.1573941484], [-0.166345661561481, 51.15738967871111], [-0.166353912971852, 51.157385065822226], [-0.16636232744, 51.15738037240001], [-0.166370794814815, 51.15737566111112], [-0.166379204945185, 51.15737099462223], [-0.16638744768, 51.157366435600004], [-0.166395412868148, 51.157362046711114], [-0.166402990358519, 51.15735789062222], [-0.16641007, 51.15735403], [-0.166417449573333, 51.1573502597926], [-0.166426111653333, 51.157346297674074], [-0.16643622328, 51.157342090400014], [-0.166447951493333, 51.15733758472594], [-0.166461463333333, 51.15733272740743], [-0.16647692584, 51.157327465200005], [-0.166494506053333, 51.15732174485926], [-0.166514371013333, 51.157315513140745], [-0.16653668776, 51.1573087168], [-0.166561623333333, 51.15730130259259], [-0.166589344773333, 51.157293217274066], [-0.16662001912, 51.1572844076], [-0.166653813413333, 51.157274820325924], [-0.166690894693333, 51.1572644022074], [-0.16673143, 51.1572531], [-0.16928683, 51.15691881], [-0.169349355511111, 51.15691779275556], [-0.169408310711111, 51.156919477022235], [-0.1694636956, 51.1569238628], [-0.169515510177778, 51.1569309500889], [-0.169563754444444, 51.15694073888889], [-0.1696084284, 51.156953229200006], [-0.169649532044444, 51.15696842102221], [-0.169687065377778, 51.15698631435555], [-0.1697210284, 51.1570069092], [-0.169751421111111, 51.15703020555556], [-0.169778243511111, 51.157056203422215], [-0.1698014956, 51.1570849028], [-0.169821177377778, 51.15711630368888], [-0.169837288844444, 51.15715040608888], [-0.16984983, 51.15718721], [-0.17018326, 51.15816791], [-0.170191265315556, 51.158277406222226], [-0.170183115057778, 51.15838302457779], [-0.17015990992, 51.158484521600016], [-0.170122750595556, 51.15858165382224], [-0.170072737777778, 51.15867417777779], [-0.17001097216, 51.15876185], [-0.169938554435556, 51.15884442702222], [-0.169856585297778, 51.158921665377775], [-0.16976616544, 51.15899332159999], [-0.169668395555556, 51.15905915222222], [-0.169564376337778, 51.159118913777775], [-0.16945520848, 51.1591723628], [-0.169341992675556, 51.15921925582222], [-0.169225829617778, 51.15925934937778], [-0.16910782, 51.1592924], [-0.1690292244, 51.15931093137778], [-0.1689515256, 51.15932726151111], [-0.1688747236, 51.1593413904], [-0.1687988184, 51.159353318044445], [-0.16872381, 51.159363044444454], [-0.1686496984, 51.15937056959999], [-0.1685764836, 51.15937589351111], [-0.1685041656, 51.15937901617778], [-0.1684327444, 51.15937993760001], [-0.16836222, 51.15937865777778], [-0.1682925924, 51.15937517671111], [-0.1682238616, 51.1593694944], [-0.1681560276, 51.15936161084444], [-0.1680890904, 51.159351526044446], [-0.16802305, 51.15933924], [-0.16769649, 51.15927024]]}}, {"type": "Feature", "properties": {"name": "Satellite ramp markings", "painted_line_type": "WIDE_SOLID_WHITE_WITH_BLACK_BORDER", "lighting_line_type": null}, "geometry": {"type": "LineString", "coordinates": [[-0.16616999, 51.15743603], [-0.16630379, 51.15741709], [-0.166307823185185, 51.15741478936594], [-0.166312818414815, 51.157411954794085], [-0.1663186612, 51.15740865128002], [-0.166325237051852, 51.15740494381927], [-0.166332431481482, 51.15740089740742], [-0.16634013, 51.157396577040004], [-0.166348218118519, 51.157392047712584], [-0.166356581348148, 51.15738737442074], [-0.1663651052, 51.157382622160014], [-0.166373675185185, 51.15737785592594], [-0.166382176814815, 51.15737314071407], [-0.1663904956, 51.15736854152001], [-0.166398517051852, 51.15736412333926], [-0.166406126681481, 51.15735995116741], [-0.16641321, 51.15735609], [-0.166420564980741, 51.1573523374963], [-0.166429179179259, 51.157348410770375], [-0.16643922248, 51.157344254], [-0.166450864767407, 51.15733981136297], [-0.166464275925926, 51.15733502703704], [-0.16647962584, 51.157329845199996], [-0.166497084394074, 51.15732421002963], [-0.166516821472593, 51.1573180657037], [-0.16653900696, 51.1573113564], [-0.166563810740741, 51.157304026296295], [-0.166591402699259, 51.15729601957037], [-0.16662195272, 51.1572872804], [-0.166655630687407, 51.157277752962955], [-0.166692606485926, 51.15726738143704], [-0.16673305, 51.15725611], [-0.16928717, 51.15692162], [-0.169349557822222, 51.15692059711111], [-0.169408353288889, 51.156922253777786], [-0.1694635564, 51.15692659], [-0.169515167155556, 51.15693360577779], [-0.169563185555556, 51.15694330111111], [-0.1696076116, 51.156955676], [-0.169648445288889, 51.15697073044445], [-0.169685686622222, 51.156988464444446], [-0.1697193356, 51.157008878], [-0.169749392222222, 51.15703197111112], [-0.169775856488889, 51.15705774377778], [-0.1697987284, 51.157086196], [-0.169818007955556, 51.157117327777776], [-0.169833695155556, 51.157151139111114], [-0.16984579, 51.15718763], [-0.17017886, 51.1581696], [-0.170186849887407, 51.15827885650667], [-0.170178715899259, 51.15838419312002], [-0.17015555656, 51.15848537448001], [-0.170118470394074, 51.15858216522668], [-0.170068555925926, 51.15867433], [-0.17000691168, 51.15876163344001], [-0.169934636180741, 51.15884384018667], [-0.169852827952593, 51.15892071488], [-0.16976258552, 51.15899202216], [-0.169665007407407, 51.159057526666665], [-0.169561192139259, 51.159116993039994], [-0.16945223824, 51.159170185920004], [-0.169339244234074, 51.15921686994667], [-0.169223308645926, 51.15925680976], [-0.16910553, 51.15928977], [-0.169027094533333, 51.15930826564445], [-0.1689495668, 51.15932456324445], [-0.1688729468, 51.1593386628], [-0.168797234533333, 51.15935056431111], [-0.16872243, 51.159360267777785], [-0.1686485332, 51.1593677732], [-0.168575544133333, 51.15937308057778], [-0.1685034628, 51.15937618991112], [-0.1684322892, 51.1593771012], [-0.168362023333333, 51.159375814444445], [-0.1682926652, 51.15937232964445], [-0.1682242148, 51.1593666468], [-0.168156672133333, 51.159358765911115], [-0.1680900372, 51.15934868697778], [-0.16802431, 51.15933641], [-0.167698, 51.15926758]]}}, {"type": "Feature", "properties": {"name": "Satellite ramp markings", "painted_line_type": "WIDE_SOLID_WHITE_WITH_BLACK_BORDER", "lighting_line_type": null}, "geometry": {"type": "LineString", "coordinates": [[-0.16731193, 51.15922933], [-0.16726578, 51.15921119], [-0.1669204, 51.15882804]]}}, {"type": "Feature", "properties": {"name": "Satellite ramp markings", "painted_line_type": "WIDE_SOLID_WHITE_WITH_BLACK_BORDER", "lighting_line_type": null}, "geometry": {"type": "LineString", "coordinates": [[-0.16731133, 51.15922613], [-0.16726874, 51.15920913], [-0.16692428, 51.15882675]]}}, {"type": "Feature", "properties": {"name": "Satellite ramp markings", "painted_line_type": "WIDE_SOLID_WHITE_WITH_BLACK_BORDER", "lighting_line_type": null}, "geometry": {"type": "LineString", "coordinates": [[-0.16678982, 51.1587895], [-0.16672033, 51.15876443], [-0.16659649, 51.15856077], [-0.16653271, 51.15833704], [-0.1663856, 51.15801611]]}}, {"type": "Feature", "properties": {"name": "Satellite ramp markings", "painted_line_type": "WIDE_SOLID_WHITE_WITH_BLACK_BORDER", "lighting_line_type": null}, "geometry": {"type": "LineString", "coordinates": [[-0.1667875, 51.15879225], [-0.16671658, 51.15876654], [-0.16659225, 51.1585621], [-0.16652837, 51.15833836], [-0.16638075, 51.15801665]]}}, {"type": "Feature", "properties": {"name": "Roads Gates 46-48", "painted_line_type": "WIDE_SOLID_WHITE_WITH_BLACK_BORDER", "lighting_line_type": null}, "geometry": {"type": "LineString", "coordinates": [[-0.1713947, 51.15886269], [-0.171392729644444, 51.158858318044445], [-0.171390455911111, 51.15885441817778], [-0.1713878788, 51.15885099040001], [-0.171384998311111, 51.15884803471112], [-0.171381814444444, 51.15884555111111], [-0.1713783272, 51.1588435396], [-0.171374536577778, 51.158842000177785], [-0.171370442577778, 51.15884093284445], [-0.1713660452, 51.158840337600004], [-0.171361344444444, 51.158840214444446], [-0.171356340311111, 51.15884056337778], [-0.1713510328, 51.158841384400006], [-0.171345421911111, 51.15884267751112], [-0.171339507644444, 51.158844442711114], [-0.17133329, 51.15884668], [-0.17125701, 51.15889649], [-0.1711578548, 51.15904223888889], [-0.171050447866667, 51.15917872822222], [-0.1709347892, 51.159305958], [-0.1708108788, 51.15942392822222], [-0.170678716666667, 51.15953263888889], [-0.1705383028, 51.15963209], [-0.1703896372, 51.159722281555545], [-0.170232719866667, 51.159803213555556], [-0.1700675508, 51.159874886], [-0.16989413, 51.15993729888889], [-0.169712457466667, 51.15999045222222], [-0.1695225332, 51.160034346], [-0.1693243572, 51.16006898022222], [-0.169117929466667, 51.16009435488889], [-0.16890325, 51.16011047]]}}, {"type": "Feature", "properties": {"name": "Roads Gates 46-48", "painted_line_type": "WIDE_SOLID_WHITE_WITH_BLACK_BORDER", "lighting_line_type": null}, "geometry": {"type": "LineString", "coordinates": [[-0.17139032, 51.15886328], [-0.171388712044444, 51.15885939253333], [-0.171386824177778, 51.15885592213334], [-0.1713846564, 51.15885286880001], [-0.171382208711111, 51.15885023253334], [-0.171379481111111, 51.15884801333334], [-0.1713764736, 51.1588462112], [-0.171373186177778, 51.15884482613333], [-0.171369618844444, 51.15884385813334], [-0.1713657716, 51.1588433072], [-0.171361644444444, 51.15884317333334], [-0.171357237377778, 51.15884345653333], [-0.1713525504, 51.1588441568], [-0.171347583511111, 51.158845274133334], [-0.171342336711111, 51.15884680853333], [-0.17133681, 51.15884876], [-0.17126099, 51.15889796], [-0.171161818355556, 51.159043714444444], [-0.171054362088889, 51.15918022044444], [-0.1709386212, 51.159307478], [-0.170814595688889, 51.159425487111115], [-0.170682285555556, 51.15953424777778], [-0.1705416908, 51.15963376], [-0.170392811422222, 51.159724023777784], [-0.170235647422222, 51.15980503911111], [-0.1700701988, 51.159876806], [-0.169896465555556, 51.15993932444444], [-0.169714447688889, 51.15999259444444], [-0.1695241452, 51.160036616], [-0.169325558088889, 51.16007138911111], [-0.169118686355556, 51.16009691377778], [-0.16890353, 51.16011319], [-0.16898889, 51.16010586]]}}, {"type": "Feature", "properties": {"name": "Roads Gates 46-48", "painted_line_type": "SOLID_WHITE_WITH_BLACK_BORDER", "lighting_line_type": null}, "geometry": {"type": "LineString", "coordinates": [[-0.17128225, 51.16009179], [-0.17146624, 51.16009645], [-0.1719706, 51.15979039]]}}, {"type": "Feature", "properties": {"name": "Lines West park", "painted_line_type": "DOUBLE_SOLID_YELLOW_WITH_BLACK_BORDER", "lighting_line_type": null}, "geometry": {"type": "LineString", "coordinates": [[-0.18170938, 51.15253165], [-0.18139248, 51.1524335], [-0.18158773, 51.15300656], [-0.18055726, 51.15325649]]}}, {"type": "Feature", "properties": {"name": "Lines West park", "painted_line_type": "DOUBLE_SOLID_YELLOW_WITH_BLACK_BORDER", "lighting_line_type": null}, "geometry": {"type": "LineString", "coordinates": [[-0.18105894, 51.15322219], [-0.18087856, 51.15269479], [-0.180863600755556, 51.15266237506667], [-0.180846043022222, 51.15263209026667], [-0.1808258868, 51.152603935600006], [-0.180803132088889, 51.15257791106667], [-0.180777778888889, 51.15255401666667], [-0.1807498272, 51.1525322524], [-0.180719277022222, 51.15251261826667], [-0.180686128355556, 51.15249511426667], [-0.1806503812, 51.1524797404], [-0.180612035555556, 51.15246649666667], [-0.180571091422222, 51.152455383066666], [-0.1805275488, 51.15244639960001], [-0.180481407688889, 51.15243954626666], [-0.180432668088889, 51.15243482306667], [-0.18038133, 51.15243223]]}}, {"type": "Feature", "properties": {"name": "Linear Feature 20", "painted_line_type": "DOUBLE_SOLID_YELLOW", "lighting_line_type": "BLUE_OMNIDIRECTIONAL_LIGHTS"}, "geometry": {"type": "LineString", "coordinates": [[-0.16664763, 51.15220727], [-0.166637538088889, 51.15214759044444], [-0.166628862355556, 51.15209119977777], [-0.1666216028, 51.152038098], [-0.166615759422222, 51.151988285111116], [-0.166611332222222, 51.15194176111112], [-0.1666083212, 51.151898526], [-0.166606726355556, 51.15185857977778], [-0.166606547688889, 51.15182192244445], [-0.1666077852, 51.151788554], [-0.166610438888889, 51.15175847444445], [-0.166614508755556, 51.15173168377778], [-0.1666199948, 51.151708182], [-0.166626897022222, 51.15168796911111], [-0.166635215422222, 51.151671045111115], [-0.16664495, 51.15165741], [-0.166657477866667, 51.15164537124444], [-0.166674176133333, 51.15163323631111], [-0.1666950448, 51.151621005200006], [-0.166720083866667, 51.15160867791111], [-0.166749293333333, 51.15159625444445], [-0.1667826732, 51.1515837348], [-0.166820223466667, 51.151571118977785], [-0.166861944133333, 51.15155840697777], [-0.1669078352, 51.15154559879999], [-0.166957896666667, 51.15153269444445], [-0.167012128533333, 51.15151969391111], [-0.1670705308, 51.15150659720001], [-0.167133103466667, 51.15149340431111], [-0.167199846533333, 51.15148011524445], [-0.16727076, 51.15146673]]}}, {"type": "Feature", "properties": {"name": "Linear Feature 13", "painted_line_type": "DOUBLE_SOLID_YELLOW", "lighting_line_type": "BLUE_OMNIDIRECTIONAL_LIGHTS"}, "geometry": {"type": "LineString", "coordinates": [[-0.16758324, 51.15142778], [-0.167590009333333, 51.151445371866664], [-0.167597074666667, 51.1514638408], [-0.167604436, 51.1514831868], [-0.167612093333333, 51.15150340986666], [-0.167620046666667, 51.15152451], [-0.167628296, 51.1515464872], [-0.167636841333333, 51.15156934146667], [-0.167645682666667, 51.1515930728], [-0.16765482, 51.1516176812], [-0.167664253333333, 51.151643166666666], [-0.167673982666667, 51.1516695292], [-0.167684008, 51.15169676880001], [-0.167694329333333, 51.15172488546667], [-0.167704946666667, 51.1517538792], [-0.16771586, 51.15178375], [-0.16780082, 51.15205357], [-0.16787556, 51.15265519], [-0.167876473644444, 51.15266289373333], [-0.167876838577778, 51.15267046626667], [-0.1678766548, 51.15267790760001], [-0.167875922311111, 51.152685217733335], [-0.167874641111111, 51.152692396666666], [-0.1678728112, 51.1526994444], [-0.167870432577778, 51.15270636093332], [-0.167867505244444, 51.15271314626666], [-0.1678640292, 51.15271980039999], [-0.167860004444444, 51.15272632333333], [-0.167855430977778, 51.15273271506666], [-0.1678503088, 51.1527389756], [-0.167844637911111, 51.15274510493333], [-0.167838418311111, 51.15275110306666], [-0.16783165, 51.15275697], [-0.16771829, 51.15284252], [-0.167694603422222, 51.15285703755555], [-0.167669943688889, 51.15287029688889], [-0.1676443108, 51.152882298], [-0.167617704755556, 51.152893040888905], [-0.167590125555556, 51.15290252555557], [-0.1675615732, 51.152910752], [-0.167532047688889, 51.15291772022222], [-0.167501549022222, 51.15292343022223], [-0.1674700772, 51.152927882], [-0.167437632222222, 51.15293107555556], [-0.167404214088889, 51.152933010888894], [-0.1673698228, 51.152933688], [-0.167334458355556, 51.152933106888895], [-0.167298120755556, 51.15293126755556], [-0.16726081, 51.15292817]]}}, {"type": "Feature", "properties": {"name": "Linear Feature 1", "painted_line_type": "BROKEN_YELLOW", "lighting_line_type": null}, "geometry": {"type": "LineString", "coordinates": [[-0.2142027, 51.14708735], [-0.21383094, 51.14713813]]}}, {"type": "Feature", "properties": {"name": "X/AN Island", "painted_line_type": "DOUBLE_SOLID_YELLOW", "lighting_line_type": "BLUE_OMNIDIRECTIONAL_LIGHTS"}, "geometry": {"type": "LineString", "coordinates": [[-0.16677238, 51.1537024], [-0.166774269211852, 51.153715414050374], [-0.166771853694815, 51.153727900669644], [-0.16676569272, 51.15373981856001], [-0.166756345558519, 51.153751126423714], [-0.166744371481482, 51.15376178296297], [-0.16673032976, 51.153771746880004], [-0.166714779665185, 51.15378097687704], [-0.166698280468148, 51.15378943165629], [-0.16668139144, 51.153797069919996], [-0.166664671851852, 51.15380385037038], [-0.166648680974815, 51.15380973170963], [-0.16663397808, 51.15381467264], [-0.166621122438519, 51.1538186318637], [-0.166610673321481, 51.15382156808296], [-0.16660319, 51.15382344], [-0.166591424616296, 51.15382565523259], [-0.16656876533037, 51.15382949172741], [-0.16653672544, 51.15383471368001], [-0.166496818242963, 51.15384108528593], [-0.166450557037037, 51.153848370740754], [-0.16639945512, 51.15385633424001], [-0.16634502578963, 51.153864739979255], [-0.166288782343704, 51.15387335215408], [-0.16623223808, 51.153881934960005], [-0.166176906296296, 51.1538902525926], [-0.16612430029037, 51.153898069247404], [-0.16607593336, 51.15390514912001], [-0.166033318802963, 51.153911256405934], [-0.165997969917037, 51.15391615530075], [-0.1659714, 51.15391961], [-0.165945768577778, 51.15392270418963], [-0.165913040888889, 51.15392658245038], [-0.1658744388, 51.15393110032001], [-0.165831184177778, 51.1539361133363], [-0.165784498888889, 51.15394147703704], [-0.1657356048, 51.153947046960006], [-0.165685723777778, 51.153952678642966], [-0.165636077688889, 51.153958227623704], [-0.1655878884, 51.15396354944001], [-0.165542377777778, 51.15396849962963], [-0.165500767688889, 51.153972933730365], [-0.16546428, 51.15397670728], [-0.165434136577778, 51.1539796758163], [-0.165411559288889, 51.15398169487704], [-0.16539777, 51.15398262], [-0.16538706912, 51.15398305491852], [-0.165373280826667, 51.153983587614825], [-0.16535691264, 51.15398405000001], [-0.16533847208, 51.153984273985195], [-0.165318466666667, 51.15398409148149], [-0.16529740392, 51.1539833344], [-0.16527579136, 51.15398183465185], [-0.165254136506667, 51.153979424148154], [-0.16523294688, 51.1539759348], [-0.16521273, 51.15397119851852], [-0.165193993386667, 51.15396504721481], [-0.16517724456, 51.1539573128], [-0.16516299104, 51.15394782718519], [-0.165151740346667, 51.15393642228148], [-0.165144, 51.15392293], [-0.165140262725926, 51.15390886325926], [-0.165140397807407, 51.15389582540742], [-0.1651439776, 51.153883784], [-0.165150574459259, 51.1538727065926], [-0.165159760740741, 51.153862560740755], [-0.1651711088, 51.15385331400001], [-0.165184190992593, 51.153844933925924], [-0.165198579674074, 51.15383738807408], [-0.1652138472, 51.153830644], [-0.165229565925926, 51.153824669259265], [-0.165245308207407, 51.15381943140741], [-0.1652606464, 51.153814898], [-0.165275152859259, 51.153811036592586], [-0.165288399940741, 51.153807814740745], [-0.16529996, 51.1538052], [-0.165315798992593, 51.15380215993186], [-0.165341234340741, 51.15379781732149], [-0.1653748656, 51.153792372560005], [-0.165415292325926, 51.15378602603853], [-0.165461114074074, 51.153778978148154], [-0.1655109304, 51.153771429280006], [-0.165563340859259, 51.15376357982518], [-0.165616945007407, 51.15375563017482], [-0.1656703424, 51.15374778072], [-0.165722132592593, 51.15374023185185], [-0.165770915140741, 51.15373318396148], [-0.1658152896, 51.153726837440004], [-0.165853855525926, 51.15372139267852], [-0.165885212474074, 51.15371705006815], [-0.16590796, 51.15371401], [-0.165931205647407, 51.15371105771556], [-0.165963934779259, 51.153706976524454], [-0.16600456368, 51.15370196392001], [-0.166051508634074, 51.15369621739556], [-0.166103185925926, 51.15368993444445], [-0.16615801184, 51.15368331256], [-0.166214402660741, 51.153676549235556], [-0.166270774672593, 51.153669841964444], [-0.16632554416, 51.15366338824001], [-0.166377127407407, 51.153657385555555], [-0.166423940699259, 51.153652031404434], [-0.16646440032, 51.15364752328], [-0.166496922554074, 51.15364405867555], [-0.166519923685926, 51.15364183508444], [-0.16653182, 51.15364105], [-0.166539688219259, 51.15364100632889], [-0.166551269220741, 51.15364096569778], [-0.16656597552, 51.15364106368001], [-0.166583219632593, 51.1536414358489], [-0.166602414074074, 51.15364221777779], [-0.16662297136, 51.15364354504], [-0.166644304005926, 51.15364555320889], [-0.166665824527407, 51.15364837785777], [-0.16668694544, 51.15365215456001], [-0.166707079259259, 51.15365701888889], [-0.166725638500741, 51.15366310641777], [-0.16674203568, 51.15367055272], [-0.166755683312593, 51.1536794933689], [-0.166765993914074, 51.15369006393778], [-0.16677238, 51.1537024]]}}, {"type": "Feature", "properties": {"name": "AN/V Island", "painted_line_type": "DOUBLE_SOLID_YELLOW", "lighting_line_type": "BLUE_OMNIDIRECTIONAL_LIGHTS"}, "geometry": {"type": "LineString", "coordinates": [[-0.16659838, 51.15328847], [-0.166592715380741, 51.153298953608896], [-0.166586163579259, 51.153309672471124], [-0.16657867368, 51.153320530640016], [-0.166570194767407, 51.153331432168905], [-0.166560675925926, 51.15334228111112], [-0.16655006624, 51.15335298152001], [-0.166538314794074, 51.15336343744888], [-0.166525370672593, 51.15337355295111], [-0.16651118296, 51.15338323208], [-0.166495700740741, 51.153392378888896], [-0.166478873099259, 51.15340089743111], [-0.16646064912, 51.153408691760006], [-0.166440977887407, 51.15341566592889], [-0.166419808485926, 51.153421723991116], [-0.16639709, 51.15342677], [-0.16586036, 51.15350317], [-0.16527415, 51.15358196], [-0.165247627285926, 51.15358365962666], [-0.165221449887407, 51.15358403061334], [-0.16519575992, 51.15358314512], [-0.165170699499259, 51.15358107530669], [-0.165146410740741, 51.15357789333334], [-0.16512303576, 51.15357367136001], [-0.165100716672593, 51.15356848154667], [-0.165079595594074, 51.15356239605333], [-0.16505981464, 51.15355548704001], [-0.165041515925926, 51.153547826666674], [-0.165024841567407, 51.15353948709333], [-0.16500993368, 51.153530540480006], [-0.164996934379259, 51.15352105898667], [-0.164985985780741, 51.15351111477334], [-0.16497723, 51.15350078], [-0.164969920148148, 51.153490366059266], [-0.164963205585185, 51.15348012207408], [-0.1649570728, 51.153470026800015], [-0.164951508281482, 51.1534600589926], [-0.164946498518519, 51.15345019740741], [-0.16494203, 51.153440420799996], [-0.164938089214815, 51.15343070792592], [-0.164934662651852, 51.153421037540745], [-0.1649317368, 51.15341138840001], [-0.164929298148148, 51.153401739259266], [-0.164927333185185, 51.15339206887408], [-0.1649258284, 51.153382356], [-0.164924770281481, 51.153372579392595], [-0.164924145318519, 51.15336271780742], [-0.16492394, 51.15335275], [-0.164924436192593, 51.15334260527704], [-0.164925879674074, 51.153332269549644], [-0.1649282028, 51.15332180648001], [-0.164931337925926, 51.15331127973038], [-0.164935217407407, 51.153300752962984], [-0.1649397736, 51.15329028984001], [-0.164944938859259, 51.1532799540237], [-0.164950645540741, 51.1532698091763], [-0.164956826, 51.15325991896], [-0.164963412592593, 51.153250347037044], [-0.164970337674074, 51.15324115706963], [-0.1649775336, 51.15323241272], [-0.164984932725926, 51.15322417765037], [-0.164992467407407, 51.15321651552297], [-0.16500007, 51.15320949], [-0.165008962995556, 51.15320228826963], [-0.165020251564444, 51.153194156957035], [-0.16503369208, 51.153185248880014], [-0.165049040915556, 51.15317571685631], [-0.165066054444444, 51.153165713703714], [-0.16508448904, 51.15315539224001], [-0.165104101075556, 51.15314490528297], [-0.165124646924444, 51.15313440565038], [-0.16514588296, 51.153124046160016], [-0.165167565555556, 51.15311397962964], [-0.165189451084444, 51.153104358877044], [-0.16521129592, 51.15309533672001], [-0.165232856435556, 51.15308706597631], [-0.165253889004444, 51.15307969946371], [-0.16527415, 51.15307339], [-0.165288462577778, 51.153069485111125], [-0.165305008311111, 51.15306541044445], [-0.1653237872, 51.153061166], [-0.165344799244444, 51.15305675177778], [-0.165368044444444, 51.15305216777779], [-0.1653935228, 51.153047414], [-0.165421234311111, 51.15304249044445], [-0.165451178977778, 51.15303739711111], [-0.1654833568, 51.153032134], [-0.165517767777778, 51.153026701111116], [-0.165554411911111, 51.15302109844444], [-0.1655932892, 51.153015326], [-0.165634399644444, 51.15300938377777], [-0.165677743244444, 51.15300327177778], [-0.16572332, 51.15299699], [-0.165774818044444, 51.152990274222226], [-0.165823490844444, 51.15298401755555], [-0.1658693384, 51.15297822], [-0.165912360711111, 51.152972881555556], [-0.165952557777778, 51.15296800222223], [-0.1659899296, 51.152963582], [-0.166024476177778, 51.15295962088889], [-0.166056197511111, 51.152956118888895], [-0.1660850936, 51.152953076], [-0.166111164444444, 51.152950492222224], [-0.166134410044444, 51.15294836755555], [-0.1661548304, 51.152946702], [-0.166172425511111, 51.15294549555556], [-0.166187195377778, 51.152944748222225], [-0.16619914, 51.15294446], [-0.166215202814815, 51.152944393371854], [-0.166231737718519, 51.15294440750816], [-0.1662486584, 51.15294455944001], [-0.166265878548148, 51.15294490619852], [-0.166283311851852, 51.152945504814824], [-0.166300872, 51.15294641232001], [-0.166318472681481, 51.15294768574519], [-0.166336027585185, 51.152949382121484], [-0.1663534504, 51.15295155848001], [-0.166370654814815, 51.15295427185186], [-0.166387554518519, 51.152957579268154], [-0.1664040632, 51.15296153776001], [-0.166420094548148, 51.15296620435852], [-0.166435562251852, 51.15297163609482], [-0.16645038, 51.15297789], [-0.166464439128889, 51.15298491378074], [-0.166477693031111, 51.15299257464593], [-0.16649014848, 51.15300080888], [-0.166501812248889, 51.153009552767415], [-0.166512691111111, 51.15301874259261], [-0.16652279184, 51.153028314640004], [-0.166532121208889, 51.153038205194065], [-0.166540685991111, 51.15304835053926], [-0.16654849296, 51.153058686959994], [-0.166555548888889, 51.153069150740734], [-0.166561860551111, 51.15307967816592], [-0.16656743472, 51.15309020552], [-0.166572278168889, 51.1531006690874], [-0.166576397671111, 51.15311100515259], [-0.1665798, 51.15312115], [-0.166583016047407, 51.15313137427852], [-0.166586489179259, 51.153141956494814], [-0.16659009488, 51.15315284472001], [-0.166593708634074, 51.15316398702521], [-0.166597205925926, 51.15317533148149], [-0.16660046224, 51.15318682616], [-0.166603353060741, 51.15319841913185], [-0.166605753872593, 51.153210058468154], [-0.16660754016, 51.15322169224001], [-0.166608587407407, 51.15323326851852], [-0.166608771099259, 51.15324473537481], [-0.16660796672, 51.15325604088001], [-0.166606049754074, 51.15326713310519], [-0.166602895685926, 51.153277960121486], [-0.16659838, 51.15328847]]}}, {"type": "Feature", "properties": {"name": "J/Z Island", "painted_line_type": "DOUBLE_SOLID_YELLOW", "lighting_line_type": "BLUE_OMNIDIRECTIONAL_LIGHTS"}, "geometry": {"type": "LineString", "coordinates": [[-0.16691954, 51.15421405], [-0.166923418435556, 51.15423235894815], [-0.166922608551111, 51.154250406651855], [-0.16691766656, 51.15426806840001], [-0.166909148675556, 51.1542852194815], [-0.166897611111111, 51.15430173518519], [-0.16688361008, 51.1543174908], [-0.166867701795556, 51.15433236161481], [-0.166850442471111, 51.15434622291852], [-0.16683238832, 51.15435895], [-0.166814095555556, 51.154370418148154], [-0.166796120391111, 51.15438050265185], [-0.16677901904, 51.1543890788], [-0.166763347715556, 51.15439602188148], [-0.166749662631111, 51.15440120718518], [-0.16673852, 51.15440451], [-0.166725308225185, 51.1544076215289], [-0.166705564201482, 51.15441217503111], [-0.16668006688, 51.15441795888001], [-0.166649595211852, 51.15442476144891], [-0.166614928148148, 51.15443237111112], [-0.16657684464, 51.154440576240006], [-0.166536123638519, 51.15444916520889], [-0.166493544094815, 51.15445792639112], [-0.16644988496, 51.15446664816001], [-0.166405925185185, 51.1544751188889], [-0.166362443721481, 51.154483126951106], [-0.16632021952, 51.154490460720005], [-0.166280031531852, 51.15449690856889], [-0.166242658708148, 51.15450225887111], [-0.16620888, 51.1545063], [-0.166175322447407, 51.15450987520297], [-0.166138537712593, 51.154513896823715], [-0.16609919168, 51.15451825688002], [-0.166057950234074, 51.15452284738965], [-0.166015479259259, 51.15452756037038], [-0.16597244464, 51.15453228784], [-0.165929512260741, 51.154536921816295], [-0.165887348005926, 51.15454135431704], [-0.16584661776, 51.15454547736], [-0.165807987407407, 51.15454918296297], [-0.165772122832593, 51.15455236314371], [-0.16573968992, 51.15455490992001], [-0.165711354554074, 51.15455671530964], [-0.165687782619259, 51.15455767133038], [-0.16566964, 51.15455767], [-0.165653284607407, 51.15455684012444], [-0.165634897392593, 51.1545553275289], [-0.1656148788, 51.154553049760004], [-0.165593629274074, 51.15454992436446], [-0.165571549259259, 51.1545458688889], [-0.1655490392, 51.15454080088], [-0.165526499540741, 51.154534637884446], [-0.165504330725926, 51.15452729744889], [-0.1654829332, 51.154518697120004], [-0.165462707407407, 51.15450875444445], [-0.165444053792593, 51.154497386968885], [-0.1654273728, 51.15448451224], [-0.165413064874074, 51.15447004780444], [-0.165401530459259, 51.15445391120889], [-0.16539317, 51.15443602], [-0.165388333345185, 51.154417372906664], [-0.165386890628148, 51.15439908485333], [-0.16538852272, 51.15438124768001], [-0.165392910491852, 51.154363953226685], [-0.165399734814815, 51.154347293333345], [-0.16540867656, 51.15433135984], [-0.165419416598518, 51.154316244586674], [-0.165431635801481, 51.15430203941333], [-0.16544501504, 51.15428883616001], [-0.165459235185185, 51.15427672666667], [-0.165473977108148, 51.15426580277334], [-0.16548892168, 51.15425615632001], [-0.165503749771852, 51.154247879146666], [-0.165518142254815, 51.15424106309334], [-0.16553178, 51.1542358], [-0.165548047718518, 51.15423092531852], [-0.165570104948148, 51.15422529001482], [-0.1655972948, 51.154219009200006], [-0.165628960385185, 51.154212197985196], [-0.165664444814815, 51.154204971481484], [-0.1657030912, 51.1541974448], [-0.165744242651852, 51.154189733051844], [-0.165787242281482, 51.15418195134815], [-0.1658314332, 51.1541742148], [-0.165876158518519, 51.154166638518525], [-0.165920761348148, 51.154159337614814], [-0.1659645848, 51.1541524272], [-0.166006971985185, 51.154146022385184], [-0.166047266014815, 51.15414023828148], [-0.16608481, 51.15413519], [-0.166122774957037, 51.15413047198815], [-0.166164240856296, 51.1541256531052], [-0.16620841424, 51.15412081008001], [-0.16625450165037, 51.15411601964149], [-0.16630170962963, 51.15411135851852], [-0.16634924472, 51.15410690344], [-0.166396313463704, 51.15410273113481], [-0.166442122402963, 51.154098918331854], [-0.16648587808, 51.15409554176], [-0.166526787037037, 51.154092678148146], [-0.166564055816296, 51.15409040422519], [-0.16659689096, 51.15408879672], [-0.16662449901037, 51.154087932361485], [-0.16664608650963, 51.15408788787852], [-0.16666086, 51.15408874], [-0.16667342813037, 51.154090346871115], [-0.166688626642963, 51.154092569102225], [-0.16670600272, 51.15409548712], [-0.166725103543704, 51.15409918135112], [-0.166745476296296, 51.154103732222225], [-0.16676666816, 51.154109220159995], [-0.166788226317037, 51.15411572559111], [-0.16680969794963, 51.15412332894222], [-0.16683063024, 51.154132110640006], [-0.16685057037037, 51.15414215111112], [-0.166869065522963, 51.15415353078222], [-0.16688566288, 51.15416633008], [-0.166899909623704, 51.15418062943111], [-0.166911352936296, 51.15419650926223], [-0.16691954, 51.15421405]]}}, {"type": "Feature", "properties": {"name": "AN-W", "painted_line_type": "WIDE_SOLID_YELLOW", "lighting_line_type": "GREEN_BIDIRECTIONAL_LIGHTS"}, "geometry": {"type": "LineString", "coordinates": [[-0.16528334, 51.15368921], [-0.165242335955556, 51.15369339495704], [-0.165201690577778, 51.1536960264563], [-0.165161702, 51.15369710544001], [-0.165122668355556, 51.15369663285038], [-0.165084887777778, 51.15369460962964], [-0.1650486584, 51.15369103672001], [-0.165014278355556, 51.153685915063704], [-0.164982045777778, 51.153679245602966], [-0.1649522588, 51.153671029280005], [-0.164925215555556, 51.15366126703705], [-0.164901214177778, 51.15364995981629], [-0.1648805528, 51.153637108560005], [-0.164863529555556, 51.15362271421037], [-0.164850442577778, 51.15360677770963], [-0.16484159, 51.1535893]]}}, {"type": "Feature", "properties": {"name": "V-W1", "painted_line_type": "WIDE_SOLID_YELLOW", "lighting_line_type": "GREEN_BIDIRECTIONAL_LIGHTS"}, "geometry": {"type": "LineString", "coordinates": [[-0.16534019, 51.15293479], [-0.1644029, 51.15304916], [-0.16444985610963, 51.1530391829926], [-0.164493031543704, 51.15302925940741], [-0.16453247896, 51.15301920240001], [-0.164568251016296, 51.15300882512594], [-0.16460040037037, 51.15299794074076], [-0.16462897968, 51.15298636240001], [-0.164654041602963, 51.15297390325925], [-0.164675638797037, 51.15296037647408], [-0.16469382392, 51.152945595199995], [-0.16470864962963, 51.152929372592595], [-0.164720168583704, 51.15291152180741], [-0.16472843344, 51.152891856], [-0.164733496856296, 51.152870188325934], [-0.16473541149037, 51.152846331940744], [-0.16473423, 51.1528201]]}}, {"type": "Feature", "properties": {"name": "V", "painted_line_type": "WIDE_SOLID_YELLOW", "lighting_line_type": "GREEN_BIDIRECTIONAL_LIGHTS"}, "geometry": {"type": "LineString", "coordinates": [[-0.16534019, 51.15293479], [-0.165272834616296, 51.1529485631526], [-0.165209255197037, 51.152963513887414], [-0.16514952184, 51.15297971312001], [-0.165093704642963, 51.152997231765944], [-0.165041873703704, 51.15301614074075], [-0.16499409912, 51.15303651096001], [-0.16495045098963, 51.15305841333925], [-0.16491099941037, 51.15308191879407], [-0.16487581448, 51.15310709824], [-0.164844966296296, 51.1531340225926], [-0.164818524957037, 51.15316276276741], [-0.16479656056, 51.15319338968], [-0.164779143202963, 51.15322597424593], [-0.164766342983704, 51.15326058738074], [-0.16475823, 51.1532973], [-0.164753358121482, 51.153272124788145], [-0.164745441371852, 51.15324715350519], [-0.16473456208, 51.15322262368001], [-0.164720802574815, 51.153198772841485], [-0.164704245185185, 51.153175838518536], [-0.16468497224, 51.153154058240005], [-0.164663066068148, 51.15313366953482], [-0.164638608998518, 51.15311490993185], [-0.16461168336, 51.15309801696], [-0.164582371481481, 51.153083228148155], [-0.164550755691852, 51.153070781025185], [-0.16451691832, 51.15306091312], [-0.164480941694815, 51.15305386196148], [-0.164442908145185, 51.15304986507853], [-0.1644029, 51.15304916], [-0.16251883, 51.15327906]]}}, {"type": "Feature", "properties": {"name": "AN", "painted_line_type": "WIDE_SOLID_YELLOW", "lighting_line_type": "GREEN_BIDIRECTIONAL_LIGHTS"}, "geometry": {"type": "LineString", "coordinates": [[-0.16703157, 51.15330437], [-0.167016602933333, 51.15331777524445], [-0.167002069733333, 51.15333054297779], [-0.1669879704, 51.15334267320001], [-0.166974304933333, 51.15335416591112], [-0.166961073333333, 51.153365021111114], [-0.1669482756, 51.1533752388], [-0.166935911733333, 51.15338481897778], [-0.166923981733333, 51.153393761644445], [-0.1669124856, 51.153402066800005], [-0.166901423333333, 51.15340973444445], [-0.166890794933333, 51.153416764577784], [-0.1668806004, 51.15342315720001], [-0.166870839733333, 51.153428912311114], [-0.166861512933333, 51.15343402991111], [-0.16685262, 51.15343851], [-0.166839835863704, 51.15344465927407], [-0.16682738450963, 51.15345062925927], [-0.16681507552, 51.15345642920001], [-0.166802718477037, 51.15346206834075], [-0.166790122962963, 51.15346755592593], [-0.16677709856, 51.1534729012], [-0.16676345485037, 51.1534781134074], [-0.166749001416296, 51.15348320179259], [-0.16673354784, 51.1534881756], [-0.166716903703704, 51.15349304407408], [-0.16669887858963, 51.15349781645925], [-0.16667928208, 51.153502502], [-0.166657923757037, 51.15350710994075], [-0.166634613202963, 51.153511649525925], [-0.16660916, 51.15351613], [-0.166646916722963, 51.153500987878516], [-0.166680194317037, 51.15348484156149], [-0.16670921392, 51.15346781112001], [-0.16673419666963, 51.1534500166252], [-0.166755363703704, 51.153431578148165], [-0.16677293616, 51.15341261576001], [-0.166787135176296, 51.153393249531845], [-0.16679818189037, 51.15337359953481], [-0.16680629744, 51.15335378584001], [-0.166811702962963, 51.15333392851853], [-0.166814619597037, 51.15331414764148], [-0.16681526848, 51.15329456328001], [-0.16681387074963, 51.153275295505196], [-0.166810647543704, 51.15325646438815], [-0.16680582, 51.15323819]]}}, {"type": "Feature", "properties": {"name": "AN", "painted_line_type": "WIDE_SOLID_YELLOW", "lighting_line_type": "GREEN_BIDIRECTIONAL_LIGHTS"}, "geometry": {"type": "LineString", "coordinates": [[-0.1654539, 51.15410116], [-0.16540418968, 51.154105293671115], [-0.165356174506667, 51.154106524302236], [-0.16531004616, 51.154105040320026], [-0.16526599632, 51.154101030151125], [-0.165224216666667, 51.15409468222224], [-0.16518489888, 51.15408618496001], [-0.16514823464, 51.154075726791106], [-0.165114415626667, 51.15406349614223], [-0.16508363352, 51.15404968144], [-0.16505608, 51.15403447111112], [-0.165031946746667, 51.15401805358222], [-0.16501142544, 51.154000617280005], [-0.16499470776, 51.15398235063111], [-0.164981985386667, 51.15396344206222], [-0.16497345, 51.15394408], [-0.164969101143704, 51.15392415920297], [-0.164968745816296, 51.15390360989038], [-0.16497228688, 51.153882673680016], [-0.164979627197037, 51.15386159218964], [-0.16499066962963, 51.15384060703706], [-0.16500531704, 51.15381995984001], [-0.16502347229037, 51.153799892216306], [-0.165045038242963, 51.1537806457837], [-0.16506991776, 51.15376246216001], [-0.165098013703704, 51.153745582962976], [-0.165129228936296, 51.15373024981037], [-0.16516346632, 51.153716704320004], [-0.165200628717037, 51.15370518810964], [-0.16524061898963, 51.15369594279704], [-0.16528334, 51.15368921], [-0.16660916, 51.15351613], [-0.166649280503704, 51.15351213473778], [-0.166688813362963, 51.15351020656889], [-0.1667274816, 51.15351022192001], [-0.166765008237037, 51.15351205721779], [-0.166801116296296, 51.1535155888889], [-0.1668355288, 51.15352069336], [-0.16686796877037, 51.15352724705777], [-0.16689815922963, 51.15353512640889], [-0.1669258232, 51.15354420784], [-0.166950683703704, 51.15355436777779], [-0.166972463762963, 51.15356548264889], [-0.1669908864, 51.15357742888], [-0.167005674637037, 51.15359008289778], [-0.167016551496296, 51.15360332112889], [-0.16702324, 51.15361702]]}}, {"type": "Feature", "properties": {"name": "AN turns", "painted_line_type": "WIDE_SOLID_YELLOW", "lighting_line_type": "GREEN_BIDIRECTIONAL_LIGHTS"}, "geometry": {"type": "LineString", "coordinates": [[-0.16719907, 51.15412931], [-0.167188847736296, 51.154109238829626], [-0.167173209757037, 51.154089035837025], [-0.16715258328, 51.15406897480002], [-0.167127395522963, 51.15404932949631], [-0.167098073703704, 51.15403037370371], [-0.16706504504, 51.1540123812], [-0.16702873674963, 51.15399562576296], [-0.16698957605037, 51.15398038117036], [-0.16694799016, 51.1539669212], [-0.166904406296296, 51.15395551962963], [-0.166859251677037, 51.15394645023703], [-0.16681295352, 51.153939986800005], [-0.166765939042963, 51.153936403096296], [-0.166718635463704, 51.1539359729037], [-0.16667147, 51.15393897], [-0.166717717259259, 51.15393303861927], [-0.166761883807407, 51.15392518642074], [-0.1668037308, 51.15391544032001], [-0.166843019392593, 51.153903827232604], [-0.166879510740741, 51.15389037407408], [-0.166912966, 51.15387510776001], [-0.166943146325926, 51.15385805520592], [-0.166969812874074, 51.153839243327404], [-0.1669927268, 51.15381869904], [-0.167011649259259, 51.15379644925926], [-0.167026341407407, 51.15377252090074], [-0.1670365644, 51.15374694088], [-0.167042079392593, 51.15371973611259], [-0.167042647540741, 51.15369093351408], [-0.16703803, 51.15366056]]}}, {"type": "Feature", "properties": {"name": "Zs", "painted_line_type": "WIDE_SOLID_YELLOW", "lighting_line_type": "GREEN_BIDIRECTIONAL_LIGHTS"}, "geometry": {"type": "LineString", "coordinates": [[-0.16756677, 51.15382044], [-0.16711691, 51.15387416], [-0.16667147, 51.15393897], [-0.1654539, 51.15410116], [-0.165411000041481, 51.15410726163556], [-0.165369929398519, 51.154114943484444], [-0.16533095392, 51.15412417696], [-0.165294339454815, 51.15413493347556], [-0.165260351851852, 51.15414718444446], [-0.16522925696, 51.15416090128001], [-0.165201320628148, 51.15417605539555], [-0.165176808705185, 51.15419261820444], [-0.16515598704, 51.15421056112001], [-0.165139121481482, 51.154229855555556], [-0.165126477878519, 51.15425047292444], [-0.16511832208, 51.15427238464], [-0.165114919934815, 51.15429556211556], [-0.165116537291852, 51.15431997676444], [-0.16512344, 51.1543456]]}}, {"type": "Feature", "properties": {"name": "W", "painted_line_type": "WIDE_SOLID_YELLOW", "lighting_line_type": "GREEN_BIDIRECTIONAL_LIGHTS"}, "geometry": {"type": "LineString", "coordinates": [[-0.16561627, 51.15471797], [-0.165578592192593, 51.15472233043556], [-0.165541637940741, 51.15472503135112], [-0.16550561, 51.15472606016001], [-0.165470711125926, 51.15472540427556], [-0.165437144074074, 51.15472305111111], [-0.1654051116, 51.154718988080006], [-0.165374816459259, 51.15471320259555], [-0.165346461407407, 51.15470568207111], [-0.1653202492, 51.15469641392001], [-0.165296382592593, 51.15468538555555], [-0.165275064340741, 51.15467258439111], [-0.1652564972, 51.154657997840005], [-0.165240883925926, 51.15464161331556], [-0.165228427274074, 51.15462341823111], [-0.16521933, 51.1546034], [-0.16512325, 51.1543468], [-0.16497384, 51.15394462], [-0.16484159, 51.1535893], [-0.16477222, 51.15338852], [-0.164767104844444, 51.15336136648889], [-0.164762495377778, 51.15333485262223], [-0.1647583916, 51.15330897840001], [-0.164754793511111, 51.153283743822236], [-0.164751701111111, 51.15325914888889], [-0.1647491144, 51.1532351936], [-0.164747033377778, 51.153211877955556], [-0.164745458044444, 51.153189201955556], [-0.1647443884, 51.153167165599996], [-0.164743824444444, 51.15314576888889], [-0.164743766177778, 51.153125011822226], [-0.1647442136, 51.1531048944], [-0.164745166711111, 51.153085416622226], [-0.164746625511111, 51.1530665784889], [-0.16474859, 51.15304838], [-0.164750456933333, 51.15302999755556], [-0.164751623066667, 51.15301060755556], [-0.1647520884, 51.15299021], [-0.164751852933333, 51.15296880488889], [-0.164750916666667, 51.15294639222223], [-0.1647492796, 51.152922972], [-0.164746941733333, 51.152898544222225], [-0.164743903066667, 51.15287310888888], [-0.1647401636, 51.152846666], [-0.164735723333333, 51.15281921555555], [-0.164730582266667, 51.15279075755555], [-0.1647247404, 51.152761292], [-0.164718197733333, 51.15273081888889], [-0.164710954266667, 51.15269933822223], [-0.16470301, 51.15266685]]}}, {"type": "Feature", "properties": {"name": "M J W Z", "painted_line_type": "WIDE_SOLID_YELLOW", "lighting_line_type": "GREEN_BIDIRECTIONAL_LIGHTS"}, "geometry": {"type": "LineString", "coordinates": [[-0.16561779, 51.15471821], [-0.16633122, 51.1546186], [-0.16686704, 51.15454513], [-0.166935446177778, 51.15453541408889], [-0.167000563377778, 51.15452664502222], [-0.1670623916, 51.15451882280001], [-0.167120930844444, 51.15451194742222], [-0.167176181111111, 51.154506018888895], [-0.1672281424, 51.154501037200006], [-0.167276814711111, 51.154497002355555], [-0.167322198044444, 51.15449391435555], [-0.1673642924, 51.15449177319999], [-0.167403097777778, 51.15449057888889], [-0.167438614177778, 51.15449033142222], [-0.1674708416, 51.1544910308], [-0.167499780044444, 51.154492677022226], [-0.167525429511111, 51.15449527008889], [-0.16754779, 51.15449881], [-0.16686704, 51.15454513], [-0.166917724177778, 51.15453675884445], [-0.166964547377778, 51.154526266711116], [-0.1670075096, 51.154513653600006], [-0.167046610844444, 51.15449891951111], [-0.167081851111111, 51.154482064444444], [-0.1671132304, 51.15446308840001], [-0.167140748711111, 51.15444199137778], [-0.167164406044444, 51.15441877337777], [-0.1671842024, 51.1543934344], [-0.167200137777778, 51.154365974444445], [-0.167212212177778, 51.1543363935111], [-0.1672204256, 51.154304691600004], [-0.167224778044444, 51.154270868711116], [-0.167225269511111, 51.154234924844445], [-0.1672219, 51.15419686], [-0.16719878, 51.15412938], [-0.16698521, 51.15350606], [-0.166979930056296, 51.15349250864889], [-0.16697208245037, 51.153477836391126], [-0.16696203952, 51.15346215992002], [-0.166950173602963, 51.15344559592891], [-0.166936857037037, 51.153428261111124], [-0.16692246216, 51.15341027216001], [-0.16690736130963, 51.153391745768886], [-0.166891926823704, 51.15337279863111], [-0.16687653104, 51.15335354744001], [-0.166861546296296, 51.15333410888889], [-0.16684734493037, 51.15331459967111], [-0.16683429928, 51.153295136480004], [-0.166822781682963, 51.1532758360089], [-0.166813164477037, 51.15325681495111], [-0.16680582, 51.15323819], [-0.16655873, 51.15252679], [-0.16623806, 51.15282522], [-0.166261965422222, 51.15281975728889], [-0.166286249688889, 51.15281580115556], [-0.1663109128, 51.15281335160001], [-0.166335954755556, 51.15281240862223], [-0.166361375555556, 51.15281297222223], [-0.1663871752, 51.1528150424], [-0.166413353688889, 51.15281861915555], [-0.166439911022222, 51.15282370248889], [-0.1664668472, 51.1528302924], [-0.166494162222222, 51.152838388888895], [-0.166521856088889, 51.15284799195556], [-0.1665499288, 51.15285910160001], [-0.166578380355556, 51.15287171782222], [-0.166607210755556, 51.152885840622226], [-0.16663642, 51.15290147], [-0.1668658, 51.15304057], [-0.166845837777778, 51.15302833573333], [-0.166826948444444, 51.153016254266674], [-0.166809132, 51.15300432560001], [-0.166792388444444, 51.15299254973334], [-0.166776717777778, 51.15298092666667], [-0.16676212, 51.1529694564], [-0.166748595111111, 51.15295813893333], [-0.166736143111111, 51.15294697426667], [-0.166724764, 51.15293596240001], [-0.166714457777778, 51.15292510333334], [-0.166705224444444, 51.15291439706667], [-0.166697064, 51.1529038436], [-0.166689976444444, 51.15289344293333], [-0.166683961777778, 51.152883195066664], [-0.16667902, 51.1528731], [-0.16672224, 51.15299756], [-0.166719569777778, 51.152991477111115], [-0.166716745777778, 51.15298551911111], [-0.166713768, 51.152979686], [-0.166710636444444, 51.15297397777778], [-0.166707351111111, 51.15296839444444], [-0.166703912, 51.152962936], [-0.166700319111111, 51.152957602444445], [-0.166696572444444, 51.15295239377778], [-0.166692672, 51.15294731], [-0.166688617777778, 51.152942351111115], [-0.166684409777778, 51.152937517111106], [-0.166680048, 51.152932808], [-0.166675532444444, 51.15292822377777], [-0.166670863111111, 51.152923764444445], [-0.16666604, 51.15291943], [-0.1668658, 51.15304057], [-0.166896395466667, 51.15305689875556], [-0.166927165866667, 51.15307174102223], [-0.1669581112, 51.15308509680001], [-0.166989231466667, 51.153096966088896], [-0.167020526666667, 51.153107348888895], [-0.1670519968, 51.1531162452], [-0.167083641866667, 51.15312365502222], [-0.167115461866667, 51.15312957835555], [-0.1671474568, 51.1531340152], [-0.167179626666667, 51.15313696555556], [-0.167211971466667, 51.15313842942222], [-0.1672444912, 51.153138406800004], [-0.167277185866667, 51.15313689768889], [-0.167310055466667, 51.15313390208889], [-0.1673431, 51.15312942], [-0.16891756, 51.1529128]]}}, {"type": "Feature", "properties": {"name": "M J W Z", "painted_line_type": "WIDE_SOLID_YELLOW", "lighting_line_type": "GREEN_BIDIRECTIONAL_LIGHTS"}, "geometry": {"type": "LineString", "coordinates": [[-0.168225, 51.15264711], [-0.168232267377778, 51.15268812897777], [-0.168234397511111, 51.15272728991111], [-0.1682313904, 51.152764592800004], [-0.168223246044444, 51.15280003764445], [-0.168209964444444, 51.15283362444444], [-0.1681915456, 51.152865353200006], [-0.168167989511111, 51.1528952239111], [-0.168139296177778, 51.15292323657778], [-0.1681054656, 51.152949391199996], [-0.168066497777778, 51.152973687777774], [-0.168022392711111, 51.15299612631111], [-0.1679731504, 51.1530167068], [-0.167918770844444, 51.15303542924444], [-0.167859254044444, 51.15305229364444], [-0.1677946, 51.1530673], [-0.16820654, 51.15280047], [-0.16807252, 51.15320761], [-0.16805922, 51.15336817], [-0.168051254133333, 51.15333198835556], [-0.1680477592, 51.15329730475556], [-0.1680487352, 51.15326411920001], [-0.168054182133333, 51.15323243168889], [-0.1680641, 51.15320224222222], [-0.1680784888, 51.1531735508], [-0.168097348533333, 51.15314635742222], [-0.1681206792, 51.153120662088895], [-0.1681484808, 51.1530964648], [-0.168180753333333, 51.153073765555554], [-0.1682174968, 51.15305256435556], [-0.1682587112, 51.1530328612], [-0.168304396533333, 51.15301465608889], [-0.1683545528, 51.15299794902222], [-0.16840918, 51.15298274], [-0.16749416, 51.15310864], [-0.167545759733333, 51.153105141733334], [-0.1675953696, 51.15310461493333], [-0.1676429896, 51.1531070596], [-0.167688619733333, 51.15311247573334], [-0.16773226, 51.15312086333334], [-0.1677739104, 51.153132222400004], [-0.167813570933333, 51.153146552933336], [-0.1678512416, 51.15316385493333], [-0.1678869224, 51.1531841284], [-0.167920613333333, 51.15320737333333], [-0.1679523144, 51.15323358973333], [-0.1679820256, 51.153262777600006], [-0.168009746933333, 51.153294936933335], [-0.1680354784, 51.153330067733336], [-0.16805922, 51.15336817], [-0.16808886, 51.15344757], [-0.168106128355556, 51.153479758711114], [-0.168125976088889, 51.15350950351111], [-0.1681484032, 51.1535368044], [-0.168173409688889, 51.15356166137778], [-0.168200995555556, 51.153584074444446], [-0.1682311608, 51.1536040436], [-0.168263905422222, 51.15362156884444], [-0.168299229422222, 51.15363665017777], [-0.1683371328, 51.1536492876], [-0.168377615555556, 51.15365948111111], [-0.168420677688889, 51.15366723071111], [-0.1684663192, 51.1536725364], [-0.168514540088889, 51.15367539817778], [-0.168565340355556, 51.15367581604444], [-0.16861872, 51.15367379], [-0.16808886, 51.15344757], [-0.168097751777778, 51.153478388], [-0.168102811111111, 51.15350802866667], [-0.168104038, 51.153536492], [-0.168101432444444, 51.153563778], [-0.168094994444444, 51.15358988666668], [-0.168084724, 51.153614818], [-0.168070621111111, 51.153638572], [-0.168052685777778, 51.15366114866666], [-0.168030918, 51.153682548], [-0.168005317777778, 51.15370277], [-0.167975885111111, 51.15372181466667], [-0.16794262, 51.153739682], [-0.167905522444444, 51.153756372], [-0.167864592444444, 51.15377188466667], [-0.16781983, 51.15378622]]}}, {"type": "Feature", "properties": {"name": "M J W Z", "painted_line_type": "WIDE_SOLID_YELLOW", "lighting_line_type": "GREEN_BIDIRECTIONAL_LIGHTS"}, "geometry": {"type": "LineString", "coordinates": [[-0.16756813, 51.15381994], [-0.167512029155556, 51.153824645600004], [-0.167458753288889, 51.1538267464], [-0.1674083024, 51.1538262424], [-0.167360676488889, 51.15382313360001], [-0.167315875555556, 51.15381742000001], [-0.1672738996, 51.15380910159999], [-0.167234748622222, 51.153798178399995], [-0.167198422622222, 51.1537846504], [-0.1671649216, 51.1537685176], [-0.167134245555556, 51.15374978], [-0.167106394488889, 51.153728437599995], [-0.1670813684, 51.1537044904], [-0.167059167288889, 51.153677938399994], [-0.167039791155556, 51.1536487816], [-0.16702324, 51.15361702]]}}, {"type": "Feature", "properties": {"name": "M J W Z", "painted_line_type": "WIDE_SOLID_YELLOW", "lighting_line_type": "GREEN_BIDIRECTIONAL_LIGHTS"}, "geometry": {"type": "LineString", "coordinates": [[-0.16698521, 51.15350606], [-0.166980412761481, 51.153484774773325], [-0.166977374758519, 51.153464946986674], [-0.16697598456, 51.153446456480005], [-0.166976130734815, 51.153429183093344], [-0.166977701851852, 51.153413006666675], [-0.16698058648, 51.15339780704001], [-0.166984673188148, 51.153383464053334], [-0.166989850545185, 51.15336985754667], [-0.16699600712, 51.15335686736], [-0.167003031481481, 51.15334437333335], [-0.167010812198518, 51.153332255306665], [-0.16701923784, 51.153320393120005], [-0.167028196974815, 51.15330866661334], [-0.167037578171852, 51.15329695562667], [-0.16704727, 51.15328514], [-0.167057578648889, 51.15327303730964], [-0.167068930924444, 51.153260629943716], [-0.16708139632, 51.153248044960016], [-0.167095044328889, 51.15323540941631], [-0.167109944444444, 51.153222850370376], [-0.16712616616, 51.15321049488001], [-0.167143778968889, 51.15319847000296], [-0.167162852364444, 51.15318690279704], [-0.16718345584, 51.15317592032001], [-0.167205658888889, 51.153165649629635], [-0.167229531004444, 51.1531562177837], [-0.16725514168, 51.15314775184], [-0.167282560408889, 51.1531403788563], [-0.167311856684444, 51.15313422589037], [-0.1673431, 51.15312942], [-0.16534079, 51.15293471]]}}, {"type": "Feature", "properties": {"name": "Linear Feature 6", "painted_line_type": "WIDE_SOLID_YELLOW", "lighting_line_type": "GREEN_BIDIRECTIONAL_LIGHTS"}, "geometry": {"type": "LineString", "coordinates": [[-0.1722619, 51.15292676], [-0.17211625, 51.15274401], [-0.17218396, 51.15291028], [-0.172184543866667, 51.15290065693333], [-0.172184399466667, 51.15289082506667], [-0.1721835268, 51.15288078440001], [-0.172181925866667, 51.152870534933335], [-0.172179596666667, 51.15286007666667], [-0.1721765392, 51.1528494096], [-0.172172753466667, 51.15283853373333], [-0.172168239466667, 51.15282744906666], [-0.1721629972, 51.15281615559999], [-0.172157026666667, 51.152804653333334], [-0.172150327866667, 51.15279294226667], [-0.1721429008, 51.152781022400006], [-0.172134745466667, 51.15276889373333], [-0.172125861866667, 51.15275655626667], [-0.17211625, 51.15274401], [-0.17200714, 51.1526461], [-0.17147055, 51.15216463], [-0.171444029552593, 51.15214129274964], [-0.171415334420741, 51.15211759466371], [-0.17138442592, 51.15209389224002], [-0.171351265365926, 51.1520705419763], [-0.171315814074074, 51.15204790037038], [-0.17127803336, 51.152026323920005], [-0.171237884539259, 51.15200616912296], [-0.171195328927407, 51.15198779247704], [-0.17115032784, 51.15197155048], [-0.171102842592593, 51.15195779962963], [-0.171052834500741, 51.151946896423695], [-0.17100026488, 51.15193919736], [-0.170945095045926, 51.15193505893629], [-0.170887286314074, 51.15193483765037], [-0.1708268, 51.15193889], [-0.17203454, 51.15177197], [-0.172075625244444, 51.15176852004445], [-0.172115691644444, 51.151766607511114], [-0.1721547392, 51.15176623240001], [-0.172192767911111, 51.151767394711115], [-0.172229777777778, 51.15177009444445], [-0.1722657688, 51.1517743316], [-0.172300740977778, 51.15178010617778], [-0.172334694311111, 51.151787418177776], [-0.1723676288, 51.151796267600005], [-0.172399544444444, 51.15180665444444], [-0.172430441244444, 51.151818578711115], [-0.1724603192, 51.1518320404], [-0.172489178311111, 51.15184703951111], [-0.172517018577778, 51.15186357604444], [-0.17254384, 51.15188165], [-0.17143294, 51.15112292]]}}, {"type": "Feature", "properties": {"name": "Linear Feature 6", "painted_line_type": "WIDE_SOLID_YELLOW", "lighting_line_type": "ALTERNATING_AMBER_GREEN_BIDIRECTIONAL_LIGHTS"}, "geometry": {"type": "LineString", "coordinates": [[-0.17143294, 51.15112292], [-0.17148723, 51.15132457]]}}, {"type": "Feature", "properties": {"name": "Linear Feature 6", "painted_line_type": "WIDE_SOLID_YELLOW", "lighting_line_type": "GREEN_BIDIRECTIONAL_LIGHTS"}, "geometry": {"type": "LineString", "coordinates": [[-0.17148723, 51.15132457], [-0.17158862, 51.15165257]]}}, {"type": "Feature", "properties": {"name": "Linear Feature 6", "painted_line_type": "WIDE_SOLID_YELLOW", "lighting_line_type": "GREEN_BIDIRECTIONAL_LIGHTS"}, "geometry": {"type": "LineString", "coordinates": [[-0.17173313, 51.15212009], [-0.17185415, 51.15250883], [-0.17200714, 51.1526461], [-0.171983604933333, 51.15263112266667], [-0.171959495733333, 51.15261731866667], [-0.1719348124, 51.15260468800001], [-0.171909554933333, 51.15259323066667], [-0.171883723333333, 51.15258294666667], [-0.1718573176, 51.152573836], [-0.171830337733333, 51.152565898666666], [-0.171802783733333, 51.15255913466667], [-0.1717746556, 51.152553544], [-0.171745953333333, 51.15254912666667], [-0.171716676933333, 51.15254588266667], [-0.1716868264, 51.152543812], [-0.171656401733333, 51.15254291466667], [-0.171625402933333, 51.15254319066667], [-0.17159383, 51.15254464]]}}, {"type": "Feature", "properties": {"name": "Linear Feature 6", "painted_line_type": "WIDE_SOLID_YELLOW", "lighting_line_type": "GREEN_BIDIRECTIONAL_LIGHTS"}, "geometry": {"type": "LineString", "coordinates": [[-0.1708268, 51.15193889], [-0.16892793, 51.15220149]]}}, {"type": "Feature", "properties": {"name": "Linear Feature 6", "painted_line_type": "WIDE_SOLID_YELLOW", "lighting_line_type": "ALTERNATING_AMBER_GREEN_BIDIRECTIONAL_LIGHTS"}, "geometry": {"type": "LineString", "coordinates": [[-0.16892793, 51.15220149], [-0.168880117333333, 51.15220616913482], [-0.168833716133333, 51.15220939427852], [-0.1687887096, 51.15221122504001], [-0.168745080933333, 51.15221172102817], [-0.168702813333333, 51.15221094185186], [-0.16866189, 51.15220894712], [-0.168622294133333, 51.152205796441486], [-0.168584008933333, 51.15220154942518], [-0.1685470176, 51.152196265680004], [-0.168511303333333, 51.15219000481482], [-0.168476849333333, 51.15218282643852], [-0.1684436388, 51.152174790160004], [-0.168411654933333, 51.152165955588146], [-0.168380880933333, 51.15215638233185], [-0.1683513, 51.15214613], [-0.168311032888889, 51.15213065208889], [-0.168272543555556, 51.152114237022225], [-0.168235832, 51.1520968848], [-0.168200898222222, 51.152078595422225], [-0.168167742222222, 51.15205936888889], [-0.168136364, 51.1520392052], [-0.168106763555556, 51.152018104355555], [-0.168078940888889, 51.15199606635555], [-0.168052896, 51.1519730912], [-0.168028628888889, 51.1519491788889], [-0.168006139555556, 51.15192432942222], [-0.167985428, 51.151898542800005], [-0.167966494222222, 51.151871819022226], [-0.167949338222222, 51.15184415808889], [-0.16793396, 51.15181556]]}}, {"type": "Feature", "properties": {"name": "Linear Feature 5", "painted_line_type": "WIDE_SOLID_YELLOW", "lighting_line_type": "GREEN_BIDIRECTIONAL_LIGHTS"}, "geometry": {"type": "LineString", "coordinates": [[-0.17775966, 51.1520814], [-0.177732974044444, 51.152036389066666], [-0.177703449511111, 51.151995054933344], [-0.1776710864, 51.1519573976], [-0.177635884711111, 51.151923417066676], [-0.177597844444444, 51.15189311333334], [-0.1775569656, 51.1518664864], [-0.177513248177778, 51.15184353626667], [-0.177466692177778, 51.15182426293334], [-0.1774172976, 51.1518086664], [-0.177365064444444, 51.15179674666666], [-0.177309992711111, 51.15178850373333], [-0.1772520824, 51.1517839376], [-0.177191333511111, 51.151783048266665], [-0.177127746044444, 51.15178583573333], [-0.17706132, 51.1517923], [-0.177133094177778, 51.15177476075556], [-0.177199808711111, 51.15175486302223], [-0.1772614636, 51.1517326068], [-0.177318058844444, 51.15170799208889], [-0.177369594444444, 51.1516810188889], [-0.1774160704, 51.1516516872], [-0.177457486711111, 51.15161999702222], [-0.177493843377778, 51.15158594835556], [-0.1775251404, 51.15154954120001], [-0.177551377777778, 51.151510775555565], [-0.177572555511111, 51.15146965142222], [-0.1775886736, 51.1514261688], [-0.177599732044444, 51.15138032768889], [-0.177605730844444, 51.151332128088896], [-0.17760667, 51.15128157], [-0.177628689111111, 51.15132917893334], [-0.177654391777778, 51.151373195066675], [-0.177683778, 51.15141361840001], [-0.177716847777778, 51.15145044893334], [-0.177753601111111, 51.15148368666667], [-0.177794038, 51.15151333160001], [-0.177838158444444, 51.151539383733336], [-0.177885962444444, 51.15156184306667], [-0.17793745, 51.1515807096], [-0.177992621111111, 51.15159598333334], [-0.178051475777778, 51.15160766426666], [-0.178114014, 51.151615752400005], [-0.178180235777778, 51.151620247733334], [-0.178250141111111, 51.151621150266664], [-0.17832373, 51.15161846], [-0.17818612, 51.15163741], [-0.178124160266667, 51.15165144568889], [-0.1780669904, 51.15166770475556], [-0.1780146104, 51.1516861872], [-0.177967020266667, 51.15170689302222], [-0.17792422, 51.15172982222222], [-0.1778862096, 51.1517549748], [-0.177852989066667, 51.15178235075556], [-0.1778245584, 51.151811950088884], [-0.1778009176, 51.15184377280001], [-0.177782066666667, 51.15187781888889], [-0.1777680056, 51.151914088355554], [-0.1777587344, 51.15195258119999], [-0.177754253066667, 51.151993297422216], [-0.1777545616, 51.15203623702222], [-0.17775966, 51.1520814], [-0.177735818933333, 51.15203278328889], [-0.177715383733333, 51.15199111182223], [-0.1776983544, 51.15195638560001], [-0.177684730933333, 51.151928604622235], [-0.177674513333333, 51.15190776888889], [-0.1776677016, 51.1518938784], [-0.177664295733333, 51.15188693315555], [-0.1776677016, 51.1518938784], [-0.177674513333333, 51.15190776888889], [-0.177684730933333, 51.15192860462223], [-0.1776983544, 51.1519563856], [-0.177715383733333, 51.15199111182222], [-0.177735818933333, 51.15203278328889], [-0.17775966, 51.1520814], [-0.177786741288889, 51.15213146497778], [-0.177816897155556, 51.15217748124444], [-0.1778501276, 51.152219448800004], [-0.177886432622222, 51.15225736764446], [-0.177925812222222, 51.15229123777779], [-0.1779682664, 51.152321059200005], [-0.178013795155556, 51.15234683191111], [-0.178062398488889, 51.15236855591111], [-0.1781140764, 51.152386231200005], [-0.178168828888889, 51.15239985777778], [-0.178226655955556, 51.152409435644444], [-0.1782875576, 51.1524149648], [-0.178351533822222, 51.15241644524444], [-0.178418584622222, 51.152413876977775], [-0.17848871, 51.15240726], [-0.17732017, 51.15256826], [-0.17582399, 51.15277788], [-0.17429152, 51.15298554], [-0.174271665111111, 51.152988084844445], [-0.174252196444444, 51.152990487377785], [-0.174233114, 51.15299274760002], [-0.174214417777778, 51.15299486551111], [-0.174196107777778, 51.15299684111112], [-0.174178184, 51.1529986744], [-0.174160646444444, 51.15300036537778], [-0.174143495111111, 51.153001914044445], [-0.17412673, 51.1530033204], [-0.174110351111111, 51.153004584444446], [-0.174094358444444, 51.15300570617778], [-0.174078752, 51.153006685600005], [-0.174063531777778, 51.15300752271111], [-0.174048697777778, 51.153008217511115], [-0.17403425, 51.15300877], [-0.17320313, 51.1530454], [-0.173198509733333, 51.15304561097779], [-0.1731936116, 51.153045886577786], [-0.1731884356, 51.15304622680001], [-0.173182981733333, 51.15304663164445], [-0.17317725, 51.15304710111111], [-0.1731712404, 51.15304763520001], [-0.173164952933333, 51.153048233911115], [-0.1731583876, 51.153048897244446], [-0.1731515444, 51.1530496252], [-0.173144423333333, 51.15305041777778], [-0.1731370244, 51.153051274977784], [-0.1731293476, 51.153052196800004], [-0.173121392933333, 51.153053183244445], [-0.1731131604, 51.153054234311114], [-0.17310465, 51.15305535], [-0.173051418888889, 51.15306434484445], [-0.173005792222222, 51.15307205471112], [-0.17296777, 51.15307847960002], [-0.172937352222222, 51.153083619511115], [-0.172914538888889, 51.153087474444455], [-0.17289933, 51.15309004440001], [-0.172891725555556, 51.15309132937778], [-0.172891725555556, 51.15309132937779], [-0.17289933, 51.1530900444], [-0.172914538888889, 51.15308747444445], [-0.172937352222222, 51.15308361951111], [-0.17296777, 51.153078479600005], [-0.173005792222222, 51.15307205471112], [-0.173051418888889, 51.15306434484445], [-0.17310465, 51.15305535], [-0.173159392933333, 51.153044853555556], [-0.173209555066667, 51.153032638888895], [-0.1732551364, 51.153018706], [-0.173296136933333, 51.1530030548889], [-0.173332556666667, 51.15298568555556], [-0.1733643956, 51.152966598], [-0.173391653733333, 51.152945792222226], [-0.173414331066667, 51.152923268222224], [-0.1734324276, 51.152899026], [-0.173445943333333, 51.15287306555555], [-0.173454878266667, 51.152845386888885], [-0.1734592324, 51.15281599], [-0.173459005733333, 51.152784874888894], [-0.173454198266667, 51.15275204155556], [-0.17344481, 51.15271749], [-0.1734250308, 51.1526810116], [-0.1734080772, 51.1526497444], [-0.1733939492, 51.152623688400006], [-0.1733826468, 51.1526028436], [-0.17337417, 51.15258721], [-0.1733685188, 51.1525767876], [-0.1733656932, 51.1525715764], [-0.1733656932, 51.15257157639999], [-0.1733685188, 51.1525767876], [-0.17337417, 51.15258721], [-0.1733826468, 51.15260284359999], [-0.1733939492, 51.1526236884], [-0.1734080772, 51.1526497444], [-0.1734250308, 51.1526810116], [-0.17344481, 51.15271749], [-0.173467208933333, 51.15275526297778], [-0.173492021733333, 51.15279041391111], [-0.1735192484, 51.15282294280001], [-0.173548888933333, 51.152852849644454], [-0.173580943333333, 51.152880134444445], [-0.1736154116, 51.1529047972], [-0.173652293733333, 51.15292683791112], [-0.173691589733333, 51.15294625657778], [-0.1737332996, 51.1529630532], [-0.173777423333333, 51.15297722777778], [-0.173823960933333, 51.15298878031111], [-0.1738729124, 51.1529977108], [-0.173924277733333, 51.15300401924445], [-0.173978056933333, 51.15300770564445], [-0.17403425, 51.15300877], [-0.17414011, 51.15300191], [-0.174067686177778, 51.15301524546667], [-0.174001305377778, 51.153030633200004], [-0.1739409676, 51.153048073200004], [-0.173886672844444, 51.15306756546667], [-0.173838421111111, 51.15308911], [-0.1737962124, 51.153112706799995], [-0.173760046711111, 51.153138355866666], [-0.173729924044444, 51.1531660572], [-0.1737058444, 51.1531958108], [-0.173687807777778, 51.15322761666667], [-0.173675814177778, 51.1532614748], [-0.1736698636, 51.1532973852], [-0.173669956044444, 51.153335347866665], [-0.173676091511111, 51.153375362800006], [-0.17368827, 51.15341743], [-0.17369028, 51.15327923], [-0.1736783808, 51.15331722168889], [-0.173663821866667, 51.15335286342223], [-0.1736466032, 51.1533861552], [-0.1736267248, 51.15341709702223], [-0.173604186666667, 51.153445688888894], [-0.1735789888, 51.153471930799995], [-0.1735511312, 51.15349582275556], [-0.173520613866667, 51.15351736475556], [-0.1734874368, 51.153536556800006], [-0.1734516, 51.15355339888889], [-0.173413103466667, 51.15356789102222], [-0.1733719472, 51.1535800332], [-0.1733281312, 51.15358982542223], [-0.173281655466667, 51.153597267688895], [-0.17323252, 51.15360236], [-0.173623, 51.15322977], [-0.173610330888889, 51.15320778257778], [-0.173595472888889, 51.153187180311114], [-0.173578426, 51.15316796320001], [-0.173559190222222, 51.15315013124445], [-0.173537765555556, 51.15313368444445], [-0.173514152, 51.153118622799994], [-0.173488349555556, 51.15310494631111], [-0.173460358222222, 51.15309265497778], [-0.173430178, 51.153081748800005], [-0.173397808888889, 51.153072227777784], [-0.173363250888889, 51.15306409191112], [-0.173326504, 51.1530573412], [-0.173287568222222, 51.153051975644445], [-0.173246443555556, 51.15304799524445], [-0.17320313, 51.1530454], [-0.17310465, 51.15305535], [-0.17180293, 51.15325203], [-0.171850680888889, 51.15324218746667], [-0.171895224222222, 51.15323067586666], [-0.17193656, 51.1532174952], [-0.171974688222222, 51.15320264546667], [-0.172009608888889, 51.15318612666667], [-0.172041322, 51.153167938799996], [-0.172069827555556, 51.15314808186667], [-0.172095125555556, 51.153126555866656], [-0.172117216, 51.1531033608], [-0.172136098888889, 51.153078496666666], [-0.172151774222222, 51.153051963466666], [-0.172164242, 51.1530237612], [-0.172173502222222, 51.15299388986667], [-0.172179554888889, 51.15296234946667], [-0.1721824, 51.15292914], [-0.17219785, 51.15274187], [-0.1722619, 51.15292676], [-0.172275459377778, 51.15295069217778], [-0.172291497511111, 51.152972928711115], [-0.1723100144, 51.152993469600005], [-0.172331010044444, 51.15301231484445], [-0.172354484444444, 51.15302946444446], [-0.1723804376, 51.1530449184], [-0.172408869511111, 51.15305867671111], [-0.172439780177778, 51.153070739377775], [-0.1724731696, 51.1530811064], [-0.172509037777778, 51.15308977777778], [-0.172547384711111, 51.15309675351111], [-0.1725882104, 51.15310203360001], [-0.172631514844444, 51.15310561804444], [-0.172677298044444, 51.15310750684445], [-0.17272556, 51.1531077], [-0.172769007288889, 51.1530970264], [-0.172806247822222, 51.1530878776], [-0.1728372816, 51.15308025360002], [-0.172862108622222, 51.15307415440001], [-0.172880728888889, 51.15306958], [-0.1728931424, 51.1530665304], [-0.172899349155556, 51.153065005600006], [-0.172899349155556, 51.1530650056], [-0.1728931424, 51.153066530400004], [-0.172880728888889, 51.15306958], [-0.172862108622222, 51.1530741544], [-0.1728372816, 51.15308025360001], [-0.172806247822222, 51.1530878776], [-0.172769007288889, 51.153097026400005], [-0.17272556, 51.1531077], [-0.172680820711111, 51.15311978706667], [-0.172639704177778, 51.153133176266664], [-0.1726022104, 51.15314786760001], [-0.172568339377778, 51.15316386106667], [-0.172538091111111, 51.153181156666676], [-0.1725114656, 51.15319975439999], [-0.172488462844444, 51.15321965426667], [-0.172469082844444, 51.15324085626666], [-0.1724533256, 51.153263360400004], [-0.172441191111111, 51.15328716666667], [-0.172432679377778, 51.15331227506667], [-0.1724277904, 51.153338685600005], [-0.172426524177778, 51.15336639826667], [-0.172428880711111, 51.15339541306667], [-0.17243486, 51.15342573], [-0.172461320622222, 51.15345331808889], [-0.172484001155556, 51.15347696502222], [-0.1725029016, 51.15349667080001], [-0.172518021955556, 51.153512435422236], [-0.172529362222222, 51.1535242588889], [-0.1725369224, 51.1535321412], [-0.172540702488889, 51.15353608235556], [-0.1725369224, 51.1535321412], [-0.172529362222222, 51.15352425888889], [-0.172518021955556, 51.15351243542223], [-0.1725029016, 51.15349667080001], [-0.172484001155556, 51.15347696502223], [-0.172461320622222, 51.15345331808889], [-0.17243486, 51.15342573], [-0.1724055908, 51.15339736991112], [-0.172374484533333, 51.15337140697778], [-0.1723415412, 51.1533478412], [-0.1723067608, 51.153326672577776], [-0.172270143333333, 51.15330790111112], [-0.1722316888, 51.153291526800004], [-0.1721913972, 51.15327754964444], [-0.172149268533333, 51.153265969644444], [-0.1721053028, 51.1532567868], [-0.1720595, 51.15325000111111], [-0.172011860133333, 51.15324561257778], [-0.1719623832, 51.153243621200005], [-0.1719110692, 51.153244026977774], [-0.171857918133333, 51.15324682991111], [-0.17180293, 51.15325203], [-0.16756813, 51.15381994], [-0.167513160266667, 51.153829397955555], [-0.167462525733333, 51.15384045182222], [-0.1674162264, 51.153853101600006], [-0.167374262266667, 51.153867347288895], [-0.167336633333333, 51.153883188888905], [-0.1673033396, 51.1539006264], [-0.167274381066667, 51.15391965982223], [-0.167249757733333, 51.15394028915556], [-0.1672294696, 51.1539625144], [-0.167213516666667, 51.15398633555556], [-0.167201898933333, 51.154011752622225], [-0.1671946164, 51.154038765600006], [-0.167191669066667, 51.15406737448889], [-0.167193056933333, 51.15409757928889], [-0.16719878, 51.15412938], [-0.1672219, 51.15419686], [-0.167234302444444, 51.154252344488896], [-0.167253389777778, 51.15430304862222], [-0.167279162, 51.1543489724], [-0.167311619111111, 51.15439011582223], [-0.167350761111111, 51.1544264788889], [-0.167396588, 51.1544580616], [-0.167449099777778, 51.15448486395556], [-0.167508296444444, 51.15450688595557], [-0.167574178, 51.15452412760001], [-0.167646744444444, 51.154536588888895], [-0.167725995777778, 51.154544269822225], [-0.167811932, 51.15454717040001], [-0.167904553111111, 51.154545290622224], [-0.168003859111111, 51.154538630488894], [-0.16810985, 51.15452719], [-0.17132505, 51.15409605], [-0.171333205688889, 51.154094275822224], [-0.171348120755556, 51.15409024395556], [-0.1713697952, 51.1540839544], [-0.171398229022222, 51.15407540715556], [-0.171433422222222, 51.154064602222235], [-0.1714753748, 51.1540515396], [-0.171524086755556, 51.15403621928889], [-0.171579558088889, 51.154018641288886], [-0.1716417888, 51.153998805600004], [-0.171710778888889, 51.15397671222222], [-0.171786528355556, 51.15395236115555], [-0.1718690372, 51.1539257524], [-0.171958305422222, 51.15389688595555], [-0.172054333022222, 51.15386576182222], [-0.17215712, 51.15383238], [-0.17294191, 51.15364175], [-0.17306957, 51.15362445], [-0.173004653422222, 51.153638997288894], [-0.172945063688889, 51.15365563115556], [-0.1728908008, 51.1536743516], [-0.172841864755556, 51.15369515862222], [-0.172798255555556, 51.15371805222222], [-0.1727599732, 51.1537430324], [-0.172727017688889, 51.15377009915556], [-0.172699389022222, 51.15379925248889], [-0.1726770872, 51.15383049239999], [-0.172660112222222, 51.15386381888889], [-0.172648464088889, 51.15389923195555], [-0.1726421428, 51.15393673159999], [-0.172641148355556, 51.15397631782222], [-0.172645480755556, 51.15401799062222], [-0.17265514, 51.15406175], [-0.172620218844444, 51.15402383528889], [-0.172585543377778, 51.15398915248889], [-0.1725511136, 51.15395770160001], [-0.172516929511111, 51.153929482622225], [-0.172482991111111, 51.153904495555565], [-0.1724492984, 51.1538827404], [-0.172415851377778, 51.15386421715555], [-0.172382650044444, 51.15384892582222], [-0.1723496944, 51.1538368664], [-0.172316984444444, 51.15382803888889], [-0.172284520177778, 51.15382244328889], [-0.1722523016, 51.1538200796], [-0.172220328711111, 51.15382094782222], [-0.172188601511111, 51.15382504795555], [-0.17215712, 51.15383238], [-0.172198009511111, 51.15381692937778], [-0.172235827377778, 51.15380017484445], [-0.1722705736, 51.1537821164], [-0.172302248177778, 51.15376275404444], [-0.172330851111111, 51.15374208777778], [-0.1723563824, 51.153720117599995], [-0.172378842044444, 51.153696843511106], [-0.172398230044444, 51.153672265511105], [-0.1724145464, 51.15364638359999], [-0.172427791111111, 51.15361919777777], [-0.172437964177778, 51.15359070804445], [-0.1724450656, 51.153560914399996], [-0.172449095377778, 51.15352981684444], [-0.172450053511111, 51.15349741537778], [-0.17244794, 51.15346371], [-0.172468294355556, 51.1534929692], [-0.172490445422222, 51.153519744133334], [-0.1725143932, 51.15354403480001], [-0.172540137688889, 51.153565841200006], [-0.172567678888889, 51.15358516333335], [-0.1725970168, 51.1536020012], [-0.172628151422222, 51.1536163548], [-0.172661082755556, 51.153628224133335], [-0.1726958108, 51.153637609200004], [-0.172732335555556, 51.15364451], [-0.172770657022222, 51.153648926533336], [-0.1728107752, 51.153650858800006], [-0.172852690088889, 51.1536503068], [-0.172896401688889, 51.153647270533334], [-0.17294191, 51.15364175], [-0.17323252, 51.15360236], [-0.1732965288, 51.1535984928889], [-0.173357205866667, 51.15359764888889], [-0.1734145512, 51.15359982800001], [-0.1734685648, 51.15360503022223], [-0.173519246666667, 51.15361325555556], [-0.1735665968, 51.153624504], [-0.1736106152, 51.153638775555564], [-0.173651301866667, 51.153656070222226], [-0.1736886568, 51.153676388], [-0.17372268, 51.153699728888895], [-0.173753371466667, 51.15372609288889], [-0.1737807312, 51.15375548], [-0.1738047592, 51.15378789022222], [-0.173825455466667, 51.15382332355556], [-0.17384282, 51.15386178], [-0.17397447, 51.15424026], [-0.173983219822222, 51.15427951404445], [-0.173987098622222, 51.154316937511126], [-0.1739861064, 51.154352530400004], [-0.173980243155556, 51.154386292711116], [-0.173969508888889, 51.15441822444445], [-0.1739539036, 51.1544483256], [-0.173933427288889, 51.15447659617778], [-0.173908079955556, 51.15450303617778], [-0.1738778616, 51.1545276456], [-0.173842772222222, 51.154550424444444], [-0.173802811822222, 51.15457137271111], [-0.1737579804, 51.1545904904], [-0.173708277955556, 51.15460777751111], [-0.173653704488889, 51.15462323404444], [-0.17359426, 51.15463686], [-0.1734214, 51.15465855], [-0.173354651644444, 51.15466176408889], [-0.173291233244444, 51.15466198768889], [-0.1732311448, 51.154659220800006], [-0.173174386311111, 51.15465346342223], [-0.173120957777778, 51.15464471555557], [-0.1730708592, 51.15463297720001], [-0.173024090577778, 51.15461824835556], [-0.172980651911111, 51.15460052902222], [-0.1729405432, 51.1545798192], [-0.172903764444444, 51.15455611888889], [-0.172870315644444, 51.15452942808889], [-0.1728401968, 51.154499746800006], [-0.172813407911111, 51.154467075022225], [-0.172789948977778, 51.15443141275556], [-0.17276982, 51.15439276], [-0.17300527, 51.15507238], [-0.172999586844444, 51.15503286395556], [-0.172998678711111, 51.154995051822226], [-0.1730025456, 51.15495894360001], [-0.173011187511111, 51.15492453928889], [-0.173024604444444, 51.1548918388889], [-0.1730427964, 51.1548608424], [-0.173065763377778, 51.15483154982223], [-0.173093505377778, 51.15480396115556], [-0.1731260224, 51.15477807639999], [-0.173163314444444, 51.15475389555556], [-0.173205381511111, 51.15473141862222], [-0.1732522236, 51.154710645600005], [-0.173303840711111, 51.154691576488894], [-0.173360232844444, 51.15467421128889], [-0.1734214, 51.15465855], [-0.17359426, 51.15463686], [-0.173659538711111, 51.15463460875556], [-0.173721270844444, 51.1546351056889], [-0.1737794564, 51.154638350800006], [-0.173834095377778, 51.154644344088894], [-0.173885187777778, 51.15465308555556], [-0.1739327336, 51.1546645752], [-0.173976732844444, 51.15467881302222], [-0.174017185511111, 51.15469579902222], [-0.1740540916, 51.15471553319999], [-0.174087451111111, 51.15473801555555], [-0.174117264044444, 51.15476324608889], [-0.1741435304, 51.15479122480001], [-0.174166250177778, 51.15482195168889], [-0.174185423377778, 51.15485542675556], [-0.17420105, 51.15489165]]}}, {"type": "Feature", "properties": {"name": "K", "painted_line_type": "WIDE_SOLID_YELLOW", "lighting_line_type": "GREEN_BIDIRECTIONAL_LIGHTS"}, "geometry": {"type": "LineString", "coordinates": [[-0.17429196, 51.15515301], [-0.174311263422222, 51.155191782], [-0.174334008355556, 51.155227242], [-0.1743601948, 51.15525939], [-0.174389822755556, 51.15528822600001], [-0.174422892222222, 51.15531375000001], [-0.1744594032, 51.155335962], [-0.174499355688889, 51.155354862], [-0.174542749688889, 51.15537045], [-0.1745895852, 51.155382726], [-0.174639862222222, 51.15539169], [-0.174693580755556, 51.155397342], [-0.1747507408, 51.155399682], [-0.174811342355556, 51.15539871], [-0.174875385422222, 51.155394426], [-0.17494287, 51.15538683], [-0.17462509, 51.15550717], [-0.174604373822222, 51.155524216311115], [-0.174585590622222, 51.155541624577786], [-0.1745687404, 51.15555939480001], [-0.174553823155556, 51.15557752697778], [-0.174540838888889, 51.155596021111116], [-0.1745297876, 51.1556148772], [-0.174520669288889, 51.15563409524445], [-0.174513483955556, 51.15565367524445], [-0.1745082316, 51.1556736172], [-0.174504912222222, 51.155693921111116], [-0.174503525822222, 51.15571458697778], [-0.1745040724, 51.1557356148], [-0.174506551955556, 51.15575700457778], [-0.174510964488889, 51.155778756311115], [-0.17451731, 51.15580087], [-0.17462775, 51.15611838], [-0.174610553155556, 51.156081655688894], [-0.174589933288889, 51.15604781342223], [-0.1745658904, 51.1560168532], [-0.174538424488889, 51.15598877502222], [-0.174507535555556, 51.15596357888889], [-0.1744732236, 51.155941264800006], [-0.174435488622222, 51.15592183275555], [-0.174394330622222, 51.155905282755555], [-0.1743497496, 51.1558916148], [-0.174301745555556, 51.15588082888888], [-0.174250318488889, 51.155872925022216], [-0.1741954684, 51.1558679032], [-0.174137195288889, 51.15586576342221], [-0.174075499155556, 51.15586650568889], [-0.17401038, 51.15587013], [-0.17380656, 51.15589736], [-0.173755179511111, 51.155902691866665], [-0.173705422044444, 51.15590493013333], [-0.1736572876, 51.155904074800006], [-0.173610776177778, 51.15590012586668], [-0.173565887777778, 51.15589308333334], [-0.1735226224, 51.1558829472], [-0.173480980044444, 51.15586971746667], [-0.173440960711111, 51.15585339413334], [-0.1734025644, 51.155833977200004], [-0.173365791111111, 51.15581146666667], [-0.173330640844444, 51.155785862533335], [-0.1732971136, 51.15575716480001], [-0.173265209377778, 51.155725373466666], [-0.173234928177778, 51.15569048853334], [-0.17320627, 51.15565251], [-0.173208077777778, 51.15569281026667], [-0.173206469111111, 51.155731065733335], [-0.173201444, 51.15576727640001], [-0.173193002444444, 51.15580144226667], [-0.173181144444444, 51.155833563333346], [-0.17316587, 51.1558636396], [-0.173147179111111, 51.15589167106667], [-0.173125071777778, 51.15591765773333], [-0.173099548, 51.1559415996], [-0.173070607777778, 51.15596349666667], [-0.173038251111111, 51.15598334893333], [-0.173002478, 51.1560011564], [-0.172963288444444, 51.156016919066666], [-0.172920682444444, 51.15603063693333], [-0.17287466, 51.15604231], [-0.17320627, 51.15565251], [-0.17219785, 51.15274187], [-0.172194612755556, 51.15272726177778], [-0.172193202355556, 51.152712455777774], [-0.1721936188, 51.152697452], [-0.172195862088889, 51.15268225044446], [-0.172199932222222, 51.152666851111114], [-0.1722058292, 51.152651254], [-0.172213553022222, 51.1526354591111], [-0.172223103688889, 51.15261946644444], [-0.1722344812, 51.152603276], [-0.172247685555556, 51.15258688777777], [-0.172262716755556, 51.15257030177777], [-0.1722795748, 51.152553518], [-0.172298259688889, 51.152536536444444], [-0.172318771422222, 51.15251935711111], [-0.17234111, 51.15250198], [-0.17259407, 51.15231158], [-0.172622504888889, 51.15228886044444], [-0.172647038888889, 51.152265853777784], [-0.172667672, 51.15224256], [-0.172684404222222, 51.15221897911112], [-0.172697235555556, 51.152195111111126], [-0.172706166, 51.152170956], [-0.172711195555556, 51.15214651377778], [-0.172712324222222, 51.15212178444445], [-0.172709552, 51.152096768], [-0.172702878888889, 51.15207146444445], [-0.172692304888889, 51.15204587377778], [-0.17267783, 51.152019996], [-0.172659454222222, 51.15199383111111], [-0.172637177555556, 51.15196737911111], [-0.172611, 51.15194064], [-0.172844, 51.15213977], [-0.172872924488889, 51.15216254782222], [-0.172903353955556, 51.15218351328889], [-0.1729352884, 51.1522026664], [-0.172968727822222, 51.15222000715556], [-0.173003672222222, 51.15223553555556], [-0.1730401216, 51.1522492516], [-0.173078075955556, 51.15226115528889], [-0.173117535288889, 51.15227124662223], [-0.1731584996, 51.1522795256], [-0.173200968888889, 51.152285992222225], [-0.173244943155556, 51.15229064648889], [-0.1732904224, 51.152293488400005], [-0.173337406622222, 51.15229451795555], [-0.173385895822222, 51.15229373515556], [-0.17343589, 51.15229114], [-0.17329156, 51.15253794], [-0.173256351911111, 51.152513863777784], [-0.173220580977778, 51.152491835111114], [-0.1731842472, 51.152471854], [-0.173147350577778, 51.15245392044445], [-0.173109891111111, 51.15243803444445], [-0.1730718688, 51.15242419600001], [-0.173033283644444, 51.152412405111114], [-0.172994135644444, 51.152402661777785], [-0.1729544248, 51.152394966], [-0.172914151111111, 51.15238931777779], [-0.172873314577778, 51.152385717111116], [-0.1728319152, 51.15238416400001], [-0.172789952977778, 51.15238465844445], [-0.172747427911111, 51.15238720044445], [-0.17270434, 51.15239179], [-0.17254427, 51.15241382], [-0.172530752133333, 51.15241601626667], [-0.172517230533333, 51.1524187384], [-0.1725037052, 51.15242198640001], [-0.172490176133333, 51.152425760266674], [-0.172476643333333, 51.15243006], [-0.1724631068, 51.152434885599995], [-0.172449566533333, 51.15244023706666], [-0.172436022533333, 51.1524461144], [-0.1724224748, 51.1524525176], [-0.172408923333333, 51.15245944666667], [-0.172395368133333, 51.15246690159999], [-0.1723818092, 51.1524748824], [-0.172368246533333, 51.15248338906667], [-0.172354680133333, 51.1524924216], [-0.17234111, 51.15250198]]}}, {"type": "Feature", "properties": {"name": "K,KA,L(Satellite)", "painted_line_type": "WIDE_SOLID_YELLOW", "lighting_line_type": "GREEN_BIDIRECTIONAL_LIGHTS"}, "geometry": {"type": "LineString", "coordinates": [[-0.16608507, 51.15852223], [-0.16654866, 51.1591964], [-0.166572473555556, 51.15922809497778], [-0.166597535555556, 51.159258342577786], [-0.166623846, 51.15928714280001], [-0.166651404888889, 51.15931449564445], [-0.166680212222222, 51.15934040111111], [-0.166710268, 51.159364859200004], [-0.166741572222222, 51.15938786991111], [-0.166774124888889, 51.15940943324444], [-0.166807926, 51.159429549200006], [-0.166842975555556, 51.15944821777778], [-0.166879273555556, 51.159465438977776], [-0.16691682, 51.1594812128], [-0.166955614888889, 51.159495539244446], [-0.166995658222222, 51.15950841831111], [-0.16703695, 51.15951985], [-0.16786814, 51.159704], [-0.16799920242963, 51.159727469964444], [-0.16816366477037, 51.159744517315566], [-0.1683560056, 51.159752972240014], [-0.168570703496296, 51.15975066492445], [-0.168802237037037, 51.15973542555556], [-0.1690450848, 51.15970508432], [-0.169293725362963, 51.15965747140444], [-0.169542637303704, 51.159590416995556], [-0.1697862992, 51.15950175128001], [-0.17001918962963, 51.159389304444446], [-0.17023578717037, 51.15925090667555], [-0.1704305704, 51.159084388160004], [-0.170598017896296, 51.15888757908445], [-0.170732608237037, 51.158658309635555], [-0.17082882, 51.15839441], [-0.170838707288889, 51.15836067502222], [-0.170852206488889, 51.15832901142223], [-0.1708693176, 51.15829941920001], [-0.170890040622222, 51.158271898355565], [-0.170914375555556, 51.158246448888896], [-0.1709423224, 51.158223070800005], [-0.170973881155556, 51.158201764088886], [-0.171009051822222, 51.15818252875556], [-0.1710478344, 51.1581653648], [-0.171090228888889, 51.15815027222222], [-0.171136235288889, 51.158137251022225], [-0.1711858536, 51.15812630120001], [-0.171239083822222, 51.15811742275556], [-0.171295925955556, 51.15811061568889], [-0.17135638, 51.15810588], [-0.17082882, 51.15839441], [-0.170833339377778, 51.15836323497778], [-0.170836577511111, 51.158331595244455], [-0.1708385344, 51.15829949080001], [-0.170839210044444, 51.15826692164445], [-0.170838604444444, 51.15823388777778], [-0.1708367176, 51.158200389200005], [-0.170833549511111, 51.15816642591111], [-0.170829100177778, 51.15813199791111], [-0.1708233696, 51.1580971052], [-0.170816357777778, 51.15806174777778], [-0.170808064711111, 51.158025925644445], [-0.1707984904, 51.157989638800004], [-0.170787634844444, 51.15795288724445], [-0.170775498044444, 51.15791567097778], [-0.17076208, 51.15787799], [-0.16976053, 51.1565009], [-0.169823536711111, 51.15649761324443], [-0.169883335511111, 51.156497190311114], [-0.1699399264, 51.1564996312], [-0.169993309377778, 51.15650493591111], [-0.170043484444444, 51.15651310444445], [-0.1700904516, 51.156524136799995], [-0.170134210844444, 51.15653803297778], [-0.170174762177778, 51.15655479297777], [-0.1702121056, 51.1565744168], [-0.170246241111111, 51.15659690444445], [-0.170277168711111, 51.15662225591111], [-0.1703048884, 51.156650471199995], [-0.170329400177778, 51.15668155031111], [-0.170350704044444, 51.15671549324445], [-0.1703688, 51.1567523], [-0.17074093, 51.15636691], [-0.16577101, 51.15704511]]}}, {"type": "Feature", "properties": {"name": "Linear Feature 2", "painted_line_type": "WIDE_SOLID_YELLOW", "lighting_line_type": "GREEN_BIDIRECTIONAL_LIGHTS"}, "geometry": {"type": "LineString", "coordinates": [[-0.18189764, 51.15780834], [-0.181881430711111, 51.157775442044446], [-0.181862090844444, 51.15774488951112], [-0.1818396204, 51.15771668240001], [-0.181814019377778, 51.15769082071112], [-0.181785287777778, 51.15766730444445], [-0.1817534256, 51.1576461336], [-0.181718432844444, 51.15762730817778], [-0.181680309511111, 51.15761082817778], [-0.1816390556, 51.1575966936], [-0.181594671111111, 51.15758490444445], [-0.181547156044444, 51.157575460711115], [-0.1814965104, 51.1575683624], [-0.181442734177778, 51.15756360951111], [-0.181385827377778, 51.15756120204445], [-0.18132579, 51.15756114], [-0.181379128444444, 51.157547933733326], [-0.181428330444444, 51.15753318426667], [-0.181473396, 51.1575168916], [-0.181514325111111, 51.15749905573334], [-0.181551117777778, 51.15747967666666], [-0.181583774, 51.157458754400004], [-0.181612293777778, 51.15743628893333], [-0.181636677111111, 51.15741228026667], [-0.181656924, 51.1573867284], [-0.181673034444444, 51.15735963333333], [-0.181685008444444, 51.15733099506666], [-0.181692846, 51.1573008136], [-0.181696547111111, 51.15726908893333], [-0.181696111777778, 51.15723582106667], [-0.18169154, 51.15720101], [-0.18132579, 51.15756114], [-0.18101127, 51.15760768], [-0.1809511872, 51.15760760622223], [-0.180894093466667, 51.157605088888886], [-0.1808399888, 51.157600128], [-0.1807888732, 51.15759272355557], [-0.180740746666667, 51.15758287555556], [-0.1806956092, 51.157570584], [-0.1806534608, 51.15755584888889], [-0.180614301466667, 51.15753867022222], [-0.1805781312, 51.157519048], [-0.18054495, 51.15749698222222], [-0.180514757866667, 51.157472472888884], [-0.1804875548, 51.15744552000001], [-0.1804633408, 51.15741612355556], [-0.180442115866667, 51.15738428355556], [-0.18042388, 51.15735], [-0.18064546, 51.15797595], [-0.180642953022222, 51.15793810115555], [-0.180644288088889, 51.15790215195556], [-0.1806494652, 51.15786810240001], [-0.180658484355556, 51.15783595248889], [-0.180671345555556, 51.15780570222223], [-0.1806880488, 51.1577773516], [-0.180708594088889, 51.15775090062223], [-0.180732981422222, 51.157726349288886], [-0.1807612108, 51.1577036976], [-0.180793282222222, 51.15768294555555], [-0.180829195688889, 51.157664093155546], [-0.1808689512, 51.1576471404], [-0.180912548755556, 51.15763208728889], [-0.180959988355556, 51.15761893382223], [-0.18101127, 51.15760768], [-0.17565411, 51.15751407], [-0.175597327911111, 51.15752013724445], [-0.175542664311111, 51.15752291764445], [-0.1754901192, 51.157522411200006], [-0.175439692577778, 51.15751861791112], [-0.175391384444444, 51.15751153777777], [-0.1753451948, 51.157501170799996], [-0.175301123644444, 51.157487516977774], [-0.175259170977778, 51.15747057631111], [-0.1752193368, 51.1574503488], [-0.175181621111111, 51.15742683444444], [-0.175146023911111, 51.15740003324444], [-0.1751125452, 51.1573699452], [-0.175081184977778, 51.15733657031111], [-0.175051943244444, 51.15729990857778], [-0.17502482, 51.15725996], [-0.175028371555556, 51.15730278760001], [-0.175027426222222, 51.15734329173333], [-0.175021984, 51.157381472400004], [-0.175012044888889, 51.1574173296], [-0.174997608888889, 51.15745086333334], [-0.174978676, 51.1574820736], [-0.174955246222222, 51.1575109604], [-0.174927319555556, 51.15753752373334], [-0.174894896, 51.1575617636], [-0.174857975555556, 51.15758368], [-0.174816558222222, 51.157603272933336], [-0.174770644, 51.15762054240001], [-0.174720232888889, 51.157635488400004], [-0.174665324888889, 51.157648110933344], [-0.17460592, 51.15765841], [-0.17502482, 51.15725996], [-0.17344481, 51.15271749], [-0.173430330711111, 51.15266876422222], [-0.173421866177778, 51.15262238422223], [-0.1734194164, 51.15257835000001], [-0.173422981377778, 51.15253666155556], [-0.173432561111111, 51.1524973188889], [-0.1734481556, 51.15246032200001], [-0.173469764844444, 51.15242567088889], [-0.173497388844444, 51.152393365555554], [-0.1735310276, 51.152363406], [-0.173570681111111, 51.15233579222223], [-0.173616349377778, 51.15231052422222], [-0.1736680324, 51.152287602], [-0.173725730177778, 51.15226702555556], [-0.173789442711111, 51.1522487948889], [-0.17385917, 51.15223291], [-0.17344481, 51.15271749], [-0.173441788088889, 51.152708939111115], [-0.173437738355556, 51.15269989977778], [-0.1734326608, 51.152690372], [-0.173426555422222, 51.15268035577778], [-0.173419422222222, 51.15266985111111], [-0.1734112612, 51.152658858], [-0.173402072355556, 51.15264737644445], [-0.173391855688889, 51.152635406444446], [-0.1733806112, 51.152622948], [-0.173368338888889, 51.152610001111114], [-0.173355038755556, 51.152596565777785], [-0.1733407108, 51.152582642], [-0.173325355022222, 51.152568229777785], [-0.173308971422222, 51.152553329111115], [-0.17329156, 51.15253794], [-0.17235368, 51.15171493]]}}, {"type": "Feature", "properties": {"name": "Linear Feature 2", "painted_line_type": "WIDE_SOLID_YELLOW", "lighting_line_type": "ALTERNATING_AMBER_GREEN_BIDIRECTIONAL_LIGHTS"}, "geometry": {"type": "LineString", "coordinates": [[-0.17219334, 51.15157372], [-0.172161302488889, 51.15153825746666], [-0.172134488622222, 51.15150345386668], [-0.1721128984, 51.15146930920002], [-0.172096531822222, 51.15143582346667], [-0.172085388888889, 51.151402996666675], [-0.1720794696, 51.1513708288], [-0.172078773955556, 51.15133931986667], [-0.172083301955556, 51.15130846986666], [-0.1720930536, 51.15127827880001], [-0.172108028888889, 51.15124874666667], [-0.172128227822222, 51.15121987346667], [-0.1721536504, 51.151191659199995], [-0.172184296622222, 51.15116410386666], [-0.172220166488889, 51.15113720746667], [-0.17226126, 51.15111097], [-0.172434670444444, 51.15102620791111], [-0.172612421777778, 51.15094511097778], [-0.172794514, 51.150867679200005], [-0.172980947111111, 51.15079391257778], [-0.173171721111111, 51.15072381111111], [-0.173366836, 51.15065737479999], [-0.173566291777778, 51.15059460364444], [-0.173770088444444, 51.15053549764444], [-0.173978226, 51.15048005679999], [-0.174190704444444, 51.15042828111111], [-0.174407523777778, 51.150380170577776], [-0.174628684, 51.150335725199994], [-0.174854185111111, 51.15029494497778], [-0.175084027111111, 51.150257829911105], [-0.17531821, 51.15022438], [-0.17600227, 51.15013013], [-0.17243987, 51.15062096], [-0.17194524, 51.15068911], [-0.171866325244444, 51.15069739840001], [-0.171793804977778, 51.150708634266664], [-0.1717276792, 51.150722817600005], [-0.171667947911111, 51.1507399484], [-0.171614611111111, 51.150760026666674], [-0.1715676688, 51.1507830524], [-0.171527120977778, 51.1508090256], [-0.171492967644444, 51.15083794626666], [-0.1714652088, 51.1508698144], [-0.171443844444444, 51.15090463], [-0.171428874577778, 51.15094239306666], [-0.1714202992, 51.150983103600005], [-0.171418118311111, 51.1510267616], [-0.171422331911111, 51.151073367066665], [-0.17143294, 51.15112292], [-0.171442094133333, 51.15115081822223], [-0.1714538392, 51.15117749155556], [-0.1714681752, 51.15120294], [-0.171485102133333, 51.15122716355556], [-0.17150462, 51.151250162222226], [-0.1715267288, 51.151271936], [-0.171551428533333, 51.151292484888884], [-0.1715787192, 51.151311808888885], [-0.1716086008, 51.151329908], [-0.171641073333333, 51.15134678222222], [-0.1716761368, 51.151362431555555], [-0.1717137912, 51.151376856], [-0.171754036533333, 51.15139005555556], [-0.1717968728, 51.15140203022223], [-0.1718423, 51.15141278], [-0.17200691, 51.15145858], [-0.172015373244444, 51.151461382755556], [-0.172024402977778, 51.151464881688895], [-0.1720339992, 51.151469076800005], [-0.172044161911111, 51.151473968088894], [-0.172054891111111, 51.15147955555557], [-0.1720661868, 51.15148583920001], [-0.172078048977778, 51.151492819022224], [-0.172090477644444, 51.151500495022226], [-0.1721034728, 51.15150886719999], [-0.172117034444444, 51.15151793555556], [-0.172131162577778, 51.15152770008889], [-0.1721458572, 51.1515381608], [-0.172161118311111, 51.15154931768889], [-0.172176945911111, 51.151561170755556], [-0.17219334, 51.15157372]]}}, {"type": "Feature", "properties": {"name": "Linear Feature 1", "painted_line_type": "WIDE_SOLID_YELLOW", "lighting_line_type": "GREEN_BIDIRECTIONAL_LIGHTS"}, "geometry": {"type": "LineString", "coordinates": [[-0.1797674, 51.15694766], [-0.179823508933333, 51.15694263124445], [-0.179877323733333, 51.15694055031111], [-0.1799288444, 51.15694141720001], [-0.179978070933333, 51.156945231911116], [-0.180025003333333, 51.15695199444445], [-0.1800696416, 51.156961704800004], [-0.180111985733333, 51.15697436297778], [-0.180152035733333, 51.15698996897778], [-0.1801897916, 51.1570085228], [-0.180225253333333, 51.157030024444445], [-0.180258420933333, 51.1570544739111], [-0.1802892944, 51.157081871200006], [-0.180317873733333, 51.15711221631112], [-0.180344158933333, 51.157145509244444], [-0.18036815, 51.15718175], [-0.180363109688889, 51.15714645537778], [-0.180362628755556, 51.15711265684445], [-0.1803667072, 51.15708035440001], [-0.180375345022222, 51.157049548044455], [-0.180388542222222, 51.157020237777786], [-0.1804062988, 51.1569924236], [-0.180428614755556, 51.15696610551111], [-0.180455490088889, 51.15694128351111], [-0.1804869248, 51.1569179576], [-0.180522918888889, 51.156896127777784], [-0.180563472355556, 51.156875794044446], [-0.1806085852, 51.156856956400006], [-0.180658257422222, 51.15683961484444], [-0.180712489022222, 51.15682376937778], [-0.18077128, 51.15680942]]}}, {"type": "Feature", "properties": {"name": "Linear Feature 1", "painted_line_type": "WIDE_SOLID_YELLOW", "lighting_line_type": "GREEN_BIDIRECTIONAL_LIGHTS"}, "geometry": {"type": "LineString", "coordinates": [[-0.18095818, 51.15678378], [-0.181017403748148, 51.15677806973926], [-0.181077119851852, 51.15677659418075], [-0.1811368316, 51.156779358160016], [-0.181196042281482, 51.1567863665126], [-0.181254255185185, 51.15679762407408], [-0.1813109736, 51.156813135680004], [-0.181365700814815, 51.15683290616592], [-0.181417940118519, 51.156856940367405], [-0.1814671948, 51.15688524312], [-0.181512968148148, 51.15691781925926], [-0.181554763451852, 51.15695467362073], [-0.181592084, 51.156995811040005], [-0.181624433081481, 51.1570412363526], [-0.181651313985185, 51.15709095439407], [-0.18167223, 51.15714497], [-0.18166645941037, 51.15711806774222], [-0.181664462882963, 51.15709149140445], [-0.18166590328, 51.15706534664001], [-0.181670443463704, 51.157039739102224], [-0.181677746296296, 51.15701477444446], [-0.18168747464, 51.156990558320004], [-0.181699291357037, 51.15696719638222], [-0.18171285930963, 51.15694479428444], [-0.18172784136, 51.15692345768001], [-0.18174390037037, 51.156903292222225], [-0.181760699202963, 51.15688440356444], [-0.18177790072, 51.156866897360004], [-0.181795167783704, 51.15685087926222], [-0.181812163256296, 51.156836454924445], [-0.18182855, 51.15682373], [-0.181846342216296, 51.15681066752889], [-0.181867458663704, 51.156795372631116], [-0.18189141904, 51.15677816408], [-0.181917743042963, 51.1567593606489], [-0.18194595037037, 51.156739281111115], [-0.18197556072, 51.156718244240004], [-0.18200609378963, 51.15669656880888], [-0.182037069277037, 51.15667457359111], [-0.18206800688, 51.15665257736], [-0.182098426296296, 51.15663089888889], [-0.182127847223704, 51.15660985695111], [-0.18215578936, 51.15658977032], [-0.182181772402963, 51.15657095776889], [-0.18220531605037, 51.15655373807111], [-0.18222594, 51.15653843]]}}, {"type": "Feature", "properties": {"name": "Linear Feature 1", "painted_line_type": "SOLID_YELLOW", "lighting_line_type": "GREEN_BIDIRECTIONAL_LIGHTS"}, "geometry": {"type": "LineString", "coordinates": [[-0.18222594, 51.15653843], [-0.182244690311111, 51.15652405113482], [-0.182262816622222, 51.156509390278536], [-0.182280144, 51.15649442304001], [-0.182296497511111, 51.15647912502817], [-0.182311702222222, 51.15646347185186], [-0.1823255832, 51.15644743912], [-0.182337965511111, 51.15643100244147], [-0.182348674222222, 51.15641413742519], [-0.1823575344, 51.156396819680005], [-0.182364371111111, 51.156379024814825], [-0.182369009422222, 51.156360728438514], [-0.1823712744, 51.15634190616001], [-0.182370991111111, 51.15632253358815], [-0.182367984622222, 51.156302586331854], [-0.18236208, 51.15628204]]}}, {"type": "Feature", "properties": {"name": "Linear Feature 1", "painted_line_type": "WIDE_SOLID_YELLOW", "lighting_line_type": "GREEN_BIDIRECTIONAL_LIGHTS"}, "geometry": {"type": "LineString", "coordinates": [[-0.18236208, 51.15628204], [-0.18183847, 51.15475742], [-0.181820419777778, 51.15471963706667], [-0.181798677111111, 51.15468508560001], [-0.181773242, 51.15465376560001], [-0.181744114444444, 51.15462567706666], [-0.181711294444444, 51.15460082], [-0.181674782, 51.1545791944], [-0.181634577111111, 51.15456080026666], [-0.181590679777778, 51.154545637599995], [-0.18154309, 51.1545337064], [-0.181491807777778, 51.15452500666667], [-0.181436833111111, 51.154519538399995], [-0.181378166, 51.1545173016], [-0.181315806444444, 51.154518296266666], [-0.181249754444444, 51.1545225224], [-0.18118001, 51.15452998], [-0.181234612488889, 51.15451919417777], [-0.181285041288889, 51.15450628204446], [-0.1813312964, 51.154491243600006], [-0.181373377822222, 51.15447407884445], [-0.181411285555556, 51.154454787777794], [-0.1814450196, 51.15443337039999], [-0.181474579955556, 51.15440982671111], [-0.181499966622222, 51.1543841567111], [-0.1815211796, 51.1543563604], [-0.181538218888889, 51.15432643777778], [-0.181551084488889, 51.15429438884445], [-0.1815597764, 51.154260213600004], [-0.181564294622222, 51.15422391204444], [-0.181564639155556, 51.15418548417778], [-0.18156081, 51.15414493], [-0.181587024444444, 51.1541836212], [-0.181614505111111, 51.15421926546667], [-0.181643252, 51.15425186280001], [-0.181673265111111, 51.1542814132], [-0.181704544444444, 51.15430791666668], [-0.18173709, 51.15433137320001], [-0.181770901777778, 51.154351782800006], [-0.181805979777778, 51.154369145466674], [-0.181842324, 51.1543834612], [-0.181879934444444, 51.15439473], [-0.181918811111111, 51.15440295186667], [-0.181958954, 51.15440812680001], [-0.182000363111111, 51.1544102548], [-0.182043038444444, 51.15440933586667], [-0.18208698, 51.15440537], [-0.182044765288889, 51.15442179333334], [-0.182006214488889, 51.15443922333334], [-0.1819713276, 51.15445766000001], [-0.181940104622222, 51.15447710333334], [-0.181912545555556, 51.154497553333336], [-0.1818886504, 51.15451901], [-0.181868419155556, 51.15454147333334], [-0.181851851822222, 51.15456494333334], [-0.1818389484, 51.15458942], [-0.181829708888889, 51.15461490333334], [-0.181824133288889, 51.154641393333335], [-0.1818222216, 51.15466889], [-0.181823973822222, 51.154697393333336], [-0.181829389955556, 51.15472690333334], [-0.18183847, 51.15475742]]}}, {"type": "Feature", "properties": {"name": "Q", "painted_line_type": "WIDE_SOLID_YELLOW", "lighting_line_type": "GREEN_BIDIRECTIONAL_LIGHTS"}, "geometry": {"type": "LineString", "coordinates": [[-0.18414088, 51.15634542], [-0.18319889, 51.15647513], [-0.18356162, 51.15610257], [-0.183566467777778, 51.15613975968889], [-0.183567168444444, 51.156175184755554], [-0.183563722, 51.156208845200005], [-0.183556128444444, 51.15624074102223], [-0.183544387777778, 51.15627087222224], [-0.1835285, 51.1562992388], [-0.183508465111111, 51.15632584075556], [-0.183484283111111, 51.156350678088884], [-0.183455954, 51.1563737508], [-0.183423477777778, 51.15639505888888], [-0.183386854444444, 51.156414602355554], [-0.183346084, 51.156432381200005], [-0.183301166444444, 51.156448395422224], [-0.183252101777778, 51.15646264502222], [-0.18319889, 51.15647513], [-0.17135638, 51.15810588], [-0.171300013511111, 51.15811025933333], [-0.171246039377778, 51.15811184266667], [-0.1711944576, 51.15811063000001], [-0.171145268177778, 51.158106621333346], [-0.171098471111111, 51.15809981666668], [-0.1710540664, 51.158090216], [-0.171012054044444, 51.15807781933333], [-0.170972434044444, 51.15806262666667], [-0.1709352064, 51.158044638], [-0.170900371111111, 51.15802385333333], [-0.170867928177778, 51.15800027266667], [-0.1708378776, 51.157973896], [-0.170810219377778, 51.15794472333334], [-0.170784953511111, 51.15791275466667], [-0.17076208, 51.15787799], [-0.1703688, 51.1567523], [-0.170358813377778, 51.156715880844445], [-0.170353797511111, 51.15668099404445], [-0.1703537524, 51.15664763960001], [-0.170358678044444, 51.15661581751112], [-0.170368574444444, 51.15658552777779], [-0.1703834416, 51.156556770399995], [-0.170403279511111, 51.15652954537778], [-0.170428088177778, 51.15650385271112], [-0.1704578676, 51.1564796924], [-0.170492617777778, 51.156457064444446], [-0.170532338711111, 51.15643596884444], [-0.1705770304, 51.156416405600005], [-0.170626692844444, 51.15639837471112], [-0.170681326044444, 51.15638187617778], [-0.17074093, 51.15636691], [-0.17168764, 51.15622444], [-0.171702746266667, 51.15622229808889], [-0.171724881066667, 51.15621904835556], [-0.1717540444, 51.156214690800006], [-0.171790236266667, 51.15620922542223], [-0.171833456666667, 51.156202652222234], [-0.1718837056, 51.1561949712], [-0.171940983066667, 51.15618618235556], [-0.172005289066667, 51.156176285688886], [-0.1720766236, 51.15616528119999], [-0.172154986666667, 51.15615316888889], [-0.172240378266667, 51.15613994875555], [-0.1723327984, 51.1561256208], [-0.172432247066667, 51.15611018502222], [-0.172538724266667, 51.156093641422224], [-0.17265223, 51.15607599], [-0.17401038, 51.15587013], [-0.174031055733333, 51.15586644684445], [-0.174051408266667, 51.155862245377776], [-0.1740714376, 51.155857525600005], [-0.174091143733333, 51.15585228751112], [-0.174110526666667, 51.155846531111116], [-0.1741295864, 51.1558402564], [-0.174148322933333, 51.155833463377775], [-0.174166736266667, 51.15582615204444], [-0.1741848264, 51.15581832240001], [-0.174202593333333, 51.15580997444445], [-0.174220037066667, 51.15580110817778], [-0.1742371576, 51.155791723600004], [-0.174253954933333, 51.15578182071111], [-0.174270429066667, 51.15577139951112], [-0.17428658, 51.15576046], [-0.17462509, 51.15550717], [-0.174642420044444, 51.155495091688884], [-0.174660300844444, 51.15548359275556], [-0.1746787324, 51.1554726732], [-0.174697714711111, 51.15546233302223], [-0.174717247777778, 51.15545257222223], [-0.1747373316, 51.155443390799995], [-0.174757966177778, 51.15543478875555], [-0.174779151511111, 51.15542676608889], [-0.1748008876, 51.1554193228], [-0.174823174444444, 51.15541245888889], [-0.174846012044444, 51.15540617435556], [-0.1748694004, 51.1554004692], [-0.174893339511111, 51.155395343422214], [-0.174917829377778, 51.15539079702222], [-0.17494287, 51.15538683], [-0.1824133, 51.15436055], [-0.182474897777778, 51.15434596613334], [-0.182531616444444, 51.15432986786667], [-0.182583456, 51.15431225520001], [-0.182630416444444, 51.15429312813333], [-0.182672497777778, 51.15427248666667], [-0.1827097, 51.154250330800004], [-0.182742023111111, 51.15422666053333], [-0.182769467111111, 51.15420147586667], [-0.182792032, 51.15417477679999], [-0.182809717777778, 51.154146563333335], [-0.182822524444444, 51.15411683546667], [-0.182830452, 51.1540855932], [-0.182833500444444, 51.15405283653333], [-0.182831669777778, 51.15401856546667], [-0.18282496, 51.15398278], [-0.18304672, 51.1546209], [-0.183021040622222, 51.154579480133336], [-0.182992997155556, 51.154541497866674], [-0.1829625896, 51.154506953200006], [-0.182929817955556, 51.154475846133344], [-0.182894682222222, 51.154448176666676], [-0.1828571824, 51.1544239448], [-0.182817318488889, 51.154403150533334], [-0.182775090488889, 51.154385793866666], [-0.1827304984, 51.1543718748], [-0.182683542222222, 51.15436139333333], [-0.182634221955556, 51.154354349466665], [-0.1825825376, 51.154350743200006], [-0.182528489155556, 51.15435057453333], [-0.182472076622222, 51.154353843466666], [-0.1824133, 51.15436055], [-0.18322817, 51.15514304], [-0.183228383866667, 51.15516214315555], [-0.183227220133333, 51.155181215288884], [-0.1832246788, 51.15520025640001], [-0.183220759866667, 51.1552192664889], [-0.183215463333333, 51.15523824555555], [-0.1832087892, 51.15525719360001], [-0.183200737466667, 51.15527611062222], [-0.183191308133333, 51.155294996622224], [-0.1831805012, 51.1553138516], [-0.183168316666667, 51.155332675555556], [-0.183154754533333, 51.15535146848889], [-0.1831398148, 51.1553702304], [-0.183123497466667, 51.155388961288885], [-0.183105802533333, 51.15540766115556], [-0.18308673, 51.15542633], [-0.183020362266667, 51.15549481248888], [-0.182957491066667, 51.15555969995555], [-0.1828981164, 51.1556209924], [-0.182842238266667, 51.155678689822224], [-0.182789856666667, 51.15573279222223], [-0.1827409716, 51.155783299599996], [-0.182695583066667, 51.15583021195556], [-0.182653691066667, 51.15587352928889], [-0.1826152956, 51.1559132516], [-0.182580396666667, 51.15594937888889], [-0.182548994266667, 51.15598191115555], [-0.1825210884, 51.1560108484], [-0.182496679066667, 51.156036190622224], [-0.182475766266667, 51.156057937822226], [-0.18245835, 51.15607609], [-0.182443273155556, 51.15609219560001], [-0.182429378622222, 51.15610780306667], [-0.1824166664, 51.15612291240001], [-0.182405136488889, 51.1561375236], [-0.182394788888889, 51.15615163666668], [-0.1823856236, 51.156165251599994], [-0.182377640622222, 51.156178368400006], [-0.182370839955556, 51.156190987066665], [-0.1823652216, 51.15620310760001], [-0.182360785555556, 51.15621473], [-0.182357531822222, 51.156225854266665], [-0.1823554604, 51.156236480400004], [-0.182354571288889, 51.156246608400004], [-0.182354864488889, 51.15625623826667], [-0.18235634, 51.15626537]]}}, {"type": "Feature", "properties": {"name": "Q", "painted_line_type": "WIDE_SOLID_YELLOW", "lighting_line_type": "GREEN_BIDIRECTIONAL_LIGHTS"}, "geometry": {"type": "LineString", "coordinates": [[-0.18227222, 51.15650138], [-0.182251283911111, 51.15651705986667], [-0.182229136977778, 51.15653204346667], [-0.1822057792, 51.156546330800005], [-0.182181210577778, 51.15655992186667], [-0.182155431111111, 51.15657281666667], [-0.1821284408, 51.15658501520001], [-0.182100239644444, 51.15659651746667], [-0.182070827644444, 51.15660732346666], [-0.1820402048, 51.156617433200005], [-0.182008371111111, 51.15662684666667], [-0.181975326577778, 51.15663556386666], [-0.1819410712, 51.1566435848], [-0.181905604977778, 51.15665090946666], [-0.181868927911111, 51.156657537866664], [-0.18183104, 51.15666347], [-0.18191729, 51.15676002], [-0.181942986044444, 51.15674253946668], [-0.181969167511111, 51.1567259512], [-0.1819958344, 51.15671025520001], [-0.182022986711111, 51.15669545146667], [-0.182050624444444, 51.15668154], [-0.1820787476, 51.1566685208], [-0.182107356177778, 51.15665639386666], [-0.182136450177778, 51.1566451592], [-0.1821660296, 51.15663481679999], [-0.182196094444444, 51.15662536666667], [-0.182226644711111, 51.156616808799996], [-0.1822576804, 51.1566091432], [-0.182289201511111, 51.15660236986666], [-0.182321208044444, 51.1565964888], [-0.1823537, 51.1565915], [-0.18167223, 51.15714497], [-0.18259811, 51.15987242], [-0.182606675422222, 51.15991142471112], [-0.182610553022222, 51.15994855617778], [-0.1826097428, 51.15998381440001], [-0.182604244755556, 51.16001719937778], [-0.182594058888889, 51.160048711111116], [-0.1825791852, 51.160078349600006], [-0.182559623688889, 51.160106114844446], [-0.182535374355556, 51.16013200684445], [-0.1825064372, 51.1601560256], [-0.182472812222222, 51.16017817111111], [-0.182434499422222, 51.16019844337778], [-0.1823914988, 51.16021684240001], [-0.182343810355556, 51.16023336817778], [-0.182291434088889, 51.160248020711116], [-0.18223437, 51.1602608], [-0.18197412, 51.1602939], [-0.181918034, 51.160305900488886], [-0.181866277333333, 51.16031980328889], [-0.18181885, 51.160335608400004], [-0.181775752, 51.160353315822235], [-0.181736983333333, 51.16037292555556], [-0.181702544, 51.160394437600004], [-0.181672434, 51.16041785195556], [-0.181646653333333, 51.16044316862222], [-0.181625202, 51.1604703876], [-0.18160808, 51.16049950888889], [-0.181595287333333, 51.16053053248889], [-0.181586824, 51.160563458400006], [-0.18158269, 51.160598286622225], [-0.181582885333333, 51.160635017155556], [-0.18158741, 51.16067365]]}}, {"type": "Feature", "properties": {"name": "Q", "painted_line_type": "WIDE_SOLID_YELLOW", "lighting_line_type": "GREEN_BIDIRECTIONAL_LIGHTS"}, "geometry": {"type": "LineString", "coordinates": [[-0.18138785, 51.16010205], [-0.181412393955556, 51.1601370664], [-0.181439015155556, 51.1601689076], [-0.1814677136, 51.1601975736], [-0.181498489288889, 51.16022306440001], [-0.181531342222222, 51.16024538], [-0.1815662724, 51.16026452039999], [-0.181603279822222, 51.1602804856], [-0.181642364488889, 51.1602932756], [-0.1816835264, 51.1603028904], [-0.181726765555556, 51.16030933], [-0.181772081955556, 51.1603125944], [-0.1818194756, 51.1603126836], [-0.181868946488889, 51.1603095976], [-0.181920494622222, 51.1603033364], [-0.18197412, 51.1602939]]}}, {"type": "Feature", "properties": {"name": "Q-L", "painted_line_type": "SOLID_YELLOW", "lighting_line_type": "GREEN_BIDIRECTIONAL_LIGHTS"}, "geometry": {"type": "LineString", "coordinates": [[-0.18236208, 51.15628204], [-0.182386730142222, 51.156322739706674], [-0.182415395804444, 51.15635882725334], [-0.18244767384, 51.15639051928001], [-0.182483161102222, 51.15641803242668], [-0.182521454444445, 51.15644158333335], [-0.18256215072, 51.156461388640004], [-0.182604846782222, 51.15647766498667], [-0.182649139484444, 51.156490629013334], [-0.18269462568, 51.15650049736], [-0.182740902222222, 51.156507486666676], [-0.182787565964444, 51.15651181357333], [-0.18283421376, 51.156513694720005], [-0.182880442462222, 51.156513346746664], [-0.182925848924444, 51.156510986293334], [-0.18297003, 51.15650683]]}}, {"type": "Feature", "properties": {"name": "QA", "painted_line_type": "WIDE_SOLID_YELLOW", "lighting_line_type": "GREEN_BIDIRECTIONAL_LIGHTS"}, "geometry": {"type": "LineString", "coordinates": [[-0.18072215, 51.15174796], [-0.18156081, 51.15414493], [-0.181576414888889, 51.154190987377774], [-0.181591050888889, 51.15423416484445], [-0.181604718, 51.15427446240001], [-0.181617416222222, 51.154311880044446], [-0.181629145555556, 51.15434641777779], [-0.181639906, 51.1543780756], [-0.181649697555556, 51.154406853511105], [-0.181658520222222, 51.15443275151111], [-0.181666374, 51.15445576959999], [-0.181673258888889, 51.15447590777778], [-0.181679174888889, 51.15449316604444], [-0.181684122, 51.154507544400005], [-0.181688100222222, 51.15451904284444], [-0.181691109555556, 51.15452766137778], [-0.18169315, 51.1545334], [-0.181696035982222, 51.15454056667259], [-0.181699943191111, 51.15454903311408], [-0.18170474752, 51.154558592960015], [-0.181710324862222, 51.154569039845946], [-0.181716551111111, 51.15458016740742], [-0.18172330216, 51.15459176928], [-0.181730453902222, 51.154603639099264], [-0.181737882231111, 51.15461557050074], [-0.18174546304, 51.154627357120006], [-0.181753072222222, 51.15463879259259], [-0.181760585671111, 51.15464967055407], [-0.18176787928, 51.15465978464], [-0.181774828942222, 51.15466892848593], [-0.181781310551111, 51.15467689572741], [-0.1817872, 51.15468348]]}}, {"type": "Feature", "properties": {"name": "QA", "painted_line_type": "SOLID_YELLOW", "lighting_line_type": "GREEN_BIDIRECTIONAL_LIGHTS"}, "geometry": {"type": "LineString", "coordinates": [[-0.18025983, 51.15688089], [-0.18036815, 51.15718175], [-0.18042388, 51.15735]]}}, {"type": "Feature", "properties": {"name": "QA", "painted_line_type": "WIDE_SOLID_YELLOW", "lighting_line_type": "GREEN_BIDIRECTIONAL_LIGHTS"}, "geometry": {"type": "LineString", "coordinates": [[-0.18042388, 51.15735], [-0.18064546, 51.15797595], [-0.18137389, 51.16006214], [-0.18158741, 51.16067365], [-0.18189871, 51.16156757], [-0.18217186, 51.16234868], [-0.182445, 51.16312979]]}}, {"type": "Feature", "properties": {"name": "Linear Feature 45", "painted_line_type": "WIDE_SOLID_YELLOW", "lighting_line_type": "GREEN_BIDIRECTIONAL_LIGHTS"}, "geometry": {"type": "LineString", "coordinates": [[-0.18696569, 51.15168825], [-0.186966098044444, 51.15164712617778], [-0.186969882177778, 51.15160792804445], [-0.1869770424, 51.15157065560001], [-0.186987578711111, 51.15153530884446], [-0.187001491111111, 51.15150188777778], [-0.1870187796, 51.15147039240001], [-0.187039444177778, 51.15144082271111], [-0.187063484844444, 51.15141317871112], [-0.1870909016, 51.1513874604], [-0.187121694444444, 51.15136366777778], [-0.187155863377778, 51.15134180084445], [-0.1871934084, 51.1513218596], [-0.187234329511111, 51.15130384404445], [-0.187278626711111, 51.15128775417778], [-0.1873263, 51.15127359], [-0.18630741, 51.15141334], [-0.186357263688889, 51.151411773022225], [-0.186406264755556, 51.15141304808889], [-0.1864544132, 51.15141716520001], [-0.186501709022222, 51.15142412435556], [-0.186548152222222, 51.15143392555555], [-0.1865937428, 51.1514465688], [-0.186638480755556, 51.15146205408888], [-0.186682366088889, 51.15148038142222], [-0.1867253988, 51.151501550800006], [-0.186767578888889, 51.15152556222222], [-0.186808906355556, 51.15155241568889], [-0.1868493812, 51.1515821112], [-0.186889003422222, 51.151614648755555], [-0.186927773022222, 51.151650028355554], [-0.18696569, 51.15168825], [-0.18833243, 51.15560868], [-0.1883378944, 51.155622849555556], [-0.1883446956, 51.15563707822222], [-0.1883528336, 51.155651366], [-0.1883623084, 51.1556657128889], [-0.18837312, 51.1556801188889], [-0.1883852684, 51.155694584], [-0.1883987536, 51.15570910822222], [-0.1884135756, 51.15572369155555], [-0.1884297344, 51.155738334], [-0.18844723, 51.155753035555556], [-0.1884660624, 51.15576779622222], [-0.1884862316, 51.155782616], [-0.1885077376, 51.15579749488889], [-0.1885305804, 51.155812432888894], [-0.18855476, 51.15582743], [-0.18783143, 51.15583722], [-0.187894770133333, 51.15581937893333], [-0.187953147866667, 51.1557999544], [-0.1880065632, 51.155778946400005], [-0.188055016133333, 51.155756354933345], [-0.188098506666667, 51.15573218], [-0.1881370348, 51.15570642160001], [-0.188170600533333, 51.15567907973333], [-0.188199203866667, 51.15565015439999], [-0.1882228448, 51.1556196456], [-0.188241523333333, 51.15558755333333], [-0.188255239466667, 51.1555538776], [-0.1882639932, 51.1555186184], [-0.188267784533333, 51.155481775733335], [-0.188266613466667, 51.1554433496], [-0.18826048, 51.15540334]]}}, {"type": "Feature", "properties": {"name": "Linear Feature 44", "painted_line_type": "WIDE_SOLID_YELLOW", "lighting_line_type": "GREEN_BIDIRECTIONAL_LIGHTS"}, "geometry": {"type": "LineString", "coordinates": [[-0.17999124, 51.15138884], [-0.180070378444444, 51.15138552924445], [-0.180145172444444, 51.151386111644456], [-0.180215622, 51.151390587200005], [-0.180281727111111, 51.15139895591112], [-0.180343487777778, 51.15141121777779], [-0.180400904, 51.1514273728], [-0.180453975777778, 51.151447420977775], [-0.180502703111111, 51.15147136231111], [-0.180547086, 51.151499196799996], [-0.180587124444444, 51.151530924444444], [-0.180622818444444, 51.15156654524445], [-0.180654168, 51.151606059200006], [-0.180681173111111, 51.15164946631111], [-0.180703833777778, 51.151696766577786], [-0.18072215, 51.15174796], [-0.180704487022222, 51.15169526275556], [-0.180693394088889, 51.1516451576889], [-0.1806888712, 51.151597644800006], [-0.180690918355556, 51.151552724088894], [-0.180699535555556, 51.151510395555555], [-0.1807147228, 51.1514706592], [-0.180736480088889, 51.15143351502222], [-0.180764807422222, 51.15139896302223], [-0.1807997048, 51.1513670032], [-0.180841172222222, 51.15133763555555], [-0.180889209688889, 51.151310860088884], [-0.1809438172, 51.1512866768], [-0.181004994755556, 51.15126508568889], [-0.181072742355556, 51.151246086755556], [-0.18114706, 51.15122968], [-0.18124881, 51.15121567], [-0.18132617, 51.15121523431111], [-0.181399236666667, 51.15121746591111], [-0.18146801, 51.151222364800006], [-0.18153249, 51.151229930977784], [-0.181592676666667, 51.15124016444445], [-0.18164857, 51.1512530652], [-0.18170017, 51.15126863324444], [-0.181747476666667, 51.151286868577785], [-0.18179049, 51.1513077712], [-0.18182921, 51.15133134111112], [-0.181863636666667, 51.151357578311114], [-0.18189377, 51.15138648280001], [-0.18191961, 51.151418054577775], [-0.181941156666667, 51.15145229364445], [-0.18195841, 51.1514892], [-0.181949327422222, 51.1514475564], [-0.181945991688889, 51.15140769760001], [-0.1819484028, 51.151369623600004], [-0.181956560755556, 51.15133333440001], [-0.181970465555556, 51.15129883], [-0.1819901172, 51.15126611040001], [-0.182015515688889, 51.15123517560001], [-0.182046661022222, 51.1512060256], [-0.1820835532, 51.15117866040001], [-0.182126192222222, 51.15115308], [-0.182174578088889, 51.1511292844], [-0.1822287108, 51.151107273600005], [-0.182288590355556, 51.15108704760001], [-0.182354216755556, 51.1510686064], [-0.18242559, 51.15105195], [-0.18212716, 51.15091156], [-0.182085477822222, 51.15093399137778], [-0.182047684622222, 51.15095740017778], [-0.1820137804, 51.1509817864], [-0.181983765155556, 51.15100715004445], [-0.181957638888889, 51.151033491111114], [-0.1819354016, 51.1510608096], [-0.181917053288889, 51.15108910551111], [-0.181902593955556, 51.151118378844444], [-0.1818920236, 51.1511486296], [-0.181885342222222, 51.15117985777778], [-0.181882549822222, 51.15121206337778], [-0.1818836464, 51.151245246399995], [-0.181888631955556, 51.151279406844445], [-0.181897506488889, 51.15131454471111], [-0.18191027, 51.15135066], [-0.18356162, 51.15610257], [-0.1835782592, 51.15613643173333], [-0.183598038133333, 51.15616776893334], [-0.1836209568, 51.15619658160001], [-0.1836470152, 51.15622286973334], [-0.183676213333333, 51.15624663333333], [-0.1837085512, 51.1562678724], [-0.1837440288, 51.156286586933334], [-0.183782646133333, 51.15630277693334], [-0.1838244032, 51.1563164424], [-0.1838693, 51.156327583333336], [-0.183917336533333, 51.15633619973333], [-0.1839685128, 51.156342291600005], [-0.1840228288, 51.156345858933335], [-0.184080284533333, 51.156346901733336], [-0.18414088, 51.15634542], [-0.18814373, 51.15579421], [-0.188178500977778, 51.15579091053334], [-0.188212219244444, 51.155788398800006], [-0.1882448848, 51.15578667480001], [-0.188276497644444, 51.155785738533346], [-0.188307057777778, 51.155785590000015], [-0.1883365652, 51.155786229200004], [-0.188365019911111, 51.155787656133334], [-0.188392421911111, 51.15578987080001], [-0.1884187712, 51.1557928732], [-0.188444067777778, 51.15579666333334], [-0.188468311644444, 51.1558012412], [-0.1884915028, 51.155806606800006], [-0.188513641244444, 51.15581276013333], [-0.188534726977778, 51.15581970120001], [-0.18855476, 51.15582743], [-0.18889807, 51.15602009]]}}, {"type": "Feature", "properties": {"name": "Linear Feature 43", "painted_line_type": "WIDE_SOLID_YELLOW", "lighting_line_type": "GREEN_BIDIRECTIONAL_LIGHTS"}, "geometry": {"type": "LineString", "coordinates": [[-0.19193421, 51.14974425], [-0.192007042444444, 51.14974035942222], [-0.192076286444444, 51.14973975968889], [-0.192141942, 51.149742450800005], [-0.192204009111111, 51.14974843275556], [-0.192262487777778, 51.149757705555565], [-0.192317378, 51.149770269200005], [-0.192368679777778, 51.149786123688884], [-0.192416393111111, 51.14980526902222], [-0.192460518, 51.149827705199996], [-0.192501054444444, 51.14985343222222], [-0.192538002444444, 51.14988245008889], [-0.192571362, 51.14991475880001], [-0.192601133111111, 51.149950358355554], [-0.192627315777778, 51.14998924875556], [-0.19264991, 51.15003143], [-0.19497122, 51.15022245], [-0.195045326844444, 51.15022080320001], [-0.195115327377778, 51.15022212946667], [-0.1951812216, 51.15022642880001], [-0.195243009511111, 51.1502337012], [-0.195300691111111, 51.150243946666684], [-0.1953542664, 51.1502571652], [-0.195403735377778, 51.1502733568], [-0.195449098044444, 51.15029252146667], [-0.1954903544, 51.1503146592], [-0.195527504444444, 51.15033977], [-0.195560548177778, 51.15036785386667], [-0.1955894856, 51.1503989108], [-0.195614316711111, 51.1504329408], [-0.195635041511111, 51.15046994386667], [-0.19565166, 51.15050992], [-0.195640348666667, 51.1504668768], [-0.195634646666667, 51.15042579786667], [-0.195634554, 51.150386683200004], [-0.195640070666667, 51.1503495328], [-0.195651196666667, 51.15031434666667], [-0.195667932, 51.150281124799996], [-0.195690276666667, 51.150249867199996], [-0.195718230666667, 51.15022057386667], [-0.195751794, 51.1501932448], [-0.195790966666667, 51.15016788], [-0.195835748666667, 51.15014447946666], [-0.19588614, 51.150123043200004], [-0.195942140666667, 51.150103571200006], [-0.196003750666667, 51.15008606346667], [-0.19607097, 51.15007052], [-0.19565166, 51.15050992], [-0.19742037, 51.15558226]]}}, {"type": "Feature", "properties": {"name": "Linear Feature 42", "painted_line_type": "WIDE_SOLID_YELLOW", "lighting_line_type": "GREEN_BIDIRECTIONAL_LIGHTS"}, "geometry": {"type": "LineString", "coordinates": [[-0.19159919, 51.15383392], [-0.19299217, 51.15364901], [-0.193001348112593, 51.15364761206222], [-0.193010664500741, 51.15364558276446], [-0.19302013424, 51.153643012880025], [-0.193029772405926, 51.153639993182225], [-0.193039594074074, 51.15363661444446], [-0.19304961432, 51.153632967440004], [-0.193059848219259, 51.153629142942215], [-0.193070310847407, 51.153625231724455], [-0.19308101728, 51.15362132456], [-0.193091982592593, 51.153617512222226], [-0.193103221860741, 51.15361388548445], [-0.19311475016, 51.15361053512], [-0.193126582565926, 51.153607551902226], [-0.193138734154074, 51.15360502660445], [-0.19315122, 51.15360305], [-0.19352583, 51.15355201], [-0.193585402059259, 51.153543021081475], [-0.193636956874074, 51.153533584785194], [-0.1936810084, 51.153523674800006], [-0.193718070592593, 51.15351326481482], [-0.193748657407407, 51.15350232851853], [-0.1937732828, 51.1534908396], [-0.193792460725926, 51.15347877174814], [-0.193806705140741, 51.153466098651855], [-0.19381653, 51.153452794], [-0.193822449259259, 51.15343883148149], [-0.193824976874074, 51.15342418478518], [-0.1938246268, 51.1534088276], [-0.193821912992593, 51.15339273361482], [-0.193817349407407, 51.153375876518524], [-0.19381145, 51.15335823], [-0.19270105, 51.15018201], [-0.192705399333333, 51.15022568711111], [-0.192705135333333, 51.150267038444454], [-0.192700258, 51.15030606400001], [-0.192690767333333, 51.150342763777786], [-0.192676663333333, 51.15037713777779], [-0.192657946, 51.150409186], [-0.192634615333333, 51.15043890844444], [-0.192606671333333, 51.15046630511111], [-0.192574114, 51.150491376], [-0.192536943333333, 51.150514121111115], [-0.192495159333333, 51.15053454044444], [-0.192448762, 51.150552634], [-0.192397751333333, 51.150568401777775], [-0.192342127333333, 51.15058184377777], [-0.19228189, 51.15059296], [-0.192215054622222, 51.15059763537778], [-0.192157767155556, 51.15060164284445], [-0.1921100276, 51.150604982400004], [-0.192071835955556, 51.15060765404445], [-0.192043192222222, 51.15060965777777], [-0.1920240964, 51.1506109936], [-0.192014548488889, 51.15061166151111], [-0.1920240964, 51.1506109936], [-0.192043192222222, 51.15060965777778], [-0.192071835955556, 51.15060765404444], [-0.1921100276, 51.1506049824], [-0.192157767155556, 51.15060164284444], [-0.192215054622222, 51.15059763537777], [-0.19228189, 51.15059296], [-0.192351677911111, 51.150589574933335], [-0.192417822977778, 51.150589438400004], [-0.1924803252, 51.150592550400006], [-0.192539184577778, 51.15059891093333], [-0.192594401111111, 51.15060852], [-0.1926459748, 51.1506213776], [-0.192693905644444, 51.150637483733334], [-0.192738193644444, 51.1506568384], [-0.1927788388, 51.150679441600005], [-0.192815841111111, 51.15070529333334], [-0.192849200577778, 51.150734393600004], [-0.1928789172, 51.15076674240001], [-0.192904990977778, 51.15080233973334], [-0.192927421911111, 51.1508411856], [-0.19294621, 51.15088328], [-0.192952631333333, 51.15092705208889], [-0.192958135333333, 51.15096457102223], [-0.192962722, 51.15099583680001], [-0.192966391333333, 51.151020849422224], [-0.192969143333333, 51.1510396088889], [-0.192970978, 51.1510521152], [-0.192971895333333, 51.15105836835556], [-0.192971895333333, 51.151058368355564], [-0.192970978, 51.1510521152], [-0.192969143333333, 51.151039608888894], [-0.192966391333333, 51.151020849422224], [-0.192962722, 51.15099583680001], [-0.192958135333333, 51.15096457102223], [-0.192952631333333, 51.15092705208889], [-0.19294621, 51.15088328], [-0.192941704, 51.15083754586667], [-0.192941946, 51.1507941408], [-0.192946936, 51.15075306480001], [-0.192956674, 51.15071431786667], [-0.19297116, 51.15067790000001], [-0.192990394, 51.1506438112], [-0.193014376, 51.150612051466666], [-0.193043106, 51.1505826208], [-0.193076584, 51.1505555192], [-0.19311481, 51.15053074666667], [-0.193157784, 51.1505083032], [-0.193205506, 51.1504881888], [-0.193257976, 51.15047040346667], [-0.193315194, 51.150454947200004], [-0.19337716, 51.15044182], [-0.18630741, 51.15141334], [-0.18552648, 51.15152102], [-0.185379728145185, 51.15154051326518], [-0.185232474228148, 51.151558733588146], [-0.18508539272, 51.15157579576001], [-0.184939158091852, 51.151591814571866], [-0.184794444814815, 51.15160690481482], [-0.18465192736, 51.15162118128], [-0.184512280198519, 51.15163475875852], [-0.184376177801481, 51.15164775204148], [-0.18424429464, 51.151660275919994], [-0.184117305185185, 51.15167244518519], [-0.183995883908148, 51.15168437462815], [-0.18388070528, 51.15169617904], [-0.183772443771852, 51.151707973211856], [-0.183671773854815, 51.151719871934816], [-0.18357937, 51.15173199], [-0.18273154, 51.15183784], [-0.18155236, 51.15198696], [-0.181623883733333, 51.151984700755555], [-0.181691636266667, 51.151985445688894], [-0.1817556176, 51.15198919480001], [-0.181815827733333, 51.15199594808889], [-0.181872266666667, 51.15200570555555], [-0.1819249344, 51.1520184672], [-0.181973830933333, 51.15203423302222], [-0.182018956266667, 51.15205300302222], [-0.1820603104, 51.1520747772], [-0.182097893333333, 51.15209955555555], [-0.182131705066667, 51.15212733808889], [-0.1821617456, 51.1521581248], [-0.182188014933333, 51.15219191568889], [-0.182210513066667, 51.15222871075555], [-0.18222924, 51.15226851], [-0.182245803555556, 51.15231141968889], [-0.182260000888889, 51.15234819942222], [-0.182271832, 51.152378849200005], [-0.182281296888889, 51.152403369022224], [-0.182288395555556, 51.15242175888889], [-0.182293128, 51.1524340188], [-0.182295494222222, 51.15244014875555], [-0.182295494222222, 51.15244014875556], [-0.182293128, 51.1524340188], [-0.182288395555556, 51.15242175888889], [-0.182281296888889, 51.152403369022224], [-0.182271832, 51.152378849200005], [-0.182260000888889, 51.15234819942222], [-0.182245803555556, 51.152311419688886], [-0.18222924, 51.15226851], [-0.182214908888889, 51.15222368622223], [-0.182207408888889, 51.15218116422222], [-0.18220674, 51.152140944], [-0.182212902222222, 51.15210302555556], [-0.182225895555556, 51.1520674088889], [-0.18224572, 51.152034094], [-0.182272375555556, 51.15200308088889], [-0.182305862222222, 51.15197436955555], [-0.18234618, 51.15194796], [-0.182393328888889, 51.15192385222222], [-0.182447308888889, 51.15190204622222], [-0.18250812, 51.151882542], [-0.182575762222222, 51.151865339555556], [-0.182650235555556, 51.15185043888889], [-0.18273154, 51.15183784], [-0.182656258088889, 51.151844320399995], [-0.182584580355556, 51.15184716693333], [-0.1825165068, 51.15184637960001], [-0.182452037422222, 51.1518419584], [-0.182391172222222, 51.15183390333333], [-0.1823339112, 51.15182221439999], [-0.182280254355556, 51.1518068916], [-0.182230201688889, 51.15178793493333], [-0.1821837532, 51.1517653444], [-0.182140908888889, 51.15173912], [-0.182101668755556, 51.15170926173333], [-0.1820660328, 51.151675769600004], [-0.182034001022222, 51.1516386436], [-0.182005573422222, 51.15159788373333], [-0.18198075, 51.15155349], [-0.181989804622222, 51.15159881653333], [-0.181993485822222, 51.15164179613333], [-0.1819917936, 51.1516824288], [-0.181984727955556, 51.15172071453333], [-0.181972288888889, 51.15175665333334], [-0.1819544764, 51.151790245200004], [-0.181931290488889, 51.15182149013333], [-0.181902731155556, 51.15185038813333], [-0.1818687984, 51.15187693920001], [-0.181829492222222, 51.15190114333333], [-0.181784812622222, 51.15192300053333], [-0.1817347596, 51.1519425108], [-0.181679333155556, 51.15195967413334], [-0.181618533288889, 51.151974490533334], [-0.18155236, 51.15198696], [-0.1802715, 51.15216163], [-0.180343710711111, 51.15215457306667], [-0.180412102844444, 51.1521508876], [-0.1804766764, 51.15215057360001], [-0.180537431377778, 51.152153631066675], [-0.180594367777778, 51.152160060000014], [-0.1806474856, 51.1521698604], [-0.180696784844444, 51.15218303226666], [-0.180742265511111, 51.1521995756], [-0.1807839276, 51.1522194904], [-0.180821771111111, 51.15224277666667], [-0.180855796044444, 51.1522694344], [-0.1808860024, 51.1522994636], [-0.180912390177778, 51.15233286426667], [-0.180934959377778, 51.1523696364], [-0.18095371, 51.15240978], [-0.1809638572, 51.15245021573333], [-0.1809725548, 51.15248487493334], [-0.1809798028, 51.152513757600005], [-0.1809856012, 51.15253686373333], [-0.18098995, 51.15255419333333], [-0.1809928492, 51.1525657464], [-0.1809942988, 51.15257152293333], [-0.1809928492, 51.1525657464], [-0.18098995, 51.15255419333333], [-0.1809856012, 51.15253686373333], [-0.1809798028, 51.152513757600005], [-0.1809725548, 51.15248487493333], [-0.1809638572, 51.15245021573333], [-0.18095371, 51.15240978], [-0.180945545155556, 51.15236755875556], [-0.180942794622222, 51.152327543022224], [-0.1809454584, 51.15228973280001], [-0.180953536488889, 51.15225412808889], [-0.180967028888889, 51.15222072888889], [-0.1809859356, 51.1521895352], [-0.181010256622222, 51.15216054702223], [-0.181039991955556, 51.152133764355554], [-0.1810751416, 51.1521091872], [-0.181115705555556, 51.15208681555556], [-0.181161683822222, 51.152066649422224], [-0.1812130764, 51.1520486888], [-0.181269883288889, 51.152032933688886], [-0.181332104488889, 51.15201938408889], [-0.18139974, 51.15200804], [-0.181460982844444, 51.15200570044445], [-0.181513476711111, 51.15200369511111], [-0.1815572216, 51.15200202400001], [-0.181592217511111, 51.15200068711112], [-0.181618464444444, 51.151999684444455], [-0.1816359624, 51.151999016], [-0.181644711377778, 51.151998681777776], [-0.181644711377778, 51.151998681777776], [-0.1816359624, 51.151999016], [-0.181618464444444, 51.15199968444445], [-0.181592217511111, 51.15200068711111], [-0.1815572216, 51.152002024], [-0.181513476711111, 51.15200369511111], [-0.181460982844444, 51.15200570044444], [-0.18139974, 51.15200804], [-0.181335485644444, 51.15200922364444], [-0.181273957244444, 51.15200776124445], [-0.1812151548, 51.152003652800005], [-0.181159078311111, 51.15199689831112], [-0.181105727777778, 51.15198749777779], [-0.1810551032, 51.151975451199995], [-0.181007204577778, 51.15196075857777], [-0.180962031911111, 51.15194341991111], [-0.1809195852, 51.1519234352], [-0.180879864444444, 51.15190080444445], [-0.180842869644444, 51.15187552764444], [-0.1808086008, 51.151847604800004], [-0.180777057911111, 51.15181703591111], [-0.180748240977778, 51.15178382097778], [-0.18072215, 51.15174796], [-0.180719662355556, 51.15170755662223], [-0.180717530088889, 51.15167292515556], [-0.1807157532, 51.15164406560001], [-0.180714331688889, 51.15162097795557], [-0.180713265555556, 51.151603662222236], [-0.1807125548, 51.15159211840001], [-0.180712199422222, 51.151586346488884], [-0.180712199422222, 51.15158634648889], [-0.1807125548, 51.1515921184], [-0.180713265555556, 51.15160366222223], [-0.180714331688889, 51.15162097795556], [-0.1807157532, 51.15164406560001], [-0.180717530088889, 51.15167292515556], [-0.180719662355556, 51.15170755662223], [-0.18072215, 51.15174796], [-0.180722634755556, 51.15179020191112], [-0.180718758355556, 51.15183034897778], [-0.1807105208, 51.151868401200005], [-0.180697922088889, 51.151904358577774], [-0.180680962222222, 51.151938221111116], [-0.1806596412, 51.151969988800005], [-0.180633959022222, 51.15199966164445], [-0.180603915688889, 51.15202723964445], [-0.1805695112, 51.1520527228], [-0.180530745555556, 51.152076111111114], [-0.180487618755556, 51.15209740457777], [-0.1804401308, 51.15211660320001], [-0.180388281688889, 51.15213370697778], [-0.180332071422222, 51.15214871591112], [-0.1802715, 51.15216163], [-0.17732017, 51.15256826], [-0.177393546933333, 51.15254927502222], [-0.177460627066667, 51.152528365422235], [-0.1775214104, 51.152505531200006], [-0.177575896933333, 51.15248077235557], [-0.177624086666667, 51.152454088888895], [-0.1776659796, 51.152425480800005], [-0.177701575733333, 51.1523949480889], [-0.177730875066667, 51.152362490755564], [-0.1777538776, 51.152328108800006], [-0.177770583333333, 51.15229180222222], [-0.177780992266667, 51.15225357102223], [-0.1777851044, 51.152213415199995], [-0.177782919733333, 51.15217133475555], [-0.177774438266667, 51.15212732968889], [-0.17775966, 51.1520814], [-0.17759637, 51.15122766]]}}, {"type": "Feature", "properties": {"name": "Linear Feature 42", "painted_line_type": "WIDE_SOLID_YELLOW", "lighting_line_type": "ALTERNATING_AMBER_GREEN_BIDIRECTIONAL_LIGHTS"}, "geometry": {"type": "LineString", "coordinates": [[-0.17759637, 51.15122766], [-0.17754096, 51.15093796]]}}, {"type": "Feature", "properties": {"name": "Linear Feature 40", "painted_line_type": "WIDE_SOLID_YELLOW", "lighting_line_type": "GREEN_BIDIRECTIONAL_LIGHTS"}, "geometry": {"type": "LineString", "coordinates": [[-0.20295023, 51.14822602], [-0.20117643, 51.14847052], [-0.1978404, 51.14893034], [-0.19324839, 51.14956328], [-0.18242559, 51.15105195], [-0.18150619, 51.15117841], [-0.181528319733333, 51.151173596444444], [-0.1815504316, 51.15116832644445], [-0.1815725256, 51.1511626], [-0.181594601733333, 51.15115641711111], [-0.18161666, 51.15114977777779], [-0.1816387004, 51.151142682], [-0.181660722933333, 51.151135129777785], [-0.1816827276, 51.15112712111111], [-0.1817047144, 51.151118656], [-0.181726683333333, 51.15110973444445], [-0.1817486344, 51.151100356444445], [-0.1817705676, 51.151090522], [-0.181792482933333, 51.15108023111111], [-0.1818143804, 51.15106948377778], [-0.18183626, 51.15105828], [-0.18299554, 51.15047294]]}}, {"type": "Feature", "properties": {"name": "Linear Feature 40", "painted_line_type": "WIDE_SOLID_YELLOW", "lighting_line_type": "ALTERNATING_AMBER_GREEN_BIDIRECTIONAL_LIGHTS"}, "geometry": {"type": "LineString", "coordinates": [[-0.18299554, 51.15047294], [-0.18591281, 51.14899998], [-0.186011641911111, 51.1489525824], [-0.186112921644444, 51.14890743226667], [-0.1862166492, 51.148864529600004], [-0.186322824577778, 51.14882387440001], [-0.186431447777778, 51.14878546666667], [-0.1865425188, 51.1487493064], [-0.186656037644444, 51.14871539360001], [-0.186772004311111, 51.14868372826666], [-0.1868904188, 51.148654310400005], [-0.187011281111111, 51.14862714], [-0.187134591244444, 51.14860221706667], [-0.1872603492, 51.1485795416], [-0.187388554977778, 51.1485591136], [-0.187519208577778, 51.14854093306667], [-0.18765231, 51.148525], [-0.19041227, 51.14814473]]}}, {"type": "Feature", "properties": {"name": "Linear Feature 40", "painted_line_type": "WIDE_SOLID_YELLOW", "lighting_line_type": "GREEN_BIDIRECTIONAL_LIGHTS"}, "geometry": {"type": "LineString", "coordinates": [[-0.19324839, 51.14956328], [-0.193154843333333, 51.14958072457778], [-0.193068960666667, 51.14960013564445], [-0.192990742, 51.1496215132], [-0.192920187333333, 51.149644857244446], [-0.192857296666667, 51.149670167777785], [-0.19280207, 51.149697444800005], [-0.192754507333333, 51.14972668831112], [-0.192714608666667, 51.14975789831111], [-0.192682374, 51.14979107480001], [-0.192657803333333, 51.14982621777778], [-0.192640896666667, 51.14986332724444], [-0.192631654, 51.1499024032], [-0.192630075333333, 51.14994344564444], [-0.192636160666667, 51.14998645457778], [-0.19264991, 51.15003143], [-0.19270105, 51.15018201], [-0.192718147022222, 51.15021805768889], [-0.192739240755556, 51.15025143008889], [-0.1927643312, 51.15028212720001], [-0.192793418355556, 51.15031014902223], [-0.192826502222222, 51.15033549555556], [-0.1928635828, 51.1503581668], [-0.192904660088889, 51.15037816275556], [-0.192949734088889, 51.150395483422216], [-0.1929988048, 51.150410128800004], [-0.193051872222222, 51.15042209888889], [-0.193108936355556, 51.15043139368889], [-0.1931699972, 51.150438013199995], [-0.193235054755556, 51.15044195742222], [-0.193304109022222, 51.150443226355556], [-0.19337716, 51.15044182], [-0.20119029, 51.14936682], [-0.20590927, 51.14871754]]}}, {"type": "Feature", "properties": {"name": "Linear Feature 41", "painted_line_type": "WIDE_SOLID_YELLOW", "lighting_line_type": "ALTERNATING_AMBER_GREEN_BIDIRECTIONAL_LIGHTS"}, "geometry": {"type": "LineString", "coordinates": [[-0.18290895, 51.14917853], [-0.18166268, 51.14935025], [-0.181486715155556, 51.14937285591112], [-0.181314556622222, 51.149397372311114], [-0.1811462044, 51.1494237992], [-0.180981658488889, 51.14945213657778], [-0.180820918888889, 51.14948238444445], [-0.1806639856, 51.149514542800006], [-0.180510858622222, 51.14954861164444], [-0.180361537955556, 51.14958459097778], [-0.1802160236, 51.1496224808], [-0.180074315555556, 51.14966228111112], [-0.179936413822222, 51.14970399191111], [-0.1798023184, 51.149747613200006], [-0.179672029288889, 51.14979314497778], [-0.179545546488889, 51.14984058724445], [-0.17942287, 51.14988994], [-0.17859383, 51.15024283], [-0.1777358, 51.15066322], [-0.177710312711111, 51.15067838755556], [-0.177686610844444, 51.150694004888884], [-0.1776646944, 51.15071007200001], [-0.177644563377778, 51.150726588888894], [-0.177626217777778, 51.15074355555556], [-0.1776096576, 51.150760972], [-0.177594882844444, 51.15077883822222], [-0.177581893511111, 51.15079715422222], [-0.1775706896, 51.15081592], [-0.177561271111111, 51.15083513555555], [-0.177553638044444, 51.15085480088889], [-0.1775477904, 51.150874916], [-0.177543728177778, 51.15089548088889], [-0.177541451377778, 51.150916495555556], [-0.17754096, 51.15093796], [-0.17742961, 51.1503453]]}}, {"type": "Feature", "properties": {"name": "Linear Feature 41", "painted_line_type": "WIDE_SOLID_YELLOW", "lighting_line_type": "GREEN_BIDIRECTIONAL_LIGHTS"}, "geometry": {"type": "LineString", "coordinates": [[-0.17742961, 51.1503453], [-0.17740463, 51.15024376]]}}, {"type": "Feature", "properties": {"name": "Linear Feature 41", "painted_line_type": "WIDE_SOLID_YELLOW", "lighting_line_type": "ALTERNATING_AMBER_GREEN_BIDIRECTIONAL_LIGHTS"}, "geometry": {"type": "LineString", "coordinates": [[-0.17740463, 51.15024376], [-0.177397373688889, 51.15020430977778], [-0.177395260755556, 51.15016700711112], [-0.1773982912, 51.150131852000015], [-0.177406465022222, 51.15009884444445], [-0.177419782222222, 51.150067984444455], [-0.1774382428, 51.150039272], [-0.177461846755556, 51.15001270711111], [-0.177490594088889, 51.149988289777774], [-0.1775244848, 51.14996602], [-0.177563518888889, 51.14994589777778], [-0.177607696355556, 51.149927923111115], [-0.1776570172, 51.149912096], [-0.177711481422222, 51.149898416444444], [-0.177771089022222, 51.14988688444444], [-0.17783584, 51.1498775], [-0.17832397, 51.14981025], [-0.17830942, 51.14976773], [-0.17772823, 51.14984085], [-0.177677389066667, 51.14984606742222], [-0.177628460933333, 51.14984872235556], [-0.1775814456, 51.1498488148], [-0.177536343066667, 51.14984634475555], [-0.177493153333333, 51.149841312222236], [-0.1774518764, 51.149833717199996], [-0.177412512266667, 51.14982355968888], [-0.177375060933333, 51.14981083968888], [-0.1773395224, 51.149795557199994], [-0.177305896666667, 51.149777712222225], [-0.177274183733333, 51.14975730475555], [-0.1772443836, 51.1497343348], [-0.177216496266667, 51.149708802355555], [-0.177190521733333, 51.14968070742222], [-0.17716646, 51.14965005], [-0.17740463, 51.15024376], [-0.17716646, 51.14965005], [-0.17677508, 51.148652], [-0.17672722, 51.14852995], [-0.176680703377778, 51.14843996813333], [-0.176627340177778, 51.148357523866665], [-0.1765671304, 51.1482826172], [-0.176500074044444, 51.14821524813334], [-0.176426171111111, 51.14815541666667], [-0.1763454216, 51.148103122799995], [-0.176257825511111, 51.148058366533334], [-0.176163382844444, 51.148021147866665], [-0.1760620936, 51.14799146679999], [-0.175953957777778, 51.147969323333335], [-0.175838975377778, 51.14795471746666], [-0.1757171464, 51.1479476492], [-0.175588470844444, 51.147948118533336], [-0.175452948711111, 51.14795612546666], [-0.17531058, 51.14797167], [-0.16416056, 51.14951285], [-0.164090623822222, 51.149524059377775], [-0.164026676622222, 51.149537932844446], [-0.1639687184, 51.1495544704], [-0.163916749155556, 51.149573672044454], [-0.163870768888889, 51.14959553777778], [-0.1638307776, 51.149620067600004], [-0.163796775288889, 51.14964726151111], [-0.163768761955556, 51.14967711951111], [-0.1637467376, 51.1497096416], [-0.163730702222222, 51.14974482777778], [-0.163720655822222, 51.149782678044446], [-0.1637165984, 51.1498231924], [-0.163718529955556, 51.14986637084445], [-0.163726450488889, 51.14991221337778], [-0.16374036, 51.14996072], [-0.16470301, 51.15266685]]}}, {"type": "Feature", "properties": {"name": "Linear Feature 41", "painted_line_type": "WIDE_SOLID_YELLOW", "lighting_line_type": "GREEN_BIDIRECTIONAL_LIGHTS"}, "geometry": {"type": "LineString", "coordinates": [[-0.16470301, 51.15266685], [-0.164722690622222, 51.15270706128889], [-0.164745633822222, 51.15274407915556], [-0.1647718396, 51.152777903600004], [-0.164801307955556, 51.15280853462223], [-0.164834038888889, 51.15283597222222], [-0.1648700324, 51.15286021639999], [-0.164909288488889, 51.15288126715555], [-0.164951807155556, 51.15289912448889], [-0.1649975884, 51.1529137884], [-0.165046632222222, 51.152925258888885], [-0.165098938622222, 51.152933535955555], [-0.1651545076, 51.1529386196], [-0.165213339155556, 51.15294050982222], [-0.165275433288889, 51.15293920662222], [-0.16534079, 51.15293471], [-0.16623806, 51.15282522], [-0.166279953288889, 51.15281827746667], [-0.166318915822222, 51.152809484533336], [-0.1663549476, 51.1527988412], [-0.166388048622222, 51.15278634746667], [-0.166418218888889, 51.15277200333333], [-0.1664454584, 51.1527558088], [-0.166469767155556, 51.15273776386667], [-0.166491145155556, 51.15271786853333], [-0.1665095924, 51.15269612280001], [-0.166525108888889, 51.15267252666666], [-0.166537694622222, 51.152647080133335], [-0.1665473496, 51.1526197832], [-0.166554073822222, 51.152590635866666], [-0.166557867288889, 51.15255963813334], [-0.16655873, 51.15252679]]}}, {"type": "Feature", "properties": {"name": "Linear Feature 41", "painted_line_type": "WIDE_SOLID_YELLOW", "lighting_line_type": "ALTERNATING_AMBER_GREEN_BIDIRECTIONAL_LIGHTS"}, "geometry": {"type": "LineString", "coordinates": [[-0.16655873, 51.15252679], [-0.16646102, 51.15224546], [-0.16631255, 51.15181845], [-0.166299844177778, 51.151774121555555], [-0.166292889377778, 51.151732218888895], [-0.1662916856, 51.151692742], [-0.166296232844444, 51.151655690888894], [-0.166306531111111, 51.15162106555556], [-0.1663225804, 51.151588866], [-0.166344380711111, 51.15155909222222], [-0.166371932044444, 51.151531744222225], [-0.1664052344, 51.151506822], [-0.166444287777778, 51.15148432555556], [-0.166489092177778, 51.15146425488889], [-0.1665396476, 51.15144661], [-0.166595954044444, 51.15143139088889], [-0.166658011511111, 51.15141859755556], [-0.16672582, 51.15140823], [-0.16696427, 51.15137538], [-0.16898666, 51.15109674], [-0.16851986, 51.15116105], [-0.1684236336, 51.1511808504], [-0.168335325066667, 51.15120330493333], [-0.1682549344, 51.15122841360001], [-0.1681824616, 51.151256176400004], [-0.168117906666667, 51.15128659333334], [-0.1680612696, 51.1513196644], [-0.1680125504, 51.151355389600006], [-0.167971749066667, 51.15139376893333], [-0.1679388656, 51.1514348024], [-0.1679139, 51.15147849], [-0.167896852266667, 51.15152483173333], [-0.1678877224, 51.151573827600004], [-0.1678865104, 51.1516254776], [-0.167893216266667, 51.151679781733336], [-0.16790784, 51.15173674], [-0.16806425, 51.15218568], [-0.168225, 51.15264711]]}}, {"type": "Feature", "properties": {"name": "Linear Feature 41", "painted_line_type": "WIDE_SOLID_YELLOW", "lighting_line_type": "GREEN_BIDIRECTIONAL_LIGHTS"}, "geometry": {"type": "LineString", "coordinates": [[-0.168225, 51.15264711], [-0.168245674488889, 51.15268653013334], [-0.168269991288889, 51.1527228492], [-0.1682979504, 51.1527560672], [-0.168329551822222, 51.15278618413334], [-0.168364795555556, 51.1528132], [-0.1684036816, 51.1528371148], [-0.168446209955556, 51.15285792853334], [-0.168492380622222, 51.152875641200005], [-0.1685421936, 51.152890252800006], [-0.168595648888889, 51.15290176333334], [-0.168652746488889, 51.152910172800006], [-0.1687134864, 51.152915481200004], [-0.168777868622222, 51.152917688533336], [-0.168845893155556, 51.15291679480001], [-0.16891756, 51.1529128], [-0.17674229, 51.15183623], [-0.18150601, 51.15117843]]}}, {"type": "Feature", "properties": {"name": "Linear Feature 39", "painted_line_type": "WIDE_SOLID_YELLOW", "lighting_line_type": "GREEN_BIDIRECTIONAL_LIGHTS"}, "geometry": {"type": "LineString", "coordinates": [[-0.2098096, 51.14690141], [-0.209819269644444, 51.14694411506667], [-0.209823454577778, 51.1469848916], [-0.2098221548, 51.1470237396], [-0.209815370311111, 51.14706065906667], [-0.209803101111111, 51.14709565], [-0.2097853472, 51.14712871239999], [-0.209762108577778, 51.14715984626666], [-0.209733385244444, 51.1471890516], [-0.2096991772, 51.1472163284], [-0.209659484444444, 51.14724167666667], [-0.209614306977778, 51.1472650964], [-0.2095636448, 51.1472865876], [-0.209507497911111, 51.147306150266665], [-0.209445866311111, 51.1473237844], [-0.20937875, 51.14733949], [-0.21048922, 51.14718635], [-0.20783967, 51.14755174], [-0.2077706944, 51.14755660377778], [-0.207705724933333, 51.14755755777778], [-0.2076447616, 51.147554602], [-0.2075878044, 51.14754773644444], [-0.207534853333333, 51.147536961111115], [-0.2074859084, 51.147522276], [-0.2074409696, 51.14750368111111], [-0.207400036933333, 51.147481176444444], [-0.2073631104, 51.147454762], [-0.20733019, 51.14742443777779], [-0.207301275733333, 51.147390203777775], [-0.2072763676, 51.14735206], [-0.2072554656, 51.14731000644444], [-0.207238569733333, 51.14726404311111], [-0.20722568, 51.14721417], [-0.207239843466667, 51.14725959133333], [-0.207248168533333, 51.14730307133333], [-0.2072506552, 51.14734461], [-0.207247303466667, 51.14738420733334], [-0.207238113333333, 51.147421863333335], [-0.2072230848, 51.14745757799999], [-0.207202217866667, 51.14749135133333], [-0.207175512533333, 51.14752318333333], [-0.2071429688, 51.147553074], [-0.207104586666667, 51.14758102333333], [-0.207060366133333, 51.14760703133333], [-0.2070103072, 51.147631098], [-0.206954409866667, 51.14765322333333], [-0.206892674133333, 51.147673407333336], [-0.2068251, 51.14769165], [-0.20783967, 51.14755174], [-0.20737449, 51.14761589], [-0.207332785866667, 51.147620669822224], [-0.207292788133333, 51.14762628395556], [-0.2072544968, 51.147632732400005], [-0.207217911866667, 51.14764001515556], [-0.207183033333333, 51.14764813222223], [-0.2071498612, 51.147657083599995], [-0.207118395466667, 51.147666869288884], [-0.207088636133333, 51.14767748928888], [-0.2070605832, 51.147688943599995], [-0.207034236666667, 51.14770123222222], [-0.207009596533333, 51.14771435515555], [-0.2069866628, 51.147728312400005], [-0.206965435466667, 51.14774310395555], [-0.206945914533333, 51.14775872982222], [-0.2069281, 51.14777519], [-0.20714793, 51.14751399], [-0.20638766, 51.1484173], [-0.20645989, 51.14819073], [-0.206479217466667, 51.14824240951111], [-0.2065028052, 51.14829003471112], [-0.2065306532, 51.14833360560001], [-0.206562761466667, 51.14837312217779], [-0.20659913, 51.14840858444445], [-0.2066397588, 51.1484399924], [-0.206684647866667, 51.14846734604445], [-0.2067337972, 51.148490645377784], [-0.2067872068, 51.14850989040001], [-0.206844876666667, 51.14852508111111], [-0.2069068068, 51.14853621751111], [-0.2069729972, 51.14854329960001], [-0.207043447866667, 51.14854632737778], [-0.2071181588, 51.14854530084445], [-0.20719713, 51.14854022], [-0.2068251, 51.14769165], [-0.20572065, 51.14784396], [-0.205732887911111, 51.1478429180889], [-0.205745294977778, 51.147841941688895], [-0.2057578712, 51.14784103080001], [-0.205770616577778, 51.147840185422226], [-0.205783531111111, 51.14783940555556], [-0.2057966148, 51.1478386912], [-0.205809867644444, 51.14783804235555], [-0.205823289644444, 51.14783745902223], [-0.2058368808, 51.1478369412], [-0.205850641111111, 51.147836488888885], [-0.205864570577778, 51.14783610208889], [-0.2058786692, 51.147835780799994], [-0.205892936977778, 51.14783552502222], [-0.205907373911111, 51.147835334755555], [-0.20592198, 51.14783521], [-0.20572065, 51.14784396], [-0.20295023, 51.14822602], [-0.2029874892, 51.148228375777784], [-0.2030256348, 51.14823022977778], [-0.2030646668, 51.148231582000015], [-0.2031045852, 51.14823243244445], [-0.20314539, 51.14823278111112], [-0.2031870812, 51.148232628], [-0.2032296588, 51.14823197311112], [-0.2032731228, 51.148230816444446], [-0.2033174732, 51.148229158], [-0.20336271, 51.14822699777778], [-0.2034088332, 51.14822433577778], [-0.2034558428, 51.148221172], [-0.2035037388, 51.148217506444446], [-0.2035525212, 51.148213339111116], [-0.20360219, 51.14820867], [-0.203675207863704, 51.148199269760006], [-0.203743722242963, 51.14818588248], [-0.20380742832, 51.14816858832001], [-0.203866021277037, 51.148147467440005], [-0.203919196296296, 51.1481226], [-0.20396664856, 51.14809406616], [-0.20400807325037, 51.14806194607999], [-0.20404316554963, 51.14802631991999], [-0.20407162064, 51.14798726784001], [-0.204093133703704, 51.14794487], [-0.204107399922963, 51.14789920656], [-0.20411411448, 51.14785035768], [-0.204112972557037, 51.14779840352], [-0.204103669336296, 51.147743424240005], [-0.2040859, 51.1476855]]}}, {"type": "Feature", "properties": {"name": "Linear Feature 39", "painted_line_type": "WIDE_SOLID_YELLOW", "lighting_line_type": "ALTERNATING_AMBER_GREEN_BIDIRECTIONAL_LIGHTS"}, "geometry": {"type": "LineString", "coordinates": [[-0.2040859, 51.1476855], [-0.204077964, 51.147670659022225], [-0.204068393333333, 51.14765649608889], [-0.204057188, 51.14764301120001], [-0.204044348, 51.14763020435555], [-0.204029873333333, 51.14761807555556], [-0.204013764, 51.1476066248], [-0.20399602, 51.1475958520889], [-0.203976641333333, 51.14758575742222], [-0.203955628, 51.1475763408], [-0.20393298, 51.147567602222225], [-0.203908697333333, 51.14755954168889], [-0.20388278, 51.1475521592], [-0.203855228, 51.14754545475555], [-0.203826041333333, 51.14753942835556], [-0.20379522, 51.14753408]]}}, {"type": "Feature", "properties": {"name": "Linear Feature 1", "painted_line_type": "WIDE_SOLID_YELLOW", "lighting_line_type": "ALTERNATING_AMBER_GREEN_BIDIRECTIONAL_LIGHTS"}, "geometry": {"type": "LineString", "coordinates": [[-0.19041227, 51.14814473], [-0.1923348, 51.14787985], [-0.192580590032593, 51.14785053848297], [-0.192834639994074, 51.14782598773037], [-0.19309441168, 51.147805897440016], [-0.193357366885926, 51.14778996730964], [-0.193620967407407, 51.147777897037045], [-0.19388267504, 51.14776938632001], [-0.194139951579259, 51.14776413485629], [-0.194390258820741, 51.147761842343705], [-0.19463105856, 51.14776220848], [-0.194859812592593, 51.14776493296297], [-0.195073982714074, 51.14776971549037], [-0.19527103072, 51.14777625576001], [-0.195448418405926, 51.14778425346964], [-0.195603607567407, 51.14779340831704], [-0.19573406, 51.14780342], [-0.19884827, 51.14807869], [-0.198887350835556, 51.14808390562371], [-0.198925563084445, 51.1480917720563], [-0.19896274136, 51.148102144640006], [-0.198998720275556, 51.148114878717045], [-0.199033334444444, 51.14812982962964], [-0.19906641848, 51.14814685272001], [-0.199097806995556, 51.14816580333037], [-0.199127334604444, 51.14818653680297], [-0.19915483592, 51.14820890848001], [-0.199180145555556, 51.14823277370371], [-0.199203098124444, 51.148257987816294], [-0.19922352824, 51.14828440616001], [-0.199241270515556, 51.148311884077046], [-0.199256159564444, 51.148340276909636], [-0.19926803, 51.14836944]]}}, {"type": "Feature", "properties": {"name": "Linear Feature 1", "painted_line_type": "WIDE_SOLID_YELLOW", "lighting_line_type": "GREEN_BIDIRECTIONAL_LIGHTS"}, "geometry": {"type": "LineString", "coordinates": [[-0.19926803, 51.14836944], [-0.199281325288889, 51.14842366103112], [-0.199283382977778, 51.14847932798224], [-0.1992732188, 51.14853555264001], [-0.199249848488889, 51.14859144679113], [-0.199212287777778, 51.14864612222223], [-0.1991595524, 51.14869869072], [-0.199090658088889, 51.148748264071116], [-0.199004620577778, 51.14879395406222], [-0.1989004556, 51.14883487248], [-0.198777178888889, 51.14887013111112], [-0.198633806177778, 51.14889884174222], [-0.1984693532, 51.14892011616], [-0.198282835688889, 51.14893306615111], [-0.198073269377778, 51.148936803502224], [-0.19783967, 51.14893044]]}}, {"type": "Feature", "properties": {"name": "Linear Feature 38", "painted_line_type": "WIDE_SOLID_YELLOW", "lighting_line_type": "ALTERNATING_AMBER_GREEN_BIDIRECTIONAL_LIGHTS"}, "geometry": {"type": "LineString", "coordinates": [[-0.20688406, 51.14623947], [-0.206865036222222, 51.14619541893333], [-0.206853383555556, 51.14615355106666], [-0.206849102, 51.14611386640001], [-0.206852191555556, 51.146076364933336], [-0.206862652222222, 51.146041046666674], [-0.206880484, 51.146007911599995], [-0.206905686888889, 51.14597695973333], [-0.206938260888889, 51.14594819106665], [-0.206978206, 51.145921605599995], [-0.207025522222222, 51.145897203333334], [-0.207080209555556, 51.14587498426666], [-0.207142268, 51.1458549484], [-0.207211697555556, 51.145837095733334], [-0.207288498222222, 51.145821426266664], [-0.20737267, 51.14580794], [-0.211706, 51.1452109], [-0.211739540432593, 51.14520810014815], [-0.211796062394074, 51.145206494251866], [-0.21187243488, 51.14520760880001], [-0.211965526885926, 51.1452129702815], [-0.212072207407407, 51.1452241051852], [-0.21218934544, 51.14524254], [-0.212313809979259, 51.145269801214816], [-0.212442470020741, 51.14530741531851], [-0.21257219456, 51.145356908800004], [-0.212699852592593, 51.145419808148155], [-0.212822313114074, 51.14549763985185], [-0.21293644512, 51.1455919304], [-0.213039117605926, 51.14570420628148], [-0.213127199567407, 51.14583599398518], [-0.21319756, 51.14598882], [-0.21330302, 51.14632459]]}}, {"type": "Feature", "properties": {"name": "Linear Feature 38", "painted_line_type": "WIDE_SOLID_YELLOW", "lighting_line_type": "GREEN_BIDIRECTIONAL_LIGHTS"}, "geometry": {"type": "LineString", "coordinates": [[-0.21330302, 51.14632459], [-0.21331758, 51.14637094], [-0.213329377777778, 51.14642055084444], [-0.213335685777778, 51.14646765004444], [-0.213336504, 51.14651223760001], [-0.213331832444444, 51.14655431351112], [-0.213321671111111, 51.14659387777778], [-0.21330602, 51.14663093040001], [-0.213284879111111, 51.14666547137778], [-0.213258248444444, 51.14669750071111], [-0.213226128, 51.1467270184], [-0.213188517777778, 51.14675402444445], [-0.213145417777778, 51.14677851884444], [-0.213096828, 51.14680050160001], [-0.213042748444444, 51.146819972711114], [-0.212983179111111, 51.146836932177784], [-0.21291812, 51.14685138], [-0.21048922, 51.14718635], [-0.210425966444444, 51.147191577333324], [-0.210365267111111, 51.14719335266667], [-0.210307122, 51.147191676], [-0.210251531111111, 51.147186547333334], [-0.210198494444444, 51.14717796666667], [-0.210148012, 51.147165934], [-0.210100083777778, 51.14715044933334], [-0.210054709777778, 51.14713151266667], [-0.21001189, 51.147109124], [-0.209971624444444, 51.14708328333333], [-0.209933913111111, 51.14705399066666], [-0.209898756, 51.147021246], [-0.209866153111111, 51.14698504933334], [-0.209836104444444, 51.14694540066667], [-0.20980861, 51.1469023], [-0.20976412, 51.14679133]]}}, {"type": "Feature", "properties": {"name": "Linear Feature 38", "painted_line_type": "WIDE_SOLID_YELLOW", "lighting_line_type": "ALTERNATING_AMBER_GREEN_BIDIRECTIONAL_LIGHTS"}, "geometry": {"type": "LineString", "coordinates": [[-0.20976412, 51.14679133], [-0.20957172, 51.14631138], [-0.209510816711111, 51.146215407111114], [-0.209444058844444, 51.14612746977779], [-0.2093714464, 51.146047568], [-0.209292979377778, 51.145975701777786], [-0.209208657777778, 51.14591187111112], [-0.2091184816, 51.145856076], [-0.209022450844444, 51.145808316444445], [-0.208920565511111, 51.14576859244444], [-0.2088128256, 51.145736904], [-0.208699231111111, 51.14571325111112], [-0.208579782044444, 51.145697633777786], [-0.2084544784, 51.145690052], [-0.208323320177778, 51.145690505777786], [-0.208186307377778, 51.14569899511112], [-0.20804344, 51.14571552], [-0.20748553, 51.14579239], [-0.20616188, 51.14597476], [-0.206238102488889, 51.1459681724], [-0.206310313955556, 51.14596504693334], [-0.2063785144, 51.1459653836], [-0.206442703822222, 51.1459691824], [-0.206502882222222, 51.14597644333333], [-0.2065590496, 51.1459871664], [-0.206611205955556, 51.14600135159999], [-0.206659351288889, 51.146018998933336], [-0.2067034856, 51.146040108399994], [-0.206743608888889, 51.14606468], [-0.206779721155556, 51.14609271373334], [-0.2068118224, 51.1461242096], [-0.206839912622222, 51.1461591676], [-0.206863991822222, 51.14619758773333], [-0.20688406, 51.14623947], [-0.20722518, 51.14721122], [-0.207210838222222, 51.14717885911112], [-0.207193791555556, 51.14714807511111], [-0.20717404, 51.147118868], [-0.207151583555556, 51.147091237777786], [-0.207126422222222, 51.14706518444446], [-0.207098556, 51.147040708], [-0.207067984888889, 51.147017808444446], [-0.207034708888889, 51.14699648577778], [-0.206998728, 51.14697674], [-0.206960042222222, 51.146958571111114], [-0.206918651555556, 51.14694197911111], [-0.206874556, 51.146926964], [-0.206827755555556, 51.14691352577778], [-0.206778250222222, 51.14690166444445], [-0.20672604, 51.14689138]]}}, {"type": "Feature", "properties": {"name": "Linear Feature 38", "painted_line_type": "WIDE_SOLID_YELLOW", "lighting_line_type": "GREEN_BIDIRECTIONAL_LIGHTS"}, "geometry": {"type": "LineString", "coordinates": [[-0.20672604, 51.14689138], [-0.20658898, 51.14686419]]}}, {"type": "Feature", "properties": {"name": "Linear Feature 38", "painted_line_type": "WIDE_SOLID_YELLOW", "lighting_line_type": "ALTERNATING_AMBER_GREEN_BIDIRECTIONAL_LIGHTS"}, "geometry": {"type": "LineString", "coordinates": [[-0.20658898, 51.14686419], [-0.20552422, 51.14665293], [-0.205255191511111, 51.146610149377786], [-0.204988442044444, 51.146572839511116], [-0.2047239716, 51.146541000400006], [-0.204461780177778, 51.14651463204446], [-0.204201867777778, 51.14649373444444], [-0.2039442344, 51.146478307600006], [-0.203688880044444, 51.14646835151111], [-0.203435804711111, 51.146463866177776], [-0.2031850084, 51.1464648516], [-0.202936491111111, 51.14647130777778], [-0.202690252844444, 51.14648323471111], [-0.2024462936, 51.146500632400006], [-0.202204613377778, 51.146523500844445], [-0.201965212177778, 51.146551840044445], [-0.20172809, 51.14658565], [-0.20049202, 51.14675595], [-0.19667565, 51.14728177], [-0.19763417, 51.1471497], [-0.197876141955556, 51.14711572728889], [-0.198116020488889, 51.147086558488894], [-0.1983538056, 51.14706219360001], [-0.198589497288889, 51.14704263262223], [-0.198823095555556, 51.14702787555556], [-0.1990546004, 51.147017922399996], [-0.199284011822222, 51.14701277315555], [-0.199511329822222, 51.14701242782222], [-0.1997365544, 51.147016886399996], [-0.199959685555556, 51.147026148888884], [-0.200180723288889, 51.14704021528888], [-0.2003996676, 51.147059085600006], [-0.200616518488889, 51.14708275982222], [-0.200831275955556, 51.147111237955556], [-0.20104394, 51.14714452], [-0.20414313, 51.14758334]]}}, {"type": "Feature", "properties": {"name": "Linear Feature 38", "painted_line_type": "WIDE_SOLID_YELLOW", "lighting_line_type": "GREEN_BIDIRECTIONAL_LIGHTS"}, "geometry": {"type": "LineString", "coordinates": [[-0.20414313, 51.14758334], [-0.20598804, 51.14784457], [-0.206033955244444, 51.14784993391111], [-0.206077804977778, 51.14785782831112], [-0.2061195892, 51.14786825320001], [-0.206159307911111, 51.147881208577786], [-0.206196961111111, 51.14789669444444], [-0.2062325488, 51.147914710799995], [-0.206266070977778, 51.14793525764445], [-0.206297527644444, 51.14795833497779], [-0.2063269188, 51.147983942799996], [-0.206354244444445, 51.14801208111112], [-0.206379504577778, 51.14804274991111], [-0.2064026992, 51.148075949200006], [-0.206423828311111, 51.14811167897778], [-0.206442891911111, 51.14814993924445], [-0.20645989, 51.14819073], [-0.206463545111111, 51.148203363111115], [-0.206465982444444, 51.14821635844445], [-0.206467202, 51.148229716], [-0.206467203777778, 51.148243435777786], [-0.206465987777778, 51.148257517777786], [-0.206463554, 51.14827196200001], [-0.206459902444444, 51.14828676844444], [-0.206455033111111, 51.148301937111114], [-0.206448946, 51.148317468], [-0.206441641111111, 51.14833336111111], [-0.206433118444444, 51.14834961644444], [-0.206423378, 51.148366234], [-0.206412419777778, 51.14838321377778], [-0.206400243777778, 51.148400555777776], [-0.20638685, 51.14841826], [-0.20625487, 51.14857507], [-0.206241695955556, 51.14858824595555], [-0.206227112488889, 51.148600896488894], [-0.2062111196, 51.1486130216], [-0.206193717288889, 51.14862462128889], [-0.206174905555556, 51.148635695555555], [-0.2061546844, 51.1486462444], [-0.206133053822222, 51.14865626782223], [-0.206110013822222, 51.148665765822216], [-0.2060855644, 51.1486747384], [-0.206059705555556, 51.148683185555555], [-0.206032437288889, 51.14869110728888], [-0.2060037596, 51.1486985036], [-0.205973672488889, 51.148705374488884], [-0.205942175955556, 51.14871171995556], [-0.20590927, 51.14871754], [-0.21132095, 51.1479725], [-0.211349473801482, 51.14796827633483], [-0.211376819078519, 51.14796375547853], [-0.21140302464, 51.147958934640016], [-0.211428129294815, 51.14795381102817], [-0.211452171851852, 51.147948381851876], [-0.21147519112, 51.147942644320004], [-0.211497225908148, 51.14793659564148], [-0.211518315025185, 51.1479302330252], [-0.21153849728, 51.147923553680016], [-0.211557811481482, 51.14791655481483], [-0.211576296438519, 51.147909233638515], [-0.21159399096, 51.14790158736001], [-0.211610933854815, 51.14789361318815], [-0.211627163931852, 51.14788530833185], [-0.21164272, 51.14787667], [-0.211657384242963, 51.147868323517045], [-0.211671088343704, 51.14786084186964], [-0.21168409536, 51.147854143760014], [-0.21169666834963, 51.14784814789038], [-0.21170907037037, 51.147842772962974], [-0.21172156448, 51.14783793768001], [-0.211734413736296, 51.147833560743706], [-0.211747881197037, 51.1478295608563], [-0.21176222992, 51.147825856720004], [-0.211777722962963, 51.147822367037044], [-0.211794623383704, 51.14781901050962], [-0.21181319424, 51.14781570584], [-0.21183369858963, 51.14781237173037], [-0.21185639949037, 51.147808926882966], [-0.21188156, 51.14780529], [-0.21356616, 51.14757514], [-0.213643570222222, 51.147562574355554], [-0.213714478222222, 51.14754740542222], [-0.213778884, 51.147529633200016], [-0.213836787555556, 51.1475092576889], [-0.213888188888889, 51.1474862788889], [-0.213933088, 51.14746069680001], [-0.213971484888889, 51.14743251142223], [-0.214003379555556, 51.14740172275555], [-0.214028772, 51.147368330800006], [-0.214047662222222, 51.14733233555556], [-0.214060050222222, 51.147293737022224], [-0.214065936, 51.14725253520001], [-0.214065319555556, 51.14720873008889], [-0.214058200888889, 51.147162321688896], [-0.21404458, 51.14711331], [-0.21396531, 51.14689215], [-0.213954867422222, 51.146866617422226], [-0.213942947688889, 51.14684213968889], [-0.2139295508, 51.14681871680001], [-0.213914676755556, 51.14679634875556], [-0.213898325555556, 51.146775035555564], [-0.2138804972, 51.1467547772], [-0.213861191688889, 51.146735573688886], [-0.213840409022222, 51.146717425022224], [-0.2138181492, 51.146700331199995], [-0.213794412222222, 51.14668429222222], [-0.213769198088889, 51.14666930808889], [-0.2137425068, 51.146655378800006], [-0.213714338355556, 51.146642504355555], [-0.213684692755556, 51.14663068475555], [-0.21365357, 51.14661992], [-0.213622339466667, 51.14660925857778], [-0.213592370533333, 51.146597748977776], [-0.2135636632, 51.146585391200006], [-0.213536217466667, 51.146572185244445], [-0.213510033333333, 51.14655813111111], [-0.2134851108, 51.14654322879999], [-0.213461449866667, 51.14652747831111], [-0.213439050533333, 51.146510879644445], [-0.2134179128, 51.1464934328], [-0.213398036666667, 51.14647513777777], [-0.213379422133333, 51.14645599457778], [-0.2133620692, 51.1464360032], [-0.213345977866667, 51.14641516364444], [-0.213331148133333, 51.14639347591111], [-0.21331758, 51.14637094], [-0.21291812, 51.14685138], [-0.21335663, 51.14679091], [-0.213415809866667, 51.146783761466665], [-0.213472880133333, 51.146780126533336], [-0.2135278408, 51.14678000520001], [-0.213580691866667, 51.14678339746666], [-0.213631433333333, 51.14679030333334], [-0.2136800652, 51.1468007228], [-0.213726587466667, 51.14681465586667], [-0.213771000133333, 51.14683210253333], [-0.2138133032, 51.146853062800005], [-0.213853496666667, 51.14687753666667], [-0.213891580533333, 51.14690552413333], [-0.2139275548, 51.1469370252], [-0.213961419466667, 51.14697203986667], [-0.213993174533333, 51.14701056813334], [-0.21402282, 51.14705261]]}}, {"type": "Feature", "properties": {"name": "AN Z edge ring", "painted_line_type": "DOUBLE_SOLID_YELLOW", "lighting_line_type": null}, "geometry": {"type": "LineString", "coordinates": [[-0.20603441, 51.14831615], [-0.206001412711111, 51.148355597644446], [-0.205966191511111, 51.14839297524445], [-0.2059287464, 51.148428282800005], [-0.205889077377778, 51.14846152031112], [-0.205847184444444, 51.14849268777778], [-0.2058030676, 51.1485217852], [-0.205756726844444, 51.14854881257778], [-0.205708162177778, 51.14857376991111], [-0.2056573736, 51.1485966572], [-0.205604361111111, 51.14861747444445], [-0.205549124711111, 51.148636221644445], [-0.2054916644, 51.14865289880001], [-0.205431980177778, 51.14866750591111], [-0.205370072044444, 51.14868004297778], [-0.20530594, 51.14869051], [-0.204952731155556, 51.148738718222226], [-0.204619381955556, 51.14878425222222], [-0.2043058924, 51.148827112], [-0.204012262488889, 51.14886729755556], [-0.203738492222222, 51.1489048088889], [-0.2034845816, 51.148939646], [-0.203250530622222, 51.148971808888895], [-0.203036339288889, 51.14900129755556], [-0.2028420076, 51.149028112], [-0.202667535555556, 51.14905225222222], [-0.202512923155556, 51.14907371822222], [-0.2023781704, 51.14909251], [-0.202263277288889, 51.149108627555556], [-0.202168243822222, 51.14912207088889], [-0.20209307, 51.14913284], [-0.2020953776, 51.14912549324444], [-0.2020976204, 51.14911806631112], [-0.2020997984, 51.149110559200004], [-0.2021019116, 51.14910297191112], [-0.20210396, 51.14909530444446], [-0.2021059436, 51.1490875568], [-0.2021078624, 51.149079728977775], [-0.2021097164, 51.14907182097777], [-0.2021115056, 51.149063832799996], [-0.20211323, 51.14905576444444], [-0.2021148896, 51.149047615911115], [-0.2021164844, 51.149039387200006], [-0.2021180144, 51.14903107831111], [-0.2021194796, 51.14902268924445], [-0.20212088, 51.14901422]]}}, {"type": "Feature", "properties": {"name": "AN Z edge ring", "painted_line_type": "DOUBLE_SOLID_YELLOW", "lighting_line_type": null}, "geometry": {"type": "LineString", "coordinates": [[-0.20133294, 51.14912408], [-0.201310116088889, 51.14913684235556], [-0.201286921688889, 51.149149361422225], [-0.2012633568, 51.1491616372], [-0.201239421422222, 51.149173669688885], [-0.201215115555556, 51.14918545888889], [-0.2011904392, 51.14919700479999], [-0.201165392355556, 51.14920830742222], [-0.201139975022222, 51.14921936675555], [-0.2011141872, 51.1492301828], [-0.201088028888889, 51.14924075555555], [-0.201061500088889, 51.149251085022215], [-0.2010346008, 51.1492611712], [-0.201007331022222, 51.14927101408888], [-0.200979690755556, 51.14928061368889], [-0.20095168, 51.14928997], [-0.19445862, 51.15018389], [-0.194366071555556, 51.1501958148], [-0.194275682222222, 51.150206498533336], [-0.194187452, 51.1502159412], [-0.194101380888889, 51.150224142800006], [-0.194017468888889, 51.15023110333334], [-0.193935716, 51.1502368228], [-0.193856122222222, 51.1502413012], [-0.193778687555556, 51.15024453853333], [-0.193703412, 51.1502465348], [-0.193630295555556, 51.15024729], [-0.193559338222222, 51.15024680413333], [-0.19349054, 51.1502450772], [-0.193423900888889, 51.1502421092], [-0.193359420888889, 51.15023790013333], [-0.1932971, 51.15023245], [-0.19407578, 51.15046916], [-0.194146596133333, 51.15046052115556], [-0.194217249866667, 51.1504529512889], [-0.1942877412, 51.15044645040001], [-0.194358070133333, 51.15044101848889], [-0.194428236666667, 51.150436655555566], [-0.1944982408, 51.1504333616], [-0.194568082533333, 51.15043113662222], [-0.194637761866667, 51.15042998062222], [-0.1947072788, 51.150429893600005], [-0.194776633333333, 51.15043087555556], [-0.194845825466667, 51.15043292648889], [-0.1949148552, 51.1504360464], [-0.194983722533333, 51.15044023528889], [-0.195052427466667, 51.15044549315555], [-0.19512097, 51.15045182], [-0.195136746844444, 51.150454272266664], [-0.195152120044444, 51.15045731173334], [-0.1951670896, 51.15046093840001], [-0.195181655511111, 51.15046515226667], [-0.195195817777778, 51.15046995333334], [-0.1952095764, 51.1504753416], [-0.195222931377778, 51.15048131706667], [-0.195235882711111, 51.15048787973333], [-0.1952484304, 51.150495029599995], [-0.195260574444444, 51.15050276666666], [-0.195272314844444, 51.150511090933335], [-0.1952836516, 51.15052000240001], [-0.195294584711111, 51.15052950106667], [-0.195305114177778, 51.150539586933334], [-0.19531524, 51.15055026]]}}, {"type": "Feature", "properties": {"name": "AN Z edge ring", "painted_line_type": "DOUBLE_SOLID_YELLOW", "lighting_line_type": null}, "geometry": {"type": "LineString", "coordinates": [[-0.1841112, 51.15183119], [-0.184036467644444, 51.15184226333334], [-0.183963979911111, 51.151853294], [-0.1838937368, 51.15186428200001], [-0.183825738311111, 51.15187522733334], [-0.183759984444444, 51.151886130000015], [-0.1836964752, 51.15189699], [-0.183635210577778, 51.15190780733333], [-0.183576190577778, 51.151918582], [-0.1835194152, 51.151929314], [-0.183464884444444, 51.15194000333334], [-0.183412598311111, 51.15195065], [-0.1833625568, 51.151961254], [-0.183314759911111, 51.15197181533334], [-0.183269207644444, 51.151982334], [-0.1832259, 51.15199281], [-0.1827811, 51.1520516], [-0.18268858, 51.15216129], [-0.18200244, 51.15248439]]}}, {"type": "Feature", "properties": {"name": "AN Z edge ring", "painted_line_type": "DOUBLE_SOLID_YELLOW", "lighting_line_type": "BLUE_OMNIDIRECTIONAL_LIGHTS"}, "geometry": {"type": "LineString", "coordinates": [[-0.1772981, 51.15063308], [-0.17734106, 51.15098434], [-0.1773421628, 51.151009545288886], [-0.177342297866667, 51.1510354704889], [-0.1773414652, 51.1510621156], [-0.1773396648, 51.15108948062223], [-0.177336896666667, 51.15111756555556], [-0.1773331608, 51.15114637039999], [-0.1773284572, 51.15117589515556], [-0.177322785866667, 51.15120613982222], [-0.1773161468, 51.151237104399996], [-0.17730854, 51.151268788888885], [-0.177299965466667, 51.15130119328889], [-0.1772904232, 51.151334317599996], [-0.1772799132, 51.15136816182222], [-0.177268435466667, 51.151402725955556], [-0.17725599, 51.15143801], [-0.177250902711111, 51.15145110244445], [-0.177245030177778, 51.15146350244444], [-0.1772383724, 51.15147521], [-0.177230929377778, 51.151486225111114], [-0.177222701111111, 51.15149654777778], [-0.1772136876, 51.151506178], [-0.177203888844444, 51.151515115777784], [-0.177193304844444, 51.15152336111111], [-0.1771819356, 51.151530914], [-0.177169781111111, 51.15153777444445], [-0.177156841377778, 51.15154394244444], [-0.1771431164, 51.151549418], [-0.177128606177778, 51.15155420111111], [-0.177113310711111, 51.151558291777775], [-0.17709723, 51.15156169], [-0.17674002, 51.15161269], [-0.17191339, 51.15286561], [-0.171924391623704, 51.152878295917034], [-0.17193442858963, 51.15289005226964], [-0.17194350104, 51.15290096096001], [-0.171951609117037, 51.15291110389038], [-0.171958752962963, 51.15292056296297], [-0.17196493272, 51.15292942008], [-0.17197014853037, 51.152937757143704], [-0.171974400536296, 51.152945656056296], [-0.17197768888, 51.152953198720006], [-0.171980013703704, 51.15296046703705], [-0.17198137514963, 51.15296754290962], [-0.17198177336, 51.15297450824001], [-0.171981208477037, 51.152981444930376], [-0.171979680642963, 51.152988434882964], [-0.17197719, 51.15299556], [-0.171973414939259, 51.15300338841779], [-0.171968012980741, 51.153012328142225], [-0.17196095296, 51.15302222088001], [-0.171952203712593, 51.15303290833778], [-0.171941734074074, 51.15304423222223], [-0.17192951288, 51.15305603424001], [-0.171915508965926, 51.153068156097774], [-0.171899691167407, 51.15308043950222], [-0.17188202832, 51.15309272616], [-0.171862489259259, 51.15310485777778], [-0.171841042820741, 51.153116676062226], [-0.17181765784, 51.15312802272], [-0.171792303152593, 51.15313873945778], [-0.171764947594074, 51.15314866798222], [-0.17173556, 51.15315765], [-0.171701953028148, 51.15316652719111], [-0.171662540758519, 51.15317614166222], [-0.17161819416, 51.153186335760005], [-0.171569784201482, 51.15319695183113], [-0.171518181851852, 51.15320783222223], [-0.17146425808, 51.153218819280006], [-0.171408883854815, 51.153229755351106], [-0.171352930145185, 51.15324048278222], [-0.17129726792, 51.153250843920006], [-0.171242768148148, 51.15326068111112], [-0.171190301798519, 51.15326983670222], [-0.17114073984, 51.153278153040006], [-0.171094953241481, 51.15328547247112], [-0.171053812971852, 51.15329163734223], [-0.17101819, 51.15329649], [-0.16950824, 51.15350549], [-0.169456122355556, 51.15351206417779], [-0.169405793422222, 51.15351822937778], [-0.1693572532, 51.1535239856], [-0.169310501688889, 51.15352933284446], [-0.169265538888889, 51.15353427111112], [-0.1692223648, 51.15353880040001], [-0.169180979422222, 51.15354292071112], [-0.169141382755556, 51.153546632044446], [-0.1691035748, 51.153549934400004], [-0.169067555555556, 51.15355282777779], [-0.169033325022222, 51.15355531217779], [-0.1690008832, 51.15355738760001], [-0.168970230088889, 51.15355905404445], [-0.168941365688889, 51.153560311511114], [-0.16891429, 51.15356116], [-0.168874964361481, 51.153562026219255], [-0.168835600625185, 51.15356261482075], [-0.16879630256, 51.15356280872001], [-0.168757173934815, 51.15356249083261], [-0.168718318518519, 51.15356154407409], [-0.16867984008, 51.15355985136001], [-0.168641842388148, 51.15355729560592], [-0.168604429211852, 51.1535537597274], [-0.16856770432, 51.15354912664], [-0.168531771481481, 51.15354327925926], [-0.168496734465185, 51.15353610050074], [-0.16846269704, 51.15352747328001], [-0.168429762974815, 51.15351728051259], [-0.168398036038518, 51.153505405114075], [-0.16836762, 51.15349173], [-0.168339951585185, 51.15347659588741], [-0.168316250548148, 51.153460520832596], [-0.1682962952, 51.153443653760014], [-0.168279863851852, 51.15342614359409], [-0.168266734814815, 51.15340813925927], [-0.1682566864, 51.15338978968001], [-0.168249496918519, 51.15337124378074], [-0.168244944681482, 51.15335265048593], [-0.168242808, 51.15333415872], [-0.168242865185185, 51.15331591740741], [-0.168244894548148, 51.15329807547259], [-0.1682486744, 51.15328078184001], [-0.168253983051852, 51.15326418543408], [-0.168260598814815, 51.15324843517926], [-0.1682683, 51.15323368], [-0.168277435404444, 51.15321932091556], [-0.168288742435556, 51.15320471132445], [-0.16830258232, 51.15318992872001], [-0.168319316284444, 51.15317505059557], [-0.168339305555556, 51.15316015444445], [-0.16836291136, 51.15314531776001], [-0.168390494924444, 51.15313061803555], [-0.168422417475556, 51.153116132764445], [-0.16845904024, 51.153101939440006], [-0.168500724444444, 51.15308811555556], [-0.168547831315556, 51.153074738604445], [-0.16860072208, 51.15306188608], [-0.168659757964444, 51.153049635475554], [-0.168725300195556, 51.153038064284445], [-0.16879771, 51.15302725], [-0.16941678, 51.15293851], [-0.17079074, 51.15275489], [-0.170890317253333, 51.15274493561481], [-0.170986149226667, 51.15273736665186], [-0.17107792424, 51.15273197040001], [-0.171165330613333, 51.15272853414815], [-0.171248056666667, 51.1527268451852], [-0.17132579072, 51.15272669080001], [-0.171398221093333, 51.15272785828147], [-0.171465036106667, 51.15273013491852], [-0.17152592408, 51.152733308], [-0.171580573333333, 51.15273716481482], [-0.171628672186667, 51.152741492651856], [-0.17166990896, 51.15274607880001], [-0.171703971973333, 51.152750710548155], [-0.171730549546667, 51.15275517518519], [-0.17174933, 51.15275926], [-0.171763663463704, 51.1527633195289], [-0.17177716170963, 51.152767845031114], [-0.17178990552, 51.15277282888001], [-0.171801975677037, 51.1527782634489], [-0.171813452962963, 51.15278414111111], [-0.17182441816, 51.15279045424], [-0.17183495205037, 51.15279719520888], [-0.171845135416296, 51.15280435639111], [-0.17185504904, 51.15281193016], [-0.171864773703704, 51.15281990888889], [-0.17187439018963, 51.15282828495111], [-0.17188397928, 51.15283705072], [-0.171893621757037, 51.152846198568895], [-0.171903398402963, 51.15285572087111], [-0.17191339, 51.15286561], [-0.17178656, 51.15365623]]}}, {"type": "Feature", "properties": {"name": "Linear Feature 1", "painted_line_type": "WIDE_SOLID_WHITE_WITH_BLACK_BORDER", "lighting_line_type": null}, "geometry": {"type": "LineString", "coordinates": [[-0.18187913, 51.16331143], [-0.18079214, 51.16023501], [-0.18059714, 51.16005171], [-0.17983408, 51.15789022], [-0.17985161, 51.15785686], [-0.17969451, 51.15737441], [-0.17775166, 51.15764358], [-0.1777054, 51.15762917], [-0.17551531, 51.15794122], [-0.17552687, 51.15797239], [-0.1715713, 51.15851802], [-0.17147192, 51.15879315], [-0.171469194755556, 51.1587947064], [-0.171467011022222, 51.15879638626667], [-0.1714653688, 51.158798189600006], [-0.171464268088889, 51.1588001164], [-0.171463708888889, 51.15880216666667], [-0.1714636912, 51.1588043404], [-0.171464215022222, 51.1588066376], [-0.171465280355556, 51.15880905826666], [-0.1714668872, 51.1588116024], [-0.171469035555556, 51.15881427], [-0.171471725422222, 51.158817061066664], [-0.1714749568, 51.158819975600004], [-0.171478729688889, 51.1588230136], [-0.171483044088889, 51.158826175066665], [-0.1714879, 51.15882946]]}}, {"type": "Feature", "properties": {"name": "Lines on Drop-off road", "painted_line_type": "DOUBLE_SOLID_YELLOW", "lighting_line_type": null}, "geometry": {"type": "LineString", "coordinates": [[-0.16015515, 51.15783496], [-0.15922725, 51.15514773], [-0.15913624, 51.1551636], [-0.16004784, 51.15783603], [-0.16015515, 51.15783496]]}}, {"type": "Feature", "properties": {"name": "Taxi turn ins", "painted_line_type": "WIDE_SOLID_YELLOW", "lighting_line_type": null}, "geometry": {"type": "LineString", "coordinates": [[-0.1675412, 51.158419], [-0.16701398, 51.15857447], [-0.16639327, 51.1587475], [-0.16626398, 51.15878111], [-0.16765033, 51.15890661]]}}, {"type": "Feature", "properties": {"name": "Taxi turn ins", "painted_line_type": "SEPARATED_BROKEN_YELLOW_WITH_BLACK_BORDER", "lighting_line_type": null}, "geometry": {"type": "LineString", "coordinates": [[-0.16765033, 51.15890661], [-0.16733292, 51.15925584], [-0.16724576, 51.15943887]]}}, {"type": "Feature", "properties": {"name": "Taxi turn ins", "painted_line_type": "WIDE_SOLID_YELLOW", "lighting_line_type": null}, "geometry": {"type": "LineString", "coordinates": [[-0.16724576, 51.15943887], [-0.1671615, 51.15954597], [-0.16840139, 51.15895673]]}}, {"type": "Feature", "properties": {"name": "Taxi turn ins", "painted_line_type": "SEPARATED_BROKEN_YELLOW_WITH_BLACK_BORDER", "lighting_line_type": null}, "geometry": {"type": "LineString", "coordinates": [[-0.16840139, 51.15895673], [-0.16829227, 51.15933274], [-0.16819507, 51.15966912]]}}, {"type": "Feature", "properties": {"name": "Taxi turn ins", "painted_line_type": "WIDE_SOLID_YELLOW", "lighting_line_type": null}, "geometry": {"type": "LineString", "coordinates": [[-0.16819507, 51.15966912], [-0.1681732, 51.15974462], [-0.16841289, 51.15872183]]}}, {"type": "Feature", "properties": {"name": "Taxi turn ins", "painted_line_type": "SEPARATED_BROKEN_YELLOW_WITH_BLACK_BORDER", "lighting_line_type": null}, "geometry": {"type": "LineString", "coordinates": [[-0.16841289, 51.15872183], [-0.16862809, 51.15935953], [-0.16872521, 51.15964737]]}}, {"type": "Feature", "properties": {"name": "Taxi turn ins", "painted_line_type": "WIDE_SOLID_YELLOW", "lighting_line_type": null}, "geometry": {"type": "LineString", "coordinates": [[-0.16872521, 51.15964737], [-0.1687565, 51.15974012], [-0.16869626, 51.15895966]]}}, {"type": "Feature", "properties": {"name": "Taxi turn ins", "painted_line_type": "SEPARATED_BROKEN_YELLOW_WITH_BLACK_BORDER", "lighting_line_type": null}, "geometry": {"type": "LineString", "coordinates": [[-0.16869626, 51.15895966], [-0.16898222, 51.15927973], [-0.16923756, 51.15955589]]}}, {"type": "Feature", "properties": {"name": "Taxi turn ins", "painted_line_type": "WIDE_SOLID_YELLOW", "lighting_line_type": null}, "geometry": {"type": "LineString", "coordinates": [[-0.16923756, 51.15955589], [-0.16932485, 51.15965063], [-0.16910114, 51.15872615]]}}, {"type": "Feature", "properties": {"name": "Taxi turn ins", "painted_line_type": "SEPARATED_BROKEN_YELLOW_WITH_BLACK_BORDER", "lighting_line_type": null}, "geometry": {"type": "LineString", "coordinates": [[-0.16910114, 51.15872615], [-0.16949406, 51.15914503], [-0.16968135, 51.1593447]]}}, {"type": "Feature", "properties": {"name": "Taxi turn ins", "painted_line_type": "WIDE_SOLID_YELLOW", "lighting_line_type": null}, "geometry": {"type": "LineString", "coordinates": [[-0.16968135, 51.1593447], [-0.16981593, 51.15948817], [-0.16892822, 51.15856537]]}}, {"type": "Feature", "properties": {"name": "Taxi turn ins", "painted_line_type": "SEPARATED_BROKEN_YELLOW_WITH_BLACK_BORDER", "lighting_line_type": null}, "geometry": {"type": "LineString", "coordinates": [[-0.16892822, 51.15856537], [-0.16975626, 51.15899083], [-0.17007953, 51.15915694]]}}, {"type": "Feature", "properties": {"name": "Taxi turn ins", "painted_line_type": "WIDE_SOLID_YELLOW", "lighting_line_type": null}, "geometry": {"type": "LineString", "coordinates": [[-0.17007953, 51.15915694], [-0.17024629, 51.15924262], [-0.16969567, 51.15874476]]}}, {"type": "Feature", "properties": {"name": "Taxi turn ins", "painted_line_type": "SEPARATED_BROKEN_YELLOW_WITH_BLACK_BORDER", "lighting_line_type": null}, "geometry": {"type": "LineString", "coordinates": [[-0.16969567, 51.15874476], [-0.16996202, 51.15881256], [-0.17041801, 51.15887707]]}}, {"type": "Feature", "properties": {"name": "Taxi turn ins", "painted_line_type": "WIDE_SOLID_YELLOW", "lighting_line_type": null}, "geometry": {"type": "LineString", "coordinates": [[-0.17041801, 51.15887707], [-0.17058601, 51.15890513], [-0.16944238, 51.15826899]]}}, {"type": "Feature", "properties": {"name": "Taxi turn ins", "painted_line_type": "SEPARATED_BROKEN_YELLOW_WITH_BLACK_BORDER", "lighting_line_type": null}, "geometry": {"type": "LineString", "coordinates": [[-0.16944238, 51.15826899], [-0.17014958, 51.1584335], [-0.17059998, 51.15853827]]}}, {"type": "Feature", "properties": {"name": "Taxi turn ins", "painted_line_type": "WIDE_SOLID_YELLOW", "lighting_line_type": null}, "geometry": {"type": "LineString", "coordinates": [[-0.17059998, 51.15853827], [-0.17076867, 51.15857751], [-0.16910898, 51.15822552]]}}, {"type": "Feature", "properties": {"name": "Taxi turn ins", "painted_line_type": "SEPARATED_BROKEN_YELLOW_WITH_BLACK_BORDER", "lighting_line_type": null}, "geometry": {"type": "LineString", "coordinates": [[-0.16910898, 51.15822552], [-0.17005661, 51.15821807]]}}, {"type": "Feature", "properties": {"name": "Taxi turn ins", "painted_line_type": "WIDE_SOLID_YELLOW_WITH_BLACK_BORDER", "lighting_line_type": null}, "geometry": {"type": "LineString", "coordinates": [[-0.17005661, 51.15821807], [-0.17018584, 51.1582169], [-0.17059925, 51.15821381]]}}, {"type": "Feature", "properties": {"name": "Taxi turn ins", "painted_line_type": "WIDE_SOLID_YELLOW", "lighting_line_type": null}, "geometry": {"type": "LineString", "coordinates": [[-0.17059925, 51.15821381], [-0.17083517, 51.15821196], [-0.16982516, 51.15805091]]}}, {"type": "Feature", "properties": {"name": "Taxi turn ins", "painted_line_type": "SEPARATED_BROKEN_YELLOW_WITH_BLACK_BORDER", "lighting_line_type": null}, "geometry": {"type": "LineString", "coordinates": [[-0.16982516, 51.15805091], [-0.17010722, 51.15798292], [-0.17059501, 51.15786348]]}}, {"type": "Feature", "properties": {"name": "Taxi turn ins", "painted_line_type": "WIDE_SOLID_YELLOW", "lighting_line_type": null}, "geometry": {"type": "LineString", "coordinates": [[-0.17059501, 51.15786348], [-0.17074327, 51.15782669], [-0.16911196, 51.15782394]]}}, {"type": "Feature", "properties": {"name": "Taxi turn ins", "painted_line_type": "SEPARATED_BROKEN_YELLOW_WITH_BLACK_BORDER", "lighting_line_type": null}, "geometry": {"type": "LineString", "coordinates": [[-0.16911196, 51.15782394], [-0.16998006, 51.15760416], [-0.17041235, 51.15749275]]}}, {"type": "Feature", "properties": {"name": "Taxi turn ins", "painted_line_type": "WIDE_SOLID_YELLOW", "lighting_line_type": null}, "geometry": {"type": "LineString", "coordinates": [[-0.17041235, 51.15749275], [-0.17061146, 51.15744143], [-0.16885447, 51.15791353]]}}, {"type": "Feature", "properties": {"name": "Taxi turn ins", "painted_line_type": "SEPARATED_BROKEN_YELLOW_WITH_BLACK_BORDER", "lighting_line_type": null}, "geometry": {"type": "LineString", "coordinates": [[-0.16885447, 51.15791353], [-0.16962555, 51.15748287]]}}, {"type": "Feature", "properties": {"name": "Taxi turn ins", "painted_line_type": "WIDE_SOLID_YELLOW_WITH_BLACK_BORDER", "lighting_line_type": null}, "geometry": {"type": "LineString", "coordinates": [[-0.16962555, 51.15748287], [-0.16989131, 51.15733445], [-0.17027701, 51.15711903]]}}, {"type": "Feature", "properties": {"name": "Taxi turn ins", "painted_line_type": "WIDE_SOLID_YELLOW", "lighting_line_type": null}, "geometry": {"type": "LineString", "coordinates": [[-0.17027701, 51.15711903], [-0.17045942, 51.15701715], [-0.16925038, 51.15752409]]}}, {"type": "Feature", "properties": {"name": "Taxi turn ins", "painted_line_type": "SEPARATED_BROKEN_YELLOW_WITH_BLACK_BORDER", "lighting_line_type": null}, "geometry": {"type": "LineString", "coordinates": [[-0.16925038, 51.15752409], [-0.16974163, 51.15704754], [-0.17000684, 51.1567906]]}}, {"type": "Feature", "properties": {"name": "Taxi turn ins", "painted_line_type": "WIDE_SOLID_YELLOW", "lighting_line_type": null}, "geometry": {"type": "LineString", "coordinates": [[-0.17000684, 51.1567906], [-0.17021242, 51.15659127], [-0.16852802, 51.15752637]]}}, {"type": "Feature", "properties": {"name": "Taxi turn ins", "painted_line_type": "SEPARATED_BROKEN_YELLOW_WITH_BLACK_BORDER", "lighting_line_type": null}, "geometry": {"type": "LineString", "coordinates": [[-0.16852802, 51.15752637], [-0.1690333, 51.15699816], [-0.16923845, 51.15678859]]}}, {"type": "Feature", "properties": {"name": "Taxi turn ins", "painted_line_type": "WIDE_SOLID_YELLOW", "lighting_line_type": null}, "geometry": {"type": "LineString", "coordinates": [[-0.16923845, 51.15678859], [-0.16948276, 51.1565383], [-0.16838394, 51.15771714]]}}, {"type": "Feature", "properties": {"name": "Taxi turn ins", "painted_line_type": "SEPARATED_BROKEN_YELLOW_WITH_BLACK_BORDER", "lighting_line_type": null}, "geometry": {"type": "LineString", "coordinates": [[-0.16838394, 51.15771714], [-0.16846997, 51.15736893], [-0.16844161, 51.15736407]]}}, {"type": "Feature", "properties": {"name": "Taxi turn ins", "painted_line_type": "WIDE_SOLID_YELLOW_WITH_BLACK_BORDER", "lighting_line_type": null}, "geometry": {"type": "LineString", "coordinates": [[-0.16844161, 51.15736407], [-0.1685292, 51.15702261], [-0.16858073, 51.15682125]]}}, {"type": "Feature", "properties": {"name": "Taxi turn ins", "painted_line_type": "WIDE_SOLID_YELLOW", "lighting_line_type": null}, "geometry": {"type": "LineString", "coordinates": [[-0.16858073, 51.15682125], [-0.16862244, 51.15665849], [-0.16825233, 51.15746115]]}}, {"type": "Feature", "properties": {"name": "Taxi turn ins", "painted_line_type": "SEPARATED_BROKEN_YELLOW_WITH_BLACK_BORDER", "lighting_line_type": null}, "geometry": {"type": "LineString", "coordinates": [[-0.16825233, 51.15746115], [-0.16812464, 51.15707528], [-0.1680371, 51.15682334]]}}, {"type": "Feature", "properties": {"name": "Taxi turn ins", "painted_line_type": "WIDE_SOLID_YELLOW", "lighting_line_type": null}, "geometry": {"type": "LineString", "coordinates": [[-0.1680371, 51.15682334], [-0.16800566, 51.15674143], [-0.16773568, 51.15774781]]}}, {"type": "Feature", "properties": {"name": "Taxi turn ins", "painted_line_type": "SEPARATED_BROKEN_YELLOW_WITH_BLACK_BORDER", "lighting_line_type": null}, "geometry": {"type": "LineString", "coordinates": [[-0.16773568, 51.15774781], [-0.16753492, 51.15715294], [-0.16745102, 51.15690582]]}}, {"type": "Feature", "properties": {"name": "Taxi turn ins", "painted_line_type": "WIDE_SOLID_YELLOW", "lighting_line_type": null}, "geometry": {"type": "LineString", "coordinates": [[-0.16745102, 51.15690582], [-0.16742198, 51.15682088], [-0.16724533, 51.15693423], [-0.16721651, 51.15684895], [-0.16715559, 51.15773265]]}}, {"type": "Feature", "properties": {"name": "Taxi turn ins", "painted_line_type": "SEPARATED_BROKEN_YELLOW_WITH_BLACK_BORDER", "lighting_line_type": null}, "geometry": {"type": "LineString", "coordinates": [[-0.16715559, 51.15773265], [-0.16699411, 51.15722272], [-0.16691133, 51.15697957]]}}, {"type": "Feature", "properties": {"name": "Taxi turn ins", "painted_line_type": "WIDE_SOLID_YELLOW", "lighting_line_type": null}, "geometry": {"type": "LineString", "coordinates": [[-0.16691133, 51.15697957], [-0.16688231, 51.15689614]]}}, {"type": "Feature", "properties": {"name": "Linear Feature 3", "painted_line_type": "DOUBLE_SOLID_YELLOW_WITH_BLACK_BORDER", "lighting_line_type": null}, "geometry": {"type": "LineString", "coordinates": [[-0.18205014, 51.15620842], [-0.182049384008889, 51.156236311736286], [-0.182046622471111, 51.15626259735704], [-0.18204198504, 51.15628725048001], [-0.182035601368889, 51.15631024472297], [-0.182027601111111, 51.15633155370372], [-0.18201811392, 51.156351151040006], [-0.182007269448889, 51.15636901034963], [-0.181995197351111, 51.15638510525037], [-0.18198202728, 51.15639940936], [-0.181967888888889, 51.156411896296305], [-0.181952911831111, 51.15642253967704], [-0.18193722576, 51.15643131312001], [-0.181920960328889, 51.156438190242966], [-0.181904245191111, 51.156443144663704], [-0.18188721, 51.15644615], [-0.181869928951111, 51.156447370453336], [-0.181852394142222, 51.15644695922668], [-0.18183461208, 51.15644487344001], [-0.181816589271111, 51.15644107021334], [-0.181798332222222, 51.156435506666675], [-0.18177984744, 51.156428139919996], [-0.181761141431111, 51.15641892709333], [-0.181742220702222, 51.156407825306665], [-0.18172309176, 51.15639479168001], [-0.181703761111111, 51.156379783333335], [-0.181684235262222, 51.15636275738666], [-0.18166452072, 51.15634367096], [-0.181644623991111, 51.15632248117333], [-0.181624551582222, 51.15629914514667], [-0.18160431, 51.15627362], [-0.17964874, 51.15654422]]}}, {"type": "Feature", "properties": {"name": "Linear Feature 4", "painted_line_type": "DOUBLE_SOLID_YELLOW_WITH_BLACK_BORDER", "lighting_line_type": null}, "geometry": {"type": "LineString", "coordinates": [[-0.18344391, 51.15694568], [-0.18337444, 51.15674012], [-0.183368522133333, 51.15672503635556], [-0.1833613072, 51.15671125742223], [-0.1833527952, 51.15669878320001], [-0.183342986133333, 51.156687613688895], [-0.18333188, 51.15667774888889], [-0.1833194768, 51.156669188799995], [-0.183305776533333, 51.15666193342222], [-0.1832907792, 51.15665598275556], [-0.1832744848, 51.156651336799996], [-0.183256893333333, 51.15664799555555], [-0.1832380048, 51.156645959022214], [-0.1832178192, 51.1566452272], [-0.183196336533333, 51.15664580008889], [-0.1831735568, 51.15664767768889], [-0.18314948, 51.15665086], [-0.18252692, 51.15673257]]}}, {"type": "Feature", "properties": {"name": "Linear Feature 6", "painted_line_type": "VERY_WIDE_YELLOW", "lighting_line_type": null}, "geometry": {"type": "LineString", "coordinates": [[-0.18193311, 51.15630998], [-0.18202707, 51.15632673], [-0.18187298, 51.15638665], [-0.18192077, 51.15643577], [-0.18176654, 51.15633953], [-0.18170236, 51.15637625], [-0.18168525, 51.15624871], [-0.18160431, 51.15627362], [-0.18158723, 51.15622219], [-0.18138037, 51.15630228], [-0.18136168, 51.15625342], [-0.1811546, 51.15633354], [-0.1811385, 51.15628433], [-0.18093769, 51.15636356], [-0.18092161, 51.15631437], [-0.18071654, 51.15639418], [-0.18070285, 51.15634466], [-0.18052191, 51.15642112], [-0.18050527, 51.15637202], [-0.18032264, 51.15644871], [-0.18030502, 51.15639975], [-0.1801247, 51.15647611], [-0.18010809, 51.15642703], [-0.17993286, 51.15650266], [-0.17991519, 51.15645374], [-0.17972651, 51.15653123], [-0.17970785, 51.15648245]]}}, {"type": "Feature", "properties": {"name": "Linear Feature 5", "painted_line_type": "VERY_WIDE_YELLOW", "lighting_line_type": null}, "geometry": {"type": "LineString", "coordinates": [[-0.18335591, 51.15671283], [-0.183278, 51.15673491], [-0.18322733, 51.15665186], [-0.18321394, 51.15670998], [-0.18304226, 51.15666794], [-0.18306023, 51.15672385], [-0.18276657, 51.15670416], [-0.18278563, 51.15676063]]}}, {"type": "Feature", "properties": {"name": "Linear Feature 9", "painted_line_type": "DOUBLE_SOLID_YELLOW_WITH_BLACK_BORDER", "lighting_line_type": null}, "geometry": {"type": "LineString", "coordinates": [[-0.18122739, 51.15383073], [-0.181232184, 51.15385123008889], [-0.181236747333333, 51.1538713596889], [-0.18124108, 51.15389111880001], [-0.181245182, 51.15391050742223], [-0.181249053333333, 51.153929525555554], [-0.181252694, 51.15394817320001], [-0.181256104, 51.153966450355554], [-0.181259283333333, 51.153984357022225], [-0.181262232, 51.154001893200004], [-0.18126495, 51.15401905888889], [-0.181267437333333, 51.15403585408889], [-0.181269694, 51.15405227880001], [-0.18127172, 51.154068333022224], [-0.181273515333333, 51.15408401675556], [-0.18127508, 51.15409933], [-0.181275403007407, 51.15412202203852], [-0.181272147525926, 51.154144625774826], [-0.1812654988, 51.15416700864001], [-0.181255642074074, 51.1541890380652], [-0.181242762592593, 51.15421058148149], [-0.1812270456, 51.15423150632], [-0.181208676340741, 51.15425168001186], [-0.181187840059259, 51.154270969988154], [-0.181164722, 51.154289243680005], [-0.181139507407407, 51.15430636851853], [-0.181112381525926, 51.15432221193482], [-0.1810835296, 51.154336641360004], [-0.181053136874074, 51.15434952422518], [-0.181021388592593, 51.15436072796148], [-0.18098847, 51.15437012], [-0.18095552765037, 51.15437672449186], [-0.18092365146963, 51.154379814334824], [-0.18089294176, 51.154379630080015], [-0.180863498823704, 51.15437641227854], [-0.180835422962963, 51.15437040148149], [-0.18080881448, 51.154361838240014], [-0.180783773677037, 51.15435096310518], [-0.180760400856296, 51.15433801662815], [-0.18073879632, 51.15432323936001], [-0.18071906037037, 51.15430687185185], [-0.18070129330963, 51.15428915465482], [-0.18068559544, 51.15427032832001], [-0.180672067063704, 51.15425063339852], [-0.180660808482963, 51.154230310441484], [-0.18065192, 51.1542096]]}}, {"type": "Feature", "properties": {"name": "Linear Feature 8", "painted_line_type": "DOUBLE_SOLID_YELLOW_WITH_BLACK_BORDER", "lighting_line_type": null}, "geometry": {"type": "LineString", "coordinates": [[-0.18189037, 51.15540899], [-0.18186962, 51.15535367], [-0.18165693, 51.15498274], [-0.181628319022222, 51.15494891466667], [-0.181599200755556, 51.15491772133334], [-0.1815695752, 51.15488916000001], [-0.181539442355556, 51.15486323066668], [-0.181508802222222, 51.154839933333335], [-0.1814776548, 51.154819268], [-0.181446000088889, 51.15480123466667], [-0.181413838088889, 51.154785833333335], [-0.1813811688, 51.154773064], [-0.181347992222222, 51.15476292666666], [-0.181314308355556, 51.154755421333334], [-0.1812801172, 51.15475054800001], [-0.181245418755556, 51.15474830666667], [-0.181210213022222, 51.15474869733333], [-0.1811745, 51.15475172], [-0.181139686088889, 51.15475666604445], [-0.181107177688889, 51.15476282684445], [-0.1810769748, 51.1547702024], [-0.181049077422222, 51.15477879271112], [-0.181023485555556, 51.154788597777774], [-0.1810001992, 51.154799617600005], [-0.180979218355556, 51.15481185217779], [-0.180960543022222, 51.15482530151111], [-0.1809441732, 51.154839965600004], [-0.180930108888889, 51.15485584444444], [-0.180918350088889, 51.15487293804445], [-0.1809088968, 51.1548912464], [-0.180901749022222, 51.15491076951111], [-0.180896906755556, 51.15493150737778], [-0.18089437, 51.15495346], [-0.18000732, 51.15505758]]}}, {"type": "Feature", "properties": {"name": "Linear Feature 11", "painted_line_type": "VERY_WIDE_YELLOW", "lighting_line_type": null}, "geometry": {"type": "LineString", "coordinates": [[-0.18173992, 51.15533243], [-0.18183693, 51.15530904], [-0.18166693, 51.15519456], [-0.18175983, 51.15517182], [-0.18160014, 51.15506841], [-0.18168995, 51.1550491], [-0.18150523, 51.15493705], [-0.18157516, 51.15490719], [-0.18133265, 51.15482923], [-0.18137437, 51.15478218], [-0.18115642, 51.15481195], [-0.18113309, 51.15476157], [-0.18100099, 51.15490647], [-0.1809265, 51.1548851], [-0.18074131, 51.15502795], [-0.18072711, 51.15497595], [-0.18049524, 51.15505778], [-0.18047836, 51.15500559], [-0.1802486, 51.15508682], [-0.18023204, 51.15503394]]}}, {"type": "Feature", "properties": {"name": "Linear Feature 10", "painted_line_type": "VERY_WIDE_YELLOW", "lighting_line_type": null}, "geometry": {"type": "LineString", "coordinates": [[-0.18114069, 51.15394626], [-0.18124781, 51.1539396], [-0.18116793, 51.15408256], [-0.18127196, 51.1540776], [-0.18115276, 51.15418596], [-0.18124009, 51.15420769], [-0.18107203, 51.15427128], [-0.18113411, 51.1543051], [-0.18093857, 51.15432845], [-0.1809636, 51.15437199], [-0.18080426, 51.15429476], [-0.18074892, 51.15432676]]}}, {"type": "Feature", "properties": {"name": "Linear Feature 22", "painted_line_type": "SEPARATED_BROKEN_YELLOW_WITH_BLACK_BORDER", "lighting_line_type": null}, "geometry": {"type": "LineString", "coordinates": [[-0.17196428, 51.15775882], [-0.171974120311111, 51.157790223333336], [-0.171980030577778, 51.157819996], [-0.1719820108, 51.15784813800001], [-0.171980060977778, 51.15787464933333], [-0.171974181111111, 51.15789953], [-0.1719643712, 51.15792278], [-0.171950631244444, 51.15794439933333], [-0.171932961244444, 51.157964388], [-0.1719113612, 51.157982746], [-0.171885831111111, 51.157999473333334], [-0.171856370977778, 51.15801457], [-0.1718229808, 51.158028036], [-0.171785660577778, 51.15803987133334], [-0.171744410311111, 51.158050076], [-0.17169923, 51.15805865]]}}, {"type": "Feature", "properties": {"name": "Linear Feature 22", "painted_line_type": "SEPARATED_BROKEN_YELLOW_WITH_BLACK_BORDER", "lighting_line_type": null}, "geometry": {"type": "LineString", "coordinates": [[-0.17388814, 51.15749309], [-0.173897680977778, 51.157524537822226], [-0.173902693244444, 51.15755444395556], [-0.1739031768, 51.157582808400015], [-0.173899131644444, 51.157609631155566], [-0.173890557777778, 51.157634912222235], [-0.1738774552, 51.1576586516], [-0.173859823911111, 51.15768084928888], [-0.173837663911111, 51.15770150528889], [-0.1738109752, 51.1577206196], [-0.173779757777778, 51.157738192222226], [-0.173744011644444, 51.15775422315556], [-0.1737037368, 51.1577687124], [-0.173658933244444, 51.15778165995556], [-0.173609600977778, 51.15779306582222], [-0.17355574, 51.15780293]]}}, {"type": "Feature", "properties": {"name": "Linear Feature 21", "painted_line_type": "SEPARATED_BROKEN_YELLOW_WITH_BLACK_BORDER", "lighting_line_type": null}, "geometry": {"type": "LineString", "coordinates": [[-0.17242223, 51.15795905], [-0.172377087111111, 51.15796362693333], [-0.172334031777778, 51.157965643066674], [-0.172293064, 51.157965098400005], [-0.172254183777778, 51.15796199293334], [-0.172217391111111, 51.15795632666667], [-0.172182686, 51.1579480996], [-0.172150068444444, 51.157937311733335], [-0.172119538444444, 51.157923963066665], [-0.172091096, 51.1579080536], [-0.172064741111111, 51.15788958333333], [-0.172040473777778, 51.15786855226666], [-0.172018294, 51.1578449604], [-0.171998201777778, 51.157818807733335], [-0.171980197111111, 51.157790094266666], [-0.17196428, 51.15775882], [-0.17188229, 51.15753721]]}}, {"type": "Feature", "properties": {"name": "Linear Feature 21", "painted_line_type": "SEPARATED_BROKEN_YELLOW_WITH_BLACK_BORDER", "lighting_line_type": null}, "geometry": {"type": "LineString", "coordinates": [[-0.17434609, 51.1576941], [-0.174300947111111, 51.15769867346667], [-0.174257891777778, 51.1577006792], [-0.174216924, 51.15770011720001], [-0.174178043777778, 51.15769698746668], [-0.174141251111111, 51.15769129], [-0.174106546, 51.157683024799994], [-0.174073928444444, 51.157672191866666], [-0.174043398444444, 51.15765879120001], [-0.174014956, 51.1576428228], [-0.173988601111111, 51.15762428666667], [-0.173964333777778, 51.157603182799996], [-0.173942154, 51.157579511200005], [-0.173922061777778, 51.157553271866675], [-0.173904057111111, 51.1575244648], [-0.17388814, 51.15749309], [-0.17380433, 51.15726838]]}}, {"type": "Feature", "properties": {"name": "Linear Feature 25", "painted_line_type": "DOUBLE_SOLID_YELLOW_WITH_BLACK_BORDER", "lighting_line_type": null}, "geometry": {"type": "LineString", "coordinates": [[-0.1741458, 51.15057541], [-0.17390314, 51.15061346], [-0.173734898133333, 51.15067448284445], [-0.173577476533333, 51.15073158871112], [-0.1734308752, 51.150784777600016], [-0.173295094133333, 51.15083404951111], [-0.173170133333333, 51.15087940444445], [-0.1730559928, 51.15092084240001], [-0.172952672533333, 51.150958363377775], [-0.172860172533333, 51.15099196737778], [-0.1727784928, 51.1510216544], [-0.172707633333333, 51.15104742444444], [-0.172647594133333, 51.15106927751111], [-0.1725983752, 51.15108721360001], [-0.172559976533333, 51.15110123271111], [-0.172532398133333, 51.15111133484445], [-0.17251564, 51.15111752], [-0.172507158322963, 51.15112075270815], [-0.172498764717037, 51.151124115798524], [-0.17249050032, 51.15112761672001], [-0.17248240626963, 51.15113126292149], [-0.172474523703704, 51.151135061851875], [-0.17246689376, 51.151139020959995], [-0.172459557576296, 51.15114314769482], [-0.17245255629037, 51.15114744950519], [-0.17244593104, 51.151151933840005], [-0.172439722962963, 51.151156608148156], [-0.172433973197037, 51.15116147987852], [-0.17242872288, 51.15116655648001], [-0.17242401314963, 51.15117184540149], [-0.172419885143704, 51.15117735409186], [-0.17241638, 51.15118309], [-0.17227364, 51.1514599]]}}, {"type": "Feature", "properties": {"name": "Linear Feature 30", "painted_line_type": "DOUBLE_SOLID_YELLOW_WITH_BLACK_BORDER", "lighting_line_type": null}, "geometry": {"type": "LineString", "coordinates": [[-0.18452785, 51.14957487], [-0.18392462, 51.14987311]]}}, {"type": "Feature", "properties": {"name": "Linear Feature 42", "painted_line_type": "DOUBLE_SOLID_YELLOW_WITH_BLACK_BORDER", "lighting_line_type": null}, "geometry": {"type": "LineString", "coordinates": [[-0.18191605, 51.15242796], [-0.181895264974815, 51.152405261125935], [-0.181874092465185, 51.152384366874074], [-0.18185254232, 51.15236528080001], [-0.181830624388148, 51.15234800645928], [-0.181808348518519, 51.15233254740742], [-0.18178572456, 51.15231890720001], [-0.181762762361481, 51.152307089392586], [-0.181739471771852, 51.15229709754074], [-0.18171586264, 51.152288935200005], [-0.181691944814815, 51.15228260592593], [-0.181667728145185, 51.152278113274065], [-0.18164322248, 51.152275460800006], [-0.181618437668148, 51.15227465205926], [-0.181593383558519, 51.15227569060741], [-0.18156807, 51.15227858], [-0.181543419288889, 51.15228309980446], [-0.181520383244444, 51.152288950168895], [-0.181499016, 51.152296015520015], [-0.181479371688889, 51.15230418028446], [-0.181461504444444, 51.1523133288889], [-0.1814454684, 51.15232334576], [-0.181431317688889, 51.152334115324436], [-0.181419106444444, 51.15234552200889], [-0.1814088888, 51.152357450240004], [-0.181400718888889, 51.152369784444446], [-0.181394650844444, 51.15238240904888], [-0.1813907388, 51.15239520848], [-0.181389036888889, 51.152408067164444], [-0.181389599244444, 51.15242086952889], [-0.18139248, 51.1524335]]}}, {"type": "Feature", "properties": {"name": "Linear Feature 43", "painted_line_type": "DOUBLE_SOLID_YELLOW_WITH_BLACK_BORDER", "lighting_line_type": null}, "geometry": {"type": "LineString", "coordinates": [[-0.18112142, 51.15338623], [-0.18109027, 51.15330063]]}}, {"type": "Feature", "properties": {"name": "Linear Feature 7", "painted_line_type": "WIDE_SOLID_YELLOW_WITH_BLACK_BORDER", "lighting_line_type": null}, "geometry": {"type": "LineString", "coordinates": [[-0.17343109, 51.14755793], [-0.17343352, 51.14756195], [-0.17344598, 51.14755656], [-0.17343109, 51.14755793]]}}, {"type": "Feature", "properties": {"name": "Linear Feature 7", "painted_line_type": "WIDE_SOLID_YELLOW_WITH_BLACK_BORDER", "lighting_line_type": null}, "geometry": {"type": "LineString", "coordinates": [[-0.17332939, 51.14752542], [-0.17333591, 51.14752675], [-0.17333703, 51.14751729], [-0.17332939, 51.14752542]]}}, {"type": "Feature", "properties": {"name": "Linear Feature 7", "painted_line_type": "WIDE_SOLID_YELLOW_WITH_BLACK_BORDER", "lighting_line_type": null}, "geometry": {"type": "LineString", "coordinates": [[-0.17299001, 51.14727504], [-0.1729966, 51.14727386], [-0.17298909, 51.14726562], [-0.17299001, 51.14727504]]}}, {"type": "Feature", "properties": {"name": "Linear Feature 7", "painted_line_type": "WIDE_SOLID_YELLOW_WITH_BLACK_BORDER", "lighting_line_type": null}, "geometry": {"type": "LineString", "coordinates": [[-0.17286339, 51.14727763], [-0.17286793, 51.14727441], [-0.17285452, 51.14727001], [-0.17286339, 51.14727763]]}}, {"type": "Feature", "properties": {"name": "Linear Feature 7", "painted_line_type": "WIDE_SOLID_YELLOW_WITH_BLACK_BORDER", "lighting_line_type": null}, "geometry": {"type": "LineString", "coordinates": [[-0.17394867, 51.14733571], [-0.17395261, 51.14733924], [-0.17396255, 51.14733208], [-0.17394867, 51.14733571]]}}, {"type": "Feature", "properties": {"name": "Linear Feature 7", "painted_line_type": "WIDE_SOLID_YELLOW_WITH_BLACK_BORDER", "lighting_line_type": null}, "geometry": {"type": "LineString", "coordinates": [[-0.17398175, 51.14749254], [-0.1739814, 51.14749684], [-0.17399626, 51.14749505], [-0.17398175, 51.14749254]]}}, {"type": "Feature", "properties": {"name": "Linear Feature 7", "painted_line_type": "WIDE_SOLID_YELLOW_WITH_BLACK_BORDER", "lighting_line_type": null}, "geometry": {"type": "LineString", "coordinates": [[-0.17287078, 51.14737825], [-0.17286602, 51.14737516], [-0.17285797, 51.14738319], [-0.17287078, 51.14737825]]}}, {"type": "Feature", "properties": {"name": "Linear Feature 6", "painted_line_type": "WIDE_SOLID_YELLOW_WITH_BLACK_BORDER", "lighting_line_type": null}, "geometry": {"type": "LineString", "coordinates": [[-0.17385543, 51.14738029], [-0.17395046, 51.14733741]]}}, {"type": "Feature", "properties": {"name": "Linear Feature 6", "painted_line_type": "WIDE_SOLID_YELLOW_WITH_BLACK_BORDER", "lighting_line_type": null}, "geometry": {"type": "LineString", "coordinates": [[-0.17386453, 51.14749164], [-0.1739815, 51.14749457]]}}, {"type": "Feature", "properties": {"name": "Linear Feature 6", "painted_line_type": "WIDE_SOLID_YELLOW_WITH_BLACK_BORDER", "lighting_line_type": null}, "geometry": {"type": "LineString", "coordinates": [[-0.17295183, 51.14732512], [-0.1728686, 51.14737675]]}}, {"type": "Feature", "properties": {"name": "Linear Feature 5", "painted_line_type": "WIDE_SOLID_YELLOW_WITH_BLACK_BORDER", "lighting_line_type": null}, "geometry": {"type": "LineString", "coordinates": [[-0.17329855, 51.14759755], [-0.1733322, 51.14752762], [-0.1733405476, 51.147511120177775], [-0.173348075733333, 51.147494410044445], [-0.1733547844, 51.14747748960001], [-0.1733606736, 51.14746035884445], [-0.173365743333333, 51.14744301777779], [-0.1733699936, 51.1474254664], [-0.1733734244, 51.147407704711114], [-0.173376035733333, 51.147389732711105], [-0.1733778276, 51.147371550399995], [-0.1733788, 51.14735315777778], [-0.173378952933333, 51.147334554844434], [-0.1733782864, 51.1473157416], [-0.1733768004, 51.14729671804444], [-0.173374494933333, 51.14727748417778], [-0.17337137, 51.14725804]]}}, {"type": "Feature", "properties": {"name": "Linear Feature 5", "painted_line_type": "SEPARATED_BROKEN_YELLOW_WITH_BLACK_BORDER", "lighting_line_type": null}, "geometry": {"type": "LineString", "coordinates": [[-0.17337137, 51.14725804], [-0.173365673057778, 51.147230023282965], [-0.173359280062222, 51.147204490797044], [-0.17335233176, 51.14718124704001], [-0.173344968897778, 51.147160096509644], [-0.173337332222222, 51.1471408437037], [-0.17332956248, 51.14712329312], [-0.173321800417778, 51.147107249256294], [-0.173314186782222, 51.14709251661037], [-0.17330686232, 51.14707889968], [-0.173299967777778, 51.14706620296296], [-0.173293643902222, 51.147054230957025], [-0.17328803144, 51.14704278816], [-0.173283271137778, 51.14703167906963], [-0.173279503742222, 51.1470207081837], [-0.17327687, 51.14700968], [-0.173275507688889, 51.147002163244444], [-0.173274114088889, 51.146994442311104], [-0.1732726892, 51.146986517200006], [-0.173271233022222, 51.14697838791112], [-0.173269745555556, 51.14697005444445], [-0.1732682268, 51.1469615168], [-0.173266676755556, 51.14695277497778], [-0.173265095422222, 51.146943828977776], [-0.1732634828, 51.1469346788], [-0.173261838888889, 51.146925324444446], [-0.173260163688889, 51.1469157659111], [-0.1732584572, 51.1469060032], [-0.173256719422222, 51.14689603631111], [-0.173254950355556, 51.14688586524444], [-0.17325315, 51.14687549]]}}, {"type": "Feature", "properties": {"name": "Linear Feature 4", "painted_line_type": "WIDE_SOLID_YELLOW_WITH_BLACK_BORDER", "lighting_line_type": null}, "geometry": {"type": "LineString", "coordinates": [[-0.17303975, 51.14741092], [-0.173029805404444, 51.147396303760004], [-0.173019462568889, 51.147382922080006], [-0.17300876192, 51.14737067752001], [-0.172997743884444, 51.14735947264001], [-0.172986448888889, 51.147349210000016], [-0.17297491736, 51.147339792160004], [-0.172963189724444, 51.14733112167999], [-0.172951306408889, 51.147323101119994], [-0.17293930784, 51.14731563304], [-0.172927234444444, 51.14730862000001], [-0.172915126648889, 51.14730196456], [-0.17290302488, 51.147295569280004], [-0.172890969564444, 51.14728933672001], [-0.172879001128889, 51.14728316944], [-0.17286716, 51.14727697], [-0.172859392266667, 51.147272878311114], [-0.1728517744, 51.147268933911114], [-0.1728443064, 51.14726513680001], [-0.172836988266667, 51.14726148697779], [-0.17282982, 51.14725798444446], [-0.1728228016, 51.14725462919999], [-0.172815933066667, 51.14725142124444], [-0.1728092144, 51.147248360577784], [-0.1728026456, 51.14724544720001], [-0.172796226666667, 51.147242681111116], [-0.1727899576, 51.14724006231111], [-0.1727838384, 51.1472375908], [-0.172777869066667, 51.14723526657778], [-0.1727720496, 51.147233089644445], [-0.17276638, 51.14723106]]}}, {"type": "Feature", "properties": {"name": "Linear Feature 4", "painted_line_type": "SEPARATED_BROKEN_YELLOW_WITH_BLACK_BORDER", "lighting_line_type": null}, "geometry": {"type": "LineString", "coordinates": [[-0.17276638, 51.14723106], [-0.172730475644444, 51.147217011377776], [-0.172696618577778, 51.147202030844454], [-0.1726648088, 51.14718611840001], [-0.172635046311111, 51.14716927404445], [-0.172607331111111, 51.147151497777784], [-0.1725816632, 51.14713278960001], [-0.172558042577778, 51.147113149511114], [-0.172536469244444, 51.14709257751111], [-0.1725169432, 51.1470710736], [-0.172499464444444, 51.14704863777778], [-0.172484032977778, 51.147025270044445], [-0.1724706488, 51.1470009704], [-0.172459311911111, 51.146975738844446], [-0.172450022311111, 51.146949575377775], [-0.17244278, 51.14692248]]}}, {"type": "Feature", "properties": {"name": "Linear Feature 3", "painted_line_type": "WIDE_SOLID_YELLOW_WITH_BLACK_BORDER", "lighting_line_type": null}, "geometry": {"type": "LineString", "coordinates": [[-0.17305647, 51.14775824], [-0.173067403442963, 51.14773468632297], [-0.173075101543704, 51.147708133517035], [-0.17307981296, 51.14767898992001], [-0.17308178634963, 51.14764766386964], [-0.17308127037037, 51.14761456370371], [-0.17307851368, 51.147580097760006], [-0.173073764936296, 51.14754467437629], [-0.173067272797037, 51.14750870189037], [-0.17305928592, 51.14747258864], [-0.173050052962963, 51.14743674296295], [-0.173039822583704, 51.14740157319703], [-0.17302884344, 51.14736748768], [-0.17301736418963, 51.14733489474962], [-0.17300563349037, 51.1473042027437], [-0.1729939, 51.14727582], [-0.17296477, 51.14720809]]}}, {"type": "Feature", "properties": {"name": "Linear Feature 3", "painted_line_type": "SEPARATED_BROKEN_YELLOW_WITH_BLACK_BORDER", "lighting_line_type": null}, "geometry": {"type": "LineString", "coordinates": [[-0.17296477, 51.14720809], [-0.172960656933333, 51.14719694124445], [-0.172956029733333, 51.14718439897778], [-0.1729508884, 51.14717046320001], [-0.172945232933333, 51.14715513391112], [-0.172939063333333, 51.147138411111115], [-0.1729323796, 51.147120294800004], [-0.172925181733333, 51.14710078497778], [-0.172917469733333, 51.147079881644444], [-0.1729092436, 51.1470575848], [-0.172900503333333, 51.14703389444445], [-0.172891248933333, 51.14700881057777], [-0.1728814804, 51.1469823332], [-0.172871197733333, 51.146954462311115], [-0.172860400933333, 51.146925197911116], [-0.17284909, 51.14689454]]}}, {"type": "Feature", "properties": {"name": "Linear Feature 2", "painted_line_type": "SEPARATED_BROKEN_YELLOW", "lighting_line_type": null}, "geometry": {"type": "LineString", "coordinates": [[-0.17366856, 51.14753214], [-0.173702631505185, 51.14752798256593], [-0.173739320574815, 51.147524877860754], [-0.17377818104, 51.14752317328001], [-0.173818766731852, 51.14752321621928], [-0.173860631481481, 51.14752535407409], [-0.17390332912, 51.147529934240005], [-0.173946413478518, 51.14753730411259], [-0.173989438388148, 51.14754781108741], [-0.17403195768, 51.147561802560006], [-0.174073525185185, 51.147579625925935], [-0.174113694734815, 51.14760162858074], [-0.17415202016, 51.14762815792], [-0.174188055291852, 51.14765956133926], [-0.174221353961481, 51.14769618623407], [-0.17425147, 51.14773838]]}}, {"type": "Feature", "properties": {"name": "Linear Feature 1", "painted_line_type": "WIDE_SOLID_YELLOW_WITH_BLACK_BORDER", "lighting_line_type": null}, "geometry": {"type": "LineString", "coordinates": [[-0.17304309, 51.14788299], [-0.173037899644444, 51.14785606326519], [-0.173036727155556, 51.14782978998815], [-0.1730396664, 51.14780419856001], [-0.173046811244444, 51.14777931737185], [-0.173058255555556, 51.147755174814826], [-0.1730740932, 51.14773179928001], [-0.173094418044444, 51.14770921915853], [-0.173119323955556, 51.14768746284148], [-0.1731489048, 51.147666558720005], [-0.173183254444444, 51.14764653518519], [-0.173222466755556, 51.14762742062815], [-0.1732666356, 51.14760924344], [-0.173315854844444, 51.14759203201186], [-0.173370218355556, 51.147575814734815], [-0.17342982, 51.14756062]]}}, {"type": "Feature", "properties": {"name": "Linear Feature 3", "painted_line_type": "DOUBLE_SOLID_YELLOW", "lighting_line_type": null}, "geometry": {"type": "LineString", "coordinates": [[-0.1770467, 51.15200571], [-0.177070803466667, 51.152010867288894], [-0.177093660533333, 51.15201574715555], [-0.1771152712, 51.1520203496], [-0.177135635466667, 51.15202467462223], [-0.177154753333333, 51.15202872222223], [-0.1771726248, 51.152032492400004], [-0.177189249866667, 51.152035985155564], [-0.177204628533333, 51.152039200488886], [-0.1772187608, 51.15204213839999], [-0.177231646666667, 51.152044798888895], [-0.177243286133333, 51.15204718195555], [-0.1772536792, 51.15204928760001], [-0.177262825866667, 51.152051115822225], [-0.177270726133333, 51.152052666622225], [-0.17727738, 51.15205394], [-0.177286534601482, 51.152055937940744], [-0.177295858145185, 51.15205850085927], [-0.17730527824, 51.15206158840001], [-0.177314722494815, 51.152065160207414], [-0.177324118518519, 51.15206917592594], [-0.17733339392, 51.15207359520001], [-0.177342476308148, 51.15207837767407], [-0.177351293291852, 51.1520834829926], [-0.17735977248, 51.15208887080001], [-0.177367841481481, 51.152094500740745], [-0.177375427905185, 51.152100332459256], [-0.17738245936, 51.1521063256], [-0.177388863454815, 51.15211243980741], [-0.177394567798519, 51.15211863472592], [-0.1773995, 51.15212487], [-0.177404420228148, 51.15213274785778], [-0.177409799158519, 51.15214363179556], [-0.17741513016, 51.152157123360006], [-0.177419906601481, 51.152172824097796], [-0.177423621851852, 51.15219033555555], [-0.17742576928, 51.15220925928], [-0.177425842254815, 51.15222919681777], [-0.177423334145185, 51.15224974971555], [-0.17741773832, 51.15227051952], [-0.177408548148148, 51.15229110777778], [-0.177395256998518, 51.15231111603555], [-0.17737735824, 51.15233014584], [-0.177354345241481, 51.15234779873777], [-0.177325711371852, 51.15236367627555], [-0.17729095, 51.15237738], [-0.177245512651852, 51.15239144517926], [-0.177186534148148, 51.152408339834075], [-0.1771160328, 51.152427564640014], [-0.177036026918519, 51.15244862027261], [-0.176948534814815, 51.152471007407414], [-0.1768555748, 51.152494226720016], [-0.176759165185185, 51.15251777888593], [-0.176661324281481, 51.152541164580754], [-0.1765640704, 51.15256388448001], [-0.176469421851852, 51.15258543925927], [-0.176379396948148, 51.152605329594074], [-0.176296014, 51.15262305616001], [-0.176221291318519, 51.1526381196326], [-0.176157247214815, 51.15265002068742], [-0.1761059, 51.15265826], [-0.176059338468148, 51.152664897117035], [-0.176008772278519, 51.15267224040298], [-0.17595490104, 51.15268016376001], [-0.175898424361482, 51.15268854109038], [-0.175840041851852, 51.152697246296306], [-0.17578045312, 51.15270615328], [-0.175720357774815, 51.152715135943694], [-0.175660455425185, 51.15272406818963], [-0.17560144568, 51.152732823920005], [-0.175544028148148, 51.15274127703704], [-0.175488902438519, 51.15274930144297], [-0.17543676816, 51.15275677104], [-0.175388324921481, 51.152763559730374], [-0.175344272331852, 51.1527695414163], [-0.17530531, 51.15277459], [-0.175263400231111, 51.15277948598222], [-0.175210846248889, 51.15278494985779], [-0.17514885904, 51.15279076552001], [-0.175078649591111, 51.15279671686223], [-0.175001428888889, 51.152802587777785], [-0.17491840792, 51.15280816216001], [-0.174830797671111, 51.15281322390222], [-0.174739809128889, 51.15281755689779], [-0.17464665328, 51.15282094503999], [-0.174552541111111, 51.15282317222223], [-0.174458683608889, 51.15282402233777], [-0.17436629176, 51.15282327928], [-0.174276576551111, 51.152820726942224], [-0.174190748968889, 51.15281614921778], [-0.17411002, 51.15280933], [-0.174037175608889, 51.152799799028145], [-0.173973883537778, 51.15278745555852], [-0.17391967744, 51.15277263776001], [-0.173874090968889, 51.15275568380149], [-0.173836657777778, 51.15273693185186], [-0.17380691152, 51.15271672008001], [-0.173784385848889, 51.15269538665481], [-0.173768614417778, 51.152673269745186], [-0.17375913088, 51.15265070752], [-0.173755468888889, 51.15262803814815], [-0.173757162097778, 51.15260559979851], [-0.17376374416, 51.15258373064], [-0.173774748728889, 51.15256276884148], [-0.173789709457778, 51.15254305257184], [-0.17380816, 51.15252492], [-0.173821654577778, 51.15251365813334], [-0.173835418311111, 51.152502843200004], [-0.1738494512, 51.152492475200006], [-0.173863753244444, 51.15248255413334], [-0.173878324444444, 51.15247308], [-0.1738931648, 51.1524640528], [-0.173908274311111, 51.15245547253333], [-0.173923652977778, 51.152447339199995], [-0.1739393008, 51.1524396528], [-0.173955217777778, 51.15243241333333], [-0.173971403911111, 51.1524256208], [-0.1739878592, 51.1524192752], [-0.174004583644444, 51.15241337653333], [-0.174021577244444, 51.1524079248], [-0.17403884, 51.15240292]]}}, {"type": "Feature", "properties": {"name": "Linear Feature 4", "painted_line_type": "DOUBLE_SOLID_YELLOW", "lighting_line_type": null}, "geometry": {"type": "LineString", "coordinates": [[-0.16610599, 51.15182123], [-0.16604134, 51.15161758]]}}, {"type": "Feature", "properties": {"name": "Linear Feature 1", "painted_line_type": "DOUBLE_SOLID_YELLOW_WITH_BLACK_BORDER", "lighting_line_type": null}, "geometry": {"type": "LineString", "coordinates": [[-0.17396533, 51.15362566], [-0.17395681, 51.15344116], [-0.17401649, 51.15328073], [-0.17417848, 51.15319784], [-0.17429357, 51.1531818]]}}, {"type": "Feature", "properties": {"name": "Linear Feature 6", "painted_line_type": "DOUBLE_SOLID_YELLOW_WITH_BLACK_BORDER", "lighting_line_type": null}, "geometry": {"type": "LineString", "coordinates": [[-0.17181642, 51.15380659], [-0.171849087638519, 51.15379527920593], [-0.171885260041481, 51.153781886580745], [-0.17192396144, 51.15376658576001], [-0.171964216065185, 51.15374955037926], [-0.172005048148148, 51.153730954074085], [-0.17204548192, 51.15371097048], [-0.172084541611852, 51.1536897732326], [-0.172121251454815, 51.1536675359674], [-0.17215463568, 51.15364443232], [-0.172183718518519, 51.15362063592593], [-0.172207524201481, 51.153596320420746], [-0.17222507696, 51.153571659440004], [-0.172235401025185, 51.15354682661926], [-0.172237520628148, 51.153521995594076], [-0.17223046, 51.15349734], [-0.172213755226667, 51.15347391915853], [-0.172188198346667, 51.15345266793482], [-0.17215469752, 51.15343357328001], [-0.172114160906667, 51.15341662214521], [-0.172067496666667, 51.153401801481486], [-0.17201561296, 51.153389098240005], [-0.171959417946667, 51.15337849937185], [-0.171899819786667, 51.15336999182814], [-0.17183772664, 51.15336356256001], [-0.171774046666667, 51.15335919851852], [-0.171709688026667, 51.15335688665481], [-0.17164555888, 51.15335661392], [-0.171582567386667, 51.153358367265184], [-0.171521621706667, 51.15336213364149], [-0.17146363, 51.1533679], [-0.171414954933333, 51.15337393608888], [-0.171343879066667, 51.153383028355556], [-0.1712504024, 51.15339517680001], [-0.171134524933333, 51.15341038142223], [-0.170996246666667, 51.153428642222224], [-0.1708355676, 51.1534499592], [-0.170652487733333, 51.15347433235555], [-0.170447007066667, 51.15350176168889], [-0.1702191256, 51.153532247200005], [-0.169968843333333, 51.15356578888888], [-0.169696160266667, 51.15360238675555], [-0.1694010764, 51.153642040799994], [-0.169083591733333, 51.153684751022226], [-0.168743706266667, 51.153730517422225], [-0.16838142, 51.15377934], [-0.168301156977778, 51.15378905866667], [-0.168224767911111, 51.15379902], [-0.1681522528, 51.153809224], [-0.168083611644444, 51.15381967066668], [-0.168018844444444, 51.15383036], [-0.1679579512, 51.153841292], [-0.167900931911111, 51.15385246666666], [-0.167847786577778, 51.153863884], [-0.1677985152, 51.153875544], [-0.167753117777778, 51.15388744666667], [-0.167711594311111, 51.153899592], [-0.1676739448, 51.15391198], [-0.167640169244444, 51.15392461066667], [-0.167610267644444, 51.153937484], [-0.16758424, 51.1539506], [-0.167550239093333, 51.153970251357045], [-0.167520368213333, 51.15398949138963], [-0.16749441712, 51.15400831704002], [-0.167472175573333, 51.154026725250375], [-0.167453433333333, 51.15404471296297], [-0.16743798016, 51.15406227712], [-0.167425605813333, 51.1540794146637], [-0.167416100053333, 51.154096122536295], [-0.16740925264, 51.15411239768001], [-0.167404853333333, 51.15412823703704], [-0.167402691893333, 51.15414363754962], [-0.16740255808, 51.15415859616], [-0.167404241653333, 51.154173109810365], [-0.167407532373333, 51.154187175442964], [-0.16741222, 51.15420079], [-0.167415856826667, 51.1542148818637], [-0.167420569013333, 51.15422866624297], [-0.16742632312, 51.15424209032001], [-0.167433085706667, 51.154255101277045], [-0.167440823333333, 51.1542676462963], [-0.16744950256, 51.154279672560016], [-0.167459089946667, 51.15429112725037], [-0.167469552053333, 51.15430195754963], [-0.16748085544, 51.15431211064001], [-0.167492966666667, 51.154321533703715], [-0.167505852293333, 51.15433017392296], [-0.16751947888, 51.15433797848], [-0.167533812986667, 51.15434489455704], [-0.167548821173333, 51.1543508693363], [-0.16756447, 51.15435585], [-0.167598909831111, 51.154364160675556], [-0.167637804115556, 51.15437126820444], [-0.16768026304, 51.15437723184], [-0.167725396791111, 51.154382110835556], [-0.167772315555556, 51.15438596444445], [-0.16782012952, 51.154388851920004], [-0.167867948871111, 51.15439083251556], [-0.167914883795556, 51.15439196548444], [-0.16796004448, 51.15439231008], [-0.168002541111111, 51.15439192555556], [-0.168041483875556, 51.15439087116444], [-0.16807598296, 51.154389206160005], [-0.168105148551111, 51.154386989795555], [-0.168128090835556, 51.15438428132445], [-0.16814392, 51.15438114], [-0.168154646684444, 51.15437678901334], [-0.168163008142222, 51.154370543573336], [-0.16816920448, 51.154362600960006], [-0.168173435804444, 51.15435315845335], [-0.168175902222222, 51.15434241333334], [-0.16817680384, 51.154330562880006], [-0.168176340764444, 51.15431780437333], [-0.168174713102222, 51.154304335093336], [-0.16817212096, 51.154290352320004], [-0.168168764444444, 51.154276053333334], [-0.168164843662222, 51.154261635413334], [-0.16816055872, 51.15424729584], [-0.168156109724444, 51.15423323189334], [-0.168151696782222, 51.154219640853334], [-0.16814752, 51.15420672], [-0.17073172, 51.15386034], [-0.1707347504, 51.153872779111104], [-0.1707377056, 51.15388468311111], [-0.1707405856, 51.153896052], [-0.1707433904, 51.153906885777786], [-0.17074612, 51.153917184444445], [-0.1707487744, 51.153926948], [-0.1707513536, 51.15393617644445], [-0.1707538576, 51.15394486977777], [-0.1707562864, 51.153953028], [-0.17075864, 51.153960651111106], [-0.1707609184, 51.1539677391111], [-0.1707631216, 51.153974292], [-0.1707652496, 51.15398030977777], [-0.1707673024, 51.153985792444445], [-0.17076928, 51.15399074], [-0.170772124933333, 51.15399762902223], [-0.170774941066667, 51.15400422764444], [-0.1707778804, 51.154010493200005], [-0.170781094933333, 51.15401638302224], [-0.170784736666667, 51.15402185444446], [-0.1707889576, 51.1540268648], [-0.170793909733333, 51.154031371422214], [-0.170799745066667, 51.154035331644444], [-0.1708066156, 51.15403870280001], [-0.170814673333333, 51.15404144222222], [-0.170824070266667, 51.15404350724444], [-0.1708349584, 51.1540448552], [-0.170847489733333, 51.15404544342222], [-0.170861816266667, 51.154045229244446], [-0.17087809, 51.15404417], [-0.170895095994074, 51.15404262633482], [-0.170911626752593, 51.1540409785452], [-0.17092784544, 51.15403921344001], [-0.170943915220741, 51.15403731782817], [-0.170959999259259, 51.15403527851853], [-0.17097626072, 51.154033082320005], [-0.170992862767407, 51.154030716041476], [-0.171009968565926, 51.154028166491855], [-0.17102774128, 51.15402542048001], [-0.171046344074074, 51.154022464814815], [-0.171065940112593, 51.154019286305186], [-0.17108669256, 51.15401587176], [-0.171108764580741, 51.154012207988146], [-0.171132319339259, 51.154008281798525], [-0.17115752, 51.15400408], [-0.171186728331852, 51.15399841513778], [-0.171221642921481, 51.153990317902235], [-0.17126143216, 51.15398010232001], [-0.171305264438519, 51.153968082417784], [-0.171352308148148, 51.15395457222223], [-0.17140173168, 51.15393988576001], [-0.171452703425185, 51.15392433705778], [-0.171504391774815, 51.15390824014222], [-0.17155596512, 51.15389190904001], [-0.171606591851852, 51.15387565777779], [-0.171655440361481, 51.15385980038222], [-0.17170167904, 51.15384465088001], [-0.171744476278519, 51.153830523297785], [-0.171783000468148, 51.15381773166223], [-0.17181642, 51.15380659]]}}, {"type": "Feature", "properties": {"name": "Linear Feature 5", "painted_line_type": "DOUBLE_SOLID_YELLOW", "lighting_line_type": "BLUE_OMNIDIRECTIONAL_LIGHTS"}, "geometry": {"type": "LineString", "coordinates": [[-0.16744667, 51.15326219], [-0.167486528044444, 51.153257574782224], [-0.167526143955556, 51.153255711191115], [-0.1675652444, 51.153256494320004], [-0.167603556044444, 51.153259819262225], [-0.167640805555556, 51.15326558111112], [-0.1676767196, 51.15327367496001], [-0.167711024844444, 51.15328399590223], [-0.167743447955556, 51.15329643903111], [-0.1677737156, 51.15331089944001], [-0.167801554444444, 51.153327272222235], [-0.167826691155556, 51.15334545247111], [-0.1678488524, 51.153365335280014], [-0.167867764844444, 51.15338681574222], [-0.167883155155556, 51.153409788951116], [-0.16789475, 51.15343415], [-0.167902107063704, 51.153459151034085], [-0.16790507770963, 51.1534839998726], [-0.16790382912, 51.15350852512001], [-0.167898528477037, 51.15353255538074], [-0.167889342962963, 51.153555919259276], [-0.16787643976, 51.153578445360004], [-0.16785998605037, 51.15359996228741], [-0.167840149016296, 51.15362029864592], [-0.16781709584, 51.15363928304001], [-0.167790993703704, 51.15365674407408], [-0.16776200978963, 51.15367251035259], [-0.16773031128, 51.153686410480006], [-0.167696065357037, 51.15369827306075], [-0.167659439202963, 51.15370792669926], [-0.1676206, 51.1537152], [-0.167580740085926, 51.15371981521778], [-0.167541122554074, 51.15372167880889], [-0.16750202072, 51.15372089568], [-0.167463707899259, 51.15371757073779], [-0.167426457407407, 51.1537118088889], [-0.16739054256, 51.15370371504], [-0.167356236672593, 51.153693394097765], [-0.167323813060741, 51.15368095096889], [-0.16729354504, 51.153666490560006], [-0.167265705925926, 51.15365011777777], [-0.167240569034074, 51.153631937528885], [-0.16721840768, 51.15361205472], [-0.167199495179259, 51.15359057425778], [-0.167184104847407, 51.153567601048884], [-0.16717251, 51.15354324], [-0.167165153188148, 51.15351823896593], [-0.167162183238519, 51.153493390127416], [-0.16716343288, 51.15346886488001], [-0.167168734841482, 51.153444834619265], [-0.167177921851852, 51.153421470740746], [-0.16719082664, 51.15339894464001], [-0.167207281934815, 51.153377427712584], [-0.167227120465185, 51.153357091354074], [-0.16725017496, 51.15333810696001], [-0.167276278148148, 51.15332064592593], [-0.167305262758519, 51.1533048796474], [-0.16733696152, 51.15329097952001], [-0.167371207161481, 51.15327911693926], [-0.167407832411852, 51.15326946330074], [-0.16744667, 51.15326219]]}}, {"type": "Feature", "properties": {"name": "Linear Feature 10", "painted_line_type": "BROKEN_YELLOW", "lighting_line_type": "AMBER_UNIDIRECTIONAL_LIGHTS"}, "geometry": {"type": "LineString", "coordinates": [[-0.16762022, 51.15371766], [-0.16768991, 51.15390615]]}}, {"type": "Feature", "properties": {"name": "Linear Feature 11", "painted_line_type": "BROKEN_YELLOW", "lighting_line_type": "AMBER_UNIDIRECTIONAL_LIGHTS"}, "geometry": {"type": "LineString", "coordinates": [[-0.16578149, 51.15272215], [-0.16587661, 51.15297148], [-0.16606916, 51.15347621], [-0.16614934, 51.15368638], [-0.16622518, 51.15388519], [-0.16631099, 51.15411012], [-0.16553178, 51.1542358], [-0.16543836, 51.15398171], [-0.16536836, 51.1537913], [-0.16529096, 51.15358079], [-0.16642738, 51.15447187], [-0.16650194, 51.15466437]]}}, {"type": "Feature", "properties": {"name": "Linear Feature 15", "painted_line_type": "DOUBLE_SOLID_YELLOW", "lighting_line_type": null}, "geometry": {"type": "LineString", "coordinates": [[-0.18452891, 51.14957595], [-0.18511149, 51.1492774], [-0.1845675, 51.14934645]]}}, {"type": "Feature", "properties": {"name": "Linear Feature 6", "painted_line_type": "WIDE_SOLID_WHITE_WITH_BLACK_BORDER", "lighting_line_type": null}, "geometry": {"type": "LineString", "coordinates": [[-0.17897023, 51.15666657], [-0.17567651, 51.1571093], [-0.17528329, 51.15602084], [-0.1752789528, 51.156005401866665], [-0.175275074533333, 51.155990068799994], [-0.1752716552, 51.1559748408], [-0.1752686948, 51.15595971786667], [-0.175266193333333, 51.15594470000001], [-0.1752641508, 51.1559297872], [-0.1752625672, 51.155914979466665], [-0.175261442533333, 51.1559002768], [-0.1752607768, 51.1558856792], [-0.17526057, 51.15587118666667], [-0.175260822133333, 51.155856799199995], [-0.1752615332, 51.15584251680001], [-0.1752627032, 51.15582833946667], [-0.175264332133333, 51.15581426720001], [-0.17526642, 51.1558003], [-0.1753154136, 51.1557798996], [-0.175367759733333, 51.15575993040001], [-0.1754234584, 51.155740392400006], [-0.1754825096, 51.155721285600016], [-0.175544913333333, 51.15570261], [-0.1756106696, 51.15568436560001], [-0.1756797784, 51.15566655240001], [-0.175752239733333, 51.155649170400004], [-0.1758280536, 51.15563221960001], [-0.17590722, 51.1556157], [-0.175989738933333, 51.1555996116], [-0.1760756104, 51.1555839544], [-0.1761648344, 51.155568728400006], [-0.176257410933333, 51.155553933600004], [-0.17635334, 51.15553957], [-0.18000732, 51.15505758]]}}, {"type": "Feature", "properties": {"name": "Linear Feature 6", "painted_line_type": "WIDE_SOLID_WHITE_WITH_BLACK_BORDER", "lighting_line_type": null}, "geometry": {"type": "LineString", "coordinates": [[-0.1789692, 51.15666377], [-0.17568006, 51.1571058], [-0.17528942, 51.15602029], [-0.175285076711111, 51.156004860711114], [-0.175281180177778, 51.15598955417778], [-0.1752777304, 51.15597437040001], [-0.175274727377778, 51.155959309377785], [-0.175272171111111, 51.15594437111112], [-0.1752700616, 51.155929555600004], [-0.175268398844444, 51.15591486284445], [-0.175267182844444, 51.15590029284445], [-0.1752664136, 51.1558858456], [-0.175266091111111, 51.15587152111111], [-0.175266215377778, 51.15585731937778], [-0.1752667864, 51.1558432404], [-0.175267804177778, 51.155829284177784], [-0.175269268711111, 51.15581545071112], [-0.17527118, 51.15580174], [-0.175319701866667, 51.15578159604445], [-0.1753716088, 51.15576186551111], [-0.1754269008, 51.155742548400006], [-0.175485577866667, 51.15572364471111], [-0.17554764, 51.155705154444455], [-0.1756130872, 51.15568707759999], [-0.175681919466667, 51.15566941417778], [-0.1757541368, 51.15565216417778], [-0.1758297392, 51.1556353276], [-0.175908726666667, 51.155618904444445], [-0.1759910992, 51.15560289471111], [-0.1760768568, 51.15558729840001], [-0.176165999466667, 51.15557211551111], [-0.1762585272, 51.155557346044446], [-0.17635444, 51.15554299], [-0.1800081, 51.15506036]]}}, {"type": "Feature", "properties": {"name": "Linear Feature 9", "painted_line_type": "SOLID_YELLOW", "lighting_line_type": null}, "geometry": {"type": "LineString", "coordinates": [[-0.17705031, 51.15554472], [-0.17720922, 51.15595416], [-0.177212323511111, 51.15596197208889], [-0.177214252711111, 51.15596939768889], [-0.1772150076, 51.15597643680001], [-0.177214588177778, 51.155983089422236], [-0.177212994444444, 51.155989355555576], [-0.1772102264, 51.15599523520001], [-0.177206284044444, 51.15600072835555], [-0.177201167377778, 51.15600583502222], [-0.1771948764, 51.1560105552], [-0.177187411111111, 51.15601488888889], [-0.177178771511111, 51.15601883608889], [-0.1771689576, 51.15602239680001], [-0.177157969377778, 51.15602557102223], [-0.177145806844444, 51.15602835875556], [-0.17713247, 51.15603076], [-0.17684385, 51.15607243], [-0.176831796311111, 51.15607293133334], [-0.176820264577778, 51.156073062], [-0.1768092548, 51.156072822], [-0.176798766977778, 51.15607221133334], [-0.176788801111111, 51.15607123], [-0.1767793572, 51.156069878], [-0.176770435244444, 51.15606815533333], [-0.176762035244444, 51.156066062], [-0.1767541572, 51.156063598], [-0.176746801111111, 51.15606076333333], [-0.176739966977778, 51.156057558], [-0.1767336548, 51.156053982], [-0.176727864577778, 51.15605003533334], [-0.176722596311111, 51.156045718], [-0.17671785, 51.15604103], [-0.17652983, 51.15582163]]}}, {"type": "Feature", "properties": {"name": "Linear Feature 8", "painted_line_type": "SOLID_YELLOW", "lighting_line_type": null}, "geometry": {"type": "LineString", "coordinates": [[-0.17785163, 51.15569339], [-0.17793969, 51.15578798], [-0.1779687, 51.15586133], [-0.177971928933333, 51.15586938804445], [-0.1779741224, 51.155876962177786], [-0.1779752804, 51.155884052400005], [-0.177975402933333, 51.15589065871112], [-0.17797449, 51.15589678111112], [-0.1779725416, 51.1559024196], [-0.177969557733333, 51.155907574177775], [-0.1779655384, 51.155912244844444], [-0.1779604836, 51.1559164316], [-0.177954393333333, 51.15592013444444], [-0.1779472676, 51.15592335337777], [-0.1779391064, 51.15592608840001], [-0.177929909733333, 51.155928339511114], [-0.1779196776, 51.15593010671112], [-0.17790841, 51.15593139], [-0.17747125, 51.15599313], [-0.177457072844444, 51.155992515866664], [-0.177443658711111, 51.15599138013333], [-0.1774310076, 51.1559897228], [-0.177419119511111, 51.15598754386668], [-0.177407994444444, 51.15598484333334], [-0.1773976324, 51.1559816212], [-0.177388033377778, 51.15597787746667], [-0.177379197377778, 51.15597361213334], [-0.1773711244, 51.1559688252], [-0.177363814444444, 51.15596351666667], [-0.177357267511111, 51.15595768653333], [-0.1773514836, 51.1559513348], [-0.177346462711111, 51.15594446146666], [-0.177342204844444, 51.15593706653333], [-0.17733871, 51.15592915], [-0.1771877, 51.15553014]]}}, {"type": "Feature", "properties": {"name": "Linear Feature 7", "painted_line_type": "SOLID_YELLOW", "lighting_line_type": null}, "geometry": {"type": "LineString", "coordinates": [[-0.17846284, 51.15558007], [-0.17854122, 51.15579324], [-0.178542405466667, 51.15579795102223], [-0.178542937866667, 51.155802430755564], [-0.1785428172, 51.155806679200005], [-0.178542043466667, 51.155810696355566], [-0.178540616666667, 51.15581448222223], [-0.1785385368, 51.1558180368], [-0.178535803866667, 51.15582136008889], [-0.178532417866667, 51.155824452088886], [-0.1785283788, 51.1558273128], [-0.178523686666667, 51.155829942222226], [-0.178518341466667, 51.15583234035556], [-0.1785123432, 51.1558345072], [-0.178505691866667, 51.15583644275556], [-0.178498387466667, 51.15583814702222], [-0.17849043, 51.15583962], [-0.17822886, 51.15587619], [-0.17821743898963, 51.15587744379555], [-0.17820583325037, 51.155878357964454], [-0.17819414072, 51.15587890968001], [-0.178182459336296, 51.15587907611556], [-0.178170887037037, 51.155878834444444], [-0.17815952176, 51.15587816184], [-0.178148461442963, 51.155877035475555], [-0.178137804023704, 51.15587543252444], [-0.17812764744, 51.15587333016], [-0.17811808962963, 51.155870705555564], [-0.17810922853037, 51.15586753588444], [-0.17810116208, 51.15586379832], [-0.178093988216296, 51.15585947003555], [-0.178087804877037, 51.15585452820444], [-0.17808271, 51.15584895], [-0.17792871, 51.15567393]]}}, {"type": "Feature", "properties": {"name": "Linear Feature 46", "painted_line_type": "WIDE_SOLID_YELLOW_WITH_BLACK_BORDER", "lighting_line_type": null}, "geometry": {"type": "LineString", "coordinates": [[-0.16974027, 51.15895306], [-0.1697861, 51.15888941]]}}, {"type": "Feature", "properties": {"name": "Linear Feature 46", "painted_line_type": "WIDE_SOLID_YELLOW_WITH_BLACK_BORDER", "lighting_line_type": null}, "geometry": {"type": "LineString", "coordinates": [[-0.16963787, 51.15892252], [-0.16968369, 51.15885887]]}}, {"type": "Feature", "properties": {"name": "Linear Feature 46", "painted_line_type": "WIDE_SOLID_YELLOW_WITH_BLACK_BORDER", "lighting_line_type": null}, "geometry": {"type": "LineString", "coordinates": [[-0.16948215, 51.15750368], [-0.16938704, 51.15746736]]}}, {"type": "Feature", "properties": {"name": "Linear Feature 46", "painted_line_type": "WIDE_SOLID_YELLOW_WITH_BLACK_BORDER", "lighting_line_type": null}, "geometry": {"type": "LineString", "coordinates": [[-0.16942126, 51.15756368], [-0.16932616, 51.15752736]]}}, {"type": "Feature", "properties": {"name": "Linear Feature 46", "painted_line_type": "WIDE_SOLID_YELLOW_WITH_BLACK_BORDER", "lighting_line_type": null}, "geometry": {"type": "LineString", "coordinates": [[-0.16763402, 51.15926348], [-0.16774476, 51.15925615]]}}, {"type": "Feature", "properties": {"name": "Linear Feature 46", "painted_line_type": "WIDE_SOLID_YELLOW_WITH_BLACK_BORDER", "lighting_line_type": null}, "geometry": {"type": "LineString", "coordinates": [[-0.16762436, 51.15919262], [-0.1677351, 51.1591853]]}}, {"type": "Feature", "properties": {"name": "Linear Feature 46", "painted_line_type": "WIDE_SOLID_YELLOW_WITH_BLACK_BORDER", "lighting_line_type": null}, "geometry": {"type": "LineString", "coordinates": [[-0.17007355, 51.1581892], [-0.1700316, 51.15812451]]}}, {"type": "Feature", "properties": {"name": "Linear Feature 46", "painted_line_type": "WIDE_SOLID_YELLOW_WITH_BLACK_BORDER", "lighting_line_type": null}, "geometry": {"type": "LineString", "coordinates": [[-0.1699677, 51.15821469], [-0.16992573, 51.15815]]}}, {"type": "Feature", "properties": {"name": "Linear Feature 7", "painted_line_type": "SEPARATED_BROKEN_YELLOW_WITH_BLACK_BORDER", "lighting_line_type": null}, "geometry": {"type": "LineString", "coordinates": [[-0.16780125, 51.15869711], [-0.16757821, 51.15929954], [-0.16781966, 51.15916332], [-0.16784, 51.15927658]]}}, {"type": "Feature", "properties": {"name": "Linear Feature 15", "painted_line_type": "SEPARATED_BROKEN_YELLOW_WITH_BLACK_BORDER", "lighting_line_type": null}, "geometry": {"type": "LineString", "coordinates": [[-0.16695603, 51.15877165], [-0.16686812, 51.15880905], [-0.16751485, 51.15842674], [-0.16673451, 51.15870306], [-0.16717392, 51.15849544], [-0.16663842, 51.15852733]]}}, {"type": "Feature", "properties": {"name": "Linear Feature 17", "painted_line_type": "WIDE_SOLID_YELLOW_WITH_BLACK_BORDER", "lighting_line_type": null}, "geometry": {"type": "LineString", "coordinates": [[-0.16688144, 51.15873267], [-0.16682079, 51.1586738]]}}, {"type": "Feature", "properties": {"name": "Linear Feature 49", "painted_line_type": "WIDE_SOLID_YELLOW_WITH_BLACK_BORDER", "lighting_line_type": null}, "geometry": {"type": "LineString", "coordinates": [[-0.1827867, 51.16021196], [-0.182772069733333, 51.16020284612148], [-0.1827541664, 51.16019505590519], [-0.1827333252, 51.16018860048], [-0.182709881333333, 51.160183490974816], [-0.18268417, 51.16017973851853], [-0.1826565264, 51.16017735424], [-0.182627285733333, 51.16017634926814], [-0.1825967832, 51.160176734731856], [-0.182565354, 51.16017852176], [-0.182533333333333, 51.160181721481486], [-0.1825010564, 51.16018634502518], [-0.1824688584, 51.16019240352], [-0.182437074533333, 51.16019990809482], [-0.18240604, 51.160208869878524], [-0.18237609, 51.1602193]]}}, {"type": "Feature", "properties": {"name": "Linear Feature 48", "painted_line_type": "WIDE_SOLID_YELLOW_WITH_BLACK_BORDER", "lighting_line_type": null}, "geometry": {"type": "LineString", "coordinates": [[-0.18259867, 51.15998105], [-0.182597923558519, 51.1599903069363], [-0.182597606468148, 51.159999470823706], [-0.18259776408, 51.16000854328001], [-0.182598441745185, 51.16001752592297], [-0.182599684814815, 51.16002642037037], [-0.18260153864, 51.160035228240005], [-0.182604048571852, 51.16004395114962], [-0.182607259961481, 51.16005259071703], [-0.18261121816, 51.16006114855999], [-0.182615968518519, 51.16006962629629], [-0.182621556388148, 51.1600780255437], [-0.18262802712, 51.16008634792], [-0.182635426065185, 51.16009459504296], [-0.182643798574815, 51.160102768530365], [-0.18265319, 51.16011087], [-0.18287309, 51.16027701]]}}, {"type": "Feature", "properties": {"name": "Linear Feature 1", "painted_line_type": "WIDE_SOLID_YELLOW_WITH_BLACK_BORDER", "lighting_line_type": null}, "geometry": {"type": "LineString", "coordinates": [[-0.171856, 51.15745178], [-0.17157012, 51.15669406]]}}, {"type": "Feature", "properties": {"name": "Linear Feature 24", "painted_line_type": "WIDE_SOLID_YELLOW_WITH_BLACK_BORDER", "lighting_line_type": null}, "geometry": {"type": "LineString", "coordinates": [[-0.17276267, 51.15717952], [-0.17274752, 51.15718174]]}}, {"type": "Feature", "properties": {"name": "Linear Feature 23", "painted_line_type": "WIDE_SOLID_YELLOW_WITH_BLACK_BORDER", "lighting_line_type": null}, "geometry": {"type": "LineString", "coordinates": [[-0.17275439, 51.15717968], [-0.17253379, 51.15656229]]}}, {"type": "Feature", "properties": {"name": "Linear Feature 1", "painted_line_type": "WIDE_SOLID_YELLOW", "lighting_line_type": "GREEN_BIDIRECTIONAL_LIGHTS"}, "geometry": {"type": "LineString", "coordinates": [[-0.20142773, 51.14848521], [-0.201416584962963, 51.1484808009363], [-0.201403830237037, 51.148476940690365], [-0.2013896524, 51.14847361568001], [-0.20137423802963, 51.14847081232296], [-0.201357773703704, 51.14846851703704], [-0.201340446, 51.14846671624], [-0.201322441496296, 51.14846539634962], [-0.20130394677037, 51.1484645437837], [-0.2012851484, 51.14846414496], [-0.201266232962963, 51.148464186296295], [-0.201247387037037, 51.14846465421036], [-0.2012287972, 51.148465535119996], [-0.20121065002963, 51.14846681544296], [-0.201193132103704, 51.148468481597035], [-0.20117643, 51.14847052]]}}, {"type": "Feature", "properties": {"name": "E Centreline", "painted_line_type": "WIDE_SOLID_YELLOW", "lighting_line_type": "ALTERNATING_AMBER_GREEN_BIDIRECTIONAL_LIGHTS"}, "geometry": {"type": "LineString", "coordinates": [[-0.19884827, 51.14807869], [-0.19988322, 51.14817017]]}}, {"type": "Feature", "properties": {"name": "E Centreline", "painted_line_type": "WIDE_SOLID_YELLOW", "lighting_line_type": "GREEN_BIDIRECTIONAL_LIGHTS"}, "geometry": {"type": "LineString", "coordinates": [[-0.19988322, 51.14817017], [-0.20003162677037, 51.148184189674076], [-0.200172939762963, 51.14819943725926], [-0.200307298, 51.1482158596], [-0.200434840503704, 51.14823340354074], [-0.200555706296296, 51.14825201592593], [-0.2006700344, 51.148271643600005], [-0.200777963837037, 51.1482922334074], [-0.20087963362963, 51.14831373219259], [-0.2009751828, 51.1483360868], [-0.20106475037037, 51.14835924407407], [-0.201148475362963, 51.14838315085926], [-0.2012264968, 51.148407754], [-0.201298953703704, 51.14843300034074], [-0.201365985096296, 51.14845883672592], [-0.20142773, 51.14848521], [-0.201564865496296, 51.148556115964446], [-0.20166947077037, 51.14862936998223], [-0.20174401, 51.148704030240005], [-0.201790947362963, 51.14877915492446], [-0.201812747037037, 51.148853802222234], [-0.2018118732, 51.14892703032], [-0.20179079002963, 51.14899789740444], [-0.201751961703704, 51.14906546166222], [-0.2016978524, 51.14912878128], [-0.201630926296296, 51.14918691444445], [-0.20155364757037, 51.149238919342224], [-0.2014684804, 51.149283854160004], [-0.201377888962963, 51.14932077708444], [-0.201284337437037, 51.14934874630222], [-0.20119029, 51.14936682]]}}]}