{"type": "FeatureCollection", "features": [{"type": "Feature", "properties": {"name": "Fuel Farm", "painted_line_type": "BROKEN_WHITE", "lighting_line_type": null}, "geometry": {"type": "LineString", "coordinates": [[-0.1840198, 51.16000459], [-0.18431853, 51.16007038], [-0.18437683, 51.16012448]]}}, {"type": "Feature", "properties": {"name": "Fuel Farm", "painted_line_type": "BROKEN_WHITE", "lighting_line_type": null}, "geometry": {"type": "LineString", "coordinates": [[-0.18607556, 51.16062067], [-0.18627044, 51.1604297], [-0.1864306, 51.16090283]]}}, {"type": "Feature", "properties": {"name": "Fuel farm", "painted_line_type": "BROKEN_WHITE", "lighting_line_type": null}, "geometry": {"type": "LineString", "coordinates": [[-0.18434312, 51.16222851], [-0.18451224, 51.16219999], [-0.184520026577778, 51.162198572044446], [-0.184527831644444, 51.16219679284444], [-0.1845356552, 51.162194652400004], [-0.184543497244444, 51.16219215071112], [-0.184551357777778, 51.16218928777777], [-0.1845592368, 51.162186063600004], [-0.184567134311111, 51.162182478177776], [-0.184575050311111, 51.16217853151111], [-0.1845829848, 51.16217422359999], [-0.184590937777778, 51.162169554444446], [-0.184598909244444, 51.16216452404444], [-0.1846068992, 51.1621591324], [-0.184614907644444, 51.16215337951111], [-0.184622934577778, 51.16214726537778], [-0.18463098, 51.16214079], [-0.1848284, 51.16194146]]}}, {"type": "Feature", "properties": {"name": "Fuel farm", "painted_line_type": "BROKEN_WHITE", "lighting_line_type": null}, "geometry": {"type": "LineString", "coordinates": [[-0.184916, 51.16187777], [-0.184918187822222, 51.161884697333335], [-0.184919724622222, 51.16189159666667], [-0.1849206104, 51.16189846800001], [-0.184920845155556, 51.161905311333335], [-0.184920428888889, 51.16191212666667], [-0.1849193616, 51.161918914], [-0.184917643288889, 51.161925673333336], [-0.184915273955556, 51.16193240466667], [-0.1849122536, 51.161939108], [-0.184908582222222, 51.16194578333334], [-0.184904259822222, 51.161952430666666], [-0.1848992864, 51.16195905], [-0.184893661955556, 51.16196564133334], [-0.184887386488889, 51.16197220466667], [-0.18488046, 51.16197874], [-0.18465109, 51.16221713]]}}, {"type": "Feature", "properties": {"name": "Car parks south", "painted_line_type": "BROKEN_WHITE", "lighting_line_type": null}, "geometry": {"type": "LineString", "coordinates": [[-0.154394, 51.15681433], [-0.15546893, 51.15633375], [-0.155487354444444, 51.15632465013334], [-0.155503611777778, 51.1563149692], [-0.155517702, 51.15630470720001], [-0.155529625111111, 51.15629386413333], [-0.155539381111111, 51.15628244], [-0.15554697, 51.1562704348], [-0.155552391777778, 51.156257848533336], [-0.155555646444444, 51.15624468120001], [-0.155556734, 51.1562309328], [-0.155555654444444, 51.156216603333334], [-0.155552407777778, 51.156201692799996], [-0.155546994, 51.15618620120001], [-0.155539413111111, 51.15617012853333], [-0.155529665111111, 51.1561534748], [-0.15551775, 51.15613624]]}}, {"type": "Feature", "properties": {"name": "Car parks south", "painted_line_type": "BROKEN_WHITE", "lighting_line_type": null}, "geometry": {"type": "LineString", "coordinates": [[-0.15643546, 51.15605594], [-0.156386059911111, 51.156024883022226], [-0.156336099644444, 51.155997917422226], [-0.1562855792, 51.15597504320001], [-0.156234498577778, 51.15595626035557], [-0.156182857777778, 51.1559415688889], [-0.1561306568, 51.1559309688], [-0.156077895644444, 51.15592446008888], [-0.156024574311111, 51.15592204275556], [-0.1559706928, 51.155923716800004], [-0.155916251111111, 51.15592948222222], [-0.155861249244444, 51.155939339022225], [-0.1558056872, 51.155953287200006], [-0.155749564977778, 51.15597132675556], [-0.155692882577778, 51.15599345768889], [-0.15563564, 51.15601968], [-0.15544544, 51.15610226]]}}, {"type": "Feature", "properties": {"name": "Car parks south", "painted_line_type": "BROKEN_WHITE", "lighting_line_type": null}, "geometry": {"type": "LineString", "coordinates": [[-0.15386196, 51.15599809], [-0.153857117866667, 51.15600544208888], [-0.1538532528, 51.156012493022224], [-0.1538503648, 51.15601924280001], [-0.153848453866667, 51.15602569142223], [-0.15384752, 51.1560318388889], [-0.1538475632, 51.15603768519999], [-0.153848583466667, 51.15604323035556], [-0.1538505808, 51.15604847435556], [-0.1538535552, 51.1560534172], [-0.153857506666667, 51.15605805888889], [-0.1538624352, 51.15606239942222], [-0.1538683408, 51.156066438799996], [-0.153875223466667, 51.156070177022215], [-0.1538830832, 51.15607361408889], [-0.15389192, 51.15607675]]}}, {"type": "Feature", "properties": {"name": "Car parks south", "painted_line_type": "BROKEN_WHITE", "lighting_line_type": null}, "geometry": {"type": "LineString", "coordinates": [[-0.15394626, 51.15598673], [-0.153940703422222, 51.155973355822226], [-0.153935151022222, 51.15596061462223], [-0.1539296028, 51.15594850640001], [-0.153924058755556, 51.15593703115557], [-0.153918518888889, 51.1559261888889], [-0.1539129832, 51.155915979599996], [-0.153907451688889, 51.15590640328889], [-0.153901924355556, 51.155897459955554], [-0.1538964012, 51.1558891496], [-0.153890882222222, 51.15588147222223], [-0.153885367422222, 51.155874427822226], [-0.1538798568, 51.15586801640001], [-0.153874350355556, 51.15586223795556], [-0.153868848088889, 51.15585709248889], [-0.15386335, 51.15585258], [-0.153867937066667, 51.15586713835555], [-0.1538718556, 51.15588100275556], [-0.1538751056, 51.1558941732], [-0.153877687066667, 51.155906649688895], [-0.1538796, 51.15591843222223], [-0.1538808444, 51.155929520799994], [-0.153881420266667, 51.155939915422216], [-0.1538813276, 51.15594961608888], [-0.1538805664, 51.15595862279999], [-0.153879136666667, 51.155966935555554], [-0.1538770384, 51.15597455435555], [-0.1538742716, 51.1559814792], [-0.153870836266667, 51.15598771008889], [-0.1538667324, 51.155993247022224], [-0.15386196, 51.15599809], [-0.15386335, 51.15585258], [-0.153857759288889, 51.1558417348], [-0.153846560488889, 51.155825047200004], [-0.1538297536, 51.15580251720001], [-0.153807338622222, 51.15577414480001], [-0.153779315555556, 51.15573993], [-0.1537456844, 51.1556998728], [-0.153706445155556, 51.1556539732], [-0.153661597822222, 51.1556022312], [-0.1536111424, 51.1555446468], [-0.153555078888889, 51.15548122], [-0.153493407288889, 51.1554119508], [-0.1534261276, 51.155336839200004], [-0.153353239822222, 51.155255885200006], [-0.153274743955556, 51.1551690888], [-0.15319064, 51.15507645], [-0.15354225, 51.15540965]]}}, {"type": "Feature", "properties": {"name": "Car parks south", "painted_line_type": "BROKEN_WHITE", "lighting_line_type": null}, "geometry": {"type": "LineString", "coordinates": [[-0.15384396, 51.15308033], [-0.15365656, 51.1529322], [-0.153651467911111, 51.15292794906667], [-0.153646466311111, 51.15292345226667], [-0.1536415552, 51.15291870960001], [-0.153636734577778, 51.15291372106667], [-0.153632004444444, 51.152908486666675], [-0.1536273648, 51.152903006399995], [-0.153622815644444, 51.15289728026667], [-0.153618356977778, 51.15289130826667], [-0.1536139888, 51.152885090400005], [-0.153609711111111, 51.15287862666667], [-0.153605523911111, 51.15287191706667], [-0.1536014272, 51.1528649616], [-0.153597420977778, 51.15285776026667], [-0.153593505244444, 51.15285031306667], [-0.15358968, 51.15284262], [-0.15290853, 51.15170615], [-0.15301908, 51.15178107], [-0.15395111, 51.15156247], [-0.1550567, 51.15269055], [-0.15513094, 51.15276292], [-0.15575963, 51.15343983]]}}, {"type": "Feature", "properties": {"name": "Car parks south", "painted_line_type": "BROKEN_WHITE", "lighting_line_type": null}, "geometry": {"type": "LineString", "coordinates": [[-0.15571969, 51.15351448], [-0.15705824, 51.15258538]]}}, {"type": "Feature", "properties": {"name": "Car parks south", "painted_line_type": "BROKEN_WHITE", "lighting_line_type": null}, "geometry": {"type": "LineString", "coordinates": [[-0.15407371, 51.15853156], [-0.154075629333333, 51.15854816937778], [-0.154075211333333, 51.15856627751111], [-0.154072456, 51.158585884400004], [-0.154067363333333, 51.15860699004445], [-0.154059933333333, 51.15862959444444], [-0.154050166, 51.1586536976], [-0.154038061333333, 51.15867929951111], [-0.154023619333333, 51.15870640017777], [-0.15400684, 51.1587349996], [-0.153987723333333, 51.158765097777774], [-0.153966269333333, 51.15879669471111], [-0.153942478, 51.1588297904], [-0.153916349333333, 51.15886438484444], [-0.153887883333333, 51.158900478044444], [-0.15385708, 51.15893807], [-0.15377069, 51.15903027], [-0.15371982, 51.15905561], [-0.15385987, 51.15891141], [-0.153888746977778, 51.1588773824], [-0.153915535244444, 51.15884459826667], [-0.1539402348, 51.15881305760001], [-0.153962845644444, 51.15878276040001], [-0.153983367777778, 51.15875370666667], [-0.1540018012, 51.1587258964], [-0.154018145911111, 51.1586993296], [-0.154032401911111, 51.15867400626667], [-0.1540445692, 51.1586499264], [-0.154054647777778, 51.15862709000001], [-0.154062637644444, 51.15860549706667], [-0.1540685388, 51.15858514760001], [-0.154072351244444, 51.158566041600004], [-0.154074074977778, 51.15854817906667], [-0.15407371, 51.15853156], [-0.154075379022222, 51.15851040786667], [-0.154076740755556, 51.158489812800006], [-0.1540777952, 51.15846977480001], [-0.154078542355556, 51.15845029386667], [-0.154078982222222, 51.15843137000002], [-0.1540791148, 51.15841300320001], [-0.154078940088889, 51.158395193466674], [-0.154078458088889, 51.1583779408], [-0.1540776688, 51.1583612452], [-0.154076572222222, 51.15834510666668], [-0.154075168355556, 51.1583295252], [-0.1540734572, 51.15831450080001], [-0.154071438755556, 51.15830003346667], [-0.154069113022222, 51.15828612320001], [-0.15406648, 51.15827277], [-0.15387158, 51.1573943], [-0.15383571, 51.15743384]]}}, {"type": "Feature", "properties": {"name": "Car parks south", "painted_line_type": "BROKEN_WHITE", "lighting_line_type": null}, "geometry": {"type": "LineString", "coordinates": [[-0.15384961, 51.15752116], [-0.15398188, 51.15811441], [-0.15403501, 51.1579181]]}}, {"type": "Feature", "properties": {"name": "Car parks south", "painted_line_type": "BROKEN_WHITE", "lighting_line_type": null}, "geometry": {"type": "LineString", "coordinates": [[-0.15387158, 51.1573943], [-0.153855852622222, 51.15730039284445], [-0.153849198488889, 51.157209556711116], [-0.1538516176, 51.157121791600005], [-0.153863109955556, 51.15703709751112], [-0.153883675555556, 51.156955474444445], [-0.1539133144, 51.1568769224], [-0.153952026488889, 51.15680144137778], [-0.153999811822222, 51.15672903137778], [-0.1540566704, 51.1566596924], [-0.154122602222222, 51.156593424444445], [-0.154197607288889, 51.15653022751111], [-0.1542816856, 51.1564701016], [-0.154374837155556, 51.156413046711116], [-0.154477061955556, 51.156359062844444], [-0.15458836, 51.15630815], [-0.15459544, 51.1563452]]}}, {"type": "Feature", "properties": {"name": "Car parks south", "painted_line_type": "BROKEN_WHITE", "lighting_line_type": null}, "geometry": {"type": "LineString", "coordinates": [[-0.15459544, 51.1563452], [-0.154543140444444, 51.156373511733335], [-0.154492756444444, 51.156402585600006], [-0.154444288, 51.15643242160001], [-0.154397735111111, 51.15646301973333], [-0.154353097777778, 51.15649438], [-0.154310376, 51.1565265024], [-0.154269569777778, 51.15655938693333], [-0.154230679111111, 51.1565930336], [-0.154193704, 51.156627442399994], [-0.154158644444444, 51.15666261333333], [-0.154125500444444, 51.156698546399994], [-0.154094272, 51.1567352416], [-0.154064959111111, 51.15677269893333], [-0.154037561777778, 51.1568109184], [-0.15401208, 51.1568499], [-0.1540196, 51.15665965], [-0.154040320533333, 51.15663886222223], [-0.154060279466667, 51.15661908022223], [-0.1540794768, 51.156600304], [-0.154097912533333, 51.15658253355555], [-0.154115586666667, 51.156565768888896], [-0.1541324992, 51.15655001], [-0.154148650133333, 51.15653525688889], [-0.154164039466667, 51.15652150955555], [-0.1541786672, 51.156508768], [-0.154192533333333, 51.15649703222222], [-0.154205637866667, 51.15648630222222], [-0.1542179808, 51.156476578], [-0.154229562133333, 51.156467859555555], [-0.154240381866667, 51.15646014688889], [-0.15425044, 51.15645344], [-0.15440133, 51.15636557]]}}, {"type": "Feature", "properties": {"name": "Car parks south", "painted_line_type": "BROKEN_WHITE", "lighting_line_type": null}, "geometry": {"type": "LineString", "coordinates": [[-0.15458836, 51.15630815], [-0.15543179, 51.15586561], [-0.15491858, 51.1560986]]}}, {"type": "Feature", "properties": {"name": "Car parks south", "painted_line_type": "BROKEN_WHITE", "lighting_line_type": null}, "geometry": {"type": "LineString", "coordinates": [[-0.15507163, 51.15610599], [-0.155135715777778, 51.15607006324445], [-0.155201946444444, 51.15603325364445], [-0.155270322, 51.1559955612], [-0.155340842444444, 51.15595698591111], [-0.155413507777778, 51.15591752777779], [-0.155488318, 51.155877186800005], [-0.155565273111111, 51.155835962977775], [-0.155644373111111, 51.15579385631112], [-0.155725618, 51.155750866800005], [-0.155809007777778, 51.155706994444444], [-0.155894542444444, 51.15566223924445], [-0.155982222, 51.15561660120001], [-0.156072046444444, 51.155570080311115], [-0.156164015777778, 51.15552267657778], [-0.15625813, 51.15547439], [-0.156321561866667, 51.15544493288889], [-0.1563866548, 51.1554167668889], [-0.1564534088, 51.155389892], [-0.156521823866667, 51.15536430822223], [-0.1565919, 51.155340015555566], [-0.1566636372, 51.155317014], [-0.156737035466667, 51.155295303555555], [-0.1568120948, 51.155274884222216], [-0.1568888152, 51.155255756], [-0.156967196666667, 51.155237918888886], [-0.1570472392, 51.15522137288889], [-0.1571289428, 51.155206118], [-0.157212307466667, 51.15519215422222], [-0.1572973332, 51.15517948155556], [-0.15738402, 51.1551681], [-0.15722498, 51.15522286]]}}, {"type": "Feature", "properties": {"name": "Car parks south", "painted_line_type": "BROKEN_WHITE", "lighting_line_type": null}, "geometry": {"type": "LineString", "coordinates": [[-0.15706708, 51.15525775], [-0.15674617, 51.15533338], [-0.15737054, 51.15513175]]}}, {"type": "Feature", "properties": {"name": "Car parks south", "painted_line_type": "BROKEN_WHITE", "lighting_line_type": null}, "geometry": {"type": "LineString", "coordinates": [[-0.15694827, 51.1552055], [-0.156903978577778, 51.15521456577778], [-0.156860032311111, 51.15522424311112], [-0.1568164312, 51.155234532], [-0.156773175244444, 51.15524543244445], [-0.156730264444444, 51.15525694444446], [-0.1566876988, 51.155269068], [-0.156645478311111, 51.155281803111116], [-0.156603602977778, 51.155295149777785], [-0.1565620728, 51.155309108], [-0.156520887777778, 51.15532367777779], [-0.156480047911111, 51.15533885911111], [-0.1564395532, 51.155354652], [-0.156399403644444, 51.155371056444444], [-0.156359599244444, 51.15538807244445], [-0.15632014, 51.1554057], [-0.15593711, 51.15557088], [-0.15591048, 51.15561501], [-0.15543179, 51.15586561], [-0.15550207, 51.15579552], [-0.15577737, 51.15565021], [-0.15738402, 51.1551681], [-0.15840169, 51.15503796]]}}, {"type": "Feature", "properties": {"name": "Car parks south", "painted_line_type": "BROKEN_WHITE", "lighting_line_type": null}, "geometry": {"type": "LineString", "coordinates": [[-0.15673105, 51.15612965], [-0.15746398, 51.15825456], [-0.1574692536, 51.158274665422226], [-0.157471965066667, 51.1582942056889], [-0.1574721144, 51.1583131808], [-0.1574697016, 51.158331590755566], [-0.157464726666667, 51.15834943555557], [-0.1574571896, 51.1583667152], [-0.1574470904, 51.15838342968889], [-0.157434429066667, 51.15839957902222], [-0.1574192056, 51.158415163200004], [-0.15740142, 51.15843018222222], [-0.157381072266667, 51.15844463608889], [-0.1573581624, 51.1584585248], [-0.1573326904, 51.15847184835556], [-0.157304656266667, 51.15848460675556], [-0.15727406, 51.1584968], [-0.15707962, 51.15849267]]}}, {"type": "Feature", "properties": {"name": "Car parks south", "painted_line_type": "BROKEN_WHITE", "lighting_line_type": null}, "geometry": {"type": "LineString", "coordinates": [[-0.15792828, 51.15847929], [-0.157937795466667, 51.15847714684445], [-0.1579474512, 51.15847488537778], [-0.1579572472, 51.1584725056], [-0.157967183466667, 51.15847000751113], [-0.15797726, 51.15846739111112], [-0.1579874768, 51.1584646564], [-0.157997833866667, 51.158461803377776], [-0.1580083312, 51.158458832044445], [-0.1580189688, 51.15845574240001], [-0.158029746666667, 51.15845253444445], [-0.1580406648, 51.15844920817778], [-0.1580517232, 51.1584457636], [-0.158062921866667, 51.158442200711114], [-0.1580742608, 51.158438519511115], [-0.15808574, 51.15843472], [-0.158068182133333, 51.15844020302223], [-0.158053132533333, 51.158444902755555], [-0.1580405912, 51.158448819200004], [-0.158030558133333, 51.15845195235556], [-0.158023033333333, 51.158454302222225], [-0.1580180168, 51.158455868800004], [-0.158015508533333, 51.15845665208889], [-0.158015508533333, 51.15845665208889], [-0.1580180168, 51.158455868800004], [-0.158023033333333, 51.158454302222225], [-0.158030558133333, 51.158451952355556], [-0.1580405912, 51.158448819200004], [-0.158053132533333, 51.15844490275556], [-0.158068182133333, 51.15844020302223], [-0.15808574, 51.15843472]]}}, {"type": "Feature", "properties": {"name": "Car parks south", "painted_line_type": "BROKEN_WHITE", "lighting_line_type": null}, "geometry": {"type": "LineString", "coordinates": [[-0.15958296, 51.15811082], [-0.159603262533333, 51.15809455368889], [-0.1596221808, 51.158078149422224], [-0.1596397148, 51.15806160720001], [-0.159655864533333, 51.158044927022225], [-0.15967063, 51.15802810888889], [-0.1596840112, 51.1580111528], [-0.159696008133333, 51.157994058755555], [-0.1597066208, 51.15797682675556], [-0.1597158492, 51.1579594568], [-0.159723693333333, 51.15794194888889], [-0.1597301532, 51.15792430302222], [-0.1597352288, 51.157906519200004], [-0.159738920133333, 51.15788859742222], [-0.1597412272, 51.15787053768889], [-0.15974215, 51.15785234]]}}, {"type": "Feature", "properties": {"name": "Car parks south", "painted_line_type": "BROKEN_WHITE", "lighting_line_type": null}, "geometry": {"type": "LineString", "coordinates": [[-0.15792828, 51.15847929], [-0.157751394844444, 51.158502336888894], [-0.157578270044444, 51.1585197308889], [-0.1574089056, 51.158531472000014], [-0.157243301511111, 51.158537560222236], [-0.157081457777778, 51.15853799555556], [-0.1569233744, 51.158532778], [-0.156769051377778, 51.15852190755556], [-0.156618488711111, 51.158505384222224], [-0.1564716864, 51.158483208], [-0.156328644444444, 51.15845537888889], [-0.156189362844444, 51.158421896888896], [-0.1560538416, 51.158382762], [-0.155922080711111, 51.15833797422223], [-0.155794080177778, 51.15828753355556], [-0.15566984, 51.15823144], [-0.15568917, 51.15820085]]}}, {"type": "Feature", "properties": {"name": "Car parks south", "painted_line_type": "BROKEN_WHITE", "lighting_line_type": null}, "geometry": {"type": "LineString", "coordinates": [[-0.15566984, 51.15823144], [-0.15545095, 51.15813348], [-0.155422770933333, 51.15812138715556], [-0.155394343066667, 51.15811016195556], [-0.1553656664, 51.1580998044], [-0.155336740933333, 51.15809031448889], [-0.155307566666667, 51.15808169222223], [-0.1552781436, 51.158073937599994], [-0.155248471733333, 51.15806705062223], [-0.155218551066667, 51.158061031288895], [-0.1551883816, 51.1580558796], [-0.155157963333333, 51.15805159555556], [-0.155127296266667, 51.15804817915556], [-0.1550963804, 51.158045630400004], [-0.155065215733333, 51.15804394928889], [-0.155033802266667, 51.158043135822226], [-0.15500214, 51.15804319], [-0.155029235288889, 51.15804074342223], [-0.155052459822222, 51.158038646355564], [-0.1550718136, 51.158036898800006], [-0.155087296622222, 51.15803550075556], [-0.155098908888889, 51.15803445222223], [-0.1551066504, 51.1580337532], [-0.155110521155556, 51.15803340368889], [-0.1551066504, 51.1580337532], [-0.155098908888889, 51.158034452222225], [-0.155087296622222, 51.15803550075556], [-0.1550718136, 51.158036898800006], [-0.155052459822222, 51.15803864635556], [-0.155029235288889, 51.15804074342223], [-0.15500214, 51.15804319]]}}, {"type": "Feature", "properties": {"name": "Car parks south", "painted_line_type": "BROKEN_WHITE", "lighting_line_type": null}, "geometry": {"type": "LineString", "coordinates": [[-0.15472689, 51.15809045], [-0.154665077111111, 51.15811694657778], [-0.154609166444445, 51.158145022977784], [-0.154559158, 51.1581746792], [-0.154515051777778, 51.15820591524445], [-0.154476847777778, 51.158238731111126], [-0.154444546, 51.1582731268], [-0.154418146444444, 51.158309102311115], [-0.154397649111111, 51.158346657644444], [-0.154383054, 51.158385792800004], [-0.154374361111111, 51.158426507777776], [-0.154371570444444, 51.15846880257777], [-0.154374682, 51.1585126772], [-0.154383695777778, 51.15855813164445], [-0.154398611777778, 51.15860516591112], [-0.15441943, 51.15865378], [-0.154409315155556, 51.15863482337778], [-0.154400645288889, 51.158618574844446], [-0.1543934204, 51.158605034400004], [-0.154387640488889, 51.158594202044455], [-0.154383305555556, 51.158586077777784], [-0.1543804156, 51.1585806616], [-0.154378970622222, 51.15857795351111], [-0.154378970622222, 51.15857795351112], [-0.1543804156, 51.1585806616], [-0.154383305555556, 51.158586077777784], [-0.154387640488889, 51.15859420204444], [-0.1543934204, 51.158605034400004], [-0.154400645288889, 51.158618574844446], [-0.154409315155556, 51.15863482337778], [-0.15441943, 51.15865378], [-0.154430225688889, 51.15867366208889], [-0.154440938088889, 51.158692687022224], [-0.1544515672, 51.158710854800006], [-0.154462113022222, 51.15872816542223], [-0.154472575555556, 51.15874461888889], [-0.1544829548, 51.158760215200004], [-0.154493250755556, 51.15877495435555], [-0.154503463422222, 51.158788836355555], [-0.1545135928, 51.158801861200004], [-0.154523638888889, 51.15881402888889], [-0.154533601688889, 51.15882533942222], [-0.1545434812, 51.158835792800005], [-0.154553277422222, 51.15884538902222], [-0.154562990355556, 51.15885412808889], [-0.15457262, 51.15886201], [-0.15450771, 51.15885309], [-0.154488765555556, 51.158839268533335], [-0.154470884222222, 51.15882401746667], [-0.154454066, 51.1588073368], [-0.154438310888889, 51.15878922653333], [-0.154423618888889, 51.15876968666667], [-0.15440999, 51.1587487172], [-0.154397424222222, 51.15872631813333], [-0.154385921555556, 51.15870248946666], [-0.154375482, 51.158677231199995], [-0.154366105555556, 51.15865054333334], [-0.154357792222222, 51.15862242586667], [-0.154350542, 51.15859287880001], [-0.154344354888889, 51.158561902133336], [-0.154339230888889, 51.15852949586667], [-0.15433517, 51.15849566], [-0.154335142133333, 51.158487619422225], [-0.154335242533333, 51.158479463022225], [-0.1543354712, 51.15847119080001], [-0.154335828133333, 51.158462802755565], [-0.154336313333333, 51.1584542988889], [-0.1543369268, 51.15844567919999], [-0.154337668533333, 51.15843694368888], [-0.154338538533333, 51.158428092355564], [-0.1543395368, 51.1584191252], [-0.154340663333333, 51.15841004222222], [-0.154341918133333, 51.15840084342222], [-0.1543433012, 51.1583915288], [-0.154344812533333, 51.15838209835556], [-0.154346452133333, 51.15837255208889], [-0.15434822, 51.15836289]]}}, {"type": "Feature", "properties": {"name": "Linear Feature 2", "painted_line_type": "BROKEN_WHITE", "lighting_line_type": null}, "geometry": {"type": "LineString", "coordinates": [[-0.17207882, 51.14799025], [-0.1723413, 51.14795653], [-0.172362994266667, 51.14795360525038], [-0.172387345866667, 51.1479499253363], [-0.172414062, 51.147945589760006], [-0.172442849866667, 51.14794069802372], [-0.172473416666667, 51.14793534962965], [-0.1725054696, 51.14792964408], [-0.172538715866667, 51.147923680877035], [-0.172572862666667, 51.14791755952296], [-0.1726076172, 51.14791137952001], [-0.172642686666667, 51.14790524037037], [-0.172677778266667, 51.1478992415763], [-0.1727125992, 51.14789348264001], [-0.172746856666667, 51.147888063063704], [-0.172780257866667, 51.14788308234964], [-0.17281251, 51.14787864], [-0.17399401, 51.14772969], [-0.174010814266667, 51.147727248711114], [-0.1740262244, 51.14772420217777], [-0.1740402404, 51.1477205504], [-0.174052862266667, 51.14771629337778], [-0.17406409, 51.14771143111112], [-0.1740739236, 51.147705963599996], [-0.174082363066667, 51.14769989084445], [-0.1740894084, 51.147693212844445], [-0.1740950596, 51.1476859296], [-0.174099316666667, 51.147678041111114], [-0.1741021796, 51.14766954737778], [-0.1741036484, 51.1476604484], [-0.174103723066667, 51.14765074417778], [-0.1741024036, 51.14764043471112], [-0.17409969, 51.14762952], [-0.17405292, 51.14728048], [-0.174052250471111, 51.14726032805629], [-0.174054209102222, 51.14723930845038], [-0.17405838672, 51.14721758952001], [-0.174064374151111, 51.14719533960296], [-0.174071762222222, 51.14717272703704], [-0.17408014176, 51.147149920160004], [-0.174089103591111, 51.14712708730962], [-0.174098238542222, 51.1471043968237], [-0.17410713744, 51.147082017040006], [-0.174115391111111, 51.1470601162963], [-0.174122590382222, 51.14703886293037], [-0.17412832608, 51.14701842528], [-0.174132189031111, 51.14699897168296], [-0.174133770062222, 51.146980670477035], [-0.17413266, 51.14696369], [-0.17410438, 51.14683137], [-0.174102715244444, 51.14682606715556], [-0.174100547644444, 51.14682060662223], [-0.1740978772, 51.1468149884], [-0.174094703911111, 51.14680921248889], [-0.174091027777778, 51.146803278888896], [-0.1740868488, 51.146797187599994], [-0.174082166977778, 51.14679093862222], [-0.174076982311111, 51.14678453195556], [-0.1740712948, 51.1467779676], [-0.174065104444444, 51.146771245555556], [-0.174058411244444, 51.14676436582222], [-0.1740512152, 51.1467573284], [-0.174043516311111, 51.14675013328889], [-0.174035314577778, 51.146742780488886], [-0.17402661, 51.14673527], [-0.1739724, 51.14667909], [-0.17393904, 51.14645061]]}}, {"type": "Feature", "properties": {"name": "Linear Feature 2", "painted_line_type": "BROKEN_WHITE", "lighting_line_type": null}, "geometry": {"type": "LineString", "coordinates": [[-0.17389983, 51.14645246], [-0.173897840500741, 51.14643895194371], [-0.173894993739259, 51.1464251854163], [-0.17389143032, 51.14641119288001], [-0.173887290847407, 51.14639700679705], [-0.173882715925926, 51.146382659629644], [-0.17387784616, 51.14636818384], [-0.173872822154074, 51.146353611890376], [-0.173867784512593, 51.14633897624296], [-0.17386287384, 51.14632430936001], [-0.173858230740741, 51.14630964370371], [-0.173853995819259, 51.1462950117363], [-0.17385030968, 51.146280445920006], [-0.173847312927407, 51.14626597871704], [-0.173845146165926, 51.14625164258964], [-0.17384395, 51.14623747]]}}, {"type": "Feature", "properties": {"name": "Linear Feature 2", "painted_line_type": "BROKEN_WHITE", "lighting_line_type": null}, "geometry": {"type": "LineString", "coordinates": [[-0.17390616, 51.14619191], [-0.17403931, 51.1461862], [-0.17389717, 51.14613518]]}}, {"type": "Feature", "properties": {"name": "Linear Feature 2", "painted_line_type": "BROKEN_WHITE", "lighting_line_type": null}, "geometry": {"type": "LineString", "coordinates": [[-0.17382255, 51.14612668], [-0.173822701022222, 51.146120351822226], [-0.173822898088889, 51.146114263288894], [-0.1738231412, 51.14610841440001], [-0.173823430355556, 51.146102805155564], [-0.173823765555556, 51.14609743555556], [-0.1738241468, 51.1460923056], [-0.173824574088889, 51.14608741528889], [-0.173825047422222, 51.14608276462223], [-0.1738255668, 51.146078353600004], [-0.173826132222222, 51.14607418222222], [-0.173826743688889, 51.14607025048889], [-0.1738274012, 51.1460665584], [-0.173828104755556, 51.146063105955555], [-0.173828854355556, 51.14605989315555], [-0.17382965, 51.14605692], [-0.17386658, 51.14586228], [-0.17385238, 51.14586263], [-0.17382112, 51.14601699], [-0.173819407777778, 51.14602539591111], [-0.173817953777778, 51.14603364564444], [-0.173816758, 51.14604173920001], [-0.173815820444444, 51.14604967657778], [-0.173815141111111, 51.146057457777786], [-0.17381472, 51.1460650828], [-0.173814557111111, 51.146072551644444], [-0.173814652444444, 51.14607986431111], [-0.173815006, 51.1460870208], [-0.173815617777778, 51.14609402111111], [-0.173816487777778, 51.14610086524444], [-0.173817616, 51.146107553200004], [-0.173819002444444, 51.146114084977775], [-0.173820647111111, 51.146120460577784], [-0.17382255, 51.14612668], [-0.16989462, 51.14624876]]}}, {"type": "Feature", "properties": {"name": "Linear Feature 2", "painted_line_type": "BROKEN_WHITE", "lighting_line_type": null}, "geometry": {"type": "LineString", "coordinates": [[-0.17000059, 51.14623816], [-0.17009536, 51.14670246], [-0.170102503022222, 51.146736166400004], [-0.170109006755556, 51.14676845626666], [-0.1701148712, 51.14679932960001], [-0.170120096355556, 51.14682878640001], [-0.170124682222222, 51.14685682666668], [-0.1701286288, 51.1468834504], [-0.170131936088889, 51.146908657599994], [-0.170134604088889, 51.14693244826667], [-0.1701366328, 51.1469548224], [-0.170138022222222, 51.14697578], [-0.170138772355556, 51.14699532106667], [-0.1701388832, 51.1470134456], [-0.170138354755556, 51.14703015359999], [-0.170137187022222, 51.14704544506667], [-0.17013538, 51.14705932], [-0.170137213066667, 51.14704421742222], [-0.170138784266667, 51.147031272355555], [-0.1701400936, 51.1470204848], [-0.170141141066667, 51.14701185475555], [-0.170141926666667, 51.14700538222222], [-0.1701424504, 51.147001067199994], [-0.170142712266667, 51.14699890968889], [-0.1701424504, 51.147001067199994], [-0.170141926666667, 51.14700538222222], [-0.170141141066667, 51.14701185475555], [-0.1701400936, 51.1470204848], [-0.170138784266667, 51.14703127235555], [-0.170137213066667, 51.14704421742222], [-0.17013538, 51.14705932], [-0.170132577377778, 51.14707519582222], [-0.170128097511111, 51.147090460622216], [-0.1701219404, 51.147105114400006], [-0.170114106044444, 51.14711915715556], [-0.170104594444444, 51.14713258888889], [-0.1700934056, 51.1471454096], [-0.170080539511111, 51.14715761928889], [-0.170065996177778, 51.14716921795556], [-0.1700497756, 51.1471802056], [-0.170031877777778, 51.14719058222222], [-0.170012302711111, 51.14720034782222], [-0.1699910504, 51.1472095024], [-0.169968120844444, 51.147218045955555], [-0.169943514044444, 51.1472259784889], [-0.16991723, 51.1472333]]}}, {"type": "Feature", "properties": {"name": "South Perimeter road", "painted_line_type": "BROKEN_WHITE", "lighting_line_type": null}, "geometry": {"type": "LineString", "coordinates": [[-0.16487326, 51.14879105], [-0.164878150444444, 51.14880355808889], [-0.164881504444444, 51.148815485022226], [-0.164883322, 51.148826830800004], [-0.164883603111111, 51.14883759542223], [-0.164882347777778, 51.1488477788889], [-0.164879556, 51.14885738120001], [-0.164875227777778, 51.14886640235556], [-0.164869363111111, 51.14887484235555], [-0.164861962, 51.1488827012], [-0.164853024444444, 51.14888997888889], [-0.164842550444444, 51.14889667542222], [-0.16483054, 51.14890279080001], [-0.164816993111111, 51.14890832502222], [-0.164801909777778, 51.14891327808889], [-0.16478529, 51.14891765], [-0.164768050533333, 51.148921600222224], [-0.164751108133333, 51.14892528822223], [-0.1647344628, 51.148928714], [-0.164718114533333, 51.148931877555555], [-0.164702063333333, 51.1489347788889], [-0.1646863092, 51.148937418], [-0.164670852133333, 51.14893979488889], [-0.164655692133333, 51.14894190955555], [-0.1646408292, 51.148943762], [-0.164626263333333, 51.14894535222223], [-0.164611994533333, 51.148946680222224], [-0.1645980228, 51.148947746], [-0.164584348133333, 51.148948549555556], [-0.164570970533333, 51.14894909088889], [-0.16455789, 51.14894937], [-0.16416401, 51.14896607], [-0.164147383155556, 51.148967722533335], [-0.164131331955556, 51.14896958946667], [-0.1641158564, 51.14897167080001], [-0.164100956488889, 51.14897396653333], [-0.164086632222222, 51.148976476666675], [-0.1640728836, 51.1489792012], [-0.164059710622222, 51.148982140133334], [-0.164047113288889, 51.148985293466666], [-0.1640350916, 51.14898866120001], [-0.164023645555556, 51.14899224333333], [-0.164012775155556, 51.14899603986667], [-0.1640024804, 51.1490000508], [-0.163992761288889, 51.14900427613333], [-0.163983617822222, 51.14900871586667], [-0.16397505, 51.14901337], [-0.16380451, 51.14911841], [-0.1637902936, 51.14912873097778], [-0.163775753733333, 51.149138568577776], [-0.1637608904, 51.149147922800005], [-0.1637457036, 51.14915679364445], [-0.163730193333333, 51.14916518111111], [-0.1637143596, 51.14917308519999], [-0.1636982024, 51.14918050591111], [-0.163681721733333, 51.14918744324444], [-0.1636649176, 51.1491938972], [-0.16364779, 51.14919986777778], [-0.163630338933333, 51.149205354977774], [-0.1636125644, 51.149210358800005], [-0.1635944664, 51.14921487924445], [-0.163576044933333, 51.149218916311106], [-0.1635573, 51.14922247], [-0.16328013, 51.14926844], [-0.16269621, 51.14950499], [-0.16225064, 51.14948103]]}}, {"type": "Feature", "properties": {"name": "South Perimeter road", "painted_line_type": "BROKEN_WHITE", "lighting_line_type": null}, "geometry": {"type": "LineString", "coordinates": [[-0.16226703, 51.14935539], [-0.16265585, 51.14935926], [-0.162686445377778, 51.14935892604444], [-0.162718615511111, 51.14935777484445], [-0.1627523604, 51.14935580640001], [-0.162787680044444, 51.14935302071111], [-0.162824574444444, 51.14934941777778], [-0.1628630436, 51.1493449976], [-0.162903087511111, 51.149339760177774], [-0.162944706177778, 51.14933370551111], [-0.1629878996, 51.1493268336], [-0.163032667777778, 51.14931914444445], [-0.163079010711111, 51.14931063804445], [-0.1631269284, 51.149301314400006], [-0.163176420844444, 51.149291173511116], [-0.163227488044444, 51.14928021537778], [-0.16328013, 51.14926844], [-0.16308787, 51.1492694]]}}, {"type": "Feature", "properties": {"name": "South Perimeter road", "painted_line_type": "BROKEN_WHITE", "lighting_line_type": null}, "geometry": {"type": "LineString", "coordinates": [[-0.16295207, 51.14929002], [-0.16294078, 51.14923817], [-0.162938092977778, 51.14922719302222], [-0.162934797244444, 51.14921662475555], [-0.1629308928, 51.14920646520001], [-0.162926379644444, 51.14919671435556], [-0.162921257777778, 51.14918737222222], [-0.1629155272, 51.1491784388], [-0.162909187911111, 51.149169914088894], [-0.162902239911111, 51.14916179808889], [-0.1628946832, 51.149154090799996], [-0.162886517777778, 51.149146792222226], [-0.162877743644444, 51.14913990235556], [-0.1628683608, 51.1491334212], [-0.162858369244444, 51.149127348755556], [-0.162847768977778, 51.14912168502222], [-0.16283656, 51.14911643], [-0.16328563, 51.14947554], [-0.163261262666667, 51.149488690888894], [-0.163238480666667, 51.149501634222226], [-0.163217284, 51.14951437000001], [-0.163197672666667, 51.14952689822223], [-0.163179646666667, 51.1495392188889], [-0.163163206, 51.149551332], [-0.163148350666667, 51.149563237555554], [-0.163135080666667, 51.14957493555555], [-0.163123396, 51.149586426], [-0.163113296666667, 51.14959770888889], [-0.163104782666667, 51.149608784222224], [-0.163097854, 51.149619652], [-0.163092510666667, 51.14963031222222], [-0.163088752666667, 51.14964076488889], [-0.16308658, 51.14965101], [-0.16301504, 51.15033835], [-0.163013089555556, 51.150352514266665], [-0.163010107555556, 51.15036635906667], [-0.163006094, 51.1503798844], [-0.163001048888889, 51.15039309026667], [-0.162994972222222, 51.15040597666667], [-0.162987864, 51.1504185436], [-0.162979724222222, 51.15043079106667], [-0.162970552888889, 51.15044271906667], [-0.16296035, 51.1504543276], [-0.162949115555556, 51.150465616666665], [-0.162936849555556, 51.15047658626667], [-0.162923552, 51.150487236400004], [-0.162909222888889, 51.150497567066665], [-0.162893862222222, 51.15050757826667], [-0.16287747, 51.15051727]]}}, {"type": "Feature", "properties": {"name": "South Perimeter road", "painted_line_type": "BROKEN_WHITE", "lighting_line_type": null}, "geometry": {"type": "LineString", "coordinates": [[-0.16269058, 51.1506268], [-0.16249836, 51.15074135], [-0.162478281555556, 51.150753495955556], [-0.162459494222222, 51.15076553648889], [-0.162441998, 51.15077747160001], [-0.162425792888889, 51.150789301288896], [-0.162410878888889, 51.150801025555566], [-0.162397256, 51.150812644400006], [-0.162384924222222, 51.15082415782222], [-0.162373883555556, 51.15083556582222], [-0.162364134, 51.150846868399995], [-0.162355675555556, 51.15085806555555], [-0.162348508222222, 51.15086915728889], [-0.162342632, 51.150880143600006], [-0.162338046888889, 51.15089102448889], [-0.162334752888889, 51.15090179995556], [-0.16233275, 51.15091247], [-0.16230742, 51.15157375], [-0.162307068888889, 51.15158177964444], [-0.162307162222222, 51.15158976191111], [-0.1623077, 51.151597696799996], [-0.162308682222222, 51.15160558431111], [-0.162310108888889, 51.15161342444445], [-0.16231198, 51.151621217199995], [-0.162314295555556, 51.151628962577774], [-0.162317055555556, 51.15163666057778], [-0.16232026, 51.1516443112], [-0.162323908888889, 51.15165191444444], [-0.162328002222222, 51.15165947031112], [-0.16233254, 51.1516669788], [-0.162337522222222, 51.15167443991111], [-0.162342948888889, 51.15168185364445], [-0.16234882, 51.15168922], [-0.16243975, 51.15179588], [-0.162446718488889, 51.151803057600006], [-0.162453050622222, 51.15181045973335], [-0.1624587464, 51.15181808640001], [-0.162463805822222, 51.15182593760001], [-0.162468228888889, 51.15183401333334], [-0.1624720156, 51.15184231360001], [-0.162475165955556, 51.1518508384], [-0.162477679955556, 51.15185958773334], [-0.1624795576, 51.151868561600004], [-0.162480798888889, 51.15187776], [-0.162481403822222, 51.15188718293334], [-0.1624813724, 51.15189683040001], [-0.162480704622222, 51.151906702400005], [-0.162479400488889, 51.15191679893334], [-0.16247746, 51.15192712], [-0.16237403, 51.15237979], [-0.162364914266667, 51.15240623422222], [-0.162359649733333, 51.15243152422222], [-0.1623582364, 51.15245566], [-0.162360674266667, 51.15247864155556], [-0.162366963333333, 51.152500468888896], [-0.1623771036, 51.152521142], [-0.162391095066667, 51.15254066088889], [-0.162408937733333, 51.15255902555556], [-0.1624306316, 51.152576236], [-0.162456176666667, 51.152592292222224], [-0.162485572933333, 51.15260719422223], [-0.1625188204, 51.152620942], [-0.162555919066667, 51.152633535555566], [-0.162596868933333, 51.15264497488889], [-0.16264167, 51.15265526], [-0.16333151, 51.15271177], [-0.163345611822222, 51.152713182177784], [-0.163359279955556, 51.15271484271111], [-0.1633725144, 51.1527167516], [-0.163385315155556, 51.15271890884445], [-0.163397682222222, 51.152721314444456], [-0.1634096156, 51.1527239684], [-0.163421115288889, 51.15272687071111], [-0.163432181288889, 51.152730021377785], [-0.1634428136, 51.1527334204], [-0.163453012222222, 51.15273706777778], [-0.163462777155556, 51.15274096351111], [-0.1634721084, 51.1527451076], [-0.163481005955556, 51.15274950004444], [-0.163489469822222, 51.15275414084444], [-0.1634975, 51.15275903], [-0.16358832, 51.1528207], [-0.16241517, 51.15196649]]}}, {"type": "Feature", "properties": {"name": "South Perimeter road", "painted_line_type": "BROKEN_WHITE", "lighting_line_type": null}, "geometry": {"type": "LineString", "coordinates": [[-0.16236499, 51.15258673], [-0.16237024221037, 51.152591788743706], [-0.162376461816296, 51.15259734421629], [-0.16238354528, 51.15260329928001], [-0.162391389063704, 51.152609556797046], [-0.16239988962963, 51.15261601962964], [-0.16240894344, 51.15262259064], [-0.162418446957037, 51.15262917269037], [-0.162428296642963, 51.15263566864296], [-0.16243838896, 51.152641981360006], [-0.16244862037037, 51.152648013703704], [-0.162458887336296, 51.15265366853629], [-0.16246908632, 51.15265884872], [-0.162479113783704, 51.152663457117036], [-0.16248886618963, 51.15266739658962], [-0.16249824, 51.15267057]]}}, {"type": "Feature", "properties": {"name": "South Perimeter road", "painted_line_type": "SHORT_BROKEN_WHITE", "lighting_line_type": null}, "geometry": {"type": "LineString", "coordinates": [[-0.16524551, 51.15658988], [-0.1652428948, 51.1565889128], [-0.165239827866667, 51.1565880992], [-0.1652363092, 51.1565874392], [-0.1652323388, 51.1565869328], [-0.165227916666667, 51.15658658], [-0.1652230428, 51.15658638080001], [-0.1652177172, 51.1565863352], [-0.165211939866667, 51.1565864432], [-0.1652057108, 51.156586704800006], [-0.16519903, 51.15658712], [-0.165191897466667, 51.1565876888], [-0.1651843132, 51.1565884112], [-0.1651762772, 51.1565892872], [-0.165167789466667, 51.15659031679999], [-0.16515885, 51.1565915]]}}, {"type": "Feature", "properties": {"name": "Roads east of satellite", "painted_line_type": "BROKEN_WHITE", "lighting_line_type": null}, "geometry": {"type": "LineString", "coordinates": [[-0.16249826, 51.15826967], [-0.16258555, 51.15838275]]}}, {"type": "Feature", "properties": {"name": "Roads east of satellite", "painted_line_type": "BROKEN_WHITE", "lighting_line_type": null}, "geometry": {"type": "LineString", "coordinates": [[-0.16137465, 51.15763699], [-0.161379127911111, 51.15768988208889], [-0.161383806977778, 51.157740822355564], [-0.1613886872, 51.157789810800004], [-0.161393768577778, 51.157836847422224], [-0.161399051111111, 51.15788193222223], [-0.1614045348, 51.157925065200004], [-0.161410219644444, 51.15796624635556], [-0.161416105644444, 51.15800547568889], [-0.1614221928, 51.1580427532], [-0.161428481111111, 51.15807807888889], [-0.161434970577778, 51.158111452755556], [-0.1614416612, 51.158142874800006], [-0.161448552977778, 51.15817234502222], [-0.161455645911111, 51.158199863422226], [-0.16146294, 51.15822543], [-0.161465862933333, 51.158242477600005], [-0.1614708824, 51.158258375066666], [-0.1614779984, 51.158273122400004], [-0.161487210933333, 51.1582867196], [-0.16149852, 51.15829916666667], [-0.1615119256, 51.158310463599996], [-0.161527427733333, 51.1583206104], [-0.1615450264, 51.15832960706667], [-0.1615647216, 51.1583374536], [-0.161586513333333, 51.15834415], [-0.1616104016, 51.15834969626666], [-0.1616363864, 51.1583540924], [-0.161664467733333, 51.1583573384], [-0.1616946456, 51.158359434266664], [-0.16172692, 51.15836038], [-0.161755454888889, 51.15836113346666], [-0.161783483555556, 51.158362527200005], [-0.161811006, 51.1583645612], [-0.161838022222222, 51.15836723546667], [-0.161864532222222, 51.15837055], [-0.161890536, 51.1583745048], [-0.161916033555556, 51.158379099866664], [-0.161941024888889, 51.1583843352], [-0.16196551, 51.1583902108], [-0.161989488888889, 51.158396726666666], [-0.162012961555556, 51.1584038828], [-0.162035928, 51.1584116792], [-0.162058388222222, 51.15842011586667], [-0.162080342222222, 51.1584291928], [-0.16210179, 51.15843891], [-0.16223613, 51.15849359], [-0.162246041466667, 51.15849748244444], [-0.1622560452, 51.15850100777778], [-0.1622661412, 51.158504166], [-0.162276329466667, 51.158506957111115], [-0.16228661, 51.15850938111111], [-0.1622969828, 51.158511438], [-0.162307447866667, 51.15851312777778], [-0.1623180052, 51.15851445044445], [-0.1623286548, 51.158515406], [-0.162339396666667, 51.15851599444444], [-0.1623502308, 51.15851621577778], [-0.1623611572, 51.15851607], [-0.162372175866667, 51.15851555711111], [-0.1623832868, 51.158514677111114], [-0.16239449, 51.15851343], [-0.16258555, 51.15838275], [-0.16249826, 51.15826967], [-0.16289529, 51.15872147], [-0.16316335, 51.15897629], [-0.16385918, 51.15754637]]}}, {"type": "Feature", "properties": {"name": "Roads to main' south", "painted_line_type": "BROKEN_WHITE", "lighting_line_type": null}, "geometry": {"type": "LineString", "coordinates": [[-0.16216484, 51.1554658], [-0.162145487333333, 51.15541149613333], [-0.162127498666667, 51.155358456533335], [-0.162110874, 51.1553066812], [-0.162095613333333, 51.15525617013334], [-0.162081716666667, 51.15520692333334], [-0.162069184, 51.1551589408], [-0.162058015333333, 51.155112222533326], [-0.162048210666667, 51.15506676853333], [-0.16203977, 51.1550225788], [-0.162032693333333, 51.15497965333333], [-0.162026980666667, 51.15493799213333], [-0.162022632, 51.1548975952], [-0.162019647333333, 51.154858462533326], [-0.162018026666667, 51.15482059413334], [-0.16201777, 51.15478399], [-0.16201789, 51.15432173]]}}, {"type": "Feature", "properties": {"name": "Roads to main' south", "painted_line_type": "BROKEN_WHITE", "lighting_line_type": null}, "geometry": {"type": "LineString", "coordinates": [[-0.16201671, 51.15416617], [-0.16201145, 51.151262], [-0.162011460755556, 51.15118383391111], [-0.162012199688889, 51.15110664231112], [-0.1620136668, 51.151030425200005], [-0.162015862088889, 51.15095518257779], [-0.162018785555556, 51.15088091444445], [-0.1620224372, 51.1508076208], [-0.162026817022222, 51.150735301644445], [-0.162031925022222, 51.15066395697778], [-0.1620377612, 51.1505935868], [-0.162044325555556, 51.15052419111111], [-0.162051618088889, 51.15045576991111], [-0.1620596388, 51.1503883232], [-0.162068387688889, 51.150321850977775], [-0.162077864755556, 51.150256353244444], [-0.16208807, 51.15019183], [-0.162101875911111, 51.15008713733333], [-0.162115362977778, 51.14998723533334], [-0.1621285312, 51.14989212400001], [-0.162141380577778, 51.14980180333333], [-0.162153911111111, 51.14971627333335], [-0.1621661228, 51.149635534], [-0.162178015644444, 51.149559585333336], [-0.162189589644444, 51.14948842733334], [-0.1622008448, 51.14942206], [-0.162211781111111, 51.14936048333334], [-0.162222398577778, 51.14930369733334], [-0.1622326972, 51.149251702000015], [-0.162242676977778, 51.14920449733334], [-0.162252337911111, 51.14916208333334], [-0.16226168, 51.14912446], [-0.162271243111111, 51.14908904840001], [-0.162281567111111, 51.14905326960001], [-0.162292652, 51.14901712360001], [-0.162304497777778, 51.14898061040001], [-0.162317104444444, 51.14894373], [-0.162330472, 51.1489064824], [-0.162344600444444, 51.1488688676], [-0.162359489777778, 51.148830885600006], [-0.16237514, 51.148792536399995], [-0.162391551111111, 51.14875382], [-0.162408723111111, 51.1487147364], [-0.162426656, 51.1486752856], [-0.162445349777778, 51.1486354676], [-0.162464804444444, 51.1485952824], [-0.16248502, 51.14855473], [-0.16266742, 51.14823975]]}}, {"type": "Feature", "properties": {"name": "Roads to main' south", "painted_line_type": "BROKEN_WHITE", "lighting_line_type": null}, "geometry": {"type": "LineString", "coordinates": [[-0.16286077, 51.14796886], [-0.162956213688889, 51.14785430008888], [-0.163056414088889, 51.147743521688895], [-0.1631613712, 51.14763652480001], [-0.163271085022222, 51.14753330942223], [-0.163385555555556, 51.14743387555555], [-0.1635047828, 51.147338223199995], [-0.163628766755556, 51.14724635235556], [-0.163757507422222, 51.14715826302223], [-0.1638910048, 51.1470739552], [-0.164029258888889, 51.14699342888889], [-0.164172269688889, 51.14691668408889], [-0.1643200372, 51.14684372080001], [-0.164472561422222, 51.146774539022225], [-0.164629842355556, 51.14670913875556], [-0.16479188, 51.14664752], [-0.164849586355556, 51.14662500862223], [-0.164908401422222, 51.14660391715556], [-0.1649683252, 51.14658424560001], [-0.165029357688889, 51.14656599395556], [-0.165091498888889, 51.14654916222222], [-0.1651547488, 51.1465337504], [-0.165219107422222, 51.146519758488886], [-0.165284574755556, 51.14650718648889], [-0.1653511508, 51.146496034399995], [-0.165418835555556, 51.14648630222223], [-0.165487629022222, 51.14647798995556], [-0.1655575312, 51.146471097600006], [-0.165628542088889, 51.14646562515556], [-0.165700661688889, 51.14646157262223], [-0.16577389, 51.14645894], [-0.165847879822222, 51.14645751702223], [-0.165922283955556, 51.14645709342223], [-0.1659971024, 51.14645766920001], [-0.166072335155556, 51.14645924435556], [-0.166147982222222, 51.14646181888889], [-0.1662240436, 51.1464653928], [-0.166300519288889, 51.14646996608889], [-0.166377409288889, 51.14647553875557], [-0.1664547136, 51.146482110799994], [-0.166532432222222, 51.146489682222224], [-0.166610565155556, 51.14649825302222], [-0.1666891124, 51.1465078232], [-0.166768073955556, 51.14651839275555], [-0.166847449822222, 51.146529961688884], [-0.16692724, 51.14654253], [-0.16694079, 51.14653866]]}}, {"type": "Feature", "properties": {"name": "Roads to main' south", "painted_line_type": "BROKEN_WHITE", "lighting_line_type": null}, "geometry": {"type": "LineString", "coordinates": [[-0.1671946, 51.14629906], [-0.16721147968, 51.14631390225779], [-0.167224274506667, 51.146331534328894], [-0.16723276816, 51.14635126816002], [-0.16723674432, 51.14637241569778], [-0.167235986666667, 51.1463942888889], [-0.16723027888, 51.146416199680004], [-0.16721940464, 51.14643746001777], [-0.167203147626667, 51.14645738184889], [-0.16718129152, 51.14647527712], [-0.16715362, 51.14649045777778], [-0.167119916746667, 51.146502235768885], [-0.16707996544, 51.14650992304], [-0.16703354976, 51.14651283153778], [-0.166980453386667, 51.14651027320889], [-0.16692046, 51.14650156], [-0.166848922977778, 51.1464886936], [-0.166778314577778, 51.1464768864], [-0.1667086348, 51.1464661384], [-0.166639883644444, 51.1464564496], [-0.166572061111111, 51.14644782], [-0.1665051672, 51.146440249600005], [-0.166439201911111, 51.146433738400006], [-0.166374165244444, 51.146428286399995], [-0.1663100572, 51.1464238936], [-0.166246877777778, 51.14642056], [-0.166184626977778, 51.1464182856], [-0.1661233048, 51.1464170704], [-0.166062911244444, 51.14641691440001], [-0.166003446311111, 51.1464178176], [-0.16594491, 51.14641978], [-0.165870616666667, 51.14641742551111], [-0.165806936666667, 51.14641540737778], [-0.16575387, 51.14641372560001], [-0.165711416666667, 51.146412380177786], [-0.165679576666667, 51.14641137111112], [-0.16565835, 51.146410698400004], [-0.165647736666667, 51.14641036204445], [-0.165647736666667, 51.14641036204445], [-0.16565835, 51.146410698400004], [-0.165679576666667, 51.14641137111112], [-0.165711416666667, 51.14641238017778], [-0.16575387, 51.146413725600006], [-0.165806936666667, 51.14641540737779], [-0.165870616666667, 51.14641742551112], [-0.16594491, 51.14641978]]}}, {"type": "Feature", "properties": {"name": "Roads to main' south", "painted_line_type": "BROKEN_WHITE", "lighting_line_type": null}, "geometry": {"type": "LineString", "coordinates": [[-0.16594491, 51.14641978], [-0.165875297333333, 51.14642051782223], [-0.165806406, 51.146422731288894], [-0.165738236, 51.146426420400005], [-0.165670787333333, 51.14643158515557], [-0.16560406, 51.146438225555556], [-0.165538054, 51.146446341600004], [-0.165472769333333, 51.14645593328889], [-0.165408206, 51.14646700062222], [-0.165344364, 51.146479543599995], [-0.165281243333333, 51.146493562222226], [-0.165218844, 51.146509056488895], [-0.165157166, 51.146526026400004], [-0.165096209333333, 51.14654447195556], [-0.165035974, 51.14656439315556], [-0.16497646, 51.14658579], [-0.16538584, 51.14654064]]}}, {"type": "Feature", "properties": {"name": "Roads to main' south", "painted_line_type": "BROKEN_WHITE", "lighting_line_type": null}, "geometry": {"type": "LineString", "coordinates": [[-0.16594834, 51.1467703], [-0.165984693777778, 51.14677403671111], [-0.166020659111111, 51.14677723351111], [-0.166056236, 51.14677989040001], [-0.166091424444444, 51.14678200737778], [-0.166126224444444, 51.14678358444445], [-0.166160636, 51.1467846216], [-0.166194659111111, 51.14678511884445], [-0.166228293777778, 51.14678507617777], [-0.16626154, 51.146784493599995], [-0.166294397777778, 51.14678337111111], [-0.166326867111111, 51.14678170871111], [-0.166358948, 51.146779506399994], [-0.166390640444444, 51.14677676417777], [-0.166421944444444, 51.146773482044445], [-0.16645286, 51.14676966], [-0.1667456, 51.14673627], [-0.16645286, 51.14676966], [-0.166417749466667, 51.14677187537778], [-0.166382889866667, 51.14677367884445], [-0.1663482812, 51.146775070400004], [-0.166313923466667, 51.14677605004445], [-0.166279816666667, 51.14677661777778], [-0.1662459608, 51.1467767736], [-0.166212355866667, 51.146776517511114], [-0.166179001866667, 51.146775849511116], [-0.1661458988, 51.1467747696], [-0.166113046666667, 51.14677327777778], [-0.166080445466667, 51.14677137404445], [-0.1660480952, 51.1467690584], [-0.166015995866667, 51.14676633084444], [-0.165984147466667, 51.14676319137778], [-0.16595255, 51.14675964], [-0.16672655, 51.14669907]]}}, {"type": "Feature", "properties": {"name": "Roads to main' south", "painted_line_type": "BROKEN_WHITE", "lighting_line_type": null}, "geometry": {"type": "LineString", "coordinates": [[-0.16593778, 51.1464838], [-0.16612736, 51.14648614]]}}, {"type": "Feature", "properties": {"name": "South terminal service roads", "painted_line_type": "BROKEN_WHITE", "lighting_line_type": null}, "geometry": {"type": "LineString", "coordinates": [[-0.16451592, 51.15915435], [-0.16394795, 51.15873583]]}}, {"type": "Feature", "properties": {"name": "South terminal service roads", "painted_line_type": "BROKEN_WHITE", "lighting_line_type": null}, "geometry": {"type": "LineString", "coordinates": [[-0.16375148, 51.15867573], [-0.163766247911111, 51.15868086813334], [-0.163781260977778, 51.1586865972], [-0.1637965192, 51.1586929172], [-0.163812022577778, 51.15869982813334], [-0.163827771111111, 51.15870733000001], [-0.1638437648, 51.1587154228], [-0.163860003644444, 51.158724106533334], [-0.163876487644444, 51.158733381199994], [-0.1638932168, 51.1587432468], [-0.163910191111111, 51.15875370333333], [-0.163927410577778, 51.158764750799996], [-0.1639448752, 51.1587763892], [-0.163962584977778, 51.158788618533336], [-0.163980539911111, 51.1588014388], [-0.16399874, 51.15881485], [-0.16415894, 51.15893314]]}}, {"type": "Feature", "properties": {"name": "South terminal service roads", "painted_line_type": "BROKEN_WHITE", "lighting_line_type": null}, "geometry": {"type": "LineString", "coordinates": [[-0.16424061, 51.15912575], [-0.1639978, 51.15925011], [-0.16404353, 51.15928463]]}}, {"type": "Feature", "properties": {"name": "South terminal service roads", "painted_line_type": "BROKEN_WHITE", "lighting_line_type": null}, "geometry": {"type": "LineString", "coordinates": [[-0.16386643, 51.15929793], [-0.163854059866667, 51.15930216146667], [-0.163841992133333, 51.15930595186667], [-0.1638302268, 51.159309301200004], [-0.163818763866667, 51.15931220946668], [-0.163807603333333, 51.159314676666675], [-0.1637967452, 51.1593167028], [-0.163786189466667, 51.15931828786667], [-0.163775936133333, 51.15931943186666], [-0.1637659852, 51.1593201348], [-0.163756336666667, 51.15932039666667], [-0.163746990533333, 51.159320217466664], [-0.1637379468, 51.1593195972], [-0.163729205466667, 51.15931853586666], [-0.163720766533333, 51.15931703346667], [-0.16371263, 51.15931509], [-0.16345848, 51.15917423], [-0.163379764577778, 51.159113457555556], [-0.163302330311111, 51.15905106555555], [-0.1632261772, 51.158987054], [-0.163151305244444, 51.158921422888895], [-0.163077714444444, 51.15885417222223], [-0.1630054048, 51.158785302], [-0.162934376311111, 51.15871481222223], [-0.162864628977778, 51.15864270288889], [-0.1627961628, 51.158568974], [-0.162728977777778, 51.158493625555565], [-0.162663073911111, 51.15841665755555], [-0.1625984512, 51.15833807], [-0.162535109644444, 51.15825786288889], [-0.162473049244444, 51.15817603622222], [-0.16241227, 51.15809259], [-0.162435899511111, 51.15811912777778], [-0.162456153377778, 51.158141874444446], [-0.1624730316, 51.158160830000014], [-0.162486534177778, 51.158175994444456], [-0.162496661111111, 51.15818736777779], [-0.1625034124, 51.15819495], [-0.162506788044444, 51.15819874111112], [-0.162506788044444, 51.158198741111114], [-0.1625034124, 51.15819495], [-0.162496661111111, 51.158187367777785], [-0.162486534177778, 51.15817599444445], [-0.1624730316, 51.158160830000014], [-0.162456153377778, 51.158141874444446], [-0.162435899511111, 51.15811912777778], [-0.16241227, 51.15809259], [-0.162386679155556, 51.15806238435556], [-0.162360541288889, 51.15802863408889], [-0.1623338564, 51.15799133920001], [-0.162306624488889, 51.1579504996889], [-0.162278845555556, 51.15790611555556], [-0.1622505196, 51.1578581868], [-0.162221646622222, 51.157806713422225], [-0.162192226622222, 51.15775169542223], [-0.1621622596, 51.157693132800006], [-0.162131745555556, 51.15763102555556], [-0.162100684488889, 51.15756537368889], [-0.1620690764, 51.1574961772], [-0.162036921288889, 51.15742343608889], [-0.162004219155556, 51.15734715035556], [-0.16197097, 51.15726732], [-0.16181422, 51.15676882], [-0.16192361, 51.15675424]]}}, {"type": "Feature", "properties": {"name": "South terminal service roads", "painted_line_type": "BROKEN_WHITE", "lighting_line_type": null}, "geometry": {"type": "LineString", "coordinates": [[-0.16272289, 51.15828032], [-0.162764475466667, 51.15832847515556], [-0.1628054132, 51.15837506862223], [-0.1628457032, 51.15842010040001], [-0.162885345466667, 51.15846357048889], [-0.16292434, 51.1585054788889], [-0.1629626868, 51.15854582560001], [-0.163000385866667, 51.15858461062223], [-0.1630374372, 51.15862183395555], [-0.1630738408, 51.158657495599996], [-0.163109596666667, 51.15869159555555], [-0.1631447048, 51.158724133822226], [-0.1631791652, 51.1587551104], [-0.163212977866667, 51.158784525288894], [-0.1632461428, 51.15881237848889], [-0.16327866, 51.15883867], [-0.163257511911111, 51.15882042146667], [-0.163239384977778, 51.15880477986667], [-0.1632242792, 51.15879174520001], [-0.163212194577778, 51.15878131746667], [-0.163203131111111, 51.15877349666668], [-0.1631970888, 51.15876828280001], [-0.163194067644444, 51.15876567586667], [-0.163194067644444, 51.158765675866675], [-0.1631970888, 51.15876828280001], [-0.163203131111111, 51.15877349666667], [-0.163212194577778, 51.15878131746667], [-0.1632242792, 51.158791745200006], [-0.163239384977778, 51.15880477986667], [-0.163257511911111, 51.15882042146667], [-0.16327866, 51.15883867], [-0.163301830044444, 51.158858482755555], [-0.163326022844444, 51.15887881702222], [-0.1633512384, 51.158899672800004], [-0.163377476711111, 51.15892105008889], [-0.163404737777778, 51.15894294888889], [-0.1634330216, 51.1589653692], [-0.163462328177778, 51.15898831102222], [-0.163492657511111, 51.159011774355555], [-0.1635240096, 51.159035759199995], [-0.163556384444444, 51.15906026555555], [-0.163589782044444, 51.15908529342222], [-0.1636242024, 51.159110842800004], [-0.163659645511111, 51.15913691368889], [-0.163696111377778, 51.15916350608889], [-0.1637336, 51.15919062], [-0.16380623, 51.15915014]]}}, {"type": "Feature", "properties": {"name": "South terminal service roads", "painted_line_type": "BROKEN_WHITE", "lighting_line_type": null}, "geometry": {"type": "LineString", "coordinates": [[-0.16455026, 51.15809727], [-0.16438019, 51.1578756], [-0.16454533, 51.15816103], [-0.164512688222222, 51.15811593453334], [-0.164481925555556, 51.1580735868], [-0.164453042, 51.158033986800014], [-0.164426037555556, 51.15799713453334], [-0.164400912222222, 51.15796303], [-0.164377666, 51.157931673200004], [-0.164356298888889, 51.157903064133336], [-0.164336810888889, 51.1578772028], [-0.164319202, 51.15785408919999], [-0.164303472222222, 51.15783372333333], [-0.164289621555556, 51.1578161052], [-0.16427765, 51.157801234800004], [-0.164267557555556, 51.15778911213333], [-0.164259344222222, 51.1577797372], [-0.16425301, 51.15777311], [-0.164247567511111, 51.15776784826667], [-0.164242029377778, 51.157762569733336], [-0.1642363956, 51.157757274400005], [-0.164230666177778, 51.15775196226669], [-0.164224841111111, 51.15774663333333], [-0.1642189204, 51.157741287600004], [-0.164212904044444, 51.15773592506666], [-0.164206792044444, 51.15773054573334], [-0.1642005844, 51.1577251496], [-0.164194281111111, 51.157719736666664], [-0.164187882177778, 51.157714306933336], [-0.1641813876, 51.15770886040001], [-0.164174797377778, 51.15770339706667], [-0.164168111511111, 51.15769791693333], [-0.16416133, 51.15769242], [-0.164171268133333, 51.15770078888889], [-0.164179786533333, 51.15770796222222], [-0.1641868852, 51.15771394], [-0.164192564133333, 51.15771872222223], [-0.164196823333333, 51.15772230888889], [-0.1641996628, 51.15772469999999], [-0.164201082533333, 51.15772589555556], [-0.164201082533333, 51.157725895555544], [-0.1641996628, 51.15772469999999], [-0.164196823333333, 51.15772230888888], [-0.164192564133333, 51.157718722222214], [-0.1641868852, 51.15771394], [-0.164179786533333, 51.15770796222222], [-0.164171268133333, 51.15770078888889], [-0.16416133, 51.15769242], [-0.164150616266667, 51.15768380786667], [-0.164139771066667, 51.1576759048], [-0.1641287944, 51.1576687108], [-0.164117686266667, 51.15766222586667], [-0.164106446666667, 51.15765645], [-0.1640950756, 51.157651383200005], [-0.164083573066667, 51.15764702546667], [-0.164071939066667, 51.15764337680001], [-0.1640601736, 51.1576404372], [-0.164048276666667, 51.157638206666675], [-0.164036248266667, 51.1576366852], [-0.1640240884, 51.1576358728], [-0.164011797066667, 51.15763576946667], [-0.163999374266667, 51.157636375200006], [-0.16398682, 51.15763769], [-0.16284741, 51.15753494], [-0.16269533, 51.15704648]]}}, {"type": "Feature", "properties": {"name": "South terminal service roads", "painted_line_type": "BROKEN_WHITE", "lighting_line_type": null}, "geometry": {"type": "LineString", "coordinates": [[-0.16517586, 51.15794824], [-0.16532271, 51.15792924], [-0.16495535, 51.15807737]]}}, {"type": "Feature", "properties": {"name": "South terminal service roads", "painted_line_type": "BROKEN_WHITE", "lighting_line_type": null}, "geometry": {"type": "LineString", "coordinates": [[-0.17846912, 51.15869475], [-0.17295895, 51.15945139], [-0.172923726088889, 51.15945685715556], [-0.172890745022222, 51.15946310928889], [-0.1728600068, 51.159470146400004], [-0.172831511422222, 51.1594779684889], [-0.172805258888889, 51.15948657555556], [-0.1727812492, 51.159495967599995], [-0.172759482355556, 51.15950614462222], [-0.172739958355556, 51.159517106622225], [-0.1727226772, 51.15952885360001], [-0.172707638888889, 51.159541385555556], [-0.172694843422222, 51.15955470248889], [-0.1726842908, 51.159568804399996], [-0.172675981022222, 51.15958369128889], [-0.172669914088889, 51.15959936315555], [-0.17266609, 51.15961582], [-0.172656633466667, 51.15957514035556], [-0.172648527866667, 51.15954027208889], [-0.1726417732, 51.159511215200006], [-0.172636369466667, 51.15948796968889], [-0.172632316666667, 51.15947053555556], [-0.1726296148, 51.1594589128], [-0.172628263866667, 51.15945310142222], [-0.172628263866667, 51.159453101422216], [-0.1726296148, 51.159458912800005], [-0.172632316666667, 51.159470535555556], [-0.172636369466667, 51.15948796968888], [-0.1726417732, 51.1595112152], [-0.172648527866667, 51.15954027208889], [-0.172656633466667, 51.15957514035556], [-0.17266609, 51.15961582], [-0.1726743676, 51.15965889733334], [-0.1726789364, 51.15970095866666], [-0.1726797964, 51.159742004000016], [-0.1726769476, 51.159782033333336], [-0.17267039, 51.15982104666667], [-0.1726601236, 51.159859044], [-0.1726461484, 51.15989602533333], [-0.1726284644, 51.15993199066668], [-0.1726070716, 51.15996694], [-0.17258197, 51.16000087333333], [-0.1725531596, 51.16003379066666], [-0.1725206404, 51.160065692], [-0.1724844124, 51.160096577333334], [-0.1724444756, 51.160126446666666], [-0.17240083, 51.1601553]]}}, {"type": "Feature", "properties": {"name": "South terminal service roads", "painted_line_type": "BROKEN_WHITE", "lighting_line_type": null}, "geometry": {"type": "LineString", "coordinates": [[-0.16493593, 51.15742357], [-0.164932782, 51.15741251982222], [-0.164929647333333, 51.157401134622226], [-0.164926526, 51.15738941440001], [-0.164923418, 51.157377359155575], [-0.164920323333333, 51.15736496888889], [-0.164917242, 51.1573522436], [-0.164914174, 51.15733918328889], [-0.164911119333333, 51.15732578795556], [-0.164908078, 51.1573120576], [-0.16490505, 51.157297992222226], [-0.164902035333333, 51.15728359182222], [-0.164899034, 51.1572688564], [-0.164896046, 51.157253785955554], [-0.164893071333333, 51.15723838048889], [-0.16489011, 51.15722264], [-0.164894342355556, 51.15721981262222], [-0.164897970088889, 51.157217389155555], [-0.1649009932, 51.15721536960001], [-0.164903411688889, 51.15721375395557], [-0.164905225555556, 51.157212542222226], [-0.1649064348, 51.15721173440001], [-0.164907039422222, 51.15721133048889], [-0.1649064348, 51.1572117344], [-0.164905225555556, 51.157212542222226], [-0.164903411688889, 51.15721375395555], [-0.1649009932, 51.1572153696], [-0.164897970088889, 51.157217389155555], [-0.164894342355556, 51.15721981262223], [-0.16489011, 51.15722264], [-0.164885571111111, 51.157225620400006], [-0.164881023777778, 51.15722850293333], [-0.164876468, 51.157231287600005], [-0.164871903777778, 51.15723397440001], [-0.164867331111111, 51.157236563333335], [-0.16486275, 51.15723905440001], [-0.164858160444444, 51.1572414476], [-0.164853562444444, 51.15724374293333], [-0.164848956, 51.1572459404], [-0.164844341111111, 51.15724804], [-0.164839717777778, 51.157250041733334], [-0.164835086, 51.157251945599995], [-0.164830445777778, 51.1572537516], [-0.164825797111111, 51.157255459733335], [-0.16482114, 51.15725707], [-0.164810374311111, 51.15724899106666], [-0.164801146577778, 51.157242066266676], [-0.1647934568, 51.15723629560001], [-0.164787304977778, 51.15723167906667], [-0.164782691111111, 51.15722821666668], [-0.1647796152, 51.15722590840001], [-0.164778077244444, 51.157224754266664], [-0.1647796152, 51.157225908399994], [-0.164782691111111, 51.15722821666667], [-0.164787304977778, 51.15723167906667], [-0.1647934568, 51.1572362956], [-0.164801146577778, 51.15724206626667], [-0.164810374311111, 51.157248991066666], [-0.16482114, 51.15725707], [-0.164832415866667, 51.15726588893334], [-0.164843174133333, 51.157275033733335], [-0.1648534148, 51.1572845044], [-0.164863137866667, 51.15729430093334], [-0.164872343333333, 51.15730442333334], [-0.1648810312, 51.1573148716], [-0.164889201466667, 51.15732564573333], [-0.164896854133333, 51.15733674573333], [-0.1649039892, 51.157348171600006], [-0.164910606666667, 51.15735992333333], [-0.164916706533333, 51.157372000933336], [-0.1649222888, 51.1573844044], [-0.164927353466667, 51.15739713373333], [-0.164931900533333, 51.15741018893333], [-0.16493593, 51.15742357], [-0.1649837, 51.15741504]]}}, {"type": "Feature", "properties": {"name": "South terminal service roads", "painted_line_type": "SHORT_BROKEN_WHITE", "lighting_line_type": null}, "geometry": {"type": "LineString", "coordinates": [[-0.16675745, 51.15810193], [-0.16657085, 51.15805827], [-0.1669399, 51.15803145]]}}, {"type": "Feature", "properties": {"name": "Roads north term", "painted_line_type": "BROKEN_WHITE", "lighting_line_type": null}, "geometry": {"type": "LineString", "coordinates": [[-0.17473958, 51.1605444], [-0.17487766, 51.16095312], [-0.17491012, 51.1610492], [-0.17501764, 51.16136738], [-0.17503819, 51.16142821], [-0.17514819, 51.16175379], [-0.17508845, 51.16176313], [-0.17497171, 51.16144411], [-0.17493148, 51.16133622], [-0.17483508, 51.16105381], [-0.17480512, 51.16096605], [-0.17467447, 51.16058326], [-0.17455892, 51.16070789], [-0.17483022, 51.16146322], [-0.17486052, 51.16147353], [-0.17496959, 51.16188663]]}}, {"type": "Feature", "properties": {"name": "Linear Feature 5", "painted_line_type": "BROKEN_WHITE", "lighting_line_type": null}, "geometry": {"type": "LineString", "coordinates": [[-0.17509211, 51.16226563], [-0.175043825866667, 51.162266362311115], [-0.174997376133333, 51.16226583924444], [-0.1749527608, 51.162264060800005], [-0.174909979866667, 51.16226102697779], [-0.174869033333333, 51.16225673777779], [-0.1748299212, 51.16225119320001], [-0.174792643466667, 51.16224439324445], [-0.174757200133333, 51.16223633791111], [-0.1747235912, 51.162227027200004], [-0.174691816666667, 51.162216461111115], [-0.174661876533333, 51.16220463964444], [-0.1746337708, 51.162191562800004], [-0.174607499466667, 51.16217723057778], [-0.174583062533333, 51.16216164297778], [-0.17456046, 51.1621448], [-0.17468798, 51.16214587]]}}, {"type": "Feature", "properties": {"name": "Linear Feature 5", "painted_line_type": "BROKEN_WHITE", "lighting_line_type": null}, "geometry": {"type": "LineString", "coordinates": [[-0.17408315, 51.16193981], [-0.174057646622222, 51.161929008933335], [-0.174032899155556, 51.16191795773333], [-0.1740089076, 51.16190665640001], [-0.173985671955556, 51.161895104933336], [-0.173963192222222, 51.16188330333333], [-0.1739414684, 51.161871251600004], [-0.173920500488889, 51.161858949733336], [-0.173900288488889, 51.16184639773333], [-0.1738808324, 51.161833595599994], [-0.173862132222222, 51.16182054333333], [-0.173844187955556, 51.16180724093333], [-0.1738269996, 51.1617936884], [-0.173810567155556, 51.16177988573333], [-0.173794890622222, 51.161765832933334], [-0.17377997, 51.16175153], [-0.17353774, 51.1615185], [-0.17282195, 51.16189897], [-0.172856091377778, 51.16190031728889], [-0.172889302177778, 51.161900777822225], [-0.1729215824, 51.16190035160001], [-0.172952932044444, 51.16189903862223], [-0.172983351111111, 51.16189683888889], [-0.1730128396, 51.1618937524], [-0.173041397511111, 51.16188977915556], [-0.173069024844444, 51.161884919155554], [-0.1730957216, 51.16187917239999], [-0.173121487777778, 51.161872538888886], [-0.173146323377778, 51.16186501862222], [-0.1731702284, 51.1618566116], [-0.173193202844444, 51.16184731782222], [-0.173215246711111, 51.161837137288884], [-0.17323636, 51.16182607], [-0.173218798622222, 51.16183797448888], [-0.173199959822222, 51.16184898395556], [-0.1731798436, 51.1618590984], [-0.173158449955556, 51.161868317822226], [-0.173135778888889, 51.161876642222225], [-0.1731118304, 51.16188407159999], [-0.173086604488889, 51.16189060595555], [-0.173060101155556, 51.16189624528889], [-0.1730323204, 51.16190098959999], [-0.173003262222222, 51.16190483888889], [-0.172972926622222, 51.16190779315555], [-0.1729413136, 51.1619098524], [-0.172908423155556, 51.16191101662222], [-0.172874255288889, 51.16191128582222], [-0.17283881, 51.16191066], [-0.17323636, 51.16182607], [-0.173281204844444, 51.16179147862222], [-0.173320806044444, 51.16175745115556], [-0.1733551636, 51.161723987600006], [-0.173384277511111, 51.16169108795555], [-0.173408147777778, 51.16165875222223], [-0.1734267744, 51.161626980399994], [-0.173440157377778, 51.16159577248888], [-0.173448296711111, 51.16156512848889], [-0.1734511924, 51.1615350484], [-0.173448844444444, 51.16150553222222], [-0.173441252844444, 51.161476579955554], [-0.1734284176, 51.1614481916], [-0.173410338711111, 51.16142036715556], [-0.173387016177778, 51.16139310662222], [-0.17335845, 51.16136641], [-0.17305582, 51.16107052], [-0.17301411, 51.16105494], [-0.172960135066667, 51.16100238937778], [-0.1729164476, 51.16095201217778], [-0.1728830476, 51.16090380840001], [-0.172859935066667, 51.16085777804445], [-0.17284711, 51.16081392111112], [-0.1728445724, 51.1607722376], [-0.172852322266667, 51.16073272751111], [-0.1728703596, 51.160695390844445], [-0.1728986844, 51.160660227600005], [-0.172937296666667, 51.160627237777774], [-0.1729861964, 51.160596421377775], [-0.1730453836, 51.160567778399994], [-0.173114858266667, 51.16054130884445], [-0.1731946204, 51.16051701271112], [-0.17328467, 51.16049489], [-0.173257678, 51.160500132844454], [-0.173234542, 51.160504626711116], [-0.173215262, 51.16050837160001], [-0.173199838, 51.16051136751112], [-0.17318827, 51.16051361444446], [-0.173180558, 51.160515112400006], [-0.173176702, 51.16051586137779], [-0.173176702, 51.16051586137778], [-0.173180558, 51.160515112400006], [-0.17318827, 51.160513614444454], [-0.173199838, 51.16051136751111], [-0.173215262, 51.1605083716], [-0.173234542, 51.160504626711116], [-0.173257678, 51.16050013284445], [-0.17328467, 51.16049489], [-0.1733130864, 51.16048938680001], [-0.1733404956, 51.160484111866666], [-0.1733668976, 51.16047906520001], [-0.1733922924, 51.16047424680001], [-0.17341668, 51.16046965666666], [-0.1734400604, 51.1604652948], [-0.1734624336, 51.1604611612], [-0.1734837996, 51.160457255866675], [-0.1735041584, 51.1604535788], [-0.17352351, 51.16045013], [-0.1735418544, 51.16044690946667], [-0.1735591916, 51.160443917200006], [-0.1735755216, 51.1604411532], [-0.1735908444, 51.16043861746667], [-0.17360516, 51.16043631], [-0.1742763, 51.16034033], [-0.174287323555556, 51.16033899453333], [-0.174298868888889, 51.160337873466666], [-0.174310936, 51.16033696680001], [-0.174323524888889, 51.160336274533336], [-0.174336635555556, 51.16033579666667], [-0.174350268, 51.1603355332], [-0.174364422222222, 51.16033548413333], [-0.174379098222222, 51.160335649466674], [-0.174394296, 51.160336029199996], [-0.174410015555556, 51.160336623333336], [-0.174426256888889, 51.160337431866665], [-0.17444302, 51.160338454800005], [-0.174460304888889, 51.160339692133334], [-0.174478111555556, 51.160341143866674], [-0.17449644, 51.16034281], [-0.17462415, 51.16052562], [-0.174622895955556, 51.16051872706667], [-0.174621621822222, 51.160512189600006], [-0.1746203276, 51.160506007600006], [-0.174619013288889, 51.160500181066666], [-0.174617678888889, 51.16049471], [-0.1746163244, 51.160489594400005], [-0.174614949822222, 51.16048483426667], [-0.174613555155556, 51.1604804296], [-0.1746121404, 51.1604763804], [-0.174610705555556, 51.160472686666665], [-0.174609250622222, 51.1604693484], [-0.1746077756, 51.1604663656], [-0.174606280488889, 51.160463738266664], [-0.174604765288889, 51.1604614664], [-0.17460323, 51.16045955], [-0.174589507111111, 51.16044543884445], [-0.174574674444444, 51.16043255871111], [-0.174558732, 51.160420909600006], [-0.174541679777778, 51.16041049151112], [-0.174523517777778, 51.16040130444445], [-0.174504246, 51.16039334839999], [-0.174483864444444, 51.160386623377775], [-0.174462373111111, 51.16038112937778], [-0.174439772, 51.1603768664], [-0.174416061111111, 51.16037383444445], [-0.174391240444444, 51.16037203351111], [-0.17436531, 51.1603714636], [-0.174338269777778, 51.16037212471111], [-0.174310119777778, 51.16037401684445], [-0.17428086, 51.16037714], [-0.1736395, 51.16046182], [-0.173614267955556, 51.16046577595556], [-0.173589478488889, 51.16046977182223], [-0.1735651316, 51.16047380760001], [-0.173541227288889, 51.1604778832889], [-0.173517765555556, 51.16048199888889], [-0.1734947464, 51.160486154400004], [-0.173472169822222, 51.160490349822226], [-0.173450035822222, 51.160494585155554], [-0.1734283444, 51.1604988604], [-0.173407095555556, 51.160503175555554], [-0.173386289288889, 51.160507530622226], [-0.1733659256, 51.160511925600005], [-0.173346004488889, 51.16051636048889], [-0.173326525955556, 51.16052083528889], [-0.17330749, 51.16052535], [-0.173235777466667, 51.16054087133334], [-0.173171266533333, 51.160558454], [-0.1731139572, 51.160578098], [-0.173063849466667, 51.160599803333334], [-0.173020943333333, 51.16062357], [-0.1729852388, 51.160649398], [-0.172956735866667, 51.16067728733332], [-0.172935434533333, 51.160707237999986], [-0.1729213348, 51.16073925], [-0.172914436666667, 51.16077332333333], [-0.172914740133333, 51.16080945799999], [-0.1729222452, 51.160847654], [-0.172936951866667, 51.160887911333326], [-0.172958860133333, 51.16093023], [-0.17298797, 51.16097461], [-0.17306007, 51.16104302], [-0.17256438, 51.16069806], [-0.172558964266667, 51.16067189373334], [-0.172556861066667, 51.16064634960001], [-0.1725580704, 51.16062142760001], [-0.172562592266667, 51.16059712773335], [-0.172570426666667, 51.16057345], [-0.1725815736, 51.1605503944], [-0.172596033066667, 51.16052796093333], [-0.172613805066667, 51.16050614960001], [-0.1726348896, 51.160484960400005], [-0.172659286666667, 51.16046439333334], [-0.172686996266667, 51.1604444484], [-0.1727180184, 51.16042512560001], [-0.172752353066667, 51.160406424933335], [-0.172790000266667, 51.160388346400005], [-0.17283096, 51.16037089], [-0.172861443333333, 51.16035847675556], [-0.172890453333333, 51.160346727688896], [-0.17291799, 51.16033564280001], [-0.172944053333333, 51.1603252220889], [-0.172968643333333, 51.160315465555556], [-0.17299176, 51.1603063732], [-0.173013403333333, 51.16029794502222], [-0.173033573333333, 51.160290181022226], [-0.17305227, 51.16028308120001], [-0.173069493333333, 51.160276645555555], [-0.173085243333333, 51.160270874088894], [-0.17309952, 51.1602657668], [-0.173112323333333, 51.16026132368889], [-0.173123653333333, 51.16025754475556], [-0.17313351, 51.16025443], [-0.173142341111111, 51.1602515632], [-0.173150594444444, 51.16024852813333], [-0.17315827, 51.16024532480001], [-0.173165367777778, 51.1602419532], [-0.173171887777778, 51.16023841333333], [-0.17317783, 51.1602347052], [-0.173183194444444, 51.1602308288], [-0.173187981111111, 51.16022678413333], [-0.17319219, 51.160222571199995], [-0.173195821111111, 51.16021819], [-0.173198874444444, 51.16021364053333], [-0.17320135, 51.160208922799995], [-0.173203247777778, 51.160204036799996], [-0.173204567777778, 51.16019898253333], [-0.17320531, 51.16019376], [-0.1732043132, 51.16020756213333], [-0.1732034588, 51.16021939253333], [-0.1732027468, 51.16022925120001], [-0.1732021772, 51.16023713813334], [-0.17320175, 51.16024305333334], [-0.1732014652, 51.1602469968], [-0.1732013228, 51.160248968533324], [-0.1732013228, 51.16024896853333], [-0.1732014652, 51.1602469968], [-0.17320175, 51.16024305333333], [-0.1732021772, 51.160237138133326], [-0.1732027468, 51.16022925119999], [-0.1732034588, 51.160219392533335], [-0.1732043132, 51.16020756213334], [-0.17320531, 51.16019376], [-0.173206653244444, 51.16017891137778], [-0.173208546977778, 51.16016394151111], [-0.1732109912, 51.160148850400006], [-0.173213985911111, 51.16013363804445], [-0.173217531111111, 51.16011830444445], [-0.1732216268, 51.16010284960001], [-0.173226272977778, 51.16008727351111], [-0.173231469644444, 51.16007157617778], [-0.1732372168, 51.160055757600006], [-0.173243514444444, 51.160039817777786], [-0.173250362577778, 51.16002375671111], [-0.1732577612, 51.1600075744], [-0.173265710311111, 51.15999127084445], [-0.173274209911111, 51.15997484604444], [-0.17328326, 51.1599583], [-0.17450945, 51.16030534], [-0.17524508, 51.16020803], [-0.1755104, 51.16020692]]}}, {"type": "Feature", "properties": {"name": "Linear Feature 5", "painted_line_type": "BROKEN_WHITE", "lighting_line_type": null}, "geometry": {"type": "LineString", "coordinates": [[-0.17579611, 51.16019968], [-0.175823415288889, 51.16019680871111], [-0.175849955155556, 51.16019489351111], [-0.1758757296, 51.16019393440001], [-0.175900738622222, 51.160193931377776], [-0.175924982222222, 51.160194884444444], [-0.1759484604, 51.1601967936], [-0.175971173155556, 51.16019965884444], [-0.175993120488889, 51.16020348017778], [-0.1760143024, 51.160208257600004], [-0.176034718888889, 51.16021399111111], [-0.176054369955556, 51.16022068071111], [-0.1760732556, 51.1602283264], [-0.176091375822222, 51.16023692817778], [-0.176108730622222, 51.16024648604445], [-0.17612532, 51.160257], [-0.1761042604, 51.16024207031111], [-0.176083004266667, 51.16022832657778], [-0.1760615516, 51.160215768800015], [-0.1760399024, 51.16020439697779], [-0.176018056666667, 51.16019421111111], [-0.1759960144, 51.1601852112], [-0.1759737756, 51.16017739724445], [-0.175951340266667, 51.160170769244445], [-0.1759287084, 51.160165327200005], [-0.17590588, 51.16016107111112], [-0.175882855066667, 51.16015800097778], [-0.1758596336, 51.16015611680001], [-0.1758362156, 51.16015541857779], [-0.175812601066667, 51.16015590631111], [-0.17578879, 51.16015758]]}}, {"type": "Feature", "properties": {"name": "Linear Feature 4", "painted_line_type": "BROKEN_WHITE", "lighting_line_type": null}, "geometry": {"type": "LineString", "coordinates": [[-0.17311144, 51.16220152], [-0.173151509244444, 51.162158718355556], [-0.173195935644444, 51.16212043075556], [-0.1732447192, 51.16208665720001], [-0.173297859911111, 51.16205739768889], [-0.173355357777778, 51.16203265222223], [-0.1734172128, 51.16201242080001], [-0.173483424977778, 51.161996703422226], [-0.173553994311111, 51.16198550008889], [-0.1736289208, 51.161978810799994], [-0.173708204444444, 51.16197663555556], [-0.173791845244444, 51.16197897435555], [-0.1738798432, 51.1619858272], [-0.173972198311111, 51.16199719408888], [-0.174068910577778, 51.16201307502222], [-0.17416998, 51.16203347], [-0.174201072666667, 51.1620418976], [-0.174231652, 51.162049871066664], [-0.174261718, 51.1620573904], [-0.174291270666667, 51.1620644556], [-0.17432031, 51.16207106666668], [-0.174348836, 51.1620772236], [-0.174376848666667, 51.162082926400004], [-0.174404348, 51.16208817506667], [-0.174431334, 51.16209296960001], [-0.174457806666667, 51.16209731], [-0.174483766, 51.16210119626667], [-0.174509212, 51.1621046284], [-0.174534144666667, 51.1621076064], [-0.174558564, 51.16211013026667], [-0.17458247, 51.1621122], [-0.174538482622222, 51.162110814933335], [-0.174500779155556, 51.16210962773334], [-0.1744693596, 51.16210863840001], [-0.174444223955556, 51.162107846933345], [-0.174425372222222, 51.16210725333334], [-0.1744128044, 51.16210685760001], [-0.174406520488889, 51.16210665973333], [-0.174406520488889, 51.16210665973333], [-0.1744128044, 51.16210685760001], [-0.174425372222222, 51.16210725333334], [-0.174444223955556, 51.16210784693334], [-0.1744693596, 51.1621086384], [-0.174500779155556, 51.162109627733344], [-0.174538482622222, 51.162110814933335], [-0.17458247, 51.1621122], [-0.174628500533333, 51.16211294040001], [-0.174672333466667, 51.1621121936], [-0.1747139688, 51.1621099596], [-0.174753406533333, 51.162106238400014], [-0.174790646666667, 51.16210103], [-0.1748256892, 51.1620943344], [-0.174858534133333, 51.1620861516], [-0.174889181466667, 51.1620764816], [-0.1749176312, 51.162065324400004], [-0.174943883333333, 51.16205268], [-0.174967937866667, 51.162038548400005], [-0.1749897948, 51.1620229296], [-0.175009454133333, 51.162005823600005], [-0.175026915866667, 51.1619872304], [-0.17504218, 51.16196715]]}}, {"type": "Feature", "properties": {"name": "Linear Feature 4", "painted_line_type": "BROKEN_WHITE", "lighting_line_type": null}, "geometry": {"type": "LineString", "coordinates": [[-0.17496075, 51.16198542], [-0.174949961288889, 51.16199964008889], [-0.174937251155556, 51.162012785688894], [-0.1749226196, 51.16202485680001], [-0.174906066622222, 51.162035853422225], [-0.174887592222222, 51.16204577555556], [-0.1748671964, 51.1620546232], [-0.174844879155556, 51.16206239635555], [-0.174820640488889, 51.16206909502222], [-0.1747944804, 51.16207471919999], [-0.174766398888889, 51.16207926888889], [-0.174736395955556, 51.16208274408889], [-0.1747044716, 51.1620851448], [-0.174670625822222, 51.16208647102222], [-0.174634858622222, 51.16208672275556], [-0.17459717, 51.1620859], [-0.174586533265185, 51.16208498416889], [-0.174570972921481, 51.16208303148445], [-0.17455105576, 51.16208011816002], [-0.174527348571852, 51.16207632040891], [-0.174500418148148, 51.16207171444446], [-0.17447083128, 51.162066376480006], [-0.174439154758519, 51.162060382728896], [-0.174405955374815, 51.16205380940445], [-0.17437179992, 51.16204673272001], [-0.174337255185185, 51.162039228888894], [-0.174302887961481, 51.16203137412444], [-0.17426926504, 51.16202324464001], [-0.174236953211852, 51.16201491664889], [-0.174206519268148, 51.162006466364446], [-0.17417853, 51.16199797], [-0.174073504977778, 51.16197774955556], [-0.173973104577778, 51.161961962888896], [-0.1738773288, 51.16195061], [-0.173786177644444, 51.16194369088889], [-0.173699651111111, 51.16194120555556], [-0.1736177492, 51.161943154], [-0.173540471911111, 51.161949536222224], [-0.173467819244444, 51.16196035222222], [-0.1733997912, 51.161975602], [-0.173336387777778, 51.16199528555556], [-0.173277608977778, 51.16201940288889], [-0.1732234548, 51.162047954], [-0.173173925244444, 51.16208093888889], [-0.173129020311111, 51.162118357555556], [-0.17308874, 51.16216021]]}}, {"type": "Feature", "properties": {"name": "Linear Feature 10", "painted_line_type": "BROKEN_WHITE", "lighting_line_type": null}, "geometry": {"type": "LineString", "coordinates": [[-0.17700114, 51.16242695], [-0.17679271, 51.16245209], [-0.17665443, 51.16245544]]}}, {"type": "Feature", "properties": {"name": "Linear Feature 10", "painted_line_type": "BROKEN_WHITE", "lighting_line_type": null}, "geometry": {"type": "LineString", "coordinates": [[-0.17672787, 51.16271158], [-0.17664493, 51.16265433]]}}, {"type": "Feature", "properties": {"name": "Linear Feature 10", "painted_line_type": "BROKEN_WHITE", "lighting_line_type": null}, "geometry": {"type": "LineString", "coordinates": [[-0.1764974, 51.16247279], [-0.176486896933333, 51.16247167524444], [-0.176476521066667, 51.16247072031112], [-0.1764662724, 51.1624699252], [-0.176456150933333, 51.16246928991112], [-0.176446156666667, 51.162468814444445], [-0.1764362896, 51.1624684988], [-0.176426549733333, 51.162468342977775], [-0.176416937066667, 51.162468346977775], [-0.1764074516, 51.1624685108], [-0.176398093333333, 51.16246883444444], [-0.176388862266667, 51.16246931791111], [-0.1763797584, 51.1624699612], [-0.176370781733333, 51.16247076431111], [-0.176361932266667, 51.162471727244444], [-0.17635321, 51.16247285], [-0.17584041, 51.16254828], [-0.175817576222222, 51.162552448044444], [-0.175796456222222, 51.16255750684445], [-0.17577705, 51.16256345640001], [-0.175759357555556, 51.16257029671112], [-0.175743378888889, 51.16257802777778], [-0.175729114, 51.1625866496], [-0.175716562888889, 51.16259616217778], [-0.175705725555556, 51.162606565511105], [-0.175696602, 51.1626178596], [-0.175689192222222, 51.16263004444444], [-0.175683496222222, 51.16264312004444], [-0.175679514, 51.1626570864], [-0.175677245555556, 51.16267194351111], [-0.175676690888889, 51.162687691377776], [-0.17567785, 51.16270433], [-0.17571181, 51.16292356]]}}, {"type": "Feature", "properties": {"name": "Linear Feature 10", "painted_line_type": "BROKEN_WHITE", "lighting_line_type": null}, "geometry": {"type": "LineString", "coordinates": [[-0.17557437, 51.16327861], [-0.17570246, 51.16321738], [-0.175728927674074, 51.163202257816295], [-0.175750703792593, 51.16318582999704], [-0.175767928, 51.16316837064001], [-0.175780739940741, 51.16315015384296], [-0.175789279259259, 51.16313145370371], [-0.1757936856, 51.16311254432001], [-0.175794098607407, 51.16309369978963], [-0.175790657925926, 51.16307519421037], [-0.1757835032, 51.16305730168], [-0.175772774074074, 51.1630402962963], [-0.175758610192593, 51.16302445215704], [-0.1757411512, 51.16301004336], [-0.175720536740741, 51.16299734400297], [-0.175696906459259, 51.1629866281837], [-0.1756704, 51.16297817], [-0.175656628666667, 51.16297575960001], [-0.175642677333333, 51.162973621733336], [-0.175628546, 51.162971756400005], [-0.175614234666667, 51.16297016360001], [-0.175599743333333, 51.16296884333334], [-0.175585072, 51.1629677956], [-0.175570220666667, 51.162967020399996], [-0.175555189333333, 51.16296651773333], [-0.175539978, 51.1629662876], [-0.175524586666667, 51.16296633], [-0.175509015333333, 51.162966644933334], [-0.175493264, 51.1629672324], [-0.175477332666667, 51.16296809239999], [-0.175461221333333, 51.162969224933335], [-0.17544493, 51.16297063], [-0.17531767, 51.16294368]]}}, {"type": "Feature", "properties": {"name": "Linear Feature 10", "painted_line_type": "BROKEN_WHITE", "lighting_line_type": null}, "geometry": {"type": "LineString", "coordinates": [[-0.175114, 51.16272249], [-0.17505341, 51.16262296]]}}, {"type": "Feature", "properties": {"name": "Linear Feature 9", "painted_line_type": "BROKEN_WHITE", "lighting_line_type": null}, "geometry": {"type": "LineString", "coordinates": [[-0.17794494, 51.16285767], [-0.177930173777778, 51.162860005422225], [-0.177916752444444, 51.162863009022225], [-0.177904676, 51.16286668080001], [-0.177893944444444, 51.16287102075556], [-0.177884557777778, 51.16287602888889], [-0.177876516, 51.1628817052], [-0.177869819111111, 51.162888049688895], [-0.177864467111111, 51.16289506235555], [-0.17786046, 51.16290274320001], [-0.177857797777778, 51.16291109222222], [-0.177856480444444, 51.162920109422224], [-0.177856508, 51.1629297948], [-0.177857880444444, 51.16294014835555], [-0.177860597777778, 51.16295117008889], [-0.17786466, 51.16296286], [-0.17813636, 51.16375108], [-0.178139985244444, 51.1637599668], [-0.178144679644444, 51.1637681392], [-0.1781504432, 51.16377559720001], [-0.178157275911111, 51.163782340800005], [-0.178165177777778, 51.16378837], [-0.1781741488, 51.163793684800005], [-0.178184188977778, 51.163798285199995], [-0.178195298311111, 51.1638021712], [-0.1782074768, 51.163805342799996], [-0.178220724444444, 51.1638078], [-0.178235041244444, 51.163809542799996], [-0.1782504272, 51.1638105712], [-0.178266882311111, 51.16381088520001], [-0.178284406577778, 51.1638104848], [-0.178303, 51.16380937], [-0.17897041, 51.16371417]]}}, {"type": "Feature", "properties": {"name": "Linear Feature 6", "painted_line_type": "BROKEN_WHITE", "lighting_line_type": null}, "geometry": {"type": "LineString", "coordinates": [[-0.17992532, 51.16297429], [-0.17989634, 51.16288577]]}}, {"type": "Feature", "properties": {"name": "Linear Feature 6", "painted_line_type": "BROKEN_WHITE", "lighting_line_type": null}, "geometry": {"type": "LineString", "coordinates": [[-0.17966201, 51.16234246], [-0.17962324, 51.16223659], [-0.17951858, 51.16225579], [-0.17934174, 51.16230439], [-0.17929535, 51.16232475]]}}, {"type": "Feature", "properties": {"name": "Linear Feature 6", "painted_line_type": "BROKEN_WHITE", "lighting_line_type": null}, "geometry": {"type": "LineString", "coordinates": [[-0.17906674, 51.16231446], [-0.179061861288889, 51.16230913875556], [-0.179054707822222, 51.16230337768889], [-0.1790452796, 51.16229717680001], [-0.179033576622222, 51.162290536088896], [-0.179019598888889, 51.16228345555557], [-0.1790033464, 51.16227593520001], [-0.178984819155556, 51.162267975022225], [-0.178964017155556, 51.162259575022226], [-0.1789409404, 51.16225073520001], [-0.178915588888889, 51.16224145555556], [-0.178887962622222, 51.16223173608889], [-0.1788580616, 51.16222157680001], [-0.178825885822222, 51.16221097768889], [-0.178791435288889, 51.16219993875556], [-0.17875471, 51.16218846], [-0.178700083511111, 51.162173032800006], [-0.178645913377778, 51.16215918320001], [-0.1785921996, 51.16214691120002], [-0.178538942177778, 51.16213621680001], [-0.178486141111111, 51.1621271], [-0.1784337964, 51.16211956080001], [-0.178381908044444, 51.1621135992], [-0.178330476044444, 51.162109215200005], [-0.1782795004, 51.1621064088], [-0.178228981111111, 51.16210518], [-0.178178918177778, 51.1621055288], [-0.1781293116, 51.16210745520001], [-0.178080161377778, 51.1621109592], [-0.178031467511111, 51.1621160408], [-0.17798323, 51.1621227], [-0.17592431, 51.16240627], [-0.17551469, 51.1625214], [-0.175398819866667, 51.16254815502222], [-0.175285769466667, 51.1625689640889], [-0.1751755388, 51.16258382720001], [-0.175068127866667, 51.162592744355564], [-0.174963536666667, 51.162595715555554], [-0.1748617652, 51.16259274080001], [-0.174762813466667, 51.16258382008889], [-0.174666681466667, 51.16256895342222], [-0.1745733692, 51.1625481408], [-0.174482876666667, 51.162521382222224], [-0.174395203866667, 51.162488677688884], [-0.1743103508, 51.1624500272], [-0.174228317466667, 51.162405430755555], [-0.174149103866667, 51.16235488835556], [-0.17407271, 51.1622984]]}}, {"type": "Feature", "properties": {"name": "Linear Feature 6", "painted_line_type": "BROKEN_WHITE", "lighting_line_type": null}, "geometry": {"type": "LineString", "coordinates": [[-0.17407271, 51.1622984], [-0.174151849822222, 51.16235103524445], [-0.174233935955556, 51.162397783644444], [-0.1743189684, 51.162438645200005], [-0.174406947155556, 51.16247361991112], [-0.174497872222222, 51.16250270777777], [-0.1745917436, 51.162525908800006], [-0.174688561288889, 51.162543222977774], [-0.174788325288889, 51.16255465031111], [-0.1748910356, 51.162560190799994], [-0.174996692222222, 51.162559844444445], [-0.175105295155556, 51.16255361124444], [-0.1752168444, 51.1625414912], [-0.175331339955556, 51.16252348431111], [-0.175448781822222, 51.16249959057778], [-0.17556917, 51.16246981], [-0.175579476933333, 51.16246718182222], [-0.175591693733333, 51.162464323955554], [-0.1756058204, 51.1624612364], [-0.175621856933333, 51.16245791915556], [-0.175639803333333, 51.16245437222223], [-0.1756596596, 51.1624505956], [-0.175681425733333, 51.16244658928889], [-0.175705101733333, 51.162442353288895], [-0.1757306876, 51.16243788760001], [-0.175758183333333, 51.162433192222224], [-0.175787588933333, 51.162428267155555], [-0.1758189044, 51.1624231124], [-0.175852129733333, 51.16241772795556], [-0.175887264933333, 51.16241211382223], [-0.17592431, 51.16240627]]}}, {"type": "Feature", "properties": {"name": "Linear Feature 4", "painted_line_type": "BROKEN_WHITE", "lighting_line_type": null}, "geometry": {"type": "LineString", "coordinates": [[-0.184723, 51.1585078], [-0.18461595, 51.15821463]]}}, {"type": "Feature", "properties": {"name": "Linear Feature 4", "painted_line_type": "BROKEN_WHITE", "lighting_line_type": null}, "geometry": {"type": "LineString", "coordinates": [[-0.18478384, 51.15917426], [-0.18543284, 51.15908596], [-0.18540359, 51.1588523]]}}, {"type": "Feature", "properties": {"name": "Linear Feature 4", "painted_line_type": "BROKEN_WHITE", "lighting_line_type": null}, "geometry": {"type": "LineString", "coordinates": [[-0.1853418, 51.1589298], [-0.18539913, 51.15905897]]}}, {"type": "Feature", "properties": {"name": "Linear Feature 4", "painted_line_type": "BROKEN_WHITE", "lighting_line_type": null}, "geometry": {"type": "LineString", "coordinates": [[-0.18543284, 51.15908596], [-0.18742398, 51.15881506]]}}, {"type": "Feature", "properties": {"name": "Linear Feature 4", "painted_line_type": "BROKEN_WHITE", "lighting_line_type": null}, "geometry": {"type": "LineString", "coordinates": [[-0.18722865, 51.1578516], [-0.18936849, 51.15755843], [-0.18711308, 51.1579527], [-0.18727883, 51.15825314], [-0.18777185, 51.15965165], [-0.1876992, 51.15961053]]}}, {"type": "Feature", "properties": {"name": "Linear Feature 4", "painted_line_type": "BROKEN_WHITE", "lighting_line_type": null}, "geometry": {"type": "LineString", "coordinates": [[-0.18731525, 51.15961865], [-0.1869503, 51.15966876], [-0.1868271, 51.1596504]]}}, {"type": "Feature", "properties": {"name": "Linear Feature 4", "painted_line_type": "BROKEN_WHITE", "lighting_line_type": null}, "geometry": {"type": "LineString", "coordinates": [[-0.18678458, 51.15968821], [-0.18647965, 51.15956158], [-0.186465736, 51.159556052266666], [-0.186451826, 51.15955110640001], [-0.18643792, 51.15954674240001], [-0.186424018, 51.15954296026668], [-0.18641012, 51.15953976], [-0.186396226, 51.15953714160001], [-0.186382336, 51.15953510506667], [-0.18636845, 51.15953365040001], [-0.186354568, 51.159532777600006], [-0.18634069, 51.15953248666668], [-0.186326816, 51.159532777600006], [-0.186312946, 51.15953365040001], [-0.18629908, 51.15953510506667], [-0.186285218, 51.1595371416], [-0.18627136, 51.15953976], [-0.18571279, 51.15961396], [-0.18527976, 51.15956928]]}}, {"type": "Feature", "properties": {"name": "Linear Feature 4", "painted_line_type": "BROKEN_WHITE", "lighting_line_type": null}, "geometry": {"type": "LineString", "coordinates": [[-0.18777185, 51.15965165], [-0.187792828311111, 51.15970131675556], [-0.187815275244444, 51.159750231688896], [-0.1878391908, 51.1597983948], [-0.187864574977778, 51.159845806088896], [-0.187891427777778, 51.15989246555557], [-0.1879197492, 51.1599383732], [-0.187949539244444, 51.15998352902222], [-0.187980797911111, 51.16002793302222], [-0.1880135252, 51.1600715852], [-0.188047721111111, 51.16011448555555], [-0.188083385644444, 51.16015663408889], [-0.1881205188, 51.160198030800004], [-0.188159120577778, 51.16023867568889], [-0.188199190977778, 51.16027856875556], [-0.18824073, 51.16031771], [-0.1883927, 51.16047691], [-0.18882975, 51.16087895]]}}, {"type": "Feature", "properties": {"name": "Linear Feature 4", "painted_line_type": "BROKEN_WHITE", "lighting_line_type": null}, "geometry": {"type": "LineString", "coordinates": [[-0.18890718, 51.16080034], [-0.18897543, 51.16073106], [-0.18894359, 51.16082835]]}}, {"type": "Feature", "properties": {"name": "Linear Feature 4", "painted_line_type": "BROKEN_WHITE", "lighting_line_type": null}, "geometry": {"type": "LineString", "coordinates": [[-0.19093796, 51.16074067], [-0.19243307, 51.16120668], [-0.192455824266667, 51.16121319417778], [-0.1924777004, 51.16121839271112], [-0.1924986984, 51.16122227560001], [-0.192518818266667, 51.161224842844454], [-0.19253806, 51.161226094444444], [-0.1925564236, 51.1612260304], [-0.192573909066667, 51.161224650711105], [-0.1925905164, 51.161221955377776], [-0.1926062456, 51.1612179444], [-0.192621096666667, 51.16121261777778], [-0.1926350696, 51.16120597551111], [-0.1926481644, 51.16119801760001], [-0.192660381066667, 51.16118874404444], [-0.1926717196, 51.16117815484444], [-0.19268218, 51.16116625], [-0.19276889, 51.16105554], [-0.1931161, 51.16061114], [-0.19333514, 51.16033223], [-0.19371885, 51.15983456], [-0.19390393, 51.1596029], [-0.19424167, 51.15917108], [-0.19472796, 51.15855034], [-0.19485285, 51.15847139]]}}, {"type": "Feature", "properties": {"name": "Linear Feature 4", "painted_line_type": "BROKEN_WHITE", "lighting_line_type": null}, "geometry": {"type": "LineString", "coordinates": [[-0.1945961, 51.15843605], [-0.19446721, 51.15839624], [-0.19362613, 51.15813535], [-0.19302171, 51.15795307], [-0.19247049, 51.15843613], [-0.19196041, 51.15909107], [-0.19102811, 51.16028567], [-0.19078976, 51.1605878]]}}, {"type": "Feature", "properties": {"name": "Linear Feature 7", "painted_line_type": "BROKEN_WHITE", "lighting_line_type": null}, "geometry": {"type": "LineString", "coordinates": [[-0.19733855, 51.15234584], [-0.19734168, 51.15246026], [-0.19834424, 51.15533075], [-0.198352827955556, 51.15536062873482], [-0.198359786311111, 51.15539513107853], [-0.1983639308, 51.15543347424001], [-0.198364077155556, 51.15547487542816], [-0.198359041111111, 51.15551855185187], [-0.1983476384, 51.15556372072001], [-0.198328684755556, 51.15560959924149], [-0.198300995911111, 51.15565540462518], [-0.1982633876, 51.155700354080004], [-0.198214675555556, 51.15574366481482], [-0.198153675511111, 51.15578455403851], [-0.1980792032, 51.155822238960006], [-0.197990074355556, 51.15585593678816], [-0.197885104711111, 51.15588486473185], [-0.19776311, 51.15590824], [-0.19736301, 51.15596126], [-0.197313681377778, 51.15596533017778], [-0.197264338177778, 51.15596848471111], [-0.1972149804, 51.15597072360001], [-0.197165608044444, 51.15597204684445], [-0.197116221111111, 51.15597245444445], [-0.1970668196, 51.1559719464], [-0.197017403511111, 51.155970522711115], [-0.196967972844444, 51.15596818337778], [-0.1969185276, 51.155964928399996], [-0.196869067777778, 51.15596075777778], [-0.196819593377778, 51.15595567151111], [-0.1967701044, 51.155949669600005], [-0.196720600844444, 51.15594275204445], [-0.196671082711111, 51.15593491884445], [-0.19662155, 51.15592617], [-0.19567175, 51.15574078], [-0.195600214088889, 51.155725027155555], [-0.195531105022222, 51.155707429955555], [-0.1954644228, 51.155687988400004], [-0.195400167422222, 51.155666702488894], [-0.195338338888889, 51.15564357222223], [-0.1952789372, 51.155618597600004], [-0.195221962355556, 51.155591778622224], [-0.195167414355556, 51.155563115288885], [-0.1951152932, 51.155532607599994], [-0.195065598888889, 51.15550025555556], [-0.195018331422222, 51.15546605915556], [-0.1949734908, 51.155430018400004], [-0.194931077022222, 51.155392133288885], [-0.194891090088889, 51.15535240382222], [-0.19485353, 51.15531083], [-0.1947399, 51.15518871], [-0.194726973333333, 51.15517500848889], [-0.194714046666667, 51.15516162662222], [-0.19470112, 51.1551485644], [-0.194688193333333, 51.155135821822235], [-0.194675266666667, 51.15512339888889], [-0.19466234, 51.1551112956], [-0.194649413333333, 51.155099511955555], [-0.194636486666667, 51.15508804795556], [-0.19462356, 51.1550769036], [-0.194610633333333, 51.15506607888889], [-0.194597706666667, 51.155055573822224], [-0.19458478, 51.155045388400005], [-0.194571853333333, 51.15503552262223], [-0.194558926666667, 51.15502597648889], [-0.194546, 51.15501675], [-0.19423743, 51.15480294], [-0.194214130266667, 51.15478902884445], [-0.1941898204, 51.15477623937778], [-0.1941645004, 51.154764571600005], [-0.194138170266667, 51.154754025511124], [-0.19411083, 51.15474460111111], [-0.1940824796, 51.1547362984], [-0.194053119066667, 51.154729117377784], [-0.1940227484, 51.154723058044446], [-0.1939913676, 51.154718120400005], [-0.193958976666667, 51.15471430444445], [-0.1939255756, 51.15471161017777], [-0.1938911644, 51.1547100376], [-0.193855743066667, 51.154709586711114], [-0.1938193116, 51.15471025751111], [-0.19378187, 51.15471205], [-0.1914923, 51.15505026], [-0.191484574933333, 51.155051426755556], [-0.1914767464, 51.15505283368889], [-0.1914688144, 51.15505448080001], [-0.191460778933333, 51.15505636808889], [-0.19145264, 51.155058495555565], [-0.1914443976, 51.155060863200006], [-0.191436051733333, 51.15506347102222], [-0.1914276024, 51.15506631902222], [-0.1914190496, 51.1550694072], [-0.191410393333333, 51.155072735555564], [-0.1914016336, 51.15507630408889], [-0.1913927704, 51.1550801128], [-0.191383803733333, 51.15508416168889], [-0.1913747336, 51.15508845075556], [-0.19136556, 51.15509298], [-0.191351775066667, 51.15509966266666], [-0.1913380896, 51.155106158666676], [-0.1913245036, 51.155112468], [-0.191311017066667, 51.15511859066667], [-0.19129763, 51.15512452666667], [-0.1912843424, 51.155130276], [-0.191271154266667, 51.155135838666666], [-0.1912580656, 51.15514121466666], [-0.1912450764, 51.155146404], [-0.191232186666667, 51.15515140666666], [-0.1912193964, 51.15515622266666], [-0.1912067056, 51.155160852], [-0.191194114266667, 51.155165294666666], [-0.1911816224, 51.15516955066666], [-0.19116923, 51.15517362], [-0.191156478533333, 51.155177667555556], [-0.191142909466667, 51.15518185822223], [-0.1911285228, 51.155186192], [-0.191113318533333, 51.1551906688889], [-0.191097296666667, 51.15519528888889], [-0.1910804572, 51.155200052], [-0.191062800133333, 51.15520495822223], [-0.191044325466667, 51.15521000755556], [-0.1910250332, 51.1552152], [-0.191004923333333, 51.15522053555556], [-0.190983995866667, 51.15522601422222], [-0.1909622508, 51.155231636], [-0.190939688133333, 51.155237400888886], [-0.190916307866667, 51.15524330888889], [-0.19089211, 51.15524936], [-0.190892047777778, 51.155243238577775], [-0.190891994444444, 51.15523799164445], [-0.19089195, 51.155233619200004], [-0.190891914444444, 51.15523012124446], [-0.190891887777778, 51.15522749777779], [-0.19089187, 51.15522574880001], [-0.190891861111111, 51.15522487431111], [-0.190891861111111, 51.15522487431111], [-0.19089187, 51.1552257488], [-0.190891887777778, 51.15522749777777], [-0.190891914444444, 51.15523012124444], [-0.19089195, 51.155233619200004], [-0.190891994444444, 51.15523799164444], [-0.190892047777778, 51.15524323857778], [-0.19089211, 51.15524936]]}}, {"type": "Feature", "properties": {"name": "Linear Feature 6", "painted_line_type": "BROKEN_WHITE", "lighting_line_type": null}, "geometry": {"type": "LineString", "coordinates": [[-0.19179277, 51.15246102], [-0.19148672, 51.15166256], [-0.19173772, 51.15166769], [-0.19156395, 51.15169312]]}}, {"type": "Feature", "properties": {"name": "Linear Feature 6", "painted_line_type": "BROKEN_WHITE", "lighting_line_type": null}, "geometry": {"type": "LineString", "coordinates": [[-0.19145438, 51.15156391], [-0.19138962, 51.1513666], [-0.19148672, 51.15166256], [-0.191483099955556, 51.15165515822222], [-0.191478367822222, 51.151648331555556], [-0.1914725236, 51.15164208], [-0.191465567288889, 51.15163640355556], [-0.191457498888889, 51.151631302222235], [-0.1914483184, 51.151626776], [-0.191438025822222, 51.15162282488889], [-0.191426621155556, 51.151619448888894], [-0.1914141044, 51.151616648], [-0.191400475555556, 51.151614422222224], [-0.191385734622222, 51.151612771555556], [-0.1913698816, 51.151611696], [-0.191352916488889, 51.15161119555556], [-0.191334839288889, 51.151611270222226], [-0.19131565, 51.15161192], [-0.1895843, 51.15184431], [-0.189561866666667, 51.151849104577785], [-0.189541281333333, 51.151854288311114], [-0.189522544, 51.15185986120001], [-0.189505654666667, 51.15186582324445], [-0.189490613333333, 51.151872174444456], [-0.18947742, 51.1518789148], [-0.189466074666667, 51.15188604431111], [-0.189456577333333, 51.151893562977776], [-0.189448928, 51.1519014708], [-0.189443126666667, 51.15190976777778], [-0.189439173333333, 51.15191845391111], [-0.189437068, 51.15192752920001], [-0.189436810666667, 51.15193699364445], [-0.189438401333333, 51.15194684724445], [-0.18944184, 51.15195709], [-0.18981982, 51.15303685], [-0.19005365, 51.15300779], [-0.18986835, 51.15303358]]}}, {"type": "Feature", "properties": {"name": "Linear Feature 6", "painted_line_type": "BROKEN_WHITE", "lighting_line_type": null}, "geometry": {"type": "LineString", "coordinates": [[-0.18981982, 51.15303685], [-0.1899161, 51.15332345], [-0.19127796, 51.15312575]]}}, {"type": "Feature", "properties": {"name": "Linear Feature 6", "painted_line_type": "BROKEN_WHITE", "lighting_line_type": null}, "geometry": {"type": "LineString", "coordinates": [[-0.19116879, 51.15309827], [-0.18995142, 51.15326608]]}}, {"type": "Feature", "properties": {"name": "Linear Feature 6", "painted_line_type": "BROKEN_WHITE", "lighting_line_type": null}, "geometry": {"type": "LineString", "coordinates": [[-0.1899161, 51.15332345], [-0.19000089, 51.15356382], [-0.190019177377778, 51.15360255506667], [-0.190036420844444, 51.15363915226666], [-0.1900526204, 51.15367361160001], [-0.190067776044444, 51.153705933066675], [-0.190081887777778, 51.15373611666667], [-0.1900949556, 51.15376416240001], [-0.190106979511111, 51.15379007026667], [-0.190117959511111, 51.153813840266665], [-0.1901278956, 51.153835472400004], [-0.190136787777778, 51.15385496666667], [-0.190144636044444, 51.153872323066665], [-0.1901514404, 51.153887541600014], [-0.190157200844444, 51.15390062226667], [-0.190161917377778, 51.153911565066664], [-0.19016559, 51.15392037], [-0.190168921955556, 51.153928517644445], [-0.190172616488889, 51.15393748857778], [-0.1901766736, 51.153947282800004], [-0.190181093288889, 51.15395790031112], [-0.190185875555556, 51.15396934111112], [-0.1901910204, 51.1539816052], [-0.190196527822222, 51.153994692577776], [-0.190202397822222, 51.15400860324444], [-0.1902086304, 51.1540233372], [-0.190215225555556, 51.15403889444445], [-0.190222183288889, 51.15405527497778], [-0.1902295036, 51.1540724788], [-0.190237186488889, 51.154090505911114], [-0.190245231955556, 51.15410935631111], [-0.19025364, 51.15412903], [-0.19013482, 51.1539234], [-0.190130277377778, 51.153913764], [-0.190125108177778, 51.15390208], [-0.1901193124, 51.153888348], [-0.190112890044444, 51.153872568], [-0.190105841111111, 51.15385474], [-0.1900981656, 51.15383486400001], [-0.190089863511111, 51.15381294], [-0.190080934844444, 51.153788968], [-0.1900713796, 51.153762948], [-0.190061197777778, 51.15373488], [-0.190050389377778, 51.153704764], [-0.1900389544, 51.1536726], [-0.190026892844444, 51.153638388], [-0.190014204711111, 51.153602128], [-0.19000089, 51.15356382], [-0.19025364, 51.15412903]]}}, {"type": "Feature", "properties": {"name": "Linear Feature 6", "painted_line_type": "BROKEN_WHITE", "lighting_line_type": null}, "geometry": {"type": "LineString", "coordinates": [[-0.19052935, 51.15508108], [-0.19029148, 51.15439582]]}}, {"type": "Feature", "properties": {"name": "Linear Feature 6", "painted_line_type": "BROKEN_WHITE", "lighting_line_type": null}, "geometry": {"type": "LineString", "coordinates": [[-0.19026268, 51.15430435], [-0.19024052, 51.15423384]]}}, {"type": "Feature", "properties": {"name": "Linear Feature 6", "painted_line_type": "BROKEN_WHITE", "lighting_line_type": null}, "geometry": {"type": "LineString", "coordinates": [[-0.19061989, 51.15539697], [-0.19068022, 51.1555149], [-0.190677082177778, 51.15550271213334], [-0.190674215377778, 51.15549112720001], [-0.1906716196, 51.15548014520001], [-0.190669294844444, 51.15546976613335], [-0.190667241111111, 51.15545999000001], [-0.1906654584, 51.1554508168], [-0.190663946711111, 51.15544224653333], [-0.190662706044444, 51.15543427920001], [-0.1906617364, 51.1554269148], [-0.190661037777778, 51.15542015333334], [-0.190660610177778, 51.1554139948], [-0.1906604536, 51.15540843920001], [-0.190660568044444, 51.15540348653333], [-0.190660953511111, 51.1553991368], [-0.19066161, 51.15539539], [-0.190659087733333, 51.155396242], [-0.1906565476, 51.15539698733333], [-0.1906539896, 51.155397626], [-0.190651413733333, 51.15539815800001], [-0.19064882, 51.15539858333334], [-0.1906462084, 51.155398902], [-0.190643578933333, 51.155399114], [-0.1906409316, 51.15539921933333], [-0.1906382664, 51.155399218], [-0.190635583333333, 51.15539911], [-0.1906328824, 51.155398895333335], [-0.1906301636, 51.155398574], [-0.190627426933333, 51.155398146], [-0.1906246724, 51.155397611333335], [-0.1906219, 51.15539697], [-0.19068022, 51.1555149], [-0.19079746, 51.15584531], [-0.19072866, 51.1557693]]}}, {"type": "Feature", "properties": {"name": "Linear Feature 6", "painted_line_type": "BROKEN_WHITE", "lighting_line_type": null}, "geometry": {"type": "LineString", "coordinates": [[-0.19075625, 51.15584569], [-0.19035227, 51.15589635], [-0.19079746, 51.15584531], [-0.1913092, 51.15732107], [-0.19143248, 51.15751783]]}}, {"type": "Feature", "properties": {"name": "Linear Feature 6", "painted_line_type": "BROKEN_WHITE", "lighting_line_type": null}, "geometry": {"type": "LineString", "coordinates": [[-0.1913092, 51.15732107], [-0.19153955, 51.15798027], [-0.191543965555556, 51.15801385928889], [-0.191544188222222, 51.1580456804889], [-0.191540218, 51.15807573360001], [-0.191532054888889, 51.158104018622225], [-0.191519698888889, 51.15813053555555], [-0.19150315, 51.158155284399996], [-0.191482408222222, 51.158178265155556], [-0.191457473555556, 51.158199477822215], [-0.191428346, 51.158218922399996], [-0.191395025555556, 51.15823659888889], [-0.191357512222222, 51.158252507288886], [-0.191315806, 51.1582666476], [-0.191269906888889, 51.15827901982222], [-0.191219814888889, 51.158289623955554], [-0.19116553, 51.15829846], [-0.18753034, 51.1588027]]}}, {"type": "Feature", "properties": {"name": "Linear Feature 6", "painted_line_type": "BROKEN_WHITE", "lighting_line_type": null}, "geometry": {"type": "LineString", "coordinates": [[-0.18779305, 51.15873202], [-0.18801678, 51.15870309]]}}, {"type": "Feature", "properties": {"name": "Linear Feature 6", "painted_line_type": "BROKEN_WHITE", "lighting_line_type": null}, "geometry": {"type": "LineString", "coordinates": [[-0.18892184, 51.15857157], [-0.18904011, 51.15855771]]}}, {"type": "Feature", "properties": {"name": "Roads Gates 46-48", "painted_line_type": "WIDE_BROKEN_WHITE", "lighting_line_type": null}, "geometry": {"type": "LineString", "coordinates": [[-0.17025153, 51.16055737], [-0.170270342678519, 51.16055675105185], [-0.170291930894815, 51.16055558161482], [-0.17031584192, 51.16055390880002], [-0.170341623025185, 51.16055177971854], [-0.170368821481481, 51.16054924148148], [-0.17039698456, 51.1605463412], [-0.170425659531852, 51.160543125985185], [-0.170454393668148, 51.16053964294815], [-0.17048273424, 51.1605359392], [-0.170510228518519, 51.16053206185185], [-0.170536423774815, 51.16052805801482], [-0.17056086728, 51.16052397480001], [-0.170583106305185, 51.16051985931852], [-0.170602688121481, 51.16051575868149], [-0.17061916, 51.16051172]]}}, {"type": "Feature", "properties": {"name": "Linear Feature 2", "painted_line_type": "BROKEN_WHITE", "lighting_line_type": null}, "geometry": {"type": "LineString", "coordinates": [[-0.18035991, 51.16199485], [-0.1803252, 51.16204836]]}}, {"type": "Feature", "properties": {"name": "Linear Feature 2", "painted_line_type": "BROKEN_WHITE", "lighting_line_type": null}, "geometry": {"type": "LineString", "coordinates": [[-0.18057417, 51.16195715], [-0.18038567, 51.16198295], [-0.18054129, 51.16192684], [-0.18038175, 51.16197847], [-0.1803693, 51.16196925], [-0.18051042, 51.16189566], [-0.18036408, 51.16196454], [-0.18047258, 51.16185817], [-0.1803575, 51.16196049], [-0.18042942, 51.16181463], [-0.18035361, 51.16195816], [-0.18035487, 51.16182375], [-0.18029646, 51.161949]]}}, {"type": "Feature", "properties": {"name": "Lines Pier 6", "painted_line_type": "BROKEN_WHITE", "lighting_line_type": null}, "geometry": {"type": "LineString", "coordinates": [[-0.17639198, 51.15558755], [-0.17644933, 51.15557985]]}}, {"type": "Feature", "properties": {"name": "Lines Pier 6", "painted_line_type": "BROKEN_WHITE", "lighting_line_type": null}, "geometry": {"type": "LineString", "coordinates": [[-0.17704815, 51.15554538], [-0.17701271, 51.1554508]]}}, {"type": "Feature", "properties": {"name": "Lines Pier 6", "painted_line_type": "BROKEN_WHITE", "lighting_line_type": null}, "geometry": {"type": "LineString", "coordinates": [[-0.17715047, 51.1554321], [-0.17719012, 51.1555296]]}}, {"type": "Feature", "properties": {"name": "Lines Pier 6", "painted_line_type": "BROKEN_WHITE", "lighting_line_type": null}, "geometry": {"type": "LineString", "coordinates": [[-0.17772086, 51.15541422], [-0.17784098, 51.15539816]]}}, {"type": "Feature", "properties": {"name": "Lines Pier 6", "painted_line_type": "BROKEN_WHITE", "lighting_line_type": null}, "geometry": {"type": "LineString", "coordinates": [[-0.17836126, 51.15532861], [-0.17848431, 51.15531217]]}}, {"type": "Feature", "properties": {"name": "Lines Pier 6", "painted_line_type": "BROKEN_WHITE", "lighting_line_type": null}, "geometry": {"type": "LineString", "coordinates": [[-0.17552177, 51.15655131], [-0.17546117, 51.15637945], [-0.175458055466667, 51.156369481422225], [-0.1754561892, 51.15636005835556], [-0.1754555712, 51.15635118080001], [-0.175456201466667, 51.156342848755564], [-0.17545808, 51.15633506222223], [-0.1754612068, 51.15632782120001], [-0.175465581866667, 51.15632112568889], [-0.1754712052, 51.15631497568889], [-0.1754780768, 51.156309371199995], [-0.175486196666667, 51.156304312222225], [-0.1754955648, 51.156299798755555], [-0.1755061812, 51.156295830800005], [-0.175518045866667, 51.156292408355554], [-0.1755311588, 51.156289531422225], [-0.17554552, 51.1562872], [-0.17593012, 51.15623045]]}}, {"type": "Feature", "properties": {"name": "Lines West park", "painted_line_type": "BROKEN_WHITE", "lighting_line_type": null}, "geometry": {"type": "LineString", "coordinates": [[-0.17778536, 51.1537215], [-0.17786377, 51.15390801]]}}, {"type": "Feature", "properties": {"name": "Linear Feature 4", "painted_line_type": "BROKEN_WHITE", "lighting_line_type": null}, "geometry": {"type": "LineString", "coordinates": [[-0.18862905, 51.15446969], [-0.18941691, 51.154364]]}}, {"type": "Feature", "properties": {"name": "Linear Feature 4", "painted_line_type": "BROKEN_WHITE", "lighting_line_type": null}, "geometry": {"type": "LineString", "coordinates": [[-0.18968588, 51.15452216], [-0.18985082, 51.15463521], [-0.189854125911111, 51.1546368304], [-0.189857448977778, 51.154638984933335], [-0.1898607892, 51.15464167360001], [-0.189864146577778, 51.15464489640001], [-0.189867521111111, 51.15464865333334], [-0.1898709128, 51.154652944400006], [-0.189874321644444, 51.1546577696], [-0.189877747644444, 51.154663128933336], [-0.1898811908, 51.1546690224], [-0.189884651111111, 51.15467545], [-0.189888128577778, 51.15468241173334], [-0.1898916232, 51.1546899076], [-0.189895134977778, 51.154697937600005], [-0.189898663911111, 51.154706501733344], [-0.18990221, 51.1547156], [-0.18996475, 51.15488433], [-0.189966331644444, 51.154888718933336], [-0.189967428577778, 51.15489334173334], [-0.1899680408, 51.154898198400005], [-0.189968168311111, 51.15490328893334], [-0.189967811111111, 51.15490861333334], [-0.1899669692, 51.154914171600005], [-0.189965642577778, 51.154919963733334], [-0.189963831244444, 51.15492598973333], [-0.1899615352, 51.154932249599995], [-0.189958754444444, 51.15493874333333], [-0.189955488977778, 51.15494547093333], [-0.1899517388, 51.1549524324], [-0.189947503911111, 51.154959627733334], [-0.189942784311111, 51.15496705693334], [-0.18993758, 51.15497472], [-0.1898552, 51.15509364], [-0.18983583, 51.15501206]]}}, {"type": "Feature", "properties": {"name": "Linear Feature 4", "painted_line_type": "BROKEN_WHITE", "lighting_line_type": null}, "geometry": {"type": "LineString", "coordinates": [[-0.18978579, 51.15508808], [-0.189774640844444, 51.15508497115555], [-0.189763740044444, 51.15508214062223], [-0.1897530876, 51.15507958840001], [-0.189742683511111, 51.1550773144889], [-0.189732527777778, 51.1550753188889], [-0.1897226204, 51.155073601599995], [-0.189712961377778, 51.15507216262222], [-0.189703550711111, 51.15507100195555], [-0.1896943884, 51.155070119600005], [-0.189685474444444, 51.15506951555555], [-0.189676808844444, 51.15506918982223], [-0.1896683916, 51.15506914240001], [-0.189660222711111, 51.15506937328889], [-0.189652302177778, 51.155069882488895], [-0.18964463, 51.15507067], [-0.18887677, 51.15517755], [-0.1898552, 51.15509364], [-0.189852361333333, 51.15509850226667], [-0.189849768, 51.1551035424], [-0.18984742, 51.155108760400005], [-0.189845317333333, 51.15511415626667], [-0.18984346, 51.15511973000001], [-0.189841848, 51.1551254816], [-0.189840481333333, 51.15513141106667], [-0.18983936, 51.155137518400004], [-0.189838484, 51.155143803600005], [-0.189837853333333, 51.155150266666666], [-0.189837468, 51.1551569076], [-0.189837328, 51.155163726400005], [-0.189837433333333, 51.15517072306667], [-0.189837784, 51.155177897600005], [-0.18983838, 51.15518525], [-0.18987496, 51.155291], [-0.189877497911111, 51.155299446222216], [-0.189879439644444, 51.15530828622222], [-0.1898807852, 51.15531752], [-0.189881534577778, 51.15532714755557], [-0.189881687777778, 51.1553371688889], [-0.1898812448, 51.155347584], [-0.189880205644444, 51.155358392888886], [-0.189878570311111, 51.155369595555555], [-0.1898763388, 51.155381192], [-0.189873511111111, 51.15539318222223], [-0.189870087244444, 51.15540556622222], [-0.1898660672, 51.155418344], [-0.189861450977778, 51.155431515555556], [-0.189856238577778, 51.15544508088889], [-0.18985043, 51.15545904], [-0.18981117, 51.15537468]]}}, {"type": "Feature", "properties": {"name": "Linear Feature 4", "painted_line_type": "BROKEN_WHITE", "lighting_line_type": null}, "geometry": {"type": "LineString", "coordinates": [[-0.18973486, 51.15551012], [-0.189728552444444, 51.15550877062222], [-0.189722208444444, 51.15550757582223], [-0.189715828, 51.15550653560001], [-0.189709411111111, 51.15550564995556], [-0.189702957777778, 51.155504918888894], [-0.189696468, 51.1555043424], [-0.189689941777778, 51.15550392048889], [-0.189683379111111, 51.155503653155556], [-0.18967678, 51.155503540400005], [-0.189670144444444, 51.155503582222224], [-0.189663472444444, 51.15550377862222], [-0.189656764, 51.1555041296], [-0.189650019111111, 51.15550463515555], [-0.189643237777778, 51.15550529528888], [-0.18963642, 51.15550611], [-0.18901956, 51.15558734], [-0.18985043, 51.15545904], [-0.189800541155556, 51.155541649111115], [-0.189746383955556, 51.15561914577778], [-0.1896879584, 51.15569153], [-0.189625264488889, 51.15575880177778], [-0.189558302222222, 51.15582096111112], [-0.1894870716, 51.155878008], [-0.189411572622222, 51.155929942444445], [-0.189331805288889, 51.155976764444446], [-0.1892477696, 51.156018474], [-0.189159465555556, 51.15605507111111], [-0.189066893155556, 51.156086555777776], [-0.1889700524, 51.156112928], [-0.188868943288889, 51.15613418777778], [-0.188763565822222, 51.156150335111114], [-0.18865392, 51.15616137], [-0.18851014, 51.15621944]]}}, {"type": "Feature", "properties": {"name": "Linear Feature 4", "painted_line_type": "BROKEN_WHITE", "lighting_line_type": null}, "geometry": {"type": "LineString", "coordinates": [[-0.1885581, 51.15621289], [-0.18872562, 51.15668778], [-0.18928102, 51.15603145]]}}, {"type": "Feature", "properties": {"name": "Linear Feature 4", "painted_line_type": "BROKEN_WHITE", "lighting_line_type": null}, "geometry": {"type": "LineString", "coordinates": [[-0.18932286, 51.15601317], [-0.18941835, 51.15629031], [-0.18865392, 51.15616137], [-0.18769466, 51.15629105], [-0.18732396, 51.15634129], [-0.18304242, 51.15693123], [-0.183032564577778, 51.15693302964444], [-0.183022928977778, 51.156934940577784], [-0.1830135132, 51.15693696280001], [-0.183004317244444, 51.15693909631112], [-0.182995341111111, 51.156941341111114], [-0.1829865848, 51.156943697200006], [-0.182978048311111, 51.15694616457778], [-0.182969731644444, 51.15694874324444], [-0.1829616348, 51.15695143319999], [-0.182953757777778, 51.15695423444444], [-0.182946100577778, 51.156957146977774], [-0.1829386632, 51.156960170800005], [-0.182931445644444, 51.156963305911106], [-0.182924447911111, 51.15696655231111], [-0.18291767, 51.15696991], [-0.18269228, 51.15710016], [-0.182675728577778, 51.157110636977784], [-0.182660370311111, 51.15712141191111], [-0.1826462052, 51.15713248480001], [-0.182633233244444, 51.15714385564444], [-0.182621454444444, 51.15715552444445], [-0.1826108688, 51.1571674912], [-0.182601476311111, 51.157179755911116], [-0.182593276977778, 51.15719231857778], [-0.1825862708, 51.157205179200005], [-0.182580457777778, 51.157218337777785], [-0.182575837911111, 51.15723179431111], [-0.1825724112, 51.1572455488], [-0.182570177644444, 51.15725960124444], [-0.182569137244444, 51.15727395164445], [-0.18256929, 51.1572886], [-0.18261018, 51.15756557], [-0.18268455, 51.15777292], [-0.183147, 51.15909576], [-0.18410275, 51.16182854]]}}, {"type": "Feature", "properties": {"name": "Linear Feature 4", "painted_line_type": "BROKEN_WHITE", "lighting_line_type": null}, "geometry": {"type": "LineString", "coordinates": [[-0.18314144, 51.16321642], [-0.18071699, 51.16355382], [-0.180594151777778, 51.16356180817778], [-0.180478077111111, 51.16356438604445], [-0.180368766, 51.16356155360001], [-0.180266218444444, 51.16355331084445], [-0.180170434444444, 51.16353965777779], [-0.180081414, 51.163520594400005], [-0.179999157111111, 51.163496120711116], [-0.179923663777778, 51.163466236711116], [-0.179854934, 51.163430942400005], [-0.179792967777778, 51.163390237777776], [-0.179737765111111, 51.16334412284444], [-0.179689326, 51.163292597600005], [-0.179647650444444, 51.16323566204444], [-0.179612738444444, 51.163173316177776], [-0.17958459, 51.16310556], [-0.1794629, 51.16275305], [-0.1794559, 51.162734844400006], [-0.179448057333333, 51.16271636093333], [-0.179439372, 51.16269759960001], [-0.179429844, 51.1626785604], [-0.179419473333333, 51.162659243333344], [-0.17940826, 51.1626396484], [-0.179396204, 51.16261977560001], [-0.179383305333333, 51.16259962493333], [-0.179369564, 51.162579196399996], [-0.17935498, 51.16255849], [-0.179339553333333, 51.16253750573334], [-0.179323284, 51.16251624360001], [-0.179306172, 51.162494703600004], [-0.179288217333333, 51.16247288573334], [-0.17926942, 51.16245079], [-0.179275597422222, 51.16244861346667], [-0.179280892355556, 51.162446747866674], [-0.1792853048, 51.16244519320001], [-0.179288834755556, 51.16244394946668], [-0.179291482222222, 51.162443016666685], [-0.1792932472, 51.162442394799996], [-0.179294129688889, 51.162442083866665], [-0.179294129688889, 51.162442083866665], [-0.1792932472, 51.1624423948], [-0.179291482222222, 51.16244301666667], [-0.179288834755556, 51.16244394946667], [-0.1792853048, 51.16244519320001], [-0.179280892355556, 51.16244674786667], [-0.179275597422222, 51.162448613466665], [-0.17926942, 51.16245079]]}}, {"type": "Feature", "properties": {"name": "Linear Feature 1", "painted_line_type": "BROKEN_WHITE", "lighting_line_type": null}, "geometry": {"type": "LineString", "coordinates": [[-0.1875089, 51.15539633], [-0.18729281, 51.15477717], [-0.187290674311111, 51.15477185684445], [-0.187287984577778, 51.15476668804445], [-0.1872847408, 51.15476166360001], [-0.187280942977778, 51.15475678351111], [-0.187276591111111, 51.154752047777784], [-0.1872716852, 51.1547474564], [-0.187266225244444, 51.15474300937778], [-0.187260211244444, 51.15473870671111], [-0.1872536432, 51.1547345484], [-0.187246521111111, 51.15473053444444], [-0.187238844977778, 51.154726664844446], [-0.1872306148, 51.154722939600006], [-0.187221830577778, 51.154719358711105], [-0.187212492311111, 51.15471592217777], [-0.1872026, 51.15471263]]}}, {"type": "Feature", "properties": {"name": "Linear Feature 1", "painted_line_type": "BROKEN_WHITE", "lighting_line_type": null}, "geometry": {"type": "LineString", "coordinates": [[-0.18352938, 51.1540302], [-0.18437223, 51.15390818]]}}, {"type": "Feature", "properties": {"name": "Linear Feature 1", "painted_line_type": "BROKEN_WHITE", "lighting_line_type": null}, "geometry": {"type": "LineString", "coordinates": [[-0.18420185, 51.15342664], [-0.18409168, 51.15344169], [-0.18411007, 51.1534814], [-0.18346956, 51.15357617], [-0.18338895, 51.15362098], [-0.18422844, 51.1535018]]}}, {"type": "Feature", "properties": {"name": "Linear Feature 1", "painted_line_type": "BROKEN_WHITE", "lighting_line_type": null}, "geometry": {"type": "LineString", "coordinates": [[-0.18437669, 51.15379103], [-0.18440986, 51.15388439], [-0.184419293911111, 51.15389389991111], [-0.184429072977778, 51.15390275231111], [-0.1844391972, 51.1539109472], [-0.184449666577778, 51.15391848457779], [-0.184460481111111, 51.15392536444444], [-0.1844716408, 51.1539315868], [-0.184483145644444, 51.15393715164445], [-0.184494995644444, 51.15394205897778], [-0.1845071908, 51.1539463088], [-0.184519731111111, 51.153949901111105], [-0.184532616577778, 51.15395283591111], [-0.1845458472, 51.1539551132], [-0.184559422977778, 51.153956732977775], [-0.184573343911111, 51.15395769524445], [-0.18458761, 51.153958], [-0.1847271, 51.15396227], [-0.184743902888889, 51.15396322537779], [-0.184760103555556, 51.153965024844446], [-0.184775702, 51.153967668400014], [-0.184790698222222, 51.15397115604445], [-0.184805092222222, 51.153975487777785], [-0.184818884, 51.153980663599995], [-0.184832073555556, 51.153986683511114], [-0.184844660888889, 51.15399354751112], [-0.184856646, 51.1540012556], [-0.184868028888889, 51.15400980777778], [-0.184878809555556, 51.154019204044445], [-0.184888988, 51.1540294444], [-0.184898564222222, 51.15404052884444], [-0.184907538222222, 51.15405245737778], [-0.18491591, 51.15406523], [-0.18522053, 51.15494882], [-0.1852274104, 51.154958486311116], [-0.185235008933333, 51.15496733057778], [-0.1852433256, 51.15497535280001], [-0.1852523604, 51.154982552977785], [-0.185262113333333, 51.15498893111112], [-0.1852725844, 51.154994487200014], [-0.1852837736, 51.15499922124445], [-0.185295680933333, 51.15500313324445], [-0.1853083064, 51.155006223200004], [-0.18532165, 51.15500849111112], [-0.185335711733333, 51.15500993697778], [-0.1853504916, 51.15501056080001], [-0.1853659896, 51.155010362577784], [-0.185382205733333, 51.15500934231112], [-0.18539914, 51.1550075], [-0.1858751, 51.1549404]]}}, {"type": "Feature", "properties": {"name": "Linear Feature 1", "painted_line_type": "BROKEN_WHITE", "lighting_line_type": null}, "geometry": {"type": "LineString", "coordinates": [[-0.18526127, 51.15287246], [-0.18503488, 51.15290636]]}}, {"type": "Feature", "properties": {"name": "Linear Feature 29", "painted_line_type": "BROKEN_WHITE", "lighting_line_type": null}, "geometry": {"type": "LineString", "coordinates": [[-0.1877649, 51.15632121], [-0.18793303, 51.156802], [-0.18752717, 51.15691963]]}}, {"type": "Feature", "properties": {"name": "Linear Feature 28", "painted_line_type": "BROKEN_WHITE", "lighting_line_type": null}, "geometry": {"type": "LineString", "coordinates": [[-0.18509066, 51.15213106], [-0.18532063, 51.15278163], [-0.18531999, 51.15283705], [-0.18600973, 51.15480928]]}}, {"type": "Feature", "properties": {"name": "Lines Uniform gates", "painted_line_type": "BROKEN_WHITE", "lighting_line_type": null}, "geometry": {"type": "LineString", "coordinates": [[-0.19559481, 51.15559652], [-0.19530302, 51.15547422], [-0.19528074, 51.15544724], [-0.19379226, 51.15118229], [-0.193785857022222, 51.15116676706666], [-0.193777621422222, 51.15115217426667], [-0.1937675532, 51.151138511599996], [-0.193755652355556, 51.151125779066675], [-0.193741918888889, 51.15111397666667], [-0.1937263528, 51.1511031044], [-0.193708954088889, 51.15109316226667], [-0.193689722755556, 51.15108415026667], [-0.1936686588, 51.151076068399995], [-0.193645762222222, 51.15106891666667], [-0.193621033022222, 51.15106269506667], [-0.1935944712, 51.15105740360001], [-0.193566076755556, 51.15105304226667], [-0.193535849688889, 51.15104961106667], [-0.19350379, 51.15104711], [-0.19328881, 51.15106234], [-0.19273074, 51.15108201], [-0.192657324755556, 51.15108535906668], [-0.192584937688889, 51.15108899293334], [-0.1925135788, 51.15109291160001], [-0.192443248088889, 51.151097115066676], [-0.192373945555556, 51.151101603333345], [-0.1923056712, 51.1511063764], [-0.192238425022222, 51.15111143426666], [-0.192172207022222, 51.151116776933335], [-0.1921070172, 51.1511224044], [-0.192042855555556, 51.15112831666667], [-0.191979722088889, 51.151134513733325], [-0.1919176168, 51.1511409956], [-0.191856539688889, 51.15114776226666], [-0.191796490755556, 51.151154813733335], [-0.19173747, 51.15116215], [-0.18998043, 51.1513993], [-0.189966547511111, 51.15140132337778], [-0.189951942711111, 51.15140369217778], [-0.1899366156, 51.15140640640001], [-0.189920566177778, 51.151409466044456], [-0.189903794444444, 51.15141287111112], [-0.1898863004, 51.15141662159999], [-0.189868084044444, 51.151420717511115], [-0.189849145377778, 51.15142515884445], [-0.1898294844, 51.1514299456], [-0.189809101111111, 51.15143507777778], [-0.189787995511111, 51.151440555377775], [-0.1897661676, 51.151446378399996], [-0.189743617377778, 51.151452546844446], [-0.189720344844444, 51.15145906071112], [-0.18969635, 51.15146592], [-0.18922914, 51.15159939], [-0.189201024222222, 51.15160860057778], [-0.189175428888889, 51.151618808311106], [-0.189152354, 51.151630013200005], [-0.189131799555556, 51.15164221524445], [-0.189113765555556, 51.15165541444445], [-0.189098252, 51.1516696108], [-0.189085258888889, 51.15168480431112], [-0.189074786222222, 51.15170099497779], [-0.189066834, 51.1517181828], [-0.189061402222222, 51.15173636777779], [-0.189058490888889, 51.151755549911115], [-0.1890581, 51.151775729200004], [-0.189060229555556, 51.151796905644446], [-0.189064879555556, 51.15181907924445], [-0.18907205, 51.15184225], [-0.18987938, 51.1541561], [-0.18976685, 51.15426052]]}}, {"type": "Feature", "properties": {"name": "Linear Feature 6", "painted_line_type": "WIDE_ILS_CRITICAL_CENTERLINE_WITH_BLACK_BORDER", "lighting_line_type": "GREEN_BIDIRECTIONAL_LIGHTS"}, "geometry": {"type": "LineString", "coordinates": [[-0.17158862, 51.15165257], [-0.17173313, 51.15212009]]}}, {"type": "Feature", "properties": {"name": "Linear Feature 2", "painted_line_type": "WIDE_ILS_CRITICAL_CENTERLINE_WITH_BLACK_BORDER", "lighting_line_type": "GREEN_BIDIRECTIONAL_LIGHTS"}, "geometry": {"type": "LineString", "coordinates": [[-0.17235368, 51.15171493], [-0.17219334, 51.15157372]]}}, {"type": "Feature", "properties": {"name": "Linear Feature 1", "painted_line_type": "BROKEN_WHITE", "lighting_line_type": null}, "geometry": {"type": "LineString", "coordinates": [[-0.18006946, 51.1587704], [-0.18004742, 51.15870307]]}}, {"type": "Feature", "properties": {"name": "Linear Feature 1", "painted_line_type": "BROKEN_WHITE", "lighting_line_type": null}, "geometry": {"type": "LineString", "coordinates": [[-0.18136707, 51.16205859], [-0.18133823, 51.16197422]]}}, {"type": "Feature", "properties": {"name": "Linear Feature 7", "painted_line_type": "WIDE_BROKEN_WHITE", "lighting_line_type": null}, "geometry": {"type": "LineString", "coordinates": [[-0.17146624, 51.16009645], [-0.171447475816296, 51.16010765302223], [-0.171430132663704, 51.16011855391112], [-0.17141398464, 51.160129224400016], [-0.171398805842963, 51.16013973622224], [-0.17138437037037, 51.16015016111112], [-0.17137045232, 51.1601605708], [-0.17135682578963, 51.160171037022224], [-0.171343264877037, 51.16018163151111], [-0.17132954368, 51.160192426], [-0.171315436296296, 51.16020349222223], [-0.171300716823704, 51.16021490191111], [-0.17128515936, 51.160226726800005], [-0.171268538002963, 51.16023903862222], [-0.17125062685037, 51.16025190911111], [-0.1712312, 51.16026541]]}}, {"type": "Feature", "properties": {"name": "Linear Feature 3", "painted_line_type": "WIDE_BROKEN_WHITE", "lighting_line_type": null}, "geometry": {"type": "LineString", "coordinates": [[-0.17239563, 51.1592801], [-0.172377518912593, 51.15928740770963], [-0.172360269034074, 51.159294550210376], [-0.17234381944, 51.15930155056], [-0.172328109205926, 51.159308431816314], [-0.172313077407407, 51.15931521703705], [-0.17229866312, 51.159321929280004], [-0.172284805419259, 51.159328591602964], [-0.172271443380741, 51.1593352270637], [-0.17225851608, 51.159341858720005], [-0.172245962592593, 51.15934850962963], [-0.172233721994074, 51.159355202850364], [-0.17222173336, 51.15936196144], [-0.172209935765926, 51.15936880845629], [-0.172198268287407, 51.15937576695704], [-0.17218667, 51.15938286], [-0.172175854651852, 51.15939004616594], [-0.172166495481481, 51.159397261327406], [-0.1721584708, 51.15940449448001], [-0.172151658918519, 51.15941173461927], [-0.172145938148148, 51.15941897074076], [-0.1721411868, 51.15942619184001], [-0.172137283185185, 51.159433386912596], [-0.172134105614815, 51.15944054495408], [-0.1721315324, 51.159447654960005], [-0.172129441851852, 51.15945470592594], [-0.172127712281481, 51.15946168684741], [-0.172126222, 51.15946858672001], [-0.172124849318519, 51.159475394539264], [-0.172123472548148, 51.159482099300746], [-0.17212197, 51.15948869]]}}, {"type": "Feature", "properties": {"name": "Linear Feature 3", "painted_line_type": "WIDE_BROKEN_WHITE", "lighting_line_type": null}, "geometry": {"type": "LineString", "coordinates": [[-0.17237771, 51.15928353], [-0.172362471057778, 51.15928964973927], [-0.172347707262222, 51.15929582044741], [-0.17233338416, 51.159302041360014], [-0.172319467297778, 51.1593083117126], [-0.172305922222222, 51.15931463074075], [-0.17229271448, 51.159320997680005], [-0.172279809617778, 51.15932741176593], [-0.172267173182222, 51.15933387223408], [-0.17225477072, 51.15934037832], [-0.172242567777778, 51.159346929259264], [-0.172230529902222, 51.1593535242874], [-0.17221862264, 51.159360162640006], [-0.172206811537778, 51.15936684355259], [-0.172195062142222, 51.15937356626074], [-0.17218334, 51.15938033]]}}, {"type": "Feature", "properties": {"name": "Linear Feature 10", "painted_line_type": "BROKEN_WHITE", "lighting_line_type": null}, "geometry": {"type": "LineString", "coordinates": [[-0.17205087, 51.15927502], [-0.17144782, 51.15885357]]}}, {"type": "Feature", "properties": {"name": "Linear Feature 25", "painted_line_type": "BROKEN_WHITE", "lighting_line_type": null}, "geometry": {"type": "LineString", "coordinates": [[-0.17727455, 51.155941], [-0.17711874, 51.15553466]]}}, {"type": "Feature", "properties": {"name": "Linear Feature 21", "painted_line_type": "BROKEN_WHITE", "lighting_line_type": null}, "geometry": {"type": "LineString", "coordinates": [[-0.1715385, 51.1596979], [-0.17147082, 51.15970051], [-0.17166175, 51.15969936]]}}, {"type": "Feature", "properties": {"name": "Linear Feature 21", "painted_line_type": "BROKEN_WHITE", "lighting_line_type": null}, "geometry": {"type": "LineString", "coordinates": [[-0.17155883, 51.15971567], [-0.17145874, 51.15973152], [-0.17166446, 51.15970434]]}}, {"type": "Feature", "properties": {"name": "Linear Feature 21", "painted_line_type": "BROKEN_WHITE", "lighting_line_type": null}, "geometry": {"type": "LineString", "coordinates": [[-0.17157693, 51.15973005], [-0.17151718, 51.15974759], [-0.17145743, 51.15976515], [-0.17157292, 51.15973788], [-0.17150137, 51.15979503], [-0.17166949, 51.15970824]]}}, {"type": "Feature", "properties": {"name": "Linear Feature 21", "painted_line_type": "BROKEN_WHITE", "lighting_line_type": null}, "geometry": {"type": "LineString", "coordinates": [[-0.17161601, 51.15976458], [-0.17154711, 51.15982493], [-0.17168315, 51.1597133]]}}, {"type": "Feature", "properties": {"name": "Linear Feature 21", "painted_line_type": "BROKEN_WHITE", "lighting_line_type": null}, "geometry": {"type": "LineString", "coordinates": [[-0.16650984, 51.15863519], [-0.166539613505185, 51.158640070210375], [-0.166566862441482, 51.1586484050163], [-0.16659135344, 51.158659771680014], [-0.166612853131852, 51.158673747463716], [-0.166631128148148, 51.15868990962964], [-0.16664594512, 51.15870783544001], [-0.166657070678519, 51.15872710215704], [-0.166664271454815, 51.15874728704297], [-0.16666731408, 51.158767967360006], [-0.166665965185185, 51.158788720370374], [-0.166659991401481, 51.1588091233363], [-0.16664915936, 51.158828753520005], [-0.166633235691852, 51.158847188183714], [-0.166611987028148, 51.15886400458963], [-0.16658518, 51.15887878]]}}, {"type": "Feature", "properties": {"name": "Linear Feature 20", "painted_line_type": "WIDE_BROKEN_WHITE", "lighting_line_type": null}, "geometry": {"type": "LineString", "coordinates": [[-0.1667496, 51.15862722], [-0.166733352177778, 51.158629500400004], [-0.166717142044444, 51.158631530933334], [-0.1667009696, 51.1586333116], [-0.166684834844444, 51.158634842400005], [-0.166668737777778, 51.15863612333333], [-0.1666526784, 51.1586371544], [-0.166636656711111, 51.1586379356], [-0.166620672711111, 51.158638466933326], [-0.1666047264, 51.158638748399994], [-0.166588817777778, 51.15863878], [-0.166572946844444, 51.158638561733326], [-0.1665571136, 51.158638093600004], [-0.166541318044444, 51.158637375599994], [-0.166525560177778, 51.15863640773333], [-0.16650984, 51.15863519]]}}, {"type": "Feature", "properties": {"name": "Linear Feature 20", "painted_line_type": "BROKEN_WHITE", "lighting_line_type": null}, "geometry": {"type": "LineString", "coordinates": [[-0.16649952, 51.15863341], [-0.16631463, 51.15861612]]}}, {"type": "Feature", "properties": {"name": "Linear Feature 8", "painted_line_type": "BROKEN_WHITE", "lighting_line_type": null}, "geometry": {"type": "LineString", "coordinates": [[-0.18346013, 51.16090417], [-0.18349325, 51.1608628], [-0.18351712, 51.16083393]]}}]}