{"type":"FeatureCollection","icao":"KBOS","center":[-71.0096,42.3656],"features":[{"type":"Feature","properties":{"aeroway":"holding_position","ref":null,"name":null,"surface":null,"id":269938896},"geometry":{"type":"Point","coordinates":[-71.0022796,42.3615354]}},{"type":"Feature","properties":{"aeroway":"holding_position","ref":null,"name":null,"surface":null,"id":269940078},"geometry":{"type":"Point","coordinates":[-71.0092447,42.372689]}},{"type":"Feature","properties":{"aeroway":"holding_position","ref":null,"name":null,"surface":null,"id":269940093},"geometry":{"type":"Point","coordinates":[-71.0037337,42.3778382]}},{"type":"Feature","properties":{"aeroway":"holding_position","ref":null,"name":null,"surface":null,"id":269940121},"geometry":{"type":"Point","coordinates":[-71.0019895,42.3736715]}},{"type":"Feature","properties":{"aeroway":"holding_position","ref":null,"name":null,"surface":null,"id":269940139},"geometry":{"type":"Point","coordinates":[-71.0020873,42.3773967]}},{"type":"Feature","properties":{"aeroway":"holding_position","ref":null,"name":null,"surface":null,"id":270138232},"geometry":{"type":"Point","coordinates":[-71.0135851,42.3575503]}},{"type":"Feature","properties":{"aeroway":"holding_position","ref":null,"name":null,"surface":null,"id":270138444},"geometry":{"type":"Point","coordinates":[-71.0184899,42.3736269]}},{"type":"Feature","properties":{"aeroway":"holding_position","ref":"K@27/9","name":null,"surface":null,"id":270145719},"geometry":{"type":"Point","coordinates":[-71.011816,42.3567412]}},{"type":"Feature","properties":{"aeroway":"holding_position","ref":null,"name":null,"surface":null,"id":270206697},"geometry":{"type":"Point","coordinates":[-71.0130891,42.3565162]}},{"type":"Feature","properties":{"aeroway":"gate","ref":"C7/E1","name":null,"surface":null,"id":325382797},"geometry":{"type":"Point","coordinates":[-71.0182871,42.3685164]}},{"type":"Feature","properties":{"aeroway":"gate","ref":"E1A","name":null,"surface":null,"id":325382826},"geometry":{"type":"Point","coordinates":[-71.0181391,42.3681318]}},{"type":"Feature","properties":{"aeroway":"gate","ref":"C8","name":null,"surface":null,"id":325382863},"geometry":{"type":"Point","coordinates":[-71.0177198,42.3677563]}},{"type":"Feature","properties":{"aeroway":"gate","ref":"C9","name":null,"surface":null,"id":325382896},"geometry":{"type":"Point","coordinates":[-71.0174102,42.3675001]}},{"type":"Feature","properties":{"aeroway":"gate","ref":"C10","name":null,"surface":null,"id":325382903},"geometry":{"type":"Point","coordinates":[-71.0169846,42.3673489]}},{"type":"Feature","properties":{"aeroway":"holding_position","ref":null,"name":null,"surface":null,"id":941926641},"geometry":{"type":"Point","coordinates":[-71.0225268,42.3570545]}},{"type":"Feature","properties":{"aeroway":"holding_position","ref":null,"name":null,"surface":null,"id":941926801},"geometry":{"type":"Point","coordinates":[-71.0194512,42.3554081]}},{"type":"Feature","properties":{"aeroway":"holding_position","ref":null,"name":null,"surface":null,"id":1009328466},"geometry":{"type":"Point","coordinates":[-71.0161487,42.3719082]}},{"type":"Feature","properties":{"aeroway":"holding_position","ref":null,"name":null,"surface":null,"id":1009328601},"geometry":{"type":"Point","coordinates":[-71.0192234,42.3725733]}},{"type":"Feature","properties":{"aeroway":"gate","ref":"C6/E2","name":null,"surface":null,"id":2446018389},"geometry":{"type":"Point","coordinates":[-71.0182088,42.3688962]}},{"type":"Feature","properties":{"aeroway":"gate","ref":"E4","name":null,"surface":null,"id":2446018434},"geometry":{"type":"Point","coordinates":[-71.0177903,42.3698891]}},{"type":"Feature","properties":{"aeroway":"gate","ref":"E5","name":null,"surface":null,"id":2446018443},"geometry":{"type":"Point","coordinates":[-71.0178251,42.3700006]}},{"type":"Feature","properties":{"aeroway":"gate","ref":"E6","name":null,"surface":null,"id":2446018446},"geometry":{"type":"Point","coordinates":[-71.0178822,42.3700275]}},{"type":"Feature","properties":{"aeroway":"gate","ref":"E7","name":null,"surface":null,"id":2446018458},"geometry":{"type":"Point","coordinates":[-71.0185941,42.3703479]}},{"type":"Feature","properties":{"aeroway":"gate","ref":"E8","name":null,"surface":null,"id":2446018463},"geometry":{"type":"Point","coordinates":[-71.0192148,42.3706328]}},{"type":"Feature","properties":{"aeroway":"holding_position","ref":null,"name":null,"surface":null,"id":2488255962},"geometry":{"type":"Point","coordinates":[-71.0222928,42.3609978]}},{"type":"Feature","properties":{"aeroway":"gate","ref":"A16","name":null,"surface":null,"id":2687238418},"geometry":{"type":"Point","coordinates":[-71.0248473,42.3621834]}},{"type":"Feature","properties":{"aeroway":"gate","ref":"A22","name":null,"surface":null,"id":2687238419},"geometry":{"type":"Point","coordinates":[-71.0247633,42.3647383]}},{"type":"Feature","properties":{"aeroway":"gate","ref":"A13","name":null,"surface":null,"id":2687238421},"geometry":{"type":"Point","coordinates":[-71.0247342,42.3611207]}},{"type":"Feature","properties":{"aeroway":"gate","ref":"A19","name":null,"surface":null,"id":2687238422},"geometry":{"type":"Point","coordinates":[-71.0246468,42.3635898]}},{"type":"Feature","properties":{"aeroway":"gate","ref":"A17","name":null,"surface":null,"id":2687238425},"geometry":{"type":"Point","coordinates":[-71.0247536,42.3625063]}},{"type":"Feature","properties":{"aeroway":"gate","ref":"A20","name":null,"surface":null,"id":2687238426},"geometry":{"type":"Point","coordinates":[-71.0246877,42.3639865]}},{"type":"Feature","properties":{"aeroway":"gate","ref":"A14","name":"A14","surface":null,"id":2687238428},"geometry":{"type":"Point","coordinates":[-71.0249393,42.3615768]}},{"type":"Feature","properties":{"aeroway":"gate","ref":"A15","name":null,"surface":null,"id":2687238431},"geometry":{"type":"Point","coordinates":[-71.024873,42.3618509]}},{"type":"Feature","properties":{"aeroway":"gate","ref":"A18","name":null,"surface":null,"id":2687238432},"geometry":{"type":"Point","coordinates":[-71.0246656,42.3633872]}},{"type":"Feature","properties":{"aeroway":"gate","ref":"A21","name":null,"surface":null,"id":2687238433},"geometry":{"type":"Point","coordinates":[-71.0247706,42.3643847]}},{"type":"Feature","properties":{"aeroway":"gate","ref":"B35","name":"B35","surface":null,"id":2826311396},"geometry":{"type":"Point","coordinates":[-71.0164768,42.3634565]}},{"type":"Feature","properties":{"aeroway":"gate","ref":"B31","name":"B31","surface":null,"id":2826311397},"geometry":{"type":"Point","coordinates":[-71.0165169,42.363235]}},{"type":"Feature","properties":{"aeroway":"gate","ref":"B36","name":"B36","surface":null,"id":2826311398},"geometry":{"type":"Point","coordinates":[-71.0168542,42.3633891]}},{"type":"Feature","properties":{"aeroway":"gate","ref":"B30","name":"B30","surface":null,"id":2826311399},"geometry":{"type":"Point","coordinates":[-71.0168971,42.3631671]}},{"type":"Feature","properties":{"aeroway":"gate","ref":"B32","name":"B32","surface":null,"id":2826317601},"geometry":{"type":"Point","coordinates":[-71.0160712,42.3633083]}},{"type":"Feature","properties":{"aeroway":"gate","ref":"B33","name":"B33","surface":null,"id":2826317602},"geometry":{"type":"Point","coordinates":[-71.0160764,42.3634064]}},{"type":"Feature","properties":{"aeroway":"gate","ref":"B34","name":"B34","surface":null,"id":2826317603},"geometry":{"type":"Point","coordinates":[-71.0161428,42.3635355]}},{"type":"Feature","properties":{"aeroway":"holding_position","ref":"4","name":null,"surface":null,"id":3487714174},"geometry":{"type":"Point","coordinates":[-71.0225602,42.3631821]}},{"type":"Feature","properties":{"aeroway":"gate","ref":"A8","name":null,"surface":null,"id":3487782833},"geometry":{"type":"Point","coordinates":[-71.021385,42.363948]}},{"type":"Feature","properties":{"aeroway":"gate","ref":"A7","name":null,"surface":null,"id":3487782842},"geometry":{"type":"Point","coordinates":[-71.0215908,42.3640398]}},{"type":"Feature","properties":{"aeroway":"gate","ref":"A5","name":null,"surface":null,"id":3487782872},"geometry":{"type":"Point","coordinates":[-71.0225196,42.3644638]}},{"type":"Feature","properties":{"aeroway":"gate","ref":"A6","name":null,"surface":null,"id":3487787907},"geometry":{"type":"Point","coordinates":[-71.0222711,42.3643494]}},{"type":"Feature","properties":{"aeroway":"gate","ref":"A3","name":null,"surface":null,"id":3487787919},"geometry":{"type":"Point","coordinates":[-71.0228125,42.365097]}},{"type":"Feature","properties":{"aeroway":"gate","ref":"A4","name":null,"surface":null,"id":3487787924},"geometry":{"type":"Point","coordinates":[-71.0228643,42.3646538]}},{"type":"Feature","properties":{"aeroway":"gate","ref":"A2","name":null,"surface":null,"id":3487787999},"geometry":{"type":"Point","coordinates":[-71.0228101,42.3652278]}},{"type":"Feature","properties":{"aeroway":"gate","ref":"A1","name":null,"surface":null,"id":3487788003},"geometry":{"type":"Point","coordinates":[-71.0228971,42.3655692]}},{"type":"Feature","properties":{"aeroway":"gate","ref":"A11","name":null,"surface":null,"id":3487788012},"geometry":{"type":"Point","coordinates":[-71.0207291,42.3639347]}},{"type":"Feature","properties":{"aeroway":"gate","ref":"A10","name":null,"surface":null,"id":3487804267},"geometry":{"type":"Point","coordinates":[-71.0209595,42.3637823]}},{"type":"Feature","properties":{"aeroway":"gate","ref":"A9","name":null,"surface":null,"id":3487804287},"geometry":{"type":"Point","coordinates":[-71.0210822,42.3638082]}},{"type":"Feature","properties":{"aeroway":"gate","ref":"B21","name":null,"surface":null,"id":3487843818},"geometry":{"type":"Point","coordinates":[-71.0177139,42.3601462]}},{"type":"Feature","properties":{"aeroway":"gate","ref":"B17","name":null,"surface":null,"id":3487843830},"geometry":{"type":"Point","coordinates":[-71.0189961,42.3607385]}},{"type":"Feature","properties":{"aeroway":"gate","ref":"B26","name":null,"surface":null,"id":3487843831},"geometry":{"type":"Point","coordinates":[-71.0169661,42.3615155]}},{"type":"Feature","properties":{"aeroway":"gate","ref":"B14","name":null,"surface":null,"id":3487843843},"geometry":{"type":"Point","coordinates":[-71.0196721,42.3612885]}},{"type":"Feature","properties":{"aeroway":"gate","ref":"B23","name":null,"surface":null,"id":3487843846},"geometry":{"type":"Point","coordinates":[-71.01751,42.3604078]}},{"type":"Feature","properties":{"aeroway":"gate","ref":"B16","name":null,"surface":null,"id":3487843850},"geometry":{"type":"Point","coordinates":[-71.0191015,42.3609401]}},{"type":"Feature","properties":{"aeroway":"gate","ref":"B27","name":null,"surface":null,"id":3487843859},"geometry":{"type":"Point","coordinates":[-71.0168711,42.3617102]}},{"type":"Feature","properties":{"aeroway":"gate","ref":"B18","name":null,"surface":null,"id":3487843866},"geometry":{"type":"Point","coordinates":[-71.0187593,42.3605318]}},{"type":"Feature","properties":{"aeroway":"gate","ref":"B20","name":null,"surface":null,"id":3487843870},"geometry":{"type":"Point","coordinates":[-71.0179245,42.3601372]}},{"type":"Feature","properties":{"aeroway":"gate","ref":"B25","name":null,"surface":null,"id":3487843876},"geometry":{"type":"Point","coordinates":[-71.0170932,42.3612575]}},{"type":"Feature","properties":{"aeroway":"gate","ref":"B22","name":null,"surface":null,"id":3487843883},"geometry":{"type":"Point","coordinates":[-71.0176148,42.3601983]}},{"type":"Feature","properties":{"aeroway":"gate","ref":"B28","name":null,"surface":null,"id":3487843888},"geometry":{"type":"Point","coordinates":[-71.0169555,42.3617974]}},{"type":"Feature","properties":{"aeroway":"gate","ref":"B29","name":null,"surface":null,"id":3487843889},"geometry":{"type":"Point","coordinates":[-71.0173268,42.3628742]}},{"type":"Feature","properties":{"aeroway":"gate","ref":"B19","name":null,"surface":null,"id":3487843996},"geometry":{"type":"Point","coordinates":[-71.0182629,42.3602746]}},{"type":"Feature","properties":{"aeroway":"gate","ref":"B24","name":null,"surface":null,"id":3487843998},"geometry":{"type":"Point","coordinates":[-71.0172503,42.3609371]}},{"type":"Feature","properties":{"aeroway":"gate","ref":"B2","name":null,"surface":null,"id":3487861613},"geometry":{"type":"Point","coordinates":[-71.0193965,42.3630117]}},{"type":"Feature","properties":{"aeroway":"gate","ref":"B10","name":null,"surface":null,"id":3487861614},"geometry":{"type":"Point","coordinates":[-71.0213073,42.3617611]}},{"type":"Feature","properties":{"aeroway":"gate","ref":"B7","name":null,"surface":null,"id":3487861617},"geometry":{"type":"Point","coordinates":[-71.0208762,42.3616087]}},{"type":"Feature","properties":{"aeroway":"gate","ref":"B1","name":null,"surface":null,"id":3487861621},"geometry":{"type":"Point","coordinates":[-71.0193519,42.3630186]}},{"type":"Feature","properties":{"aeroway":"gate","ref":"B12","name":null,"surface":null,"id":3487861622},"geometry":{"type":"Point","coordinates":[-71.0215209,42.3617013]}},{"type":"Feature","properties":{"aeroway":"gate","ref":"B4","name":null,"surface":null,"id":3487861623},"geometry":{"type":"Point","coordinates":[-71.020036,42.3619777]}},{"type":"Feature","properties":{"aeroway":"gate","ref":"B9","name":null,"surface":null,"id":3487861624},"geometry":{"type":"Point","coordinates":[-71.0210861,42.3615796]}},{"type":"Feature","properties":{"aeroway":"gate","ref":"B5","name":null,"surface":null,"id":3487861629},"geometry":{"type":"Point","coordinates":[-71.0201636,42.3617387]}},{"type":"Feature","properties":{"aeroway":"gate","ref":"B8","name":null,"surface":null,"id":3487861631},"geometry":{"type":"Point","coordinates":[-71.0208392,42.3619124]}},{"type":"Feature","properties":{"aeroway":"gate","ref":"B3","name":null,"surface":null,"id":3487861634},"geometry":{"type":"Point","coordinates":[-71.0195702,42.3628463]}},{"type":"Feature","properties":{"aeroway":"gate","ref":"B6","name":null,"surface":null,"id":3487861635},"geometry":{"type":"Point","coordinates":[-71.0204188,42.3619864]}},{"type":"Feature","properties":{"aeroway":"gate","ref":"B11","name":null,"surface":null,"id":3487861639},"geometry":{"type":"Point","coordinates":[-71.0212208,42.361557]}},{"type":"Feature","properties":{"aeroway":"gate","ref":"B15","name":null,"surface":null,"id":3487861642},"geometry":{"type":"Point","coordinates":[-71.0193584,42.3610124]}},{"type":"Feature","properties":{"aeroway":"gate","ref":"B37","name":null,"surface":null,"id":3490139304},"geometry":{"type":"Point","coordinates":[-71.0181423,42.3638573]}},{"type":"Feature","properties":{"aeroway":"gate","ref":"B38","name":null,"surface":null,"id":3490139306},"geometry":{"type":"Point","coordinates":[-71.0182181,42.3640902]}},{"type":"Feature","properties":{"aeroway":"gate","ref":"C29","name":null,"surface":null,"id":3490208025},"geometry":{"type":"Point","coordinates":[-71.0147247,42.3651876]}},{"type":"Feature","properties":{"aeroway":"gate","ref":"C31","name":null,"surface":null,"id":3490208026},"geometry":{"type":"Point","coordinates":[-71.0149243,42.3649578]}},{"type":"Feature","properties":{"aeroway":"gate","ref":"C25","name":null,"surface":null,"id":3490208031},"geometry":{"type":"Point","coordinates":[-71.0160952,42.3658513]}},{"type":"Feature","properties":{"aeroway":"gate","ref":"C12","name":null,"surface":null,"id":3490208037},"geometry":{"type":"Point","coordinates":[-71.0157425,42.3671925]}},{"type":"Feature","properties":{"aeroway":"gate","ref":"C30","name":null,"surface":null,"id":3490208049},"geometry":{"type":"Point","coordinates":[-71.014497,42.3654597]}},{"type":"Feature","properties":{"aeroway":"gate","ref":"C21","name":null,"surface":null,"id":3490208054},"geometry":{"type":"Point","coordinates":[-71.0142817,42.3675916]}},{"type":"Feature","properties":{"aeroway":"gate","ref":"C32","name":null,"surface":null,"id":3490208055},"geometry":{"type":"Point","coordinates":[-71.014272,42.3657313]}},{"type":"Feature","properties":{"aeroway":"gate","ref":"C33","name":null,"surface":null,"id":3490208059},"geometry":{"type":"Point","coordinates":[-71.0151599,42.3650567]}},{"type":"Feature","properties":{"aeroway":"gate","ref":"C24","name":null,"surface":null,"id":3490208061},"geometry":{"type":"Point","coordinates":[-71.0170612,42.3657518]}},{"type":"Feature","properties":{"aeroway":"gate","ref":"C23","name":null,"surface":null,"id":3490208072},"geometry":{"type":"Point","coordinates":[-71.0177316,42.3652515]}},{"type":"Feature","properties":{"aeroway":"gate","ref":"C14","name":null,"surface":null,"id":3490208082},"geometry":{"type":"Point","coordinates":[-71.0150999,42.3676129]}},{"type":"Feature","properties":{"aeroway":"gate","ref":"C28","name":null,"surface":null,"id":3490208087},"geometry":{"type":"Point","coordinates":[-71.0148893,42.3658183]}},{"type":"Feature","properties":{"aeroway":"gate","ref":"C20","name":null,"surface":null,"id":3490208091},"geometry":{"type":"Point","coordinates":[-71.0144371,42.367721]}},{"type":"Feature","properties":{"aeroway":"gate","ref":"C34","name":null,"surface":null,"id":3490208196},"geometry":{"type":"Point","coordinates":[-71.0139973,42.3660612]}},{"type":"Feature","properties":{"aeroway":"gate","ref":"C26","name":null,"surface":null,"id":3490208200},"geometry":{"type":"Point","coordinates":[-71.015423,42.3660679]}},{"type":"Feature","properties":{"aeroway":"gate","ref":"C27","name":null,"surface":null,"id":3490208220},"geometry":{"type":"Point","coordinates":[-71.0153117,42.3657465]}},{"type":"Feature","properties":{"aeroway":"gate","ref":"C36","name":null,"surface":null,"id":3490208221},"geometry":{"type":"Point","coordinates":[-71.0141986,42.3661781]}},{"type":"Feature","properties":{"aeroway":"gate","ref":"C22","name":null,"surface":null,"id":3490208222},"geometry":{"type":"Point","coordinates":[-71.014419,42.3674845]}},{"type":"Feature","properties":{"aeroway":"gate","ref":"C11","name":null,"surface":null,"id":3490215759},"geometry":{"type":"Point","coordinates":[-71.0157292,42.3675103]}},{"type":"Feature","properties":{"aeroway":"gate","ref":"C16","name":null,"surface":null,"id":3490215762},"geometry":{"type":"Point","coordinates":[-71.0156619,42.3684354]}},{"type":"Feature","properties":{"aeroway":"gate","ref":"C17","name":null,"surface":null,"id":3490215767},"geometry":{"type":"Point","coordinates":[-71.0154146,42.3685211]}},{"type":"Feature","properties":{"aeroway":"gate","ref":"C15","name":null,"surface":null,"id":3490215769},"geometry":{"type":"Point","coordinates":[-71.0153105,42.3677856]}},{"type":"Feature","properties":{"aeroway":"gate","ref":"C19","name":null,"surface":null,"id":3490215777},"geometry":{"type":"Point","coordinates":[-71.0150149,42.3681932]}},{"type":"Feature","properties":{"aeroway":"gate","ref":"C18","name":null,"surface":null,"id":3490215781},"geometry":{"type":"Point","coordinates":[-71.0152479,42.3683844]}},{"type":"Feature","properties":{"aeroway":"holding_position","ref":null,"name":null,"surface":null,"id":4202958424},"geometry":{"type":"Point","coordinates":[-70.9915523,42.3603487]}},{"type":"Feature","properties":{"aeroway":"holding_position","ref":null,"name":null,"surface":null,"id":4202992542},"geometry":{"type":"Point","coordinates":[-71.0084317,42.3661464]}},{"type":"Feature","properties":{"aeroway":"holding_position","ref":null,"name":null,"surface":null,"id":4203101978},"geometry":{"type":"Point","coordinates":[-71.0085207,42.3740843]}},{"type":"Feature","properties":{"aeroway":"holding_position","ref":null,"name":null,"surface":null,"id":4203132304},"geometry":{"type":"Point","coordinates":[-71.0029273,42.3761512]}},{"type":"Feature","properties":{"aeroway":"holding_position","ref":null,"name":null,"surface":null,"id":4203132315},"geometry":{"type":"Point","coordinates":[-71.0006076,42.3770008]}},{"type":"Feature","properties":{"aeroway":"holding_position","ref":null,"name":null,"surface":null,"id":4734928528},"geometry":{"type":"Point","coordinates":[-71.0147483,42.3534201]}},{"type":"Feature","properties":{"aeroway":"holding_position","ref":null,"name":null,"surface":null,"id":4734933530},"geometry":{"type":"Point","coordinates":[-71.013643,42.3548459]}},{"type":"Feature","properties":{"aeroway":"holding_position","ref":null,"name":null,"surface":null,"id":4734939652},"geometry":{"type":"Point","coordinates":[-71.0149488,42.3587481]}},{"type":"Feature","properties":{"aeroway":"gate","ref":"E12","name":null,"surface":null,"id":5046894194},"geometry":{"type":"Point","coordinates":[-71.0216126,42.3704913]}},{"type":"Feature","properties":{"aeroway":"gate","ref":"E11","name":null,"surface":null,"id":5046894196},"geometry":{"type":"Point","coordinates":[-71.0210849,42.3709115]}},{"type":"Feature","properties":{"aeroway":"gate","ref":"E10","name":null,"surface":null,"id":5046894200},"geometry":{"type":"Point","coordinates":[-71.0205365,42.37118]}},{"type":"Feature","properties":{"aeroway":"holding_position","ref":null,"name":null,"surface":null,"id":6350439188},"geometry":{"type":"Point","coordinates":[-71.0129776,42.3524746]}},{"type":"Feature","properties":{"aeroway":"holding_position","ref":null,"name":null,"surface":null,"id":8041122696},"geometry":{"type":"Point","coordinates":[-70.9948032,42.3559702]}},{"type":"Feature","properties":{"aeroway":"gate","ref":"B31A","name":"B31A","surface":null,"id":8041236158},"geometry":{"type":"Point","coordinates":[-71.0162733,42.3632051]}},{"type":"Feature","properties":{"aeroway":"gate","ref":"B35A","name":"B35A","surface":null,"id":8041238817},"geometry":{"type":"Point","coordinates":[-71.0167009,42.3634164]}},{"type":"Feature","properties":{"aeroway":"holding_position","ref":"6","name":null,"surface":null,"id":8561915230},"geometry":{"type":"Point","coordinates":[-71.0234313,42.3625223]}},{"type":"Feature","properties":{"aeroway":"holding_position","ref":"7","name":null,"surface":null,"id":8561915231},"geometry":{"type":"Point","coordinates":[-71.0235116,42.3616455]}},{"type":"Feature","properties":{"aeroway":"holding_position","ref":"2","name":null,"surface":null,"id":8561915232},"geometry":{"type":"Point","coordinates":[-71.022468,42.3624267]}},{"type":"Feature","properties":{"aeroway":"holding_position","ref":"1","name":null,"surface":null,"id":8561915233},"geometry":{"type":"Point","coordinates":[-71.02245,42.3610685]}},{"type":"Feature","properties":{"aeroway":"holding_position","ref":"8","name":null,"surface":null,"id":8561915234},"geometry":{"type":"Point","coordinates":[-71.0229044,42.3604901]}},{"type":"Feature","properties":{"aeroway":"holding_position","ref":null,"name":null,"surface":null,"id":9315771179},"geometry":{"type":"Point","coordinates":[-71.0177783,42.3557433]}},{"type":"Feature","properties":{"aeroway":"holding_position","ref":null,"name":null,"surface":null,"id":9315771188},"geometry":{"type":"Point","coordinates":[-71.0137195,42.3515205]}},{"type":"Feature","properties":{"aeroway":"holding_position","ref":null,"name":null,"surface":null,"id":9315771189},"geometry":{"type":"Point","coordinates":[-71.0101608,42.3496236]}},{"type":"Feature","properties":{"aeroway":"holding_position","ref":null,"name":null,"surface":null,"id":9315771200},"geometry":{"type":"Point","coordinates":[-71.0116925,42.3512769]}},{"type":"Feature","properties":{"aeroway":"holding_position","ref":null,"name":null,"surface":null,"id":9315771201},"geometry":{"type":"Point","coordinates":[-71.014615,42.3528352]}},{"type":"Feature","properties":{"aeroway":"holding_position","ref":null,"name":null,"surface":null,"id":9315771202},"geometry":{"type":"Point","coordinates":[-71.0145969,42.3528288]}},{"type":"Feature","properties":{"aeroway":"holding_position","ref":null,"name":null,"surface":null,"id":9315771211},"geometry":{"type":"Point","coordinates":[-71.014715,42.3534769]}},{"type":"Feature","properties":{"aeroway":"holding_position","ref":null,"name":null,"surface":null,"id":9315771214},"geometry":{"type":"Point","coordinates":[-71.0119274,42.3540434]}},{"type":"Feature","properties":{"aeroway":"holding_position","ref":null,"name":null,"surface":null,"id":9315771621},"geometry":{"type":"Point","coordinates":[-71.0153116,42.3580091]}},{"type":"Feature","properties":{"aeroway":"holding_position","ref":null,"name":null,"surface":null,"id":9484395629},"geometry":{"type":"Point","coordinates":[-71.0065991,42.3594892]}},{"type":"Feature","properties":{"aeroway":"holding_position","ref":null,"name":null,"surface":null,"id":9484405401},"geometry":{"type":"Point","coordinates":[-70.9996331,42.3595226]}},{"type":"Feature","properties":{"aeroway":"holding_position","ref":null,"name":null,"surface":null,"id":9522497245},"geometry":{"type":"Point","coordinates":[-71.0199588,42.3742618]}},{"type":"Feature","properties":{"aeroway":"gate","ref":"C23B","name":null,"surface":null,"id":9690474625},"geometry":{"type":"Point","coordinates":[-71.0181713,42.3645924]}},{"type":"Feature","properties":{"aeroway":"gate","ref":"C23A","name":null,"surface":null,"id":9690474626},"geometry":{"type":"Point","coordinates":[-71.0178733,42.3650144]}},{"type":"Feature","properties":{"aeroway":"gate","ref":"E13","name":null,"surface":null,"id":9690686494},"geometry":{"type":"Point","coordinates":[-71.0233749,42.3703266]}},{"type":"Feature","properties":{"aeroway":"gate","ref":"E14","name":null,"surface":null,"id":9690686495},"geometry":{"type":"Point","coordinates":[-71.0242962,42.3706301]}},{"type":"Feature","properties":{"aeroway":"gate","ref":"E15","name":null,"surface":null,"id":9690686496},"geometry":{"type":"Point","coordinates":[-71.0249061,42.3710515]}},{"type":"Feature","properties":{"aeroway":"gate","ref":"E16","name":null,"surface":null,"id":9690686497},"geometry":{"type":"Point","coordinates":[-71.0254813,42.3714849]}},{"type":"Feature","properties":{"aeroway":"holding_position","ref":null,"name":null,"surface":null,"id":9781273169},"geometry":{"type":"Point","coordinates":[-71.0027813,42.3763808]}},{"type":"Feature","properties":{"aeroway":"holding_position","ref":null,"name":null,"surface":null,"id":10049446044},"geometry":{"type":"Point","coordinates":[-70.9934163,42.3549778]}},{"type":"Feature","properties":{"aeroway":"holding_position","ref":null,"name":null,"surface":null,"id":10049446045},"geometry":{"type":"Point","coordinates":[-70.9981188,42.3575864]}},{"type":"Feature","properties":{"aeroway":"holding_position","ref":null,"name":null,"surface":null,"id":10049446046},"geometry":{"type":"Point","coordinates":[-70.9998148,42.3588511]}},{"type":"Feature","properties":{"aeroway":"holding_position","ref":null,"name":null,"surface":null,"id":10049446047},"geometry":{"type":"Point","coordinates":[-70.9971682,42.3599592]}},{"type":"Feature","properties":{"aeroway":"holding_position","ref":null,"name":null,"surface":null,"id":10049446050},"geometry":{"type":"Point","coordinates":[-71.0073684,42.3642502]}},{"type":"Feature","properties":{"aeroway":"holding_position","ref":null,"name":null,"surface":null,"id":10049446051},"geometry":{"type":"Point","coordinates":[-71.009971,42.3650378]}},{"type":"Feature","properties":{"aeroway":"holding_position","ref":null,"name":null,"surface":null,"id":10049446052},"geometry":{"type":"Point","coordinates":[-71.0116782,42.36555]}},{"type":"Feature","properties":{"aeroway":"holding_position","ref":null,"name":null,"surface":null,"id":10049446054},"geometry":{"type":"Point","coordinates":[-71.0111922,42.366526]}},{"type":"Feature","properties":{"aeroway":"holding_position","ref":null,"name":null,"surface":null,"id":10049446055},"geometry":{"type":"Point","coordinates":[-71.0076643,42.3677269]}},{"type":"Feature","properties":{"aeroway":"holding_position","ref":null,"name":null,"surface":null,"id":10049446056},"geometry":{"type":"Point","coordinates":[-71.004565,42.368324]}},{"type":"Feature","properties":{"aeroway":"holding_position","ref":null,"name":null,"surface":null,"id":10049446057},"geometry":{"type":"Point","coordinates":[-71.0048363,42.3694199]}},{"type":"Feature","properties":{"aeroway":"holding_position","ref":null,"name":null,"surface":null,"id":10049446060},"geometry":{"type":"Point","coordinates":[-71.0063141,42.3705164]}},{"type":"Feature","properties":{"aeroway":"holding_position","ref":null,"name":null,"surface":null,"id":10049446061},"geometry":{"type":"Point","coordinates":[-71.0056262,42.3719376]}},{"type":"Feature","properties":{"aeroway":"holding_position","ref":null,"name":null,"surface":null,"id":10049446067},"geometry":{"type":"Point","coordinates":[-71.0010376,42.3765393]}},{"type":"Feature","properties":{"aeroway":"holding_position","ref":null,"name":null,"surface":null,"id":10049446074},"geometry":{"type":"Point","coordinates":[-71.0054881,42.3782995]}},{"type":"Feature","properties":{"aeroway":"holding_position","ref":null,"name":null,"surface":null,"id":10049446075},"geometry":{"type":"Point","coordinates":[-71.0057964,42.3776495]}},{"type":"Feature","properties":{"aeroway":"holding_position","ref":null,"name":null,"surface":null,"id":10049446076},"geometry":{"type":"Point","coordinates":[-71.0065345,42.3761389]}},{"type":"Feature","properties":{"aeroway":"holding_position","ref":null,"name":null,"surface":null,"id":10049446078},"geometry":{"type":"Point","coordinates":[-71.010899,42.3701546]}},{"type":"Feature","properties":{"aeroway":"holding_position","ref":null,"name":null,"surface":null,"id":10049618391},"geometry":{"type":"Point","coordinates":[-71.0127757,42.3631978]}},{"type":"Feature","properties":{"aeroway":"holding_position","ref":null,"name":null,"surface":null,"id":10049618392},"geometry":{"type":"Point","coordinates":[-71.0111638,42.3625129]}},{"type":"Feature","properties":{"aeroway":"holding_position","ref":null,"name":null,"surface":null,"id":10049618393},"geometry":{"type":"Point","coordinates":[-71.0059073,42.360881]}},{"type":"Feature","properties":{"aeroway":"holding_position","ref":null,"name":null,"surface":null,"id":10049618394},"geometry":{"type":"Point","coordinates":[-71.0089332,42.3592882]}},{"type":"Feature","properties":{"aeroway":"holding_position","ref":null,"name":null,"surface":null,"id":10049618395},"geometry":{"type":"Point","coordinates":[-71.0094514,42.3581477]}},{"type":"Feature","properties":{"aeroway":"holding_position","ref":null,"name":null,"surface":null,"id":10049618396},"geometry":{"type":"Point","coordinates":[-71.0074067,42.3578997]}},{"type":"Feature","properties":{"aeroway":"holding_position","ref":null,"name":null,"surface":null,"id":10049618397},"geometry":{"type":"Point","coordinates":[-71.0060081,42.3577568]}},{"type":"Feature","properties":{"aeroway":"holding_position","ref":null,"name":null,"surface":null,"id":10049618399},"geometry":{"type":"Point","coordinates":[-71.0131217,42.3585189]}},{"type":"Feature","properties":{"aeroway":"holding_position","ref":null,"name":null,"surface":null,"id":10049618400},"geometry":{"type":"Point","coordinates":[-70.9892578,42.3607042]}},{"type":"Feature","properties":{"aeroway":"holding_position","ref":null,"name":null,"surface":null,"id":10049618401},"geometry":{"type":"Point","coordinates":[-70.9883015,42.3608971]}},{"type":"Feature","properties":{"aeroway":"holding_position","ref":null,"name":null,"surface":null,"id":10094931931},"geometry":{"type":"Point","coordinates":[-71.0122074,42.3689437]}},{"type":"Feature","properties":{"aeroway":"gate","ref":"E12","name":null,"surface":null,"id":10100829936},"geometry":{"type":"Point","coordinates":[-71.0216087,42.37039]}},{"type":"Feature","properties":{"aeroway":"holding_position","ref":null,"name":null,"surface":null,"id":10800086142},"geometry":{"type":"Point","coordinates":[-71.0078427,42.3614631]}},{"type":"Feature","properties":{"aeroway":"holding_position","ref":null,"name":null,"surface":null,"id":10800086143},"geometry":{"type":"Point","coordinates":[-71.0078725,42.3614102]}},{"type":"Feature","properties":{"aeroway":"holding_position","ref":null,"name":null,"surface":null,"id":10800086145},"geometry":{"type":"Point","coordinates":[-71.0066982,42.3717764]}},{"type":"Feature","properties":{"aeroway":"holding_position","ref":null,"name":null,"surface":null,"id":10800086146},"geometry":{"type":"Point","coordinates":[-71.0169428,42.3559648]}},{"type":"Feature","properties":{"aeroway":"holding_position","ref":null,"name":null,"surface":null,"id":10800086147},"geometry":{"type":"Point","coordinates":[-71.016896,42.3559489]}},{"type":"Feature","properties":{"aeroway":"holding_position","ref":null,"name":null,"surface":null,"id":10800086149},"geometry":{"type":"Point","coordinates":[-71.0080008,42.3566131]}},{"type":"Feature","properties":{"aeroway":"holding_position","ref":null,"name":null,"surface":null,"id":10800086150},"geometry":{"type":"Point","coordinates":[-71.0087814,42.3572824]}},{"type":"Feature","properties":{"aeroway":"holding_position","ref":null,"name":null,"surface":null,"id":10800086151},"geometry":{"type":"Point","coordinates":[-70.9980408,42.3583826]}},{"type":"Feature","properties":{"aeroway":"holding_position","ref":null,"name":null,"surface":null,"id":10800086152},"geometry":{"type":"Point","coordinates":[-70.9977258,42.3592295]}},{"type":"Feature","properties":{"aeroway":"gate","ref":"E3A","name":null,"surface":null,"id":11013329531},"geometry":{"type":"Point","coordinates":[-71.0177629,42.36957]}},{"type":"Feature","properties":{"aeroway":"gate","ref":"E8A","name":null,"surface":null,"id":11013329542},"geometry":{"type":"Point","coordinates":[-71.0191147,42.3706734]}},{"type":"Feature","properties":{"aeroway":"gate","ref":"E9","name":null,"surface":null,"id":11299009876},"geometry":{"type":"Point","coordinates":[-71.0200641,42.3710124]}},{"type":"Feature","properties":{"aeroway":"gate","ref":"E10","name":null,"surface":null,"id":11299010072},"geometry":{"type":"Point","coordinates":[-71.0204352,42.3712511]}},{"type":"Feature","properties":{"aeroway":"gate","ref":"E11","name":null,"surface":null,"id":11299010077},"geometry":{"type":"Point","coordinates":[-71.0209939,42.3708313]}},{"type":"Feature","properties":{"aeroway":"gate","ref":"E14A","name":null,"surface":null,"id":11581046272},"geometry":{"type":"Point","coordinates":[-71.0241609,42.3705908]}},{"type":"Feature","properties":{"aeroway":"gate","ref":"E15A","name":null,"surface":null,"id":11581046274},"geometry":{"type":"Point","coordinates":[-71.0247815,42.3709911]}},{"type":"Feature","properties":{"aeroway":"windsock","ref":null,"name":null,"surface":null,"id":12102834414},"geometry":{"type":"Point","coordinates":[-70.9943629,42.3555503]}},{"type":"Feature","properties":{"aeroway":"windsock","ref":null,"name":null,"surface":null,"id":12102834415},"geometry":{"type":"Point","coordinates":[-71.0110192,42.355161]}},{"type":"Feature","properties":{"aeroway":"holding_position","ref":null,"name":null,"surface":null,"id":12102834416},"geometry":{"type":"Point","coordinates":[-71.0093828,42.349207]}},{"type":"Feature","properties":{"aeroway":"windsock","ref":null,"name":null,"surface":null,"id":12102834417},"geometry":{"type":"Point","coordinates":[-71.0107359,42.3490909]}},{"type":"Feature","properties":{"aeroway":"windsock","ref":null,"name":null,"surface":null,"id":12102834418},"geometry":{"type":"Point","coordinates":[-71.0043906,42.3764732]}},{"type":"Feature","properties":{"aeroway":"windsock","ref":null,"name":null,"surface":null,"id":12102834419},"geometry":{"type":"Point","coordinates":[-71.0028906,42.3740317]}},{"type":"Feature","properties":{"aeroway":"windsock","ref":null,"name":null,"surface":null,"id":12102834420},"geometry":{"type":"Point","coordinates":[-71.0145073,42.3709401]}},{"type":"Feature","properties":{"aeroway":"windsock","ref":null,"name":null,"surface":null,"id":12102834427},"geometry":{"type":"Point","coordinates":[-70.9904016,42.3605601]}},{"type":"Feature","properties":{"aeroway":"holding_position","ref":null,"name":null,"surface":null,"id":12102834428},"geometry":{"type":"Point","coordinates":[-71.0020039,42.3591001]}},{"type":"Feature","properties":{"aeroway":"holding_position","ref":null,"name":null,"surface":null,"id":12102834429},"geometry":{"type":"Point","coordinates":[-71.0077455,42.3715979]}},{"type":"Feature","properties":{"aeroway":"holding_position","ref":null,"name":null,"surface":null,"id":12102834430},"geometry":{"type":"Point","coordinates":[-71.0038939,42.3696867]}},{"type":"Feature","properties":{"aeroway":"holding_position","ref":null,"name":null,"surface":null,"id":12102834431},"geometry":{"type":"Point","coordinates":[-71.0043672,42.364185]}},{"type":"Feature","properties":{"aeroway":"holding_position","ref":null,"name":null,"surface":null,"id":12102873639},"geometry":{"type":"Point","coordinates":[-71.0040539,42.3608846]}},{"type":"Feature","properties":{"aeroway":"holding_position","ref":null,"name":null,"surface":null,"id":12102873640},"geometry":{"type":"Point","coordinates":[-71.0030907,42.3608864]}},{"type":"Feature","properties":{"aeroway":"windsock","ref":null,"name":null,"surface":null,"id":12108741018},"geometry":{"type":"Point","coordinates":[-71.004625,42.3717891]}},{"type":"Feature","properties":{"aeroway":"parking_position","ref":"Hardstand 14A","name":null,"surface":null,"id":12292344241},"geometry":{"type":"Point","coordinates":[-71.0232502,42.357627]}},{"type":"Feature","properties":{"aeroway":"parking_position","ref":"Hardstand 14B","name":null,"surface":null,"id":12292344242},"geometry":{"type":"Point","coordinates":[-71.0235211,42.357795]}},{"type":"Feature","properties":{"aeroway":"parking_position","ref":"Hardstand 14C","name":null,"surface":null,"id":12292344243},"geometry":{"type":"Point","coordinates":[-71.023961,42.3579892]}},{"type":"Feature","properties":{"aeroway":"parking_position","ref":"Hardstand 14D","name":null,"surface":null,"id":12292344244},"geometry":{"type":"Point","coordinates":[-71.0243955,42.3581785]}},{"type":"Feature","properties":{"aeroway":"parking_position","ref":"Hardstand 14E","name":null,"surface":null,"id":12292344245},"geometry":{"type":"Point","coordinates":[-71.0248501,42.3583757]}},{"type":"Feature","properties":{"aeroway":"parking_position","ref":"Hardstand 14F","name":null,"surface":null,"id":12292344246},"geometry":{"type":"Point","coordinates":[-71.02529,42.358568]}},{"type":"Feature","properties":{"aeroway":"parking_position","ref":"Hardstand 14G","name":null,"surface":null,"id":12292344247},"geometry":{"type":"Point","coordinates":[-71.0265654,42.3576503]}},{"type":"Feature","properties":{"aeroway":"parking_position","ref":"Hardstand 14H","name":null,"surface":null,"id":12292344248},"geometry":{"type":"Point","coordinates":[-71.0261296,42.3573332]}},{"type":"Feature","properties":{"aeroway":"parking_position","ref":"Hardstand 14I","name":null,"surface":null,"id":12292344249},"geometry":{"type":"Point","coordinates":[-71.0257031,42.3571251]}},{"type":"Feature","properties":{"aeroway":"parking_position","ref":"Hardstand 14J","name":null,"surface":null,"id":12292344250},"geometry":{"type":"Point","coordinates":[-71.0252753,42.3569199]}},{"type":"Feature","properties":{"aeroway":"parking_position","ref":"Hardstand 14K","name":null,"surface":null,"id":12292344251},"geometry":{"type":"Point","coordinates":[-71.0248542,42.3567148]}},{"type":"Feature","properties":{"aeroway":"parking_position","ref":"Hardstand 14L","name":null,"surface":null,"id":12292344252},"geometry":{"type":"Point","coordinates":[-71.0244304,42.3565077]}},{"type":"Feature","properties":{"aeroway":"parking_position","ref":"Hardstand 14M","name":null,"surface":null,"id":12292344253},"geometry":{"type":"Point","coordinates":[-71.0240053,42.3562985]}},{"type":"Feature","properties":{"aeroway":"gate","ref":"E3","name":null,"surface":null,"id":13416474008},"geometry":{"type":"Point","coordinates":[-71.0177239,42.36946]}},{"type":"Feature","properties":{"aeroway":"holding_position","ref":null,"name":null,"surface":null,"id":13599084702},"geometry":{"type":"Point","coordinates":[-71.0072861,42.3652797]}},{"type":"Feature","properties":{"aeroway":"runway","ref":"15R/33L","name":null,"surface":"asphalt","id":4824114},"geometry":{"type":"LineString","coordinates":[[-71.0155798,42.3725528],[-71.0151162,42.3722068],[-71.0114817,42.3694977],[-71.0110715,42.3691905],[-71.0094871,42.3680064],[-71.0080476,42.3669355],[-71.0059139,42.3653481],[-71.0053644,42.3649413],[-71.0051586,42.3647756],[-71.0043672,42.364185],[-71.004272,42.364114],[-71.0024464,42.3627514],[-71.0021466,42.3625276],[-71.0017709,42.3622472],[-70.9992943,42.3603988],[-70.9984083,42.3597401],[-70.9977258,42.3592295],[-70.9968697,42.3585891],[-70.9943633,42.3567303],[-70.9942236,42.3566267],[-70.9937651,42.3562793],[-70.99309,42.3557678],[-70.9929622,42.3556724],[-70.9922998,42.355178],[-70.9922915,42.3551718],[-70.9915828,42.3546592]]}},{"type":"Feature","properties":{"aeroway":"runway","ref":"09/27","name":null,"surface":"asphalt","id":4824115},"geometry":{"type":"LineString","coordinates":[[-71.0128869,42.3557464],[-71.0123765,42.3558369],[-71.0095135,42.3563448],[-71.009208,42.356399],[-71.0080008,42.3566131],[-71.0075354,42.3566957],[-71.0028128,42.3575335],[-71.0027106,42.3575515],[-70.9989668,42.3582193],[-70.9980408,42.3583826],[-70.9968697,42.3585891],[-70.9918889,42.3594712],[-70.991698,42.359505],[-70.9896232,42.3598731],[-70.988411,42.3600879],[-70.9882889,42.3601096],[-70.987701,42.3602139]]}},{"type":"Feature","properties":{"aeroway":"runway","ref":"4R/22L","name":null,"surface":"asphalt","id":4824116},"geometry":{"type":"LineString","coordinates":[[-71.0103392,42.3540615],[-71.0102874,42.3541685],[-71.009208,42.356399],[-71.0087814,42.3572824],[-71.0084229,42.3580301],[-71.007592,42.3597446],[-71.0072517,42.3604468],[-71.0069923,42.360983],[-71.0069178,42.3611371],[-71.006525,42.3619494],[-71.005936,42.3631686],[-71.0056628,42.3637322],[-71.0053244,42.3644324],[-71.0051586,42.3647756],[-71.0048194,42.3654762],[-71.0030778,42.3690784],[-71.0022114,42.3708685],[-71.0007942,42.3737986]]}},{"type":"Feature","properties":{"aeroway":"runway","ref":"4L/22R","name":null,"surface":"asphalt","id":4824117},"geometry":{"type":"LineString","coordinates":[[-71.0055252,42.3761764],[-71.0056619,42.3758946],[-71.0058652,42.3754754],[-71.007404,42.3723021],[-71.0077455,42.3715979],[-71.0094871,42.3680064],[-71.0100919,42.3667523],[-71.0102812,42.3663688],[-71.0104965,42.3659213],[-71.010618,42.3656741],[-71.0108045,42.3652884],[-71.0109689,42.3649505],[-71.0119928,42.3628412],[-71.0140428,42.3586115],[-71.0143196,42.3580221]]}},{"type":"Feature","properties":{"aeroway":"taxiway","ref":"C","name":null,"surface":"asphalt","id":24844914},"geometry":{"type":"LineString","coordinates":[[-70.9922998,42.355178],[-70.9926023,42.355122],[-70.9931799,42.3550185],[-70.9932041,42.3550145],[-70.9934163,42.3549778],[-70.9939977,42.3548773],[-70.9941028,42.3548641],[-70.9941848,42.3548607],[-70.9942558,42.3548646],[-70.9943321,42.3548764],[-70.9943984,42.3548895],[-70.9944674,42.3549106],[-70.9945229,42.3549288],[-70.9945757,42.354951],[-70.9947189,42.3550461],[-70.995072,42.3553117],[-70.9951151,42.355344],[-70.9956558,42.3557481],[-70.9981188,42.3575864],[-70.9989668,42.3582193],[-70.9998148,42.3588511],[-71.0003255,42.3592316],[-71.0003336,42.3592376],[-71.0005169,42.3593667],[-71.0006927,42.3594668],[-71.0008737,42.3595552],[-71.0011199,42.3596587],[-71.0013639,42.3597379],[-71.0023675,42.3599914],[-71.0033969,42.3602449],[-71.0047778,42.3605948],[-71.0059073,42.360881],[-71.0069178,42.3611371],[-71.0074397,42.3612739],[-71.0077315,42.3613627],[-71.0078725,42.3614102],[-71.0082436,42.3615354],[-71.0092933,42.3618895],[-71.0096367,42.3620039],[-71.0098419,42.3620748],[-71.0099515,42.3621087],[-71.010326,42.3622334],[-71.010751,42.362375],[-71.0108665,42.3624144],[-71.0111638,42.3625129],[-71.0114149,42.3625961],[-71.0115228,42.3626295],[-71.0116294,42.3626727],[-71.0119928,42.3628412],[-71.0127757,42.3631978],[-71.0128685,42.36324],[-71.0130682,42.3633359],[-71.0132802,42.3634316],[-71.0135301,42.3635433],[-71.0136975,42.3636201],[-71.0138643,42.3636964],[-71.0141035,42.3637664],[-71.0143926,42.3638478],[-71.01449,42.3638743]]}},{"type":"Feature","properties":{"aeroway":"taxiway","ref":"C","name":null,"surface":"asphalt","id":24844927},"geometry":{"type":"LineString","coordinates":[[-70.9932041,42.3550145],[-70.9931183,42.3550438],[-70.9930569,42.3550715],[-70.9930096,42.3551],[-70.9929674,42.3551308],[-70.9929217,42.3551775],[-70.9928839,42.355229],[-70.9928518,42.3552832],[-70.9928368,42.3553374],[-70.9928313,42.3554516],[-70.992851,42.3555145],[-70.9928773,42.3555702],[-70.9929622,42.3556724]]}},{"type":"Feature","properties":{"aeroway":"taxiway","ref":"D","name":null,"surface":"asphalt","id":24844944},"geometry":{"type":"LineString","coordinates":[[-70.9882889,42.3601096],[-70.9881955,42.3603832],[-70.9881839,42.3604203],[-70.9881796,42.3604563],[-70.9881829,42.3605195],[-70.9881965,42.3605826],[-70.9883015,42.3608971],[-70.9883681,42.3610963],[-70.9884508,42.3612349],[-70.988539,42.361311],[-70.9885781,42.36133],[-70.9886857,42.3613754],[-70.988823,42.3614008],[-70.9889116,42.3614079],[-70.9890114,42.3614014],[-70.9899355,42.3612405],[-70.9915625,42.3609505],[-70.9923112,42.3608171],[-70.9971682,42.3599592],[-70.9984083,42.3597401],[-70.99935,42.3595725],[-70.9996331,42.3595226],[-71.0005169,42.3593667],[-71.0007641,42.3593233],[-71.0020039,42.3591001],[-71.0036103,42.3588173],[-71.0037475,42.3587942],[-71.0038556,42.3587833],[-71.0039498,42.3587897],[-71.0040559,42.3588099],[-71.0065991,42.3594892],[-71.0073302,42.359684],[-71.007592,42.3597446],[-71.007862,42.3598072],[-71.0079453,42.3598092],[-71.0080107,42.3598009],[-71.0080788,42.3597871],[-71.0081504,42.3597668],[-71.0082181,42.3597367]]}},{"type":"Feature","properties":{"aeroway":"taxiway","ref":"D1","name":null,"surface":null,"id":24844960},"geometry":{"type":"LineString","coordinates":[[-70.9918889,42.3594712],[-70.9917391,42.3595351],[-70.9916467,42.3595779],[-70.9915608,42.3596355],[-70.9914808,42.3597213],[-70.9914493,42.3597825],[-70.9914274,42.3598377],[-70.9914236,42.3598861],[-70.9914292,42.3599519],[-70.9914403,42.3600011],[-70.9914644,42.3600802],[-70.9914851,42.3601438],[-70.9915106,42.3602262],[-70.9915307,42.3602883],[-70.9915523,42.3603487],[-70.9915945,42.3604813],[-70.9916109,42.3605417],[-70.9916421,42.3605973],[-70.9916582,42.3606227],[-70.9916805,42.3606515],[-70.9917063,42.3606794],[-70.9917831,42.3607367],[-70.9918401,42.3607681],[-70.9919292,42.3608044],[-70.99203,42.3608295],[-70.9921486,42.3608383],[-70.9923112,42.3608171]]}},{"type":"Feature","properties":{"aeroway":"taxiway","ref":"D2","name":null,"surface":null,"id":24844969},"geometry":{"type":"LineString","coordinates":[[-70.9896232,42.3598731],[-70.989441,42.3599404],[-70.9893439,42.3599904],[-70.9892754,42.3600402],[-70.9892296,42.3600875],[-70.9891909,42.3601408],[-70.9891672,42.3601905],[-70.9891469,42.3602547],[-70.9891439,42.3603037],[-70.9891495,42.3603508],[-70.9891636,42.3604082],[-70.9892578,42.3607042],[-70.9893266,42.3609203],[-70.9893581,42.3609898],[-70.989396,42.3610448],[-70.9894413,42.3610935],[-70.9894944,42.3611323],[-70.9895886,42.361184],[-70.9896426,42.3612074],[-70.9896902,42.3612194],[-70.9897521,42.3612328],[-70.989795,42.3612387],[-70.9899355,42.3612405]]}},{"type":"Feature","properties":{"aeroway":"taxiway","ref":"D","name":null,"surface":"asphalt","id":24844986},"geometry":{"type":"LineString","coordinates":[[-70.99935,42.3595725],[-70.99926,42.3595996],[-70.9991939,42.3596289],[-70.999132,42.3596635],[-70.9990509,42.3597343],[-70.9989926,42.3598147],[-70.9989568,42.3599198],[-70.9989539,42.3599823],[-70.9989625,42.3600473],[-70.9989896,42.3601133],[-70.9990476,42.3601983],[-70.9992943,42.3603988]]}},{"type":"Feature","properties":{"aeroway":"taxiway","ref":"G","name":null,"surface":"asphalt","id":24844988},"geometry":{"type":"LineString","coordinates":[[-71.0024464,42.3627514],[-71.0023794,42.362674],[-71.0023258,42.3626106],[-71.0022654,42.3625263],[-71.0022266,42.3624575],[-71.0021843,42.3623735],[-71.0021515,42.362257],[-71.0021246,42.3621538],[-71.002138,42.3618941],[-71.0021736,42.3617608],[-71.0022796,42.3615354],[-71.0024921,42.3610776],[-71.0025967,42.3608536],[-71.0027684,42.360485],[-71.0027824,42.3604614],[-71.0028274,42.3604136],[-71.0028971,42.3603542],[-71.0029776,42.3603066],[-71.003101,42.3602551],[-71.0033969,42.3602449]]}},{"type":"Feature","properties":{"aeroway":"taxiway","ref":"E","name":null,"surface":"asphalt","id":24844998},"geometry":{"type":"LineString","coordinates":[[-71.0027106,42.3575515],[-71.0029851,42.3575193],[-71.0031825,42.3575111],[-71.0034603,42.3575096],[-71.0038091,42.357532],[-71.0060081,42.3577568],[-71.0074067,42.3578997],[-71.0081535,42.3579852],[-71.0084229,42.3580301],[-71.0086928,42.3580715],[-71.0094514,42.3581477],[-71.0111168,42.358315],[-71.0114923,42.3583535],[-71.0115204,42.3583564],[-71.011727,42.3583776],[-71.01216,42.358422],[-71.0125912,42.3584654],[-71.0127821,42.3584847],[-71.0131217,42.3585189],[-71.0137511,42.3585823],[-71.0140428,42.3586115],[-71.0143239,42.3586521],[-71.0149488,42.3587481],[-71.0150701,42.3587679],[-71.0155046,42.3588353],[-71.0159109,42.3588806],[-71.0160186,42.3588915],[-71.016111,42.3589008],[-71.0164414,42.3589396],[-71.0167874,42.3589933],[-71.0168953,42.3590115],[-71.0173139,42.3590705],[-71.0178815,42.3591606],[-71.0180418,42.3591898],[-71.0180951,42.3592007],[-71.0181442,42.3592128],[-71.0182611,42.359243],[-71.0185977,42.3593586],[-71.0191605,42.3596093],[-71.0195669,42.3597904],[-71.0199585,42.3599648],[-71.0201426,42.3600435],[-71.0203552,42.3601359],[-71.0207342,42.360306],[-71.0208179,42.3603435],[-71.0208646,42.3603645],[-71.0212316,42.3605271],[-71.021553,42.3606692],[-71.0216059,42.3606926],[-71.021745,42.3607547],[-71.0222928,42.3609978]]}},{"type":"Feature","properties":{"aeroway":"taxiway","ref":"F","name":null,"surface":null,"id":24845038},"geometry":{"type":"LineString","coordinates":[[-71.0056628,42.3637322],[-71.0064063,42.3639583],[-71.0065042,42.363988],[-71.0071411,42.3641817],[-71.0073684,42.3642502],[-71.0085099,42.3645945],[-71.0086287,42.3646303],[-71.0086632,42.3646407],[-71.0090934,42.3647704],[-71.0095536,42.3649123],[-71.009971,42.3650378],[-71.0108045,42.3652884],[-71.0112957,42.3654365],[-71.0116782,42.36555],[-71.0118033,42.3655871],[-71.0121825,42.365704],[-71.0124975,42.3658],[-71.0126152,42.3658329],[-71.0128797,42.3659152]]}},{"type":"Feature","properties":{"aeroway":"taxiway","ref":"Q","name":null,"surface":null,"id":24845039},"geometry":{"type":"LineString","coordinates":[[-71.0102812,42.3663688],[-71.0107669,42.3664526],[-71.0108167,42.3664612],[-71.0111922,42.366526],[-71.0113825,42.3665588],[-71.0115269,42.3665838],[-71.0116257,42.3665998],[-71.0117421,42.366619],[-71.0118206,42.3666322],[-71.0119169,42.3666472],[-71.0120176,42.3666645],[-71.0121029,42.3666787],[-71.0121786,42.3666914],[-71.0122347,42.3667005],[-71.0122488,42.3667028],[-71.0123137,42.366714],[-71.0123875,42.366732],[-71.0124495,42.3667585],[-71.0124987,42.3667928],[-71.0125337,42.3668246]]}},{"type":"Feature","properties":{"aeroway":"taxiway","ref":"N","name":null,"surface":null,"id":24845094},"geometry":{"type":"LineString","coordinates":[[-70.9996599,42.3761435],[-70.9995862,42.376341],[-70.9995901,42.3764255],[-70.9995991,42.3764806],[-70.9996147,42.3765357],[-70.9996351,42.3765806],[-70.9996705,42.3766294],[-70.9997241,42.3766864],[-70.9997893,42.3767367],[-70.9998725,42.376789],[-70.9999188,42.3768099],[-70.9999703,42.3768307],[-71.0006076,42.3770008],[-71.0020873,42.3773967],[-71.0024966,42.377503],[-71.0037337,42.3778382],[-71.00416,42.3779448],[-71.0046219,42.378064],[-71.0050972,42.3781959],[-71.0054881,42.3782995],[-71.0058624,42.3783988],[-71.0059627,42.378409],[-71.0060492,42.378408],[-71.0061012,42.3784031],[-71.006178,42.378389],[-71.0062406,42.3783728],[-71.0063081,42.3783492],[-71.0063595,42.3783239],[-71.0064183,42.3782858],[-71.0064891,42.3782349],[-71.0065501,42.3781465],[-71.0068311,42.3775833],[-71.00756,42.3760639],[-71.0085207,42.3740843],[-71.0088578,42.3733924],[-71.0089978,42.3730997],[-71.0091218,42.3728712],[-71.0092447,42.372689],[-71.0104077,42.3709073],[-71.010899,42.3701546],[-71.0110302,42.3699536],[-71.0111623,42.3697905],[-71.0114817,42.3694977],[-71.0117036,42.3693448],[-71.0122074,42.3689437],[-71.0125247,42.3687144],[-71.0127793,42.3685178],[-71.0130269,42.3684737],[-71.0132806,42.3684897],[-71.0135077,42.3685243]]}},{"type":"Feature","properties":{"aeroway":"taxiway","ref":"R","name":null,"surface":null,"id":24845099},"geometry":{"type":"LineString","coordinates":[[-71.0022114,42.3708685],[-71.0020324,42.3713254],[-71.0019294,42.3716615],[-71.0018693,42.3719405],[-71.001835,42.3721878],[-71.0018178,42.3724541],[-71.0018264,42.3727838],[-71.0018521,42.3730692],[-71.0019122,42.3733862],[-71.0019895,42.3736715],[-71.0023192,42.3747998],[-71.0026435,42.3759093],[-71.0026484,42.3759261],[-71.0027813,42.3763808],[-71.0029901,42.3770955],[-71.0030472,42.3772652],[-71.0031202,42.377376],[-71.0031568,42.3774316],[-71.0032855,42.3775711],[-71.0034314,42.3776789],[-71.003569,42.3777622],[-71.0037337,42.3778382]]}},{"type":"Feature","properties":{"aeroway":"taxiway","ref":"N3","name":null,"surface":null,"id":24845100},"geometry":{"type":"LineString","coordinates":[[-71.0002272,42.3749707],[-71.0001183,42.3752631],[-71.0001,42.3753387],[-71.0000911,42.3754143],[-71.0000957,42.3754792],[-71.0001082,42.3755421],[-71.0001246,42.375603],[-71.000145,42.375661],[-71.0001705,42.375715],[-71.0001973,42.375768],[-71.0002359,42.3758215],[-71.0002832,42.375875],[-71.0004531,42.376024],[-71.0010376,42.3765393],[-71.0011807,42.3766654],[-71.0018344,42.3772417],[-71.0019088,42.3773053],[-71.0019766,42.3773462],[-71.0020873,42.3773967]]}},{"type":"Feature","properties":{"aeroway":"taxiway","ref":"Y","name":null,"surface":"asphalt","id":24845102},"geometry":{"type":"LineString","coordinates":[[-71.0048194,42.3654762],[-71.0046159,42.3659415],[-71.0045472,42.3661698],[-71.0044871,42.3664108],[-71.0044356,42.3667025],[-71.0044099,42.3669308],[-71.0044013,42.3671972],[-71.0044099,42.3675143],[-71.0044442,42.3677869],[-71.0045215,42.3681484],[-71.004565,42.368324],[-71.0048363,42.3694199],[-71.0049706,42.3699493]]}},{"type":"Feature","properties":{"aeroway":"taxiway","ref":"H","name":null,"surface":null,"id":24845104},"geometry":{"type":"LineString","coordinates":[[-71.006525,42.3619494],[-71.0065238,42.3621137],[-71.0065253,42.3621917],[-71.0065323,42.3622696],[-71.0069062,42.3638725],[-71.0069257,42.3639375],[-71.0069485,42.3640002],[-71.006974,42.364043],[-71.0070106,42.3640834],[-71.0070412,42.3641122],[-71.0070762,42.3641401],[-71.0071411,42.3641817]]}},{"type":"Feature","properties":{"aeroway":"taxiway","ref":null,"name":null,"surface":"asphalt","id":24845132},"geometry":{"type":"LineString","coordinates":[[-71.0240446,42.3766042],[-71.0239601,42.3766389],[-71.0238697,42.3766648],[-71.0237631,42.3766858],[-71.0236454,42.376699],[-71.0235402,42.3766994],[-71.0234589,42.3766963],[-71.023431,42.3766953],[-71.0233109,42.3766731],[-71.0232026,42.3766449],[-71.0230964,42.3766029],[-71.0229961,42.3765609],[-71.0228918,42.3765065],[-71.0227955,42.3764521],[-71.0218388,42.3757296],[-71.0217576,42.3756441]]}},{"type":"Feature","properties":{"aeroway":"taxiway","ref":"P","name":null,"surface":"asphalt","id":24860945},"geometry":{"type":"LineString","coordinates":[[-71.0111168,42.358315],[-71.0110257,42.3583174],[-71.0108358,42.358328],[-71.0106561,42.3583525],[-71.0105113,42.3583867],[-71.0103774,42.3584286],[-71.0102482,42.3584768],[-71.0100513,42.3585868],[-71.0089332,42.3592882],[-71.0082181,42.3597367],[-71.0077354,42.3600484],[-71.0075645,42.3601951],[-71.0073237,42.3604654],[-71.0069923,42.360983]]}},{"type":"Feature","properties":{"aeroway":"taxiway","ref":"Z","name":null,"surface":null,"id":24860962},"geometry":{"type":"LineString","coordinates":[[-71.0176946,42.3713415],[-71.0176214,42.3713255],[-71.0175549,42.3713104],[-71.0175022,42.3713075],[-71.0174522,42.3713085],[-71.0173514,42.3713136],[-71.0171672,42.3713497],[-71.0169588,42.371394],[-71.0168072,42.3714266],[-71.0164768,42.3716657],[-71.0161487,42.3719082],[-71.0160134,42.3720075],[-71.0158746,42.3721016],[-71.0157182,42.3721647],[-71.0156066,42.3721895],[-71.0155002,42.3722015],[-71.0151162,42.3722068]]}},{"type":"Feature","properties":{"aeroway":"taxiway","ref":null,"name":null,"surface":null,"id":24860964},"geometry":{"type":"LineString","coordinates":[[-71.0200253,42.3723233],[-71.0199869,42.3723228]]}},{"type":"Feature","properties":{"aeroway":"taxiway","ref":"E1","name":null,"surface":null,"id":24861047},"geometry":{"type":"LineString","coordinates":[[-71.0202826,42.3598875],[-71.020403,42.3597297],[-71.0204682,42.3596781],[-71.0205358,42.3596374],[-71.0206338,42.3596048],[-71.0206837,42.3595949],[-71.0207364,42.3595892],[-71.0208086,42.3595888],[-71.020884,42.3595977],[-71.020981,42.3596239]]}},{"type":"Feature","properties":{"aeroway":"taxiway","ref":null,"name":null,"surface":"asphalt","id":24861339},"geometry":{"type":"LineString","coordinates":[[-71.0117036,42.3693448],[-71.0115484,42.3693374],[-71.0114314,42.3693198],[-71.0113419,42.3692936],[-71.0112099,42.3692487],[-71.0110715,42.3691905]]}},{"type":"Feature","properties":{"aeroway":"taxiway","ref":"C","name":null,"surface":null,"id":24861377},"geometry":{"type":"LineString","coordinates":[[-71.006525,42.3619494],[-71.0066381,42.3618115],[-71.0067754,42.3617101],[-71.0069642,42.3616086],[-71.0071788,42.3615261],[-71.0073848,42.3614754],[-71.0076166,42.36145],[-71.0077757,42.3614557],[-71.0078427,42.3614631],[-71.0080076,42.3614812],[-71.0082436,42.3615354]]}},{"type":"Feature","properties":{"aeroway":"taxiway","ref":"K","name":null,"surface":"asphalt","id":24861419},"geometry":{"type":"LineString","coordinates":[[-71.0095135,42.3563448],[-71.0099456,42.3563343],[-71.0102472,42.3563326],[-71.0106315,42.3563719],[-71.0110059,42.3564387],[-71.011295,42.3565237],[-71.0115267,42.3566083],[-71.011816,42.3567412],[-71.0120198,42.3568623],[-71.0122783,42.3570267],[-71.0124644,42.3571442],[-71.0127256,42.357278],[-71.0131434,42.3574223],[-71.0133034,42.3574775],[-71.0135851,42.3575503],[-71.0144411,42.3577723],[-71.014475,42.3577811],[-71.0153116,42.3580091],[-71.0153772,42.358027],[-71.0158388,42.3581444],[-71.0162959,42.3582172],[-71.0167329,42.3582846],[-71.0171071,42.3583422],[-71.017188,42.3583545],[-71.0180745,42.3584891],[-71.0183381,42.358535],[-71.0184329,42.3585593],[-71.0185829,42.3585979],[-71.0188573,42.3586883],[-71.0190873,42.3587873],[-71.0202807,42.3593155],[-71.020981,42.3596239],[-71.0215617,42.3598765],[-71.0222409,42.3601696],[-71.0227675,42.3604072]]}},{"type":"Feature","properties":{"aeroway":"runway","ref":"14/32","name":null,"surface":"asphalt","id":24866374},"geometry":{"type":"LineString","coordinates":[[-71.0232559,42.3565946],[-71.0226949,42.3562946],[-71.0210795,42.3554305],[-71.0199151,42.3548089],[-71.0189724,42.3543056],[-71.0161452,42.3528099],[-71.0149399,42.3521711],[-71.013996,42.3516677],[-71.0137195,42.3515205],[-71.0133709,42.3513365],[-71.011012,42.3500794],[-71.0107769,42.3499535],[-71.0101608,42.3496236],[-71.0093828,42.349207],[-71.0082647,42.3486084]]}},{"type":"Feature","properties":{"aeroway":"taxiway","ref":"M","name":null,"surface":null,"id":24866413},"geometry":{"type":"LineString","coordinates":[[-71.0024966,42.377503],[-71.0025771,42.3775024],[-71.0026562,42.3774933],[-71.0027352,42.3774752],[-71.0028128,42.3774519],[-71.0028768,42.3774176],[-71.0029407,42.377376],[-71.0029982,42.3773248],[-71.0030472,42.3772652],[-71.0031075,42.3771457],[-71.0036924,42.3759324],[-71.0055863,42.37202],[-71.0056262,42.3719376],[-71.0056715,42.3718439],[-71.0058649,42.3714444],[-71.0059676,42.3712322],[-71.0060982,42.3709624],[-71.0062464,42.3706562],[-71.0063141,42.3705164],[-71.0064235,42.3702904],[-71.0076188,42.3678209],[-71.0076643,42.3677269],[-71.0080476,42.3669355],[-71.0084317,42.3661464],[-71.0089245,42.3651259],[-71.0089335,42.3651141],[-71.0090934,42.3647704],[-71.009253,42.3644478],[-71.009273,42.3644064],[-71.0101618,42.3625721],[-71.010326,42.3622334],[-71.0104583,42.3619605],[-71.0104992,42.3618773],[-71.0119611,42.3588344],[-71.0119957,42.3587625],[-71.01216,42.358422],[-71.0123139,42.3581069],[-71.0123949,42.3579409],[-71.0125299,42.3576645],[-71.0125939,42.3575333],[-71.0127256,42.357278],[-71.0128743,42.3569678],[-71.0130891,42.3565162],[-71.0131115,42.3564421],[-71.0131386,42.3563353],[-71.0131521,42.3562399],[-71.0131565,42.356079],[-71.0131721,42.3559175],[-71.0132028,42.3557891],[-71.0132373,42.355688],[-71.0133302,42.3554899],[-71.013643,42.3548459],[-71.0139573,42.3542019],[-71.0140846,42.3539117],[-71.0142605,42.3535537],[-71.0144148,42.3532397],[-71.0145831,42.3529021],[-71.014615,42.3528352],[-71.0146392,42.3527846],[-71.014693,42.352682]]}},{"type":"Feature","properties":{"aeroway":"terminal","ref":null,"name":"Terminal C","surface":null,"id":29518154},"geometry":{"type":"Polygon","coordinates":[[[-71.0161399,42.3673039],[-71.0160748,42.3673671],[-71.0163014,42.3674999],[-71.0165039,42.3675247],[-71.01652,42.3674424],[-71.0165145,42.3673488],[-71.0166044,42.3672612],[-71.0166123,42.367262],[-71.0166086,42.3672914],[-71.0166547,42.367296],[-71.0167051,42.3673021],[-71.0167683,42.3673116],[-71.0168229,42.3673214],[-71.01689,42.3673355],[-71.0169477,42.3673482],[-71.0169508,42.3673403],[-71.0169846,42.3673489],[-71.0169956,42.3673517],[-71.0169973,42.3673481],[-71.0170325,42.3673583],[-71.0170598,42.3673659],[-71.0170911,42.3673758],[-71.0171214,42.3673857],[-71.0171548,42.3673961],[-71.0171903,42.3674088],[-71.0172203,42.3674196],[-71.0172497,42.3674306],[-71.0172873,42.3674455],[-71.0173135,42.3674569],[-71.0173437,42.3674705],[-71.0173716,42.367483],[-71.0173971,42.3674949],[-71.0174102,42.3675001],[-71.0174552,42.3675234],[-71.0174852,42.3675398],[-71.0175154,42.3675562],[-71.0175411,42.3675709],[-71.0175695,42.3675887],[-71.0175974,42.3676049],[-71.0176276,42.3676257],[-71.0176682,42.3676531],[-71.0176959,42.3676752],[-71.0176563,42.3677086],[-71.0176802,42.3677266],[-71.0177198,42.3677563],[-71.0177494,42.3677824],[-71.0177716,42.3678016],[-71.0180449,42.3676348],[-71.0181783,42.3675533],[-71.0181502,42.3675288],[-71.0181216,42.3675049],[-71.0180923,42.3674812],[-71.0180626,42.3674579],[-71.0180323,42.367435],[-71.0180014,42.3674125],[-71.0179702,42.3673904],[-71.0179383,42.3673688],[-71.0179058,42.3673475],[-71.0178729,42.3673266],[-71.0178396,42.3673062],[-71.0178057,42.3672863],[-71.0177714,42.3672667],[-71.0177367,42.3672477],[-71.0177015,42.367229],[-71.0176658,42.3672108],[-71.0176298,42.3671931],[-71.0175933,42.3671758],[-71.0175563,42.3671591],[-71.0175192,42.3671429],[-71.0174814,42.367127],[-71.0174434,42.3671117],[-71.0174052,42.3670969],[-71.0173664,42.3670825],[-71.0173071,42.3670618],[-71.0172283,42.3670386],[-71.0171064,42.3670056],[-71.0169322,42.3669771],[-71.0168409,42.3669651],[-71.0168411,42.3669427],[-71.0176028,42.3669238],[-71.0175054,42.3661382],[-71.0170855,42.3662125],[-71.0167571,42.3662706],[-71.0167544,42.3662447],[-71.0168729,42.3662004],[-71.0170839,42.3661183],[-71.0171942,42.3660705],[-71.0172363,42.3660485],[-71.0172715,42.3660295],[-71.0173063,42.3660109],[-71.0173395,42.3659925],[-71.0173748,42.3659721],[-71.0174201,42.3659461],[-71.0174398,42.3659326],[-71.0174743,42.3659109],[-71.0175044,42.36589],[-71.0175367,42.3658668],[-71.0175653,42.3658457],[-71.0175956,42.3658234],[-71.0176249,42.3657993],[-71.0176536,42.3657765],[-71.0176806,42.365754],[-71.0177079,42.3657318],[-71.0177342,42.3657082],[-71.0177678,42.3656747],[-71.017809,42.3656358],[-71.0178508,42.3655902],[-71.0179005,42.3655328],[-71.0179416,42.3654818],[-71.0179759,42.3654324],[-71.0180121,42.3653815],[-71.0180368,42.3653485],[-71.018036,42.3653311],[-71.0180448,42.3653198],[-71.0180526,42.3653101],[-71.0178914,42.3652502],[-71.0179092,42.3652184],[-71.0177997,42.3651896],[-71.0177697,42.3651817],[-71.0177587,42.3652051],[-71.0177441,42.3652272],[-71.0177316,42.3652515],[-71.0177159,42.3652735],[-71.0177033,42.3652926],[-71.017693,42.3653081],[-71.0176809,42.3653251],[-71.0176658,42.3653459],[-71.0176461,42.365371],[-71.0176322,42.3653881],[-71.0176107,42.3654141],[-71.0175908,42.3654382],[-71.0175717,42.3654584],[-71.0175516,42.3654801],[-71.0175345,42.3654975],[-71.0175119,42.3655206],[-71.0174811,42.365549],[-71.0174534,42.3655743],[-71.0174297,42.3655934],[-71.0173634,42.3655521],[-71.0173532,42.3655507],[-71.0173433,42.3655585],[-71.0173271,42.3655708],[-71.0172977,42.3655941],[-71.0172731,42.3656136],[-71.0172499,42.365633],[-71.0172304,42.3656481],[-71.0172117,42.3656605],[-71.0171829,42.3656793],[-71.0171602,42.3656937],[-71.0171211,42.3657179],[-71.0170746,42.3657457],[-71.0170612,42.3657518],[-71.0170408,42.3657648],[-71.0170045,42.3657852],[-71.0169751,42.365799],[-71.016947,42.3658104],[-71.0169135,42.3658231],[-71.0168696,42.3658403],[-71.0168232,42.365855],[-71.0167637,42.3658713],[-71.0166779,42.3658881],[-71.0166131,42.3658978],[-71.0165341,42.3659041],[-71.0164648,42.3659088],[-71.0164419,42.3659102],[-71.0164327,42.365835],[-71.0161516,42.365851],[-71.0160952,42.3658513],[-71.0160789,42.3658514],[-71.0160315,42.3658517],[-71.0159574,42.3658364],[-71.0159061,42.3658222],[-71.0158488,42.3658027],[-71.0157237,42.3657485],[-71.0156918,42.3657354],[-71.0156506,42.3657806],[-71.0155964,42.3658544],[-71.0155798,42.3658715],[-71.0154442,42.3658071],[-71.0154581,42.3657909],[-71.0153421,42.3657374],[-71.0153284,42.3657543],[-71.0153117,42.3657465],[-71.0149689,42.365586],[-71.0149568,42.3656003],[-71.0148126,42.3655333],[-71.0150158,42.3652928],[-71.0148781,42.3652289],[-71.0149366,42.3651597],[-71.0150135,42.3651954],[-71.0150515,42.3651505],[-71.0150878,42.3651674],[-71.0151726,42.3650622],[-71.0151599,42.3650567],[-71.0149243,42.3649578],[-71.0147247,42.3651876],[-71.014497,42.3654597],[-71.014272,42.3657313],[-71.0139973,42.3660612],[-71.0139836,42.3660776],[-71.0141986,42.3661781],[-71.0142878,42.3662177],[-71.0144023,42.3660814],[-71.0143429,42.366052],[-71.0144496,42.3659246],[-71.0144695,42.3659317],[-71.0146824,42.3656822],[-71.014829,42.3657505],[-71.0148045,42.3657805],[-71.0148893,42.3658183],[-71.0151142,42.3659245],[-71.0150091,42.3660512],[-71.0152944,42.3661826],[-71.015401,42.3660578],[-71.015423,42.3660679],[-71.0156286,42.3661637],[-71.0156106,42.3661849],[-71.0157645,42.3662564],[-71.0157695,42.3662898],[-71.0155538,42.3663443],[-71.0155666,42.3664644],[-71.0155389,42.3664671],[-71.01559,42.3668982],[-71.0156165,42.3668972],[-71.0156344,42.3670348],[-71.0159445,42.3670866],[-71.0157756,42.3671966],[-71.0157577,42.3671825],[-71.0157425,42.3671925],[-71.0155542,42.3673153],[-71.0155711,42.3673298],[-71.0153053,42.367503],[-71.0152893,42.367489],[-71.0150999,42.3676129],[-71.0150736,42.3676295],[-71.0150901,42.3676432],[-71.0150281,42.3676836],[-71.0150524,42.3677037],[-71.0149287,42.3677851],[-71.0147044,42.3675941],[-71.014642,42.3675402],[-71.0146097,42.3675621],[-71.01457,42.3675286],[-71.0145903,42.3675159],[-71.0144992,42.3674444],[-71.0144808,42.3674555],[-71.0144741,42.3674497],[-71.014419,42.3674845],[-71.0142685,42.3675808],[-71.0142817,42.3675916],[-71.0144371,42.367721],[-71.0150149,42.3681932],[-71.0152479,42.3683844],[-71.0154146,42.3685211],[-71.0154672,42.3685643],[-71.0156619,42.3684354],[-71.015593,42.368382],[-71.01566,42.3683391],[-71.0155921,42.3682803],[-71.0155831,42.368273],[-71.0150779,42.3678613],[-71.0151808,42.3677949],[-71.015233,42.3678366],[-71.0152894,42.3677995],[-71.0153105,42.3677856],[-71.015476,42.3676769],[-71.0157292,42.3675103],[-71.0158238,42.3674482],[-71.016026,42.3673153],[-71.0160672,42.3672882],[-71.0160972,42.3672686],[-71.0161399,42.3673039]]]}},{"type":"Feature","properties":{"aeroway":"hangar","ref":null,"name":"Delta Hangar","surface":null,"id":29520865},"geometry":{"type":"Polygon","coordinates":[[[-71.0279976,42.3740176],[-71.0280467,42.3740703],[-71.0279864,42.3741012],[-71.0273584,42.3734271],[-71.0274187,42.3733962],[-71.0274648,42.3734458],[-71.0282936,42.3730213],[-71.0288262,42.3735929],[-71.0279976,42.3740176]]]}},{"type":"Feature","properties":{"aeroway":"hangar","ref":null,"name":"American Hangar","surface":null,"id":29615733},"geometry":{"type":"Polygon","coordinates":[[[-71.0226622,42.3731772],[-71.0228815,42.373319],[-71.0231154,42.3734702],[-71.0235714,42.3737622],[-71.0232387,42.3740546],[-71.0232923,42.3740923],[-71.0231459,42.3742166],[-71.0221758,42.3735995],[-71.0226622,42.3731772]]]}},{"type":"Feature","properties":{"aeroway":"hangar","ref":null,"name":"jetBlue Hangar","surface":null,"id":29623085},"geometry":{"type":"Polygon","coordinates":[[[-71.0244216,42.3736914],[-71.0246367,42.3738292],[-71.0248533,42.3739679],[-71.0250677,42.3741052],[-71.0254313,42.3743391],[-71.0253453,42.3744133],[-71.0248831,42.374812],[-71.0238822,42.3741536],[-71.0239623,42.374085],[-71.0240278,42.3740289],[-71.0240441,42.3740149],[-71.0244216,42.3736914]]]}},{"type":"Feature","properties":{"aeroway":"hangar","ref":null,"name":null,"surface":null,"id":29661539},"geometry":{"type":"Polygon","coordinates":[[[-71.0253611,42.377213],[-71.0252904,42.3771685],[-71.0251629,42.3772734],[-71.0250886,42.3772274],[-71.0246231,42.376913],[-71.0252438,42.3763853],[-71.0257917,42.3767285],[-71.0256244,42.3768811],[-71.0256849,42.3769189],[-71.0256914,42.3769234],[-71.0255965,42.3770011],[-71.025531,42.376962],[-71.025338,42.3771252],[-71.0254106,42.3771748],[-71.0253611,42.377213]]]}},{"type":"Feature","properties":{"aeroway":"taxiway","ref":null,"name":null,"surface":null,"id":80770627},"geometry":{"type":"LineString","coordinates":[[-71.0133302,42.3554899],[-71.013274,42.3555566],[-71.0132065,42.3556149],[-71.0131293,42.3556687],[-71.0131087,42.3556787],[-71.0130257,42.3557191],[-71.0128869,42.3557464]]}},{"type":"Feature","properties":{"aeroway":"taxiway","ref":"N1","name":null,"surface":null,"id":80770629},"geometry":{"type":"LineString","coordinates":[[-71.0058652,42.3754754],[-71.0058232,42.3756673],[-71.00582,42.3757449],[-71.0058327,42.3758378],[-71.0058518,42.3758919],[-71.0058837,42.3759319],[-71.0059547,42.3759819],[-71.0065345,42.3761389],[-71.0069714,42.3762572],[-71.0071076,42.3762652],[-71.0071784,42.37626],[-71.007247,42.3762501],[-71.0073531,42.3762136],[-71.0074155,42.3761833],[-71.0074779,42.3761405],[-71.00756,42.3760639]]}},{"type":"Feature","properties":{"aeroway":"taxiway","ref":"M1","name":null,"surface":null,"id":80770632},"geometry":{"type":"LineString","coordinates":[[-71.013643,42.3548459],[-71.0136291,42.3547126],[-71.0136052,42.3546484],[-71.0135802,42.3546033],[-71.0135441,42.3545565],[-71.0134935,42.3545105],[-71.0134132,42.3544565],[-71.0133074,42.3544096],[-71.0129497,42.3543147],[-71.012191,42.3541133],[-71.0119274,42.3540434],[-71.0110662,42.3538148],[-71.0109414,42.3537907],[-71.0108259,42.3537907],[-71.0107065,42.3538106],[-71.0105871,42.3538561],[-71.0105024,42.3539045],[-71.0104062,42.3540069],[-71.0102874,42.3541685]]}},{"type":"Feature","properties":{"aeroway":"taxiway","ref":null,"name":null,"surface":null,"id":86771229},"geometry":{"type":"LineString","coordinates":[[-71.0118033,42.3655871],[-71.0119334,42.3656539],[-71.0119924,42.3657213],[-71.0120407,42.3658124],[-71.0120751,42.3659299]]}},{"type":"Feature","properties":{"aeroway":"taxiway","ref":null,"name":null,"surface":null,"id":86771238},"geometry":{"type":"LineString","coordinates":[[-71.0123146,42.3654257],[-71.0122788,42.3655069],[-71.0122773,42.36555],[-71.0122827,42.3655785],[-71.0122909,42.3656075],[-71.0123067,42.3656488],[-71.0123295,42.3656842],[-71.0123656,42.3657228],[-71.0124023,42.3657519],[-71.0124495,42.3657794],[-71.0124975,42.3658]]}},{"type":"Feature","properties":{"aeroway":"taxiway","ref":null,"name":null,"surface":null,"id":86771241},"geometry":{"type":"LineString","coordinates":[[-71.0120751,42.3659299],[-71.0121209,42.3658863],[-71.0121753,42.3658496],[-71.0122284,42.3658236],[-71.0122865,42.3658062],[-71.0123279,42.365798],[-71.0123694,42.365793],[-71.0124284,42.3657938],[-71.0124975,42.3658]]}},{"type":"Feature","properties":{"aeroway":"taxiway","ref":null,"name":null,"surface":null,"id":86771246},"geometry":{"type":"LineString","coordinates":[[-71.0126152,42.3658329],[-71.0126782,42.3658368],[-71.0127434,42.3658322],[-71.0127919,42.3658229],[-71.0128364,42.3658088],[-71.0129007,42.3657837],[-71.0129606,42.3657537]]}},{"type":"Feature","properties":{"aeroway":"taxiway","ref":null,"name":null,"surface":null,"id":86771251},"geometry":{"type":"LineString","coordinates":[[-71.0126152,42.3658329],[-71.0126629,42.3658611],[-71.0127055,42.365891],[-71.0127336,42.3659211],[-71.0127574,42.3659511],[-71.0127854,42.3660032],[-71.012797,42.3660387],[-71.0128035,42.3660736]]}},{"type":"Feature","properties":{"aeroway":"taxiway","ref":null,"name":null,"surface":null,"id":86771256},"geometry":{"type":"LineString","coordinates":[[-71.0116181,42.3668777],[-71.0116245,42.3668549],[-71.0116269,42.3668144],[-71.0116223,42.3667806],[-71.0116086,42.3667392],[-71.0115908,42.3667012],[-71.0115579,42.3666606],[-71.0115228,42.3666298],[-71.0114848,42.366603],[-71.0114437,42.3665819],[-71.0113825,42.3665588]]}},{"type":"Feature","properties":{"aeroway":"taxiway","ref":null,"name":null,"surface":null,"id":86771261},"geometry":{"type":"LineString","coordinates":[[-71.0116181,42.3668777],[-71.0116587,42.3667988],[-71.0116731,42.3667804],[-71.0117043,42.3667506],[-71.0117413,42.3667246],[-71.0118003,42.3666935],[-71.0118458,42.3666779],[-71.0119132,42.3666658],[-71.0119431,42.3666636],[-71.0120176,42.3666645]]}},{"type":"Feature","properties":{"aeroway":"taxiway","ref":null,"name":null,"surface":null,"id":86771274},"geometry":{"type":"LineString","coordinates":[[-71.0118712,42.3663546],[-71.0118248,42.3664132],[-71.0117416,42.3664783],[-71.0116738,42.3665132],[-71.011601,42.3665383],[-71.011514,42.3665552],[-71.0114514,42.3665593],[-71.0113825,42.3665588]]}},{"type":"Feature","properties":{"aeroway":"taxiway","ref":null,"name":null,"surface":null,"id":86771278},"geometry":{"type":"LineString","coordinates":[[-71.0123146,42.3654257],[-71.0122593,42.3654762],[-71.0122221,42.3655035],[-71.0121865,42.3655255],[-71.0120881,42.3655667],[-71.0120257,42.3655819],[-71.0119602,42.3655905],[-71.0118824,42.3655922],[-71.0118033,42.3655871]]}},{"type":"Feature","properties":{"aeroway":"taxiway","ref":null,"name":null,"surface":null,"id":86771286},"geometry":{"type":"LineString","coordinates":[[-71.0128603,42.36804],[-71.0129122,42.3682077],[-71.0128954,42.368332],[-71.0127793,42.3685178]]}},{"type":"Feature","properties":{"aeroway":"taxiway","ref":null,"name":null,"surface":null,"id":86771289},"geometry":{"type":"LineString","coordinates":[[-71.0122508,42.3685067],[-71.0123138,42.368593],[-71.0123322,42.368655],[-71.0123403,42.3687357],[-71.0122959,42.3688224],[-71.0122074,42.3689437]]}},{"type":"Feature","properties":{"aeroway":"taxiway","ref":null,"name":null,"surface":null,"id":86771295},"geometry":{"type":"LineString","coordinates":[[-71.0122074,42.3689437],[-71.0124109,42.3688693],[-71.0125087,42.3688644],[-71.0126081,42.368878],[-71.0127112,42.3688952],[-71.0127913,42.3689311],[-71.0128514,42.3689644]]}},{"type":"Feature","properties":{"aeroway":"taxiway","ref":"A1","name":null,"surface":null,"id":86771303},"geometry":{"type":"LineString","coordinates":[[-71.0147533,42.3703807],[-71.0148251,42.3704119],[-71.0149006,42.370436],[-71.014971,42.3704528],[-71.0150429,42.3704576],[-71.0151483,42.3704588],[-71.0152315,42.3704457],[-71.015434,42.3704071],[-71.0155759,42.3703768],[-71.0157236,42.3703534],[-71.0157887,42.3703496],[-71.0158519,42.3703527],[-71.0159167,42.3703625],[-71.0159671,42.3703758],[-71.0160485,42.3703991],[-71.0161185,42.3704322]]}},{"type":"Feature","properties":{"aeroway":"taxiway","ref":"A1","name":null,"surface":null,"id":86771309},"geometry":{"type":"LineString","coordinates":[[-71.0154802,42.3709227],[-71.0154307,42.370866],[-71.0153869,42.3707944],[-71.0153582,42.3707018],[-71.0153609,42.3706474],[-71.015372,42.3705843],[-71.015434,42.3704071],[-71.0155114,42.3701959],[-71.0155114,42.3701167],[-71.0154884,42.3700213],[-71.0154429,42.3699476],[-71.0153762,42.3698741]]}},{"type":"Feature","properties":{"aeroway":"taxiway","ref":null,"name":null,"surface":null,"id":86771314},"geometry":{"type":"LineString","coordinates":[[-71.0184701,42.3731519],[-71.0185316,42.3732476],[-71.0185537,42.3732917],[-71.0185705,42.3733456],[-71.0185739,42.373414],[-71.0185591,42.3734899],[-71.0185323,42.3735586],[-71.0184899,42.3736269]]}},{"type":"Feature","properties":{"aeroway":"taxiway","ref":null,"name":null,"surface":null,"id":86771323},"geometry":{"type":"LineString","coordinates":[[-71.0168479,42.3719424],[-71.0168004,42.3718835],[-71.0167614,42.3718169],[-71.0167343,42.3717125],[-71.0167399,42.3716227],[-71.0168072,42.3714266],[-71.0168786,42.3712228],[-71.0168817,42.3711736],[-71.0168803,42.3711311],[-71.0168704,42.3710816],[-71.0168526,42.3710322],[-71.0168248,42.3709866],[-71.0167935,42.370941],[-71.0166899,42.3708514]]}},{"type":"Feature","properties":{"aeroway":"taxiway","ref":null,"name":null,"surface":null,"id":86771327},"geometry":{"type":"LineString","coordinates":[[-71.0168072,42.3714266],[-71.0166224,42.371466],[-71.0165216,42.3714803],[-71.0164102,42.3714812],[-71.0163273,42.3714713],[-71.0162569,42.3714557],[-71.0161077,42.3713905]]}},{"type":"Feature","properties":{"aeroway":"taxiway","ref":null,"name":null,"surface":null,"id":86771334},"geometry":{"type":"LineString","coordinates":[[-71.0161077,42.3713905],[-71.0161719,42.3714678],[-71.0162196,42.3715474],[-71.0162347,42.3716116],[-71.0162395,42.3716759],[-71.0162349,42.3717293],[-71.016218,42.3717782],[-71.0161893,42.3718455],[-71.0161487,42.3719082]]}},{"type":"Feature","properties":{"aeroway":"taxiway","ref":null,"name":null,"surface":null,"id":86771337},"geometry":{"type":"LineString","coordinates":[[-71.0161487,42.3719082],[-71.0163107,42.3718577],[-71.0164341,42.3718379],[-71.0165575,42.3718418],[-71.0166775,42.3718656],[-71.0167684,42.3718979],[-71.0168479,42.3719424]]}},{"type":"Feature","properties":{"aeroway":"taxiway","ref":null,"name":null,"surface":null,"id":86771353},"geometry":{"type":"LineString","coordinates":[[-71.0191236,42.3720343],[-71.019186,42.372086],[-71.0192354,42.3721392],[-71.0192612,42.3721736],[-71.019286,42.3722212],[-71.0193041,42.3722687],[-71.0193144,42.3723392],[-71.019313,42.3723789],[-71.019307,42.372415],[-71.0192836,42.3724734],[-71.0192234,42.3725733]]}},{"type":"Feature","properties":{"aeroway":"taxiway","ref":null,"name":null,"surface":null,"id":86771357},"geometry":{"type":"LineString","coordinates":[[-71.0189901,42.3727955],[-71.018828,42.3729013],[-71.0187653,42.3729288],[-71.0187026,42.3729524],[-71.0185597,42.3729781],[-71.0184927,42.3729811],[-71.018423,42.3729796],[-71.018319,42.3729627],[-71.0182126,42.3729291],[-71.0181055,42.3728801]]}},{"type":"Feature","properties":{"aeroway":"apron","ref":null,"name":"South Cargo","surface":"concrete","id":86775580},"geometry":{"type":"Polygon","coordinates":[[[-71.0187239,42.358199],[-71.018748,42.3581525],[-71.019219,42.3578067],[-71.019479,42.3574897],[-71.0195165,42.3575072],[-71.0202584,42.357833],[-71.0201028,42.3580279],[-71.0203957,42.3581565],[-71.0205512,42.3579616],[-71.0206719,42.3580146],[-71.0207399,42.3580444],[-71.0207957,42.3580689],[-71.0209336,42.3581295],[-71.0208371,42.3582505],[-71.0209698,42.3583088],[-71.0210664,42.3581878],[-71.0222161,42.3586928],[-71.0223281,42.358742],[-71.0229741,42.3590257],[-71.0237548,42.3593685],[-71.0231444,42.3601138],[-71.023079,42.3600741],[-71.0220475,42.3596117],[-71.0212459,42.3592581],[-71.0208999,42.3591055],[-71.0205481,42.358951],[-71.0199668,42.3586956],[-71.019376,42.3584345],[-71.0191859,42.3583558],[-71.0190014,42.3582844],[-71.0187239,42.358199]]]}},{"type":"Feature","properties":{"aeroway":"taxiway","ref":null,"name":null,"surface":null,"id":86776952},"geometry":{"type":"LineString","coordinates":[[-71.0138643,42.3636964],[-71.0138912,42.3637151],[-71.0139143,42.3637358],[-71.0139404,42.3637648],[-71.0139635,42.363797],[-71.0139788,42.3638241],[-71.0139889,42.3638504],[-71.0139994,42.3638955],[-71.0139988,42.3639424],[-71.0139926,42.3639884]]}},{"type":"Feature","properties":{"aeroway":"taxiway","ref":"A2","name":null,"surface":null,"id":86776986},"geometry":{"type":"LineString","coordinates":[[-71.0139854,42.3619764],[-71.0140383,42.3619174],[-71.0140791,42.3618807],[-71.0141179,42.3618542],[-71.0141687,42.3618295],[-71.0142319,42.3618061],[-71.0143035,42.3617889],[-71.0143663,42.3617806],[-71.0144291,42.3617815],[-71.0144834,42.361787],[-71.0145377,42.3617952],[-71.0146124,42.3618156],[-71.0146565,42.3618381],[-71.0146959,42.3618578],[-71.0147297,42.3618806],[-71.0147646,42.3619064],[-71.0148015,42.3619428],[-71.0148328,42.3619862],[-71.0148636,42.3620512],[-71.014871,42.3620977],[-71.0148721,42.3621329],[-71.0148682,42.3622002]]}},{"type":"Feature","properties":{"aeroway":"taxiway","ref":"A2","name":null,"surface":null,"id":86777004},"geometry":{"type":"LineString","coordinates":[[-71.0142645,42.3613998],[-71.0142557,42.3614771],[-71.0142626,42.3615507],[-71.0142822,42.3615944],[-71.0143265,42.3616625],[-71.0143859,42.3617217],[-71.0144509,42.3617592],[-71.0145377,42.3617952],[-71.0146124,42.3618156],[-71.0147008,42.3618229],[-71.014777,42.3618207],[-71.014862,42.3618049],[-71.0149515,42.3617761],[-71.0150269,42.3617346],[-71.0151398,42.3616361]]}},{"type":"Feature","properties":{"aeroway":"taxiway","ref":null,"name":null,"surface":null,"id":86777012},"geometry":{"type":"LineString","coordinates":[[-71.0131047,42.3637929],[-71.0131321,42.3637598],[-71.0131884,42.3637052],[-71.0132918,42.363647],[-71.0133637,42.3636219],[-71.013441,42.3636061],[-71.0135013,42.3636012],[-71.0135635,42.3636022],[-71.0136292,42.36361],[-71.0136975,42.3636201]]}},{"type":"Feature","properties":{"aeroway":"taxiway","ref":null,"name":null,"surface":null,"id":86777016},"geometry":{"type":"LineString","coordinates":[[-71.0131857,42.3636226],[-71.0131833,42.3635154],[-71.0131565,42.3634401],[-71.013119,42.3633885],[-71.0130682,42.3633359]]}},{"type":"Feature","properties":{"aeroway":"taxiway","ref":null,"name":null,"surface":null,"id":86777019},"geometry":{"type":"LineString","coordinates":[[-71.0128685,42.36324],[-71.0129428,42.3632506],[-71.0129796,42.3632554],[-71.013017,42.3632559],[-71.0130703,42.3632552],[-71.0131243,42.3632498],[-71.0131858,42.3632382],[-71.0132423,42.3632221],[-71.0132549,42.363217],[-71.0132876,42.3632039],[-71.013331,42.3631803],[-71.0133924,42.3631382],[-71.0134439,42.3630861]]}},{"type":"Feature","properties":{"aeroway":"taxiway","ref":null,"name":null,"surface":null,"id":86777021},"geometry":{"type":"LineString","coordinates":[[-71.0133684,42.3632533],[-71.0133735,42.3633409],[-71.0133983,42.363411],[-71.0134451,42.3634712],[-71.0134862,42.3635076],[-71.0135301,42.3635433]]}},{"type":"Feature","properties":{"aeroway":"taxiway","ref":null,"name":null,"surface":null,"id":86777022},"geometry":{"type":"LineString","coordinates":[[-71.0136975,42.3636201],[-71.0137705,42.3636325],[-71.0138436,42.3636389],[-71.0139054,42.3636365],[-71.0139655,42.3636277],[-71.0140182,42.3636138],[-71.0140696,42.3635974],[-71.0141152,42.3635739],[-71.0141586,42.3635479],[-71.0142044,42.3635083],[-71.0142485,42.3634653]]}},{"type":"Feature","properties":{"aeroway":"taxiway","ref":"N","name":null,"surface":"asphalt","id":86777026},"geometry":{"type":"LineString","coordinates":[[-71.004802,42.3776677],[-71.0047856,42.3777859],[-71.004802,42.3778879],[-71.0048146,42.3779374],[-71.0048323,42.3779778],[-71.0048698,42.3780348],[-71.0049114,42.3780812],[-71.0049997,42.3781474],[-71.0050972,42.3781959]]}},{"type":"Feature","properties":{"aeroway":"taxiway","ref":"N2","name":null,"surface":null,"id":86777034},"geometry":{"type":"LineString","coordinates":[[-71.0051116,42.3770293],[-71.0051088,42.3771674],[-71.0051206,42.3772837],[-71.0051667,42.3773626],[-71.0052147,42.3774237],[-71.0052682,42.3774696],[-71.0053328,42.3775101],[-71.0053797,42.3775339],[-71.005434,42.377555],[-71.0057964,42.3776495],[-71.0062298,42.3777626],[-71.0063007,42.3777713],[-71.0063652,42.3777711],[-71.0064671,42.3777592],[-71.006545,42.3777449],[-71.0066173,42.3777156],[-71.0067372,42.3776546],[-71.0068311,42.3775833]]}},{"type":"Feature","properties":{"aeroway":"taxiway","ref":"N","name":null,"surface":"asphalt","id":86777040},"geometry":{"type":"LineString","coordinates":[[-71.0091218,42.3728712],[-71.0090122,42.3729593],[-71.0089493,42.3729907],[-71.0088864,42.3730174],[-71.0088155,42.3730363],[-71.0087446,42.3730482],[-71.0086734,42.373051],[-71.0086021,42.3730503],[-71.0085213,42.3730382],[-71.0084404,42.373018],[-71.0082776,42.372954]]}},{"type":"Feature","properties":{"aeroway":"taxiway","ref":"F","name":null,"surface":"asphalt","id":86777046},"geometry":{"type":"LineString","coordinates":[[-71.010618,42.3656741],[-71.0107425,42.3655527],[-71.0108634,42.3654851],[-71.0109304,42.3654604],[-71.0110049,42.3654396],[-71.011062,42.3654312],[-71.0111364,42.365425],[-71.0112158,42.3654275],[-71.0112957,42.3654365]]}},{"type":"Feature","properties":{"aeroway":"taxiway","ref":"F","name":null,"surface":"asphalt","id":86777051},"geometry":{"type":"LineString","coordinates":[[-71.0109689,42.3649505],[-71.0109625,42.3650533],[-71.0109786,42.3651365],[-71.0110067,42.3652061],[-71.0110381,42.3652552],[-71.011077,42.3653013],[-71.011107,42.3653297],[-71.0111482,42.3653604],[-71.0112189,42.3654039],[-71.0112957,42.3654365]]}},{"type":"Feature","properties":{"aeroway":"taxiway","ref":null,"name":null,"surface":null,"id":86777766},"geometry":{"type":"LineString","coordinates":[[-71.0202826,42.3598875],[-71.0201854,42.3599502],[-71.0201205,42.3599695],[-71.0200384,42.3599758],[-71.0199585,42.3599648]]}},{"type":"Feature","properties":{"aeroway":"taxiway","ref":null,"name":null,"surface":null,"id":86777785},"geometry":{"type":"LineString","coordinates":[[-71.0202826,42.3598875],[-71.0202483,42.3599797],[-71.0202617,42.3600243],[-71.0202819,42.3600658],[-71.0203552,42.3601359]]}},{"type":"Feature","properties":{"aeroway":"taxiway","ref":null,"name":null,"surface":null,"id":86777789},"geometry":{"type":"LineString","coordinates":[[-71.020403,42.3597297],[-71.020436,42.3596507],[-71.0204477,42.3595968],[-71.0204433,42.3595255],[-71.0204146,42.3594525],[-71.0203697,42.359396],[-71.0202807,42.3593155]]}},{"type":"Feature","properties":{"aeroway":"taxiway","ref":"E2","name":null,"surface":null,"id":86777817},"geometry":{"type":"LineString","coordinates":[[-71.0222409,42.3601696],[-71.0221219,42.3601502],[-71.0220202,42.3601467],[-71.0219205,42.3601601],[-71.0218283,42.3601919],[-71.0217544,42.360232],[-71.0216806,42.3602928],[-71.0215411,42.3604593],[-71.0215306,42.3605136],[-71.021532,42.3605658],[-71.0215388,42.3605883],[-71.0215705,42.3606456],[-71.0216059,42.3606926]]}},{"type":"Feature","properties":{"aeroway":"taxiway","ref":null,"name":null,"surface":null,"id":86777821},"geometry":{"type":"LineString","coordinates":[[-71.0215617,42.3598765],[-71.0216057,42.3599057],[-71.0216599,42.3599643],[-71.0216967,42.3600153],[-71.0217221,42.3600777],[-71.0217245,42.3601426],[-71.0217145,42.3602145],[-71.0216806,42.3602928]]}},{"type":"Feature","properties":{"aeroway":"taxiway","ref":null,"name":null,"surface":null,"id":86777824},"geometry":{"type":"LineString","coordinates":[[-71.0215411,42.3604593],[-71.0214951,42.3604934],[-71.021426,42.3605231],[-71.0213704,42.3605319],[-71.0212977,42.3605337],[-71.0212316,42.3605271]]}},{"type":"Feature","properties":{"aeroway":"apron","ref":null,"name":"Signature Ramp","surface":null,"id":87003294},"geometry":{"type":"Polygon","coordinates":[[[-71.0195116,42.3734909],[-71.0194824,42.3734161],[-71.0194772,42.3733549],[-71.0194779,42.3732925],[-71.0195143,42.3732084],[-71.0195694,42.3731302],[-71.0197022,42.3730244],[-71.019775,42.3729654],[-71.0198471,42.3729139],[-71.0199449,42.3728374],[-71.0200254,42.3727542],[-71.0200837,42.3726711],[-71.0206397,42.3725639],[-71.0210163,42.3728461],[-71.0221113,42.3736667],[-71.0231998,42.3743591],[-71.0231172,42.3744268],[-71.0232164,42.3744948],[-71.0222551,42.3753425],[-71.0220098,42.3751734],[-71.0218555,42.3752961],[-71.0216276,42.3751127],[-71.0196007,42.3736043],[-71.0195116,42.3734909]]]}},{"type":"Feature","properties":{"aeroway":"apron","ref":null,"name":"North Cargo","surface":null,"id":87004382},"geometry":{"type":"Polygon","coordinates":[[[-71.0258419,42.3726284],[-71.0263729,42.3721584],[-71.0272121,42.372676],[-71.0272464,42.3727153],[-71.027533,42.372988],[-71.0273688,42.3730806],[-71.0275878,42.3732872],[-71.0274525,42.3733753],[-71.0273313,42.3734506],[-71.0272415,42.373491],[-71.0268312,42.3732381],[-71.0262553,42.3728832],[-71.0258419,42.3726284]]]}},{"type":"Feature","properties":{"aeroway":"apron","ref":null,"name":"North Cargo","surface":"asphalt","id":87004396},"geometry":{"type":"Polygon","coordinates":[[[-71.0234591,42.3736754],[-71.0240278,42.3740289],[-71.0244216,42.3736914],[-71.0246367,42.3738292],[-71.0248533,42.3739679],[-71.0250677,42.3741052],[-71.0254313,42.3743391],[-71.0253453,42.3744133],[-71.0254103,42.3744584],[-71.0255024,42.3743853],[-71.0261532,42.3747979],[-71.0264041,42.3745788],[-71.0264752,42.3746209],[-71.0265795,42.3746051],[-71.0268639,42.3746751],[-71.0273427,42.3746086],[-71.0274019,42.3742094],[-71.0269398,42.3741884],[-71.0265056,42.3740144],[-71.0262328,42.3738658],[-71.0259274,42.3736782],[-71.0256323,42.3734893],[-71.0253352,42.3733309],[-71.0250324,42.3731442],[-71.0244355,42.3727806],[-71.0234591,42.3736754]]]}},{"type":"Feature","properties":{"aeroway":"taxiway","ref":"J","name":null,"surface":"asphalt","id":109065556},"geometry":{"type":"LineString","coordinates":[[-71.0168533,42.3560501],[-71.0169428,42.3559648],[-71.0169568,42.3559515],[-71.0170385,42.3559006],[-71.017128,42.3558655],[-71.0172325,42.3558418],[-71.0174863,42.3557964],[-71.0177783,42.3557433],[-71.0186035,42.3555933],[-71.0187641,42.3555965],[-71.0189377,42.3556126],[-71.0191276,42.3556765],[-71.0192913,42.3557534],[-71.022201,42.3570325],[-71.0223377,42.3570559],[-71.0224333,42.3570617],[-71.0225268,42.3570545],[-71.0225952,42.3570399],[-71.0226565,42.3570201],[-71.0227526,42.3569786],[-71.0228388,42.3569161],[-71.0229235,42.3568311],[-71.0229982,42.3567401]]}},{"type":"Feature","properties":{"aeroway":"taxiway","ref":"J1","name":null,"surface":null,"id":109065557},"geometry":{"type":"LineString","coordinates":[[-71.0186035,42.3555933],[-71.0192887,42.355475],[-71.0193749,42.3554453],[-71.0194512,42.3554081],[-71.0195785,42.3553143],[-71.0197165,42.3551688]]}},{"type":"Feature","properties":{"aeroway":"terminal","ref":null,"name":"Terminal A Satellite","surface":null,"id":200984267},"geometry":{"type":"Polygon","coordinates":[[[-71.0247687,42.3627407],[-71.02417,42.3629618],[-71.0240571,42.3630035],[-71.0241477,42.3630479],[-71.0247165,42.3633266],[-71.0247133,42.363363],[-71.024668,42.3633608],[-71.0246664,42.3633788],[-71.0246656,42.3633872],[-71.0246643,42.3634014],[-71.0246601,42.3634485],[-71.0247068,42.3634507],[-71.024695,42.3635833],[-71.0246476,42.363581],[-71.0246468,42.3635898],[-71.0246447,42.3636134],[-71.0246399,42.3636675],[-71.0246922,42.36367],[-71.0246896,42.3636993],[-71.0247593,42.3637027],[-71.0247381,42.3639406],[-71.024692,42.3639383],[-71.0246881,42.363982],[-71.0246877,42.3639865],[-71.0246858,42.3640083],[-71.0246846,42.3640214],[-71.0247271,42.3640234],[-71.0247082,42.364236],[-71.0247835,42.3642396],[-71.0247712,42.3643782],[-71.0247706,42.3643847],[-71.0247687,42.3644056],[-71.0247656,42.3644407],[-71.0248033,42.3644425],[-71.0247796,42.3647088],[-71.024766,42.3647081],[-71.0247633,42.3647383],[-71.0247616,42.3647569],[-71.0247581,42.3647963],[-71.0248102,42.3647988],[-71.0248197,42.3646916],[-71.0248598,42.3642407],[-71.0250242,42.3642487],[-71.0250713,42.3637197],[-71.025105,42.3633417],[-71.0251216,42.3631558],[-71.0250782,42.3631537],[-71.0250961,42.3629517],[-71.0251498,42.3629543],[-71.0252404,42.3619362],[-71.0252587,42.3617306],[-71.0251164,42.3617237],[-71.0251292,42.3615791],[-71.0247178,42.3614133],[-71.0247218,42.3613971],[-71.0248049,42.361063],[-71.0247786,42.3610585],[-71.024751,42.3610538],[-71.0247342,42.3611207],[-71.024731,42.3611332],[-71.0247273,42.3611479],[-71.0247397,42.3611501],[-71.024671,42.3614308],[-71.0248446,42.3614978],[-71.0248416,42.361503],[-71.0249596,42.3615494],[-71.024942,42.3615731],[-71.0249393,42.3615768],[-71.0249275,42.3615925],[-71.0249253,42.3615955],[-71.0250451,42.3616419],[-71.0250381,42.3617199],[-71.0249349,42.3617149],[-71.0249252,42.3618237],[-71.0248751,42.3618216],[-71.0248733,42.361847],[-71.024873,42.3618509],[-71.0248717,42.36187],[-71.0248688,42.3619115],[-71.024917,42.3619137],[-71.0248964,42.3621625],[-71.0248496,42.3621603],[-71.0248482,42.3621741],[-71.0248473,42.3621834],[-71.024846,42.3621963],[-71.0248415,42.3622426],[-71.0248877,42.3622455],[-71.0248769,42.3623663],[-71.0247986,42.3623625],[-71.0247879,42.3624832],[-71.0247558,42.3624817],[-71.0247544,42.3624974],[-71.0247536,42.3625063],[-71.0247523,42.3625214],[-71.0247476,42.3625745],[-71.0247833,42.3625762],[-71.0247687,42.3627407]]]}},{"type":"Feature","properties":{"aeroway":"terminal","ref":null,"name":"Signature Aviation","surface":null,"id":202744580},"geometry":{"type":"Polygon","coordinates":[[[-71.0229088,42.3749414],[-71.0231683,42.3747119],[-71.0231872,42.37471],[-71.0232171,42.3747281],[-71.0232327,42.3747143],[-71.0234915,42.374816],[-71.0233812,42.3749097],[-71.0233354,42.3748816],[-71.0231471,42.3750451],[-71.0230872,42.3750971],[-71.0229427,42.3750076],[-71.0229676,42.3749815],[-71.0229088,42.3749414]]]}},{"type":"Feature","properties":{"aeroway":"taxiway","ref":"G","name":"G","surface":"asphalt","id":294836038},"geometry":{"type":"LineString","coordinates":[[-71.0027684,42.360485],[-71.0027744,42.3604436],[-71.0027798,42.3604],[-71.0027744,42.3603267],[-71.0027596,42.3602831],[-71.0027342,42.3602296],[-71.0026953,42.3601711],[-71.0026497,42.3601211],[-71.0025799,42.3600715],[-71.0024821,42.3600258],[-71.0023675,42.3599914]]}},{"type":"Feature","properties":{"aeroway":"taxiway","ref":null,"name":null,"surface":"asphalt","id":294836377},"geometry":{"type":"LineString","coordinates":[[-71.0047778,42.3605948],[-71.0046774,42.3605913],[-71.0045782,42.3605913],[-71.0044789,42.3606032],[-71.0044146,42.360621],[-71.004318,42.3606567],[-71.0042429,42.3607003],[-71.0041812,42.3607577],[-71.00409,42.3608608],[-71.0040539,42.3608846],[-71.0040149,42.3609104],[-71.0038754,42.3609758],[-71.0037011,42.3610075],[-71.0035482,42.3609995],[-71.0032907,42.3609381],[-71.0030907,42.3608864],[-71.0030761,42.3608826]]}},{"type":"Feature","properties":{"aeroway":"taxiway","ref":null,"name":null,"surface":"asphalt","id":294836378},"geometry":{"type":"LineString","coordinates":[[-71.0030761,42.3608826],[-71.0030198,42.3608578],[-71.0029742,42.3608331],[-71.0029326,42.3608053],[-71.0028844,42.3607677],[-71.0028508,42.360731],[-71.002824,42.3606963],[-71.0027958,42.3606458],[-71.0027811,42.3606061],[-71.002769,42.3605556],[-71.0027684,42.360485]]}},{"type":"Feature","properties":{"aeroway":"taxiway","ref":null,"name":null,"surface":"asphalt","id":294836379},"geometry":{"type":"LineString","coordinates":[[-71.0030761,42.3608826],[-71.0030171,42.3608782],[-71.0029367,42.3608762],[-71.0028696,42.3608821],[-71.0027945,42.360898],[-71.0027248,42.3609198],[-71.0026684,42.3609416],[-71.0025907,42.3609852],[-71.0025531,42.3610189],[-71.0024921,42.3610776]]}},{"type":"Feature","properties":{"aeroway":"terminal","ref":null,"name":"Terminal A","surface":null,"id":341639825},"geometry":{"type":"Polygon","coordinates":[[[-71.0229394,42.3654231],[-71.022892,42.3653077],[-71.0228508,42.36536],[-71.0228657,42.3653666],[-71.0228563,42.3653795],[-71.0228925,42.3653953],[-71.0228496,42.3654468],[-71.0228269,42.3654369],[-71.0228384,42.3654661],[-71.0228804,42.3655727],[-71.0228971,42.3655692],[-71.0229178,42.3655649],[-71.0229704,42.3655538],[-71.0229448,42.3654964],[-71.0228938,42.3655063],[-71.0228697,42.3654488],[-71.0228791,42.3654359],[-71.0229394,42.3654231]]]}},{"type":"Feature","properties":{"aeroway":"taxiway","ref":null,"name":null,"surface":null,"id":341656466},"geometry":{"type":"LineString","coordinates":[[-71.0229853,42.3605674],[-71.023007,42.3606291],[-71.0230145,42.3606825],[-71.0230092,42.3607439],[-71.0229958,42.3607974],[-71.0229797,42.360843],[-71.0229502,42.3608886],[-71.0228938,42.3609441],[-71.0228347,42.3609831],[-71.0227651,42.3610174],[-71.0226952,42.3610386],[-71.0226174,42.3610544],[-71.0225327,42.3610587],[-71.0224432,42.3610452],[-71.0222928,42.3609978]]}},{"type":"Feature","properties":{"aeroway":"taxiway","ref":null,"name":null,"surface":null,"id":420356150},"geometry":{"type":"LineString","coordinates":[[-71.0095536,42.3649123],[-71.0094189,42.3648408],[-71.0093601,42.3647902],[-71.0093063,42.3647308],[-71.0092713,42.3646667],[-71.0092524,42.36461],[-71.0092459,42.3645698],[-71.0092434,42.3645289],[-71.009253,42.3644478]]}},{"type":"Feature","properties":{"aeroway":"taxiway","ref":null,"name":null,"surface":null,"id":420356152},"geometry":{"type":"LineString","coordinates":[[-71.0095536,42.3649123],[-71.0094539,42.3649027],[-71.009355,42.3649063],[-71.0092774,42.3649175],[-71.0092014,42.3649369],[-71.0091547,42.3649546],[-71.0091132,42.3649729],[-71.0090416,42.3650155],[-71.0089823,42.365064],[-71.0089335,42.3651141]]}},{"type":"Feature","properties":{"aeroway":"taxiway","ref":null,"name":null,"surface":null,"id":420356153},"geometry":{"type":"LineString","coordinates":[[-71.0089335,42.3651141],[-71.008945,42.3650354],[-71.0089474,42.3649668],[-71.008935,42.3649151],[-71.0089182,42.3648675],[-71.0088973,42.3648309],[-71.0088749,42.3647981],[-71.0088138,42.3647351],[-71.0087418,42.3646829],[-71.0086632,42.3646407]]}},{"type":"Feature","properties":{"aeroway":"taxiway","ref":null,"name":null,"surface":null,"id":420356155},"geometry":{"type":"LineString","coordinates":[[-71.009273,42.3644064],[-71.0092134,42.3644763],[-71.0091773,42.3645081],[-71.0091391,42.3645353],[-71.0090752,42.3645723],[-71.0089974,42.3646046],[-71.0089291,42.3646225],[-71.0088629,42.3646348],[-71.0088038,42.364639],[-71.0087461,42.3646401],[-71.0086916,42.364637],[-71.0086287,42.3646303]]}},{"type":"Feature","properties":{"aeroway":"taxiway","ref":null,"name":null,"surface":null,"id":420366580},"geometry":{"type":"LineString","coordinates":[[-71.0127793,42.3685178],[-71.0126262,42.3685478],[-71.0125524,42.368556],[-71.0124802,42.3685588],[-71.0124017,42.3685516],[-71.0122508,42.3685067]]}},{"type":"Feature","properties":{"aeroway":"taxiway","ref":null,"name":null,"surface":"asphalt","id":420371140},"geometry":{"type":"LineString","coordinates":[[-71.0036924,42.3759324],[-71.0036462,42.3759858],[-71.0035956,42.3760408],[-71.0035392,42.3760847],[-71.0034807,42.3761207],[-71.0034096,42.3761516],[-71.0033342,42.3761754],[-71.0032438,42.3761905],[-71.0031524,42.3761961],[-71.0030741,42.3761885],[-71.002997,42.3761742],[-71.0029273,42.3761512],[-71.0028608,42.3761247],[-71.0027959,42.3760865],[-71.0027375,42.3760396],[-71.0026881,42.375984],[-71.0026484,42.3759261]]}},{"type":"Feature","properties":{"aeroway":"taxiway","ref":null,"name":null,"surface":"asphalt","id":420371141},"geometry":{"type":"LineString","coordinates":[[-71.0031202,42.377376],[-71.0031027,42.3773241],[-71.0030933,42.3772698],[-71.0030962,42.3772132],[-71.0031075,42.3771457]]}},{"type":"Feature","properties":{"aeroway":"taxiway","ref":null,"name":null,"surface":null,"id":420373772},"geometry":{"type":"LineString","coordinates":[[-71.0007641,42.3593233],[-71.0006539,42.3593253],[-71.0005988,42.3593215],[-71.0005437,42.3593129],[-71.0004908,42.3593002],[-71.0004379,42.3592843],[-71.0003861,42.3592612],[-71.0003255,42.3592316]]}},{"type":"Feature","properties":{"aeroway":"taxiway","ref":"M","name":null,"surface":null,"id":480497338},"geometry":{"type":"LineString","coordinates":[[-71.014693,42.352682],[-71.0147904,42.352475],[-71.0148125,42.3524174],[-71.0148231,42.3523701],[-71.0148251,42.3523241],[-71.0148122,42.3522473],[-71.0147938,42.3521967],[-71.0147667,42.3521537],[-71.0147385,42.352115],[-71.0146818,42.3520565],[-71.0144859,42.3519414],[-71.013996,42.3516677]]}},{"type":"Feature","properties":{"aeroway":"taxiway","ref":"M","name":null,"surface":null,"id":480497339},"geometry":{"type":"LineString","coordinates":[[-71.014693,42.352682],[-71.0147472,42.3526001],[-71.0148381,42.3525257],[-71.0149586,42.3524652],[-71.0150892,42.3524316],[-71.0152184,42.3524207],[-71.0153546,42.3524393],[-71.0154748,42.3524705],[-71.0161452,42.3528099]]}},{"type":"Feature","properties":{"aeroway":"taxiway","ref":"J1","name":null,"surface":null,"id":480497340},"geometry":{"type":"LineString","coordinates":[[-71.0197165,42.3551688],[-71.0197506,42.3550959],[-71.0197766,42.3549881],[-71.0197737,42.3549166],[-71.0197434,42.3548344],[-71.0196986,42.3547597],[-71.0196336,42.3546957],[-71.0189724,42.3543056]]}},{"type":"Feature","properties":{"aeroway":"taxiway","ref":"J1","name":null,"surface":null,"id":480497341},"geometry":{"type":"LineString","coordinates":[[-71.0197165,42.3551688],[-71.0197795,42.3551268],[-71.0198416,42.3550948],[-71.019908,42.3550703],[-71.0200062,42.3550468],[-71.0201058,42.3550393],[-71.0202141,42.3550425],[-71.0203297,42.3550681],[-71.0204192,42.3551012],[-71.0210795,42.3554305]]}},{"type":"Feature","properties":{"aeroway":"taxiway","ref":"J","name":null,"surface":null,"id":480497342},"geometry":{"type":"LineString","coordinates":[[-71.0229982,42.3567401],[-71.0230197,42.3566911],[-71.023026,42.3566659],[-71.0230257,42.3566406],[-71.0230148,42.3565941],[-71.0230002,42.3565365],[-71.0229538,42.3564649],[-71.0228857,42.3564097],[-71.0226949,42.3562946]]}},{"type":"Feature","properties":{"aeroway":"taxiway","ref":null,"name":null,"surface":null,"id":480497343},"geometry":{"type":"LineString","coordinates":[[-71.0133709,42.3513365],[-71.0132299,42.351279],[-71.0127011,42.351001],[-71.0125549,42.3509207],[-71.0124709,42.3508948],[-71.012358,42.3508764],[-71.0122901,42.3508733],[-71.0122071,42.3508816],[-71.0121311,42.3508957],[-71.0120525,42.3509202],[-71.0119808,42.3509511],[-71.0119164,42.3509924],[-71.0118537,42.3510426],[-71.0117911,42.3511194],[-71.0115244,42.3516691],[-71.0114444,42.3517764]]}},{"type":"Feature","properties":{"aeroway":"taxiway","ref":null,"name":null,"surface":null,"id":480497344},"geometry":{"type":"LineString","coordinates":[[-71.011012,42.3500794],[-71.0116999,42.3504662],[-71.0118274,42.3505881],[-71.0118687,42.3506685],[-71.0118837,42.3507516],[-71.011882,42.3508381],[-71.0118286,42.3509622],[-71.0116083,42.3514148],[-71.0115786,42.3515148]]}},{"type":"Feature","properties":{"aeroway":"taxiway","ref":null,"name":null,"surface":null,"id":480497345},"geometry":{"type":"LineString","coordinates":[[-71.015104,42.3536058],[-71.0149145,42.3535159],[-71.0148423,42.3534976],[-71.0147729,42.3534843],[-71.014715,42.3534769],[-71.0146658,42.3534775],[-71.0146216,42.35348],[-71.0145742,42.353486],[-71.0145068,42.3535007],[-71.0144839,42.3535057],[-71.0144015,42.3535363],[-71.0143459,42.3535632],[-71.0142952,42.3535936],[-71.0142275,42.3536557],[-71.0140846,42.3539117]]}},{"type":"Feature","properties":{"aeroway":"taxiway","ref":null,"name":null,"surface":null,"id":480497346},"geometry":{"type":"LineString","coordinates":[[-71.0142605,42.3535537],[-71.0143034,42.3534329],[-71.0143075,42.3533904],[-71.0143034,42.3533465],[-71.0142931,42.3532995],[-71.0142747,42.353251],[-71.0142357,42.3531888],[-71.0141865,42.3531418],[-71.0140591,42.3530505]]}},{"type":"Feature","properties":{"aeroway":"taxiway","ref":null,"name":null,"surface":null,"id":480497347},"geometry":{"type":"LineString","coordinates":[[-71.0147483,42.3534201],[-71.0146603,42.3533601],[-71.0146214,42.3533177],[-71.0145721,42.3532479],[-71.0145434,42.3531858],[-71.0145229,42.3531024],[-71.0145311,42.3530342],[-71.0145831,42.3529021]]}},{"type":"Feature","properties":{"aeroway":"taxiway","ref":null,"name":null,"surface":null,"id":480497348},"geometry":{"type":"LineString","coordinates":[[-71.0146392,42.3527846],[-71.0145969,42.3528288],[-71.0145803,42.3528462],[-71.0145126,42.3528977],[-71.0144638,42.3529289],[-71.0144023,42.3529562],[-71.014326,42.3529793],[-71.014255,42.3529944],[-71.0141741,42.3530023],[-71.0141081,42.3530021],[-71.0140574,42.3529981],[-71.0140067,42.3529905],[-71.0138673,42.3529484]]}},{"type":"Feature","properties":{"aeroway":"taxiway","ref":"M1","name":null,"surface":null,"id":480499347},"geometry":{"type":"LineString","coordinates":[[-71.0133074,42.3544096],[-71.0134248,42.3544281],[-71.0135442,42.3544195],[-71.0136481,42.3543996],[-71.0137615,42.3543594],[-71.0138396,42.3543133],[-71.0138907,42.3542706],[-71.0139573,42.3542019]]}},{"type":"Feature","properties":{"aeroway":"taxiway","ref":"M1","name":null,"surface":null,"id":480499348},"geometry":{"type":"LineString","coordinates":[[-71.0110662,42.3538148],[-71.0109491,42.3537679],[-71.0108759,42.3537281],[-71.0108042,42.3536601],[-71.0107639,42.3536109],[-71.0107272,42.3535341],[-71.0107079,42.3534628],[-71.0107027,42.3534009],[-71.0107362,42.3532991],[-71.0109337,42.3528903],[-71.0109388,42.3528436]]}},{"type":"Feature","properties":{"aeroway":"taxiway","ref":null,"name":null,"surface":null,"id":480499349},"geometry":{"type":"LineString","coordinates":[[-71.0133034,42.3574775],[-71.0131336,42.3574387],[-71.0130123,42.3574341],[-71.0128755,42.3574525],[-71.0127635,42.3574893],[-71.0126454,42.3575605],[-71.0125299,42.3576645]]}},{"type":"Feature","properties":{"aeroway":"taxiway","ref":null,"name":null,"surface":null,"id":480499350},"geometry":{"type":"LineString","coordinates":[[-71.0131434,42.3574223],[-71.0130092,42.3573537],[-71.0129439,42.357287],[-71.012891,42.3572089],[-71.0128662,42.3571354],[-71.0128599,42.3570549],[-71.0128743,42.3569678]]}},{"type":"Feature","properties":{"aeroway":"taxiway","ref":null,"name":null,"surface":null,"id":480499351},"geometry":{"type":"LineString","coordinates":[[-71.0125939,42.3575333],[-71.0126111,42.3574318],[-71.0126018,42.3573537],[-71.0125738,42.3572756],[-71.0125272,42.3572112],[-71.0125035,42.3571765],[-71.0124644,42.3571442]]}},{"type":"Feature","properties":{"aeroway":"taxiway","ref":null,"name":null,"surface":null,"id":480499352},"geometry":{"type":"LineString","coordinates":[[-71.0125912,42.3584654],[-71.0124405,42.3584721],[-71.0123094,42.3585005],[-71.0122103,42.3585407],[-71.0121208,42.3586045],[-71.0119957,42.3587625]]}},{"type":"Feature","properties":{"aeroway":"taxiway","ref":null,"name":null,"surface":null,"id":480499353},"geometry":{"type":"LineString","coordinates":[[-71.0119611,42.3588344],[-71.0119673,42.3587391],[-71.0119545,42.3586635],[-71.0119097,42.3585785],[-71.0118554,42.3585147],[-71.0117786,42.3584556],[-71.0116859,42.3584036],[-71.0114923,42.3583535]]}},{"type":"Feature","properties":{"aeroway":"taxiway","ref":null,"name":null,"surface":null,"id":480499354},"geometry":{"type":"LineString","coordinates":[[-71.011727,42.3583776],[-71.0118649,42.3583753],[-71.0119673,42.3583587],[-71.0120408,42.3583398],[-71.0121399,42.3582926],[-71.0122167,42.3582311],[-71.0123139,42.3581069]]}},{"type":"Feature","properties":{"aeroway":"taxiway","ref":null,"name":null,"surface":null,"id":480499355},"geometry":{"type":"LineString","coordinates":[[-71.0127821,42.3584847],[-71.0126835,42.3584532],[-71.0125684,42.3583989],[-71.0124981,42.358354],[-71.0124309,42.3582831],[-71.0123893,42.3581957],[-71.012367,42.3581224],[-71.012367,42.3580539],[-71.0123949,42.3579409]]}},{"type":"Feature","properties":{"aeroway":"taxiway","ref":null,"name":null,"surface":null,"id":480499356},"geometry":{"type":"LineString","coordinates":[[-71.016111,42.3589008],[-71.0161762,42.3588978],[-71.0163137,42.3588757],[-71.0164214,42.3588315],[-71.0164991,42.358763],[-71.0165478,42.3587104]]}},{"type":"Feature","properties":{"aeroway":"taxiway","ref":null,"name":null,"surface":null,"id":480499357},"geometry":{"type":"LineString","coordinates":[[-71.0156711,42.3584928],[-71.0156815,42.3584433],[-71.0156897,42.3583859],[-71.0156698,42.3582883],[-71.0156229,42.358204],[-71.0155614,42.3581355],[-71.0154998,42.358087],[-71.0154223,42.3580453],[-71.0153772,42.358027]]}},{"type":"Feature","properties":{"aeroway":"taxiway","ref":null,"name":null,"surface":null,"id":480499358},"geometry":{"type":"LineString","coordinates":[[-71.0162504,42.3593328],[-71.0162746,42.3592299],[-71.016275,42.3591905],[-71.0162664,42.3591475],[-71.0162541,42.3591126],[-71.016236,42.3590768],[-71.0162143,42.3590451],[-71.0161876,42.3590142],[-71.0161498,42.3589816],[-71.0161074,42.3589509],[-71.0160795,42.3589347],[-71.0160488,42.3589197],[-71.0159772,42.3588948],[-71.0159109,42.3588806],[-71.0158222,42.3588823],[-71.0157306,42.3588978],[-71.0156057,42.3589323],[-71.0155389,42.358966],[-71.0154779,42.3590039],[-71.0154272,42.3590461],[-71.0153879,42.3590919],[-71.0153731,42.3591121]]}},{"type":"Feature","properties":{"aeroway":"taxiway","ref":null,"name":null,"surface":null,"id":480499359},"geometry":{"type":"LineString","coordinates":[[-71.0153107,42.3592341],[-71.0153185,42.3591844],[-71.0153209,42.3591321],[-71.0153179,42.3590934],[-71.0153095,42.359056],[-71.0152933,42.3590111],[-71.0152696,42.358967],[-71.01525,42.3589371],[-71.0152253,42.3589098],[-71.0151897,42.3588757],[-71.0151528,42.3588461],[-71.0151116,42.3588208],[-71.0150682,42.3587968],[-71.0149488,42.3587481]]}},{"type":"Feature","properties":{"aeroway":"taxiway","ref":null,"name":null,"surface":null,"id":480499360},"geometry":{"type":"LineString","coordinates":[[-71.0163218,42.3591804],[-71.0163876,42.3591094],[-71.0164506,42.3590654],[-71.016484,42.3590477],[-71.0165201,42.3590317],[-71.0165734,42.3590139],[-71.0166302,42.3590011],[-71.0166685,42.3589955],[-71.0167083,42.3589914],[-71.0167874,42.3589933]]}},{"type":"Feature","properties":{"aeroway":"taxiway","ref":null,"name":null,"surface":null,"id":480499361},"geometry":{"type":"LineString","coordinates":[[-71.0168953,42.3590115],[-71.0167942,42.3589703],[-71.0167543,42.3589494],[-71.0167159,42.3589257],[-71.0166839,42.3588998],[-71.0166473,42.358861],[-71.0166246,42.3588281],[-71.0166061,42.3587937],[-71.0165954,42.3587627],[-71.0165883,42.3587302],[-71.0165856,42.3586703],[-71.0165999,42.3586087],[-71.0166391,42.3585292],[-71.0167384,42.3584338],[-71.0168909,42.3583586],[-71.0170075,42.3583454],[-71.017188,42.3583545]]}},{"type":"Feature","properties":{"aeroway":"taxiway","ref":"A","name":null,"surface":null,"id":480499362},"geometry":{"type":"LineString","coordinates":[[-71.0165999,42.3586087],[-71.0165844,42.3586326],[-71.0165478,42.3587104],[-71.0164414,42.3589396],[-71.0163218,42.3591804],[-71.0162504,42.3593328],[-71.016195,42.3594468],[-71.0158549,42.3601472],[-71.0158441,42.3601694],[-71.0157666,42.3603289],[-71.0156371,42.3605989],[-71.0154509,42.3609871],[-71.015212,42.3614851],[-71.0151674,42.3615781],[-71.0151398,42.3616361],[-71.0150108,42.3618935],[-71.0149976,42.3619198],[-71.014913,42.3621035],[-71.0148682,42.3622002],[-71.0147834,42.362371],[-71.0144941,42.3629537],[-71.0143334,42.3633038],[-71.0142788,42.3634128],[-71.0142485,42.3634653],[-71.0141035,42.3637664],[-71.0139926,42.3639884],[-71.0139356,42.3641128],[-71.013738,42.3645148],[-71.0135849,42.3647885],[-71.0135584,42.3648307],[-71.0134076,42.3650702],[-71.0132134,42.3653518],[-71.0131421,42.3654632],[-71.0130296,42.365639],[-71.0129606,42.3657537],[-71.0129001,42.3658744],[-71.0128797,42.3659152],[-71.0128035,42.3660736],[-71.0126386,42.3665243],[-71.0125591,42.3667475],[-71.0125337,42.3668246],[-71.0124685,42.3670024],[-71.0124007,42.3671782],[-71.0123664,42.3673113],[-71.0123664,42.3673875],[-71.012383,42.367491],[-71.0124179,42.3675713],[-71.0125123,42.3677299],[-71.0125895,42.3678187],[-71.0126385,42.367872],[-71.0126949,42.3679235],[-71.0128603,42.36804],[-71.0129955,42.3681411],[-71.0135077,42.3685243],[-71.0136759,42.3686501],[-71.0138699,42.3687952],[-71.0143429,42.3691489],[-71.014762,42.3694623],[-71.0148417,42.3695241],[-71.0149381,42.3695872],[-71.0150391,42.3696381],[-71.0151272,42.3696924],[-71.0153762,42.3698741],[-71.0159314,42.370291],[-71.0161185,42.3704322],[-71.0162868,42.3705557],[-71.0166899,42.3708514],[-71.0168494,42.3709337],[-71.0173624,42.3711812],[-71.0176946,42.3713415],[-71.0180172,42.3714979],[-71.0186913,42.3718247],[-71.0191236,42.3720343],[-71.0193739,42.3721517],[-71.0194326,42.3721773],[-71.019494,42.372202],[-71.0195906,42.3722353],[-71.0196892,42.3722635],[-71.0198517,42.3722995],[-71.0199053,42.3723067],[-71.0199259,42.3723097],[-71.019986,42.3723179]]}},{"type":"Feature","properties":{"aeroway":"taxiway","ref":null,"name":null,"surface":null,"id":484947773},"geometry":{"type":"LineString","coordinates":[[-71.0517468,42.3512632],[-71.0518064,42.3511089],[-71.0518327,42.3510771],[-71.0518777,42.3510229],[-71.0520257,42.3508445],[-71.0520453,42.3508308],[-71.0521802,42.3507367]]}},{"type":"Feature","properties":{"aeroway":"runway","ref":"15R/33L","name":null,"surface":"asphalt","id":514834638},"geometry":{"type":"LineString","coordinates":[[-71.0178919,42.3742782],[-71.0171727,42.3737415],[-71.0167483,42.3734247],[-71.0155798,42.3725528]]}},{"type":"Feature","properties":{"aeroway":"runway","ref":"4R/22L","name":null,"surface":"asphalt","id":514834639},"geometry":{"type":"LineString","coordinates":[[-70.9992944,42.376899],[-70.9996599,42.3761435],[-71.0002272,42.3749707],[-71.0007942,42.3737986]]}},{"type":"Feature","properties":{"aeroway":"runway","ref":"4L/22R","name":null,"surface":"asphalt","id":514834642},"geometry":{"type":"LineString","coordinates":[[-71.0045071,42.3782995],[-71.0046219,42.378064],[-71.004802,42.3776677],[-71.0049687,42.377324],[-71.0051116,42.3770293],[-71.0055252,42.3761764]]}},{"type":"Feature","properties":{"aeroway":"runway","ref":"4R/22L","name":null,"surface":"asphalt","id":514834649},"geometry":{"type":"LineString","coordinates":[[-71.0117953,42.3510507],[-71.0116925,42.3512769],[-71.0116264,42.3514224],[-71.0115786,42.3515148],[-71.0114639,42.351736],[-71.0114444,42.3517764],[-71.0109685,42.3527813],[-71.0109388,42.3528436],[-71.0105811,42.3535616],[-71.0104492,42.3538342],[-71.0103392,42.3540615]]}},{"type":"Feature","properties":{"aeroway":"runway","ref":null,"name":null,"surface":"asphalt","id":514834651},"geometry":{"type":"LineString","coordinates":[[-71.0145005,42.3576498],[-71.0144411,42.3577723],[-71.0143196,42.3580221]]}},{"type":"Feature","properties":{"aeroway":"taxiway","ref":null,"name":null,"surface":null,"id":514834652},"geometry":{"type":"LineString","coordinates":[[-71.0130891,42.3565162],[-71.0130899,42.3564532],[-71.0130864,42.356361],[-71.0130554,42.3562567],[-71.0129938,42.3561457],[-71.0129052,42.3560545],[-71.0127899,42.3559772],[-71.0123765,42.3558369]]}},{"type":"Feature","properties":{"aeroway":"taxiway","ref":null,"name":null,"surface":null,"id":566458091},"geometry":{"type":"LineString","coordinates":[[-71.0162959,42.3582172],[-71.0162188,42.3582101],[-71.0161358,42.358206],[-71.0160619,42.358206],[-71.0159867,42.3582145],[-71.0158836,42.3582475],[-71.0158483,42.3582653],[-71.0158152,42.3582837],[-71.0157882,42.3583052],[-71.0157643,42.3583311],[-71.0157293,42.3583764]]}},{"type":"Feature","properties":{"aeroway":"taxiway","ref":"C","name":null,"surface":"asphalt","id":640424052},"geometry":{"type":"LineString","coordinates":[[-71.01449,42.3638743],[-71.0145733,42.3638986]]}},{"type":"Feature","properties":{"aeroway":"taxiway","ref":"C1","name":null,"surface":"asphalt","id":677780867},"geometry":{"type":"LineString","coordinates":[[-70.9956558,42.3557481],[-70.9955944,42.3557173],[-70.9955211,42.3556928],[-70.9954443,42.3556787],[-70.995369,42.3556755],[-70.9953107,42.35568],[-70.9952505,42.3556913],[-70.9951774,42.3557145],[-70.9951113,42.3557478]]}},{"type":"Feature","properties":{"aeroway":"taxiway","ref":"Y","name":null,"surface":"asphalt","id":678899871},"geometry":{"type":"LineString","coordinates":[[-71.0049706,42.3699493],[-71.0050378,42.3702242],[-71.0051013,42.3704177],[-71.0052004,42.3705804],[-71.005288,42.3706791],[-71.005359,42.3707533],[-71.0056052,42.3709622]]}},{"type":"Feature","properties":{"aeroway":"runway","ref":"15L/33R","name":null,"surface":"asphalt","id":678899873},"geometry":{"type":"LineString","coordinates":[[-71.0019569,42.3682338],[-71.0030778,42.3690784],[-71.0038939,42.3696867],[-71.0045961,42.3702101],[-71.0052366,42.3706907],[-71.0056052,42.3709622],[-71.0056526,42.3709975],[-71.0059676,42.3712322],[-71.0066145,42.371714],[-71.0066484,42.3717393],[-71.0066982,42.3717764],[-71.007404,42.3723021],[-71.0082776,42.372954],[-71.0085958,42.3731944]]}},{"type":"Feature","properties":{"aeroway":"apron","ref":null,"name":"J Pad","surface":"asphalt","id":754091980},"geometry":{"type":"Polygon","coordinates":[[[-71.022673,42.3564529],[-71.0225845,42.3564054],[-71.0203499,42.355217],[-71.0203786,42.3552522],[-71.0203903,42.3553022],[-71.0203835,42.355344],[-71.0203551,42.3553864],[-71.0200125,42.355739],[-71.0198871,42.3557986],[-71.0197476,42.3558155],[-71.0196866,42.3558098],[-71.0196231,42.3557995],[-71.0222205,42.3569468],[-71.0222047,42.356927],[-71.0221946,42.356904],[-71.0221961,42.3568813],[-71.0222102,42.3568577],[-71.0225809,42.3564752],[-71.0225981,42.3564646],[-71.0226168,42.3564568],[-71.0226389,42.3564532],[-71.022673,42.3564529]]]}},{"type":"Feature","properties":{"aeroway":"apron","ref":null,"name":"Earhart Pad","surface":null,"id":754091981},"geometry":{"type":"Polygon","coordinates":[[[-71.0198398,42.3564573],[-71.0194288,42.3565254],[-71.0191305,42.3565753],[-71.0176692,42.3568127],[-71.0170249,42.3569248],[-71.0169576,42.3569522],[-71.0168956,42.3569863],[-71.0167986,42.3570678],[-71.0171898,42.3562653],[-71.0172415,42.3561649],[-71.0172587,42.3561361],[-71.0172828,42.356114],[-71.0173213,42.3560941],[-71.0173789,42.3560789],[-71.0174953,42.3560593],[-71.0179425,42.3559803],[-71.0186737,42.3558516],[-71.0187756,42.355844],[-71.0188366,42.3558494],[-71.018903,42.3558647],[-71.019049,42.3559293],[-71.0191885,42.3559917],[-71.0202484,42.3564592],[-71.0201582,42.3564399],[-71.0200782,42.3564302],[-71.0200093,42.356432],[-71.0199406,42.3564412],[-71.0198398,42.3564573]]]}},{"type":"Feature","properties":{"aeroway":"parking_position","ref":"NC13/H5","name":null,"surface":null,"id":784930700},"geometry":{"type":"LineString","coordinates":[[-71.0256643,42.3735565],[-71.025797,42.3739546]]}},{"type":"Feature","properties":{"aeroway":"parking_position","ref":"NC12A/H6","name":null,"surface":null,"id":784930701},"geometry":{"type":"LineString","coordinates":[[-71.0251778,42.3732664],[-71.0246811,42.3732284]]}},{"type":"Feature","properties":{"aeroway":"parking_position","ref":"NC12/H7","name":null,"surface":null,"id":784930702},"geometry":{"type":"LineString","coordinates":[[-71.0242175,42.3730335],[-71.0243137,42.3734029]]}},{"type":"Feature","properties":{"aeroway":"parking_position","ref":"C17","name":null,"surface":null,"id":784930705},"geometry":{"type":"LineString","coordinates":[[-71.015414,42.3698882],[-71.0155908,42.3685634]]}},{"type":"Feature","properties":{"aeroway":"parking_position","ref":"C16","name":null,"surface":null,"id":784930706},"geometry":{"type":"LineString","coordinates":[[-71.0164121,42.3692276],[-71.0158156,42.3684342]]}},{"type":"Feature","properties":{"aeroway":"parking_position","ref":"B27W","name":null,"surface":null,"id":784930708},"geometry":{"type":"LineString","coordinates":[[-71.0157075,42.3618858],[-71.0164732,42.3618427]]}},{"type":"Feature","properties":{"aeroway":"parking_position","ref":"B28","name":null,"surface":null,"id":784930709},"geometry":{"type":"LineString","coordinates":[[-71.0162829,42.3623607],[-71.0168373,42.3620073]]}},{"type":"Feature","properties":{"aeroway":"parking_position","ref":"B30","name":null,"surface":null,"id":784930710},"geometry":{"type":"LineString","coordinates":[[-71.0165102,42.3625199],[-71.0165587,42.3625293],[-71.0166231,42.3625482],[-71.0166519,42.3625716],[-71.016666,42.3625952],[-71.0166695,42.3626253],[-71.0166678,42.3626568],[-71.0166603,42.3626804],[-71.0166441,42.3627152],[-71.0166244,42.3627443],[-71.0166154,42.3627739],[-71.0166132,42.3628122],[-71.0166244,42.3630273]]}},{"type":"Feature","properties":{"aeroway":"parking_position","ref":"C33","name":null,"surface":null,"id":784930714},"geometry":{"type":"LineString","coordinates":[[-71.0151987,42.3645556],[-71.0150301,42.3649454]]}},{"type":"Feature","properties":{"aeroway":"parking_position","ref":"C29","name":null,"surface":null,"id":784930715},"geometry":{"type":"LineString","coordinates":[[-71.0141396,42.3648664],[-71.0145694,42.3652381]]}},{"type":"Feature","properties":{"aeroway":"parking_position","ref":"C32","name":null,"surface":null,"id":784930717},"geometry":{"type":"LineString","coordinates":[[-71.0136186,42.3656438],[-71.0140893,42.3658342]]}},{"type":"Feature","properties":{"aeroway":"parking_position","ref":"C36","name":null,"surface":null,"id":784930719},"geometry":{"type":"LineString","coordinates":[[-71.0131907,42.3666109],[-71.0141472,42.3662818]]}},{"type":"Feature","properties":{"aeroway":"parking_position","ref":"C26","name":null,"surface":null,"id":784930721},"geometry":{"type":"LineString","coordinates":[[-71.0149008,42.3665762],[-71.0155422,42.3662703]]}},{"type":"Feature","properties":{"aeroway":"parking_position","ref":"C14","name":null,"surface":null,"id":784930722},"geometry":{"type":"LineString","coordinates":[[-71.0146208,42.3670221],[-71.0149588,42.3675292]]}},{"type":"Feature","properties":{"aeroway":"parking_position","ref":"C22","name":null,"surface":null,"id":784930723},"geometry":{"type":"LineString","coordinates":[[-71.0140978,42.3671268],[-71.0142253,42.3675221]]}},{"type":"Feature","properties":{"aeroway":"parking_position","ref":"C21","name":null,"surface":null,"id":784930724},"geometry":{"type":"LineString","coordinates":[[-71.0132884,42.3673384],[-71.0139991,42.3676328]]}},{"type":"Feature","properties":{"aeroway":"parking_position","ref":"C20","name":null,"surface":null,"id":784930725},"geometry":{"type":"LineString","coordinates":[[-71.0136974,42.3680486],[-71.0144807,42.3679454]]}},{"type":"Feature","properties":{"aeroway":"parking_position","ref":"C19","name":null,"surface":null,"id":784930726},"geometry":{"type":"LineString","coordinates":[[-71.0136759,42.3686501],[-71.0149956,42.3682708]]}},{"type":"Feature","properties":{"aeroway":"parking_position","ref":"C18","name":null,"surface":null,"id":784930727},"geometry":{"type":"LineString","coordinates":[[-71.0143429,42.3691489],[-71.0153189,42.3684988]]}},{"type":"Feature","properties":{"aeroway":"parking_position","ref":"E12","name":null,"surface":null,"id":784930732},"geometry":{"type":"LineString","coordinates":[[-71.0231172,42.3714083],[-71.0221498,42.3702955]]}},{"type":"Feature","properties":{"aeroway":"parking_position","ref":"E9","name":null,"surface":null,"id":784930734},"geometry":{"type":"LineString","coordinates":[[-71.0194326,42.3721773],[-71.0202094,42.3712398]]}},{"type":"Feature","properties":{"aeroway":"parking_position","ref":"E8","name":null,"surface":null,"id":784930736},"geometry":{"type":"LineString","coordinates":[[-71.0186913,42.3718247],[-71.0194847,42.3708784]]}},{"type":"Feature","properties":{"aeroway":"parking_position","ref":"E7","name":null,"surface":null,"id":784930737},"geometry":{"type":"LineString","coordinates":[[-71.0180172,42.3714979],[-71.0187708,42.370587]]}},{"type":"Feature","properties":{"aeroway":"parking_position","ref":"E6","name":null,"surface":null,"id":784930739},"geometry":{"type":"LineString","coordinates":[[-71.0173624,42.3711812],[-71.0180329,42.3702739]]}},{"type":"Feature","properties":{"aeroway":"parking_position","ref":"E5","name":null,"surface":null,"id":784930740},"geometry":{"type":"LineString","coordinates":[[-71.0162868,42.3705557],[-71.0176234,42.3701532]]}},{"type":"Feature","properties":{"aeroway":"parking_position","ref":"B23","name":null,"surface":null,"id":784930742},"geometry":{"type":"LineString","coordinates":[[-71.0164595,42.3603145],[-71.0172219,42.3605137]]}},{"type":"Feature","properties":{"aeroway":"parking_position","ref":"B24","name":null,"surface":null,"id":784930743},"geometry":{"type":"LineString","coordinates":[[-71.0162416,42.3607594],[-71.0170047,42.360962]]}},{"type":"Feature","properties":{"aeroway":"parking_position","ref":"B25","name":null,"surface":null,"id":784930744},"geometry":{"type":"LineString","coordinates":[[-71.0160584,42.3611499],[-71.0168021,42.3613492]]}},{"type":"Feature","properties":{"aeroway":"parking_position","ref":"B31","name":null,"surface":null,"id":784930746},"geometry":{"type":"LineString","coordinates":[[-71.015936,42.3624921],[-71.0162134,42.3630463]]}},{"type":"Feature","properties":{"aeroway":"parking_position","ref":"B35A","name":null,"surface":null,"id":784930747},"geometry":{"type":"LineString","coordinates":[[-71.016605,42.3641384],[-71.0167066,42.363766]]}},{"type":"Feature","properties":{"aeroway":"parking_position","ref":"B36","name":null,"surface":null,"id":784930750},"geometry":{"type":"LineString","coordinates":[[-71.0171891,42.3641283],[-71.0171625,42.3635615]]}},{"type":"Feature","properties":{"aeroway":"parking_position","ref":"B38","name":null,"surface":null,"id":784930752},"geometry":{"type":"LineString","coordinates":[[-71.0173053,42.364296],[-71.0180488,42.3643553]]}},{"type":"Feature","properties":{"aeroway":"taxiway","ref":"C1","name":null,"surface":null,"id":863184220},"geometry":{"type":"LineString","coordinates":[[-70.9951113,42.3557478],[-70.9948032,42.3559702],[-70.9943694,42.3562923]]}},{"type":"Feature","properties":{"aeroway":"taxiway","ref":"C1","name":null,"surface":"asphalt","id":863184221},"geometry":{"type":"LineString","coordinates":[[-70.9951113,42.3557478],[-70.9951593,42.3556925],[-70.9951974,42.3556199],[-70.9952105,42.3555424],[-70.9952024,42.3554837],[-70.995183,42.3554366],[-70.9951557,42.355391],[-70.9951151,42.355344]]}},{"type":"Feature","properties":{"aeroway":"taxiway","ref":"C1","name":null,"surface":"asphalt","id":863184222},"geometry":{"type":"LineString","coordinates":[[-70.9937651,42.3562793],[-70.9938242,42.3563069],[-70.9938739,42.3563302],[-70.9939264,42.3563498],[-70.9939645,42.356359],[-70.9940008,42.3563665],[-70.9940383,42.3563702],[-70.9940767,42.3563719],[-70.9941192,42.356371],[-70.9941582,42.3563678],[-70.9942014,42.3563604],[-70.9942412,42.3563508],[-70.994306,42.3563242],[-70.9943694,42.3562923]]}},{"type":"Feature","properties":{"aeroway":"taxiway","ref":"C1","name":null,"surface":"asphalt","id":863184223},"geometry":{"type":"LineString","coordinates":[[-70.9943633,42.3567303],[-70.9943285,42.3566771],[-70.9943074,42.356648],[-70.9942858,42.3566104],[-70.9942746,42.3565823],[-70.9942655,42.3565517],[-70.9942614,42.3565218],[-70.9942616,42.3564917],[-70.9942647,42.3564639],[-70.9942713,42.3564359],[-70.994292,42.3563831],[-70.9943245,42.3563393],[-70.9943694,42.3562923]]}},{"type":"Feature","properties":{"aeroway":"taxiway","ref":"L","name":null,"surface":null,"id":863187294},"geometry":{"type":"LineString","coordinates":[[-71.0199869,42.3723228],[-71.0199584,42.3723225],[-71.0199212,42.372323],[-71.0198687,42.3723241],[-71.0198122,42.3723294],[-71.0197021,42.3723464],[-71.0195925,42.3723729],[-71.0195082,42.3724041],[-71.0193837,42.3724627],[-71.0193024,42.3725077],[-71.0192234,42.3725733],[-71.0189901,42.3727955],[-71.0189084,42.3729091],[-71.0188393,42.3730671],[-71.018787,42.3732011],[-71.0187361,42.3733502],[-71.0186798,42.3734273],[-71.0186263,42.3735014],[-71.0185608,42.3735651],[-71.0184899,42.3736269],[-71.0181881,42.3738595],[-71.0181147,42.3738997],[-71.0180448,42.3739333],[-71.0179436,42.3739603],[-71.017855,42.373974],[-71.0177849,42.3739773],[-71.017722,42.3739767],[-71.0176394,42.3739682],[-71.0175693,42.3739544],[-71.0174442,42.373911],[-71.0171727,42.3737415]]}},{"type":"Feature","properties":{"aeroway":"taxiway","ref":"B","name":null,"surface":"asphalt","id":863187374},"geometry":{"type":"LineString","coordinates":[[-71.0217576,42.3756441],[-71.021674,42.3755517],[-71.0216357,42.375522],[-71.0208012,42.3748898],[-71.0202702,42.3744939],[-71.0200218,42.3743088],[-71.0199588,42.3742618],[-71.0187361,42.3733502],[-71.0184701,42.3731519],[-71.0181055,42.3728801],[-71.0168479,42.3719424],[-71.0164768,42.3716657],[-71.0161077,42.3713905],[-71.0154802,42.3709227],[-71.0147533,42.3703807],[-71.0128514,42.3689644],[-71.0125247,42.3687144],[-71.0122508,42.3685067],[-71.0117281,42.3681251],[-71.0116357,42.3680568],[-71.0115603,42.3679844],[-71.0114823,42.3678821],[-71.011416,42.3677522],[-71.0113766,42.3675917],[-71.0113756,42.3674572],[-71.0114041,42.3673233],[-71.0114655,42.3671875],[-71.0116181,42.3668777],[-71.0117421,42.366619],[-71.0118712,42.3663546],[-71.0120751,42.3659299],[-71.0121825,42.365704],[-71.0122788,42.3655069],[-71.0123146,42.3654257],[-71.0123505,42.3653532],[-71.0131047,42.3637929],[-71.0131857,42.3636226],[-71.0132802,42.3634316],[-71.0133684,42.3632533],[-71.0134439,42.3630861],[-71.0134994,42.3629672],[-71.0139854,42.3619764],[-71.0142645,42.3613998],[-71.0153107,42.3592341],[-71.0153731,42.3591121],[-71.0153945,42.3590627],[-71.0155046,42.3588353],[-71.0156467,42.3585428],[-71.0156606,42.3585142],[-71.0156711,42.3584928],[-71.0156768,42.3584818],[-71.0157293,42.3583764],[-71.0158388,42.3581444],[-71.0160141,42.3577953],[-71.0168828,42.3559766],[-71.016896,42.3559489],[-71.0169386,42.3558598],[-71.0170584,42.3556225],[-71.0171335,42.3554687],[-71.0172242,42.3552731],[-71.0172555,42.3551186],[-71.0172402,42.3549653],[-71.0171505,42.3547895],[-71.0170358,42.354661],[-71.0168729,42.3545454],[-71.0157807,42.3539653],[-71.015104,42.3536058],[-71.0147483,42.3534201],[-71.0144148,42.3532397],[-71.0140591,42.3530505],[-71.0138673,42.3529484],[-71.0130681,42.3525228],[-71.0129776,42.3524746],[-71.0120961,42.3520063],[-71.0119826,42.3519559],[-71.0118748,42.3519349],[-71.0116544,42.351945],[-71.0115274,42.3519825],[-71.0114117,42.3520405],[-71.0113437,42.3521005],[-71.011288,42.3521665],[-71.0110251,42.3527034],[-71.0109685,42.3527813]]}},{"type":"Feature","properties":{"aeroway":"taxiway","ref":null,"name":null,"surface":null,"id":863267341},"geometry":{"type":"LineString","coordinates":[[-71.0122488,42.3667028],[-71.0123299,42.3667049],[-71.0124133,42.3666915],[-71.0124818,42.3666691],[-71.0125507,42.366628],[-71.0126023,42.3665822],[-71.0126386,42.3665243]]}},{"type":"Feature","properties":{"aeroway":"taxiway","ref":null,"name":null,"surface":null,"id":863267342},"geometry":{"type":"LineString","coordinates":[[-71.0125704,42.3668834],[-71.0125337,42.3668246]]}},{"type":"Feature","properties":{"aeroway":"taxiway","ref":null,"name":null,"surface":null,"id":863267343},"geometry":{"type":"LineString","coordinates":[[-71.0122488,42.3667028],[-71.01229,42.366718],[-71.012333,42.3667378],[-71.0123949,42.3667807],[-71.0124246,42.3668106],[-71.0124548,42.3668552],[-71.012472,42.3668973],[-71.0124766,42.3669463],[-71.0124685,42.3670024]]}},{"type":"Feature","properties":{"aeroway":"taxiway","ref":null,"name":null,"surface":null,"id":863267344},"geometry":{"type":"LineString","coordinates":[[-71.0118712,42.3663546],[-71.0118575,42.3663977],[-71.0118555,42.3664502],[-71.0118681,42.3664971],[-71.0118923,42.3665441],[-71.011924,42.3665844],[-71.0119731,42.3666239],[-71.0120304,42.3666541],[-71.0121029,42.3666787]]}},{"type":"Feature","properties":{"aeroway":"taxiway","ref":null,"name":null,"surface":null,"id":863296519},"geometry":{"type":"LineString","coordinates":[[-71.0162959,42.3582172],[-71.016211,42.3581871],[-71.0161657,42.3581625],[-71.0161204,42.3581327],[-71.0160744,42.3580889],[-71.0160368,42.3580399],[-71.0160082,42.3579799],[-71.015996,42.3579166],[-71.015998,42.3578566],[-71.0160141,42.3577953]]}},{"type":"Feature","properties":{"aeroway":"taxiway","ref":null,"name":null,"surface":null,"id":863296520},"geometry":{"type":"LineString","coordinates":[[-71.0153772,42.358027],[-71.015468,42.3580356],[-71.0155552,42.358035],[-71.0156464,42.3580232],[-71.0157305,42.3580023],[-71.0158168,42.3579669],[-71.0158971,42.3579191],[-71.0159638,42.3578597],[-71.0160141,42.3577953]]}},{"type":"Feature","properties":{"aeroway":"taxiway","ref":"Q","name":null,"surface":"asphalt","id":863499120},"geometry":{"type":"LineString","coordinates":[[-71.0100919,42.3667523],[-71.0102393,42.3665952],[-71.0103068,42.3665448],[-71.0103883,42.3665006],[-71.0104777,42.3664731],[-71.0105764,42.3664542],[-71.0106699,42.3664491],[-71.0107669,42.3664526]]}},{"type":"Feature","properties":{"aeroway":"taxiway","ref":"Q","name":null,"surface":"asphalt","id":863499121},"geometry":{"type":"LineString","coordinates":[[-71.0104965,42.3659213],[-71.0104879,42.3661024],[-71.0104986,42.3661696],[-71.0105296,42.3662376],[-71.0105696,42.3662967],[-71.010636,42.3663602],[-71.0107198,42.3664152],[-71.0108167,42.3664612]]}},{"type":"Feature","properties":{"aeroway":"taxiway","ref":"M","name":null,"surface":"asphalt","id":863527491},"geometry":{"type":"LineString","coordinates":[[-71.0056715,42.3718439],[-71.0057621,42.371737],[-71.0058156,42.3716961],[-71.0058742,42.3716597],[-71.0059392,42.371632],[-71.0060063,42.3716102],[-71.006071,42.3715962],[-71.0061385,42.3715865],[-71.0062089,42.3715864],[-71.006289,42.3715912],[-71.0063576,42.3716044],[-71.0064256,42.3716232],[-71.0065388,42.371676],[-71.0066484,42.3717393]]}},{"type":"Feature","properties":{"aeroway":"taxiway","ref":"M","name":null,"surface":"asphalt","id":863527492},"geometry":{"type":"LineString","coordinates":[[-71.0052366,42.3706907],[-71.005359,42.3707533],[-71.0054585,42.3708056],[-71.0055722,42.3708464],[-71.0056731,42.370867],[-71.0057794,42.3708712],[-71.005885,42.3708592],[-71.0059952,42.3708304],[-71.0060984,42.3707844],[-71.0061797,42.3707247],[-71.0062464,42.3706562]]}},{"type":"Feature","properties":{"aeroway":"taxiway","ref":"M","name":null,"surface":"asphalt","id":863527493},"geometry":{"type":"LineString","coordinates":[[-71.0058649,42.3714444],[-71.0058807,42.3713747],[-71.0058801,42.371308],[-71.0058644,42.3712458],[-71.0058385,42.3711911],[-71.0057801,42.3711116],[-71.0056526,42.3709975]]}},{"type":"Feature","properties":{"aeroway":"taxiway","ref":"M","name":null,"surface":"asphalt","id":863527494},"geometry":{"type":"LineString","coordinates":[[-71.0060982,42.3709624],[-71.0060713,42.3710491],[-71.0060575,42.3711404],[-71.0060847,42.3712354],[-71.0061359,42.3713207],[-71.0062165,42.3713999],[-71.0066145,42.371714]]}},{"type":"Feature","properties":{"aeroway":"taxiway","ref":"F","name":null,"surface":"asphalt","id":863527495},"geometry":{"type":"LineString","coordinates":[[-71.0053244,42.3644324],[-71.0054653,42.3642607],[-71.005556,42.3641734],[-71.005639,42.3641215],[-71.0057259,42.3640736],[-71.0058368,42.3640263],[-71.0059853,42.3639854],[-71.0061378,42.3639653],[-71.0062418,42.363962],[-71.0063481,42.3639678],[-71.0065042,42.363988]]}},{"type":"Feature","properties":{"aeroway":"taxiway","ref":"F","name":null,"surface":"asphalt","id":863527496},"geometry":{"type":"LineString","coordinates":[[-71.0064063,42.3639583],[-71.0062713,42.3638889],[-71.0062106,42.3638486],[-71.0061545,42.3638052],[-71.0061074,42.3637605],[-71.0060629,42.3637108],[-71.0060248,42.3636591],[-71.0059948,42.3636104],[-71.0059685,42.3635507],[-71.0059456,42.3634845],[-71.0059289,42.3633985],[-71.005936,42.3631686]]}},{"type":"Feature","properties":{"aeroway":"taxiway","ref":null,"name":null,"surface":null,"id":863527497},"geometry":{"type":"LineString","coordinates":[[-71.0101618,42.3625721],[-71.0101832,42.3625047],[-71.0101892,42.362442],[-71.0101806,42.3623803],[-71.0101628,42.3623187],[-71.0101282,42.3622586],[-71.0100829,42.3622041],[-71.0100267,42.3621536],[-71.0099515,42.3621087]]}},{"type":"Feature","properties":{"aeroway":"taxiway","ref":null,"name":null,"surface":null,"id":863527498},"geometry":{"type":"LineString","coordinates":[[-71.0098419,42.3620748],[-71.0099573,42.3620885],[-71.0100482,42.3620893],[-71.0101384,42.362078],[-71.0102234,42.3620572],[-71.0102983,42.3620282],[-71.0103639,42.3619928],[-71.0104385,42.3619368],[-71.0104992,42.3618773]]}},{"type":"Feature","properties":{"aeroway":"taxiway","ref":null,"name":null,"surface":null,"id":863527499},"geometry":{"type":"LineString","coordinates":[[-71.010751,42.362375],[-71.0106646,42.3623306],[-71.0105881,42.3622747],[-71.0105307,42.362216],[-71.0104917,42.3621536],[-71.0104643,42.362083],[-71.0104562,42.3620176],[-71.0104583,42.3619605]]}},{"type":"Feature","properties":{"aeroway":"taxiway","ref":null,"name":null,"surface":null,"id":863527500},"geometry":{"type":"LineString","coordinates":[[-71.010751,42.362375],[-71.0106762,42.3623685],[-71.0105905,42.3623689],[-71.0105018,42.3623834],[-71.0104208,42.3624025],[-71.0103438,42.3624336],[-71.0102761,42.3624704],[-71.0102218,42.3625094],[-71.0101618,42.3625721]]}},{"type":"Feature","properties":{"aeroway":"parking_position","ref":"E11","name":null,"surface":null,"id":1005982895},"geometry":{"type":"LineString","coordinates":[[-71.0221389,42.371735],[-71.0213067,42.370722]]}},{"type":"Feature","properties":{"aeroway":"parking_position","ref":"B22","name":null,"surface":null,"id":1007902850},"geometry":{"type":"LineString","coordinates":[[-71.0166883,42.3596583],[-71.0171869,42.3600289]]}},{"type":"Feature","properties":{"aeroway":"parking_position","ref":"B14","name":null,"surface":null,"id":1007902859},"geometry":{"type":"LineString","coordinates":[[-71.0203676,42.3609302],[-71.0196478,42.3610075]]}},{"type":"Feature","properties":{"aeroway":"parking_position","ref":"B7","name":null,"surface":null,"id":1007902860},"geometry":{"type":"LineString","coordinates":[[-71.0206535,42.360769],[-71.0208436,42.3613918]]}},{"type":"Feature","properties":{"aeroway":"parking_position","ref":"B5","name":null,"surface":null,"id":1007902861},"geometry":{"type":"LineString","coordinates":[[-71.0205849,42.3607167],[-71.0201025,42.3614892]]}},{"type":"Feature","properties":{"aeroway":"parking_position","ref":"B8","name":null,"surface":null,"id":1007902866},"geometry":{"type":"LineString","coordinates":[[-71.0215954,42.3624381],[-71.0213315,42.3620559]]}},{"type":"Feature","properties":{"aeroway":"parking_position","ref":"B4","name":null,"surface":null,"id":1007902868},"geometry":{"type":"LineString","coordinates":[[-71.0205067,42.3625772],[-71.0202511,42.3621617]]}},{"type":"Feature","properties":{"aeroway":"parking_position","ref":"B3","name":null,"surface":null,"id":1007902869},"geometry":{"type":"LineString","coordinates":[[-71.0196924,42.3625906],[-71.0199477,42.3626549],[-71.0203825,42.3627783]]}},{"type":"Feature","properties":{"aeroway":"parking_position","ref":"B2","name":null,"surface":null,"id":1007902870},"geometry":{"type":"LineString","coordinates":[[-71.0197455,42.3629226],[-71.020078,42.3630545]]}},{"type":"Feature","properties":{"aeroway":"parking_position","ref":"B1","name":null,"surface":null,"id":1007902871},"geometry":{"type":"LineString","coordinates":[[-71.0195829,42.3631332],[-71.0197826,42.3633214],[-71.0198317,42.3633695]]}},{"type":"Feature","properties":{"aeroway":"parking_position","ref":"A11","name":null,"surface":null,"id":1007902872},"geometry":{"type":"LineString","coordinates":[[-71.0201606,42.3637254],[-71.0205312,42.3639207]]}},{"type":"Feature","properties":{"aeroway":"parking_position","ref":"A10","name":null,"surface":null,"id":1007902873},"geometry":{"type":"LineString","coordinates":[[-71.0207305,42.3636696],[-71.0207737,42.3632313]]}},{"type":"Feature","properties":{"aeroway":"parking_position","ref":"A9","name":null,"surface":null,"id":1007902874},"geometry":{"type":"LineString","coordinates":[[-71.0211712,42.3634603],[-71.0213259,42.36308]]}},{"type":"Feature","properties":{"aeroway":"parking_position","ref":"A8","name":null,"surface":null,"id":1007902875},"geometry":{"type":"LineString","coordinates":[[-71.0215467,42.3636501],[-71.0218851,42.3633225]]}},{"type":"Feature","properties":{"aeroway":"parking_position","ref":"A7","name":null,"surface":null,"id":1007902877},"geometry":{"type":"LineString","coordinates":[[-71.0218716,42.3638006],[-71.0228812,42.3633301]]}},{"type":"Feature","properties":{"aeroway":"parking_position","ref":"A6","name":null,"surface":null,"id":1007902878},"geometry":{"type":"LineString","coordinates":[[-71.0223843,42.3640999],[-71.0229821,42.3633766]]}},{"type":"Feature","properties":{"aeroway":"parking_position","ref":"A6A","name":null,"surface":null,"id":1007902879},"geometry":{"type":"LineString","coordinates":[[-71.0223047,42.364151],[-71.0232815,42.3636804]]}},{"type":"Feature","properties":{"aeroway":"parking_position","ref":"A5","name":null,"surface":null,"id":1007902880},"geometry":{"type":"LineString","coordinates":[[-71.0226869,42.3641718],[-71.0234465,42.3639099]]}},{"type":"Feature","properties":{"aeroway":"parking_position","ref":"A4","name":null,"surface":null,"id":1007902881},"geometry":{"type":"LineString","coordinates":[[-71.0228912,42.3644609],[-71.0237316,42.3643651]]}},{"type":"Feature","properties":{"aeroway":"parking_position","ref":"A3","name":null,"surface":null,"id":1007902882},"geometry":{"type":"LineString","coordinates":[[-71.0228644,42.3648795],[-71.0237059,42.3647562]]}},{"type":"Feature","properties":{"aeroway":"parking_position","ref":"A2","name":null,"surface":null,"id":1007902883},"geometry":{"type":"LineString","coordinates":[[-71.0229736,42.3651382],[-71.023824,42.3653494]]}},{"type":"Feature","properties":{"aeroway":"parking_position","ref":"A1","name":null,"surface":null,"id":1007902884},"geometry":{"type":"LineString","coordinates":[[-71.0231218,42.3655398],[-71.0236278,42.3656247],[-71.0237255,42.3656045]]}},{"type":"Feature","properties":{"aeroway":"parking_position","ref":"A22","name":null,"surface":null,"id":1007904691},"geometry":{"type":"LineString","coordinates":[[-71.0237584,42.3651928],[-71.0246033,42.3649771]]}},{"type":"Feature","properties":{"aeroway":"parking_position","ref":"A21","name":null,"surface":null,"id":1007904692},"geometry":{"type":"LineString","coordinates":[[-71.023716,42.3646522],[-71.024601,42.364689]]}},{"type":"Feature","properties":{"aeroway":"parking_position","ref":"A20","name":null,"surface":null,"id":1007904693},"geometry":{"type":"LineString","coordinates":[[-71.0236814,42.3642304],[-71.024614,42.3642834]]}},{"type":"Feature","properties":{"aeroway":"parking_position","ref":"A19","name":null,"surface":null,"id":1007904694},"geometry":{"type":"LineString","coordinates":[[-71.0233835,42.3638279],[-71.0245478,42.3638811]]}},{"type":"Feature","properties":{"aeroway":"parking_position","ref":"A19A","name":null,"surface":null,"id":1007904695},"geometry":{"type":"LineString","coordinates":[[-71.0233509,42.363759],[-71.0245896,42.3638183]]}},{"type":"Feature","properties":{"aeroway":"parking_position","ref":"A18","name":null,"surface":null,"id":1007904696},"geometry":{"type":"LineString","coordinates":[[-71.0233651,42.3631642],[-71.0244434,42.3634169]]}},{"type":"Feature","properties":{"aeroway":"parking_position","ref":"A17","name":null,"surface":null,"id":1007904697},"geometry":{"type":"LineString","coordinates":[[-71.0234195,42.362632],[-71.0245074,42.3626838]]}},{"type":"Feature","properties":{"aeroway":"parking_position","ref":"A16","name":null,"surface":null,"id":1007904698},"geometry":{"type":"LineString","coordinates":[[-71.0234588,42.3622224],[-71.0246405,42.3622816]]}},{"type":"Feature","properties":{"aeroway":"parking_position","ref":"A16A","name":null,"surface":null,"id":1007904699},"geometry":{"type":"LineString","coordinates":[[-71.0234778,42.362009],[-71.0246444,42.3622558]]}},{"type":"Feature","properties":{"aeroway":"parking_position","ref":"A15","name":null,"surface":null,"id":1007904700},"geometry":{"type":"LineString","coordinates":[[-71.0235024,42.3617435],[-71.0245719,42.3618912]]}},{"type":"Feature","properties":{"aeroway":"parking_position","ref":"A14A","name":null,"surface":null,"id":1007904701},"geometry":{"type":"LineString","coordinates":[[-71.0235199,42.36137],[-71.0247622,42.3616419]]}},{"type":"Feature","properties":{"aeroway":"parking_position","ref":"A14","name":null,"surface":null,"id":1007904702},"geometry":{"type":"LineString","coordinates":[[-71.0234626,42.3612157],[-71.0238893,42.3612633],[-71.0245726,42.3615559]]}},{"type":"Feature","properties":{"aeroway":"parking_position","ref":"A13","name":null,"surface":null,"id":1007904703},"geometry":{"type":"LineString","coordinates":[[-71.0238811,42.3607507],[-71.0244325,42.3610729]]}},{"type":"Feature","properties":{"aeroway":"parking_position","ref":"B27","name":null,"surface":null,"id":1007909000},"geometry":{"type":"LineString","coordinates":[[-71.0155975,42.3621099],[-71.0163832,42.3619007]]}},{"type":"Feature","properties":{"aeroway":"parking_position","ref":"B29","name":null,"surface":null,"id":1007909001},"geometry":{"type":"LineString","coordinates":[[-71.0170053,42.3624955],[-71.0171486,42.3625824],[-71.0172072,42.3626179],[-71.0173151,42.3626834]]}},{"type":"Feature","properties":{"aeroway":"parking_position","ref":"C12","name":null,"surface":null,"id":1008253937},"geometry":{"type":"LineString","coordinates":[[-71.0151635,42.3669512],[-71.0152212,42.3670717],[-71.0153493,42.3673438]]}},{"type":"Feature","properties":{"aeroway":"parking_position","ref":"C12","name":null,"surface":null,"id":1008253938},"geometry":{"type":"LineString","coordinates":[[-71.0150513,42.36687],[-71.0152382,42.3669668],[-71.0152426,42.3670163],[-71.0152401,42.3670366],[-71.0152321,42.3670565],[-71.0152212,42.3670717]]}},{"type":"Feature","properties":{"aeroway":"parking_position","ref":"C18A","name":null,"surface":null,"id":1008253939},"geometry":{"type":"LineString","coordinates":[[-71.0138699,42.3687952],[-71.0152126,42.3684984]]}},{"type":"Feature","properties":{"aeroway":"parking_position","ref":"C15A","name":null,"surface":null,"id":1008253940},"geometry":{"type":"LineString","coordinates":[[-71.0166805,42.3689227],[-71.0162956,42.368389],[-71.0159199,42.368305]]}},{"type":"Feature","properties":{"aeroway":"parking_position","ref":"C15","name":null,"surface":null,"id":1008253941},"geometry":{"type":"LineString","coordinates":[[-71.0166805,42.3689227],[-71.0160023,42.3681763],[-71.0154679,42.3678213]]}},{"type":"Feature","properties":{"aeroway":"parking_position","ref":"C11","name":null,"surface":null,"id":1008253942},"geometry":{"type":"LineString","coordinates":[[-71.0162996,42.3679749],[-71.015969,42.3675101]]}},{"type":"Feature","properties":{"aeroway":"parking_position","ref":"C10","name":null,"surface":null,"id":1008253944},"geometry":{"type":"LineString","coordinates":[[-71.0166805,42.3689227],[-71.0166112,42.3679273],[-71.0168581,42.3675953]]}},{"type":"Feature","properties":{"aeroway":"parking_position","ref":"C9","name":null,"surface":null,"id":1008253945},"geometry":{"type":"LineString","coordinates":[[-71.0166805,42.3689227],[-71.0171009,42.3680358],[-71.0173863,42.3677174]]}},{"type":"Feature","properties":{"aeroway":"parking_position","ref":"C8","name":null,"surface":null,"id":1008253946},"geometry":{"type":"LineString","coordinates":[[-71.0166805,42.3689227],[-71.0173621,42.3682433],[-71.0178129,42.3680579]]}},{"type":"Feature","properties":{"aeroway":"parking_position","ref":"C7","name":null,"surface":null,"id":1008253947},"geometry":{"type":"LineString","coordinates":[[-71.0166805,42.3689227],[-71.0174594,42.3685534],[-71.0181792,42.3685464]]}},{"type":"Feature","properties":{"aeroway":"parking_position","ref":"C6","name":null,"surface":null,"id":1008253948},"geometry":{"type":"LineString","coordinates":[[-71.0166805,42.3689227],[-71.0173739,42.3688104],[-71.0179382,42.3690394]]}},{"type":"Feature","properties":{"aeroway":"parking_position","ref":"E3","name":null,"surface":null,"id":1008253949},"geometry":{"type":"LineString","coordinates":[[-71.0166805,42.3689227],[-71.0170994,42.36909],[-71.0173978,42.3695814]]}},{"type":"Feature","properties":{"aeroway":"parking_position","ref":"E4","name":null,"surface":null,"id":1008253950},"geometry":{"type":"LineString","coordinates":[[-71.016109,42.369572],[-71.017324,42.3698842]]}},{"type":"Feature","properties":{"aeroway":"parking_position","ref":"E10","name":null,"surface":null,"id":1008253957},"geometry":{"type":"LineString","coordinates":[[-71.0209406,42.3724169],[-71.0208539,42.3712247]]}},{"type":"Feature","properties":{"aeroway":"parking_position","ref":"E13","name":null,"surface":null,"id":1008253958},"geometry":{"type":"LineString","coordinates":[[-71.0229767,42.3713972],[-71.0237625,42.3703408]]}},{"type":"Feature","properties":{"aeroway":"parking_position","ref":"H1","name":null,"surface":null,"id":1008255550},"geometry":{"type":"LineString","coordinates":[[-71.0250801,42.3739964],[-71.0250878,42.3740222],[-71.0250892,42.3740486],[-71.0250825,42.3740784],[-71.0250769,42.3740921],[-71.0250677,42.3741052]]}},{"type":"Feature","properties":{"aeroway":"parking_position","ref":"H2","name":null,"surface":null,"id":1008255551},"geometry":{"type":"LineString","coordinates":[[-71.024914,42.3739136],[-71.0248533,42.3739679]]}},{"type":"Feature","properties":{"aeroway":"parking_position","ref":"H3","name":null,"surface":null,"id":1008255552},"geometry":{"type":"LineString","coordinates":[[-71.0247587,42.3737923],[-71.0247251,42.373795],[-71.0246943,42.373801],[-71.0246688,42.373809],[-71.024646,42.3738204],[-71.0246367,42.3738292]]}},{"type":"Feature","properties":{"aeroway":"parking_position","ref":"NC13A/H4","name":null,"surface":null,"id":1008255553},"geometry":{"type":"LineString","coordinates":[[-71.0258554,42.3743074],[-71.0254501,42.3740389]]}},{"type":"Feature","properties":{"aeroway":"parking_position","ref":"NC14","name":null,"surface":null,"id":1008255554},"geometry":{"type":"LineString","coordinates":[[-71.0264382,42.373983],[-71.0262753,42.3744103]]}},{"type":"Feature","properties":{"aeroway":"parking_position","ref":"NC15","name":null,"surface":null,"id":1008255555},"geometry":{"type":"LineString","coordinates":[[-71.027189,42.3742069],[-71.0269951,42.3745036]]}},{"type":"Feature","properties":{"aeroway":"parking_position","ref":"D1","name":null,"surface":null,"id":1008257949},"geometry":{"type":"LineString","coordinates":[[-71.0194565,42.356208],[-71.0190209,42.3563663]]}},{"type":"Feature","properties":{"aeroway":"parking_position","ref":"D2","name":null,"surface":null,"id":1008257950},"geometry":{"type":"LineString","coordinates":[[-71.0187465,42.3559358],[-71.0185283,42.3561846]]}},{"type":"Feature","properties":{"aeroway":"parking_position","ref":"D3","name":null,"surface":null,"id":1008257951},"geometry":{"type":"LineString","coordinates":[[-71.0178457,42.3560743],[-71.0175875,42.3563687]]}},{"type":"Feature","properties":{"aeroway":"taxiway","ref":null,"name":null,"surface":null,"id":1028745160},"geometry":{"type":"LineString","coordinates":[[-71.0013639,42.3597379],[-71.0011539,42.3596858],[-71.0006682,42.3595633],[-71.0005619,42.3595426],[-71.0004358,42.3595245],[-71.0003098,42.3595099],[-71.0001241,42.3594986],[-70.9999408,42.3595012],[-70.9997727,42.3595107],[-70.9996331,42.3595226]]}},{"type":"Feature","properties":{"aeroway":"parking_position","ref":"J1","name":null,"surface":null,"id":1029462027},"geometry":{"type":"LineString","coordinates":[[-71.0220852,42.3566849],[-71.0223132,42.356451]]}},{"type":"Feature","properties":{"aeroway":"parking_position","ref":"J2","name":null,"surface":null,"id":1029462028},"geometry":{"type":"LineString","coordinates":[[-71.0215985,42.3564716],[-71.0218701,42.3561937]]}},{"type":"Feature","properties":{"aeroway":"parking_position","ref":"J3","name":null,"surface":null,"id":1029462029},"geometry":{"type":"LineString","coordinates":[[-71.0211145,42.3562578],[-71.0214127,42.3559491]]}},{"type":"Feature","properties":{"aeroway":"parking_position","ref":"J4","name":null,"surface":null,"id":1029462030},"geometry":{"type":"LineString","coordinates":[[-71.0206535,42.3560171],[-71.020957,42.3557066]]}},{"type":"Feature","properties":{"aeroway":"parking_position","ref":"J5","name":null,"surface":null,"id":1029462031},"geometry":{"type":"LineString","coordinates":[[-71.0201979,42.3557717],[-71.0204967,42.3554663]]}},{"type":"Feature","properties":{"aeroway":"parking_position","ref":"B8X","name":null,"surface":null,"id":1029462329},"geometry":{"type":"LineString","coordinates":[[-71.0217907,42.362388],[-71.0212512,42.3620227]]}},{"type":"Feature","properties":{"aeroway":"parking_position","ref":"NC17","name":null,"surface":null,"id":1029463247},"geometry":{"type":"LineString","coordinates":[[-71.0262553,42.3728832],[-71.026655,42.3725207]]}},{"type":"Feature","properties":{"aeroway":"parking_position","ref":"NC19","name":null,"surface":null,"id":1029463248},"geometry":{"type":"LineString","coordinates":[[-71.0268312,42.3732381],[-71.0272305,42.3728778]]}},{"type":"Feature","properties":{"aeroway":"parking_position","ref":"E15","name":null,"surface":null,"id":1033234151},"geometry":{"type":"LineString","coordinates":[[-71.0241393,42.3720027],[-71.0251909,42.371248]]}},{"type":"Feature","properties":{"aeroway":"parking_position","ref":"E14","name":null,"surface":null,"id":1033234152},"geometry":{"type":"LineString","coordinates":[[-71.0235329,42.3715473],[-71.0246098,42.370769]]}},{"type":"Feature","properties":{"aeroway":"parking_position","ref":"NC1","name":null,"surface":null,"id":1033234763},"geometry":{"type":"LineString","coordinates":[[-71.0217585,42.3733832],[-71.0221157,42.3731262]]}},{"type":"Feature","properties":{"aeroway":"parking_position","ref":"NC2","name":null,"surface":null,"id":1033234764},"geometry":{"type":"LineString","coordinates":[[-71.0213148,42.3729623],[-71.0219102,42.3729865]]}},{"type":"Feature","properties":{"aeroway":"parking_position","ref":"NC3A","name":null,"surface":null,"id":1033234765},"geometry":{"type":"LineString","coordinates":[[-71.0216721,42.3728019],[-71.0222161,42.3732142]]}},{"type":"Feature","properties":{"aeroway":"parking_position","ref":"NC3","name":null,"surface":null,"id":1033234766},"geometry":{"type":"LineString","coordinates":[[-71.0218115,42.372604],[-71.0221857,42.3728408]]}},{"type":"Feature","properties":{"aeroway":"parking_position","ref":"NC4","name":null,"surface":null,"id":1033234767},"geometry":{"type":"LineString","coordinates":[[-71.0221844,42.3723424],[-71.0225424,42.3725703]]}},{"type":"Feature","properties":{"aeroway":"parking_position","ref":"NC4A","name":null,"surface":null,"id":1033234768},"geometry":{"type":"LineString","coordinates":[[-71.0222943,42.3722969],[-71.0229193,42.3726912]]}},{"type":"Feature","properties":{"aeroway":"parking_position","ref":"NC5","name":null,"surface":null,"id":1033234769},"geometry":{"type":"LineString","coordinates":[[-71.0225158,42.3720559],[-71.0228785,42.3722854]]}},{"type":"Feature","properties":{"aeroway":"parking_position","ref":"NC8","name":null,"surface":null,"id":1033234770},"geometry":{"type":"LineString","coordinates":[[-71.0238232,42.3723066],[-71.02339,42.3724723]]}},{"type":"Feature","properties":{"aeroway":"parking_position","ref":"NC9","name":null,"surface":null,"id":1033236381},"geometry":{"type":"LineString","coordinates":[[-71.0234093,42.3727827],[-71.0230766,42.3725693]]}},{"type":"Feature","properties":{"aeroway":"parking_position","ref":"NC10","name":null,"surface":null,"id":1033236382},"geometry":{"type":"LineString","coordinates":[[-71.023051,42.3731157],[-71.0225083,42.3727733]]}},{"type":"Feature","properties":{"aeroway":"parking_position","ref":"NC6","name":null,"surface":null,"id":1033250383},"geometry":{"type":"LineString","coordinates":[[-71.0231171,42.3718762],[-71.0231674,42.3722185]]}},{"type":"Feature","properties":{"aeroway":"parking_position","ref":"NC11","name":null,"surface":null,"id":1033597502},"geometry":{"type":"LineString","coordinates":[[-71.023609,42.3733982],[-71.0240377,42.3736688]]}},{"type":"Feature","properties":{"aeroway":"parking_position","ref":"SC8","name":null,"surface":null,"id":1033626976},"geometry":{"type":"LineString","coordinates":[[-71.0228199,42.3599488],[-71.0231711,42.3595197]]}},{"type":"Feature","properties":{"aeroway":"parking_position","ref":"SC9","name":null,"surface":null,"id":1033626977},"geometry":{"type":"LineString","coordinates":[[-71.0220475,42.3596117],[-71.022407,42.3591656]]}},{"type":"Feature","properties":{"aeroway":"parking_position","ref":"SC10","name":null,"surface":null,"id":1033626978},"geometry":{"type":"LineString","coordinates":[[-71.0212459,42.3592581],[-71.0214425,42.3590109],[-71.0215982,42.358815]]}},{"type":"Feature","properties":{"aeroway":"parking_position","ref":"SC11","name":null,"surface":null,"id":1033626979},"geometry":{"type":"LineString","coordinates":[[-71.0205481,42.358951],[-71.0210547,42.3583202]]}},{"type":"Feature","properties":{"aeroway":"parking_position","ref":"SC12","name":null,"surface":null,"id":1033626980},"geometry":{"type":"LineString","coordinates":[[-71.0199668,42.3586956],[-71.0202503,42.3583355]]}},{"type":"Feature","properties":{"aeroway":"parking_position","ref":"SC13","name":null,"surface":null,"id":1033626981},"geometry":{"type":"LineString","coordinates":[[-71.0191859,42.3583558],[-71.0195703,42.3578745]]}},{"type":"Feature","properties":{"aeroway":"apron","ref":null,"name":"North Cargo","surface":"asphalt","id":1033634902},"geometry":{"type":"Polygon","coordinates":[[[-71.0239226,42.3723776],[-71.0228815,42.373319],[-71.0226622,42.3731772],[-71.0221758,42.3735995],[-71.0221113,42.3736667],[-71.0210163,42.3728461],[-71.0212718,42.3728064],[-71.0217071,42.3726731],[-71.0219725,42.3725109],[-71.0224503,42.3720978],[-71.0227228,42.3718756],[-71.0228467,42.3718337],[-71.0229989,42.3718128],[-71.0231369,42.3718259],[-71.0232148,42.3718573],[-71.0233139,42.3719122],[-71.0239226,42.3723776]]]}},{"type":"Feature","properties":{"aeroway":"parking_position","ref":"E16","name":null,"surface":null,"id":1049442837},"geometry":{"type":"LineString","coordinates":[[-71.0257456,42.3716873],[-71.0248291,42.3725226]]}},{"type":"Feature","properties":{"aeroway":"parking_position","ref":"NC6A","name":null,"surface":null,"id":1049444267},"geometry":{"type":"LineString","coordinates":[[-71.0231982,42.3724386],[-71.0231783,42.372323]]}},{"type":"Feature","properties":{"aeroway":"parking_position","ref":"SC13B","name":null,"surface":null,"id":1049448096},"geometry":{"type":"LineString","coordinates":[[-71.019376,42.3584345],[-71.0195525,42.3582168]]}},{"type":"Feature","properties":{"aeroway":"parking_position","ref":"SC13A","name":null,"surface":null,"id":1049448097},"geometry":{"type":"LineString","coordinates":[[-71.0190014,42.3582844],[-71.0191791,42.3580355]]}},{"type":"Feature","properties":{"aeroway":"parking_position","ref":"B23A 7773","name":null,"surface":null,"id":1049451052},"geometry":{"type":"LineString","coordinates":[[-71.0172159,42.3605292],[-71.0165191,42.3603464]]}},{"type":"Feature","properties":{"aeroway":"runway","ref":"15L/33R","name":null,"surface":"asphalt","id":1065096981},"geometry":{"type":"LineString","coordinates":[[-71.0090015,42.3734988],[-71.0088578,42.3733924],[-71.0085958,42.3731944]]}},{"type":"Feature","properties":{"aeroway":"terminal","ref":null,"name":null,"surface":null,"id":1065712442},"geometry":{"type":"Polygon","coordinates":[[[-71.016026,42.3673153],[-71.0160423,42.3673289],[-71.0158458,42.3674662],[-71.0158238,42.3674482],[-71.016026,42.3673153]]]}},{"type":"Feature","properties":{"aeroway":"taxiway","ref":"N","name":null,"surface":"asphalt","id":1097532201},"geometry":{"type":"LineString","coordinates":[[-71.004802,42.3776677],[-71.004736,42.3777736],[-71.0046552,42.3778419],[-71.0045471,42.3779019],[-71.0044262,42.3779364],[-71.0043109,42.3779534],[-71.00416,42.3779448]]}},{"type":"Feature","properties":{"aeroway":"taxiway","ref":"T","name":null,"surface":null,"id":1205487780},"geometry":{"type":"LineString","coordinates":[[-71.0053644,42.3649413],[-71.0055926,42.3650628],[-71.0057252,42.3651209],[-71.0058822,42.3651664],[-71.006071,42.3651982],[-71.0072861,42.3652797],[-71.0083358,42.3653498]]}},{"type":"Feature","properties":{"aeroway":"taxiway","ref":null,"name":null,"surface":null,"id":1207309702},"geometry":{"type":"LineString","coordinates":[[-71.0128514,42.3689644],[-71.0127558,42.3688524],[-71.0127193,42.3687757],[-71.0127075,42.3686964],[-71.0127216,42.3686083],[-71.0127793,42.3685178]]}},{"type":"Feature","properties":{"aeroway":"taxiway","ref":null,"name":null,"surface":null,"id":1207311307},"geometry":{"type":"LineString","coordinates":[[-71.0083358,42.3653498],[-71.0084822,42.3653533],[-71.0086135,42.3653301],[-71.0087182,42.3652915],[-71.0088145,42.3652345],[-71.0088722,42.3651826],[-71.0089245,42.3651259]]}},{"type":"Feature","properties":{"aeroway":"parking_position","ref":"E16A","name":null,"surface":null,"id":1247032130},"geometry":{"type":"LineString","coordinates":[[-71.0247078,42.3724313],[-71.0256318,42.371747]]}},{"type":"Feature","properties":{"aeroway":"parking_position","ref":"E15B","name":null,"surface":null,"id":1247032131},"geometry":{"type":"LineString","coordinates":[[-71.0251503,42.3713994],[-71.0246682,42.3724008]]}},{"type":"Feature","properties":{"aeroway":"parking_position","ref":"E15A","name":null,"surface":null,"id":1247032132},"geometry":{"type":"LineString","coordinates":[[-71.0247817,42.3713365],[-71.0240174,42.3719089]]}},{"type":"Feature","properties":{"aeroway":"parking_position","ref":"E14B","name":null,"surface":null,"id":1247032133},"geometry":{"type":"LineString","coordinates":[[-71.024557,42.3709738],[-71.023654,42.3716322]]}},{"type":"Feature","properties":{"aeroway":"parking_position","ref":"E14A","name":null,"surface":null,"id":1247032134},"geometry":{"type":"LineString","coordinates":[[-71.0240955,42.3708509],[-71.0228471,42.3714008]]}},{"type":"Feature","properties":{"aeroway":"parking_position","ref":"C25","name":null,"surface":null,"id":1247032139},"geometry":{"type":"LineString","coordinates":[[-71.0162374,42.3652751],[-71.0158419,42.3657431]]}},{"type":"Feature","properties":{"aeroway":"parking_position","ref":"B29","name":null,"surface":null,"id":1263596755},"geometry":{"type":"LineString","coordinates":[[-71.0171486,42.3625824],[-71.0171309,42.3625612],[-71.0171171,42.3625365],[-71.0171085,42.3625137],[-71.0170968,42.362497],[-71.0170767,42.3624809],[-71.017045,42.3624648],[-71.0170131,42.362467],[-71.0165788,42.3624787]]}},{"type":"Feature","properties":{"aeroway":"parking_position","ref":"B29","name":null,"surface":null,"id":1263596756},"geometry":{"type":"LineString","coordinates":[[-71.0172072,42.3626179],[-71.0171947,42.3626015],[-71.0171842,42.3625844],[-71.0171735,42.3625628],[-71.0171686,42.362534],[-71.0171547,42.3625047],[-71.0171364,42.3624853],[-71.0171107,42.3624728],[-71.0170742,42.362464],[-71.017045,42.3624648]]}},{"type":"Feature","properties":{"aeroway":"parking_position","ref":"B30 737 8/9","name":null,"surface":null,"id":1263596757},"geometry":{"type":"LineString","coordinates":[[-71.0166132,42.3628122],[-71.0166258,42.3627863],[-71.0166391,42.3627631],[-71.0166499,42.3627451],[-71.0166712,42.3627275],[-71.016689,42.3627069],[-71.0167023,42.36268],[-71.0167103,42.3626495],[-71.0167129,42.3626165],[-71.0167034,42.3625937],[-71.0166854,42.3625723],[-71.0166557,42.3625551],[-71.0166231,42.3625482]]}},{"type":"Feature","properties":{"aeroway":"apron","ref":null,"name":null,"surface":null,"id":1271631972},"geometry":{"type":"Polygon","coordinates":[[[-71.0179905,42.3696113],[-71.0179973,42.3696025],[-71.0178256,42.3695261],[-71.0178195,42.369533],[-71.0179905,42.3696113]]]}},{"type":"Feature","properties":{"aeroway":"parking_position","ref":null,"name":"NC18","surface":null,"id":1291157838},"geometry":{"type":"LineString","coordinates":[[-71.0257598,42.3725301],[-71.0261236,42.3721952]]}},{"type":"Feature","properties":{"aeroway":"taxiway","ref":null,"name":null,"surface":null,"id":1303395784},"geometry":{"type":"LineString","coordinates":[[-71.0156768,42.3584818],[-71.0156697,42.3585378],[-71.0156731,42.3585964],[-71.0156828,42.3586395],[-71.0157007,42.3586835],[-71.0157357,42.3587375],[-71.0157758,42.3587776],[-71.0158363,42.3588215],[-71.0158951,42.3588536],[-71.0159586,42.3588754],[-71.0160186,42.3588915]]}},{"type":"Feature","properties":{"aeroway":"taxiway","ref":null,"name":null,"surface":null,"id":1303395785},"geometry":{"type":"LineString","coordinates":[[-71.0150701,42.3587679],[-71.0151983,42.3587719],[-71.0153179,42.358752],[-71.0154017,42.3587233],[-71.0154862,42.3586846],[-71.0155396,42.3586491],[-71.0155844,42.3586132],[-71.0156467,42.3585428]]}},{"type":"Feature","properties":{"aeroway":"taxiway","ref":null,"name":null,"surface":null,"id":1303395786},"geometry":{"type":"LineString","coordinates":[[-71.0165844,42.3586326],[-71.0166038,42.3585736],[-71.0166062,42.3585474],[-71.0166051,42.3585195],[-71.0165971,42.3584822],[-71.016579,42.3584348],[-71.016555,42.3583931],[-71.016526,42.3583545],[-71.0164871,42.3583191],[-71.0164423,42.3582857],[-71.0163676,42.3582437],[-71.0162959,42.3582172]]}},{"type":"Feature","properties":{"aeroway":"taxiway","ref":null,"name":null,"surface":null,"id":1374493541},"geometry":{"type":"LineString","coordinates":[[-71.0227675,42.3604072],[-71.0227863,42.3604152],[-71.0228373,42.3604381],[-71.0229044,42.3604901],[-71.022929,42.3605091],[-71.022955,42.360536],[-71.0229853,42.3605674]]}},{"type":"Feature","properties":{"aeroway":"parking_position","ref":"B6","name":null,"surface":null,"id":1414759872},"geometry":{"type":"LineString","coordinates":[[-71.0208493,42.3621592],[-71.0209729,42.3624885]]}},{"type":"Feature","properties":{"aeroway":"parking_position","ref":"B10","name":null,"surface":null,"id":1414759875},"geometry":{"type":"LineString","coordinates":[[-71.0220491,42.3621299],[-71.0216668,42.3618818]]}},{"type":"Feature","properties":{"aeroway":"parking_position","ref":"B12","name":null,"surface":null,"id":1414759876},"geometry":{"type":"LineString","coordinates":[[-71.0222074,42.3617393],[-71.0217883,42.3616461]]}},{"type":"Feature","properties":{"aeroway":"parking_position","ref":"B11","name":null,"surface":null,"id":1414759877},"geometry":{"type":"LineString","coordinates":[[-71.021479,42.3613743],[-71.0219792,42.3613414]]}},{"type":"Feature","properties":{"aeroway":"parking_position","ref":"B9","name":null,"surface":null,"id":1414759878},"geometry":{"type":"LineString","coordinates":[[-71.0213193,42.3610383],[-71.0211277,42.3613408]]}},{"type":"Feature","properties":{"aeroway":"parking_position","ref":"B15","name":null,"surface":null,"id":1414759881},"geometry":{"type":"LineString","coordinates":[[-71.0201876,42.360551],[-71.0197812,42.3606797]]}},{"type":"Feature","properties":{"aeroway":"parking_position","ref":"B16","name":null,"surface":null,"id":1414759882},"geometry":{"type":"LineString","coordinates":[[-71.019698,42.3603217],[-71.0194789,42.360622]]}},{"type":"Feature","properties":{"aeroway":"parking_position","ref":"B17","name":null,"surface":null,"id":1414759883},"geometry":{"type":"LineString","coordinates":[[-71.0192838,42.360145],[-71.0190007,42.3604995]]}},{"type":"Feature","properties":{"aeroway":"parking_position","ref":"B18","name":null,"surface":null,"id":1414759884},"geometry":{"type":"LineString","coordinates":[[-71.0188676,42.3599575],[-71.0186147,42.3602698]]}},{"type":"Feature","properties":{"aeroway":"parking_position","ref":"B19","name":null,"surface":null,"id":1414759885},"geometry":{"type":"LineString","coordinates":[[-71.0184169,42.3597627],[-71.0182501,42.3600732]]}},{"type":"Feature","properties":{"aeroway":"parking_position","ref":"B20","name":null,"surface":null,"id":1414759886},"geometry":{"type":"LineString","coordinates":[[-71.0179458,42.3595886],[-71.0178641,42.3599245]]}},{"type":"Feature","properties":{"aeroway":"parking_position","ref":"B21","name":null,"surface":null,"id":1414759887},"geometry":{"type":"LineString","coordinates":[[-71.0174796,42.3598531],[-71.0174232,42.3595869]]}},{"type":"Feature","properties":{"aeroway":"parking_position","ref":"B22A","name":null,"surface":null,"id":1414759888},"geometry":{"type":"LineString","coordinates":[[-71.0169664,42.3595033],[-71.0170535,42.359816]]}},{"type":"Feature","properties":{"aeroway":"parking_position","ref":"B22B","name":null,"surface":null,"id":1414759890},"geometry":{"type":"LineString","coordinates":[[-71.0166289,42.3597856],[-71.0169012,42.3599933]]}},{"type":"Feature","properties":{"aeroway":"parking_position","ref":"B26","name":null,"surface":null,"id":1414759895},"geometry":{"type":"LineString","coordinates":[[-71.0158529,42.3615824],[-71.0163286,42.3616581]]}},{"type":"Feature","properties":{"aeroway":"parking_position","ref":"B31A","name":null,"surface":null,"id":1414759900},"geometry":{"type":"LineString","coordinates":[[-71.0154643,42.3627281],[-71.0156383,42.3630202]]}},{"type":"Feature","properties":{"aeroway":"parking_position","ref":"B32","name":null,"surface":null,"id":1414759901},"geometry":{"type":"LineString","coordinates":[[-71.0152286,42.3631761],[-71.0156426,42.3633015]]}},{"type":"Feature","properties":{"aeroway":"parking_position","ref":"B33","name":null,"surface":null,"id":1414759902},"geometry":{"type":"LineString","coordinates":[[-71.0151133,42.3636074],[-71.0155463,42.3635798]]}},{"type":"Feature","properties":{"aeroway":"parking_position","ref":"B34","name":null,"surface":null,"id":1414759903},"geometry":{"type":"LineString","coordinates":[[-71.0155649,42.363917],[-71.0159215,42.363732]]}},{"type":"Feature","properties":{"aeroway":"parking_position","ref":"B35","name":null,"surface":null,"id":1414759904},"geometry":{"type":"LineString","coordinates":[[-71.0160392,42.3641485],[-71.0162693,42.3638785]]}},{"type":"Feature","properties":{"aeroway":"parking_position","ref":"B37","name":null,"surface":null,"id":1414759907},"geometry":{"type":"LineString","coordinates":[[-71.0174832,42.3640536],[-71.0179203,42.3638497]]}},{"type":"Feature","properties":{"aeroway":"parking_position","ref":"C27","name":null,"surface":null,"id":1414759908},"geometry":{"type":"LineString","coordinates":[[-71.0157981,42.3651085],[-71.0153843,42.3655573]]}},{"type":"Feature","properties":{"aeroway":"parking_position","ref":"C23","name":null,"surface":null,"id":1414759909},"geometry":{"type":"LineString","coordinates":[[-71.0173698,42.3654609],[-71.0167567,42.3651618]]}},{"type":"Feature","properties":{"aeroway":"parking_position","ref":"C24","name":null,"surface":null,"id":1414759910},"geometry":{"type":"LineString","coordinates":[[-71.0167203,42.3658345],[-71.0165051,42.3652586]]}},{"type":"Feature","properties":{"aeroway":"parking_position","ref":"C23A","name":null,"surface":null,"id":1414759912},"geometry":{"type":"LineString","coordinates":[[-71.0173821,42.36519],[-71.0170734,42.3647405]]}},{"type":"Feature","properties":{"aeroway":"parking_position","ref":"B39","name":null,"surface":null,"id":1414759913},"geometry":{"type":"LineString","coordinates":[[-71.0178724,42.3648573],[-71.0173609,42.3645531]]}},{"type":"Feature","properties":{"aeroway":"parking_position","ref":"C31","name":null,"surface":null,"id":1414759917},"geometry":{"type":"LineString","coordinates":[[-71.014515,42.3644326],[-71.0145721,42.3645645],[-71.0146637,42.3647671],[-71.0147396,42.3649349]]}},{"type":"Feature","properties":{"aeroway":"parking_position","ref":"C30","name":null,"surface":null,"id":1414759919},"geometry":{"type":"LineString","coordinates":[[-71.0138957,42.3652393],[-71.0142225,42.3656352]]}},{"type":"Feature","properties":{"aeroway":"parking_position","ref":"C34","name":null,"surface":null,"id":1414759921},"geometry":{"type":"LineString","coordinates":[[-71.0134042,42.3660013],[-71.0138899,42.3661364]]}},{"type":"Feature","properties":{"aeroway":"parking_position","ref":"C28","name":null,"surface":null,"id":1414759923},"geometry":{"type":"LineString","coordinates":[[-71.0144624,42.3664027],[-71.0148619,42.3659746]]}},{"type":"Feature","properties":{"aeroway":"terminal","ref":null,"name":"Terminal E","surface":null,"id":63530},"geometry":{"type":"MultiPolygon","coordinates":[[[[-71.0188819,42.3690936],[-71.018902,42.3690692],[-71.0190287,42.3691266],[-71.0190681,42.3690787],[-71.0188589,42.368984],[-71.0189269,42.3689013],[-71.0189402,42.3688852],[-71.018983,42.3688332],[-71.0200833,42.369331],[-71.0204995,42.3695194],[-71.0209325,42.3697153],[-71.0211899,42.3698318],[-71.021144,42.3698876],[-71.0210658,42.3699826],[-71.020862,42.3698904],[-71.0208227,42.3699383],[-71.0208766,42.3699627],[-71.0209482,42.3699952],[-71.0209249,42.3700229],[-71.0209606,42.3700355],[-71.0209793,42.3700381],[-71.0210001,42.370041],[-71.0210573,42.3700447],[-71.0211287,42.3700459],[-71.0211987,42.3700439],[-71.0212723,42.3700374],[-71.0213383,42.3700293],[-71.0213727,42.3700239],[-71.0214213,42.3700122],[-71.0214572,42.3700041],[-71.0214898,42.3699939],[-71.0215418,42.3699776],[-71.0216657,42.3699361],[-71.0222248,42.369749],[-71.0225147,42.3696481],[-71.022618,42.3696244],[-71.0227104,42.3696054],[-71.0227302,42.3696011],[-71.0229302,42.3695825],[-71.023023,42.3695841],[-71.0231107,42.3695882],[-71.0232359,42.3696003],[-71.0233172,42.3696108],[-71.0234236,42.3696307],[-71.0236488,42.3696909],[-71.0237949,42.3697453],[-71.0238825,42.3697779],[-71.0240659,42.3698737],[-71.024228,42.369976],[-71.0244425,42.3701397],[-71.0259095,42.3712862],[-71.0257406,42.3714128],[-71.0257004,42.3714429],[-71.0256337,42.3713959],[-71.0256238,42.3714107],[-71.0254813,42.3714849],[-71.025443,42.3715042],[-71.0253701,42.3714435],[-71.0255326,42.3713164],[-71.0254958,42.3712887],[-71.0250595,42.3709597],[-71.02505,42.3709729],[-71.0249061,42.3710515],[-71.024877,42.3710662],[-71.0247815,42.3709911],[-71.0247681,42.3709803],[-71.024899,42.3708577],[-71.0249189,42.3708505],[-71.0248276,42.3707829],[-71.0246321,42.3706378],[-71.0244991,42.3705598],[-71.0244133,42.3705148],[-71.0244099,42.3705297],[-71.0242962,42.3706301],[-71.0242741,42.3706487],[-71.0241609,42.3705908],[-71.0241349,42.3705768],[-71.0242281,42.3704406],[-71.0242484,42.3704284],[-71.024132,42.3703786],[-71.02398,42.3703196],[-71.0238247,42.3702684],[-71.0236367,42.3702168],[-71.0234288,42.3701724],[-71.023424,42.3702014],[-71.0233749,42.3703266],[-71.0233644,42.3703485],[-71.0231954,42.3703244],[-71.0232117,42.3701666],[-71.0232251,42.3701445],[-71.0230198,42.3701172],[-71.0227676,42.370093],[-71.0225867,42.3700962],[-71.0224233,42.3701057],[-71.0221579,42.3701324],[-71.0219205,42.3701789],[-71.0217125,42.3702316],[-71.0216564,42.3702484],[-71.021554,42.3702773],[-71.0215314,42.3702855],[-71.0215643,42.3703198],[-71.0215969,42.3703704],[-71.0216087,42.37039],[-71.0216201,42.3704076],[-71.0216563,42.3704689],[-71.0216126,42.3704913],[-71.0215793,42.3705033],[-71.0214232,42.3703389],[-71.0212843,42.3704184],[-71.0211962,42.3704823],[-71.0211585,42.3705096],[-71.0211168,42.3705398],[-71.0210394,42.3706076],[-71.0209843,42.3706559],[-71.0208761,42.3707693],[-71.0209264,42.3707895],[-71.0209939,42.3708313],[-71.0210383,42.3708598],[-71.0210967,42.370895],[-71.0210849,42.3709115],[-71.0210486,42.3709494],[-71.0208097,42.3708549],[-71.0207374,42.3709853],[-71.0207066,42.3710472],[-71.0206778,42.3711009],[-71.0206006,42.3710818],[-71.0205826,42.3711248],[-71.0205365,42.37118],[-71.0204588,42.371257],[-71.0204352,42.3712511],[-71.0203801,42.3712363],[-71.0204916,42.3709907],[-71.020517,42.3709372],[-71.0204575,42.3709114],[-71.0203984,42.3708852],[-71.0203215,42.3708506],[-71.0202706,42.3709145],[-71.0202122,42.3709878],[-71.0200642,42.3710123],[-71.0200641,42.3710124],[-71.0200234,42.3709949],[-71.0201363,42.3708536],[-71.0201884,42.3707883],[-71.020124,42.3707575],[-71.0200989,42.3707857],[-71.0200223,42.370752],[-71.0200295,42.3707395],[-71.0199094,42.3706851],[-71.0197209,42.3705997],[-71.0196851,42.3706457],[-71.0196833,42.3706481],[-71.0195069,42.3705682],[-71.0194306,42.3705336],[-71.0193573,42.3706228],[-71.0192395,42.3706445],[-71.0192148,42.3706328],[-71.0192005,42.3706261],[-71.0191507,42.3706885],[-71.0191147,42.3706734],[-71.0190649,42.3706525],[-71.0191642,42.3705327],[-71.0191431,42.3704727],[-71.0188438,42.3703405],[-71.0187726,42.3704279],[-71.0185941,42.3703479],[-71.0185538,42.3703298],[-71.0187274,42.3701162],[-71.0181601,42.3698672],[-71.0180537,42.369997],[-71.0178822,42.3700275],[-71.0178251,42.3700006],[-71.0177998,42.3699196],[-71.0177903,42.3698891],[-71.0177828,42.3698651],[-71.0178864,42.3697442],[-71.0178188,42.3697125],[-71.017879,42.3696362],[-71.0179471,42.3696678],[-71.0179718,42.3696354],[-71.0177979,42.3695577],[-71.0177803,42.3695777],[-71.0177629,42.36957],[-71.0177441,42.3695616],[-71.0177271,42.3695116],[-71.0177142,42.3694735],[-71.0177239,42.36946],[-71.0177534,42.3694247],[-71.0178673,42.3694784],[-71.0178475,42.369502],[-71.0180165,42.369579],[-71.0180297,42.3695625],[-71.0179084,42.3695057],[-71.0178632,42.3693757],[-71.0182091,42.3689544],[-71.0181988,42.3689091],[-71.0182088,42.3688962],[-71.0182203,42.368883],[-71.0182981,42.3689198],[-71.0182997,42.368876],[-71.0183027,42.3688498],[-71.0183051,42.3688237],[-71.018307,42.3687974],[-71.0183082,42.3687711],[-71.0183088,42.3687449],[-71.0183087,42.3687186],[-71.0183079,42.3686923],[-71.0183067,42.3686661],[-71.0183048,42.3686398],[-71.0183022,42.3686137],[-71.0182992,42.3685875],[-71.0182953,42.3685614],[-71.0182871,42.3685164],[-71.018286,42.3685093],[-71.0182804,42.3684833],[-71.0182742,42.3684575],[-71.0182673,42.3684317],[-71.018264,42.3684089],[-71.0182231,42.3684161],[-71.0182013,42.3683494],[-71.0182393,42.3683416],[-71.0182341,42.3683296],[-71.0182242,42.3683044],[-71.0182138,42.3682793],[-71.0182029,42.3682543],[-71.0181913,42.3682295],[-71.0181791,42.3682048],[-71.0181664,42.3681804],[-71.018153,42.368156],[-71.0181391,42.3681318],[-71.0181247,42.3681078],[-71.0181097,42.3680841],[-71.0180959,42.3680602],[-71.0180823,42.3680374],[-71.0180671,42.3680142],[-71.0180524,42.3679917],[-71.0180316,42.3679662],[-71.0180016,42.3679284],[-71.0179297,42.3679605],[-71.0178948,42.3679224],[-71.0178756,42.3679016],[-71.0178557,42.3678811],[-71.0178353,42.3678607],[-71.0178146,42.3678407],[-71.0177933,42.367821],[-71.0177716,42.3678016],[-71.0180449,42.3676348],[-71.0181783,42.3675533],[-71.0182058,42.3675781],[-71.0182327,42.3676031],[-71.0182591,42.3676286],[-71.0182848,42.3676544],[-71.0183099,42.3676805],[-71.0183344,42.3677069],[-71.0183582,42.3677337],[-71.0183815,42.3677607],[-71.0184041,42.3677881],[-71.018426,42.3678157],[-71.0184474,42.3678437],[-71.0184679,42.3678718],[-71.0184878,42.3679003],[-71.0185072,42.367929],[-71.0185258,42.367958],[-71.0185437,42.3679872],[-71.0185609,42.3680166],[-71.0185775,42.3680462],[-71.0185933,42.3680761],[-71.0186066,42.3681074],[-71.0186176,42.3681367],[-71.0186295,42.3681678],[-71.0186412,42.3682082],[-71.0184575,42.368244],[-71.0184662,42.3682648],[-71.0184733,42.3682877],[-71.0184839,42.3683123],[-71.0184965,42.3683678],[-71.0185104,42.3684291],[-71.0185249,42.3684839],[-71.0185317,42.368519],[-71.0185347,42.3685515],[-71.0185364,42.3685839],[-71.0185389,42.3686154],[-71.0185399,42.3686405],[-71.0185403,42.3686696],[-71.0185415,42.3686982],[-71.0185389,42.3687275],[-71.0185371,42.3687578],[-71.0185348,42.3687858],[-71.0185332,42.3688151],[-71.018538,42.368938],[-71.0188819,42.3690936]]]]}},{"type":"Feature","properties":{"aeroway":"terminal","ref":null,"name":"Terminal B","surface":null,"id":63531},"geometry":{"type":"MultiPolygon","coordinates":[[[[-71.0182847,42.3634065],[-71.0183311,42.3635593],[-71.0183354,42.3635723],[-71.0183411,42.3635893],[-71.018349,42.3636129],[-71.0184017,42.3637889],[-71.0184566,42.3637794],[-71.0184725,42.3638311],[-71.0184792,42.3638528],[-71.0184911,42.3638914],[-71.0184404,42.3639],[-71.018547,42.3642351],[-71.018633,42.3642193],[-71.0186368,42.364232],[-71.0186419,42.3642487],[-71.0186516,42.364281],[-71.0185869,42.3642922],[-71.0185521,42.3642983],[-71.0185252,42.3643029],[-71.0184033,42.3643243],[-71.0184186,42.3643745],[-71.0184266,42.3644106],[-71.0184266,42.3644357],[-71.0184239,42.3644488],[-71.0184199,42.3644616],[-71.0184132,42.3644859],[-71.0183557,42.364581],[-71.0183884,42.3645915],[-71.018314,42.3646816],[-71.0182781,42.3647347],[-71.0184514,42.36481],[-71.0183708,42.3649067],[-71.0182295,42.3650819],[-71.0180928,42.365255],[-71.0180526,42.3653101],[-71.0178914,42.3652502],[-71.0179092,42.3652184],[-71.0177997,42.3651896],[-71.0177697,42.3651817],[-71.0177536,42.3651771],[-71.0176958,42.3651605],[-71.0178008,42.3650726],[-71.0178733,42.3650144],[-71.0179441,42.3649511],[-71.0180077,42.3648828],[-71.0180623,42.3648011],[-71.0180931,42.3647453],[-71.0181713,42.3645924],[-71.0182065,42.364533],[-71.0182642,42.3645532],[-71.0183043,42.3644806],[-71.0183201,42.3644327],[-71.0183192,42.3644038],[-71.0183001,42.3643425],[-71.0182181,42.3640902],[-71.0181423,42.3638573],[-71.0179955,42.3634056],[-71.0176627,42.3634672],[-71.0173266,42.3634072],[-71.01729,42.3633112],[-71.0168542,42.3633891],[-71.0167009,42.3634164],[-71.0164768,42.3634565],[-71.0164017,42.3634699],[-71.0164282,42.3635522],[-71.0161988,42.3635906],[-71.0161428,42.3635355],[-71.0161362,42.363529],[-71.0161033,42.3634771],[-71.01608,42.3634252],[-71.0160764,42.3634064],[-71.0160706,42.3633758],[-71.0160712,42.3633083],[-71.01608,42.3632449],[-71.0162733,42.3632051],[-71.016313,42.3631969],[-71.0163359,42.3632673],[-71.0165169,42.363235],[-71.0165689,42.3632257],[-71.0165584,42.3631933],[-71.01669,42.3631698],[-71.0167006,42.3632022],[-71.0168971,42.3631671],[-71.0170443,42.3631408],[-71.0169773,42.362937],[-71.017214,42.3628948],[-71.0173268,42.3628742],[-71.0176964,42.3628068],[-71.0176778,42.3627497],[-71.0176339,42.3627564],[-71.0176132,42.3626836],[-71.0176538,42.3626759],[-71.01759,42.3624794],[-71.0175552,42.3624855],[-71.0175453,42.3624797],[-71.0175358,42.3624736],[-71.0175263,42.3624673],[-71.0175173,42.3624607],[-71.0175085,42.3624539],[-71.0175001,42.3624469],[-71.017492,42.3624395],[-71.0174842,42.3624321],[-71.0174769,42.3624244],[-71.0174699,42.3624166],[-71.0174632,42.3624086],[-71.0174569,42.3624004],[-71.017451,42.362392],[-71.0174456,42.3623835],[-71.0174405,42.3623749],[-71.0174358,42.3623662],[-71.0174316,42.3623573],[-71.0174278,42.3623483],[-71.0174244,42.3623392],[-71.0174214,42.3623301],[-71.0174189,42.3623208],[-71.0174168,42.3623115],[-71.0174151,42.3623023],[-71.0174139,42.3622929],[-71.0174131,42.3622834],[-71.0174127,42.3622741],[-71.0174128,42.3622646],[-71.0174134,42.3622553],[-71.0174144,42.3622458],[-71.0174158,42.3622365],[-71.0174177,42.3622272],[-71.01742,42.3622179],[-71.0174227,42.3622088],[-71.0174259,42.3621996],[-71.0174295,42.3621906],[-71.0174335,42.3621816],[-71.0174379,42.3621728],[-71.0174427,42.3621641],[-71.017448,42.3621556],[-71.0173044,42.3616973],[-71.017206,42.3617149],[-71.0171117,42.3617323],[-71.0170815,42.3617983],[-71.0170305,42.3617864],[-71.0169555,42.3617974],[-71.0168185,42.3618174],[-71.0168711,42.3617102],[-71.0169661,42.3615155],[-71.0170523,42.3613409],[-71.0170932,42.3612575],[-71.0172503,42.3609371],[-71.01751,42.3604078],[-71.0175496,42.3603272],[-71.0175828,42.3602595],[-71.0176148,42.3601983],[-71.0176366,42.3601497],[-71.0177139,42.3601462],[-71.0179245,42.3601372],[-71.0179909,42.3601336],[-71.0182629,42.3602746],[-71.0187593,42.3605318],[-71.0188137,42.36056],[-71.0188336,42.3605752],[-71.018847,42.3605859],[-71.01886,42.3605967],[-71.0188729,42.3606076],[-71.0188855,42.3606188],[-71.0188978,42.3606302],[-71.0189098,42.3606415],[-71.0189216,42.3606532],[-71.0189331,42.360665],[-71.0189443,42.3606769],[-71.0189552,42.3606889],[-71.0189659,42.3607011],[-71.0189763,42.3607135],[-71.0189863,42.3607259],[-71.0189961,42.3607385],[-71.0190055,42.3607512],[-71.0190147,42.3607641],[-71.0190236,42.360777],[-71.0190321,42.3607901],[-71.0190404,42.3608032],[-71.0190483,42.3608165],[-71.019056,42.3608299],[-71.0190633,42.3608434],[-71.0190702,42.3608569],[-71.0190761,42.360871],[-71.0190815,42.3608847],[-71.019087,42.3608979],[-71.0190922,42.3609125],[-71.0190965,42.360926],[-71.0191015,42.3609401],[-71.0191056,42.3609531],[-71.0191099,42.360966],[-71.0191155,42.360982],[-71.01912,42.3609968],[-71.0191323,42.3610388],[-71.0189966,42.3610065],[-71.0190044,42.3610301],[-71.019111,42.3610564],[-71.0193584,42.3610124],[-71.0195155,42.3609844],[-71.0195554,42.3610917],[-71.0196038,42.3611879],[-71.0196326,42.3612321],[-71.0196721,42.3612885],[-71.0196926,42.3613179],[-71.0197527,42.3613904],[-71.0198051,42.3614459],[-71.0198495,42.3614875],[-71.0198998,42.3615317],[-71.0199608,42.3615791],[-71.0200234,42.3616261],[-71.0200019,42.3616417],[-71.0200988,42.3617027],[-71.0201515,42.3617314],[-71.0201404,42.3617424],[-71.0201636,42.3617387],[-71.0202702,42.3617215],[-71.0202523,42.3616578],[-71.020287,42.3616521],[-71.0202806,42.3616305],[-71.0207985,42.3615374],[-71.0208047,42.3615581],[-71.0208435,42.3615531],[-71.0208573,42.3616106],[-71.0208762,42.3616087],[-71.0210861,42.3615796],[-71.0212208,42.361557],[-71.0212367,42.361554],[-71.0212337,42.361544],[-71.0215452,42.3614859],[-71.0215209,42.3617013],[-71.0215186,42.3617218],[-71.0213073,42.3617611],[-71.0213049,42.3617541],[-71.0208959,42.3618236],[-71.0209222,42.3618968],[-71.0208392,42.3619124],[-71.0204188,42.3619864],[-71.0203862,42.3619925],[-71.0203648,42.3619192],[-71.020036,42.3619777],[-71.0199988,42.3619843],[-71.0198617,42.3620087],[-71.0198822,42.3620735],[-71.0199323,42.3620638],[-71.0199344,42.362425],[-71.0198249,42.3624446],[-71.0198291,42.3624587],[-71.0197736,42.3624689],[-71.0196353,42.3624944],[-71.0196302,42.3624796],[-71.0194605,42.3625101],[-71.0195702,42.3628463],[-71.0196126,42.3629762],[-71.0193965,42.3630117],[-71.0193519,42.3630186],[-71.0193293,42.3630227],[-71.0192825,42.3628818],[-71.0191762,42.3629008],[-71.0193258,42.3633484],[-71.0193335,42.3633753],[-71.0193796,42.3635147],[-71.0193892,42.3635437],[-71.0193958,42.3635635],[-71.0194048,42.3635844],[-71.0193379,42.363597],[-71.0192598,42.3636116],[-71.0192556,42.3636123],[-71.0191733,42.3636271],[-71.01909,42.3636425],[-71.0189312,42.3636718],[-71.0189147,42.3636745],[-71.0188578,42.3636838],[-71.0188171,42.363692],[-71.0187432,42.3637044],[-71.0186519,42.3637169],[-71.0186277,42.3637202],[-71.0185006,42.3637454],[-71.0184871,42.3637],[-71.0184554,42.3635935],[-71.0184475,42.3635696],[-71.0184425,42.3635546],[-71.0184376,42.3635399],[-71.0183895,42.3633869],[-71.0182847,42.3634065]]]]}},{"type":"Feature","properties":{"aeroway":"terminal","ref":null,"name":"Terminal A","surface":null,"id":18361837},"geometry":{"type":"MultiPolygon","coordinates":[[[[-71.0211954,42.3637406],[-71.0211245,42.3638268],[-71.0211054,42.3638501],[-71.0212232,42.363903],[-71.0213132,42.3637934],[-71.0211954,42.3637406]]],[[[-71.0218572,42.3640477],[-71.021711,42.3641042],[-71.0217003,42.364125],[-71.0216028,42.3640801],[-71.0216239,42.364055],[-71.0218088,42.3639797],[-71.0218572,42.3640477]]],[[[-71.0221308,42.3641319],[-71.0221281,42.3642756],[-71.022103,42.3643041],[-71.0220226,42.3642663],[-71.0220314,42.3642502],[-71.0220342,42.3641289],[-71.0221308,42.3641319]]],[[[-71.0226299,42.3643932],[-71.0225552,42.3644813],[-71.0225339,42.3645064],[-71.0226153,42.3645441],[-71.0227112,42.3644309],[-71.0226299,42.3643932]]],[[[-71.0221107,42.3653359],[-71.0221817,42.3652523],[-71.0222316,42.3651935],[-71.0223602,42.3652705],[-71.0223977,42.3653022],[-71.0224245,42.365328],[-71.0224406,42.3653577],[-71.0224782,42.3653221],[-71.0224941,42.3653419],[-71.0224648,42.3653557],[-71.022521,42.365441],[-71.0225562,42.3654286],[-71.0226352,42.3653997],[-71.0226685,42.3653875],[-71.0226356,42.3653365],[-71.0226148,42.3653042],[-71.0227,42.3653756],[-71.0227173,42.3653578],[-71.0227493,42.3653161],[-71.0227697,42.3653237],[-71.0228222,42.3652562],[-71.0228162,42.3652421],[-71.0228101,42.3652278],[-71.0228071,42.3652209],[-71.0227982,42.3651999],[-71.0228484,42.3651882],[-71.0228166,42.3651075],[-71.0228125,42.365097],[-71.0228048,42.3650789],[-71.0227033,42.3648405],[-71.0228254,42.3646872],[-71.022899,42.3647184],[-71.0229292,42.3646829],[-71.0228643,42.3646538],[-71.0228392,42.3646425],[-71.0226153,42.3645441],[-71.0225339,42.3645064],[-71.0225552,42.3644813],[-71.0225247,42.3644663],[-71.0225196,42.3644638],[-71.0225009,42.3644551],[-71.0224529,42.3644333],[-71.0224319,42.3644587],[-71.0222882,42.3643911],[-71.0223091,42.364367],[-71.0222805,42.3643537],[-71.0222711,42.3643494],[-71.0222561,42.3643425],[-71.0222091,42.364321],[-71.0221889,42.3643445],[-71.022103,42.3643041],[-71.0220226,42.3642663],[-71.0220079,42.3642594],[-71.0220194,42.3640823],[-71.0220244,42.3640053],[-71.0219647,42.3640273],[-71.0217003,42.364125],[-71.0216028,42.3640801],[-71.0216239,42.364055],[-71.0216007,42.3640443],[-71.0215908,42.3640398],[-71.0215786,42.3640341],[-71.021529,42.3640112],[-71.0215058,42.3640354],[-71.0214059,42.3639894],[-71.0214249,42.363966],[-71.0213963,42.3639531],[-71.021385,42.363948],[-71.0213749,42.3639434],[-71.0213243,42.3639206],[-71.0213055,42.3639432],[-71.0212232,42.363903],[-71.0211054,42.3638501],[-71.0211245,42.3638268],[-71.0210948,42.3638138],[-71.0210822,42.3638082],[-71.0210715,42.3638032],[-71.0210246,42.3637808],[-71.0210049,42.3638047],[-71.0209687,42.3637868],[-71.0209595,42.3637823],[-71.020948,42.363777],[-71.0208834,42.3637474],[-71.0207291,42.3639347],[-71.0207174,42.3639495],[-71.0206654,42.3640166],[-71.0206055,42.3639903],[-71.0205933,42.3640059],[-71.0205744,42.3640299],[-71.0205114,42.3640012],[-71.0204208,42.3640996],[-71.0204985,42.3641342],[-71.0204752,42.3641669],[-71.0203492,42.3642262],[-71.0203048,42.3642519],[-71.0203364,42.3642618],[-71.0203649,42.3642711],[-71.0203929,42.3642802],[-71.020385,42.3642886],[-71.020526,42.3643333],[-71.0204947,42.3643692],[-71.0204503,42.3644203],[-71.0204495,42.364421],[-71.0204727,42.3644573],[-71.0205928,42.3646452],[-71.0208816,42.3647766],[-71.0221107,42.3653359]]]]}},{"type":"Feature","properties":{"aeroway":"apron","ref":null,"name":null,"surface":"concrete","id":18367498},"geometry":{"type":"MultiPolygon","coordinates":[[[[-71.0169355,42.3673139],[-71.016959,42.3673196],[-71.0169508,42.3673403],[-71.0169846,42.3673489],[-71.0169956,42.3673517],[-71.0169973,42.3673481],[-71.0170325,42.3673583],[-71.0170598,42.3673659],[-71.0170911,42.3673758],[-71.0171214,42.3673857],[-71.0171548,42.3673961],[-71.0171903,42.3674088],[-71.0172203,42.3674196],[-71.0172497,42.3674306],[-71.0172873,42.3674455],[-71.0173135,42.3674569],[-71.0173437,42.3674705],[-71.0173716,42.367483],[-71.0173971,42.3674949],[-71.0174102,42.3675001],[-71.0174552,42.3675234],[-71.0174852,42.3675398],[-71.0175154,42.3675562],[-71.0175411,42.3675709],[-71.0175695,42.3675887],[-71.0175974,42.3676049],[-71.0176276,42.3676257],[-71.0176682,42.3676531],[-71.0176959,42.3676752],[-71.0176563,42.3677086],[-71.0176802,42.3677266],[-71.0177198,42.3677563],[-71.0177494,42.3677824],[-71.0177716,42.3678016],[-71.0177933,42.367821],[-71.0178146,42.3678407],[-71.0178353,42.3678607],[-71.0178557,42.3678811],[-71.0178756,42.3679016],[-71.0178948,42.3679224],[-71.0179297,42.3679605],[-71.0180016,42.3679284],[-71.0180316,42.3679662],[-71.0180524,42.3679917],[-71.0180671,42.3680142],[-71.0180823,42.3680374],[-71.0180959,42.3680602],[-71.0181097,42.3680841],[-71.0181247,42.3681078],[-71.0181391,42.3681318],[-71.018153,42.368156],[-71.0181664,42.3681804],[-71.0181791,42.3682048],[-71.0181913,42.3682295],[-71.0182029,42.3682543],[-71.0182138,42.3682793],[-71.0182242,42.3683044],[-71.0182341,42.3683296],[-71.0182393,42.3683416],[-71.0182013,42.3683494],[-71.0182231,42.3684161],[-71.018264,42.3684089],[-71.0182673,42.3684317],[-71.0182742,42.3684575],[-71.0182804,42.3684833],[-71.018286,42.3685093],[-71.0182871,42.3685164],[-71.0182953,42.3685614],[-71.0182992,42.3685875],[-71.0183022,42.3686137],[-71.0183048,42.3686398],[-71.0183067,42.3686661],[-71.0183079,42.3686923],[-71.0183087,42.3687186],[-71.0183088,42.3687449],[-71.0183082,42.3687711],[-71.018307,42.3687974],[-71.0183051,42.3688237],[-71.0183027,42.3688498],[-71.0182997,42.368876],[-71.0182981,42.3689198],[-71.0182203,42.368883],[-71.0182088,42.3688962],[-71.0181988,42.3689091],[-71.0182091,42.3689544],[-71.0178632,42.3693757],[-71.0179084,42.3695057],[-71.0180297,42.3695625],[-71.0180165,42.369579],[-71.0179973,42.3696025],[-71.0179905,42.3696113],[-71.0179718,42.3696354],[-71.0179471,42.3696678],[-71.017879,42.3696362],[-71.0178188,42.3697125],[-71.0178864,42.3697442],[-71.0177828,42.3698651],[-71.0177903,42.3698891],[-71.0177998,42.3699196],[-71.0178251,42.3700006],[-71.0178822,42.3700275],[-71.0180537,42.369997],[-71.0181601,42.3698672],[-71.0187274,42.3701162],[-71.0185538,42.3703298],[-71.0185941,42.3703479],[-71.0187726,42.3704279],[-71.0188438,42.3703405],[-71.0191431,42.3704727],[-71.0191642,42.3705327],[-71.0190649,42.3706525],[-71.0191147,42.3706734],[-71.0191507,42.3706885],[-71.0192005,42.3706261],[-71.0192148,42.3706328],[-71.0192395,42.3706445],[-71.0193573,42.3706228],[-71.0194306,42.3705336],[-71.0195069,42.3705682],[-71.0196833,42.3706481],[-71.0196851,42.3706457],[-71.0197209,42.3705997],[-71.0199094,42.3706851],[-71.0200295,42.3707395],[-71.0200223,42.370752],[-71.0200989,42.3707857],[-71.020124,42.3707575],[-71.0201884,42.3707883],[-71.0201363,42.3708536],[-71.0200234,42.3709949],[-71.0200641,42.3710124],[-71.0200642,42.3710123],[-71.0202122,42.3709878],[-71.0202706,42.3709145],[-71.0203215,42.3708506],[-71.0203984,42.3708852],[-71.0204575,42.3709114],[-71.020517,42.3709372],[-71.0204916,42.3709907],[-71.0203801,42.3712363],[-71.0204352,42.3712511],[-71.0204588,42.371257],[-71.0205365,42.37118],[-71.0205826,42.3711248],[-71.0206006,42.3710818],[-71.0206778,42.3711009],[-71.0207066,42.3710472],[-71.0207374,42.3709853],[-71.0208097,42.3708549],[-71.0210486,42.3709494],[-71.0210849,42.3709115],[-71.0210967,42.370895],[-71.0210383,42.3708598],[-71.0209939,42.3708313],[-71.0209264,42.3707895],[-71.0208761,42.3707693],[-71.0209843,42.3706559],[-71.0210394,42.3706076],[-71.0211168,42.3705398],[-71.0211585,42.3705096],[-71.0211962,42.3704823],[-71.0212843,42.3704184],[-71.0214232,42.3703389],[-71.0215793,42.3705033],[-71.0216126,42.3704913],[-71.0216563,42.3704689],[-71.0216201,42.3704076],[-71.0216087,42.37039],[-71.0215969,42.3703704],[-71.0215643,42.3703198],[-71.0215314,42.3702855],[-71.021554,42.3702773],[-71.0216564,42.3702484],[-71.0217125,42.3702316],[-71.0219205,42.3701789],[-71.0221579,42.3701324],[-71.0224233,42.3701057],[-71.0225867,42.3700962],[-71.0227676,42.370093],[-71.0230198,42.3701172],[-71.0232251,42.3701445],[-71.0232117,42.3701666],[-71.0231954,42.3703244],[-71.0233644,42.3703485],[-71.0233749,42.3703266],[-71.023424,42.3702014],[-71.0234288,42.3701724],[-71.0236367,42.3702168],[-71.0238247,42.3702684],[-71.02398,42.3703196],[-71.024132,42.3703786],[-71.0242484,42.3704284],[-71.0242281,42.3704406],[-71.0241349,42.3705768],[-71.0241609,42.3705908],[-71.0242741,42.3706487],[-71.0242962,42.3706301],[-71.0244099,42.3705297],[-71.0244133,42.3705148],[-71.0244991,42.3705598],[-71.0246321,42.3706378],[-71.0248276,42.3707829],[-71.0249189,42.3708505],[-71.024899,42.3708577],[-71.0247681,42.3709803],[-71.0247815,42.3709911],[-71.024877,42.3710662],[-71.0249061,42.3710515],[-71.02505,42.3709729],[-71.0250595,42.3709597],[-71.0254958,42.3712887],[-71.0255326,42.3713164],[-71.0253701,42.3714435],[-71.025443,42.3715042],[-71.0254813,42.3714849],[-71.0256238,42.3714107],[-71.0256337,42.3713959],[-71.0257004,42.3714429],[-71.0257406,42.3714128],[-71.0258704,42.3715128],[-71.0260873,42.371679],[-71.0258792,42.3718407],[-71.0259937,42.3719193],[-71.0258839,42.3720072],[-71.0254584,42.3723104],[-71.0249627,42.3719337],[-71.0247507,42.371769],[-71.0245021,42.3715773],[-71.0243199,42.3714388],[-71.0239806,42.371189],[-71.0238419,42.3711073],[-71.0235984,42.3709932],[-71.0233019,42.3709091],[-71.023048,42.3708611],[-71.0228292,42.37083],[-71.0225992,42.3707968],[-71.0223604,42.3708669],[-71.0221806,42.3709393],[-71.0220481,42.3710042],[-71.0216087,42.3712724],[-71.0212282,42.3715314],[-71.0211503,42.3715974],[-71.0210638,42.3716515],[-71.0209919,42.3716958],[-71.0208436,42.3717638],[-71.0206587,42.3718071],[-71.0205843,42.3718205],[-71.0205147,42.3718266],[-71.0203757,42.371828],[-71.0202598,42.3718228],[-71.0201403,42.3718085],[-71.0199744,42.3717638],[-71.0198021,42.3717012],[-71.0172692,42.3705537],[-71.0171198,42.3704725],[-71.017017,42.3703921],[-71.0169169,42.3702887],[-71.0168544,42.3702151],[-71.0167685,42.3700612],[-71.0167381,42.3699251],[-71.0167432,42.3697538],[-71.0167513,42.3697196],[-71.0167857,42.3696147],[-71.0168535,42.3694879],[-71.0175077,42.3686921],[-71.0175012,42.3685776],[-71.017448,42.3684204],[-71.0174366,42.3683987],[-71.0173907,42.3683108],[-71.017325,42.36823],[-71.0172795,42.3681791],[-71.0172301,42.3681332],[-71.0171741,42.368085],[-71.0171209,42.3680485],[-71.0170352,42.3680013],[-71.0169431,42.3679585],[-71.0168899,42.3679344],[-71.0168261,42.3679091],[-71.0167646,42.3678873],[-71.0167026,42.3678725],[-71.0166177,42.3678576],[-71.0165484,42.3678476],[-71.0164438,42.3678357],[-71.0164459,42.3678694],[-71.0159372,42.3682151],[-71.0164575,42.368641],[-71.0158441,42.3690543],[-71.0149167,42.3690347],[-71.0135159,42.3678957],[-71.0134876,42.3673035],[-71.0136823,42.3671705],[-71.0141201,42.3671405],[-71.0151184,42.3669587],[-71.0151047,42.3668592],[-71.0151821,42.3668525],[-71.0151758,42.3667507],[-71.0151662,42.3666225],[-71.0144527,42.3664136],[-71.0142133,42.3663435],[-71.0138758,42.3667534],[-71.0137573,42.3666988],[-71.01322,42.3664513],[-71.013319,42.3661154],[-71.0133507,42.366034],[-71.0133709,42.3659569],[-71.0143321,42.3644975],[-71.0143409,42.3644951],[-71.0143347,42.3644823],[-71.0143272,42.3644803],[-71.014339,42.3644595],[-71.0146646,42.3643853],[-71.0146777,42.3644184],[-71.014849,42.3643795],[-71.0155405,42.3646989],[-71.0156603,42.3651993],[-71.0161079,42.3654156],[-71.0166069,42.3647987],[-71.0170153,42.3649828],[-71.0171691,42.3650355],[-71.0172344,42.3649122],[-71.0172739,42.3648219],[-71.0172958,42.3647301],[-71.0173033,42.3646732],[-71.0173089,42.3645856],[-71.0173006,42.3645006],[-71.0172817,42.3644093],[-71.0172495,42.3642983],[-71.0171891,42.3641283],[-71.0170704,42.3639632],[-71.0159245,42.3641517],[-71.0152164,42.3638267],[-71.0149857,42.3631687],[-71.0153612,42.3626891],[-71.0166821,42.3624599],[-71.0165593,42.3620714],[-71.0160977,42.3621447],[-71.0159072,42.3615442],[-71.0163576,42.3614655],[-71.016353,42.361451],[-71.0162847,42.3612365],[-71.0163958,42.3610845],[-71.0168889,42.3600697],[-71.0166282,42.3600047],[-71.0167799,42.3596858],[-71.0168921,42.3597092],[-71.0179907,42.3596598],[-71.0196829,42.3605443],[-71.0200024,42.360493],[-71.0202121,42.3611295],[-71.0212472,42.3609438],[-71.0219678,42.3612667],[-71.0221553,42.3618506],[-71.0218093,42.3622681],[-71.0209429,42.3624136],[-71.0202731,42.3625326],[-71.0203128,42.3626422],[-71.0203294,42.3626866],[-71.0203554,42.3627462],[-71.0201563,42.362992],[-71.0199339,42.3632581],[-71.0200681,42.3633234],[-71.0203081,42.3632717],[-71.0213382,42.3630499],[-71.023099,42.3638545],[-71.0231984,42.3638582],[-71.0238003,42.3635238],[-71.0238299,42.363469],[-71.0240391,42.3612255],[-71.0237817,42.3608985],[-71.023787,42.3608668],[-71.0239989,42.3606072],[-71.0247816,42.3609368],[-71.024751,42.3610538],[-71.0247342,42.3611207],[-71.024731,42.3611332],[-71.0247273,42.3611479],[-71.0247397,42.3611501],[-71.024671,42.3614308],[-71.0248446,42.3614978],[-71.0248416,42.361503],[-71.0249596,42.3615494],[-71.024942,42.3615731],[-71.0249393,42.3615768],[-71.0249275,42.3615925],[-71.0249253,42.3615955],[-71.0250451,42.3616419],[-71.0250381,42.3617199],[-71.0249349,42.3617149],[-71.0249252,42.3618237],[-71.0248751,42.3618216],[-71.0248733,42.361847],[-71.024873,42.3618509],[-71.0248717,42.36187],[-71.0248688,42.3619115],[-71.024917,42.3619137],[-71.0248964,42.3621625],[-71.0248496,42.3621603],[-71.0248482,42.3621741],[-71.0248473,42.3621834],[-71.024846,42.3621963],[-71.0248415,42.3622426],[-71.0248877,42.3622455],[-71.0248769,42.3623663],[-71.0247986,42.3623625],[-71.0247879,42.3624832],[-71.0247558,42.3624817],[-71.0247544,42.3624974],[-71.0247536,42.3625063],[-71.0247523,42.3625214],[-71.0247476,42.3625745],[-71.0247833,42.3625762],[-71.0247687,42.3627407],[-71.02417,42.3629618],[-71.0240571,42.3630035],[-71.0241477,42.3630479],[-71.0247165,42.3633266],[-71.0247133,42.363363],[-71.024668,42.3633608],[-71.0246664,42.3633788],[-71.0246656,42.3633872],[-71.0246643,42.3634014],[-71.0246601,42.3634485],[-71.0247068,42.3634507],[-71.024695,42.3635833],[-71.0246476,42.363581],[-71.0246468,42.3635898],[-71.0246447,42.3636134],[-71.0246399,42.3636675],[-71.0246922,42.36367],[-71.0246896,42.3636993],[-71.0247593,42.3637027],[-71.0247381,42.3639406],[-71.024692,42.3639383],[-71.0246881,42.363982],[-71.0246877,42.3639865],[-71.0246858,42.3640083],[-71.0246846,42.3640214],[-71.0247271,42.3640234],[-71.0247082,42.364236],[-71.0247835,42.3642396],[-71.0247712,42.3643782],[-71.0247706,42.3643847],[-71.0247687,42.3644056],[-71.0247656,42.3644407],[-71.0248033,42.3644425],[-71.0247796,42.3647088],[-71.024766,42.3647081],[-71.0247633,42.3647383],[-71.0247616,42.3647569],[-71.0247581,42.3647963],[-71.0247339,42.3650712],[-71.0246292,42.3651179],[-71.0245474,42.3651615],[-71.0244776,42.3652064],[-71.0244333,42.3652371],[-71.0243704,42.3652863],[-71.0243181,42.3653359],[-71.0242576,42.3654036],[-71.0242135,42.3654577],[-71.0241773,42.3655093],[-71.0241436,42.3655691],[-71.0241223,42.3656183],[-71.0241062,42.3656747],[-71.0240941,42.3657292],[-71.02409,42.365793],[-71.0240861,42.3658273],[-71.0240752,42.3658544],[-71.0240566,42.3658739],[-71.0240336,42.3658921],[-71.0240095,42.365904],[-71.0239842,42.3659096],[-71.0239533,42.3659125],[-71.0239264,42.3659109],[-71.0238877,42.3659038],[-71.023524,42.3658158],[-71.0231433,42.3657223],[-71.0228508,42.3656523],[-71.0228134,42.3656371],[-71.0227824,42.3656176],[-71.0227463,42.3655846],[-71.0228384,42.3654661],[-71.0228804,42.3655727],[-71.0228971,42.3655692],[-71.0229178,42.3655649],[-71.0229704,42.3655538],[-71.0229448,42.3654964],[-71.0228938,42.3655063],[-71.0228697,42.3654488],[-71.0228791,42.3654359],[-71.0229394,42.3654231],[-71.022892,42.3653077],[-71.0229073,42.3652883],[-71.0228222,42.3652562],[-71.0228162,42.3652421],[-71.0228101,42.3652278],[-71.0228071,42.3652209],[-71.0227982,42.3651999],[-71.0228484,42.3651882],[-71.0228166,42.3651075],[-71.0228125,42.365097],[-71.0228048,42.3650789],[-71.0227033,42.3648405],[-71.0228254,42.3646872],[-71.022899,42.3647184],[-71.0229292,42.3646829],[-71.0228643,42.3646538],[-71.0228392,42.3646425],[-71.0226153,42.3645441],[-71.0227112,42.3644309],[-71.0226299,42.3643932],[-71.0225552,42.3644813],[-71.0225247,42.3644663],[-71.0225196,42.3644638],[-71.0225009,42.3644551],[-71.0224529,42.3644333],[-71.0224319,42.3644587],[-71.0222882,42.3643911],[-71.0223091,42.364367],[-71.0222805,42.3643537],[-71.0222711,42.3643494],[-71.0222561,42.3643425],[-71.0222091,42.364321],[-71.0221889,42.3643445],[-71.022103,42.3643041],[-71.0221281,42.3642756],[-71.0221308,42.3641319],[-71.0220342,42.3641289],[-71.0220314,42.3642502],[-71.0220226,42.3642663],[-71.0220079,42.3642594],[-71.0220194,42.3640823],[-71.0220244,42.3640053],[-71.0219647,42.3640273],[-71.0217003,42.364125],[-71.021711,42.3641042],[-71.0218572,42.3640477],[-71.0218088,42.3639797],[-71.0216239,42.364055],[-71.0216007,42.3640443],[-71.0215908,42.3640398],[-71.0215786,42.3640341],[-71.021529,42.3640112],[-71.0215058,42.3640354],[-71.0214059,42.3639894],[-71.0214249,42.363966],[-71.0213963,42.3639531],[-71.021385,42.363948],[-71.0213749,42.3639434],[-71.0213243,42.3639206],[-71.0213055,42.3639432],[-71.0212232,42.363903],[-71.0213132,42.3637934],[-71.0211954,42.3637406],[-71.0211245,42.3638268],[-71.0210948,42.3638138],[-71.0210822,42.3638082],[-71.0210715,42.3638032],[-71.0210246,42.3637808],[-71.0210049,42.3638047],[-71.0209687,42.3637868],[-71.0209595,42.3637823],[-71.020948,42.363777],[-71.0208834,42.3637474],[-71.0207291,42.3639347],[-71.0207174,42.3639495],[-71.0206654,42.3640166],[-71.0206055,42.3639903],[-71.0205933,42.3640059],[-71.0205744,42.3640299],[-71.0205114,42.3640012],[-71.0204208,42.3640996],[-71.020326,42.3642165],[-71.0202289,42.3641868],[-71.0202195,42.3641986],[-71.0201431,42.36416],[-71.0200936,42.3641369],[-71.0200492,42.3641194],[-71.0200023,42.3641055],[-71.0199582,42.3640943],[-71.0199138,42.3640887],[-71.0198682,42.3640867],[-71.0198118,42.3640877],[-71.0196658,42.3636186],[-71.0195656,42.3636332],[-71.0195383,42.3635436],[-71.0195572,42.3635414],[-71.0195397,42.3634879],[-71.0194834,42.3634973],[-71.0193293,42.3630227],[-71.0193519,42.3630186],[-71.0193965,42.3630117],[-71.0196126,42.3629762],[-71.0195702,42.3628463],[-71.0194605,42.3625101],[-71.0196302,42.3624796],[-71.0196353,42.3624944],[-71.0197736,42.3624689],[-71.0198291,42.3624587],[-71.0198249,42.3624446],[-71.0199344,42.362425],[-71.0199323,42.3620638],[-71.0198822,42.3620735],[-71.0198617,42.3620087],[-71.0199988,42.3619843],[-71.020036,42.3619777],[-71.0203648,42.3619192],[-71.0203862,42.3619925],[-71.0204188,42.3619864],[-71.0208392,42.3619124],[-71.0209222,42.3618968],[-71.0208959,42.3618236],[-71.0213049,42.3617541],[-71.0213073,42.3617611],[-71.0215186,42.3617218],[-71.0215209,42.3617013],[-71.0215452,42.3614859],[-71.0212337,42.361544],[-71.0212367,42.361554],[-71.0212208,42.361557],[-71.0210861,42.3615796],[-71.0208762,42.3616087],[-71.0208573,42.3616106],[-71.0208435,42.3615531],[-71.0208047,42.3615581],[-71.0207985,42.3615374],[-71.0202806,42.3616305],[-71.020287,42.3616521],[-71.0202523,42.3616578],[-71.0202702,42.3617215],[-71.0201636,42.3617387],[-71.0201404,42.3617424],[-71.0201515,42.3617314],[-71.0200988,42.3617027],[-71.0200019,42.3616417],[-71.0200234,42.3616261],[-71.0199608,42.3615791],[-71.0198998,42.3615317],[-71.0198495,42.3614875],[-71.0198051,42.3614459],[-71.0197527,42.3613904],[-71.0196926,42.3613179],[-71.0196721,42.3612885],[-71.0196326,42.3612321],[-71.0196038,42.3611879],[-71.0195554,42.3610917],[-71.0195155,42.3609844],[-71.0193584,42.3610124],[-71.019111,42.3610564],[-71.0190044,42.3610301],[-71.0189966,42.3610065],[-71.0191323,42.3610388],[-71.01912,42.3609968],[-71.0191155,42.360982],[-71.0191099,42.360966],[-71.0191056,42.3609531],[-71.0191015,42.3609401],[-71.0190965,42.360926],[-71.0190922,42.3609125],[-71.019087,42.3608979],[-71.0190815,42.3608847],[-71.0190761,42.360871],[-71.0190702,42.3608569],[-71.0190633,42.3608434],[-71.019056,42.3608299],[-71.0190483,42.3608165],[-71.0190404,42.3608032],[-71.0190321,42.3607901],[-71.0190236,42.360777],[-71.0190147,42.3607641],[-71.0190055,42.3607512],[-71.0189961,42.3607385],[-71.0189863,42.3607259],[-71.0189763,42.3607135],[-71.0189659,42.3607011],[-71.0189552,42.3606889],[-71.0189443,42.3606769],[-71.0189331,42.360665],[-71.0189216,42.3606532],[-71.0189098,42.3606415],[-71.0188978,42.3606302],[-71.0188855,42.3606188],[-71.0188729,42.3606076],[-71.01886,42.3605967],[-71.018847,42.3605859],[-71.0188336,42.3605752],[-71.0188137,42.36056],[-71.0187593,42.3605318],[-71.0182629,42.3602746],[-71.0179909,42.3601336],[-71.0179245,42.3601372],[-71.0177139,42.3601462],[-71.0176366,42.3601497],[-71.0176148,42.3601983],[-71.0175828,42.3602595],[-71.0175496,42.3603272],[-71.01751,42.3604078],[-71.0172503,42.3609371],[-71.0170932,42.3612575],[-71.0170523,42.3613409],[-71.0169661,42.3615155],[-71.0168711,42.3617102],[-71.0168185,42.3618174],[-71.0169555,42.3617974],[-71.0170305,42.3617864],[-71.0170815,42.3617983],[-71.0171117,42.3617323],[-71.017206,42.3617149],[-71.0173044,42.3616973],[-71.017448,42.3621556],[-71.0174259,42.3621996],[-71.0174144,42.3622458],[-71.0174139,42.3622929],[-71.0174189,42.3623208],[-71.0174316,42.3623573],[-71.017451,42.362392],[-71.0174769,42.3624244],[-71.0175001,42.3624469],[-71.0175263,42.3624673],[-71.0175552,42.3624855],[-71.01759,42.3624794],[-71.0176538,42.3626759],[-71.0176132,42.3626836],[-71.0176339,42.3627564],[-71.0176778,42.3627497],[-71.0176964,42.3628068],[-71.0173268,42.3628742],[-71.017214,42.3628948],[-71.0169773,42.362937],[-71.0170443,42.3631408],[-71.0168971,42.3631671],[-71.0167006,42.3632022],[-71.01669,42.3631698],[-71.0165584,42.3631933],[-71.0165689,42.3632257],[-71.0165169,42.363235],[-71.0163359,42.3632673],[-71.016313,42.3631969],[-71.0162733,42.3632051],[-71.01608,42.3632449],[-71.0160712,42.3633083],[-71.0160706,42.3633758],[-71.0160764,42.3634064],[-71.01608,42.3634252],[-71.0161033,42.3634771],[-71.0161362,42.363529],[-71.0161428,42.3635355],[-71.0161988,42.3635906],[-71.0164282,42.3635522],[-71.0164017,42.3634699],[-71.0164768,42.3634565],[-71.0167009,42.3634164],[-71.0168542,42.3633891],[-71.01729,42.3633112],[-71.0173266,42.3634072],[-71.0176627,42.3634672],[-71.0179955,42.3634056],[-71.0181423,42.3638573],[-71.0182181,42.3640902],[-71.0183001,42.3643425],[-71.0183192,42.3644038],[-71.0183201,42.3644327],[-71.0183043,42.3644806],[-71.0182642,42.3645532],[-71.0182065,42.364533],[-71.0181713,42.3645924],[-71.0180931,42.3647453],[-71.0180623,42.3648011],[-71.0180077,42.3648828],[-71.0179441,42.3649511],[-71.0178733,42.3650144],[-71.0178008,42.3650726],[-71.0176958,42.3651605],[-71.0177536,42.3651771],[-71.0177697,42.3651817],[-71.0177587,42.3652051],[-71.0177441,42.3652272],[-71.0177316,42.3652515],[-71.0177159,42.3652735],[-71.0177033,42.3652926],[-71.017693,42.3653081],[-71.0176809,42.3653251],[-71.0176658,42.3653459],[-71.0176461,42.365371],[-71.0176322,42.3653881],[-71.0176107,42.3654141],[-71.0175908,42.3654382],[-71.0175717,42.3654584],[-71.0175516,42.3654801],[-71.0175345,42.3654975],[-71.0175119,42.3655206],[-71.0174811,42.365549],[-71.0174534,42.3655743],[-71.0174297,42.3655934],[-71.0173634,42.3655521],[-71.0173532,42.3655507],[-71.0173433,42.3655585],[-71.0173271,42.3655708],[-71.0172977,42.3655941],[-71.0172731,42.3656136],[-71.0172499,42.365633],[-71.0172304,42.3656481],[-71.0172117,42.3656605],[-71.0171829,42.3656793],[-71.0171602,42.3656937],[-71.0171211,42.3657179],[-71.0170746,42.3657457],[-71.0170612,42.3657518],[-71.0170408,42.3657648],[-71.0170045,42.3657852],[-71.0169751,42.365799],[-71.016947,42.3658104],[-71.0169135,42.3658231],[-71.0168696,42.3658403],[-71.0168232,42.365855],[-71.0167637,42.3658713],[-71.0166779,42.3658881],[-71.0166131,42.3658978],[-71.0165341,42.3659041],[-71.0164648,42.3659088],[-71.0164419,42.3659102],[-71.0164327,42.365835],[-71.0161516,42.365851],[-71.0160952,42.3658513],[-71.0160789,42.3658514],[-71.0160315,42.3658517],[-71.0159574,42.3658364],[-71.0159061,42.3658222],[-71.0158488,42.3658027],[-71.0157237,42.3657485],[-71.0156918,42.3657354],[-71.0156506,42.3657806],[-71.0155964,42.3658544],[-71.0155798,42.3658715],[-71.0154442,42.3658071],[-71.0154581,42.3657909],[-71.0153421,42.3657374],[-71.0153284,42.3657543],[-71.0153117,42.3657465],[-71.0149689,42.365586],[-71.0149568,42.3656003],[-71.0148126,42.3655333],[-71.0150158,42.3652928],[-71.0148781,42.3652289],[-71.0149366,42.3651597],[-71.0150135,42.3651954],[-71.0150515,42.3651505],[-71.0150878,42.3651674],[-71.0151726,42.3650622],[-71.0151599,42.3650567],[-71.0149243,42.3649578],[-71.0147247,42.3651876],[-71.014497,42.3654597],[-71.014272,42.3657313],[-71.0139973,42.3660612],[-71.0139836,42.3660776],[-71.0141986,42.3661781],[-71.0142878,42.3662177],[-71.0144023,42.3660814],[-71.0143429,42.366052],[-71.0144496,42.3659246],[-71.0144695,42.3659317],[-71.0146824,42.3656822],[-71.014829,42.3657505],[-71.0148045,42.3657805],[-71.0148893,42.3658183],[-71.0151142,42.3659245],[-71.0150091,42.3660512],[-71.0152944,42.3661826],[-71.015401,42.3660578],[-71.015423,42.3660679],[-71.0156286,42.3661637],[-71.0156106,42.3661849],[-71.0157645,42.3662564],[-71.0157695,42.3662898],[-71.0155538,42.3663443],[-71.0155666,42.3664644],[-71.0155389,42.3664671],[-71.01559,42.3668982],[-71.0156165,42.3668972],[-71.0156344,42.3670348],[-71.0159445,42.3670866],[-71.0157756,42.3671966],[-71.0157577,42.3671825],[-71.0157425,42.3671925],[-71.0155542,42.3673153],[-71.0155711,42.3673298],[-71.0153053,42.367503],[-71.0152893,42.367489],[-71.0150999,42.3676129],[-71.0150736,42.3676295],[-71.0150901,42.3676432],[-71.0150281,42.3676836],[-71.0150524,42.3677037],[-71.0149287,42.3677851],[-71.0147044,42.3675941],[-71.014642,42.3675402],[-71.0146097,42.3675621],[-71.01457,42.3675286],[-71.0145903,42.3675159],[-71.0144992,42.3674444],[-71.0144808,42.3674555],[-71.0144741,42.3674497],[-71.014419,42.3674845],[-71.0142685,42.3675808],[-71.0142817,42.3675916],[-71.0144371,42.367721],[-71.0150149,42.3681932],[-71.0152479,42.3683844],[-71.0154146,42.3685211],[-71.0154672,42.3685643],[-71.0156619,42.3684354],[-71.015593,42.368382],[-71.01566,42.3683391],[-71.0155921,42.3682803],[-71.0155831,42.368273],[-71.0150779,42.3678613],[-71.0151808,42.3677949],[-71.015233,42.3678366],[-71.0152894,42.3677995],[-71.0153105,42.3677856],[-71.015476,42.3676769],[-71.0157292,42.3675103],[-71.0158238,42.3674482],[-71.016026,42.3673153],[-71.0160672,42.3672882],[-71.0160972,42.3672686],[-71.0161399,42.3673039],[-71.0161726,42.3672722],[-71.0162244,42.3672693],[-71.0162707,42.3672659],[-71.0162712,42.3672541],[-71.0163144,42.3672518],[-71.016349,42.3672502],[-71.0163821,42.3672477],[-71.0164235,42.3672467],[-71.0164578,42.367248],[-71.0164881,42.3672492],[-71.0165246,42.3672519],[-71.0165568,42.3672542],[-71.016592,42.3672566],[-71.0166008,42.3672576],[-71.0166003,42.3672596],[-71.0166284,42.3672624],[-71.0166626,42.3672659],[-71.0166959,42.3672698],[-71.0167316,42.3672747],[-71.0167653,42.3672803],[-71.0167994,42.3672859],[-71.0168328,42.367292],[-71.0168665,42.3672988],[-71.0169013,42.3673064],[-71.0169355,42.3673139]]]]}},{"type":"Feature","properties":{"aeroway":"stand","ref":"Hardstand 14A","id":12292344241},"geometry":{"type":"Point","coordinates":[-71.0232502,42.357627]}},{"type":"Feature","properties":{"aeroway":"stand","ref":"Hardstand 14B","id":12292344242},"geometry":{"type":"Point","coordinates":[-71.0235211,42.357795]}},{"type":"Feature","properties":{"aeroway":"stand","ref":"Hardstand 14C","id":12292344243},"geometry":{"type":"Point","coordinates":[-71.023961,42.3579892]}},{"type":"Feature","properties":{"aeroway":"stand","ref":"Hardstand 14D","id":12292344244},"geometry":{"type":"Point","coordinates":[-71.0243955,42.3581785]}},{"type":"Feature","properties":{"aeroway":"stand","ref":"Hardstand 14E","id":12292344245},"geometry":{"type":"Point","coordinates":[-71.0248501,42.3583757]}},{"type":"Feature","properties":{"aeroway":"stand","ref":"Hardstand 14F","id":12292344246},"geometry":{"type":"Point","coordinates":[-71.02529,42.358568]}},{"type":"Feature","properties":{"aeroway":"stand","ref":"Hardstand 14G","id":12292344247},"geometry":{"type":"Point","coordinates":[-71.0265654,42.3576503]}},{"type":"Feature","properties":{"aeroway":"stand","ref":"Hardstand 14H","id":12292344248},"geometry":{"type":"Point","coordinates":[-71.0261296,42.3573332]}},{"type":"Feature","properties":{"aeroway":"stand","ref":"Hardstand 14I","id":12292344249},"geometry":{"type":"Point","coordinates":[-71.0257031,42.3571251]}},{"type":"Feature","properties":{"aeroway":"stand","ref":"Hardstand 14J","id":12292344250},"geometry":{"type":"Point","coordinates":[-71.0252753,42.3569199]}},{"type":"Feature","properties":{"aeroway":"stand","ref":"Hardstand 14K","id":12292344251},"geometry":{"type":"Point","coordinates":[-71.0248542,42.3567148]}},{"type":"Feature","properties":{"aeroway":"stand","ref":"Hardstand 14L","id":12292344252},"geometry":{"type":"Point","coordinates":[-71.0244304,42.3565077]}},{"type":"Feature","properties":{"aeroway":"stand","ref":"Hardstand 14M","id":12292344253},"geometry":{"type":"Point","coordinates":[-71.0240053,42.3562985]}},{"type":"Feature","properties":{"aeroway":"stand","ref":"NC13/H5","id":784930700},"geometry":{"type":"Point","coordinates":[-71.025797,42.3739546]}},{"type":"Feature","properties":{"aeroway":"stand","ref":"NC12A/H6","id":784930701},"geometry":{"type":"Point","coordinates":[-71.0246811,42.3732284]}},{"type":"Feature","properties":{"aeroway":"stand","ref":"NC12/H7","id":784930702},"geometry":{"type":"Point","coordinates":[-71.0243137,42.3734029]}},{"type":"Feature","properties":{"aeroway":"stand","ref":"C17","id":784930705},"geometry":{"type":"Point","coordinates":[-71.0155908,42.3685634]}},{"type":"Feature","properties":{"aeroway":"stand","ref":"C16","id":784930706},"geometry":{"type":"Point","coordinates":[-71.0158156,42.3684342]}},{"type":"Feature","properties":{"aeroway":"stand","ref":"B27W","id":784930708},"geometry":{"type":"Point","coordinates":[-71.0164732,42.3618427]}},{"type":"Feature","properties":{"aeroway":"stand","ref":"B28","id":784930709},"geometry":{"type":"Point","coordinates":[-71.0168373,42.3620073]}},{"type":"Feature","properties":{"aeroway":"stand","ref":"B30","id":784930710},"geometry":{"type":"Point","coordinates":[-71.0166244,42.3630273]}},{"type":"Feature","properties":{"aeroway":"stand","ref":"C33","id":784930714},"geometry":{"type":"Point","coordinates":[-71.0150301,42.3649454]}},{"type":"Feature","properties":{"aeroway":"stand","ref":"C29","id":784930715},"geometry":{"type":"Point","coordinates":[-71.0145694,42.3652381]}},{"type":"Feature","properties":{"aeroway":"stand","ref":"C32","id":784930717},"geometry":{"type":"Point","coordinates":[-71.0140893,42.3658342]}},{"type":"Feature","properties":{"aeroway":"stand","ref":"C36","id":784930719},"geometry":{"type":"Point","coordinates":[-71.0141472,42.3662818]}},{"type":"Feature","properties":{"aeroway":"stand","ref":"C26","id":784930721},"geometry":{"type":"Point","coordinates":[-71.0155422,42.3662703]}},{"type":"Feature","properties":{"aeroway":"stand","ref":"C14","id":784930722},"geometry":{"type":"Point","coordinates":[-71.0149588,42.3675292]}},{"type":"Feature","properties":{"aeroway":"stand","ref":"C22","id":784930723},"geometry":{"type":"Point","coordinates":[-71.0142253,42.3675221]}},{"type":"Feature","properties":{"aeroway":"stand","ref":"C21","id":784930724},"geometry":{"type":"Point","coordinates":[-71.0139991,42.3676328]}},{"type":"Feature","properties":{"aeroway":"stand","ref":"C20","id":784930725},"geometry":{"type":"Point","coordinates":[-71.0144807,42.3679454]}},{"type":"Feature","properties":{"aeroway":"stand","ref":"C19","id":784930726},"geometry":{"type":"Point","coordinates":[-71.0149956,42.3682708]}},{"type":"Feature","properties":{"aeroway":"stand","ref":"C18","id":784930727},"geometry":{"type":"Point","coordinates":[-71.0153189,42.3684988]}},{"type":"Feature","properties":{"aeroway":"stand","ref":"E12","id":784930732},"geometry":{"type":"Point","coordinates":[-71.0221498,42.3702955]}},{"type":"Feature","properties":{"aeroway":"stand","ref":"E9","id":784930734},"geometry":{"type":"Point","coordinates":[-71.0202094,42.3712398]}},{"type":"Feature","properties":{"aeroway":"stand","ref":"E8","id":784930736},"geometry":{"type":"Point","coordinates":[-71.0194847,42.3708784]}},{"type":"Feature","properties":{"aeroway":"stand","ref":"E7","id":784930737},"geometry":{"type":"Point","coordinates":[-71.0187708,42.370587]}},{"type":"Feature","properties":{"aeroway":"stand","ref":"E6","id":784930739},"geometry":{"type":"Point","coordinates":[-71.0180329,42.3702739]}},{"type":"Feature","properties":{"aeroway":"stand","ref":"E5","id":784930740},"geometry":{"type":"Point","coordinates":[-71.0176234,42.3701532]}},{"type":"Feature","properties":{"aeroway":"stand","ref":"B23","id":784930742},"geometry":{"type":"Point","coordinates":[-71.0172219,42.3605137]}},{"type":"Feature","properties":{"aeroway":"stand","ref":"B24","id":784930743},"geometry":{"type":"Point","coordinates":[-71.0170047,42.360962]}},{"type":"Feature","properties":{"aeroway":"stand","ref":"B25","id":784930744},"geometry":{"type":"Point","coordinates":[-71.0168021,42.3613492]}},{"type":"Feature","properties":{"aeroway":"stand","ref":"B31","id":784930746},"geometry":{"type":"Point","coordinates":[-71.0162134,42.3630463]}},{"type":"Feature","properties":{"aeroway":"stand","ref":"B35A","id":784930747},"geometry":{"type":"Point","coordinates":[-71.0167066,42.363766]}},{"type":"Feature","properties":{"aeroway":"stand","ref":"B36","id":784930750},"geometry":{"type":"Point","coordinates":[-71.0171625,42.3635615]}},{"type":"Feature","properties":{"aeroway":"stand","ref":"B38","id":784930752},"geometry":{"type":"Point","coordinates":[-71.0180488,42.3643553]}},{"type":"Feature","properties":{"aeroway":"stand","ref":"E11","id":1005982895},"geometry":{"type":"Point","coordinates":[-71.0213067,42.370722]}},{"type":"Feature","properties":{"aeroway":"stand","ref":"B22","id":1007902850},"geometry":{"type":"Point","coordinates":[-71.0171869,42.3600289]}},{"type":"Feature","properties":{"aeroway":"stand","ref":"B14","id":1007902859},"geometry":{"type":"Point","coordinates":[-71.0196478,42.3610075]}},{"type":"Feature","properties":{"aeroway":"stand","ref":"B7","id":1007902860},"geometry":{"type":"Point","coordinates":[-71.0208436,42.3613918]}},{"type":"Feature","properties":{"aeroway":"stand","ref":"B5","id":1007902861},"geometry":{"type":"Point","coordinates":[-71.0201025,42.3614892]}},{"type":"Feature","properties":{"aeroway":"stand","ref":"B8","id":1007902866},"geometry":{"type":"Point","coordinates":[-71.0213315,42.3620559]}},{"type":"Feature","properties":{"aeroway":"stand","ref":"B4","id":1007902868},"geometry":{"type":"Point","coordinates":[-71.0202511,42.3621617]}},{"type":"Feature","properties":{"aeroway":"stand","ref":"B3","id":1007902869},"geometry":{"type":"Point","coordinates":[-71.0203825,42.3627783]}},{"type":"Feature","properties":{"aeroway":"stand","ref":"B2","id":1007902870},"geometry":{"type":"Point","coordinates":[-71.020078,42.3630545]}},{"type":"Feature","properties":{"aeroway":"stand","ref":"B1","id":1007902871},"geometry":{"type":"Point","coordinates":[-71.0198317,42.3633695]}},{"type":"Feature","properties":{"aeroway":"stand","ref":"A11","id":1007902872},"geometry":{"type":"Point","coordinates":[-71.0205312,42.3639207]}},{"type":"Feature","properties":{"aeroway":"stand","ref":"A10","id":1007902873},"geometry":{"type":"Point","coordinates":[-71.0207737,42.3632313]}},{"type":"Feature","properties":{"aeroway":"stand","ref":"A9","id":1007902874},"geometry":{"type":"Point","coordinates":[-71.0213259,42.36308]}},{"type":"Feature","properties":{"aeroway":"stand","ref":"A8","id":1007902875},"geometry":{"type":"Point","coordinates":[-71.0218851,42.3633225]}},{"type":"Feature","properties":{"aeroway":"stand","ref":"A7","id":1007902877},"geometry":{"type":"Point","coordinates":[-71.0228812,42.3633301]}},{"type":"Feature","properties":{"aeroway":"stand","ref":"A6","id":1007902878},"geometry":{"type":"Point","coordinates":[-71.0229821,42.3633766]}},{"type":"Feature","properties":{"aeroway":"stand","ref":"A6A","id":1007902879},"geometry":{"type":"Point","coordinates":[-71.0232815,42.3636804]}},{"type":"Feature","properties":{"aeroway":"stand","ref":"A5","id":1007902880},"geometry":{"type":"Point","coordinates":[-71.0234465,42.3639099]}},{"type":"Feature","properties":{"aeroway":"stand","ref":"A4","id":1007902881},"geometry":{"type":"Point","coordinates":[-71.0237316,42.3643651]}},{"type":"Feature","properties":{"aeroway":"stand","ref":"A3","id":1007902882},"geometry":{"type":"Point","coordinates":[-71.0237059,42.3647562]}},{"type":"Feature","properties":{"aeroway":"stand","ref":"A2","id":1007902883},"geometry":{"type":"Point","coordinates":[-71.023824,42.3653494]}},{"type":"Feature","properties":{"aeroway":"stand","ref":"A1","id":1007902884},"geometry":{"type":"Point","coordinates":[-71.0237255,42.3656045]}},{"type":"Feature","properties":{"aeroway":"stand","ref":"A22","id":1007904691},"geometry":{"type":"Point","coordinates":[-71.0246033,42.3649771]}},{"type":"Feature","properties":{"aeroway":"stand","ref":"A21","id":1007904692},"geometry":{"type":"Point","coordinates":[-71.024601,42.364689]}},{"type":"Feature","properties":{"aeroway":"stand","ref":"A20","id":1007904693},"geometry":{"type":"Point","coordinates":[-71.024614,42.3642834]}},{"type":"Feature","properties":{"aeroway":"stand","ref":"A19","id":1007904694},"geometry":{"type":"Point","coordinates":[-71.0245478,42.3638811]}},{"type":"Feature","properties":{"aeroway":"stand","ref":"A19A","id":1007904695},"geometry":{"type":"Point","coordinates":[-71.0245896,42.3638183]}},{"type":"Feature","properties":{"aeroway":"stand","ref":"A18","id":1007904696},"geometry":{"type":"Point","coordinates":[-71.0244434,42.3634169]}},{"type":"Feature","properties":{"aeroway":"stand","ref":"A17","id":1007904697},"geometry":{"type":"Point","coordinates":[-71.0245074,42.3626838]}},{"type":"Feature","properties":{"aeroway":"stand","ref":"A16","id":1007904698},"geometry":{"type":"Point","coordinates":[-71.0246405,42.3622816]}},{"type":"Feature","properties":{"aeroway":"stand","ref":"A16A","id":1007904699},"geometry":{"type":"Point","coordinates":[-71.0246444,42.3622558]}},{"type":"Feature","properties":{"aeroway":"stand","ref":"A15","id":1007904700},"geometry":{"type":"Point","coordinates":[-71.0245719,42.3618912]}},{"type":"Feature","properties":{"aeroway":"stand","ref":"A14A","id":1007904701},"geometry":{"type":"Point","coordinates":[-71.0247622,42.3616419]}},{"type":"Feature","properties":{"aeroway":"stand","ref":"A14","id":1007904702},"geometry":{"type":"Point","coordinates":[-71.0245726,42.3615559]}},{"type":"Feature","properties":{"aeroway":"stand","ref":"A13","id":1007904703},"geometry":{"type":"Point","coordinates":[-71.0244325,42.3610729]}},{"type":"Feature","properties":{"aeroway":"stand","ref":"B27","id":1007909000},"geometry":{"type":"Point","coordinates":[-71.0163832,42.3619007]}},{"type":"Feature","properties":{"aeroway":"stand","ref":"B29","id":1007909001},"geometry":{"type":"Point","coordinates":[-71.0173151,42.3626834]}},{"type":"Feature","properties":{"aeroway":"stand","ref":"C12","id":1008253937},"geometry":{"type":"Point","coordinates":[-71.0153493,42.3673438]}},{"type":"Feature","properties":{"aeroway":"stand","ref":"C12","id":1008253938},"geometry":{"type":"Point","coordinates":[-71.0152212,42.3670717]}},{"type":"Feature","properties":{"aeroway":"stand","ref":"C18A","id":1008253939},"geometry":{"type":"Point","coordinates":[-71.0152126,42.3684984]}},{"type":"Feature","properties":{"aeroway":"stand","ref":"C15A","id":1008253940},"geometry":{"type":"Point","coordinates":[-71.0159199,42.368305]}},{"type":"Feature","properties":{"aeroway":"stand","ref":"C15","id":1008253941},"geometry":{"type":"Point","coordinates":[-71.0154679,42.3678213]}},{"type":"Feature","properties":{"aeroway":"stand","ref":"C11","id":1008253942},"geometry":{"type":"Point","coordinates":[-71.015969,42.3675101]}},{"type":"Feature","properties":{"aeroway":"stand","ref":"C10","id":1008253944},"geometry":{"type":"Point","coordinates":[-71.0168581,42.3675953]}},{"type":"Feature","properties":{"aeroway":"stand","ref":"C9","id":1008253945},"geometry":{"type":"Point","coordinates":[-71.0173863,42.3677174]}},{"type":"Feature","properties":{"aeroway":"stand","ref":"C8","id":1008253946},"geometry":{"type":"Point","coordinates":[-71.0178129,42.3680579]}},{"type":"Feature","properties":{"aeroway":"stand","ref":"C7","id":1008253947},"geometry":{"type":"Point","coordinates":[-71.0181792,42.3685464]}},{"type":"Feature","properties":{"aeroway":"stand","ref":"C6","id":1008253948},"geometry":{"type":"Point","coordinates":[-71.0179382,42.3690394]}},{"type":"Feature","properties":{"aeroway":"stand","ref":"E3","id":1008253949},"geometry":{"type":"Point","coordinates":[-71.0173978,42.3695814]}},{"type":"Feature","properties":{"aeroway":"stand","ref":"E4","id":1008253950},"geometry":{"type":"Point","coordinates":[-71.017324,42.3698842]}},{"type":"Feature","properties":{"aeroway":"stand","ref":"E10","id":1008253957},"geometry":{"type":"Point","coordinates":[-71.0208539,42.3712247]}},{"type":"Feature","properties":{"aeroway":"stand","ref":"E13","id":1008253958},"geometry":{"type":"Point","coordinates":[-71.0237625,42.3703408]}},{"type":"Feature","properties":{"aeroway":"stand","ref":"H1","id":1008255550},"geometry":{"type":"Point","coordinates":[-71.0250677,42.3741052]}},{"type":"Feature","properties":{"aeroway":"stand","ref":"H2","id":1008255551},"geometry":{"type":"Point","coordinates":[-71.0248533,42.3739679]}},{"type":"Feature","properties":{"aeroway":"stand","ref":"H3","id":1008255552},"geometry":{"type":"Point","coordinates":[-71.0246367,42.3738292]}},{"type":"Feature","properties":{"aeroway":"stand","ref":"NC13A/H4","id":1008255553},"geometry":{"type":"Point","coordinates":[-71.0254501,42.3740389]}},{"type":"Feature","properties":{"aeroway":"stand","ref":"NC14","id":1008255554},"geometry":{"type":"Point","coordinates":[-71.0262753,42.3744103]}},{"type":"Feature","properties":{"aeroway":"stand","ref":"NC15","id":1008255555},"geometry":{"type":"Point","coordinates":[-71.0269951,42.3745036]}},{"type":"Feature","properties":{"aeroway":"stand","ref":"D1","id":1008257949},"geometry":{"type":"Point","coordinates":[-71.0190209,42.3563663]}},{"type":"Feature","properties":{"aeroway":"stand","ref":"D2","id":1008257950},"geometry":{"type":"Point","coordinates":[-71.0185283,42.3561846]}},{"type":"Feature","properties":{"aeroway":"stand","ref":"D3","id":1008257951},"geometry":{"type":"Point","coordinates":[-71.0175875,42.3563687]}},{"type":"Feature","properties":{"aeroway":"stand","ref":"J1","id":1029462027},"geometry":{"type":"Point","coordinates":[-71.0223132,42.356451]}},{"type":"Feature","properties":{"aeroway":"stand","ref":"J2","id":1029462028},"geometry":{"type":"Point","coordinates":[-71.0218701,42.3561937]}},{"type":"Feature","properties":{"aeroway":"stand","ref":"J3","id":1029462029},"geometry":{"type":"Point","coordinates":[-71.0214127,42.3559491]}},{"type":"Feature","properties":{"aeroway":"stand","ref":"J4","id":1029462030},"geometry":{"type":"Point","coordinates":[-71.020957,42.3557066]}},{"type":"Feature","properties":{"aeroway":"stand","ref":"J5","id":1029462031},"geometry":{"type":"Point","coordinates":[-71.0204967,42.3554663]}},{"type":"Feature","properties":{"aeroway":"stand","ref":"B8X","id":1029462329},"geometry":{"type":"Point","coordinates":[-71.0212512,42.3620227]}},{"type":"Feature","properties":{"aeroway":"stand","ref":"NC17","id":1029463247},"geometry":{"type":"Point","coordinates":[-71.026655,42.3725207]}},{"type":"Feature","properties":{"aeroway":"stand","ref":"NC19","id":1029463248},"geometry":{"type":"Point","coordinates":[-71.0272305,42.3728778]}},{"type":"Feature","properties":{"aeroway":"stand","ref":"E15","id":1033234151},"geometry":{"type":"Point","coordinates":[-71.0251909,42.371248]}},{"type":"Feature","properties":{"aeroway":"stand","ref":"E14","id":1033234152},"geometry":{"type":"Point","coordinates":[-71.0246098,42.370769]}},{"type":"Feature","properties":{"aeroway":"stand","ref":"NC1","id":1033234763},"geometry":{"type":"Point","coordinates":[-71.0221157,42.3731262]}},{"type":"Feature","properties":{"aeroway":"stand","ref":"NC2","id":1033234764},"geometry":{"type":"Point","coordinates":[-71.0219102,42.3729865]}},{"type":"Feature","properties":{"aeroway":"stand","ref":"NC3A","id":1033234765},"geometry":{"type":"Point","coordinates":[-71.0222161,42.3732142]}},{"type":"Feature","properties":{"aeroway":"stand","ref":"NC3","id":1033234766},"geometry":{"type":"Point","coordinates":[-71.0221857,42.3728408]}},{"type":"Feature","properties":{"aeroway":"stand","ref":"NC4","id":1033234767},"geometry":{"type":"Point","coordinates":[-71.0225424,42.3725703]}},{"type":"Feature","properties":{"aeroway":"stand","ref":"NC4A","id":1033234768},"geometry":{"type":"Point","coordinates":[-71.0229193,42.3726912]}},{"type":"Feature","properties":{"aeroway":"stand","ref":"NC5","id":1033234769},"geometry":{"type":"Point","coordinates":[-71.0228785,42.3722854]}},{"type":"Feature","properties":{"aeroway":"stand","ref":"NC8","id":1033234770},"geometry":{"type":"Point","coordinates":[-71.02339,42.3724723]}},{"type":"Feature","properties":{"aeroway":"stand","ref":"NC9","id":1033236381},"geometry":{"type":"Point","coordinates":[-71.0230766,42.3725693]}},{"type":"Feature","properties":{"aeroway":"stand","ref":"NC10","id":1033236382},"geometry":{"type":"Point","coordinates":[-71.0225083,42.3727733]}},{"type":"Feature","properties":{"aeroway":"stand","ref":"NC6","id":1033250383},"geometry":{"type":"Point","coordinates":[-71.0231674,42.3722185]}},{"type":"Feature","properties":{"aeroway":"stand","ref":"NC11","id":1033597502},"geometry":{"type":"Point","coordinates":[-71.0240377,42.3736688]}},{"type":"Feature","properties":{"aeroway":"stand","ref":"SC8","id":1033626976},"geometry":{"type":"Point","coordinates":[-71.0231711,42.3595197]}},{"type":"Feature","properties":{"aeroway":"stand","ref":"SC9","id":1033626977},"geometry":{"type":"Point","coordinates":[-71.022407,42.3591656]}},{"type":"Feature","properties":{"aeroway":"stand","ref":"SC10","id":1033626978},"geometry":{"type":"Point","coordinates":[-71.0215982,42.358815]}},{"type":"Feature","properties":{"aeroway":"stand","ref":"SC11","id":1033626979},"geometry":{"type":"Point","coordinates":[-71.0210547,42.3583202]}},{"type":"Feature","properties":{"aeroway":"stand","ref":"SC12","id":1033626980},"geometry":{"type":"Point","coordinates":[-71.0202503,42.3583355]}},{"type":"Feature","properties":{"aeroway":"stand","ref":"SC13","id":1033626981},"geometry":{"type":"Point","coordinates":[-71.0195703,42.3578745]}},{"type":"Feature","properties":{"aeroway":"stand","ref":"E16","id":1049442837},"geometry":{"type":"Point","coordinates":[-71.0248291,42.3725226]}},{"type":"Feature","properties":{"aeroway":"stand","ref":"NC6A","id":1049444267},"geometry":{"type":"Point","coordinates":[-71.0231783,42.372323]}},{"type":"Feature","properties":{"aeroway":"stand","ref":"SC13B","id":1049448096},"geometry":{"type":"Point","coordinates":[-71.0195525,42.3582168]}},{"type":"Feature","properties":{"aeroway":"stand","ref":"SC13A","id":1049448097},"geometry":{"type":"Point","coordinates":[-71.0191791,42.3580355]}},{"type":"Feature","properties":{"aeroway":"stand","ref":"B23A 7773","id":1049451052},"geometry":{"type":"Point","coordinates":[-71.0165191,42.3603464]}},{"type":"Feature","properties":{"aeroway":"stand","ref":"E16A","id":1247032130},"geometry":{"type":"Point","coordinates":[-71.0256318,42.371747]}},{"type":"Feature","properties":{"aeroway":"stand","ref":"E15B","id":1247032131},"geometry":{"type":"Point","coordinates":[-71.0246682,42.3724008]}},{"type":"Feature","properties":{"aeroway":"stand","ref":"E15A","id":1247032132},"geometry":{"type":"Point","coordinates":[-71.0240174,42.3719089]}},{"type":"Feature","properties":{"aeroway":"stand","ref":"E14B","id":1247032133},"geometry":{"type":"Point","coordinates":[-71.023654,42.3716322]}},{"type":"Feature","properties":{"aeroway":"stand","ref":"E14A","id":1247032134},"geometry":{"type":"Point","coordinates":[-71.0228471,42.3714008]}},{"type":"Feature","properties":{"aeroway":"stand","ref":"C25","id":1247032139},"geometry":{"type":"Point","coordinates":[-71.0158419,42.3657431]}},{"type":"Feature","properties":{"aeroway":"stand","ref":"B29","id":1263596755},"geometry":{"type":"Point","coordinates":[-71.0165788,42.3624787]}},{"type":"Feature","properties":{"aeroway":"stand","ref":"B29","id":1263596756},"geometry":{"type":"Point","coordinates":[-71.017045,42.3624648]}},{"type":"Feature","properties":{"aeroway":"stand","ref":"B30 737 8/9","id":1263596757},"geometry":{"type":"Point","coordinates":[-71.0166231,42.3625482]}},{"type":"Feature","properties":{"aeroway":"stand","ref":null,"id":1291157838},"geometry":{"type":"Point","coordinates":[-71.0261236,42.3721952]}},{"type":"Feature","properties":{"aeroway":"stand","ref":"B6","id":1414759872},"geometry":{"type":"Point","coordinates":[-71.0209729,42.3624885]}},{"type":"Feature","properties":{"aeroway":"stand","ref":"B10","id":1414759875},"geometry":{"type":"Point","coordinates":[-71.0216668,42.3618818]}},{"type":"Feature","properties":{"aeroway":"stand","ref":"B12","id":1414759876},"geometry":{"type":"Point","coordinates":[-71.0217883,42.3616461]}},{"type":"Feature","properties":{"aeroway":"stand","ref":"B11","id":1414759877},"geometry":{"type":"Point","coordinates":[-71.0219792,42.3613414]}},{"type":"Feature","properties":{"aeroway":"stand","ref":"B9","id":1414759878},"geometry":{"type":"Point","coordinates":[-71.0211277,42.3613408]}},{"type":"Feature","properties":{"aeroway":"stand","ref":"B15","id":1414759881},"geometry":{"type":"Point","coordinates":[-71.0197812,42.3606797]}},{"type":"Feature","properties":{"aeroway":"stand","ref":"B16","id":1414759882},"geometry":{"type":"Point","coordinates":[-71.0194789,42.360622]}},{"type":"Feature","properties":{"aeroway":"stand","ref":"B17","id":1414759883},"geometry":{"type":"Point","coordinates":[-71.0190007,42.3604995]}},{"type":"Feature","properties":{"aeroway":"stand","ref":"B18","id":1414759884},"geometry":{"type":"Point","coordinates":[-71.0186147,42.3602698]}},{"type":"Feature","properties":{"aeroway":"stand","ref":"B19","id":1414759885},"geometry":{"type":"Point","coordinates":[-71.0182501,42.3600732]}},{"type":"Feature","properties":{"aeroway":"stand","ref":"B20","id":1414759886},"geometry":{"type":"Point","coordinates":[-71.0178641,42.3599245]}},{"type":"Feature","properties":{"aeroway":"stand","ref":"B21","id":1414759887},"geometry":{"type":"Point","coordinates":[-71.0174232,42.3595869]}},{"type":"Feature","properties":{"aeroway":"stand","ref":"B22A","id":1414759888},"geometry":{"type":"Point","coordinates":[-71.0170535,42.359816]}},{"type":"Feature","properties":{"aeroway":"stand","ref":"B22B","id":1414759890},"geometry":{"type":"Point","coordinates":[-71.0169012,42.3599933]}},{"type":"Feature","properties":{"aeroway":"stand","ref":"B26","id":1414759895},"geometry":{"type":"Point","coordinates":[-71.0163286,42.3616581]}},{"type":"Feature","properties":{"aeroway":"stand","ref":"B31A","id":1414759900},"geometry":{"type":"Point","coordinates":[-71.0156383,42.3630202]}},{"type":"Feature","properties":{"aeroway":"stand","ref":"B32","id":1414759901},"geometry":{"type":"Point","coordinates":[-71.0156426,42.3633015]}},{"type":"Feature","properties":{"aeroway":"stand","ref":"B33","id":1414759902},"geometry":{"type":"Point","coordinates":[-71.0155463,42.3635798]}},{"type":"Feature","properties":{"aeroway":"stand","ref":"B34","id":1414759903},"geometry":{"type":"Point","coordinates":[-71.0159215,42.363732]}},{"type":"Feature","properties":{"aeroway":"stand","ref":"B35","id":1414759904},"geometry":{"type":"Point","coordinates":[-71.0162693,42.3638785]}},{"type":"Feature","properties":{"aeroway":"stand","ref":"B37","id":1414759907},"geometry":{"type":"Point","coordinates":[-71.0179203,42.3638497]}},{"type":"Feature","properties":{"aeroway":"stand","ref":"C27","id":1414759908},"geometry":{"type":"Point","coordinates":[-71.0153843,42.3655573]}},{"type":"Feature","properties":{"aeroway":"stand","ref":"C23","id":1414759909},"geometry":{"type":"Point","coordinates":[-71.0167567,42.3651618]}},{"type":"Feature","properties":{"aeroway":"stand","ref":"C24","id":1414759910},"geometry":{"type":"Point","coordinates":[-71.0165051,42.3652586]}},{"type":"Feature","properties":{"aeroway":"stand","ref":"C23A","id":1414759912},"geometry":{"type":"Point","coordinates":[-71.0170734,42.3647405]}},{"type":"Feature","properties":{"aeroway":"stand","ref":"B39","id":1414759913},"geometry":{"type":"Point","coordinates":[-71.0173609,42.3645531]}},{"type":"Feature","properties":{"aeroway":"stand","ref":"C31","id":1414759917},"geometry":{"type":"Point","coordinates":[-71.0147396,42.3649349]}},{"type":"Feature","properties":{"aeroway":"stand","ref":"C30","id":1414759919},"geometry":{"type":"Point","coordinates":[-71.0142225,42.3656352]}},{"type":"Feature","properties":{"aeroway":"stand","ref":"C34","id":1414759921},"geometry":{"type":"Point","coordinates":[-71.0138899,42.3661364]}},{"type":"Feature","properties":{"aeroway":"stand","ref":"C28","id":1414759923},"geometry":{"type":"Point","coordinates":[-71.0148619,42.3659746]}},{"type":"Feature","properties":{"aeroway":null,"supplement":true,"amenity":"fire_station","emergency":null,"man_made":null,"name":"Winthrop Fire Department","operator":null,"id":257494501,"osm_type":"node"},"geometry":{"type":"Point","coordinates":[-70.9718419,42.3741185]}},{"type":"Feature","properties":{"aeroway":null,"supplement":true,"amenity":"fire_station","emergency":null,"man_made":null,"name":"Revere Fire Department","operator":null,"id":257494508,"osm_type":"node"},"geometry":{"type":"Point","coordinates":[-71.0124182,42.41052]}},{"type":"Feature","properties":{"aeroway":null,"supplement":true,"amenity":"fire_station","emergency":null,"man_made":null,"name":"Boston Fire Department Engine 5","operator":null,"id":257494512,"osm_type":"node"},"geometry":{"type":"Point","coordinates":[-71.0302213,42.3791]}},{"type":"Feature","properties":{"aeroway":null,"supplement":true,"amenity":"fire_station","emergency":null,"man_made":null,"name":"Boston Fire Department Engine 10","operator":null,"id":257494627,"osm_type":"node"},"geometry":{"type":"Point","coordinates":[-71.0529122,42.3549685]}},{"type":"Feature","properties":{"aeroway":null,"supplement":true,"amenity":"fire_station","emergency":null,"man_made":null,"name":"Boston Fire Department Engine 2, Ladder 19","operator":null,"id":257494684,"osm_type":"node"},"geometry":{"type":"Point","coordinates":[-71.0371376,42.3349826]}},{"type":"Feature","properties":{"aeroway":null,"supplement":true,"amenity":"fire_station","emergency":null,"man_made":null,"name":"Everett Fire Department","operator":null,"id":257494735,"osm_type":"node"},"geometry":{"type":"Point","coordinates":[-71.0541774,42.4121097]}},{"type":"Feature","properties":{"aeroway":null,"supplement":true,"amenity":"fire_station","emergency":null,"man_made":null,"name":"Chelsea Fire Department","operator":null,"id":257494807,"osm_type":"node"},"geometry":{"type":"Point","coordinates":[-71.0226139,42.3990619]}},{"type":"Feature","properties":{"aeroway":null,"supplement":true,"amenity":"fire_station","emergency":null,"man_made":null,"name":"Massport Fire-Rescue Headquarters","operator":"Massport Fire-Rescue","id":257495177,"osm_type":"node"},"geometry":{"type":"Point","coordinates":[-71.0177962,42.3574557]}},{"type":"Feature","properties":{"aeroway":null,"supplement":true,"amenity":"fire_station","emergency":null,"man_made":null,"name":"Winthrop Fire Department","operator":null,"id":257495260,"osm_type":"node"},"geometry":{"type":"Point","coordinates":[-70.985364,42.3765251]}},{"type":"Feature","properties":{"aeroway":null,"supplement":true,"amenity":"fire_station","emergency":null,"man_made":null,"name":"Boston Fire Department Engine 39, Ladder 18","operator":null,"id":257495270,"osm_type":"node"},"geometry":{"type":"Point","coordinates":[-71.0505004,42.3396213]}},{"type":"Feature","properties":{"aeroway":null,"supplement":true,"amenity":"fire_station","emergency":null,"man_made":null,"name":"Massport Fire-Rescue Satellite Station","operator":null,"id":1249785465,"osm_type":"node"},"geometry":{"type":"Point","coordinates":[-71.0022532,42.3651324]}},{"type":"Feature","properties":{"aeroway":null,"supplement":true,"amenity":"fire_station","emergency":null,"man_made":null,"name":"Prattville Fire Station","operator":null,"id":4693105554,"osm_type":"node"},"geometry":{"type":"Point","coordinates":[-71.0344383,42.4050269]}},{"type":"Feature","properties":{"aeroway":null,"supplement":true,"amenity":"fire_station","emergency":null,"man_made":null,"name":"Boston Fire Department Marine Unit","operator":"Boston Fire Department","id":7633046991,"osm_type":"node"},"geometry":{"type":"Point","coordinates":[-71.049326,42.3667019]}},{"type":"Feature","properties":{"aeroway":null,"supplement":true,"amenity":null,"emergency":null,"man_made":"storage_tank","name":null,"operator":null,"id":29519557,"osm_type":"way"},"geometry":{"type":"Point","coordinates":[-71.0589945,42.392713]}},{"type":"Feature","properties":{"aeroway":null,"supplement":true,"amenity":null,"emergency":null,"man_made":"storage_tank","name":null,"operator":null,"id":29519623,"osm_type":"way"},"geometry":{"type":"Point","coordinates":[-71.0065801,42.3956152]}},{"type":"Feature","properties":{"aeroway":null,"supplement":true,"amenity":null,"emergency":null,"man_made":"storage_tank","name":null,"operator":null,"id":29519744,"osm_type":"way"},"geometry":{"type":"Point","coordinates":[-71.0217474,42.3916852]}},{"type":"Feature","properties":{"aeroway":null,"supplement":true,"amenity":null,"emergency":null,"man_made":"storage_tank","name":null,"operator":null,"id":29520160,"osm_type":"way"},"geometry":{"type":"Point","coordinates":[-71.0455588,42.3863003]}},{"type":"Feature","properties":{"aeroway":null,"supplement":true,"amenity":null,"emergency":null,"man_made":"storage_tank","name":null,"operator":null,"id":29520177,"osm_type":"way"},"geometry":{"type":"Point","coordinates":[-71.0452455,42.3862553]}},{"type":"Feature","properties":{"aeroway":null,"supplement":true,"amenity":null,"emergency":null,"man_made":"storage_tank","name":null,"operator":null,"id":29520189,"osm_type":"way"},"geometry":{"type":"Point","coordinates":[-71.0448802,42.3859088]}},{"type":"Feature","properties":{"aeroway":null,"supplement":true,"amenity":null,"emergency":null,"man_made":"storage_tank","name":null,"operator":null,"id":29520250,"osm_type":"way"},"geometry":{"type":"Point","coordinates":[-71.0245526,42.3843774]}},{"type":"Feature","properties":{"aeroway":null,"supplement":true,"amenity":null,"emergency":null,"man_made":"storage_tank","name":null,"operator":null,"id":29520289,"osm_type":"way"},"geometry":{"type":"Point","coordinates":[-71.0241291,42.3837302]}},{"type":"Feature","properties":{"aeroway":null,"supplement":true,"amenity":null,"emergency":null,"man_made":"storage_tank","name":null,"operator":null,"id":29520307,"osm_type":"way"},"geometry":{"type":"Point","coordinates":[-71.0241506,42.3835174]}},{"type":"Feature","properties":{"aeroway":null,"supplement":true,"amenity":null,"emergency":null,"man_made":"storage_tank","name":null,"operator":null,"id":29520339,"osm_type":"way"},"geometry":{"type":"Point","coordinates":[-71.0234009,42.3826428]}},{"type":"Feature","properties":{"aeroway":null,"supplement":true,"amenity":null,"emergency":null,"man_made":"storage_tank","name":null,"operator":null,"id":29520372,"osm_type":"way"},"geometry":{"type":"Point","coordinates":[-71.0245211,42.3827262]}},{"type":"Feature","properties":{"aeroway":null,"supplement":true,"amenity":null,"emergency":null,"man_made":"storage_tank","name":null,"operator":null,"id":29520759,"osm_type":"way"},"geometry":{"type":"Point","coordinates":[-71.0263666,42.3770823]}},{"type":"Feature","properties":{"aeroway":null,"supplement":true,"amenity":null,"emergency":null,"man_made":"storage_tank","name":null,"operator":null,"id":29520781,"osm_type":"way"},"geometry":{"type":"Point","coordinates":[-71.0261083,42.3768915]}},{"type":"Feature","properties":{"aeroway":null,"supplement":true,"amenity":null,"emergency":null,"man_made":"storage_tank","name":null,"operator":null,"id":29529352,"osm_type":"way"},"geometry":{"type":"Point","coordinates":[-70.9651893,42.321966]}},{"type":"Feature","properties":{"aeroway":null,"supplement":true,"amenity":null,"emergency":null,"man_made":"storage_tank","name":null,"operator":null,"id":29529409,"osm_type":"way"},"geometry":{"type":"Point","coordinates":[-70.962643,42.3521661]}},{"type":"Feature","properties":{"aeroway":null,"supplement":true,"amenity":null,"emergency":null,"man_made":"storage_tank","name":null,"operator":null,"id":29537434,"osm_type":"way"},"geometry":{"type":"Point","coordinates":[-71.0590324,42.3919592]}},{"type":"Feature","properties":{"aeroway":null,"supplement":true,"amenity":null,"emergency":null,"man_made":"storage_tank","name":null,"operator":null,"id":29616166,"osm_type":"way"},"geometry":{"type":"Point","coordinates":[-71.0068052,42.3967186]}},{"type":"Feature","properties":{"aeroway":null,"supplement":true,"amenity":null,"emergency":null,"man_made":"storage_tank","name":null,"operator":null,"id":29616961,"osm_type":"way"},"geometry":{"type":"Point","coordinates":[-71.0252616,42.3824216]}},{"type":"Feature","properties":{"aeroway":null,"supplement":true,"amenity":null,"emergency":null,"man_made":"storage_tank","name":null,"operator":null,"id":29617145,"osm_type":"way"},"geometry":{"type":"Point","coordinates":[-71.0452397,42.3860205]}},{"type":"Feature","properties":{"aeroway":null,"supplement":true,"amenity":null,"emergency":null,"man_made":"storage_tank","name":null,"operator":null,"id":29617263,"osm_type":"way"},"geometry":{"type":"Point","coordinates":[-71.0229662,42.3830045]}},{"type":"Feature","properties":{"aeroway":null,"supplement":true,"amenity":null,"emergency":null,"man_made":"storage_tank","name":null,"operator":null,"id":29617799,"osm_type":"way"},"geometry":{"type":"Point","coordinates":[-71.0060298,42.3970142]}},{"type":"Feature","properties":{"aeroway":null,"supplement":true,"amenity":null,"emergency":null,"man_made":"storage_tank","name":null,"operator":null,"id":29618763,"osm_type":"way"},"geometry":{"type":"Point","coordinates":[-71.0052685,42.3966138]}},{"type":"Feature","properties":{"aeroway":null,"supplement":true,"amenity":null,"emergency":null,"man_made":"storage_tank","name":null,"operator":null,"id":29619227,"osm_type":"way"},"geometry":{"type":"Point","coordinates":[-71.0251879,42.3837183]}},{"type":"Feature","properties":{"aeroway":null,"supplement":true,"amenity":null,"emergency":null,"man_made":"storage_tank","name":null,"operator":null,"id":29623253,"osm_type":"way"},"geometry":{"type":"Point","coordinates":[-71.0245336,42.3825177]}},{"type":"Feature","properties":{"aeroway":null,"supplement":true,"amenity":null,"emergency":null,"man_made":"storage_tank","name":null,"operator":null,"id":29625097,"osm_type":"way"},"geometry":{"type":"Point","coordinates":[-71.0197239,42.3919766]}},{"type":"Feature","properties":{"aeroway":null,"supplement":true,"amenity":null,"emergency":null,"man_made":"storage_tank","name":null,"operator":null,"id":29626568,"osm_type":"way"},"geometry":{"type":"Point","coordinates":[-71.0067049,42.3981505]}},{"type":"Feature","properties":{"aeroway":null,"supplement":true,"amenity":null,"emergency":null,"man_made":"storage_tank","name":null,"operator":null,"id":29626810,"osm_type":"way"},"geometry":{"type":"Point","coordinates":[-71.0037378,42.3958263]}},{"type":"Feature","properties":{"aeroway":null,"supplement":true,"amenity":null,"emergency":null,"man_made":"storage_tank","name":null,"operator":null,"id":29660965,"osm_type":"way"},"geometry":{"type":"Point","coordinates":[-71.0051191,42.3956409]}},{"type":"Feature","properties":{"aeroway":null,"supplement":true,"amenity":null,"emergency":null,"man_made":"storage_tank","name":null,"operator":null,"id":29661001,"osm_type":"way"},"geometry":{"type":"Point","coordinates":[-71.0215013,42.3929431]}},{"type":"Feature","properties":{"aeroway":null,"supplement":true,"amenity":null,"emergency":null,"man_made":"storage_tank","name":null,"operator":null,"id":29661038,"osm_type":"way"},"geometry":{"type":"Point","coordinates":[-71.0189165,42.3919167]}},{"type":"Feature","properties":{"aeroway":null,"supplement":true,"amenity":null,"emergency":null,"man_made":"storage_tank","name":null,"operator":null,"id":29661294,"osm_type":"way"},"geometry":{"type":"Point","coordinates":[-71.0256178,42.3832384]}},{"type":"Feature","properties":{"aeroway":null,"supplement":true,"amenity":null,"emergency":null,"man_made":"storage_tank","name":null,"operator":null,"id":29661311,"osm_type":"way"},"geometry":{"type":"Point","coordinates":[-71.0240963,42.3828586]}},{"type":"Feature","properties":{"aeroway":null,"supplement":true,"amenity":null,"emergency":null,"man_made":"storage_tank","name":null,"operator":null,"id":29718615,"osm_type":"way"},"geometry":{"type":"Point","coordinates":[-71.0554839,42.3901772]}},{"type":"Feature","properties":{"aeroway":null,"supplement":true,"amenity":null,"emergency":null,"man_made":"storage_tank","name":null,"operator":null,"id":29763716,"osm_type":"way"},"geometry":{"type":"Point","coordinates":[-71.0059954,42.3977758]}},{"type":"Feature","properties":{"aeroway":null,"supplement":true,"amenity":null,"emergency":null,"man_made":"storage_tank","name":null,"operator":null,"id":29763875,"osm_type":"way"},"geometry":{"type":"Point","coordinates":[-71.0056172,42.395101]}},{"type":"Feature","properties":{"aeroway":null,"supplement":true,"amenity":null,"emergency":null,"man_made":"storage_tank","name":null,"operator":null,"id":29763978,"osm_type":"way"},"geometry":{"type":"Point","coordinates":[-71.0198679,42.3925416]}},{"type":"Feature","properties":{"aeroway":null,"supplement":true,"amenity":null,"emergency":null,"man_made":"storage_tank","name":null,"operator":null,"id":29764016,"osm_type":"way"},"geometry":{"type":"Point","coordinates":[-71.0203423,42.3921538]}},{"type":"Feature","properties":{"aeroway":null,"supplement":true,"amenity":null,"emergency":null,"man_made":"storage_tank","name":null,"operator":null,"id":29764420,"osm_type":"way"},"geometry":{"type":"Point","coordinates":[-71.0439136,42.3863559]}},{"type":"Feature","properties":{"aeroway":null,"supplement":true,"amenity":null,"emergency":null,"man_made":"storage_tank","name":null,"operator":null,"id":29764453,"osm_type":"way"},"geometry":{"type":"Point","coordinates":[-71.0437327,42.385385]}},{"type":"Feature","properties":{"aeroway":null,"supplement":true,"amenity":null,"emergency":null,"man_made":"storage_tank","name":null,"operator":null,"id":29764516,"osm_type":"way"},"geometry":{"type":"Point","coordinates":[-71.0248573,42.3832086]}},{"type":"Feature","properties":{"aeroway":null,"supplement":true,"amenity":null,"emergency":null,"man_made":"storage_tank","name":null,"operator":null,"id":29771249,"osm_type":"way"},"geometry":{"type":"Point","coordinates":[-70.9634586,42.3534162]}},{"type":"Feature","properties":{"aeroway":null,"supplement":true,"amenity":null,"emergency":null,"man_made":"storage_tank","name":null,"operator":null,"id":29833831,"osm_type":"way"},"geometry":{"type":"Point","coordinates":[-71.0045303,42.3970241]}},{"type":"Feature","properties":{"aeroway":null,"supplement":true,"amenity":null,"emergency":null,"man_made":"storage_tank","name":null,"operator":null,"id":29834138,"osm_type":"way"},"geometry":{"type":"Point","coordinates":[-71.0060964,42.3961582]}},{"type":"Feature","properties":{"aeroway":null,"supplement":true,"amenity":null,"emergency":null,"man_made":"storage_tank","name":null,"operator":null,"id":29834172,"osm_type":"way"},"geometry":{"type":"Point","coordinates":[-71.0201024,42.3938657]}},{"type":"Feature","properties":{"aeroway":null,"supplement":true,"amenity":null,"emergency":null,"man_made":"storage_tank","name":null,"operator":null,"id":29834187,"osm_type":"way"},"geometry":{"type":"Point","coordinates":[-71.0187019,42.39374]}},{"type":"Feature","properties":{"aeroway":null,"supplement":true,"amenity":null,"emergency":null,"man_made":"storage_tank","name":null,"operator":null,"id":29834242,"osm_type":"way"},"geometry":{"type":"Point","coordinates":[-71.0207517,42.391505]}},{"type":"Feature","properties":{"aeroway":null,"supplement":true,"amenity":null,"emergency":null,"man_made":"storage_tank","name":null,"operator":null,"id":29834461,"osm_type":"way"},"geometry":{"type":"Point","coordinates":[-71.0438115,42.3858553]}},{"type":"Feature","properties":{"aeroway":null,"supplement":true,"amenity":null,"emergency":null,"man_made":"storage_tank","name":null,"operator":null,"id":29834512,"osm_type":"way"},"geometry":{"type":"Point","coordinates":[-71.0221023,42.3840396]}},{"type":"Feature","properties":{"aeroway":null,"supplement":true,"amenity":null,"emergency":null,"man_made":"storage_tank","name":null,"operator":null,"id":29834586,"osm_type":"way"},"geometry":{"type":"Point","coordinates":[-71.0258049,42.3836562]}},{"type":"Feature","properties":{"aeroway":null,"supplement":true,"amenity":null,"emergency":null,"man_made":"storage_tank","name":null,"operator":null,"id":29835006,"osm_type":"way"},"geometry":{"type":"Point","coordinates":[-71.0251748,42.3759596]}},{"type":"Feature","properties":{"aeroway":null,"supplement":true,"amenity":"fire_station","emergency":null,"man_made":null,"name":"Everett Fire Department","operator":"City of Everett","id":29837473,"osm_type":"way"},"geometry":{"type":"Point","coordinates":[-71.0453855,42.4122382]}},{"type":"Feature","properties":{"aeroway":null,"supplement":true,"amenity":"fire_station","emergency":null,"man_made":null,"name":"Engine Number 1 Fire Station","operator":"Chelsea Fire Department","id":29838330,"osm_type":"way"},"geometry":{"type":"Point","coordinates":[-71.0344391,42.4050438]}},{"type":"Feature","properties":{"aeroway":null,"supplement":true,"amenity":null,"emergency":null,"man_made":"storage_tank","name":null,"operator":null,"id":29842052,"osm_type":"way"},"geometry":{"type":"Point","coordinates":[-70.9631667,42.3535706]}},{"type":"Feature","properties":{"aeroway":null,"supplement":true,"amenity":null,"emergency":null,"man_made":"storage_tank","name":null,"operator":null,"id":29842055,"osm_type":"way"},"geometry":{"type":"Point","coordinates":[-70.9624656,42.3522401]}},{"type":"Feature","properties":{"aeroway":null,"supplement":true,"amenity":null,"emergency":null,"man_made":"storage_tank","name":null,"operator":null,"id":29848767,"osm_type":"way"},"geometry":{"type":"Point","coordinates":[-71.0052488,42.3973971]}},{"type":"Feature","properties":{"aeroway":null,"supplement":true,"amenity":null,"emergency":null,"man_made":"storage_tank","name":null,"operator":null,"id":29848772,"osm_type":"way"},"geometry":{"type":"Point","coordinates":[-71.0067724,42.3974113]}},{"type":"Feature","properties":{"aeroway":null,"supplement":true,"amenity":null,"emergency":null,"man_made":"storage_tank","name":null,"operator":null,"id":29848834,"osm_type":"way"},"geometry":{"type":"Point","coordinates":[-71.0074859,42.3960067]}},{"type":"Feature","properties":{"aeroway":null,"supplement":true,"amenity":null,"emergency":null,"man_made":"storage_tank","name":null,"operator":null,"id":29848880,"osm_type":"way"},"geometry":{"type":"Point","coordinates":[-71.005741,42.3944207]}},{"type":"Feature","properties":{"aeroway":null,"supplement":true,"amenity":null,"emergency":null,"man_made":"storage_tank","name":null,"operator":null,"id":29848915,"osm_type":"way"},"geometry":{"type":"Point","coordinates":[-71.0205918,42.3935269]}},{"type":"Feature","properties":{"aeroway":null,"supplement":true,"amenity":null,"emergency":null,"man_made":"storage_tank","name":null,"operator":null,"id":29848964,"osm_type":"way"},"geometry":{"type":"Point","coordinates":[-71.0210587,42.3922523]}},{"type":"Feature","properties":{"aeroway":null,"supplement":true,"amenity":null,"emergency":null,"man_made":"storage_tank","name":null,"operator":null,"id":29848988,"osm_type":"way"},"geometry":{"type":"Point","coordinates":[-71.0198132,42.3914844]}},{"type":"Feature","properties":{"aeroway":null,"supplement":true,"amenity":null,"emergency":null,"man_made":"storage_tank","name":null,"operator":null,"id":29849206,"osm_type":"way"},"geometry":{"type":"Point","coordinates":[-71.0444945,42.3865763]}},{"type":"Feature","properties":{"aeroway":null,"supplement":true,"amenity":null,"emergency":null,"man_made":"storage_tank","name":null,"operator":null,"id":29849209,"osm_type":"way"},"geometry":{"type":"Point","coordinates":[-71.0450277,42.3866406]}},{"type":"Feature","properties":{"aeroway":null,"supplement":true,"amenity":null,"emergency":null,"man_made":"storage_tank","name":null,"operator":null,"id":29849224,"osm_type":"way"},"geometry":{"type":"Point","coordinates":[-71.0448272,42.3856621]}},{"type":"Feature","properties":{"aeroway":null,"supplement":true,"amenity":null,"emergency":null,"man_made":"storage_tank","name":null,"operator":null,"id":29849333,"osm_type":"way"},"geometry":{"type":"Point","coordinates":[-71.0255471,42.3823255]}},{"type":"Feature","properties":{"aeroway":null,"supplement":true,"amenity":null,"emergency":null,"man_made":"storage_tank","name":null,"operator":null,"id":29849344,"osm_type":"way"},"geometry":{"type":"Point","coordinates":[-71.0239787,42.3821357]}},{"type":"Feature","properties":{"aeroway":null,"supplement":true,"amenity":null,"emergency":null,"man_made":"storage_tank","name":null,"operator":null,"id":29849603,"osm_type":"way"},"geometry":{"type":"Point","coordinates":[-71.0258524,42.3763912]}},{"type":"Feature","properties":{"aeroway":null,"supplement":true,"amenity":"fire_station","emergency":null,"man_made":null,"name":"Everett Fire Department","operator":null,"id":29868885,"osm_type":"way"},"geometry":{"type":"Point","coordinates":[-71.0573123,42.4055548]}},{"type":"Feature","properties":{"aeroway":null,"supplement":true,"amenity":"fire_station","emergency":null,"man_made":null,"name":"Boston Fire Department Engine 8, Ladder 1","operator":null,"id":29869475,"osm_type":"way"},"geometry":{"type":"Point","coordinates":[-71.0531546,42.3657633]}},{"type":"Feature","properties":{"aeroway":null,"supplement":true,"amenity":"fire_station","emergency":null,"man_made":null,"name":"Massport Fire-Rescue Headquarters","operator":"Massport Fire-Rescue","id":29877163,"osm_type":"way"},"geometry":{"type":"Point","coordinates":[-71.0180093,42.3574134]}},{"type":"Feature","properties":{"aeroway":null,"supplement":true,"amenity":null,"emergency":null,"man_made":"storage_tank","name":null,"operator":null,"id":29879380,"osm_type":"way"},"geometry":{"type":"Point","coordinates":[-71.0071371,42.3950262]}},{"type":"Feature","properties":{"aeroway":null,"supplement":true,"amenity":null,"emergency":null,"man_made":"storage_tank","name":null,"operator":null,"id":29879479,"osm_type":"way"},"geometry":{"type":"Point","coordinates":[-71.020651,42.392785]}},{"type":"Feature","properties":{"aeroway":null,"supplement":true,"amenity":null,"emergency":null,"man_made":"storage_tank","name":"Winthrop Water Tower","operator":null,"id":29892766,"osm_type":"way"},"geometry":{"type":"Point","coordinates":[-70.9677075,42.3678702]}},{"type":"Feature","properties":{"aeroway":null,"supplement":true,"amenity":null,"emergency":null,"man_made":"storage_tank","name":null,"operator":null,"id":29952770,"osm_type":"way"},"geometry":{"type":"Point","coordinates":[-71.0251411,42.3840172]}},{"type":"Feature","properties":{"aeroway":null,"supplement":true,"amenity":null,"emergency":null,"man_made":"storage_tank","name":null,"operator":null,"id":29952772,"osm_type":"way"},"geometry":{"type":"Point","coordinates":[-71.0254627,42.3839354]}},{"type":"Feature","properties":{"aeroway":null,"supplement":true,"amenity":null,"emergency":null,"man_made":"storage_tank","name":null,"operator":null,"id":29952776,"osm_type":"way"},"geometry":{"type":"Point","coordinates":[-71.0247913,42.3842285]}},{"type":"Feature","properties":{"aeroway":null,"supplement":true,"amenity":null,"emergency":null,"man_made":"storage_tank","name":null,"operator":null,"id":29952819,"osm_type":"way"},"geometry":{"type":"Point","coordinates":[-71.0261233,42.3826583]}},{"type":"Feature","properties":{"aeroway":null,"supplement":true,"amenity":null,"emergency":null,"man_made":"storage_tank","name":null,"operator":null,"id":29952824,"osm_type":"way"},"geometry":{"type":"Point","coordinates":[-71.0236903,42.3823859]}},{"type":"Feature","properties":{"aeroway":null,"supplement":true,"amenity":null,"emergency":null,"man_made":"storage_tank","name":null,"operator":null,"id":29952854,"osm_type":"way"},"geometry":{"type":"Point","coordinates":[-71.0254594,42.3821433]}},{"type":"Feature","properties":{"aeroway":null,"supplement":true,"amenity":null,"emergency":null,"man_made":"storage_tank","name":null,"operator":null,"id":29952858,"osm_type":"way"},"geometry":{"type":"Point","coordinates":[-71.025424,42.3820439]}},{"type":"Feature","properties":{"aeroway":null,"supplement":true,"amenity":null,"emergency":null,"man_made":"storage_tank","name":null,"operator":null,"id":29953070,"osm_type":"way"},"geometry":{"type":"Point","coordinates":[-71.0255112,42.3761799]}},{"type":"Feature","properties":{"aeroway":null,"supplement":true,"amenity":"fire_station","emergency":null,"man_made":null,"name":"Everett Emergency Communications Center","operator":"City of Everett","id":29954674,"osm_type":"way"},"geometry":{"type":"Point","coordinates":[-71.0452258,42.412402]}},{"type":"Feature","properties":{"aeroway":null,"supplement":true,"amenity":null,"emergency":null,"man_made":"storage_tank","name":null,"operator":null,"id":29964820,"osm_type":"way"},"geometry":{"type":"Point","coordinates":[-71.0031737,42.399867]}},{"type":"Feature","properties":{"aeroway":null,"supplement":true,"amenity":null,"emergency":null,"man_made":"storage_tank","name":null,"operator":null,"id":29964827,"osm_type":"way"},"geometry":{"type":"Point","coordinates":[-71.0045015,42.3962236]}},{"type":"Feature","properties":{"aeroway":null,"supplement":true,"amenity":null,"emergency":null,"man_made":"storage_tank","name":null,"operator":null,"id":29964835,"osm_type":"way"},"geometry":{"type":"Point","coordinates":[-71.004268,42.3952017]}},{"type":"Feature","properties":{"aeroway":null,"supplement":true,"amenity":"fire_station","emergency":null,"man_made":null,"name":"Engine 56 - Ladder 21","operator":"Boston Fire Department","id":29964847,"osm_type":"way"},"geometry":{"type":"Point","coordinates":[-71.0039069,42.3880863]}},{"type":"Feature","properties":{"aeroway":null,"supplement":true,"amenity":null,"emergency":null,"man_made":"storage_tank","name":null,"operator":null,"id":29965069,"osm_type":"way"},"geometry":{"type":"Point","coordinates":[-71.0072781,42.3975852]}},{"type":"Feature","properties":{"aeroway":null,"supplement":true,"amenity":null,"emergency":null,"man_made":"storage_tank","name":null,"operator":null,"id":29965115,"osm_type":"way"},"geometry":{"type":"Point","coordinates":[-71.0071507,42.396367]}},{"type":"Feature","properties":{"aeroway":null,"supplement":true,"amenity":"fire_station","emergency":null,"man_made":null,"name":"Chelsea Fire Department","operator":"City of Chelsea","id":29965131,"osm_type":"way"},"geometry":{"type":"Point","coordinates":[-71.032781,42.3942962]}},{"type":"Feature","properties":{"aeroway":null,"supplement":true,"amenity":null,"emergency":null,"man_made":"storage_tank","name":null,"operator":null,"id":29965137,"osm_type":"way"},"geometry":{"type":"Point","coordinates":[-71.0048306,42.3947005]}},{"type":"Feature","properties":{"aeroway":null,"supplement":true,"amenity":null,"emergency":null,"man_made":"storage_tank","name":null,"operator":null,"id":29965146,"osm_type":"way"},"geometry":{"type":"Point","coordinates":[-71.0200195,42.3934743]}},{"type":"Feature","properties":{"aeroway":null,"supplement":true,"amenity":null,"emergency":null,"man_made":"storage_tank","name":null,"operator":null,"id":29965174,"osm_type":"way"},"geometry":{"type":"Point","coordinates":[-71.02171,42.3923845]}},{"type":"Feature","properties":{"aeroway":null,"supplement":true,"amenity":null,"emergency":null,"man_made":"storage_tank","name":null,"operator":null,"id":29965235,"osm_type":"way"},"geometry":{"type":"Point","coordinates":[-71.0200624,42.3910304]}},{"type":"Feature","properties":{"aeroway":null,"supplement":true,"amenity":null,"emergency":null,"man_made":"storage_tank","name":null,"operator":null,"id":29965483,"osm_type":"way"},"geometry":{"type":"Point","coordinates":[-71.0245868,42.3839923]}},{"type":"Feature","properties":{"aeroway":null,"supplement":true,"amenity":null,"emergency":null,"man_made":"storage_tank","name":null,"operator":null,"id":29965497,"osm_type":"way"},"geometry":{"type":"Point","coordinates":[-71.022497,42.3835048]}},{"type":"Feature","properties":{"aeroway":null,"supplement":true,"amenity":null,"emergency":null,"man_made":"storage_tank","name":null,"operator":null,"id":29965539,"osm_type":"way"},"geometry":{"type":"Point","coordinates":[-71.0242287,42.3819276]}},{"type":"Feature","properties":{"aeroway":null,"supplement":true,"amenity":null,"emergency":null,"man_made":"storage_tank","name":null,"operator":null,"id":29965733,"osm_type":"way"},"geometry":{"type":"Point","coordinates":[-71.0248511,42.3757493]}},{"type":"Feature","properties":{"aeroway":null,"supplement":true,"amenity":null,"emergency":null,"man_made":"storage_tank","name":null,"operator":null,"id":547950649,"osm_type":"way"},"geometry":{"type":"Point","coordinates":[-71.0194378,42.3924686]}},{"type":"Feature","properties":{"aeroway":null,"supplement":true,"amenity":null,"emergency":null,"man_made":"storage_tank","name":null,"operator":null,"id":547955988,"osm_type":"way"},"geometry":{"type":"Point","coordinates":[-71.0255047,42.3822388]}},{"type":"Feature","properties":{"aeroway":null,"supplement":true,"amenity":null,"emergency":null,"man_made":"storage_tank","name":null,"operator":null,"id":547955989,"osm_type":"way"},"geometry":{"type":"Point","coordinates":[-71.0235816,42.3835398]}},{"type":"Feature","properties":{"aeroway":null,"supplement":true,"amenity":null,"emergency":null,"man_made":"storage_tank","name":null,"operator":null,"id":1073232471,"osm_type":"way"},"geometry":{"type":"Point","coordinates":[-71.0403424,42.409207]}},{"type":"Feature","properties":{"aeroway":null,"supplement":true,"amenity":"fire_station","emergency":null,"man_made":null,"name":"Engine 9 and Ladder 2","operator":"Boston Fire Department","id":1172132578,"osm_type":"way"},"geometry":{"type":"Point","coordinates":[-71.0387167,42.3680586]}},{"type":"Feature","properties":{"aeroway":null,"supplement":true,"amenity":null,"emergency":null,"man_made":"storage_tank","name":null,"operator":null,"id":1327292390,"osm_type":"way"},"geometry":{"type":"Point","coordinates":[-71.026457,42.376754]}}]}