{"type": "FeatureCollection", "icao": "KLAX", "center": [-118.4081, 33.9416], "features": [{"type": "Feature", "properties": {"aeroway": "holding_position", "ref": null, "name": null, "surface": null, "id": 26427176}, "geometry": {"type": "Point", "coordinates": [-118.4270436, 33.9483166]}}, {"type": "Feature", "properties": {"aeroway": "holding_position", "ref": null, "name": null, "surface": null, "id": 26427177}, "geometry": {"type": "Point", "coordinates": [-118.4263931, 33.9488311]}}, {"type": "Feature", "properties": {"aeroway": "gate", "ref": "48A", "name": null, "surface": null, "id": 202607393}, "geometry": {"type": "Point", "coordinates": [-118.4063859, 33.9397896]}}, {"type": "Feature", "properties": {"aeroway": "holding_position", "ref": null, "name": null, "surface": null, "id": 1523113911}, "geometry": {"type": "Point", "coordinates": [-118.3992067, 33.9364576]}}, {"type": "Feature", "properties": {"aeroway": "holding_position", "ref": null, "name": null, "surface": null, "id": 1523113962}, "geometry": {"type": "Point", "coordinates": [-118.4218365, 33.9348142]}}, {"type": "Feature", "properties": {"aeroway": "holding_position", "ref": null, "name": null, "surface": null, "id": 1523114060}, "geometry": {"type": "Point", "coordinates": [-118.418985, 33.9344296]}}, {"type": "Feature", "properties": {"aeroway": "holding_position", "ref": null, "name": null, "surface": null, "id": 1523114110}, "geometry": {"type": "Point", "coordinates": [-118.3930514, 33.9377614]}}, {"type": "Feature", "properties": {"aeroway": "holding_position", "ref": null, "name": null, "surface": null, "id": 1523114243}, "geometry": {"type": "Point", "coordinates": [-118.419083, 33.9350966]}}, {"type": "Feature", "properties": {"aeroway": "holding_position", "ref": null, "name": null, "surface": null, "id": 1523114257}, "geometry": {"type": "Point", "coordinates": [-118.3967169, 33.9367093]}}, {"type": "Feature", "properties": {"aeroway": "holding_position", "ref": null, "name": null, "surface": null, "id": 1523114349}, "geometry": {"type": "Point", "coordinates": [-118.4177141, 33.9349004]}}, {"type": "Feature", "properties": {"aeroway": "holding_position", "ref": null, "name": null, "surface": null, "id": 1523114391}, "geometry": {"type": "Point", "coordinates": [-118.4030714, 33.9492793]}}, {"type": "Feature", "properties": {"aeroway": "holding_position", "ref": null, "name": null, "surface": null, "id": 1523114443}, "geometry": {"type": "Point", "coordinates": [-118.4344001, 33.9460823]}}, {"type": "Feature", "properties": {"aeroway": "holding_position", "ref": null, "name": null, "surface": null, "id": 1534045495}, "geometry": {"type": "Point", "coordinates": [-118.4192332, 33.9476334]}}, {"type": "Feature", "properties": {"aeroway": "holding_position", "ref": null, "name": null, "surface": null, "id": 1534045520}, "geometry": {"type": "Point", "coordinates": [-118.4145237, 33.9481105]}}, {"type": "Feature", "properties": {"aeroway": "holding_position", "ref": null, "name": null, "surface": null, "id": 1534045559}, "geometry": {"type": "Point", "coordinates": [-118.4278186, 33.9467563]}}, {"type": "Feature", "properties": {"aeroway": "gate", "ref": "48C", "name": null, "surface": null, "id": 1718756191}, "geometry": {"type": "Point", "coordinates": [-118.406832, 33.9399069]}}, {"type": "Feature", "properties": {"aeroway": "holding_position", "ref": null, "name": null, "surface": null, "id": 2559085373}, "geometry": {"type": "Point", "coordinates": [-118.4053128, 33.9380399]}}, {"type": "Feature", "properties": {"aeroway": "holding_position", "ref": null, "name": null, "surface": null, "id": 2559085591}, "geometry": {"type": "Point", "coordinates": [-118.403702, 33.9366691]}}, {"type": "Feature", "properties": {"aeroway": "holding_position", "ref": null, "name": null, "surface": null, "id": 2559650673}, "geometry": {"type": "Point", "coordinates": [-118.398544, 33.938742]}}, {"type": "Feature", "properties": {"aeroway": "holding_position", "ref": null, "name": null, "surface": null, "id": 2559656837}, "geometry": {"type": "Point", "coordinates": [-118.3941944, 33.9406498]}}, {"type": "Feature", "properties": {"aeroway": "gate", "ref": "21B", "name": null, "surface": null, "id": 3268466272}, "geometry": {"type": "Point", "coordinates": [-118.4037153, 33.9459]}}, {"type": "Feature", "properties": {"aeroway": "gate", "ref": "22", "name": null, "surface": null, "id": 3268466274}, "geometry": {"type": "Point", "coordinates": [-118.4043453, 33.9463187]}}, {"type": "Feature", "properties": {"aeroway": "gate", "ref": "28", "name": null, "surface": null, "id": 3268466275}, "geometry": {"type": "Point", "coordinates": [-118.4041704, 33.9469339]}}, {"type": "Feature", "properties": {"aeroway": "gate", "ref": "25A", "name": null, "surface": null, "id": 3268466276}, "geometry": {"type": "Point", "coordinates": [-118.4038916, 33.946962]}}, {"type": "Feature", "properties": {"aeroway": "gate", "ref": "25B", "name": null, "surface": null, "id": 3268466277}, "geometry": {"type": "Point", "coordinates": [-118.4038587, 33.9468813]}}, {"type": "Feature", "properties": {"aeroway": "gate", "ref": "23B", "name": null, "surface": null, "id": 3268466278}, "geometry": {"type": "Point", "coordinates": [-118.4038403, 33.9467553]}}, {"type": "Feature", "properties": {"aeroway": "gate", "ref": "23A", "name": null, "surface": null, "id": 3268466279}, "geometry": {"type": "Point", "coordinates": [-118.4037958, 33.9464555]}}, {"type": "Feature", "properties": {"aeroway": "gate", "ref": "26A", "name": null, "surface": null, "id": 3268466280}, "geometry": {"type": "Point", "coordinates": [-118.4043019, 33.9469206]}}, {"type": "Feature", "properties": {"aeroway": "gate", "ref": "26B", "name": null, "surface": null, "id": 3268466281}, "geometry": {"type": "Point", "coordinates": [-118.4044214, 33.9469086]}}, {"type": "Feature", "properties": {"aeroway": "gate", "ref": "24", "name": null, "surface": null, "id": 3268466282}, "geometry": {"type": "Point", "coordinates": [-118.404399, 33.9466921]}}, {"type": "Feature", "properties": {"aeroway": "gate", "ref": "20", "name": null, "surface": null, "id": 3268466283}, "geometry": {"type": "Point", "coordinates": [-118.4042969, 33.9459836]}}, {"type": "Feature", "properties": {"aeroway": "gate", "ref": "41", "name": null, "surface": null, "id": 3268466297}, "geometry": {"type": "Point", "coordinates": [-118.4072428, 33.9418209]}}, {"type": "Feature", "properties": {"aeroway": "gate", "ref": "46B", "name": null, "surface": null, "id": 3268466305}, "geometry": {"type": "Point", "coordinates": [-118.4063901, 33.9401547]}}, {"type": "Feature", "properties": {"aeroway": "gate", "ref": "42A", "name": null, "surface": null, "id": 3268466309}, "geometry": {"type": "Point", "coordinates": [-118.4066, 33.941163]}}, {"type": "Feature", "properties": {"aeroway": "gate", "ref": "40", "name": null, "surface": null, "id": 3268466310}, "geometry": {"type": "Point", "coordinates": [-118.406695, 33.941679]}}, {"type": "Feature", "properties": {"aeroway": "gate", "ref": "63B", "name": null, "surface": null, "id": 3268466327}, "geometry": {"type": "Point", "coordinates": [-118.4022565, 33.9414401]}}, {"type": "Feature", "properties": {"aeroway": "gate", "ref": "65B", "name": null, "surface": null, "id": 3268466328}, "geometry": {"type": "Point", "coordinates": [-118.4022144, 33.9409213]}}, {"type": "Feature", "properties": {"aeroway": "gate", "ref": "67", "name": null, "surface": null, "id": 3268466329}, "geometry": {"type": "Point", "coordinates": [-118.4022828, 33.9406395]}}, {"type": "Feature", "properties": {"aeroway": "gate", "ref": "69A", "name": null, "surface": null, "id": 3268466330}, "geometry": {"type": "Point", "coordinates": [-118.4022432, 33.9403145]}}, {"type": "Feature", "properties": {"aeroway": "gate", "ref": "69B", "name": null, "surface": null, "id": 3268466331}, "geometry": {"type": "Point", "coordinates": [-118.4020917, 33.9401895]}}, {"type": "Feature", "properties": {"aeroway": "gate", "ref": "68B", "name": null, "surface": null, "id": 3268466332}, "geometry": {"type": "Point", "coordinates": [-118.401735, 33.9402486]}}, {"type": "Feature", "properties": {"aeroway": "gate", "ref": "68A", "name": null, "surface": null, "id": 3268466333}, "geometry": {"type": "Point", "coordinates": [-118.401548, 33.9403569]}}, {"type": "Feature", "properties": {"aeroway": "gate", "ref": "66", "name": null, "surface": null, "id": 3268466334}, "geometry": {"type": "Point", "coordinates": [-118.4016044, 33.9407773]}}, {"type": "Feature", "properties": {"aeroway": "gate", "ref": "64A", "name": null, "surface": null, "id": 3268466335}, "geometry": {"type": "Point", "coordinates": [-118.4017159, 33.941284]}}, {"type": "Feature", "properties": {"aeroway": "gate", "ref": "60", "name": null, "surface": null, "id": 3268466336}, "geometry": {"type": "Point", "coordinates": [-118.4019883, 33.9421387]}}, {"type": "Feature", "properties": {"aeroway": "gate", "ref": "62", "name": null, "surface": null, "id": 3268466337}, "geometry": {"type": "Point", "coordinates": [-118.4019421, 33.9418251]}}, {"type": "Feature", "properties": {"aeroway": "gate", "ref": "86", "name": null, "surface": null, "id": 3268466339}, "geometry": {"type": "Point", "coordinates": [-118.3972376, 33.9409562]}}, {"type": "Feature", "properties": {"aeroway": "gate", "ref": "85", "name": null, "surface": null, "id": 3268466341}, "geometry": {"type": "Point", "coordinates": [-118.3973576, 33.9412138]}}, {"type": "Feature", "properties": {"aeroway": "gate", "ref": "84", "name": null, "surface": null, "id": 3268466342}, "geometry": {"type": "Point", "coordinates": [-118.3974064, 33.9415463]}}, {"type": "Feature", "properties": {"aeroway": "gate", "ref": "83", "name": null, "surface": null, "id": 3268466343}, "geometry": {"type": "Point", "coordinates": [-118.3974535, 33.9418706]}}, {"type": "Feature", "properties": {"aeroway": "gate", "ref": "82", "name": null, "surface": null, "id": 3268466344}, "geometry": {"type": "Point", "coordinates": [-118.3974981, 33.9421776]}}, {"type": "Feature", "properties": {"aeroway": "gate", "ref": "80", "name": null, "surface": null, "id": 3268466345}, "geometry": {"type": "Point", "coordinates": [-118.397735, 33.9430204]}}, {"type": "Feature", "properties": {"aeroway": "gate", "ref": "81", "name": null, "surface": null, "id": 3268466346}, "geometry": {"type": "Point", "coordinates": [-118.3976835, 33.9428107]}}, {"type": "Feature", "properties": {"aeroway": "gate", "ref": "70A", "name": null, "surface": null, "id": 3268466348}, "geometry": {"type": "Point", "coordinates": [-118.3995424, 33.9424029]}}, {"type": "Feature", "properties": {"aeroway": "gate", "ref": "70B", "name": null, "surface": null, "id": 3268466349}, "geometry": {"type": "Point", "coordinates": [-118.3994812, 33.9420164]}}, {"type": "Feature", "properties": {"aeroway": "gate", "ref": "72B", "name": null, "surface": null, "id": 3268466350}, "geometry": {"type": "Point", "coordinates": [-118.3993997, 33.9415172]}}, {"type": "Feature", "properties": {"aeroway": "gate", "ref": "74", "name": null, "surface": null, "id": 3268466351}, "geometry": {"type": "Point", "coordinates": [-118.3993428, 33.9410123]}}, {"type": "Feature", "properties": {"aeroway": "gate", "ref": "76A", "name": null, "surface": null, "id": 3268466353}, "geometry": {"type": "Point", "coordinates": [-118.3994449, 33.9406389]}}, {"type": "Feature", "properties": {"aeroway": "gate", "ref": "76B", "name": null, "surface": null, "id": 3268466354}, "geometry": {"type": "Point", "coordinates": [-118.3993691, 33.9405386]}}, {"type": "Feature", "properties": {"aeroway": "gate", "ref": "77", "name": null, "surface": null, "id": 3268466355}, "geometry": {"type": "Point", "coordinates": [-118.3996997, 33.9407106]}}, {"type": "Feature", "properties": {"aeroway": "gate", "ref": "75B", "name": null, "surface": null, "id": 3268466357}, "geometry": {"type": "Point", "coordinates": [-118.399822, 33.9409296]}}, {"type": "Feature", "properties": {"aeroway": "gate", "ref": "75A", "name": "Gate 75A", "surface": null, "id": 3268466358}, "geometry": {"type": "Point", "coordinates": [-118.3999707, 33.9412983]}}, {"type": "Feature", "properties": {"aeroway": "gate", "ref": "73", "name": null, "surface": null, "id": 3268466360}, "geometry": {"type": "Point", "coordinates": [-118.3999079, 33.9417403]}}, {"type": "Feature", "properties": {"aeroway": "gate", "ref": "71B", "name": null, "surface": null, "id": 3268466361}, "geometry": {"type": "Point", "coordinates": [-118.3999921, 33.9423563]}}, {"type": "Feature", "properties": {"aeroway": "gate", "ref": "71A", "name": null, "surface": null, "id": 3268466362}, "geometry": {"type": "Point", "coordinates": [-118.4002109, 33.9425658]}}, {"type": "Feature", "properties": {"aeroway": "gate", "ref": "52F", "name": "Gate 52F", "surface": null, "id": 3268466368}, "geometry": {"type": "Point", "coordinates": [-118.3939422, 33.9417631]}}, {"type": "Feature", "properties": {"aeroway": "gate", "ref": "52E", "name": "Gate 52E", "surface": null, "id": 3268466369}, "geometry": {"type": "Point", "coordinates": [-118.3939602, 33.9418893]}}, {"type": "Feature", "properties": {"aeroway": "gate", "ref": "52D", "name": "Gate 52D", "surface": null, "id": 3268466370}, "geometry": {"type": "Point", "coordinates": [-118.393937, 33.942113]}}, {"type": "Feature", "properties": {"aeroway": "gate", "ref": "52C", "name": "Gate 52C", "surface": null, "id": 3268466371}, "geometry": {"type": "Point", "coordinates": [-118.3939656, 33.9421589]}}, {"type": "Feature", "properties": {"aeroway": "gate", "ref": "52B", "name": "Gate 52B", "surface": null, "id": 3268466372}, "geometry": {"type": "Point", "coordinates": [-118.3939853, 33.9423273]}}, {"type": "Feature", "properties": {"aeroway": "gate", "ref": "131", "name": null, "surface": null, "id": 3268466373}, "geometry": {"type": "Point", "coordinates": [-118.4101897, 33.9444695]}}, {"type": "Feature", "properties": {"aeroway": "gate", "ref": "133", "name": null, "surface": null, "id": 3268466374}, "geometry": {"type": "Point", "coordinates": [-118.4102947, 33.9451706]}}, {"type": "Feature", "properties": {"aeroway": "gate", "ref": "134", "name": null, "surface": null, "id": 3268466375}, "geometry": {"type": "Point", "coordinates": [-118.4111831, 33.9455347]}}, {"type": "Feature", "properties": {"aeroway": "gate", "ref": "132", "name": null, "surface": null, "id": 3268466376}, "geometry": {"type": "Point", "coordinates": [-118.4111475, 33.9448619]}}, {"type": "Feature", "properties": {"aeroway": "gate", "ref": "130", "name": null, "surface": null, "id": 3268466377}, "geometry": {"type": "Point", "coordinates": [-118.4110168, 33.944378]}}, {"type": "Feature", "properties": {"aeroway": "gate", "ref": "148", "name": null, "surface": null, "id": 3268466378}, "geometry": {"type": "Point", "coordinates": [-118.4108505, 33.94293]}}, {"type": "Feature", "properties": {"aeroway": "gate", "ref": "150", "name": null, "surface": null, "id": 3268466379}, "geometry": {"type": "Point", "coordinates": [-118.4105905, 33.9421376]}}, {"type": "Feature", "properties": {"aeroway": "gate", "ref": "151", "name": null, "surface": null, "id": 3268466380}, "geometry": {"type": "Point", "coordinates": [-118.4100855, 33.941946]}}, {"type": "Feature", "properties": {"aeroway": "gate", "ref": "152", "name": null, "surface": null, "id": 3268466381}, "geometry": {"type": "Point", "coordinates": [-118.4104562, 33.9414489]}}, {"type": "Feature", "properties": {"aeroway": "gate", "ref": "155", "name": null, "surface": null, "id": 3268466383}, "geometry": {"type": "Point", "coordinates": [-118.4098248, 33.9405976]}}, {"type": "Feature", "properties": {"aeroway": "gate", "ref": "154", "name": null, "surface": null, "id": 3268466384}, "geometry": {"type": "Point", "coordinates": [-118.4103677, 33.940622]}}, {"type": "Feature", "properties": {"aeroway": "gate", "ref": "157", "name": null, "surface": null, "id": 3268466385}, "geometry": {"type": "Point", "coordinates": [-118.4097312, 33.9399072]}}, {"type": "Feature", "properties": {"aeroway": "gate", "ref": "156", "name": null, "surface": null, "id": 3268466386}, "geometry": {"type": "Point", "coordinates": [-118.4102945, 33.9398728]}}, {"type": "Feature", "properties": {"aeroway": "gate", "ref": "159", "name": null, "surface": null, "id": 3268466387}, "geometry": {"type": "Point", "coordinates": [-118.4097797, 33.9393642]}}, {"type": "Feature", "properties": {"aeroway": "gate", "ref": "52G", "name": "Gate 52G", "surface": null, "id": 3268466399}, "geometry": {"type": "Point", "coordinates": [-118.3939463, 33.9415337]}}, {"type": "Feature", "properties": {"aeroway": "gate", "ref": "52A", "name": "Gate 52A", "surface": null, "id": 3268466403}, "geometry": {"type": "Point", "coordinates": [-118.3939851, 33.9423795]}}, {"type": "Feature", "properties": {"aeroway": "holding_position", "ref": null, "name": null, "surface": null, "id": 3643667888}, "geometry": {"type": "Point", "coordinates": [-118.4123693, 33.9357814]}}, {"type": "Feature", "properties": {"aeroway": "holding_position", "ref": null, "name": null, "surface": null, "id": 3643669821}, "geometry": {"type": "Point", "coordinates": [-118.4128739, 33.9372719]}}, {"type": "Feature", "properties": {"aeroway": "gate", "ref": "137", "name": null, "surface": null, "id": 3722219267}, "geometry": {"type": "Point", "coordinates": [-118.4101819, 33.9463601]}}, {"type": "Feature", "properties": {"aeroway": "holding_position", "ref": null, "name": null, "surface": null, "id": 4110834523}, "geometry": {"type": "Point", "coordinates": [-118.4334012, 33.9457864]}}, {"type": "Feature", "properties": {"aeroway": "holding_position", "ref": null, "name": null, "surface": null, "id": 4111027203}, "geometry": {"type": "Point", "coordinates": [-118.4192, 33.9346568]}}, {"type": "Feature", "properties": {"aeroway": "holding_position", "ref": null, "name": null, "surface": null, "id": 4111028443}, "geometry": {"type": "Point", "coordinates": [-118.4044006, 33.9381334]}}, {"type": "Feature", "properties": {"aeroway": "gate", "ref": "408", "name": null, "surface": null, "id": 4145831036}, "geometry": {"type": "Point", "coordinates": [-118.4347953, 33.9443749]}}, {"type": "Feature", "properties": {"aeroway": "holding_position", "ref": null, "name": null, "surface": null, "id": 4392020657}, "geometry": {"type": "Point", "coordinates": [-118.3981273, 33.9387832]}}, {"type": "Feature", "properties": {"aeroway": "gate", "ref": "21A", "name": null, "surface": null, "id": 4415628812}, "geometry": {"type": "Point", "coordinates": [-118.403586, 33.9456685]}}, {"type": "Feature", "properties": {"aeroway": "gate", "ref": "52I", "name": "Gate 52I", "surface": null, "id": 4661368421}, "geometry": {"type": "Point", "coordinates": [-118.394158, 33.9414561]}}, {"type": "Feature", "properties": {"aeroway": "gate", "ref": "52H", "name": "Gate 52H", "surface": null, "id": 4661368422}, "geometry": {"type": "Point", "coordinates": [-118.3939801, 33.9414935]}}, {"type": "Feature", "properties": {"aeroway": "holding_position", "ref": null, "name": null, "surface": null, "id": 5357801806}, "geometry": {"type": "Point", "coordinates": [-118.4301583, 33.9363734]}}, {"type": "Feature", "properties": {"aeroway": "holding_position", "ref": null, "name": null, "surface": null, "id": 5589419786}, "geometry": {"type": "Point", "coordinates": [-118.4331595, 33.9462077]}}, {"type": "Feature", "properties": {"aeroway": "gate", "ref": "407", "name": null, "surface": null, "id": 5646674740}, "geometry": {"type": "Point", "coordinates": [-118.4322787, 33.9445413]}}, {"type": "Feature", "properties": {"aeroway": "gate", "ref": "406", "name": null, "surface": null, "id": 5646674742}, "geometry": {"type": "Point", "coordinates": [-118.4341514, 33.944319]}}, {"type": "Feature", "properties": {"aeroway": "holding_position", "ref": null, "name": null, "surface": null, "id": 5907207716}, "geometry": {"type": "Point", "coordinates": [-118.408682, 33.9361616]}}, {"type": "Feature", "properties": {"aeroway": "holding_position", "ref": null, "name": null, "surface": null, "id": 5907207723}, "geometry": {"type": "Point", "coordinates": [-118.407417, 33.9356194]}}, {"type": "Feature", "properties": {"aeroway": "holding_position", "ref": null, "name": null, "surface": null, "id": 5907207733}, "geometry": {"type": "Point", "coordinates": [-118.4025244, 33.9345738]}}, {"type": "Feature", "properties": {"aeroway": "parking_position", "ref": null, "name": null, "surface": null, "id": 5907207819}, "geometry": {"type": "Point", "coordinates": [-118.430758, 33.9389029]}}, {"type": "Feature", "properties": {"aeroway": "holding_position", "ref": null, "name": null, "surface": null, "id": 5943856066}, "geometry": {"type": "Point", "coordinates": [-118.409037, 33.9376687]}}, {"type": "Feature", "properties": {"aeroway": "holding_position", "ref": null, "name": null, "surface": null, "id": 6240406104}, "geometry": {"type": "Point", "coordinates": [-118.402044, 33.9346273]}}, {"type": "Feature", "properties": {"aeroway": "holding_position", "ref": null, "name": null, "surface": null, "id": 6240406119}, "geometry": {"type": "Point", "coordinates": [-118.4032933, 33.9341473]}}, {"type": "Feature", "properties": {"aeroway": "holding_position", "ref": null, "name": null, "surface": null, "id": 6240406208}, "geometry": {"type": "Point", "coordinates": [-118.3938322, 33.9351174]}}, {"type": "Feature", "properties": {"aeroway": "gate", "ref": "12A", "name": null, "surface": null, "id": 6546809115}, "geometry": {"type": "Point", "coordinates": [-118.4013125, 33.9461978]}}, {"type": "Feature", "properties": {"aeroway": "holding_position", "ref": null, "name": null, "surface": null, "id": 6814937641}, "geometry": {"type": "Point", "coordinates": [-118.4071684, 33.9341008]}}, {"type": "Feature", "properties": {"aeroway": "holding_position", "ref": null, "name": null, "surface": null, "id": 7992560258}, "geometry": {"type": "Point", "coordinates": [-118.3900897, 33.9395987]}}, {"type": "Feature", "properties": {"aeroway": "holding_position", "ref": null, "name": null, "surface": null, "id": 8105298080}, "geometry": {"type": "Point", "coordinates": [-118.3827833, 33.9365958]}}, {"type": "Feature", "properties": {"aeroway": "holding_position", "ref": null, "name": null, "surface": null, "id": 8105298096}, "geometry": {"type": "Point", "coordinates": [-118.388159, 33.9398016]}}, {"type": "Feature", "properties": {"aeroway": "holding_position", "ref": null, "name": null, "surface": null, "id": 8105298225}, "geometry": {"type": "Point", "coordinates": [-118.383051, 33.940502]}}, {"type": "Feature", "properties": {"aeroway": "holding_position", "ref": null, "name": null, "surface": null, "id": 8105298307}, "geometry": {"type": "Point", "coordinates": [-118.390974, 33.9357557]}}, {"type": "Feature", "properties": {"aeroway": "holding_position", "ref": null, "name": null, "surface": null, "id": 8127388615}, "geometry": {"type": "Point", "coordinates": [-118.422014, 33.9363373]}}, {"type": "Feature", "properties": {"aeroway": "holding_position", "ref": null, "name": null, "surface": null, "id": 8127388703}, "geometry": {"type": "Point", "coordinates": [-118.4009145, 33.9490398]}}, {"type": "Feature", "properties": {"aeroway": "holding_position", "ref": null, "name": null, "surface": null, "id": 8127388723}, "geometry": {"type": "Point", "coordinates": [-118.3991375, 33.9496906]}}, {"type": "Feature", "properties": {"aeroway": "gate", "ref": "27", "name": null, "surface": null, "id": 8878727279}, "geometry": {"type": "Point", "coordinates": [-118.4039881, 33.9469523]}}, {"type": "Feature", "properties": {"aeroway": "gate", "ref": "13", "name": null, "surface": null, "id": 9113031799}, "geometry": {"type": "Point", "coordinates": [-118.400944, 33.9470757]}}, {"type": "Feature", "properties": {"aeroway": "gate", "ref": "15", "name": null, "surface": null, "id": 9113031800}, "geometry": {"type": "Point", "coordinates": [-118.4009937, 33.9474086]}}, {"type": "Feature", "properties": {"aeroway": "gate", "ref": "17A", "name": null, "surface": null, "id": 9113031801}, "geometry": {"type": "Point", "coordinates": [-118.4010479, 33.9476089]}}, {"type": "Feature", "properties": {"aeroway": "gate", "ref": "17B", "name": null, "surface": null, "id": 9113031802}, "geometry": {"type": "Point", "coordinates": [-118.4012278, 33.9475902]}}, {"type": "Feature", "properties": {"aeroway": "gate", "ref": "11B", "name": null, "surface": null, "id": 9113031803}, "geometry": {"type": "Point", "coordinates": [-118.4009663, 33.9466272]}}, {"type": "Feature", "properties": {"aeroway": "gate", "ref": "11A", "name": null, "surface": null, "id": 9113031804}, "geometry": {"type": "Point", "coordinates": [-118.4009274, 33.9463796]}}, {"type": "Feature", "properties": {"aeroway": "gate", "ref": "9", "name": null, "surface": null, "id": 9113031805}, "geometry": {"type": "Point", "coordinates": [-118.3998807, 33.9459573]}}, {"type": "Feature", "properties": {"aeroway": "gate", "ref": "18B", "name": null, "surface": null, "id": 9113031806}, "geometry": {"type": "Point", "coordinates": [-118.4013984, 33.9475729]}}, {"type": "Feature", "properties": {"aeroway": "gate", "ref": "18A", "name": null, "surface": null, "id": 9113031807}, "geometry": {"type": "Point", "coordinates": [-118.4015631, 33.947556]}}, {"type": "Feature", "properties": {"aeroway": "gate", "ref": "16", "name": null, "surface": null, "id": 9113031808}, "geometry": {"type": "Point", "coordinates": [-118.4015777, 33.9473651]}}, {"type": "Feature", "properties": {"aeroway": "gate", "ref": "14", "name": null, "surface": null, "id": 9113031809}, "geometry": {"type": "Point", "coordinates": [-118.4015273, 33.9470201]}}, {"type": "Feature", "properties": {"aeroway": "gate", "ref": "12B", "name": null, "surface": null, "id": 9113031810}, "geometry": {"type": "Point", "coordinates": [-118.4013745, 33.9465909]}}, {"type": "Feature", "properties": {"aeroway": "holding_position", "ref": null, "name": null, "surface": null, "id": 9236253720}, "geometry": {"type": "Point", "coordinates": [-118.4309474, 33.9483712]}}, {"type": "Feature", "properties": {"aeroway": "holding_position", "ref": null, "name": null, "surface": null, "id": 9236253721}, "geometry": {"type": "Point", "coordinates": [-118.4308784, 33.9478974]}}, {"type": "Feature", "properties": {"aeroway": "holding_position", "ref": null, "name": null, "surface": null, "id": 9236253722}, "geometry": {"type": "Point", "coordinates": [-118.4327689, 33.9458353]}}, {"type": "Feature", "properties": {"aeroway": "holding_position", "ref": null, "name": null, "surface": null, "id": 9236253725}, "geometry": {"type": "Point", "coordinates": [-118.410921, 33.9499439]}}, {"type": "Feature", "properties": {"aeroway": "holding_position", "ref": null, "name": null, "surface": null, "id": 9236253726}, "geometry": {"type": "Point", "coordinates": [-118.4109886, 33.9504182]}}, {"type": "Feature", "properties": {"aeroway": "holding_position", "ref": null, "name": null, "surface": null, "id": 9286633438}, "geometry": {"type": "Point", "coordinates": [-118.4168368, 33.9440289]}}, {"type": "Feature", "properties": {"aeroway": "parking_position", "ref": "12A", "name": null, "surface": null, "id": 9820166951}, "geometry": {"type": "Point", "coordinates": [-118.401693, 33.9461231]}}, {"type": "Feature", "properties": {"aeroway": "gate", "ref": "65A", "name": null, "surface": null, "id": 9943815114}, "geometry": {"type": "Point", "coordinates": [-118.4022714, 33.9413473]}}, {"type": "Feature", "properties": {"aeroway": "gate", "ref": "63A", "name": null, "surface": null, "id": 9943923817}, "geometry": {"type": "Point", "coordinates": [-118.4024651, 33.9420094]}}, {"type": "Feature", "properties": {"aeroway": "parking_position", "ref": "68B", "name": null, "surface": null, "id": 9943923822}, "geometry": {"type": "Point", "coordinates": [-118.401345, 33.9401175]}}, {"type": "Feature", "properties": {"aeroway": "parking_position", "ref": "66", "name": null, "surface": null, "id": 9943923824}, "geometry": {"type": "Point", "coordinates": [-118.4013968, 33.9410077]}}, {"type": "Feature", "properties": {"aeroway": "parking_position", "ref": "64B", "name": null, "surface": null, "id": 9943923825}, "geometry": {"type": "Point", "coordinates": [-118.4014064, 33.941358]}}, {"type": "Feature", "properties": {"aeroway": "gate", "ref": "72A", "name": null, "surface": null, "id": 9943923839}, "geometry": {"type": "Point", "coordinates": [-118.399468, 33.9417158]}}, {"type": "Feature", "properties": {"aeroway": "gate", "ref": "141", "name": null, "surface": null, "id": 9944097148}, "geometry": {"type": "Point", "coordinates": [-118.4103282, 33.9464271]}}, {"type": "Feature", "properties": {"aeroway": "gate", "ref": "139", "name": null, "surface": null, "id": 9944097151}, "geometry": {"type": "Point", "coordinates": [-118.4102617, 33.9463717]}}, {"type": "Feature", "properties": {"aeroway": "gate", "ref": "135", "name": null, "surface": null, "id": 9944097154}, "geometry": {"type": "Point", "coordinates": [-118.410177, 33.9461828]}}, {"type": "Feature", "properties": {"aeroway": "gate", "ref": "207", "name": null, "surface": null, "id": 9944097162}, "geometry": {"type": "Point", "coordinates": [-118.4149843, 33.9447612]}}, {"type": "Feature", "properties": {"aeroway": "gate", "ref": "209A", "name": null, "surface": null, "id": 9944097164}, "geometry": {"type": "Point", "coordinates": [-118.4150647, 33.9452533]}}, {"type": "Feature", "properties": {"aeroway": "gate", "ref": "205", "name": null, "surface": null, "id": 9944097166}, "geometry": {"type": "Point", "coordinates": [-118.4148982, 33.9441035]}}, {"type": "Feature", "properties": {"aeroway": "gate", "ref": "203", "name": null, "surface": null, "id": 9944097168}, "geometry": {"type": "Point", "coordinates": [-118.4148527, 33.9434147]}}, {"type": "Feature", "properties": {"aeroway": "gate", "ref": "201B", "name": null, "surface": null, "id": 9944097170}, "geometry": {"type": "Point", "coordinates": [-118.414833, 33.9431526]}}, {"type": "Feature", "properties": {"aeroway": "gate", "ref": "201A", "name": null, "surface": null, "id": 9944097171}, "geometry": {"type": "Point", "coordinates": [-118.4146063, 33.9427548]}}, {"type": "Feature", "properties": {"aeroway": "gate", "ref": "209B", "name": null, "surface": null, "id": 9944097173}, "geometry": {"type": "Point", "coordinates": [-118.4150904, 33.9454441]}}, {"type": "Feature", "properties": {"aeroway": "gate", "ref": "221", "name": null, "surface": null, "id": 9944097177}, "geometry": {"type": "Point", "coordinates": [-118.4145256, 33.941571]}}, {"type": "Feature", "properties": {"aeroway": "gate", "ref": "225", "name": null, "surface": null, "id": 9944097178}, "geometry": {"type": "Point", "coordinates": [-118.4146282, 33.9413238]}}, {"type": "Feature", "properties": {"aeroway": "gate", "ref": "202", "name": null, "surface": null, "id": 9944097182}, "geometry": {"type": "Point", "coordinates": [-118.4153386, 33.9431686]}}, {"type": "Feature", "properties": {"aeroway": "gate", "ref": "204", "name": null, "surface": null, "id": 9944097184}, "geometry": {"type": "Point", "coordinates": [-118.4154351, 33.9438273]}}, {"type": "Feature", "properties": {"aeroway": "gate", "ref": "206", "name": null, "surface": null, "id": 9944097186}, "geometry": {"type": "Point", "coordinates": [-118.415534, 33.944481]}}, {"type": "Feature", "properties": {"aeroway": "gate", "ref": "208", "name": null, "surface": null, "id": 9944097188}, "geometry": {"type": "Point", "coordinates": [-118.4156135, 33.9450224]}}, {"type": "Feature", "properties": {"aeroway": "gate", "ref": "210A", "name": null, "surface": null, "id": 9944097189}, "geometry": {"type": "Point", "coordinates": [-118.4156426, 33.9457202]}}, {"type": "Feature", "properties": {"aeroway": "gate", "ref": "210B", "name": null, "surface": null, "id": 9944097190}, "geometry": {"type": "Point", "coordinates": [-118.4156469, 33.9457493]}}, {"type": "Feature", "properties": {"aeroway": "parking_position", "ref": "41", "name": null, "surface": null, "id": 9944097204}, "geometry": {"type": "Point", "coordinates": [-118.407551, 33.9416311]}}, {"type": "Feature", "properties": {"aeroway": "parking_position", "ref": "47A", "name": null, "surface": null, "id": 9944097208}, "geometry": {"type": "Point", "coordinates": [-118.4073389, 33.939794]}}, {"type": "Feature", "properties": {"aeroway": "gate", "ref": "37B", "name": null, "surface": null, "id": 9969408177}, "geometry": {"type": "Point", "coordinates": [-118.407013, 33.9467768]}}, {"type": "Feature", "properties": {"aeroway": "gate", "ref": "37A", "name": null, "surface": null, "id": 9969408178}, "geometry": {"type": "Point", "coordinates": [-118.4068534, 33.9467013]}}, {"type": "Feature", "properties": {"aeroway": "gate", "ref": "35", "name": null, "surface": null, "id": 9969408179}, "geometry": {"type": "Point", "coordinates": [-118.4068205, 33.9464816]}}, {"type": "Feature", "properties": {"aeroway": "gate", "ref": "34A", "name": null, "surface": null, "id": 9969408180}, "geometry": {"type": "Point", "coordinates": [-118.4077885, 33.9466964]}}, {"type": "Feature", "properties": {"aeroway": "gate", "ref": "34B", "name": null, "surface": null, "id": 9969408181}, "geometry": {"type": "Point", "coordinates": [-118.4079497, 33.9466093]}}, {"type": "Feature", "properties": {"aeroway": "gate", "ref": "33", "name": null, "surface": null, "id": 9969408183}, "geometry": {"type": "Point", "coordinates": [-118.4069774, 33.946221]}}, {"type": "Feature", "properties": {"aeroway": "gate", "ref": "31A", "name": null, "surface": null, "id": 9969408187}, "geometry": {"type": "Point", "coordinates": [-118.4068604, 33.9456959]}}, {"type": "Feature", "properties": {"aeroway": "gate", "ref": "31B", "name": null, "surface": null, "id": 9969408191}, "geometry": {"type": "Point", "coordinates": [-118.4068281, 33.9456744]}}, {"type": "Feature", "properties": {"aeroway": "holding_position", "ref": null, "name": null, "surface": null, "id": 10026089953}, "geometry": {"type": "Point", "coordinates": [-118.3833718, 33.940287]}}, {"type": "Feature", "properties": {"aeroway": "holding_position", "ref": null, "name": null, "surface": null, "id": 10026089954}, "geometry": {"type": "Point", "coordinates": [-118.3833159, 33.9402932]}}, {"type": "Feature", "properties": {"aeroway": "holding_position", "ref": null, "name": null, "surface": null, "id": 10026089955}, "geometry": {"type": "Point", "coordinates": [-118.3832776, 33.9402981]}}, {"type": "Feature", "properties": {"aeroway": "holding_position", "ref": null, "name": null, "surface": null, "id": 10026089956}, "geometry": {"type": "Point", "coordinates": [-118.383903, 33.9404239]}}, {"type": "Feature", "properties": {"aeroway": "holding_position", "ref": null, "name": null, "surface": null, "id": 10026089957}, "geometry": {"type": "Point", "coordinates": [-118.3830504, 33.9405116]}}, {"type": "Feature", "properties": {"aeroway": "holding_position", "ref": null, "name": null, "surface": null, "id": 10026089958}, "geometry": {"type": "Point", "coordinates": [-118.383064, 33.9405713]}}, {"type": "Feature", "properties": {"aeroway": "holding_position", "ref": null, "name": null, "surface": null, "id": 10026089959}, "geometry": {"type": "Point", "coordinates": [-118.3824208, 33.9405766]}}, {"type": "Feature", "properties": {"aeroway": "holding_position", "ref": null, "name": null, "surface": null, "id": 10026089962}, "geometry": {"type": "Point", "coordinates": [-118.3833483, 33.9360727]}}, {"type": "Feature", "properties": {"aeroway": "holding_position", "ref": null, "name": null, "surface": null, "id": 10026095761}, "geometry": {"type": "Point", "coordinates": [-118.3937512, 33.9351249]}}, {"type": "Feature", "properties": {"aeroway": "holding_position", "ref": null, "name": null, "surface": null, "id": 10026095762}, "geometry": {"type": "Point", "coordinates": [-118.3935214, 33.9351502]}}, {"type": "Feature", "properties": {"aeroway": "holding_position", "ref": null, "name": null, "surface": null, "id": 10026095767}, "geometry": {"type": "Point", "coordinates": [-118.3911188, 33.9353908]}}, {"type": "Feature", "properties": {"aeroway": "holding_position", "ref": null, "name": null, "surface": null, "id": 10026095768}, "geometry": {"type": "Point", "coordinates": [-118.3905725, 33.9354491]}}, {"type": "Feature", "properties": {"aeroway": "holding_position", "ref": null, "name": null, "surface": null, "id": 10026095769}, "geometry": {"type": "Point", "coordinates": [-118.3908842, 33.9357663]}}, {"type": "Feature", "properties": {"aeroway": "holding_position", "ref": null, "name": null, "surface": null, "id": 10026095770}, "geometry": {"type": "Point", "coordinates": [-118.3829328, 33.9362268]}}, {"type": "Feature", "properties": {"aeroway": "holding_position", "ref": null, "name": null, "surface": null, "id": 10026095771}, "geometry": {"type": "Point", "coordinates": [-118.3827342, 33.9362474]}}, {"type": "Feature", "properties": {"aeroway": "holding_position", "ref": null, "name": null, "surface": null, "id": 10026095773}, "geometry": {"type": "Point", "coordinates": [-118.3913201, 33.9372593]}}, {"type": "Feature", "properties": {"aeroway": "holding_position", "ref": null, "name": null, "surface": null, "id": 10026095774}, "geometry": {"type": "Point", "coordinates": [-118.3884045, 33.9382368]}}, {"type": "Feature", "properties": {"aeroway": "holding_position", "ref": null, "name": null, "surface": null, "id": 10026095775}, "geometry": {"type": "Point", "coordinates": [-118.3831018, 33.9387742]}}, {"type": "Feature", "properties": {"aeroway": "holding_position", "ref": null, "name": null, "surface": null, "id": 10026095776}, "geometry": {"type": "Point", "coordinates": [-118.3830007, 33.9381095]}}, {"type": "Feature", "properties": {"aeroway": "holding_position", "ref": null, "name": null, "surface": null, "id": 10026095848}, "geometry": {"type": "Point", "coordinates": [-118.3938293, 33.9392189]}}, {"type": "Feature", "properties": {"aeroway": "holding_position", "ref": null, "name": null, "surface": null, "id": 10026095849}, "geometry": {"type": "Point", "coordinates": [-118.3936775, 33.9392331]}}, {"type": "Feature", "properties": {"aeroway": "holding_position", "ref": null, "name": null, "surface": null, "id": 10026095882}, "geometry": {"type": "Point", "coordinates": [-118.3883087, 33.9397884]}}, {"type": "Feature", "properties": {"aeroway": "holding_position", "ref": null, "name": null, "surface": null, "id": 10026095883}, "geometry": {"type": "Point", "coordinates": [-118.3899544, 33.9396127]}}, {"type": "Feature", "properties": {"aeroway": "holding_position", "ref": null, "name": null, "surface": null, "id": 10026095884}, "geometry": {"type": "Point", "coordinates": [-118.3800805, 33.9406251]}}, {"type": "Feature", "properties": {"aeroway": "holding_position", "ref": null, "name": null, "surface": null, "id": 10026095885}, "geometry": {"type": "Point", "coordinates": [-118.3800346, 33.9406292]}}, {"type": "Feature", "properties": {"aeroway": "holding_position", "ref": null, "name": null, "surface": null, "id": 10026096005}, "geometry": {"type": "Point", "coordinates": [-118.4006356, 33.9495398]}}, {"type": "Feature", "properties": {"aeroway": "holding_position", "ref": null, "name": null, "surface": null, "id": 10026096006}, "geometry": {"type": "Point", "coordinates": [-118.4017264, 33.9494284]}}, {"type": "Feature", "properties": {"aeroway": "holding_position", "ref": null, "name": null, "surface": null, "id": 10026096007}, "geometry": {"type": "Point", "coordinates": [-118.4016981, 33.9494305]}}, {"type": "Feature", "properties": {"aeroway": "holding_position", "ref": null, "name": null, "surface": null, "id": 10026096008}, "geometry": {"type": "Point", "coordinates": [-118.4019094, 33.9508596]}}, {"type": "Feature", "properties": {"aeroway": "holding_position", "ref": null, "name": null, "surface": null, "id": 10026096009}, "geometry": {"type": "Point", "coordinates": [-118.4019768, 33.951342]}}, {"type": "Feature", "properties": {"aeroway": "holding_position", "ref": null, "name": null, "surface": null, "id": 10026096053}, "geometry": {"type": "Point", "coordinates": [-118.401519, 33.9491327]}}, {"type": "Feature", "properties": {"aeroway": "holding_position", "ref": null, "name": null, "surface": null, "id": 10026096054}, "geometry": {"type": "Point", "coordinates": [-118.4015149, 33.949112]}}, {"type": "Feature", "properties": {"aeroway": "holding_position", "ref": null, "name": null, "surface": null, "id": 10026096055}, "geometry": {"type": "Point", "coordinates": [-118.4008623, 33.9491849]}}, {"type": "Feature", "properties": {"aeroway": "holding_position", "ref": null, "name": null, "surface": null, "id": 10026096056}, "geometry": {"type": "Point", "coordinates": [-118.4008611, 33.9491782]}}, {"type": "Feature", "properties": {"aeroway": "holding_position", "ref": null, "name": null, "surface": null, "id": 10026096129}, "geometry": {"type": "Point", "coordinates": [-118.4264463, 33.9373134]}}, {"type": "Feature", "properties": {"aeroway": "holding_position", "ref": null, "name": null, "surface": null, "id": 10026096130}, "geometry": {"type": "Point", "coordinates": [-118.4257532, 33.9369744]}}, {"type": "Feature", "properties": {"aeroway": "holding_position", "ref": null, "name": null, "surface": null, "id": 10026096138}, "geometry": {"type": "Point", "coordinates": [-118.4257825, 33.9361491]}}, {"type": "Feature", "properties": {"aeroway": "holding_position", "ref": null, "name": null, "surface": null, "id": 10026096139}, "geometry": {"type": "Point", "coordinates": [-118.422106, 33.9363278]}}, {"type": "Feature", "properties": {"aeroway": "holding_position", "ref": null, "name": null, "surface": null, "id": 10026096140}, "geometry": {"type": "Point", "coordinates": [-118.422063, 33.9363341]}}, {"type": "Feature", "properties": {"aeroway": "holding_position", "ref": null, "name": null, "surface": null, "id": 10026096142}, "geometry": {"type": "Point", "coordinates": [-118.4201396, 33.9367251]}}, {"type": "Feature", "properties": {"aeroway": "holding_position", "ref": null, "name": null, "surface": null, "id": 10026096144}, "geometry": {"type": "Point", "coordinates": [-118.4194989, 33.9366924]}}, {"type": "Feature", "properties": {"aeroway": "holding_position", "ref": null, "name": null, "surface": null, "id": 10026096147}, "geometry": {"type": "Point", "coordinates": [-118.419303, 33.9366153]}}, {"type": "Feature", "properties": {"aeroway": "holding_position", "ref": null, "name": null, "surface": null, "id": 10026096149}, "geometry": {"type": "Point", "coordinates": [-118.4193951, 33.9366048]}}, {"type": "Feature", "properties": {"aeroway": "holding_position", "ref": null, "name": null, "surface": null, "id": 10026096150}, "geometry": {"type": "Point", "coordinates": [-118.4193499, 33.9366103]}}, {"type": "Feature", "properties": {"aeroway": "holding_position", "ref": null, "name": null, "surface": null, "id": 10026096166}, "geometry": {"type": "Point", "coordinates": [-118.413467, 33.937406]}}, {"type": "Feature", "properties": {"aeroway": "holding_position", "ref": null, "name": null, "surface": null, "id": 10026096167}, "geometry": {"type": "Point", "coordinates": [-118.4127392, 33.937288]}}, {"type": "Feature", "properties": {"aeroway": "holding_position", "ref": null, "name": null, "surface": null, "id": 10026096171}, "geometry": {"type": "Point", "coordinates": [-118.4125824, 33.9357594]}}, {"type": "Feature", "properties": {"aeroway": "holding_position", "ref": null, "name": null, "surface": null, "id": 10026096172}, "geometry": {"type": "Point", "coordinates": [-118.4130668, 33.935375]}}, {"type": "Feature", "properties": {"aeroway": "holding_position", "ref": null, "name": null, "surface": null, "id": 10026096173}, "geometry": {"type": "Point", "coordinates": [-118.411288, 33.9352236]}}, {"type": "Feature", "properties": {"aeroway": "holding_position", "ref": null, "name": null, "surface": null, "id": 10026096174}, "geometry": {"type": "Point", "coordinates": [-118.4102841, 33.9356593]}}, {"type": "Feature", "properties": {"aeroway": "holding_position", "ref": null, "name": null, "surface": null, "id": 10026096175}, "geometry": {"type": "Point", "coordinates": [-118.4093696, 33.9357542]}}, {"type": "Feature", "properties": {"aeroway": "holding_position", "ref": null, "name": null, "surface": null, "id": 10026096177}, "geometry": {"type": "Point", "coordinates": [-118.407375, 33.9356255]}}, {"type": "Feature", "properties": {"aeroway": "holding_position", "ref": null, "name": null, "surface": null, "id": 10028503807}, "geometry": {"type": "Point", "coordinates": [-118.4334054, 33.9458129]}}, {"type": "Feature", "properties": {"aeroway": "holding_position", "ref": null, "name": null, "surface": null, "id": 10028503893}, "geometry": {"type": "Point", "coordinates": [-118.4278033, 33.9467574]}}, {"type": "Feature", "properties": {"aeroway": "holding_position", "ref": null, "name": null, "surface": null, "id": 10028503900}, "geometry": {"type": "Point", "coordinates": [-118.4299944, 33.9465264]}}, {"type": "Feature", "properties": {"aeroway": "holding_position", "ref": null, "name": null, "surface": null, "id": 10028504057}, "geometry": {"type": "Point", "coordinates": [-118.412663, 33.9388511]}}, {"type": "Feature", "properties": {"aeroway": "holding_position", "ref": null, "name": null, "surface": null, "id": 10028504066}, "geometry": {"type": "Point", "coordinates": [-118.407714, 33.9378047]}}, {"type": "Feature", "properties": {"aeroway": "holding_position", "ref": null, "name": null, "surface": null, "id": 10028504067}, "geometry": {"type": "Point", "coordinates": [-118.4060135, 33.9379682]}}, {"type": "Feature", "properties": {"aeroway": "holding_position", "ref": null, "name": null, "surface": null, "id": 10028504069}, "geometry": {"type": "Point", "coordinates": [-118.4042604, 33.9381474]}}, {"type": "Feature", "properties": {"aeroway": "holding_position", "ref": null, "name": null, "surface": null, "id": 10028504070}, "geometry": {"type": "Point", "coordinates": [-118.402578, 33.9383296]}}, {"type": "Feature", "properties": {"aeroway": "holding_position", "ref": null, "name": null, "surface": null, "id": 10028504071}, "geometry": {"type": "Point", "coordinates": [-118.4017081, 33.9384159]}}, {"type": "Feature", "properties": {"aeroway": "holding_position", "ref": null, "name": null, "surface": null, "id": 10028504080}, "geometry": {"type": "Point", "coordinates": [-118.399773, 33.9386166]}}, {"type": "Feature", "properties": {"aeroway": "holding_position", "ref": null, "name": null, "surface": null, "id": 10028504110}, "geometry": {"type": "Point", "coordinates": [-118.412778, 33.9464118]}}, {"type": "Feature", "properties": {"aeroway": "holding_position", "ref": null, "name": null, "surface": null, "id": 10028504111}, "geometry": {"type": "Point", "coordinates": [-118.4137564, 33.9463097]}}, {"type": "Feature", "properties": {"aeroway": "holding_position", "ref": null, "name": null, "surface": null, "id": 10028504116}, "geometry": {"type": "Point", "coordinates": [-118.4276918, 33.9457583]}}, {"type": "Feature", "properties": {"aeroway": "holding_position", "ref": null, "name": null, "surface": null, "id": 10028504142}, "geometry": {"type": "Point", "coordinates": [-118.4134714, 33.9443519]}}, {"type": "Feature", "properties": {"aeroway": "holding_position", "ref": null, "name": null, "surface": null, "id": 10028504143}, "geometry": {"type": "Point", "coordinates": [-118.4124922, 33.9444528]}}, {"type": "Feature", "properties": {"aeroway": "holding_position", "ref": null, "name": null, "surface": null, "id": 10028504235}, "geometry": {"type": "Point", "coordinates": [-118.4171209, 33.9459666]}}, {"type": "Feature", "properties": {"aeroway": "holding_position", "ref": null, "name": null, "surface": null, "id": 10028504236}, "geometry": {"type": "Point", "coordinates": [-118.4181059, 33.9458661]}}, {"type": "Feature", "properties": {"aeroway": "holding_position", "ref": null, "name": null, "surface": null, "id": 10028606418}, "geometry": {"type": "Point", "coordinates": [-118.3951442, 33.9405526]}}, {"type": "Feature", "properties": {"aeroway": "holding_position", "ref": null, "name": null, "surface": null, "id": 10028606421}, "geometry": {"type": "Point", "coordinates": [-118.3900224, 33.9396085]}}, {"type": "Feature", "properties": {"aeroway": "holding_position", "ref": null, "name": null, "surface": null, "id": 10028606431}, "geometry": {"type": "Point", "coordinates": [-118.3821919, 33.9361969]}}, {"type": "Feature", "properties": {"aeroway": "holding_position", "ref": null, "name": null, "surface": null, "id": 10028606436}, "geometry": {"type": "Point", "coordinates": [-118.4030498, 33.9360651]}}, {"type": "Feature", "properties": {"aeroway": "holding_position", "ref": null, "name": null, "surface": null, "id": 10028606437}, "geometry": {"type": "Point", "coordinates": [-118.4020845, 33.9364996]}}, {"type": "Feature", "properties": {"aeroway": "holding_position", "ref": null, "name": null, "surface": null, "id": 10028606438}, "geometry": {"type": "Point", "coordinates": [-118.3973233, 33.936984]}}, {"type": "Feature", "properties": {"aeroway": "holding_position", "ref": null, "name": null, "surface": null, "id": 10028606439}, "geometry": {"type": "Point", "coordinates": [-118.3942451, 33.9372997]}}, {"type": "Feature", "properties": {"aeroway": "holding_position", "ref": null, "name": null, "surface": null, "id": 10028606440}, "geometry": {"type": "Point", "coordinates": [-118.3937232, 33.9376945]}}, {"type": "Feature", "properties": {"aeroway": "holding_position", "ref": null, "name": null, "surface": null, "id": 10028606441}, "geometry": {"type": "Point", "coordinates": [-118.3931965, 33.9374055]}}, {"type": "Feature", "properties": {"aeroway": "holding_position", "ref": null, "name": null, "surface": null, "id": 10028606442}, "geometry": {"type": "Point", "coordinates": [-118.3842293, 33.9411374]}}, {"type": "Feature", "properties": {"aeroway": "holding_position", "ref": null, "name": null, "surface": null, "id": 10028606451}, "geometry": {"type": "Point", "coordinates": [-118.4031179, 33.9400998]}}, {"type": "Feature", "properties": {"aeroway": "holding_position", "ref": null, "name": null, "surface": null, "id": 10028606452}, "geometry": {"type": "Point", "coordinates": [-118.4006662, 33.9402096]}}, {"type": "Feature", "properties": {"aeroway": "holding_position", "ref": null, "name": null, "surface": null, "id": 10028606521}, "geometry": {"type": "Point", "coordinates": [-118.4022701, 33.9490352]}}, {"type": "Feature", "properties": {"aeroway": "holding_position", "ref": null, "name": null, "surface": null, "id": 10028606528}, "geometry": {"type": "Point", "coordinates": [-118.406919, 33.9337778]}}, {"type": "Feature", "properties": {"aeroway": "holding_position", "ref": null, "name": null, "surface": null, "id": 10028606529}, "geometry": {"type": "Point", "coordinates": [-118.4073206, 33.9337355]}}, {"type": "Feature", "properties": {"aeroway": "holding_position", "ref": null, "name": null, "surface": null, "id": 10028606530}, "geometry": {"type": "Point", "coordinates": [-118.4018445, 33.934299]}}, {"type": "Feature", "properties": {"aeroway": "holding_position", "ref": null, "name": null, "surface": null, "id": 10028606550}, "geometry": {"type": "Point", "coordinates": [-118.4116809, 33.9389508]}}, {"type": "Feature", "properties": {"aeroway": "holding_position", "ref": null, "name": null, "surface": null, "id": 10028606551}, "geometry": {"type": "Point", "coordinates": [-118.4118362, 33.9399969]}}, {"type": "Feature", "properties": {"aeroway": "holding_position", "ref": null, "name": null, "surface": null, "id": 10028606552}, "geometry": {"type": "Point", "coordinates": [-118.4121568, 33.9421653]}}, {"type": "Feature", "properties": {"aeroway": "holding_position", "ref": null, "name": null, "surface": null, "id": 10028606553}, "geometry": {"type": "Point", "coordinates": [-118.4119909, 33.9410504]}}, {"type": "Feature", "properties": {"aeroway": "holding_position", "ref": null, "name": null, "surface": null, "id": 10028606555}, "geometry": {"type": "Point", "coordinates": [-118.4122994, 33.9431463]}}, {"type": "Feature", "properties": {"aeroway": "holding_position", "ref": null, "name": null, "surface": null, "id": 10028606556}, "geometry": {"type": "Point", "coordinates": [-118.4126396, 33.9455088]}}, {"type": "Feature", "properties": {"aeroway": "holding_position", "ref": null, "name": null, "surface": null, "id": 10028606557}, "geometry": {"type": "Point", "coordinates": [-118.4136251, 33.9454038]}}, {"type": "Feature", "properties": {"aeroway": "holding_position", "ref": null, "name": null, "surface": null, "id": 10028606558}, "geometry": {"type": "Point", "coordinates": [-118.4132796, 33.9430471]}}, {"type": "Feature", "properties": {"aeroway": "holding_position", "ref": null, "name": null, "surface": null, "id": 10028606559}, "geometry": {"type": "Point", "coordinates": [-118.4131239, 33.9419949]}}, {"type": "Feature", "properties": {"aeroway": "holding_position", "ref": null, "name": null, "surface": null, "id": 10028606560}, "geometry": {"type": "Point", "coordinates": [-118.4129729, 33.940948]}}, {"type": "Feature", "properties": {"aeroway": "holding_position", "ref": null, "name": null, "surface": null, "id": 10028606561}, "geometry": {"type": "Point", "coordinates": [-118.4128164, 33.939898]}}, {"type": "Feature", "properties": {"aeroway": "holding_position", "ref": null, "name": null, "surface": null, "id": 10028606562}, "geometry": {"type": "Point", "coordinates": [-118.4170083, 33.9384048]}}, {"type": "Feature", "properties": {"aeroway": "holding_position", "ref": null, "name": null, "surface": null, "id": 10028606563}, "geometry": {"type": "Point", "coordinates": [-118.4180622, 33.9383014]}}, {"type": "Feature", "properties": {"aeroway": "holding_position", "ref": null, "name": null, "surface": null, "id": 10028606564}, "geometry": {"type": "Point", "coordinates": [-118.4187414, 33.942919]}}, {"type": "Feature", "properties": {"aeroway": "holding_position", "ref": null, "name": null, "surface": null, "id": 10028606565}, "geometry": {"type": "Point", "coordinates": [-118.4176864, 33.9430271]}}, {"type": "Feature", "properties": {"aeroway": "holding_position", "ref": null, "name": null, "surface": null, "id": 10028606566}, "geometry": {"type": "Point", "coordinates": [-118.4178437, 33.9440842]}}, {"type": "Feature", "properties": {"aeroway": "holding_position", "ref": null, "name": null, "surface": null, "id": 10028606567}, "geometry": {"type": "Point", "coordinates": [-118.4189043, 33.9439754]}}, {"type": "Feature", "properties": {"aeroway": "holding_position", "ref": null, "name": null, "surface": null, "id": 10028606568}, "geometry": {"type": "Point", "coordinates": [-118.4191588, 33.9457577]}}, {"type": "Feature", "properties": {"aeroway": "holding_position", "ref": null, "name": null, "surface": null, "id": 10028606569}, "geometry": {"type": "Point", "coordinates": [-118.3937422, 33.9370185]}}, {"type": "Feature", "properties": {"aeroway": "holding_position", "ref": null, "name": null, "surface": null, "id": 10028606570}, "geometry": {"type": "Point", "coordinates": [-118.3937193, 33.9370201]}}, {"type": "Feature", "properties": {"aeroway": "holding_position", "ref": null, "name": null, "surface": null, "id": 10028606571}, "geometry": {"type": "Point", "coordinates": [-118.4180155, 33.9328218]}}, {"type": "Feature", "properties": {"aeroway": "holding_position", "ref": null, "name": null, "surface": null, "id": 10028606573}, "geometry": {"type": "Point", "coordinates": [-118.41921, 33.9347467]}}, {"type": "Feature", "properties": {"aeroway": "holding_position", "ref": null, "name": null, "surface": null, "id": 10028606574}, "geometry": {"type": "Point", "coordinates": [-118.419222, 33.9348134]}}, {"type": "Feature", "properties": {"aeroway": "holding_position", "ref": null, "name": null, "surface": null, "id": 10028606575}, "geometry": {"type": "Point", "coordinates": [-118.4188778, 33.9351185]}}, {"type": "Feature", "properties": {"aeroway": "holding_position", "ref": null, "name": null, "surface": null, "id": 10028606576}, "geometry": {"type": "Point", "coordinates": [-118.419975, 33.9346657]}}, {"type": "Feature", "properties": {"aeroway": "holding_position", "ref": null, "name": null, "surface": null, "id": 10028606577}, "geometry": {"type": "Point", "coordinates": [-118.4155026, 33.9351262]}}, {"type": "Feature", "properties": {"aeroway": "holding_position", "ref": null, "name": null, "surface": null, "id": 10028606583}, "geometry": {"type": "Point", "coordinates": [-118.4058806, 33.9357774]}}, {"type": "Feature", "properties": {"aeroway": "holding_position", "ref": null, "name": null, "surface": null, "id": 10028606584}, "geometry": {"type": "Point", "coordinates": [-118.4053673, 33.9361633]}}, {"type": "Feature", "properties": {"aeroway": "holding_position", "ref": null, "name": null, "surface": null, "id": 10028606586}, "geometry": {"type": "Point", "coordinates": [-118.408888, 33.9361405]}}, {"type": "Feature", "properties": {"aeroway": "holding_position", "ref": null, "name": null, "surface": null, "id": 10028606593}, "geometry": {"type": "Point", "coordinates": [-118.4091103, 33.9376638]}}, {"type": "Feature", "properties": {"aeroway": "holding_position", "ref": null, "name": null, "surface": null, "id": 10028606594}, "geometry": {"type": "Point", "coordinates": [-118.409187, 33.937656]}}, {"type": "Feature", "properties": {"aeroway": "holding_position", "ref": null, "name": null, "surface": null, "id": 10028606668}, "geometry": {"type": "Point", "coordinates": [-118.4272626, 33.9361365]}}, {"type": "Feature", "properties": {"aeroway": "holding_position", "ref": null, "name": null, "surface": null, "id": 10028606731}, "geometry": {"type": "Point", "coordinates": [-118.3972835, 33.938873]}}, {"type": "Feature", "properties": {"aeroway": "holding_position", "ref": null, "name": null, "surface": null, "id": 10028606732}, "geometry": {"type": "Point", "coordinates": [-118.4150401, 33.9328346]}}, {"type": "Feature", "properties": {"aeroway": "holding_position", "ref": null, "name": null, "surface": null, "id": 10028606733}, "geometry": {"type": "Point", "coordinates": [-118.4124221, 33.933212]}}, {"type": "Feature", "properties": {"aeroway": "holding_position", "ref": null, "name": null, "surface": null, "id": 10028606734}, "geometry": {"type": "Point", "coordinates": [-118.4120101, 33.9332535]}}, {"type": "Feature", "properties": {"aeroway": "holding_position", "ref": null, "name": null, "surface": null, "id": 10028606739}, "geometry": {"type": "Point", "coordinates": [-118.4124824, 33.9350973]}}, {"type": "Feature", "properties": {"aeroway": "holding_position", "ref": null, "name": null, "surface": null, "id": 10028606740}, "geometry": {"type": "Point", "coordinates": [-118.4124905, 33.9350968]}}, {"type": "Feature", "properties": {"aeroway": "holding_position", "ref": null, "name": null, "surface": null, "id": 10028606741}, "geometry": {"type": "Point", "coordinates": [-118.4124977, 33.9350958]}}, {"type": "Feature", "properties": {"aeroway": "parking_position", "ref": "48C", "name": null, "surface": null, "id": 10038175545}, "geometry": {"type": "Point", "coordinates": [-118.4067616, 33.9396256]}}, {"type": "Feature", "properties": {"aeroway": "parking_position", "ref": "47B", "name": null, "surface": null, "id": 10038175546}, "geometry": {"type": "Point", "coordinates": [-118.4070951, 33.9396046]}}, {"type": "Feature", "properties": {"aeroway": "parking_position", "ref": "3", "name": null, "surface": null, "id": 10038176591}, "geometry": {"type": "Point", "coordinates": [-118.4092249, 33.945568]}}, {"type": "Feature", "properties": {"aeroway": "gate", "ref": "36", "name": null, "surface": null, "id": 10688451645}, "geometry": {"type": "Point", "coordinates": [-118.4075378, 33.9467215]}}, {"type": "Feature", "properties": {"aeroway": "gate", "ref": "38", "name": null, "surface": null, "id": 10688451646}, "geometry": {"type": "Point", "coordinates": [-118.4072212, 33.9467551]}}, {"type": "Feature", "properties": {"aeroway": "gate", "ref": "32B", "name": null, "surface": null, "id": 10688451647}, "geometry": {"type": "Point", "coordinates": [-118.4079176, 33.9463954]}}, {"type": "Feature", "properties": {"aeroway": "gate", "ref": "32A", "name": null, "surface": null, "id": 10688451648}, "geometry": {"type": "Point", "coordinates": [-118.407765, 33.9462821]}}, {"type": "Feature", "properties": {"aeroway": "gate", "ref": "30B", "name": null, "surface": null, "id": 10688451649}, "geometry": {"type": "Point", "coordinates": [-118.4075419, 33.9459549]}}, {"type": "Feature", "properties": {"aeroway": "gate", "ref": "30A", "name": null, "surface": null, "id": 10688451650}, "geometry": {"type": "Point", "coordinates": [-118.4075194, 33.9458063]}}, {"type": "Feature", "properties": {"aeroway": "holding_position", "ref": null, "name": null, "surface": null, "id": 11062573923}, "geometry": {"type": "Point", "coordinates": [-118.3932328, 33.940747]}}, {"type": "Feature", "properties": {"aeroway": "holding_position", "ref": null, "name": null, "surface": null, "id": 11062573924}, "geometry": {"type": "Point", "coordinates": [-118.3908233, 33.940993]}}, {"type": "Feature", "properties": {"aeroway": "holding_position", "ref": null, "name": null, "surface": null, "id": 11905066147}, "geometry": {"type": "Point", "coordinates": [-118.4122628, 33.9335835]}}, {"type": "Feature", "properties": {"aeroway": "holding_position", "ref": null, "name": null, "surface": null, "id": 11905066157}, "geometry": {"type": "Point", "coordinates": [-118.3937222, 33.9354553]}}, {"type": "Feature", "properties": {"aeroway": "holding_position", "ref": null, "name": null, "surface": null, "id": 11905072193}, "geometry": {"type": "Point", "coordinates": [-118.419514, 33.9367882]}}, {"type": "Feature", "properties": {"aeroway": "holding_position", "ref": null, "name": null, "surface": null, "id": 11905072204}, "geometry": {"type": "Point", "coordinates": [-118.3806076, 33.9407664]}}, {"type": "Feature", "properties": {"aeroway": "holding_position", "ref": null, "name": null, "surface": null, "id": 11910723444}, "geometry": {"type": "Point", "coordinates": [-118.4107215, 33.9485086]}}, {"type": "Feature", "properties": {"aeroway": "holding_position", "ref": null, "name": null, "surface": null, "id": 11910723446}, "geometry": {"type": "Point", "coordinates": [-118.4107035, 33.9485108]}}, {"type": "Feature", "properties": {"aeroway": "holding_position", "ref": null, "name": null, "surface": null, "id": 11910723450}, "geometry": {"type": "Point", "coordinates": [-118.4093228, 33.9486524]}}, {"type": "Feature", "properties": {"aeroway": "holding_position", "ref": null, "name": null, "surface": null, "id": 11910723451}, "geometry": {"type": "Point", "coordinates": [-118.4093149, 33.9486531]}}, {"type": "Feature", "properties": {"aeroway": "holding_position", "ref": null, "name": null, "surface": null, "id": 11910723452}, "geometry": {"type": "Point", "coordinates": [-118.4093071, 33.9486542]}}, {"type": "Feature", "properties": {"aeroway": "holding_position", "ref": null, "name": null, "surface": null, "id": 12053788707}, "geometry": {"type": "Point", "coordinates": [-118.424847, 33.9469958]}}, {"type": "Feature", "properties": {"aeroway": "holding_position", "ref": null, "name": null, "surface": null, "id": 12053788708}, "geometry": {"type": "Point", "coordinates": [-118.4245803, 33.948613]}}, {"type": "Feature", "properties": {"aeroway": "holding_position", "ref": null, "name": null, "surface": null, "id": 12053817591}, "geometry": {"type": "Point", "coordinates": [-118.4227322, 33.9487151]}}, {"type": "Feature", "properties": {"aeroway": "holding_position", "ref": null, "name": null, "surface": null, "id": 12053817592}, "geometry": {"type": "Point", "coordinates": [-118.4225481, 33.9472905]}}, {"type": "Feature", "properties": {"aeroway": "holding_position", "ref": null, "name": null, "surface": null, "id": 12053817593}, "geometry": {"type": "Point", "coordinates": [-118.4130552, 33.9500874]}}, {"type": "Feature", "properties": {"aeroway": "holding_position", "ref": null, "name": null, "surface": null, "id": 12053817594}, "geometry": {"type": "Point", "coordinates": [-118.4125308, 33.9497098]}}, {"type": "Feature", "properties": {"aeroway": "holding_position", "ref": null, "name": null, "surface": null, "id": 12053817595}, "geometry": {"type": "Point", "coordinates": [-118.4121007, 33.9483569]}}, {"type": "Feature", "properties": {"aeroway": "holding_position", "ref": null, "name": null, "surface": null, "id": 12537429566}, "geometry": {"type": "Point", "coordinates": [-118.4054258, 33.9397363]}}, {"type": "Feature", "properties": {"aeroway": "holding_position", "ref": null, "name": null, "surface": null, "id": 12537429567}, "geometry": {"type": "Point", "coordinates": [-118.4226047, 33.9472839]}}, {"type": "Feature", "properties": {"aeroway": "parking_position", "ref": "64A", "name": null, "surface": null, "id": 12971830375}, "geometry": {"type": "Point", "coordinates": [-118.4014162, 33.9415669]}}, {"type": "Feature", "properties": {"aeroway": "gate", "ref": "409", "name": null, "surface": null, "id": 12994515379}, "geometry": {"type": "Point", "coordinates": [-118.4328144, 33.944467]}}, {"type": "Feature", "properties": {"aeroway": "gate", "ref": "418", "name": null, "surface": null, "id": 12994515380}, "geometry": {"type": "Point", "coordinates": [-118.4298747, 33.9452947]}}, {"type": "Feature", "properties": {"aeroway": "gate", "ref": "416", "name": null, "surface": null, "id": 12994515381}, "geometry": {"type": "Point", "coordinates": [-118.429746, 33.944645]}}, {"type": "Feature", "properties": {"aeroway": "gate", "ref": "414", "name": null, "surface": null, "id": 12994515382}, "geometry": {"type": "Point", "coordinates": [-118.4296279, 33.944013]}}, {"type": "Feature", "properties": {"aeroway": "gate", "ref": "412", "name": null, "surface": null, "id": 12994515383}, "geometry": {"type": "Point", "coordinates": [-118.4295743, 33.9434167]}}, {"type": "Feature", "properties": {"aeroway": "gate", "ref": "410", "name": null, "surface": null, "id": 12994515384}, "geometry": {"type": "Point", "coordinates": [-118.4294348, 33.9428026]}}, {"type": "Feature", "properties": {"aeroway": "gate", "ref": "402", "name": null, "surface": null, "id": 12994515385}, "geometry": {"type": "Point", "coordinates": [-118.4329539, 33.9424554]}}, {"type": "Feature", "properties": {"aeroway": "gate", "ref": "64B", "name": null, "surface": null, "id": 13001956103}, "geometry": {"type": "Point", "coordinates": [-118.4017493, 33.9409652]}}, {"type": "Feature", "properties": {"aeroway": "gate", "ref": "64C", "name": null, "surface": null, "id": 13001956104}, "geometry": {"type": "Point", "coordinates": [-118.401754, 33.9408393]}}, {"type": "Feature", "properties": {"aeroway": "gate", "ref": "61", "name": null, "surface": null, "id": 13001956105}, "geometry": {"type": "Point", "coordinates": [-118.4023291, 33.9421621]}}, {"type": "Feature", "properties": {"aeroway": "windsock", "ref": null, "name": null, "surface": null, "id": 13014590435}, "geometry": {"type": "Point", "coordinates": [-118.4151871, 33.9355493]}}, {"type": "Feature", "properties": {"aeroway": "windsock", "ref": null, "name": null, "surface": null, "id": 13014590436}, "geometry": {"type": "Point", "coordinates": [-118.4314668, 33.9479854]}}, {"type": "Feature", "properties": {"aeroway": "gate", "ref": "153", "name": null, "surface": null, "id": 13307072607}, "geometry": {"type": "Point", "coordinates": [-118.409902, 33.941213]}}, {"type": "Feature", "properties": {"aeroway": "gate", "ref": "227", "name": null, "surface": null, "id": 13383716294}, "geometry": {"type": "Point", "coordinates": [-118.4141224, 33.9402794]}}, {"type": "Feature", "properties": {"aeroway": "gate", "ref": "229", "name": null, "surface": null, "id": 13383716295}, "geometry": {"type": "Point", "coordinates": [-118.4140777, 33.9399455]}}, {"type": "Feature", "properties": {"aeroway": "gate", "ref": "231", "name": null, "surface": null, "id": 13383716296}, "geometry": {"type": "Point", "coordinates": [-118.4139964, 33.9395981]}}, {"type": "Feature", "properties": {"aeroway": "gate", "ref": "233", "name": null, "surface": null, "id": 13383716297}, "geometry": {"type": "Point", "coordinates": [-118.4139964, 33.9392608]}}, {"type": "Feature", "properties": {"aeroway": "gate", "ref": "235", "name": null, "surface": null, "id": 13383716298}, "geometry": {"type": "Point", "coordinates": [-118.4139069, 33.9388999]}}, {"type": "Feature", "properties": {"aeroway": "gate", "ref": "230", "name": null, "surface": null, "id": 13383716299}, "geometry": {"type": "Point", "coordinates": [-118.4143013, 33.9395644]}}, {"type": "Feature", "properties": {"aeroway": "gate", "ref": "232", "name": null, "surface": null, "id": 13383716300}, "geometry": {"type": "Point", "coordinates": [-118.4142484, 33.9392204]}}, {"type": "Feature", "properties": {"aeroway": "gate", "ref": "227", "name": null, "surface": null, "id": 13383759401}, "geometry": {"type": "Point", "coordinates": [-118.4142078, 33.938846]}}, {"type": "Feature", "properties": {"aeroway": "gate", "ref": "49B", "name": null, "surface": null, "id": 13451428657}, "geometry": {"type": "Point", "coordinates": [-118.4070174, 33.9399709]}}, {"type": "Feature", "properties": {"aeroway": "gate", "ref": "41", "name": null, "surface": null, "id": 13451428675}, "geometry": {"type": "Point", "coordinates": [-118.4072429, 33.941822]}}, {"type": "Feature", "properties": {"aeroway": "gate", "ref": "46C", "name": null, "surface": null, "id": 13451428697}, "geometry": {"type": "Point", "coordinates": [-118.4063384, 33.9398074]}}, {"type": "Feature", "properties": {"aeroway": "gate", "ref": "48B", "name": null, "surface": null, "id": 13451428703}, "geometry": {"type": "Point", "coordinates": [-118.4065845, 33.9398185]}}, {"type": "Feature", "properties": {"aeroway": "gate", "ref": "49A", "name": null, "surface": null, "id": 13451428708}, "geometry": {"type": "Point", "coordinates": [-118.4070466, 33.9400098]}}, {"type": "Feature", "properties": {"aeroway": "holding_position", "ref": "3", "name": null, "surface": null, "id": 13915269937}, "geometry": {"type": "Point", "coordinates": [-118.3983256, 33.9413525]}}, {"type": "Feature", "properties": {"aeroway": "parking_position", "ref": "2", "name": null, "surface": null, "id": 13915269938}, "geometry": {"type": "Point", "coordinates": [-118.3982505, 33.9407074]}}, {"type": "Feature", "properties": {"aeroway": "holding_position", "ref": "1", "name": null, "surface": null, "id": 13915269939}, "geometry": {"type": "Point", "coordinates": [-118.3982594, 33.9402923]}}, {"type": "Feature", "properties": {"aeroway": "holding_position", "ref": "1", "name": null, "surface": null, "id": 13915269991}, "geometry": {"type": "Point", "coordinates": [-118.4031326, 33.9402011]}}, {"type": "Feature", "properties": {"aeroway": "holding_position", "ref": "2", "name": null, "surface": null, "id": 13915269992}, "geometry": {"type": "Point", "coordinates": [-118.4032462, 33.9409856]}}, {"type": "Feature", "properties": {"aeroway": "holding_position", "ref": "1", "name": null, "surface": null, "id": 13915305003}, "geometry": {"type": "Point", "coordinates": [-118.4054512, 33.9399039]}}, {"type": "Feature", "properties": {"aeroway": "holding_position", "ref": "S1", "name": null, "surface": null, "id": 13915305022}, "geometry": {"type": "Point", "coordinates": [-118.4081746, 33.9398254]}}, {"type": "Feature", "properties": {"aeroway": "holding_position", "ref": "42", "name": null, "surface": null, "id": 13915305039}, "geometry": {"type": "Point", "coordinates": [-118.4126782, 33.9457589]}}, {"type": "Feature", "properties": {"aeroway": "parking_position", "ref": "N1", "name": null, "surface": null, "id": 13915305040}, "geometry": {"type": "Point", "coordinates": [-118.4091168, 33.9469025]}}, {"type": "Feature", "properties": {"aeroway": "holding_position", "ref": "2", "name": null, "surface": null, "id": 13915305041}, "geometry": {"type": "Point", "coordinates": [-118.4090264, 33.9462858]}}, {"type": "Feature", "properties": {"aeroway": "holding_position", "ref": "3", "name": null, "surface": null, "id": 13915305042}, "geometry": {"type": "Point", "coordinates": [-118.4087678, 33.9456234]}}, {"type": "Feature", "properties": {"aeroway": "taxiway", "ref": "Y", "name": null, "surface": null, "id": 4341143}, "geometry": {"type": "LineString", "coordinates": [[-118.4231252, 33.9499432], [-118.4234235, 33.949898], [-118.4237068, 33.9498599], [-118.4238733, 33.9498345], [-118.424174, 33.9497804], [-118.4244934, 33.9497074], [-118.4248435, 33.9495979], [-118.4252127, 33.9494553], [-118.4255423, 33.9493017], [-118.4257681, 33.9492046], [-118.4260218, 33.9490668], [-118.4263931, 33.9488311], [-118.4267233, 33.9485899], [-118.4267479, 33.948572], [-118.4270436, 33.9483166], [-118.4271941, 33.9481536], [-118.4273731, 33.9479524], [-118.4275204, 33.9477486], [-118.4276454, 33.9475402], [-118.4277157, 33.9473568], [-118.4277643, 33.9471863], [-118.4277937, 33.9470551], [-118.4278141, 33.9468892], [-118.4278186, 33.9467563], [-118.4278184, 33.9467337], [-118.427799, 33.9466812]]}}, {"type": "Feature", "properties": {"aeroway": "taxiway", "ref": "Z", "name": null, "surface": null, "id": 4341144}, "geometry": {"type": "LineString", "coordinates": [[-118.4310579, 33.9491303], [-118.431003, 33.9487586], [-118.4309474, 33.9483712], [-118.4309199, 33.9481823], [-118.4308784, 33.9478974], [-118.4307754, 33.9472196], [-118.4307612, 33.9471371], [-118.4307434, 33.9470866], [-118.4307136, 33.947039], [-118.4306755, 33.9469904], [-118.4306316, 33.9469456], [-118.4305704, 33.9469035], [-118.4299944, 33.9465264], [-118.4296374, 33.9462989], [-118.4294989, 33.9462107], [-118.4294154, 33.9461752], [-118.4293521, 33.9461585], [-118.4292942, 33.9461473], [-118.42918, 33.9461417]]}}, {"type": "Feature", "properties": {"aeroway": "taxiway", "ref": null, "name": null, "surface": null, "id": 4341169}, "geometry": {"type": "LineString", "coordinates": [[-118.4102228, 33.9482207], [-118.4103726, 33.9482408], [-118.4104437, 33.9482642], [-118.4105453, 33.948313], [-118.4106034, 33.9483656], [-118.4106467, 33.9484147], [-118.4106814, 33.94847], [-118.4107035, 33.9485108], [-118.4107156, 33.9485457]]}}, {"type": "Feature", "properties": {"aeroway": "taxiway", "ref": "E8", "name": null, "surface": null, "id": 4341181}, "geometry": {"type": "LineString", "coordinates": [[-118.4033991, 33.9500241], [-118.4033018, 33.9500046], [-118.4031875, 33.9499776], [-118.4030766, 33.9499184], [-118.4029948, 33.9498591], [-118.4029297, 33.9497594], [-118.4028984, 33.9496827], [-118.4028967, 33.9495795], [-118.4029073, 33.9495222], [-118.4029222, 33.9494732], [-118.4029664, 33.9493881], [-118.4030068, 33.9493322], [-118.4030714, 33.9492793], [-118.4031846, 33.9491944], [-118.4033896, 33.9490796], [-118.4035886, 33.9489775], [-118.4038148, 33.9488977], [-118.4040176, 33.9488519]]}}, {"type": "Feature", "properties": {"aeroway": "taxiway", "ref": "D8", "name": null, "surface": null, "id": 4341182}, "geometry": {"type": "LineString", "coordinates": [[-118.4025808, 33.949], [-118.4027186, 33.9489404], [-118.4028205, 33.9488514], [-118.402909, 33.9487224], [-118.4029242, 33.9486026], [-118.4029129, 33.9485449], [-118.4029112, 33.9485315], [-118.4029094, 33.9485002], [-118.4028847, 33.9484319], [-118.4027744, 33.9481969], [-118.4027056, 33.9480747], [-118.4026759, 33.9479557], [-118.4026668, 33.9479112], [-118.4026541, 33.9478073], [-118.4024642, 33.9465032], [-118.4024513, 33.9464158], [-118.4024368, 33.9463707], [-118.4024216, 33.9463466], [-118.4023803, 33.9463021], [-118.4023013, 33.9462606], [-118.4022157, 33.946245]]}}, {"type": "Feature", "properties": {"aeroway": "taxiway", "ref": "C4", "name": null, "surface": null, "id": 19658958}, "geometry": {"type": "LineString", "coordinates": [[-118.3922866, 33.9404012], [-118.3922258, 33.9399942], [-118.3921664, 33.9395886]]}}, {"type": "Feature", "properties": {"aeroway": "taxiway", "ref": "C6", "name": null, "surface": null, "id": 19658969}, "geometry": {"type": "LineString", "coordinates": [[-118.3985345, 33.9427106], [-118.398341, 33.9414481], [-118.3983256, 33.9413525], [-118.3982396, 33.9407577], [-118.3982505, 33.9407074], [-118.3982894, 33.9405274], [-118.3982883, 33.9404864], [-118.3982697, 33.9403688], [-118.3982594, 33.9402923], [-118.3982397, 33.9401468], [-118.3982333, 33.9401106], [-118.3981759, 33.9397937], [-118.3981479, 33.9396797], [-118.3981107, 33.9395755], [-118.3980894, 33.9395004], [-118.3980681, 33.9394311], [-118.39805, 33.9393992], [-118.3980392, 33.9393801], [-118.3980051, 33.9393454], [-118.3979633, 33.9393138], [-118.3975387, 33.9390338]]}}, {"type": "Feature", "properties": {"aeroway": "taxiway", "ref": "H2", "name": null, "surface": null, "id": 19658989}, "geometry": {"type": "LineString", "coordinates": [[-118.3964381, 33.9381812], [-118.3961936, 33.9381828], [-118.3959789, 33.9381919], [-118.3956886, 33.9381938], [-118.3954057, 33.9381929], [-118.3950644, 33.9381802], [-118.3948766, 33.9381602], [-118.3945951, 33.9381394], [-118.3940606, 33.9380593], [-118.3937183, 33.9379812], [-118.3932806, 33.9378492], [-118.3930514, 33.9377614], [-118.392776, 33.9376644], [-118.3925584, 33.9376141], [-118.3923069, 33.9375749], [-118.3920493, 33.9375546], [-118.3917888, 33.9375534]]}}, {"type": "Feature", "properties": {"aeroway": "apron", "ref": null, "name": null, "surface": null, "id": 19666764}, "geometry": {"type": "Polygon", "coordinates": [[[-118.3981321, 33.9340761], [-118.4061533, 33.9332678], [-118.4060471, 33.9326038], [-118.4061543, 33.932536], [-118.406106, 33.9322244], [-118.4051748, 33.9323229], [-118.4051236, 33.9320135], [-118.4043028, 33.932096], [-118.4043751, 33.9325899], [-118.4001015, 33.9330369], [-118.4000922, 33.9329733], [-118.4000852, 33.9329241], [-118.3999991, 33.9323031], [-118.3999839, 33.9321933], [-118.3992369, 33.9324405], [-118.3991497, 33.9325561], [-118.3984616, 33.9326233], [-118.3983212, 33.9324658], [-118.3981787, 33.9324334], [-118.3977856, 33.9323441], [-118.3966883, 33.9330767], [-118.3967475, 33.9332873], [-118.3966478, 33.9333863], [-118.3965137, 33.9334041], [-118.3965033, 33.9334545], [-118.3965037, 33.933482], [-118.3965158, 33.9342349], [-118.3981321, 33.9340761]]]}}, {"type": "Feature", "properties": {"aeroway": "taxiway", "ref": "B1", "name": null, "surface": null, "id": 19778368}, "geometry": {"type": "LineString", "coordinates": [[-118.3800205, 33.940524], [-118.3800346, 33.9406292], [-118.380079, 33.9409601], [-118.3801092, 33.9411299], [-118.3801352, 33.9412654], [-118.3801937, 33.9413837], [-118.3802931, 33.9414757], [-118.3803977, 33.9415726], [-118.3805092, 33.9416818], [-118.3805798, 33.941796], [-118.3806234, 33.9419418], [-118.3806233, 33.9430894]]}}, {"type": "Feature", "properties": {"aeroway": "taxiway", "ref": "A1", "name": null, "surface": null, "id": 19778730}, "geometry": {"type": "LineString", "coordinates": [[-118.3812767, 33.9328782], [-118.3812774, 33.934185], [-118.381282, 33.9355797], [-118.3812752, 33.9357739], [-118.3812625, 33.9359855], [-118.3812798, 33.9360475], [-118.38131, 33.936111], [-118.381362, 33.9361693], [-118.3814097, 33.9362057], [-118.3814645, 33.936231], [-118.3815268, 33.936251], [-118.3821919, 33.9361969]]}}, {"type": "Feature", "properties": {"aeroway": "taxiway", "ref": "A2", "name": null, "surface": null, "id": 19778731}, "geometry": {"type": "LineString", "coordinates": [[-118.3850773, 33.9355666], [-118.3850724, 33.9353785], [-118.3850777, 33.9353314], [-118.3850898, 33.9352133], [-118.3851263, 33.9351211], [-118.3851357, 33.9350697], [-118.3851346, 33.9349747], [-118.3851321, 33.9344247], [-118.3851316, 33.9343103], [-118.3851296, 33.9338764], [-118.385127, 33.9333246], [-118.3851339, 33.9329172], [-118.3851341, 33.9329071], [-118.3851327, 33.932776], [-118.3851325, 33.9322248]]}}, {"type": "Feature", "properties": {"aeroway": "parking_position", "ref": null, "name": null, "surface": null, "id": 19778732}, "geometry": {"type": "LineString", "coordinates": [[-118.3875344, 33.935647], [-118.3876827, 33.935592], [-118.387744, 33.9355539], [-118.3878196, 33.9354792], [-118.3878675, 33.9354109], [-118.3878895, 33.9353489], [-118.3879068, 33.935283], [-118.3879067, 33.9352282], [-118.3878861, 33.9350954], [-118.3878803, 33.9350542]]}}, {"type": "Feature", "properties": {"aeroway": "taxiway", "ref": "A", "name": null, "surface": null, "id": 37909957}, "geometry": {"type": "LineString", "coordinates": [[-118.4173592, 33.9326014], [-118.4173254, 33.9325995], [-118.4172923, 33.9325989], [-118.4172559, 33.9326006], [-118.4166396, 33.9326655], [-118.4150401, 33.9328346], [-118.4131346, 33.9330237], [-118.412698, 33.9330736], [-118.4121826, 33.9331206], [-118.411664, 33.933173], [-118.4075606, 33.9336026], [-118.4067062, 33.9336886], [-118.4065888, 33.9336982], [-118.4059582, 33.9337635], [-118.4056383, 33.9337967], [-118.405095, 33.933853], [-118.404777, 33.933886], [-118.4039193, 33.933975], [-118.4022815, 33.9341367], [-118.401519, 33.9342167], [-118.4013355, 33.9342338], [-118.3995435, 33.934424], [-118.3984245, 33.9345367], [-118.3981971, 33.9345596], [-118.3979929, 33.9345803], [-118.394205, 33.9349649], [-118.3941049, 33.9349755], [-118.3937984, 33.935009], [-118.3936946, 33.9350191], [-118.3936422, 33.9350243], [-118.3933601, 33.9350518], [-118.3932232, 33.9350647], [-118.3931447, 33.9350736], [-118.3927812, 33.9351056], [-118.3923345, 33.9351522], [-118.3919874, 33.9351873], [-118.3915441, 33.9352323], [-118.391423, 33.9352454], [-118.3912018, 33.9352693], [-118.3906004, 33.9353312], [-118.3902438, 33.9353684], [-118.3897975, 33.9354134], [-118.3896644, 33.9354249], [-118.3892389, 33.9354695], [-118.3890097, 33.935492], [-118.3888605, 33.9355067], [-118.3885931, 33.9355331], [-118.3883638, 33.9355606], [-118.3882307, 33.9355721], [-118.3879468, 33.9355968], [-118.3875344, 33.935647], [-118.3855198, 33.9358517], [-118.3850869, 33.9358894], [-118.3847961, 33.9359249], [-118.3833483, 33.9360727], [-118.3832248, 33.9360857], [-118.3827164, 33.9361386], [-118.3821919, 33.9361969]]}}, {"type": "Feature", "properties": {"aeroway": "taxiway", "ref": null, "name": null, "surface": null, "id": 114216726}, "geometry": {"type": "LineString", "coordinates": [[-118.4128015, 33.9425634], [-118.4128139, 33.9425532], [-118.4128861, 33.9425259], [-118.4129746, 33.942471], [-118.4130456, 33.9424062], [-118.4130852, 33.9423531], [-118.4131183, 33.9422977], [-118.4131376, 33.9422333], [-118.4131508, 33.9421641]]}}, {"type": "Feature", "properties": {"aeroway": "parking_position", "ref": null, "name": null, "surface": null, "id": 138935831}, "geometry": {"type": "LineString", "coordinates": [[-118.3885365, 33.9349885], [-118.3885405, 33.9350238], [-118.3885629, 33.9351732], [-118.3886065, 33.935269], [-118.3886705, 33.9353449], [-118.3887745, 33.9354261], [-118.388846, 33.9354552], [-118.3889112, 33.9354729], [-118.3890097, 33.935492]]}}, {"type": "Feature", "properties": {"aeroway": "taxiway", "ref": "H1", "name": null, "surface": null, "id": 138935833}, "geometry": {"type": "LineString", "coordinates": [[-118.3915215, 33.9364678], [-118.3916093, 33.9365699], [-118.3916724, 33.936684], [-118.3916867, 33.9368157], [-118.3916572, 33.9369416], [-118.3916053, 33.9370301], [-118.3915142, 33.9371293]]}}, {"type": "Feature", "properties": {"aeroway": "taxiway", "ref": "H3", "name": null, "surface": null, "id": 138935836}, "geometry": {"type": "LineString", "coordinates": [[-118.3978874, 33.9361029], [-118.3975193, 33.9362577], [-118.3971245, 33.9364543], [-118.3967169, 33.9367093], [-118.3965062, 33.9368412], [-118.3963488, 33.9369215], [-118.3960863, 33.937027], [-118.395974, 33.9370601], [-118.3957614, 33.9371159], [-118.3955041, 33.9371687]]}}, {"type": "Feature", "properties": {"aeroway": "parking_position", "ref": "KAL1", "name": null, "surface": null, "id": 138935845}, "geometry": {"type": "LineString", "coordinates": [[-118.391536, 33.9335349], [-118.3915426, 33.9346573]]}}, {"type": "Feature", "properties": {"aeroway": "taxiway", "ref": "C1", "name": null, "surface": null, "id": 138935847}, "geometry": {"type": "LineString", "coordinates": [[-118.3833651, 33.9429605], [-118.3833583, 33.9419667], [-118.3833571, 33.9417699], [-118.3833655, 33.9417095], [-118.3833769, 33.9416261], [-118.3834005, 33.9415526], [-118.3834549, 33.9414711], [-118.3834741, 33.9414322], [-118.3834885, 33.9413812], [-118.3834911, 33.9413545], [-118.3834898, 33.9413266], [-118.383485, 33.9412904], [-118.3834367, 33.941036], [-118.3834074, 33.9408485], [-118.3834016, 33.9408155], [-118.3833437, 33.9404811]]}}, {"type": "Feature", "properties": {"aeroway": "runway", "ref": "06L/24R", "name": null, "surface": "concrete", "id": 138935848}, "geometry": {"type": "LineString", "coordinates": [[-118.4311801, 33.9491177], [-118.4310579, 33.9491303], [-118.4305409, 33.9491833], [-118.4231252, 33.9499432], [-118.4226152, 33.9500006], [-118.4206326, 33.9501939], [-118.4194051, 33.9503245], [-118.4153903, 33.9507326], [-118.4115438, 33.9511301], [-118.410624, 33.9512243], [-118.4094091, 33.9513488], [-118.4024169, 33.9520654], [-118.4020873, 33.9520991], [-118.4019676, 33.9521114]]}}, {"type": "Feature", "properties": {"aeroway": "parking_position", "ref": "KAL2", "name": null, "surface": null, "id": 138935850}, "geometry": {"type": "LineString", "coordinates": [[-118.3923316, 33.9332603], [-118.3923312, 33.9345971]]}}, {"type": "Feature", "properties": {"aeroway": "taxiway", "ref": "B3", "name": null, "surface": null, "id": 138935854}, "geometry": {"type": "LineString", "coordinates": [[-118.3900476, 33.9398035], [-118.3900224, 33.9396085], [-118.3899961, 33.9394368], [-118.3899853, 33.939335], [-118.3899935, 33.9392709], [-118.3900122, 33.9391872], [-118.3900577, 33.9391129], [-118.3901213, 33.9390311], [-118.3902152, 33.9389599], [-118.3903247, 33.938891], [-118.3904658, 33.9388325], [-118.3908483, 33.9387546]]}}, {"type": "Feature", "properties": {"aeroway": "runway", "ref": "07L/25R", "name": null, "surface": "concrete", "id": 138935876}, "geometry": {"type": "LineString", "coordinates": [[-118.4193466, 33.9358369], [-118.419218, 33.9358509], [-118.4131812, 33.936465], [-118.4126956, 33.9365144], [-118.4122501, 33.9365597], [-118.41182, 33.9366034], [-118.409529, 33.9368428], [-118.4090025, 33.9369001], [-118.4084507, 33.9369506], [-118.4079787, 33.9370004], [-118.407028, 33.9371009], [-118.4046743, 33.9373346], [-118.4042129, 33.9373766], [-118.4040987, 33.9373889], [-118.403494, 33.9374504], [-118.4003169, 33.9377838], [-118.399456, 33.9378719], [-118.3981115, 33.9380092], [-118.3973609, 33.9380915], [-118.3964381, 33.9381812], [-118.3950178, 33.9383276], [-118.3942613, 33.938397], [-118.3937148, 33.9384605], [-118.3932652, 33.9384979], [-118.3930942, 33.9385184], [-118.3908483, 33.9387546], [-118.3888626, 33.9389543], [-118.3886467, 33.9389791], [-118.3881208, 33.9390321], [-118.3876868, 33.9390714], [-118.3836508, 33.9394896], [-118.3832115, 33.9395343], [-118.3829392, 33.9395625]]}}, {"type": "Feature", "properties": {"aeroway": "parking_position", "ref": null, "name": null, "surface": null, "id": 138935885}, "geometry": {"type": "LineString", "coordinates": [[-118.3891785, 33.9349204], [-118.389183, 33.934957], [-118.3892092, 33.935095], [-118.3892547, 33.9352097], [-118.3893468, 33.9353093], [-118.3894111, 33.9353515], [-118.3894716, 33.9353824], [-118.3896045, 33.9354157], [-118.3896644, 33.9354249]]}}, {"type": "Feature", "properties": {"aeroway": "taxiway", "ref": "B2", "name": null, "surface": null, "id": 138935890}, "geometry": {"type": "LineString", "coordinates": [[-118.3890321, 33.9378525], [-118.3889686, 33.937883], [-118.388884, 33.937936], [-118.3884045, 33.9382368], [-118.3883722, 33.9382572], [-118.388198, 33.9383744], [-118.3881256, 33.9384637], [-118.3880893, 33.9385382], [-118.3880726, 33.9386096], [-118.3880744, 33.9386921], [-118.3881208, 33.9390321], [-118.3881737, 33.939425], [-118.3882035, 33.9396262]]}}, {"type": "Feature", "properties": {"aeroway": "taxiway", "ref": "H5", "name": null, "surface": null, "id": 139991746}, "geometry": {"type": "LineString", "coordinates": [[-118.4042129, 33.9373766], [-118.4041615, 33.9370262], [-118.4041108, 33.9369047], [-118.404041, 33.9368246], [-118.403952, 33.9367614], [-118.4038533, 33.9367112], [-118.403702, 33.9366691], [-118.4030366, 33.9364339], [-118.4028615, 33.9364137]]}}, {"type": "Feature", "properties": {"aeroway": "taxiway", "ref": null, "name": null, "surface": null, "id": 139991748}, "geometry": {"type": "LineString", "coordinates": [[-118.4150812, 33.937241], [-118.4149762, 33.9372879], [-118.4149038, 33.9373463], [-118.4148611, 33.9374089], [-118.4148372, 33.9374672], [-118.4148414, 33.9375508]]}}, {"type": "Feature", "properties": {"aeroway": "taxiway", "ref": "E7", "name": null, "surface": null, "id": 139991761}, "geometry": {"type": "LineString", "coordinates": [[-118.4006286, 33.9494864], [-118.4006356, 33.9495398], [-118.4007073, 33.9499939]]}}, {"type": "Feature", "properties": {"aeroway": "taxiway", "ref": "D", "name": null, "surface": null, "id": 139991765}, "geometry": {"type": "LineString", "coordinates": [[-118.4188222, 33.9463212], [-118.4187941, 33.9463261], [-118.4187411, 33.9463312], [-118.4186168, 33.9463455], [-118.4181773, 33.9463915], [-118.4177358, 33.9464377], [-118.4176529, 33.9464452], [-118.4171909, 33.9464869], [-118.4167684, 33.9465349], [-118.4164323, 33.9465666], [-118.4160827, 33.9465996]]}}, {"type": "Feature", "properties": {"aeroway": "taxiway", "ref": "R", "name": null, "surface": null, "id": 139991766}, "geometry": {"type": "LineString", "coordinates": [[-118.4021431, 33.9490484], [-118.4019991, 33.9490989], [-118.401927, 33.9491371], [-118.4018623, 33.9491898], [-118.4018207, 33.9492303], [-118.4017875, 33.9492739], [-118.4017648, 33.9493137], [-118.4017445, 33.9493588], [-118.4017264, 33.9494284], [-118.4017114, 33.9495078]]}}, {"type": "Feature", "properties": {"aeroway": "taxiway", "ref": null, "name": null, "surface": null, "id": 139991776}, "geometry": {"type": "LineString", "coordinates": [[-118.4070589, 33.9359798], [-118.4071341, 33.9359494], [-118.4072035, 33.9359071], [-118.4072852, 33.9358391], [-118.4073258, 33.9357881], [-118.4073438, 33.9357531], [-118.4073652, 33.935695], [-118.407375, 33.9356255], [-118.4073838, 33.935548]]}}, {"type": "Feature", "properties": {"aeroway": "taxiway", "ref": "A6", "name": null, "surface": null, "id": 139991786}, "geometry": {"type": "LineString", "coordinates": [[-118.3979869, 33.9331715], [-118.3981321, 33.9340761], [-118.3981412, 33.934124], [-118.3981789, 33.9343663], [-118.3981949, 33.934401], [-118.3982162, 33.9344385], [-118.3982437, 33.934468], [-118.3982853, 33.9344962], [-118.3983325, 33.9345169], [-118.3983792, 33.9345295], [-118.3984245, 33.9345367]]}}, {"type": "Feature", "properties": {"aeroway": "taxiway", "ref": "C10", "name": null, "surface": null, "id": 139991787}, "geometry": {"type": "LineString", "coordinates": [[-118.4069806, 33.9388998], [-118.4070067, 33.9388896], [-118.4070734, 33.9388673], [-118.4071441, 33.9388305], [-118.4072085, 33.9387858], [-118.407263, 33.9387317], [-118.4073028, 33.9386839], [-118.4073417, 33.9386131], [-118.4073724, 33.9385266], [-118.40737, 33.9384566], [-118.4073698, 33.9384205], [-118.4073697, 33.9383869], [-118.4073913, 33.9383094], [-118.4074421, 33.9382133], [-118.4075056, 33.9381393], [-118.4075813, 33.9380789], [-118.4076997, 33.9380144], [-118.4077577, 33.9379886]]}}, {"type": "Feature", "properties": {"aeroway": "taxiway", "ref": "H6", "name": null, "surface": null, "id": 139991789}, "geometry": {"type": "LineString", "coordinates": [[-118.40433, 33.9362682], [-118.4041064, 33.9362664], [-118.4039354, 33.9362615], [-118.4037211, 33.9362373], [-118.4035322, 33.9362028], [-118.4033488, 33.9361638], [-118.4030997, 33.9360844], [-118.4030498, 33.9360651], [-118.402817, 33.9359736], [-118.4025342, 33.9358809], [-118.4022738, 33.9358065], [-118.4017195, 33.9357099], [-118.401376, 33.9356681], [-118.4008279, 33.9356374], [-118.4003604, 33.9356311], [-118.3999447, 33.9356461], [-118.3997291, 33.9356597], [-118.3995228, 33.9356727], [-118.3992011, 33.9356833]]}}, {"type": "Feature", "properties": {"aeroway": "taxiway", "ref": "H9", "name": null, "surface": null, "id": 139991795}, "geometry": {"type": "LineString", "coordinates": [[-118.4126351, 33.9354203], [-118.4125355, 33.9354253], [-118.4124729, 33.9354274], [-118.4124079, 33.9354279], [-118.4122327, 33.9354276], [-118.4121602, 33.9354188], [-118.4121168, 33.9354156], [-118.4120695, 33.9354107], [-118.4120243, 33.9354054], [-118.4119692, 33.9353971], [-118.411877, 33.9353824], [-118.411798, 33.9353681], [-118.4117342, 33.9353554], [-118.4116961, 33.9353473], [-118.4116568, 33.9353384], [-118.4116178, 33.9353294], [-118.4115808, 33.9353197], [-118.4115426, 33.9353097], [-118.4115068, 33.9352995], [-118.4114691, 33.9352878], [-118.4114312, 33.935276], [-118.4113947, 33.9352638], [-118.4113587, 33.9352506], [-118.4113226, 33.9352372], [-118.411288, 33.9352236], [-118.4112336, 33.9352016], [-118.4111617, 33.9351734], [-118.4110767, 33.9351401], [-118.4110173, 33.9351184], [-118.4109326, 33.9350887], [-118.4108339, 33.9350571], [-118.4107633, 33.9350373], [-118.4106977, 33.9350198], [-118.4106286, 33.9350017], [-118.4105555, 33.9349833], [-118.4104702, 33.9349644], [-118.4103728, 33.9349433], [-118.4102662, 33.934921], [-118.4101579, 33.9349004], [-118.4100929, 33.9348885], [-118.4100242, 33.9348765], [-118.4099655, 33.9348675], [-118.4099086, 33.9348597], [-118.4097948, 33.9348446], [-118.4097159, 33.9348345], [-118.4096359, 33.9348256], [-118.4095514, 33.934817], [-118.409487, 33.9348122], [-118.4094041, 33.9348059], [-118.4093445, 33.9348014], [-118.4092818, 33.9347976], [-118.4092237, 33.9347944], [-118.4091583, 33.9347916], [-118.4090824, 33.934789], [-118.4089126, 33.9347836], [-118.4087774, 33.9347824], [-118.4086354, 33.9347834], [-118.4084974, 33.9347902], [-118.4081307, 33.9348018], [-118.407891, 33.934797]]}}, {"type": "Feature", "properties": {"aeroway": "taxiway", "ref": null, "name": null, "surface": null, "id": 139991804}, "geometry": {"type": "LineString", "coordinates": [[-118.4172114, 33.9370273], [-118.4171361, 33.9370552], [-118.4170714, 33.9370921], [-118.4170233, 33.9371226], [-118.4169741, 33.9371606], [-118.4169055, 33.9372527], [-118.4168826, 33.9373059], [-118.4168704, 33.9373719], [-118.4168686, 33.93742], [-118.4168676, 33.9374421]]}}, {"type": "Feature", "properties": {"aeroway": "apron", "ref": null, "name": null, "surface": null, "id": 159764832}, "geometry": {"type": "Polygon", "coordinates": [[[-118.3915005, 33.9426693], [-118.3910467, 33.9428932], [-118.3909464, 33.9428192], [-118.3908539, 33.942896], [-118.3907722, 33.9428507], [-118.3906407, 33.9428638], [-118.3900382, 33.9429575], [-118.3900421, 33.943116], [-118.3899478, 33.9432054], [-118.3896929, 33.9432134], [-118.3896926, 33.9430648], [-118.3895235, 33.9430654], [-118.3895208, 33.9425236], [-118.3871099, 33.9425319], [-118.386875, 33.9425239], [-118.3868967, 33.941458], [-118.3903772, 33.9410653], [-118.3903624, 33.9409715], [-118.3904357, 33.9409146], [-118.3905111, 33.940826], [-118.3905533, 33.9407647], [-118.3905906, 33.940674], [-118.39538, 33.9401883], [-118.3953872, 33.9404501], [-118.3955451, 33.9405177], [-118.3955446, 33.9414952], [-118.3952205, 33.9415006], [-118.3951595, 33.9418223], [-118.3957406, 33.9418308], [-118.3957417, 33.9419646], [-118.3958606, 33.9419622], [-118.3958856, 33.9431607], [-118.3957529, 33.9433876], [-118.3955118, 33.9435443], [-118.3950805, 33.9435495], [-118.39497, 33.9437062], [-118.3948856, 33.9437984], [-118.3947874, 33.9438774], [-118.3946944, 33.9439316], [-118.3945636, 33.9439974], [-118.3941933, 33.9441217], [-118.3939989, 33.9441635], [-118.3920106, 33.94417], [-118.3920043, 33.9431782], [-118.3926308, 33.9431759], [-118.3944655, 33.943169], [-118.3946728, 33.9431709], [-118.3946757, 33.9420387], [-118.394471, 33.9419473], [-118.394457, 33.9414878], [-118.3942029, 33.9414887], [-118.3939801, 33.9414935], [-118.3939474, 33.9414938], [-118.3939463, 33.9415337], [-118.3939422, 33.9417631], [-118.3939401, 33.9418899], [-118.3939602, 33.9418893], [-118.39398, 33.9418887], [-118.3939794, 33.9420913], [-118.3939374, 33.9420912], [-118.393937, 33.942113], [-118.3939372, 33.9421588], [-118.3939656, 33.9421589], [-118.3939862, 33.9421589], [-118.3939853, 33.9423273], [-118.3939851, 33.9423795], [-118.3939848, 33.942636], [-118.3940117, 33.9427922], [-118.3940056, 33.9431603], [-118.3930133, 33.9431622], [-118.3930379, 33.9426478], [-118.3926301, 33.9426481], [-118.3926186, 33.9426481], [-118.3922252, 33.9426965], [-118.3921859, 33.9427008], [-118.3919695, 33.9427194], [-118.3915313, 33.9427204], [-118.3915005, 33.9426693]]]}}, {"type": "Feature", "properties": {"aeroway": "apron", "ref": "B-1 Cargo Area", "name": null, "surface": null, "id": 159765976}, "geometry": {"type": "Polygon", "coordinates": [[[-118.3813062, 33.9437777], [-118.381303, 33.9437777], [-118.3804042, 33.9437778], [-118.3803677, 33.9434094], [-118.3792076, 33.9434012], [-118.3792067, 33.943172], [-118.3792382, 33.9431716], [-118.3792462, 33.9412783], [-118.3804457, 33.9415648], [-118.3806121, 33.9415792], [-118.3813365, 33.9415086], [-118.3813127, 33.942265], [-118.3813062, 33.9437777]]]}}, {"type": "Feature", "properties": {"aeroway": "apron", "ref": null, "name": null, "surface": null, "id": 159766447}, "geometry": {"type": "Polygon", "coordinates": [[[-118.3958538, 33.9343304], [-118.3958539, 33.933775], [-118.3950834, 33.9337741], [-118.3950801, 33.9335897], [-118.3941216, 33.9335912], [-118.3941209, 33.9333207], [-118.3940742, 33.9333207], [-118.3940735, 33.9327393], [-118.3950603, 33.932738], [-118.3950708, 33.9324291], [-118.3949716, 33.9322799], [-118.3937858, 33.9322825], [-118.3937872, 33.9331552], [-118.3912478, 33.9331591], [-118.3912472, 33.9335472], [-118.3909393, 33.9335455], [-118.3909383, 33.9334228], [-118.3897667, 33.9334227], [-118.3897606, 33.9337377], [-118.3892009, 33.9337424], [-118.3891737, 33.9335654], [-118.3862676, 33.9338869], [-118.3862621, 33.9314605], [-118.3846406, 33.9314628], [-118.3846431, 33.9320939], [-118.3842591, 33.9320924], [-118.384258, 33.9332628], [-118.384733, 33.9332661], [-118.3847361, 33.9338361], [-118.3842588, 33.9338381], [-118.3842656, 33.9354118], [-118.3850777, 33.9353314], [-118.3878803, 33.9350542], [-118.3885365, 33.9349885], [-118.3891785, 33.9349204], [-118.3897362, 33.9348585], [-118.3906179, 33.9347783], [-118.391534, 33.9346805], [-118.3923312, 33.9345971], [-118.3933729, 33.9344872], [-118.3939452, 33.9344327], [-118.3940817, 33.9344301], [-118.3942744, 33.9344421], [-118.3944291, 33.9344617], [-118.3945975, 33.9344507], [-118.3947883, 33.9344334], [-118.3958538, 33.9343304]]]}}, {"type": "Feature", "properties": {"aeroway": "taxiway", "ref": "A7", "name": null, "surface": null, "id": 159858539}, "geometry": {"type": "LineString", "coordinates": [[-118.401519, 33.9342167], [-118.4015754, 33.934214], [-118.4016146, 33.9342167], [-118.4016406, 33.9342206], [-118.4016686, 33.9342265], [-118.4016933, 33.9342326], [-118.4017206, 33.9342415], [-118.401747, 33.9342508], [-118.4017726, 33.9342604], [-118.4017926, 33.9342694], [-118.4018085, 33.9342775], [-118.4018337, 33.9342911], [-118.4018445, 33.934299], [-118.4018569, 33.9343048], [-118.4018815, 33.9343245], [-118.4019101, 33.9343492], [-118.4019341, 33.9343749], [-118.4019572, 33.9344021], [-118.4019793, 33.9344302], [-118.4019983, 33.9344587], [-118.402007, 33.9344727], [-118.4020109, 33.9344803], [-118.4020148, 33.9344892], [-118.4020177, 33.9344966], [-118.4020216, 33.9345076], [-118.402025, 33.9345194], [-118.4020271, 33.9345277], [-118.4020295, 33.9345378], [-118.402032, 33.934551], [-118.402037, 33.9345812], [-118.402043, 33.9346154], [-118.402044, 33.9346273], [-118.4020452, 33.9346419], [-118.4020456, 33.9346528], [-118.402045, 33.9346655], [-118.402044, 33.9346763], [-118.4020415, 33.9346893], [-118.4020331, 33.9347182], [-118.4020253, 33.9347423], [-118.4020145, 33.9347692], [-118.4019999, 33.9347987], [-118.4019897, 33.9348165], [-118.4019766, 33.934838], [-118.4019588, 33.9348605], [-118.4019389, 33.9348821], [-118.4019161, 33.9349049], [-118.401891, 33.9349274], [-118.4018509, 33.9349568], [-118.4017319, 33.9350131], [-118.4016802, 33.9350367], [-118.4016073, 33.935067], [-118.4015478, 33.9350924], [-118.4014652, 33.9351263], [-118.4013889, 33.9351561], [-118.4013229, 33.935181], [-118.4012478, 33.9352078], [-118.4011853, 33.9352298], [-118.4011293, 33.9352494], [-118.4010655, 33.9352707], [-118.4010102, 33.9352892], [-118.4009475, 33.9353088], [-118.4008825, 33.9353277], [-118.4008081, 33.935349], [-118.4007194, 33.9353736], [-118.4006429, 33.9353937], [-118.4005745, 33.9354121], [-118.400505, 33.9354307], [-118.4004391, 33.9354473], [-118.4003923, 33.9354577], [-118.4003536, 33.9354659], [-118.4003123, 33.9354749], [-118.4002741, 33.935483], [-118.4002229, 33.9354943], [-118.4001278, 33.9355142], [-118.4000504, 33.9355301], [-118.400005, 33.935539], [-118.3999454, 33.9355507], [-118.3998952, 33.9355589], [-118.3997957, 33.9355755], [-118.3997035, 33.9355909], [-118.3996185, 33.9356048], [-118.3995702, 33.9356128], [-118.3995217, 33.9356203], [-118.3994656, 33.9356294], [-118.3994169, 33.9356371], [-118.3988365, 33.9357206]]}}, {"type": "Feature", "properties": {"aeroway": "apron", "ref": null, "name": null, "surface": null, "id": 159858545}, "geometry": {"type": "Polygon", "coordinates": [[[-118.408596, 33.9454021], [-118.4086856, 33.944987], [-118.4088843, 33.9448951], [-118.4089742, 33.9447587], [-118.4089536, 33.9445537], [-118.4092737, 33.9444995], [-118.4092644, 33.9443751], [-118.4092784, 33.9443737], [-118.4092529, 33.9441741], [-118.4093074, 33.9441691], [-118.4093321, 33.9441669], [-118.4098298, 33.9441159], [-118.409839, 33.9441883], [-118.4101953, 33.9441508], [-118.4101996, 33.9441586], [-118.4102398, 33.9441472], [-118.4102446, 33.9441787], [-118.4103193, 33.9441707], [-118.4103352, 33.9442738], [-118.4104535, 33.9442598], [-118.4104552, 33.9442651], [-118.4104291, 33.944267], [-118.4104237, 33.944424], [-118.4102109, 33.9444026], [-118.4102151, 33.9444349], [-118.4101858, 33.9444313], [-118.4101897, 33.9444695], [-118.4101998, 33.9445203], [-118.4104554, 33.9445455], [-118.4104545, 33.9445639], [-118.4104188, 33.9445666], [-118.4104167, 33.944663], [-118.4104782, 33.9446561], [-118.410467, 33.9450036], [-118.4105284, 33.9449971], [-118.410524, 33.9451075], [-118.4103115, 33.9450864], [-118.4103156, 33.9451165], [-118.4102877, 33.9451135], [-118.4102947, 33.9451706], [-118.410299, 33.9452026], [-118.4105558, 33.9452276], [-118.4105546, 33.9452454], [-118.41052, 33.9452487], [-118.4105198, 33.9452547], [-118.410517, 33.9453448], [-118.4105792, 33.9453384], [-118.4105717, 33.9455199], [-118.4104783, 33.9455294], [-118.4104972, 33.9456581], [-118.410417, 33.9456663], [-118.4104276, 33.9457386], [-118.4103735, 33.9457441], [-118.4103596, 33.9457299], [-118.4102665, 33.9457396], [-118.4102856, 33.9458621], [-118.4101098, 33.9458806], [-118.4101541, 33.9461529], [-118.4101729, 33.9461513], [-118.410177, 33.9461828], [-118.410182, 33.9462142], [-118.4101612, 33.9462172], [-118.4101819, 33.9463601], [-118.4101854, 33.9463814], [-118.4102617, 33.9463717], [-118.4102729, 33.9463725], [-118.4102817, 33.9464326], [-118.4103282, 33.9464271], [-118.4104603, 33.9464145], [-118.4105536, 33.9470101], [-118.409152, 33.9471431], [-118.4058092, 33.9474976], [-118.4030648, 33.9477914], [-118.4030889, 33.9479175], [-118.4027353, 33.9479509], [-118.4026759, 33.9479557], [-118.4026456, 33.9479574], [-118.4004983, 33.9481895], [-118.4004441, 33.9481824], [-118.4003999, 33.9481605], [-118.4003694, 33.9481316], [-118.400343, 33.9480963], [-118.4003398, 33.9480434], [-118.400414, 33.947343], [-118.4004217, 33.9472772], [-118.4004259, 33.9470567], [-118.400411, 33.9469638], [-118.400328, 33.9464078], [-118.4001352, 33.9464556], [-118.3998519, 33.9464976], [-118.3998472, 33.9459379], [-118.3998559, 33.9459553], [-118.3998734, 33.9459587], [-118.3998807, 33.9459573], [-118.3998918, 33.9459554], [-118.399903, 33.9459448], [-118.4000764, 33.945981], [-118.4001052, 33.945978], [-118.4001121, 33.9460249], [-118.4002014, 33.9460848], [-118.4003198, 33.9460755], [-118.4006062, 33.9462606], [-118.4009053, 33.9462311], [-118.4009274, 33.9463796], [-118.4009663, 33.9466272], [-118.4009986, 33.9468324], [-118.4009096, 33.946841], [-118.400944, 33.9470757], [-118.4009937, 33.9474086], [-118.4010243, 33.9476114], [-118.4010479, 33.9476089], [-118.4012278, 33.9475902], [-118.4012703, 33.9475858], [-118.4012805, 33.947585], [-118.4012813, 33.947592], [-118.4012707, 33.9475927], [-118.401275, 33.9476299], [-118.4013653, 33.9476205], [-118.4013592, 33.9475769], [-118.4013984, 33.9475729], [-118.4015631, 33.947556], [-118.4016055, 33.9475517], [-118.4015777, 33.9473651], [-118.4015273, 33.9470201], [-118.4014985, 33.9468257], [-118.401493, 33.9467853], [-118.4014081, 33.9467932], [-118.4013745, 33.9465909], [-118.4013125, 33.9461978], [-118.4012994, 33.9461148], [-118.4013533, 33.9461092], [-118.401532, 33.9459226], [-118.4016443, 33.9459115], [-118.4016369, 33.9458689], [-118.4019185, 33.9458396], [-118.4019709, 33.9458334], [-118.4022618, 33.9459737], [-118.4022838, 33.9459571], [-118.4025317, 33.9457597], [-118.4031786, 33.9456907], [-118.4031652, 33.945603], [-118.4032033, 33.9455991], [-118.4032052, 33.945612], [-118.4036029, 33.9455712], [-118.4036169, 33.9456653], [-118.403586, 33.9456685], [-118.403589, 33.9456918], [-118.4035988, 33.9457544], [-118.4036277, 33.9457514], [-118.4036318, 33.9457783], [-118.4036668, 33.9457747], [-118.4036704, 33.9457985], [-118.4036996, 33.9457955], [-118.4037153, 33.9459], [-118.4037182, 33.9459198], [-118.4036793, 33.9459238], [-118.4036844, 33.9459581], [-118.4037261, 33.9459538], [-118.4037411, 33.9460539], [-118.4036963, 33.9460585], [-118.4037009, 33.9460889], [-118.403744, 33.9460845], [-118.4037789, 33.9463184], [-118.403736, 33.9463228], [-118.4037404, 33.9463528], [-118.4037803, 33.9463487], [-118.4037958, 33.9464555], [-118.4038195, 33.9466126], [-118.4037777, 33.9466168], [-118.4037824, 33.9466486], [-118.4038241, 33.9466443], [-118.4038403, 33.9467553], [-118.4038587, 33.9468813], [-118.4038624, 33.9469035], [-118.4038217, 33.9469076], [-118.4038261, 33.9469374], [-118.4038661, 33.9469334], [-118.4038707, 33.9469642], [-118.4038916, 33.946962], [-118.4039881, 33.9469523], [-118.4041704, 33.9469339], [-118.4043019, 33.9469206], [-118.4044214, 33.9469086], [-118.4044312, 33.9469076], [-118.4044703, 33.9468702], [-118.4044607, 33.9468042], [-118.4044281, 33.9465846], [-118.4043654, 33.9461588], [-118.4043606, 33.9461259], [-118.4043155, 33.9461305], [-118.4042969, 33.9459836], [-118.404289, 33.9459199], [-118.4050458, 33.9458448], [-118.4051326, 33.9459455], [-118.4054282, 33.9459688], [-118.4059902, 33.9459194], [-118.4061491, 33.9459054], [-118.4062331, 33.9464344], [-118.4062993, 33.9468507], [-118.4063852, 33.9473895], [-118.407297, 33.947291], [-118.4081001, 33.9472043], [-118.4084666, 33.9471648], [-118.4086588, 33.9471487], [-118.4086876, 33.9471511], [-118.408738, 33.9471345], [-118.408645, 33.9466137], [-118.408474, 33.9455245], [-118.408457, 33.9454121], [-118.408596, 33.9454021]]]}}, {"type": "Feature", "properties": {"aeroway": "apron", "ref": null, "name": null, "surface": null, "id": 159858551}, "geometry": {"type": "Polygon", "coordinates": [[[-118.419384, 33.9382532], [-118.4189877, 33.9382951], [-118.4189255, 33.9383123], [-118.4188837, 33.9383761], [-118.419119, 33.9400417], [-118.4198475, 33.9399723], [-118.4198553, 33.9400346], [-118.4199618, 33.9408815], [-118.4205062, 33.9408335], [-118.4202138, 33.9389634], [-118.4227166, 33.9386947], [-118.4228245, 33.9394056], [-118.4232495, 33.9393753], [-118.4239271, 33.9393223], [-118.423665, 33.9375427], [-118.4216053, 33.9377553], [-118.4193559, 33.9379868], [-118.419384, 33.9382532]]]}}, {"type": "Feature", "properties": {"aeroway": "taxiway", "ref": "J", "name": null, "surface": null, "id": 159858552}, "geometry": {"type": "LineString", "coordinates": [[-118.4088405, 33.9358091], [-118.408888, 33.9361405], [-118.4089362, 33.9364633], [-118.4089482, 33.9365355], [-118.4090025, 33.9369001], [-118.4090521, 33.9372718], [-118.4090808, 33.937469], [-118.4090825, 33.9374807], [-118.4090831, 33.9374857], [-118.4091103, 33.9376638], [-118.4091393, 33.9378526], [-118.4091915, 33.9381796], [-118.409196, 33.9382312], [-118.4092599, 33.938666]]}}, {"type": "Feature", "properties": {"aeroway": "taxiway", "ref": "C", "name": null, "surface": null, "id": 159858554}, "geometry": {"type": "LineString", "coordinates": [[-118.4075135, 33.9388457], [-118.4069806, 33.9388998], [-118.4057567, 33.9390201], [-118.4055037, 33.9390509], [-118.4053518, 33.9390663], [-118.4051666, 33.9390819], [-118.4049048, 33.9391081], [-118.4041699, 33.9391837], [-118.4033839, 33.9392645], [-118.4029699, 33.9393081], [-118.4025381, 33.9393472], [-118.4017667, 33.9394298], [-118.4009454, 33.9395185], [-118.4005694, 33.9395545], [-118.4001661, 33.9395978], [-118.3992914, 33.9396872], [-118.3985689, 33.9397528], [-118.3983359, 33.9397753], [-118.3981759, 33.9397937], [-118.3976803, 33.9398427], [-118.396621, 33.9399573], [-118.3951996, 33.9401053], [-118.3944107, 33.9401852], [-118.3941949, 33.9402071], [-118.3932341, 33.9403044], [-118.3922866, 33.9404012], [-118.3910648, 33.9405282], [-118.390691, 33.9405621], [-118.3905689, 33.9405608], [-118.3905148, 33.9405568], [-118.3902514, 33.9405274], [-118.3901568, 33.9405288], [-118.3897043, 33.940577], [-118.3869207, 33.9408564], [-118.3853985, 33.9410139], [-118.3842293, 33.9411374], [-118.3839409, 33.9411665], [-118.3838606, 33.9411795], [-118.3837934, 33.9411937], [-118.3837335, 33.9412209], [-118.3836757, 33.9412546], [-118.3834549, 33.9414711]]}}, {"type": "Feature", "properties": {"aeroway": "taxiway", "ref": "E10", "name": null, "surface": null, "id": 159858557}, "geometry": {"type": "LineString", "coordinates": [[-118.4097289, 33.9493757], [-118.4096514, 33.949363], [-118.4096013, 33.9493511], [-118.4095433, 33.9493276], [-118.409489, 33.9492928], [-118.4094549, 33.9492614], [-118.4094182, 33.9492168], [-118.4093892, 33.9491574], [-118.4093181, 33.9486767]]}}, {"type": "Feature", "properties": {"aeroway": "apron", "ref": null, "name": null, "surface": null, "id": 159859755}, "geometry": {"type": "Polygon", "coordinates": [[[-118.4238309, 33.946096], [-118.4238447, 33.9462092], [-118.4236559, 33.9462299], [-118.4234492, 33.9462493], [-118.4234157, 33.9460338], [-118.4234021, 33.9459939], [-118.4233817, 33.9459639], [-118.4233489, 33.9459375], [-118.4224818, 33.9460321], [-118.422262, 33.9445579], [-118.4224436, 33.9445377], [-118.4222495, 33.9432048], [-118.42307, 33.9431192], [-118.4230904, 33.9432591], [-118.4232557, 33.944386], [-118.4240804, 33.9442998], [-118.4241624, 33.9448801], [-118.4239137, 33.9449015], [-118.4240588, 33.9458875], [-118.4239811, 33.9459192], [-118.4239173, 33.9459605], [-118.4238858, 33.9459922], [-118.4238645, 33.9460218], [-118.4238527, 33.9460607], [-118.4238468, 33.9460949], [-118.4238309, 33.946096]]]}}, {"type": "Feature", "properties": {"aeroway": "apron", "ref": "Imperial Cargo Center", "name": null, "surface": null, "id": 165254824}, "geometry": {"type": "Polygon", "coordinates": [[[-118.3799034, 33.9357173], [-118.3798974, 33.9322255], [-118.3825562, 33.9322265], [-118.382569, 33.9354475], [-118.381282, 33.9355797], [-118.3799034, 33.9357173]]]}}, {"type": "Feature", "properties": {"aeroway": "taxiway", "ref": "C10", "name": null, "surface": null, "id": 249278639}, "geometry": {"type": "LineString", "coordinates": [[-118.4084811, 33.9418758], [-118.4082542, 33.9403991], [-118.4081746, 33.9398254], [-118.4081355, 33.9395437], [-118.4080826, 33.9391622], [-118.4080363, 33.9390723], [-118.4079801, 33.9389973], [-118.407913, 33.9389415], [-118.4078601, 33.9389033], [-118.4078054, 33.9388774], [-118.4077379, 33.9388599], [-118.4076703, 33.9388497], [-118.4075689, 33.9388438], [-118.4075135, 33.9388457]]}}, {"type": "Feature", "properties": {"aeroway": "taxiway", "ref": null, "name": null, "surface": null, "id": 249278699}, "geometry": {"type": "LineString", "coordinates": [[-118.4047803, 33.9382903], [-118.4046833, 33.9382803], [-118.4045971, 33.9382581], [-118.4045309, 33.9382325], [-118.4044473, 33.9381803], [-118.4044006, 33.9381334], [-118.4043361, 33.9380618], [-118.4043007, 33.9379409]]}}, {"type": "Feature", "properties": {"aeroway": "taxiway", "ref": "B7", "name": null, "surface": null, "id": 249278700}, "geometry": {"type": "LineString", "coordinates": [[-118.4064234, 33.9381231], [-118.4063424, 33.9381183], [-118.4062638, 33.938099], [-118.4061916, 33.9380734], [-118.4061203, 33.9380394], [-118.4060135, 33.9379682], [-118.4058649, 33.9378834], [-118.4057002, 33.9377988], [-118.4054774, 33.937696], [-118.4052972, 33.9376304], [-118.4050764, 33.9375639], [-118.4049426, 33.9375275], [-118.4048037, 33.9374968], [-118.4044988, 33.93745], [-118.4042476, 33.9374254], [-118.4039603, 33.9374279], [-118.403494, 33.9374504]]}}, {"type": "Feature", "properties": {"aeroway": "taxiway", "ref": null, "name": null, "surface": null, "id": 249278719}, "geometry": {"type": "LineString", "coordinates": [[-118.403702, 33.9366691], [-118.4038238, 33.9367355], [-118.4038962, 33.9368223], [-118.4039445, 33.9369291], [-118.403958, 33.937022], [-118.4039458, 33.9371215], [-118.4039227, 33.9372005], [-118.4038609, 33.937287], [-118.4037618, 33.9373589], [-118.403663, 33.9374067], [-118.403494, 33.9374504]]}}, {"type": "Feature", "properties": {"aeroway": "taxiway", "ref": "B5", "name": null, "surface": null, "id": 249278975}, "geometry": {"type": "LineString", "coordinates": [[-118.4001518, 33.9387711], [-118.3999986, 33.9387451], [-118.3999025, 33.9387056], [-118.399773, 33.9386166], [-118.3997303, 33.9385873], [-118.3995637, 33.9385036], [-118.3992238, 33.9383413], [-118.3989414, 33.9382389], [-118.3987491, 33.9381814], [-118.3986357, 33.9381584], [-118.3985683, 33.9381433], [-118.3983907, 33.9381089], [-118.3982144, 33.9380935], [-118.3980135, 33.9380755], [-118.3978166, 33.9380677], [-118.3973609, 33.9380915]]}}, {"type": "Feature", "properties": {"aeroway": "taxiway", "ref": "B5", "name": null, "surface": null, "id": 249350371}, "geometry": {"type": "LineString", "coordinates": [[-118.3985406, 33.9382334], [-118.3984977, 33.938286], [-118.3984647, 33.9383513], [-118.3984435, 33.9384204], [-118.3984395, 33.9384879], [-118.3984426, 33.9385271], [-118.398456, 33.9385785], [-118.3984853, 33.9386577], [-118.3985166, 33.9387043], [-118.398544, 33.938742], [-118.3985969, 33.93879], [-118.398656, 33.9388265], [-118.3987097, 33.938851], [-118.3987643, 33.938869], [-118.3988219, 33.9388815], [-118.3989208, 33.9388917]]}}, {"type": "Feature", "properties": {"aeroway": "taxiway", "ref": null, "name": null, "surface": null, "id": 249350372}, "geometry": {"type": "LineString", "coordinates": [[-118.4043007, 33.9379409], [-118.4042806, 33.9377844], [-118.4042911, 33.9376552], [-118.4043467, 33.9375348], [-118.4044039, 33.9374701], [-118.404498, 33.9374026], [-118.4045975, 33.9373632], [-118.4046743, 33.9373346], [-118.4045716, 33.937325], [-118.4044793, 33.9373068], [-118.4043869, 33.9372707], [-118.4042918, 33.9372135], [-118.404212, 33.937131], [-118.4041615, 33.9370262]]}}, {"type": "Feature", "properties": {"aeroway": "taxiway", "ref": "B6", "name": null, "surface": null, "id": 249350373}, "geometry": {"type": "LineString", "coordinates": [[-118.4014606, 33.9378701], [-118.4015315, 33.9379032], [-118.4016062, 33.9379542], [-118.4016554, 33.9380012], [-118.401693, 33.938048], [-118.4017294, 33.9381215], [-118.401747, 33.9381902], [-118.4017525, 33.9382648], [-118.4017414, 33.9383241], [-118.4017293, 33.9383694], [-118.4017081, 33.9384159], [-118.4016868, 33.9384505], [-118.4016649, 33.9384783], [-118.4016129, 33.9385296], [-118.4015528, 33.9385741], [-118.4014854, 33.9386104], [-118.4013821, 33.9386465]]}}, {"type": "Feature", "properties": {"aeroway": "taxiway", "ref": "G", "name": null, "surface": null, "id": 249350493}, "geometry": {"type": "LineString", "coordinates": [[-118.3937249, 33.9376604], [-118.3937485, 33.9375867], [-118.3938071, 33.9374868], [-118.3938882, 33.93741], [-118.3940048, 33.9373461], [-118.3941309, 33.9373064]]}}, {"type": "Feature", "properties": {"aeroway": "taxiway", "ref": "H1", "name": null, "surface": null, "id": 249350514}, "geometry": {"type": "LineString", "coordinates": [[-118.3949243, 33.9361203], [-118.3945147, 33.9361749], [-118.3944882, 33.9361785], [-118.3944601, 33.9361831], [-118.3942574, 33.9362157], [-118.3940166, 33.9362541], [-118.3939711, 33.9362627], [-118.3937113, 33.9363124], [-118.3936824, 33.9363179], [-118.3934766, 33.9363687], [-118.3934, 33.9363859], [-118.3931175, 33.9364577], [-118.3927268, 33.9365729], [-118.3922663, 33.9367457], [-118.3919962, 33.9368661], [-118.3917028, 33.9370163], [-118.3915142, 33.9371293], [-118.3913201, 33.9372593], [-118.3912216, 33.9373213], [-118.391031, 33.9374315], [-118.390803, 33.9375345], [-118.3906561, 33.9375865], [-118.3905054, 33.9376338], [-118.3903123, 33.9376835], [-118.3901135, 33.9377188]]}}, {"type": "Feature", "properties": {"aeroway": "apron", "ref": null, "name": null, "surface": null, "id": 271360864}, "geometry": {"type": "Polygon", "coordinates": [[[-118.4116273, 33.9431945], [-118.4117774, 33.9434081], [-118.4118058, 33.9434484], [-118.4118502, 33.9434703], [-118.4121784, 33.9434567], [-118.4116046, 33.9395731], [-118.4114177, 33.9389742], [-118.4112808, 33.9389928], [-118.4112552, 33.938896], [-118.4112041, 33.9388471], [-118.4111324, 33.9388227], [-118.4102454, 33.9388048], [-118.4100189, 33.9388219], [-118.410131, 33.939435], [-118.4101998, 33.9397912], [-118.4101845, 33.9398101], [-118.4101948, 33.9398403], [-118.4102261, 33.9399318], [-118.4102353, 33.9399859], [-118.4102218, 33.9399873], [-118.4102865, 33.9403266], [-118.4102719, 33.9403279], [-118.4103033, 33.9405547], [-118.410346, 33.9405594], [-118.4104403, 33.9405698], [-118.4105628, 33.9405832], [-118.4105756, 33.9406719], [-118.4105461, 33.9406699], [-118.4105517, 33.9407012], [-118.4103241, 33.9406786], [-118.4103858, 33.9410085], [-118.4103712, 33.9410101], [-118.4104387, 33.9413609], [-118.4103926, 33.9413656], [-118.410394, 33.9413835], [-118.4104722, 33.9413913], [-118.4105607, 33.9414001], [-118.4106853, 33.9414124], [-118.4106992, 33.9415027], [-118.4106688, 33.9414999], [-118.4106753, 33.941532], [-118.4104519, 33.9415094], [-118.4104888, 33.9417026], [-118.4104749, 33.941704], [-118.4105392, 33.9420414], [-118.410494, 33.9420455], [-118.4104953, 33.9420627], [-118.4105645, 33.9420704], [-118.4106609, 33.9420811], [-118.4107859, 33.9420948], [-118.4108005, 33.9421844], [-118.4107715, 33.9421813], [-118.4107763, 33.9422131], [-118.4105556, 33.9421904], [-118.4105892, 33.9423829], [-118.4105758, 33.9423844], [-118.4106045, 33.9425365], [-118.4106599, 33.9425272], [-118.4108025, 33.9428746], [-118.4107646, 33.9428834], [-118.4107706, 33.9428994], [-118.4108539, 33.942877], [-118.4108969, 33.9428657], [-118.4109129, 33.9429103], [-118.4108926, 33.9429139], [-118.4109131, 33.9429684], [-118.4108433, 33.9429876], [-118.4108685, 33.9430589], [-118.4107886, 33.9430954], [-118.4108528, 33.943279], [-118.4112336, 33.9431868], [-118.4115704, 33.943095], [-118.4116273, 33.9431945]]]}}, {"type": "Feature", "properties": {"aeroway": "taxiway", "ref": null, "name": null, "surface": null, "id": 359697734}, "geometry": {"type": "LineString", "coordinates": [[-118.4122501, 33.9365597], [-118.41247, 33.9364616], [-118.4125514, 33.936387], [-118.4126053, 33.9362997], [-118.4126371, 33.9362042], [-118.4126423, 33.9361155]]}}, {"type": "Feature", "properties": {"aeroway": "taxiway", "ref": null, "name": null, "surface": null, "id": 359697735}, "geometry": {"type": "LineString", "coordinates": [[-118.4126423, 33.9361155], [-118.412628, 33.9360534], [-118.4125925, 33.9359883], [-118.4125335, 33.9359156], [-118.4124688, 33.9358466], [-118.4123693, 33.9357814], [-118.4122608, 33.9357412], [-118.4118896, 33.935614], [-118.4116154, 33.935568], [-118.4114429, 33.9355526], [-118.41126, 33.9355608]]}}, {"type": "Feature", "properties": {"aeroway": "taxiway", "ref": null, "name": null, "surface": null, "id": 359697736}, "geometry": {"type": "LineString", "coordinates": [[-118.4124868, 33.9350698], [-118.4124824, 33.9350973], [-118.4124771, 33.9351356], [-118.4124692, 33.9351715], [-118.4124562, 33.9352024], [-118.4124418, 33.9352343], [-118.412425, 33.9352635], [-118.4124054, 33.9352908], [-118.4123816, 33.9353197], [-118.412358, 33.9353439], [-118.4123282, 33.9353703], [-118.4122988, 33.9353907], [-118.4122509, 33.9354157], [-118.4122327, 33.9354276], [-118.4122081, 33.9354391], [-118.4121246, 33.9354711]]}}, {"type": "Feature", "properties": {"aeroway": "taxiway", "ref": null, "name": null, "surface": null, "id": 359697737}, "geometry": {"type": "LineString", "coordinates": [[-118.4129502, 33.9353872], [-118.4129224, 33.9353821], [-118.4129131, 33.9353793], [-118.4128797, 33.9353745], [-118.4128474, 33.9353684], [-118.4128183, 33.9353613], [-118.4127811, 33.9353507], [-118.4127444, 33.9353383], [-118.4127084, 33.9353233], [-118.4126752, 33.9353055], [-118.4126433, 33.935286], [-118.4126135, 33.9352642], [-118.4125866, 33.9352394], [-118.4125606, 33.9352132], [-118.4125386, 33.9351871], [-118.4125258, 33.9351649], [-118.4125123, 33.9351332], [-118.4125051, 33.9351126], [-118.4124977, 33.9350958], [-118.4124868, 33.9350698]]}}, {"type": "Feature", "properties": {"aeroway": "taxiway", "ref": null, "name": null, "surface": null, "id": 359697738}, "geometry": {"type": "LineString", "coordinates": [[-118.4125726, 33.9376866], [-118.4126461, 33.9375984], [-118.4127311, 33.9375333], [-118.4128193, 33.9374921], [-118.4128929, 33.9374696]]}}, {"type": "Feature", "properties": {"aeroway": "taxiway", "ref": null, "name": null, "surface": null, "id": 359697739}, "geometry": {"type": "LineString", "coordinates": [[-118.4132418, 33.9374326], [-118.4130863, 33.9373999], [-118.4129629, 33.9373443], [-118.4128739, 33.9372719], [-118.4128058, 33.9371663], [-118.4127821, 33.9370888]]}}, {"type": "Feature", "properties": {"aeroway": "taxiway", "ref": null, "name": null, "surface": null, "id": 359697740}, "geometry": {"type": "LineString", "coordinates": [[-118.4127341, 33.9373023], [-118.4126692, 33.9373774], [-118.4126124, 33.9374282], [-118.4125182, 33.9374827], [-118.412413, 33.9375189]]}}, {"type": "Feature", "properties": {"aeroway": "taxiway", "ref": null, "name": null, "surface": null, "id": 359697741}, "geometry": {"type": "LineString", "coordinates": [[-118.412762, 33.9369862], [-118.412728, 33.9369173], [-118.4126776, 33.9368499], [-118.4125811, 33.9367654], [-118.4124604, 33.9366986], [-118.4122673, 33.9366341], [-118.412058, 33.9366051], [-118.41182, 33.9366034]]}}, {"type": "Feature", "properties": {"aeroway": "taxiway", "ref": null, "name": null, "surface": null, "id": 359697742}, "geometry": {"type": "LineString", "coordinates": [[-118.4127534, 33.9368863], [-118.4127709, 33.9367862], [-118.4128071, 33.9367057], [-118.412876, 33.9366178], [-118.4129584, 33.9365563], [-118.4130531, 33.936505], [-118.4131812, 33.936465]]}}, {"type": "Feature", "properties": {"aeroway": "taxiway", "ref": null, "name": null, "surface": null, "id": 359697743}, "geometry": {"type": "LineString", "coordinates": [[-118.4169851, 33.9382488], [-118.4169891, 33.9381838], [-118.4170061, 33.9381251], [-118.417025, 33.9380795], [-118.4170578, 33.9380277], [-118.4171004, 33.9379747], [-118.4171585, 33.9379249], [-118.4171866, 33.9379067], [-118.4172236, 33.9378851], [-118.4172608, 33.9378686], [-118.4173429, 33.9378392]]}}, {"type": "Feature", "properties": {"aeroway": "taxiway", "ref": null, "name": null, "surface": null, "id": 359697744}, "geometry": {"type": "LineString", "coordinates": [[-118.4169851, 33.9382488], [-118.4169609, 33.9381891], [-118.4169261, 33.9381331], [-118.4169051, 33.9381059], [-118.4168808, 33.9380755], [-118.4168251, 33.9380289], [-118.4167318, 33.9379743], [-118.4166362, 33.937941], [-118.416517, 33.9379244]]}}, {"type": "Feature", "properties": {"aeroway": "taxiway", "ref": null, "name": null, "surface": null, "id": 359697745}, "geometry": {"type": "LineString", "coordinates": [[-118.4168798, 33.9375281], [-118.4168663, 33.9375891], [-118.4168505, 33.9376438], [-118.4168219, 33.9377052], [-118.4167889, 33.9377512], [-118.4167466, 33.9377988], [-118.4166627, 33.9378592], [-118.4165844, 33.9378963], [-118.416517, 33.9379244]]}}, {"type": "Feature", "properties": {"aeroway": "taxiway", "ref": null, "name": null, "surface": null, "id": 359697746}, "geometry": {"type": "LineString", "coordinates": [[-118.417372, 33.937836], [-118.4173063, 33.9378314], [-118.4171724, 33.937803], [-118.4170768, 33.9377596], [-118.4170058, 33.9377102], [-118.416935, 33.9376374], [-118.4168798, 33.9375281]]}}, {"type": "Feature", "properties": {"aeroway": "taxiway", "ref": null, "name": null, "surface": null, "id": 359697747}, "geometry": {"type": "LineString", "coordinates": [[-118.4168676, 33.9374421], [-118.416835, 33.9373675], [-118.4167964, 33.9373154], [-118.4167739, 33.9372778], [-118.4167219, 33.9372315], [-118.4166687, 33.937192], [-118.4166102, 33.9371591], [-118.416549, 33.9371372], [-118.4164601, 33.9371165], [-118.4163609, 33.937115]]}}, {"type": "Feature", "properties": {"aeroway": "taxiway", "ref": null, "name": null, "surface": null, "id": 400898880}, "geometry": {"type": "LineString", "coordinates": [[-118.4270877, 33.9417222], [-118.4270972, 33.9417509], [-118.4271408, 33.9418435], [-118.4271896, 33.9418972], [-118.4272592, 33.9419559], [-118.4273188, 33.9419946], [-118.4273914, 33.9420307], [-118.4274796, 33.9420544], [-118.427553, 33.94207], [-118.4276555, 33.942078]]}}, {"type": "Feature", "properties": {"aeroway": "taxiway", "ref": null, "name": null, "surface": null, "id": 409186716}, "geometry": {"type": "LineString", "coordinates": [[-118.4276555, 33.942078], [-118.4275365, 33.94211], [-118.4274193, 33.9421661], [-118.4273358, 33.9422372], [-118.4272749, 33.942314], [-118.4272321, 33.9424], [-118.4272076, 33.9425366]]}}, {"type": "Feature", "properties": {"aeroway": "taxiway", "ref": "E", "name": null, "surface": null, "id": 409186719}, "geometry": {"type": "LineString", "coordinates": [[-118.4339544, 33.9457612], [-118.4335096, 33.9457791], [-118.4334012, 33.9457864], [-118.4327689, 33.9458353], [-118.4311772, 33.9459962], [-118.42918, 33.9461417], [-118.4282581, 33.9462329], [-118.4277705, 33.9462823], [-118.4272965, 33.9463305], [-118.42722, 33.9463403], [-118.4269208, 33.946371], [-118.4251207, 33.9465558], [-118.4247958, 33.9465892], [-118.4241545, 33.9466551], [-118.4236015, 33.9467123], [-118.4232965, 33.9467403], [-118.4224787, 33.9468247], [-118.4220271, 33.9468713], [-118.4193677, 33.9471447], [-118.4193145, 33.9471502], [-118.4190226, 33.9471773], [-118.4189694, 33.9471822], [-118.4187447, 33.9472095], [-118.418297, 33.9472494], [-118.4178661, 33.9472924], [-118.4178053, 33.9472987], [-118.4168087, 33.9474019], [-118.4161692, 33.9474682], [-118.415715, 33.9475153], [-118.4152953, 33.9475545], [-118.4144502, 33.947651], [-118.4143825, 33.9476614], [-118.4142664, 33.9476893], [-118.4141425, 33.9477203], [-118.4139931, 33.9477731], [-118.4137725, 33.9478415], [-118.4135721, 33.9478777], [-118.4134274, 33.9478907], [-118.4130955, 33.9479275], [-118.4130587, 33.9479316], [-118.4130079, 33.9479363], [-118.412536, 33.9479846], [-118.4120535, 33.9480375], [-118.4110839, 33.9481341], [-118.4102228, 33.9482207], [-118.4096941, 33.9482749], [-118.4093287, 33.9483126], [-118.409264, 33.9483191], [-118.4088764, 33.9483559], [-118.4087667, 33.9483689], [-118.4084688, 33.9484015], [-118.4063961, 33.9486124], [-118.4060461, 33.9486481]]}}, {"type": "Feature", "properties": {"aeroway": "runway", "ref": "06R/24L", "name": null, "surface": "concrete", "id": 409186724}, "geometry": {"type": "LineString", "coordinates": [[-118.4329168, 33.9470001], [-118.4328509, 33.9470069], [-118.4307754, 33.9472196], [-118.4276454, 33.9475402], [-118.4255583, 33.947754], [-118.4249496, 33.9478164], [-118.4226551, 33.9480514], [-118.4211359, 33.9482061], [-118.4202768, 33.9482951], [-118.4175564, 33.9485738], [-118.4171517, 33.9486153], [-118.4170383, 33.9486269], [-118.4123075, 33.9491218], [-118.4110873, 33.9492365], [-118.4108188, 33.949264], [-118.4104712, 33.9492996], [-118.4097289, 33.9493757], [-118.4091177, 33.9494383], [-118.4065549, 33.9497008], [-118.4033991, 33.9500241], [-118.4022795, 33.9501388], [-118.4018104, 33.9501869], [-118.4011531, 33.9502542], [-118.4003545, 33.950336], [-118.3996214, 33.9504111], [-118.399059, 33.9504688]]}}, {"type": "Feature", "properties": {"aeroway": "taxiway", "ref": null, "name": null, "surface": null, "id": 409186726}, "geometry": {"type": "LineString", "coordinates": [[-118.4343965, 33.9460428], [-118.4344202, 33.9459482], [-118.4344338, 33.9459184], [-118.4344522, 33.9458861], [-118.4344722, 33.9458582], [-118.4344965, 33.9458304], [-118.4345233, 33.9458068], [-118.4345501, 33.9457849], [-118.4345838, 33.9457637], [-118.4347145, 33.9457124]]}}, {"type": "Feature", "properties": {"aeroway": "taxiway", "ref": null, "name": null, "surface": null, "id": 409186730}, "geometry": {"type": "LineString", "coordinates": [[-118.4337309, 33.9454323], [-118.4337291, 33.9454644], [-118.4337229, 33.9455176], [-118.4337049, 33.945564], [-118.4336708, 33.9456186], [-118.4336275, 33.9456672], [-118.4335936, 33.945698], [-118.4334856, 33.945755], [-118.4334012, 33.9457864]]}}, {"type": "Feature", "properties": {"aeroway": "taxiway", "ref": null, "name": null, "surface": null, "id": 409201116}, "geometry": {"type": "LineString", "coordinates": [[-118.4194773, 33.9347202], [-118.4193731, 33.934739], [-118.4193079, 33.9347643], [-118.4192437, 33.9347955], [-118.419222, 33.9348134], [-118.4191881, 33.9348414], [-118.4191403, 33.9348992], [-118.419108, 33.9349595], [-118.4190879, 33.9350267], [-118.4190837, 33.9350489], [-118.4190819, 33.9350844]]}}, {"type": "Feature", "properties": {"aeroway": "taxiway", "ref": null, "name": null, "surface": null, "id": 409201118}, "geometry": {"type": "LineString", "coordinates": [[-118.4194773, 33.9347202], [-118.4194076, 33.934714], [-118.419341, 33.9347026], [-118.419268, 33.9346812], [-118.4192, 33.9346568], [-118.4191271, 33.9346135], [-118.4190783, 33.9345718], [-118.4190478, 33.9345243], [-118.4190102, 33.9344714], [-118.4189868, 33.9344409]]}}, {"type": "Feature", "properties": {"aeroway": "taxiway", "ref": null, "name": null, "surface": null, "id": 409201120}, "geometry": {"type": "LineString", "coordinates": [[-118.4189868, 33.9344409], [-118.4189834, 33.9344497], [-118.4189748, 33.9344719], [-118.4189641, 33.9345033], [-118.4189552, 33.9345344], [-118.4189395, 33.9345646], [-118.4189218, 33.9345947], [-118.4189016, 33.9346233], [-118.4188793, 33.9346525], [-118.4188527, 33.9346771], [-118.4188259, 33.9347025], [-118.4187971, 33.934721], [-118.4187647, 33.9347428], [-118.4187339, 33.9347609], [-118.418709, 33.9347724], [-118.4186631, 33.9347889], [-118.4186053, 33.9348082]]}}, {"type": "Feature", "properties": {"aeroway": "taxiway", "ref": "B6", "name": null, "surface": null, "id": 409201157}, "geometry": {"type": "LineString", "coordinates": [[-118.4030542, 33.9384722], [-118.4029573, 33.9384679], [-118.4028651, 33.938456], [-118.4027872, 33.9384349], [-118.4026965, 33.9383993], [-118.4026011, 33.9383439], [-118.402578, 33.9383296], [-118.4025245, 33.9382971], [-118.4024484, 33.9382502], [-118.4023484, 33.9381961], [-118.4022078, 33.938125], [-118.4018433, 33.9379768], [-118.401714, 33.9379398], [-118.4015824, 33.9379009], [-118.4014606, 33.9378701], [-118.401325, 33.9378422], [-118.4011953, 33.9378192], [-118.4009157, 33.9377878], [-118.4007259, 33.9377781], [-118.4003169, 33.9377838]]}}, {"type": "Feature", "properties": {"aeroway": "taxiway", "ref": "C10", "name": null, "surface": null, "id": 409201160}, "geometry": {"type": "LineString", "coordinates": [[-118.4080826, 33.9391622], [-118.4080916, 33.9390837], [-118.4081173, 33.9390029], [-118.4081667, 33.9389289], [-118.4082221, 33.9388728], [-118.4082858, 33.9388264], [-118.4083707, 33.9387812], [-118.408506, 33.9387436]]}}, {"type": "Feature", "properties": {"aeroway": "taxiway", "ref": null, "name": null, "surface": null, "id": 409283983}, "geometry": {"type": "LineString", "coordinates": [[-118.4125177, 33.9378702], [-118.4124899, 33.9378137], [-118.412472, 33.9377789], [-118.4124275, 33.9377245], [-118.4123853, 33.9376833], [-118.4123041, 33.9376308], [-118.4122128, 33.9375875], [-118.4121387, 33.9375703], [-118.4120983, 33.9375639], [-118.4119751, 33.9375629]]}}, {"type": "Feature", "properties": {"aeroway": "taxiway", "ref": null, "name": null, "surface": null, "id": 409283984}, "geometry": {"type": "LineString", "coordinates": [[-118.414883, 33.9378295], [-118.4148957, 33.9378673], [-118.4149291, 33.9379376], [-118.4149783, 33.9379849], [-118.415051, 33.938024], [-118.4151257, 33.9380452], [-118.4151982, 33.9380581]]}}, {"type": "Feature", "properties": {"aeroway": "taxiway", "ref": null, "name": null, "surface": null, "id": 409283985}, "geometry": {"type": "LineString", "coordinates": [[-118.4148414, 33.9375508], [-118.4148158, 33.9374698], [-118.4147747, 33.9374208], [-118.4147303, 33.9373757], [-118.4146779, 33.9373406], [-118.4146195, 33.9373188], [-118.414561, 33.9373054], [-118.414482, 33.9373051]]}}, {"type": "Feature", "properties": {"aeroway": "taxiway", "ref": null, "name": null, "surface": null, "id": 409283986}, "geometry": {"type": "LineString", "coordinates": [[-118.4200963, 33.9375558], [-118.4199825, 33.9375945], [-118.4198731, 33.9376604], [-118.4197962, 33.9377369], [-118.4197345, 33.9378637], [-118.4197203, 33.937974]]}}, {"type": "Feature", "properties": {"aeroway": "taxiway", "ref": "G", "name": null, "surface": null, "id": 409581509}, "geometry": {"type": "LineString", "coordinates": [[-118.3941049, 33.9349755], [-118.3940517, 33.9349917], [-118.394035, 33.9349963], [-118.3940157, 33.9350023], [-118.3939994, 33.9350082], [-118.3939788, 33.9350187], [-118.3939598, 33.9350272], [-118.3939443, 33.9350343], [-118.3939284, 33.9350445], [-118.3939154, 33.9350535], [-118.3938947, 33.9350681], [-118.3938774, 33.9350801], [-118.3938627, 33.9350893], [-118.3938517, 33.9351003], [-118.3938322, 33.9351174], [-118.3938167, 33.9351363], [-118.3937935, 33.9351647], [-118.3937775, 33.9351932], [-118.3937631, 33.9352212], [-118.3937486, 33.9352511], [-118.393735, 33.9352879], [-118.3937281, 33.9353165], [-118.393723, 33.9354236]]}}, {"type": "Feature", "properties": {"aeroway": "taxiway", "ref": "G", "name": null, "surface": null, "id": 409581511}, "geometry": {"type": "LineString", "coordinates": [[-118.3932232, 33.9350647], [-118.3932668, 33.9350685], [-118.3932881, 33.9350695], [-118.3933075, 33.9350735], [-118.3933229, 33.9350761], [-118.3933375, 33.935078], [-118.3933511, 33.9350812], [-118.3933656, 33.9350843], [-118.3933804, 33.9350881], [-118.393394, 33.9350914], [-118.3934117, 33.9350964], [-118.3934279, 33.9351014], [-118.3934457, 33.9351073], [-118.3934605, 33.9351135], [-118.3934743, 33.9351211], [-118.3934896, 33.9351301], [-118.393514, 33.9351451], [-118.3935214, 33.9351502], [-118.3935388, 33.9351618], [-118.393571, 33.9351846], [-118.3935974, 33.9352091], [-118.3936253, 33.9352342], [-118.393646, 33.935263], [-118.3936653, 33.9352904], [-118.3936896, 33.9353272], [-118.3936991, 33.9353544], [-118.3937084, 33.9353779], [-118.393723, 33.9354236]]}}, {"type": "Feature", "properties": {"aeroway": "taxiway", "ref": null, "name": null, "surface": null, "id": 410848549}, "geometry": {"type": "LineString", "coordinates": [[-118.4009454, 33.9395185], [-118.4008337, 33.9395496], [-118.4007524, 33.9395958], [-118.4007025, 33.9396463], [-118.4006533, 33.9397085], [-118.4006283, 33.9397761], [-118.4006122, 33.9398442]]}}, {"type": "Feature", "properties": {"aeroway": "taxiway", "ref": null, "name": null, "surface": null, "id": 410848550}, "geometry": {"type": "LineString", "coordinates": [[-118.4006171, 33.9398775], [-118.4006048, 33.9398355], [-118.4005721, 33.9397853], [-118.4005329, 33.9397304], [-118.4004895, 33.9396859], [-118.4004172, 33.9396448], [-118.400336, 33.9396141], [-118.4002624, 33.9395951], [-118.4001661, 33.9395978]]}}, {"type": "Feature", "properties": {"aeroway": "taxiway", "ref": "D", "name": null, "surface": null, "id": 410861954}, "geometry": {"type": "LineString", "coordinates": [[-118.4087745, 33.9475474], [-118.408351, 33.9475915], [-118.4073698, 33.9476856], [-118.4063679, 33.9477877], [-118.4059882, 33.9478307], [-118.4058616, 33.947845], [-118.4054968, 33.9478803], [-118.4053425, 33.9478955], [-118.4045966, 33.9479736], [-118.4033081, 33.9481081], [-118.403295, 33.9481097], [-118.4031605, 33.9481262], [-118.4027744, 33.9481969], [-118.4023211, 33.9482825], [-118.4023081, 33.9482852], [-118.4021364, 33.9483045], [-118.4019009, 33.9483311], [-118.4011994, 33.9484023], [-118.4010268, 33.9484199], [-118.4008468, 33.9484376], [-118.4005199, 33.9484701]]}}, {"type": "Feature", "properties": {"aeroway": "taxiway", "ref": null, "name": null, "surface": null, "id": 410861957}, "geometry": {"type": "LineString", "coordinates": [[-118.4186168, 33.9463455], [-118.4185687, 33.9463569], [-118.4185355, 33.9463692], [-118.4184736, 33.9463948], [-118.4184054, 33.9464361], [-118.418358, 33.9464722], [-118.4183157, 33.9465241], [-118.418283, 33.9465713], [-118.4182536, 33.9466385], [-118.4182364, 33.9467086], [-118.4182284, 33.9467819], [-118.4182064, 33.9467002], [-118.4181712, 33.9466375], [-118.4181614, 33.9466254], [-118.4181292, 33.9465859], [-118.4180771, 33.9465385], [-118.4180216, 33.9465037], [-118.4179578, 33.9464702], [-118.4178872, 33.9464493], [-118.4178102, 33.9464385], [-118.4177358, 33.9464377]]}}, {"type": "Feature", "properties": {"aeroway": "taxiway", "ref": null, "name": null, "surface": null, "id": 410861960}, "geometry": {"type": "LineString", "coordinates": [[-118.4187447, 33.9472095], [-118.4186413, 33.9472015], [-118.4185451, 33.9471728], [-118.4184692, 33.9471402], [-118.4183798, 33.9470863], [-118.4183229, 33.9470289], [-118.4182809, 33.9469694], [-118.418241, 33.9468675]]}}, {"type": "Feature", "properties": {"aeroway": "taxiway", "ref": null, "name": null, "surface": null, "id": 410861961}, "geometry": {"type": "LineString", "coordinates": [[-118.418241, 33.9468675], [-118.4182348, 33.9469637], [-118.418209, 33.9470379], [-118.418167, 33.9471121], [-118.4181115, 33.9471706], [-118.4180342, 33.947229], [-118.4179638, 33.9472639], [-118.4178661, 33.9472924]]}}, {"type": "Feature", "properties": {"aeroway": "taxiway", "ref": "E12", "name": null, "surface": null, "id": 410861964}, "geometry": {"type": "LineString", "coordinates": [[-118.4151532, 33.9466955], [-118.4152123, 33.9466997], [-118.415282, 33.9467086], [-118.4153464, 33.9467275], [-118.4154175, 33.9467564], [-118.4154725, 33.9467864], [-118.4155274, 33.9468309], [-118.4155798, 33.9468866], [-118.4156213, 33.9469555], [-118.4156566, 33.947082], [-118.4156642, 33.9471656], [-118.415659, 33.9472135], [-118.4156429, 33.9472668], [-118.4156316, 33.947301], [-118.4155937, 33.9473707], [-118.4155354, 33.9474314], [-118.4154595, 33.9474898], [-118.4153958, 33.9475247], [-118.4152953, 33.9475545]]}}, {"type": "Feature", "properties": {"aeroway": "taxiway", "ref": null, "name": null, "surface": null, "id": 410861968}, "geometry": {"type": "LineString", "coordinates": [[-118.4144502, 33.947651], [-118.4143863, 33.9476484], [-118.4143259, 33.9476405], [-118.414264, 33.9476275], [-118.4141805, 33.9475953], [-118.4141209, 33.947563], [-118.4140864, 33.9475416], [-118.41405, 33.9475177], [-118.4139709, 33.9474284], [-118.4139229, 33.9473557], [-118.4139022, 33.9472686]]}}, {"type": "Feature", "properties": {"aeroway": "taxiway", "ref": null, "name": null, "surface": null, "id": 410861969}, "geometry": {"type": "LineString", "coordinates": [[-118.4139345, 33.9474848], [-118.4139263, 33.9475413], [-118.4139061, 33.9476073], [-118.4138701, 33.94767], [-118.4138356, 33.9477173], [-118.413797, 33.9477576], [-118.4137425, 33.9478012], [-118.4136718, 33.9478381], [-118.4135721, 33.9478777]]}}, {"type": "Feature", "properties": {"aeroway": "taxiway", "ref": "E12", "name": null, "surface": null, "id": 410861975}, "geometry": {"type": "LineString", "coordinates": [[-118.4160827, 33.9465996], [-118.4159754, 33.9466218], [-118.4158842, 33.9466563], [-118.4158171, 33.9466952], [-118.4157568, 33.9467486], [-118.4157112, 33.9468042], [-118.415675, 33.9468699], [-118.4156562, 33.9469288], [-118.4156566, 33.947082], [-118.4156724, 33.9471551], [-118.4156913, 33.9472111], [-118.4157455, 33.9472942], [-118.4158064, 33.9473549], [-118.4158823, 33.9474033], [-118.4159636, 33.9474393], [-118.416072, 33.947464], [-118.4161692, 33.9474682]]}}, {"type": "Feature", "properties": {"aeroway": "taxiway", "ref": "D10", "name": null, "surface": null, "id": 410861984}, "geometry": {"type": "LineString", "coordinates": [[-118.4087745, 33.9475474], [-118.4089059, 33.947497], [-118.4090074, 33.9474322], [-118.4090489, 33.9473894], [-118.4090844, 33.9473458], [-118.4091145, 33.9472919], [-118.4091404, 33.94722], [-118.409152, 33.9471431], [-118.4091273, 33.9469743], [-118.4091168, 33.9469025], [-118.4090264, 33.9462858], [-118.4089916, 33.9460482], [-118.4089876, 33.946021], [-118.4088531, 33.9451087], [-118.408846, 33.9450608]]}}, {"type": "Feature", "properties": {"aeroway": "terminal", "ref": "6", "name": "Terminal 6", "surface": null, "id": 413225844}, "geometry": {"type": "Polygon", "coordinates": [[[-118.4028695, 33.9424304], [-118.4029172, 33.9428268], [-118.4028557, 33.942833], [-118.4026992, 33.9428489], [-118.4024353, 33.9428757], [-118.4022034, 33.9428993], [-118.4019985, 33.9429201], [-118.4019821, 33.9429218], [-118.4009264, 33.9430291], [-118.4008946, 33.9428403], [-118.4008721, 33.9427043], [-118.4013539, 33.9426521], [-118.4019005, 33.9425958], [-118.4019364, 33.9425135], [-118.4020225, 33.9425044], [-118.402019, 33.9424739], [-118.4020322, 33.9424725], [-118.4019883, 33.9421387], [-118.4019421, 33.9418251], [-118.4019131, 33.9416659], [-118.4020341, 33.9416533], [-118.4020261, 33.9415583], [-118.4019984, 33.9415553], [-118.4019641, 33.9415467], [-118.4019356, 33.9415353], [-118.4019015, 33.9415156], [-118.401871, 33.9414897], [-118.401855, 33.941473], [-118.4018308, 33.9414341], [-118.4018174, 33.941394], [-118.4017159, 33.941284], [-118.4017808, 33.941247], [-118.4017153, 33.941259], [-118.401711, 33.9412426], [-118.4016883, 33.9411554], [-118.4016848, 33.9410504], [-118.4017535, 33.9410488], [-118.4017459, 33.9408742], [-118.4017505, 33.9408344], [-118.4016212, 33.9407856], [-118.4016044, 33.9407773], [-118.401603, 33.9407298], [-118.4015928, 33.9406264], [-118.4016303, 33.9406238], [-118.4016547, 33.940599], [-118.4016791, 33.9405706], [-118.4016924, 33.9405511], [-118.4016969, 33.9405339], [-118.4016984, 33.9405217], [-118.4016967, 33.9405075], [-118.4016921, 33.9404904], [-118.4016782, 33.9404658], [-118.4016514, 33.9404446], [-118.4016231, 33.9404272], [-118.4015589, 33.940432], [-118.401548, 33.9403569], [-118.4015466, 33.9403423], [-118.4015884, 33.940338], [-118.4015896, 33.9403457], [-118.4016174, 33.940349], [-118.4016345, 33.9403501], [-118.4016491, 33.9403492], [-118.4016805, 33.9403429], [-118.4017338, 33.9402848], [-118.4017138, 33.9402725], [-118.401735, 33.9402486], [-118.4017412, 33.9402429], [-118.4018376, 33.940303], [-118.4018615, 33.9403121], [-118.4018787, 33.9403148], [-118.4019016, 33.9403137], [-118.4019281, 33.9403075], [-118.4019501, 33.9402979], [-118.4019699, 33.9402826], [-118.4019988, 33.9402521], [-118.4019911, 33.9401978], [-118.4020917, 33.9401895], [-118.4021017, 33.9401887], [-118.4021064, 33.940224], [-118.402094, 33.9402251], [-118.4020982, 33.9402505], [-118.4021017, 33.9402626], [-118.4021122, 33.9402802], [-118.4021255, 33.940294], [-118.4021811, 33.9403316], [-118.4022147, 33.9402957], [-118.4022432, 33.9403145], [-118.4022502, 33.9403187], [-118.4021504, 33.9404224], [-118.4021388, 33.9404481], [-118.402136, 33.9404596], [-118.4021347, 33.940475], [-118.4021358, 33.9404884], [-118.4021398, 33.9405017], [-118.4021462, 33.9405129], [-118.402156, 33.940526], [-118.4021732, 33.9405401], [-118.4022066, 33.9405624], [-118.4022735, 33.9405565], [-118.4022828, 33.9406395], [-118.4022859, 33.94066], [-118.4021472, 33.9407547], [-118.4021551, 33.9407627], [-118.4021691, 33.9407798], [-118.4021789, 33.940797], [-118.4021863, 33.9408143], [-118.4022144, 33.9409213], [-118.4022347, 33.9409935], [-118.4023032, 33.9409796], [-118.4023198, 33.9410337], [-118.4023349, 33.9411491], [-118.4023345, 33.9411929], [-118.4022681, 33.9411953], [-118.4022714, 33.9413473], [-118.4022727, 33.9413747], [-118.4022692, 33.9414064], [-118.40226, 33.9414343], [-118.4022565, 33.9414401], [-118.4022436, 33.9414644], [-118.4022255, 33.9414895], [-118.4022046, 33.9415077], [-118.4021878, 33.9415206], [-118.4021696, 33.9415303], [-118.4021703, 33.9415384], [-118.4022348, 33.9415308], [-118.4022505, 33.9416368], [-118.4024431, 33.9416165], [-118.4024571, 33.9417367], [-118.4024289, 33.9417389], [-118.4024651, 33.9420094], [-118.4024886, 33.9421596], [-118.4025186, 33.9421556], [-118.4025629, 33.9424599], [-118.4028695, 33.9424304]]]}}, {"type": "Feature", "properties": {"aeroway": "terminal", "ref": "B", "name": "Tom Bradley International Terminal", "surface": null, "id": 413226032}, "geometry": {"type": "Polygon", "coordinates": [[[-118.4082928, 33.9446635], [-118.4082711, 33.9446533], [-118.408303, 33.9445975], [-118.4083309, 33.9445443], [-118.4083515, 33.944499], [-118.4083615, 33.9444547], [-118.4083683, 33.9444042], [-118.4083632, 33.9443139], [-118.4083196, 33.9440125], [-118.408256, 33.9435893], [-118.4082437, 33.9435086], [-118.4081222, 33.9428309], [-118.4081124, 33.9427711], [-118.4080922, 33.942709], [-118.4080743, 33.9426664], [-118.4080477, 33.942621], [-118.4080085, 33.9425689], [-118.4079733, 33.9425299], [-118.4079382, 33.9425003], [-118.4078726, 33.9424539], [-118.4078323, 33.9424323], [-118.4077687, 33.9424079], [-118.4077165, 33.9423924], [-118.4076722, 33.9423857], [-118.407601, 33.9423182], [-118.4076768, 33.9423194], [-118.4077304, 33.9423229], [-118.407774, 33.9423316], [-118.4078283, 33.9423486], [-118.40788, 33.9423737], [-118.4078865, 33.9423845], [-118.4079045, 33.9424023], [-118.4079328, 33.9424222], [-118.4079721, 33.94245], [-118.4080101, 33.9424768], [-118.4080384, 33.9424968], [-118.4080632, 33.9425143], [-118.4080921, 33.9425496], [-118.4081228, 33.9425924], [-118.4081484, 33.9426327], [-118.4081864, 33.9427281], [-118.4082056, 33.9427941], [-118.4082126, 33.9428294], [-118.4084387, 33.9428082], [-118.408559, 33.9427931], [-118.4086883, 33.9427824], [-118.408729, 33.9427725], [-118.4091052, 33.9427329], [-118.4094147, 33.9427004], [-118.4093977, 33.9425612], [-118.4093502, 33.9425647], [-118.4093537, 33.9425918], [-118.4091188, 33.942613], [-118.4091056, 33.9425354], [-118.4091409, 33.9425318], [-118.4094935, 33.9424955], [-118.4094895, 33.9424678], [-118.4095545, 33.9424613], [-118.4095577, 33.9424835], [-118.4095268, 33.9424869], [-118.409528, 33.9424948], [-118.4095974, 33.9424883], [-118.4096115, 33.9425851], [-118.4096546, 33.9425819], [-118.4098892, 33.9425569], [-118.4098784, 33.9424895], [-118.4101866, 33.9424601], [-118.4101813, 33.942425], [-118.4100883, 33.9424344], [-118.4100918, 33.9423261], [-118.4100995, 33.9420865], [-118.4100372, 33.9420927], [-118.410041, 33.9419988], [-118.4100754, 33.9419958], [-118.4100755, 33.9419781], [-118.4098211, 33.9419526], [-118.409816, 33.9419204], [-118.409807, 33.941863], [-118.4098371, 33.9418655], [-118.409832, 33.9418347], [-118.4100455, 33.941858], [-118.4100497, 33.9417467], [-118.4099878, 33.9417529], [-118.4099983, 33.9414062], [-118.4099361, 33.941413], [-118.4099399, 33.9413169], [-118.4099735, 33.941315], [-118.4099746, 33.9412975], [-118.4097196, 33.9412706], [-118.4097071, 33.9412053], [-118.4097075, 33.9411817], [-118.4097369, 33.9411858], [-118.409731, 33.9411528], [-118.4099444, 33.9411741], [-118.4099478, 33.9410536], [-118.4098856, 33.9410604], [-118.4098964, 33.9407119], [-118.4098346, 33.9407184], [-118.4098346, 33.9407018], [-118.4098362, 33.9406673], [-118.4096272, 33.9406458], [-118.4096217, 33.9406095], [-118.409614, 33.9405561], [-118.4096425, 33.9405594], [-118.4096382, 33.9405277], [-118.4098412, 33.9405472], [-118.4098461, 33.9403722], [-118.4097845, 33.9403782], [-118.4097953, 33.94003], [-118.4097351, 33.9400371], [-118.4097362, 33.9399855], [-118.4095279, 33.9399639], [-118.4095215, 33.9399295], [-118.4095137, 33.9398759], [-118.4095422, 33.9398782], [-118.4095394, 33.9398462], [-118.4097401, 33.9398662], [-118.409746, 33.9396893], [-118.4096849, 33.9396969], [-118.4097357, 33.939482], [-118.4097605, 33.9394726], [-118.4097619, 33.939477], [-118.4097735, 33.9394748], [-118.4097725, 33.9394705], [-118.409766, 33.9394723], [-118.4097625, 33.9394488], [-118.4097522, 33.9393793], [-118.4097401, 33.9392983], [-118.4097305, 33.9392297], [-118.4098371, 33.9392403], [-118.4098389, 33.9392602], [-118.4098789, 33.9392639], [-118.4099089, 33.9394576], [-118.410131, 33.939435], [-118.4101998, 33.9397912], [-118.4101724, 33.9397942], [-118.4101755, 33.9398126], [-118.4101892, 33.939814], [-118.410191, 33.9398075], [-118.4102148, 33.9398067], [-118.4103262, 33.9398215], [-118.410453, 33.9398346], [-118.4104642, 33.9399234], [-118.4104367, 33.9399209], [-118.4104424, 33.9399523], [-118.4102261, 33.9399318], [-118.4102353, 33.9399859], [-118.4102218, 33.9399873], [-118.4102865, 33.9403266], [-118.4102719, 33.9403279], [-118.4103033, 33.9405547], [-118.410346, 33.9405594], [-118.4104403, 33.9405698], [-118.4105628, 33.9405832], [-118.4105756, 33.9406719], [-118.4105461, 33.9406699], [-118.4105517, 33.9407012], [-118.4103241, 33.9406786], [-118.4103858, 33.9410085], [-118.4103712, 33.9410101], [-118.4104387, 33.9413609], [-118.4103926, 33.9413656], [-118.410394, 33.9413835], [-118.4104722, 33.9413913], [-118.4105607, 33.9414001], [-118.4106853, 33.9414124], [-118.4106992, 33.9415027], [-118.4106688, 33.9414999], [-118.4106753, 33.941532], [-118.4104519, 33.9415094], [-118.4104888, 33.9417026], [-118.4104749, 33.941704], [-118.4105392, 33.9420414], [-118.410494, 33.9420455], [-118.4104953, 33.9420627], [-118.4105645, 33.9420704], [-118.4106609, 33.9420811], [-118.4107859, 33.9420948], [-118.4108005, 33.9421844], [-118.4107715, 33.9421813], [-118.4107763, 33.9422131], [-118.4105556, 33.9421904], [-118.4105892, 33.9423829], [-118.4105758, 33.9423844], [-118.4106045, 33.9425365], [-118.4106599, 33.9425272], [-118.4108025, 33.9428746], [-118.4107646, 33.9428834], [-118.4107706, 33.9428994], [-118.4108539, 33.942877], [-118.4108969, 33.9428657], [-118.4109129, 33.9429103], [-118.4108926, 33.9429139], [-118.4109131, 33.9429684], [-118.4108433, 33.9429876], [-118.4108685, 33.9430589], [-118.4107886, 33.9430954], [-118.4108528, 33.943279], [-118.4112336, 33.9431868], [-118.4115704, 33.943095], [-118.4116273, 33.9431945], [-118.411747, 33.9434014], [-118.4116653, 33.9434221], [-118.4109481, 33.9436065], [-118.4109106, 33.9435106], [-118.4108095, 33.9435373], [-118.4108535, 33.9436566], [-118.4109591, 33.9439645], [-118.4108165, 33.9440002], [-118.4108665, 33.944258], [-118.4108524, 33.94426], [-118.4108646, 33.9443598], [-118.4110168, 33.944378], [-118.4111234, 33.9443902], [-118.411138, 33.9444794], [-118.4111101, 33.9444768], [-118.4111141, 33.9445083], [-118.410896, 33.9444859], [-118.4109179, 33.9446114], [-118.4109031, 33.9446125], [-118.4109416, 33.944839], [-118.4109777, 33.9448431], [-118.4111475, 33.9448619], [-118.4111963, 33.9448673], [-118.4112098, 33.9449579], [-118.4111772, 33.9449537], [-118.4111834, 33.9449858], [-118.4109565, 33.9449636], [-118.4110182, 33.9452928], [-118.4110059, 33.9452944], [-118.4110428, 33.9455193], [-118.4110798, 33.9455235], [-118.4111831, 33.9455347], [-118.4112864, 33.9455472], [-118.411331, 33.9455525], [-118.411347, 33.9456241], [-118.4113295, 33.9456655], [-118.4112844, 33.9456688], [-118.4109995, 33.94564], [-118.4106544, 33.945677], [-118.4106652, 33.9457699], [-118.4106494, 33.9457716], [-118.4105227, 33.9457849], [-118.4103931, 33.9457985], [-118.4104521, 33.9461865], [-118.4104585, 33.9462287], [-118.4104866, 33.9464135], [-118.4104603, 33.9464145], [-118.4103282, 33.9464271], [-118.4102817, 33.9464326], [-118.4102729, 33.9463725], [-118.4102617, 33.9463717], [-118.4101854, 33.9463814], [-118.4101819, 33.9463601], [-118.4101612, 33.9462172], [-118.410182, 33.9462142], [-118.410177, 33.9461828], [-118.4101729, 33.9461513], [-118.4101541, 33.9461529], [-118.4101098, 33.9458806], [-118.4102856, 33.9458621], [-118.4102665, 33.9457396], [-118.4103596, 33.9457299], [-118.4103735, 33.9457441], [-118.4104276, 33.9457386], [-118.410417, 33.9456663], [-118.4104972, 33.9456581], [-118.4104783, 33.9455294], [-118.4105717, 33.9455199], [-118.4105792, 33.9453384], [-118.410517, 33.9453448], [-118.4105198, 33.9452547], [-118.41052, 33.9452487], [-118.4105546, 33.9452454], [-118.4105558, 33.9452276], [-118.410299, 33.9452026], [-118.4102947, 33.9451706], [-118.4102877, 33.9451135], [-118.4103156, 33.9451165], [-118.4103115, 33.9450864], [-118.410524, 33.9451075], [-118.4105284, 33.9449971], [-118.410467, 33.9450036], [-118.4104782, 33.9446561], [-118.4104167, 33.944663], [-118.4104188, 33.9445666], [-118.4104545, 33.9445639], [-118.4104554, 33.9445455], [-118.4101998, 33.9445203], [-118.4101897, 33.9444695], [-118.4101858, 33.9444313], [-118.4102151, 33.9444349], [-118.4102109, 33.9444026], [-118.4104237, 33.944424], [-118.4104291, 33.944267], [-118.4104552, 33.9442651], [-118.4104535, 33.9442598], [-118.4103352, 33.9442738], [-118.4103193, 33.9441707], [-118.4102446, 33.9441787], [-118.4102398, 33.9441472], [-118.4101996, 33.9441586], [-118.4101953, 33.9441508], [-118.409839, 33.9441883], [-118.4098298, 33.9441159], [-118.4095517, 33.9441444], [-118.4093321, 33.9441669], [-118.4093074, 33.9441691], [-118.4092529, 33.9441741], [-118.4092784, 33.9443737], [-118.4092644, 33.9443751], [-118.4092737, 33.9444995], [-118.4089536, 33.9445537], [-118.4089328, 33.9444267], [-118.4089222, 33.9443355], [-118.4089099, 33.9442152], [-118.4084313, 33.9442576], [-118.408443, 33.9443547], [-118.4084427, 33.9444087], [-118.4084398, 33.9444431], [-118.4084062, 33.9445361], [-118.4083732, 33.944614], [-118.4083241, 33.9446788], [-118.4083041, 33.9446687], [-118.4082928, 33.9446635]]]}}, {"type": "Feature", "properties": {"aeroway": "terminal", "ref": "1", "name": "Terminal 1", "surface": null, "id": 413226242}, "geometry": {"type": "Polygon", "coordinates": [[[-118.4018688, 33.9455226], [-118.4018949, 33.945689], [-118.4019185, 33.9458396], [-118.4016369, 33.9458689], [-118.4016443, 33.9459115], [-118.401532, 33.9459226], [-118.4013533, 33.9461092], [-118.4012994, 33.9461148], [-118.4013125, 33.9461978], [-118.4013745, 33.9465909], [-118.4014081, 33.9467932], [-118.401493, 33.9467853], [-118.4014985, 33.9468257], [-118.4015273, 33.9470201], [-118.4015777, 33.9473651], [-118.4016055, 33.9475517], [-118.4015631, 33.947556], [-118.4013984, 33.9475729], [-118.4013592, 33.9475769], [-118.4013653, 33.9476205], [-118.401275, 33.9476299], [-118.4012707, 33.9475927], [-118.4012813, 33.947592], [-118.4012805, 33.947585], [-118.4012703, 33.9475858], [-118.4012278, 33.9475902], [-118.4010479, 33.9476089], [-118.4010243, 33.9476114], [-118.4009937, 33.9474086], [-118.400944, 33.9470757], [-118.4009096, 33.946841], [-118.4009986, 33.9468324], [-118.4009663, 33.9466272], [-118.4009274, 33.9463796], [-118.4009053, 33.9462311], [-118.4006062, 33.9462606], [-118.4003198, 33.9460755], [-118.4002014, 33.9460848], [-118.4001121, 33.9460249], [-118.4001052, 33.945978], [-118.4000764, 33.945981], [-118.4000505, 33.9458041], [-118.399947, 33.9458146], [-118.3999205, 33.9458305], [-118.3999043, 33.9458551], [-118.3999047, 33.9459242], [-118.399903, 33.9459448], [-118.3998918, 33.9459554], [-118.3998807, 33.9459573], [-118.3998734, 33.9459587], [-118.3998559, 33.9459553], [-118.3998472, 33.9459379], [-118.3998436, 33.9458542], [-118.3998542, 33.94582], [-118.3998734, 33.9457954], [-118.3999033, 33.945776], [-118.3999392, 33.9457623], [-118.4000014, 33.9457531], [-118.4000626, 33.9457455], [-118.4000592, 33.9457054], [-118.400565, 33.9456564], [-118.4005871, 33.9456541], [-118.4006153, 33.9456512], [-118.4009343, 33.945618], [-118.4009662, 33.9456147], [-118.4012668, 33.945584], [-118.4018688, 33.9455226]]]}}, {"type": "Feature", "properties": {"aeroway": "terminal", "ref": "2", "name": "Terminal 2", "surface": null, "id": 413226245}, "geometry": {"type": "Polygon", "coordinates": [[[-118.4049628, 33.9451896], [-118.4049639, 33.9451968], [-118.4050251, 33.9455942], [-118.4045033, 33.9456507], [-118.4043777, 33.9457696], [-118.4042661, 33.9457826], [-118.404289, 33.9459199], [-118.4042969, 33.9459836], [-118.4043155, 33.9461305], [-118.4043606, 33.9461259], [-118.4043654, 33.9461588], [-118.4043378, 33.9461615], [-118.4043371, 33.9461565], [-118.4043222, 33.946158], [-118.4043453, 33.9463187], [-118.4043801, 33.9465576], [-118.4044236, 33.9465532], [-118.4044281, 33.9465846], [-118.4044008, 33.9465873], [-118.4044002, 33.946583], [-118.4043839, 33.9465846], [-118.404399, 33.9466921], [-118.4044221, 33.9468467], [-118.4044386, 33.946845], [-118.4044331, 33.946807], [-118.4044607, 33.9468042], [-118.4044703, 33.9468702], [-118.4044264, 33.9468747], [-118.4044312, 33.9469076], [-118.4044214, 33.9469086], [-118.4043019, 33.9469206], [-118.4041704, 33.9469339], [-118.4039881, 33.9469523], [-118.4038916, 33.946962], [-118.4038707, 33.9469642], [-118.4038661, 33.9469334], [-118.4038261, 33.9469374], [-118.4038217, 33.9469076], [-118.4038624, 33.9469035], [-118.4038587, 33.9468813], [-118.4038403, 33.9467553], [-118.4038241, 33.9466443], [-118.4037824, 33.9466486], [-118.4037777, 33.9466168], [-118.4038195, 33.9466126], [-118.4037958, 33.9464555], [-118.4037803, 33.9463487], [-118.4037404, 33.9463528], [-118.403736, 33.9463228], [-118.4037789, 33.9463184], [-118.403744, 33.9460845], [-118.4037009, 33.9460889], [-118.4036963, 33.9460585], [-118.4037411, 33.9460539], [-118.4037261, 33.9459538], [-118.4036844, 33.9459581], [-118.4036793, 33.9459238], [-118.4037182, 33.9459198], [-118.4037153, 33.9459], [-118.4036996, 33.9457955], [-118.4036704, 33.9457985], [-118.4036668, 33.9457747], [-118.4036318, 33.9457783], [-118.4036277, 33.9457514], [-118.4035988, 33.9457544], [-118.403589, 33.9456918], [-118.403586, 33.9456685], [-118.4036169, 33.9456653], [-118.4036029, 33.9455712], [-118.4032052, 33.945612], [-118.4032033, 33.9455991], [-118.4031652, 33.945603], [-118.4031552, 33.945535], [-118.4031906, 33.9455314], [-118.4031683, 33.9453897], [-118.403371, 33.9453672], [-118.4034856, 33.9453542], [-118.4037589, 33.9453227], [-118.4037679, 33.9453217], [-118.4037919, 33.9453191], [-118.4042022, 33.9452737], [-118.404241, 33.9452694], [-118.4047183, 33.9452167], [-118.4047549, 33.9452126], [-118.4049628, 33.9451896]]]}}, {"type": "Feature", "properties": {"aeroway": "terminal", "ref": null, "name": "American Eagle Terminal", "surface": null, "id": 413226249}, "geometry": {"type": "Polygon", "coordinates": [[[-118.3942297, 33.9422319], [-118.3942428, 33.9422319], [-118.3942415, 33.9426365], [-118.3939848, 33.942636], [-118.3939851, 33.9423795], [-118.3939853, 33.9423273], [-118.3939862, 33.9421589], [-118.3939656, 33.9421589], [-118.3939372, 33.9421588], [-118.393937, 33.942113], [-118.3939374, 33.9420912], [-118.3939794, 33.9420913], [-118.39398, 33.9418887], [-118.3939602, 33.9418893], [-118.3939401, 33.9418899], [-118.3939422, 33.9417631], [-118.3939463, 33.9415337], [-118.3939474, 33.9414938], [-118.3939801, 33.9414935], [-118.3942029, 33.9414887], [-118.3942047, 33.9416417], [-118.3942521, 33.9416467], [-118.3942497, 33.9417295], [-118.3943082, 33.941777], [-118.3943907, 33.9417787], [-118.3943893, 33.9418882], [-118.3943889, 33.9420207], [-118.3942303, 33.9420204], [-118.3942302, 33.9420836], [-118.3942297, 33.9422319]]]}}, {"type": "Feature", "properties": {"aeroway": "terminal", "ref": "7", "name": "Terminal 7", "surface": null, "id": 413226251}, "geometry": {"type": "Polygon", "coordinates": [[[-118.3986924, 33.9429381], [-118.3994204, 33.9428671], [-118.3994168, 33.942833], [-118.3994121, 33.9428037], [-118.399408, 33.9427814], [-118.3994046, 33.942763], [-118.3994008, 33.9427425], [-118.3993965, 33.9427195], [-118.3993892, 33.9426798], [-118.3993832, 33.9426474], [-118.3993784, 33.9426214], [-118.3993713, 33.9425834], [-118.3993633, 33.9425401], [-118.3993583, 33.9425131], [-118.3993984, 33.9425069], [-118.3994306, 33.9425032], [-118.3994632, 33.9424994], [-118.399501, 33.9424951], [-118.3995298, 33.9424918], [-118.3995551, 33.9424889], [-118.3995424, 33.9424029], [-118.3995098, 33.9421761], [-118.3994856, 33.9421787], [-118.3994767, 33.9421204], [-118.3994941, 33.9421193], [-118.3994812, 33.9420164], [-118.3994475, 33.9417412], [-118.3994495, 33.9417365], [-118.3994545, 33.941734], [-118.3994796, 33.9417322], [-118.399468, 33.9417158], [-118.399455, 33.9416971], [-118.3994464, 33.9416806], [-118.3994401, 33.9416641], [-118.3993997, 33.9415172], [-118.3993929, 33.9414872], [-118.3993198, 33.9414995], [-118.399299, 33.9414014], [-118.3992957, 33.9412864], [-118.399364, 33.9412846], [-118.3993587, 33.9411129], [-118.3993594, 33.9410915], [-118.399362, 33.941076], [-118.39937, 33.941054], [-118.3993788, 33.9410354], [-118.3993428, 33.9410123], [-118.3992917, 33.9409784], [-118.399302, 33.9409675], [-118.3991856, 33.9408944], [-118.3992336, 33.9408452], [-118.3992468, 33.9408536], [-118.3994449, 33.9406389], [-118.3994517, 33.9406324], [-118.399347, 33.9405629], [-118.3993691, 33.9405386], [-118.3993929, 33.9405135], [-118.3995014, 33.9405866], [-118.3995101, 33.9405784], [-118.3996916, 33.9406952], [-118.3996866, 33.9407019], [-118.3996997, 33.9407106], [-118.3997235, 33.9407254], [-118.399804, 33.9406392], [-118.3998429, 33.9406646], [-118.3997665, 33.9407494], [-118.3998267, 33.9407887], [-118.3998206, 33.9407955], [-118.3998332, 33.9408027], [-118.399843, 33.940794], [-118.3998982, 33.9408295], [-118.3998276, 33.9409044], [-118.3998238, 33.9409018], [-118.399812, 33.9409144], [-118.3998272, 33.9409244], [-118.399822, 33.9409296], [-118.3997737, 33.9409811], [-118.3997925, 33.9410041], [-118.3998086, 33.9410286], [-118.3998206, 33.9410567], [-118.3998521, 33.9411818], [-118.39995, 33.9411712], [-118.3999813, 33.9412964], [-118.3999707, 33.9412983], [-118.3999356, 33.9413048], [-118.3999392, 33.9413318], [-118.3999449, 33.9414363], [-118.3998992, 33.9414375], [-118.3999023, 33.9415732], [-118.3999019, 33.9416141], [-118.3999008, 33.9416341], [-118.3998967, 33.941653], [-118.3998907, 33.9416734], [-118.399885, 33.941682], [-118.3998942, 33.9416857], [-118.3999011, 33.9416895], [-118.3999079, 33.9417403], [-118.3999921, 33.9423563], [-118.4000048, 33.9424432], [-118.4001936, 33.9424232], [-118.4002109, 33.9425658], [-118.400221, 33.9426372], [-118.40026, 33.9426335], [-118.4002665, 33.9426804], [-118.400224, 33.9426845], [-118.4002332, 33.9427427], [-118.4002372, 33.9427805], [-118.4002204, 33.942782], [-118.4002245, 33.9428086], [-118.4005643, 33.9427724], [-118.4005596, 33.9427373], [-118.4007506, 33.9427167], [-118.4008721, 33.9427043], [-118.4008946, 33.9428403], [-118.4009264, 33.9430291], [-118.4006688, 33.9430552], [-118.4002542, 33.9430974], [-118.4001449, 33.9431084], [-118.3999538, 33.9431277], [-118.3997481, 33.9431501], [-118.3994974, 33.9431739], [-118.3994504, 33.943178], [-118.3993117, 33.9431916], [-118.3991949, 33.9432035], [-118.3991647, 33.9432067], [-118.3990403, 33.9432202], [-118.398993, 33.9432253], [-118.3987366, 33.9432508], [-118.3987197, 33.9431349], [-118.3987027, 33.9430144], [-118.3986997, 33.9429881], [-118.3986924, 33.9429381]]]}}, {"type": "Feature", "properties": {"aeroway": "terminal", "ref": "8", "name": "Terminal 8", "surface": null, "id": 413226256}, "geometry": {"type": "Polygon", "coordinates": [[[-118.3985395, 33.9432699], [-118.3982293, 33.9433016], [-118.3979877, 33.9433264], [-118.3979807, 33.9432819], [-118.3979473, 33.9432851], [-118.3978666, 33.9431412], [-118.3978461, 33.9431484], [-118.397839, 33.9431318], [-118.3977046, 33.9431461], [-118.3977099, 33.9431783], [-118.3975172, 33.9431959], [-118.3975107, 33.943164], [-118.3971972, 33.9431955], [-118.3971348, 33.9427909], [-118.3971824, 33.9427865], [-118.3974499, 33.9427616], [-118.3974615, 33.9428341], [-118.3974835, 33.9428321], [-118.3974706, 33.9427526], [-118.3973218, 33.9427664], [-118.3972634, 33.942384], [-118.3973469, 33.9423761], [-118.3973303, 33.9422567], [-118.397263, 33.942262], [-118.3971773, 33.9416595], [-118.3972432, 33.9416528], [-118.3972289, 33.9415663], [-118.3971661, 33.9415722], [-118.3970911, 33.9410733], [-118.3971554, 33.9410674], [-118.3971405, 33.9409652], [-118.3972376, 33.9409562], [-118.3973185, 33.9409489], [-118.3973391, 33.9410928], [-118.3973576, 33.9412138], [-118.397363, 33.9412491], [-118.3973878, 33.9412477], [-118.397394, 33.9412969], [-118.3973703, 33.9412997], [-118.3973837, 33.9413941], [-118.3974189, 33.9413912], [-118.3974249, 33.9414441], [-118.3973923, 33.9414472], [-118.3974064, 33.9415463], [-118.3974535, 33.9418706], [-118.3974981, 33.9421776], [-118.3975778, 33.9427211], [-118.3976706, 33.9427121], [-118.3976835, 33.9428107], [-118.3976967, 33.9429019], [-118.3977175, 33.9428993], [-118.397735, 33.9430204], [-118.3977442, 33.943081], [-118.3979183, 33.9430652], [-118.3980517, 33.9430525], [-118.3980469, 33.9430257], [-118.3983041, 33.9429995], [-118.3983091, 33.9430266], [-118.3986997, 33.9429881], [-118.3987027, 33.9430144], [-118.3987197, 33.9431349], [-118.3987366, 33.9432508], [-118.3986805, 33.9432562], [-118.3985395, 33.9432699]]]}}, {"type": "Feature", "properties": {"aeroway": "hangar", "ref": null, "name": "American Airlines", "surface": null, "id": 413226294}, "geometry": {"type": "Polygon", "coordinates": [[[-118.4153579, 33.9412974], [-118.4152624, 33.9406607], [-118.4152676, 33.9406602], [-118.415227, 33.9403893], [-118.4152224, 33.9403898], [-118.4151317, 33.9397846], [-118.4151377, 33.9397839], [-118.4151331, 33.9397534], [-118.4166048, 33.9396001], [-118.4168359, 33.9411433], [-118.4153579, 33.9412974]]]}}, {"type": "Feature", "properties": {"aeroway": "hangar", "ref": null, "name": "Signature", "surface": null, "id": 413226320}, "geometry": {"type": "Polygon", "coordinates": [[[-118.3956901, 33.9336635], [-118.3956907, 33.9337727], [-118.3951628, 33.9337746], [-118.3951622, 33.9336654], [-118.3952435, 33.9336651], [-118.3952433, 33.9336354], [-118.3951489, 33.9336359], [-118.3951485, 33.933581], [-118.3942822, 33.9335859], [-118.3942822, 33.9335827], [-118.3941907, 33.9335832], [-118.39419, 33.9334994], [-118.3942208, 33.9334992], [-118.3942187, 33.9332423], [-118.3941899, 33.9332425], [-118.3941891, 33.9331319], [-118.3942195, 33.9331318], [-118.3942191, 33.9330856], [-118.3941876, 33.9330858], [-118.3941865, 33.932962], [-118.3942166, 33.9329619], [-118.3942161, 33.9329032], [-118.3941876, 33.9329033], [-118.3941874, 33.9328833], [-118.3942162, 33.9328832], [-118.3942152, 33.9327556], [-118.3942834, 33.9327552], [-118.3942833, 33.9327526], [-118.3951503, 33.9327477], [-118.3951498, 33.9326941], [-118.3951948, 33.9326938], [-118.3951953, 33.9327542], [-118.3952121, 33.9327542], [-118.39521, 33.9324901], [-118.3954109, 33.932489], [-118.3954151, 33.9330017], [-118.3952117, 33.9330029], [-118.3952122, 33.9330678], [-118.3952393, 33.9330676], [-118.39524, 33.9331536], [-118.3952111, 33.9331538], [-118.3952114, 33.9331964], [-118.3954075, 33.9331953], [-118.3954111, 33.9336344], [-118.395366, 33.9336347], [-118.3953651, 33.9336646], [-118.3955195, 33.9336641], [-118.3955191, 33.9335831], [-118.3955948, 33.9335829], [-118.3955952, 33.9336638], [-118.3956901, 33.9336635]]]}}, {"type": "Feature", "properties": {"aeroway": "terminal", "ref": null, "name": null, "surface": null, "id": 413226581}, "geometry": {"type": "Polygon", "coordinates": [[[-118.4293835, 33.9427026], [-118.4293985, 33.9427011], [-118.4294013, 33.942721], [-118.4293863, 33.9427225], [-118.429394, 33.9427765], [-118.4294061, 33.9427753], [-118.4294254, 33.9429109], [-118.4294101, 33.9429123], [-118.4293894, 33.9429109], [-118.4293635, 33.9429058], [-118.4293375, 33.9428946], [-118.4293145, 33.9428791], [-118.4292991, 33.9428617], [-118.4292873, 33.9428421], [-118.4292807, 33.9428225], [-118.4292393, 33.9425495], [-118.42936, 33.9425372], [-118.4293835, 33.9427026]]]}}, {"type": "Feature", "properties": {"aeroway": "terminal", "ref": null, "name": null, "surface": null, "id": 413226604}, "geometry": {"type": "Polygon", "coordinates": [[[-118.4296344, 33.9444085], [-118.4296579, 33.9445657], [-118.4296756, 33.9445638], [-118.4296779, 33.9445793], [-118.4296607, 33.9445811], [-118.4296709, 33.9446495], [-118.4296806, 33.9446484], [-118.4297005, 33.9447815], [-118.4296667, 33.9447818], [-118.4296484, 33.9447789], [-118.4296249, 33.9447716], [-118.429605, 33.9447612], [-118.429589, 33.9447501], [-118.4295747, 33.9447338], [-118.429564, 33.9447158], [-118.4295572, 33.9446985], [-118.429554, 33.9446855], [-118.4295135, 33.944421], [-118.4296344, 33.9444085]]]}}, {"type": "Feature", "properties": {"aeroway": "terminal", "ref": null, "name": null, "surface": null, "id": 413226619}, "geometry": {"type": "Polygon", "coordinates": [[[-118.429565, 33.9439248], [-118.4295805, 33.9439232], [-118.4295832, 33.943942], [-118.4295674, 33.9439436], [-118.4295754, 33.944], [-118.4295867, 33.9440013], [-118.4296055, 33.9441321], [-118.4295911, 33.9441336], [-118.4295746, 33.9441331], [-118.4295544, 33.9441296], [-118.4295347, 33.9441235], [-118.4295175, 33.9441148], [-118.429497, 33.9441001], [-118.4294812, 33.9440858], [-118.4294689, 33.9440676], [-118.4294621, 33.9440462], [-118.4294586, 33.9440278], [-118.42942, 33.9437717], [-118.4295415, 33.9437596], [-118.429565, 33.9439248]]]}}, {"type": "Feature", "properties": {"aeroway": "terminal", "ref": null, "name": null, "surface": null, "id": 413226623}, "geometry": {"type": "Polygon", "coordinates": [[[-118.4294433, 33.9431101], [-118.4294666, 33.9432694], [-118.4294849, 33.9432675], [-118.4294869, 33.9432811], [-118.429469, 33.9432829], [-118.4294791, 33.9433516], [-118.4294909, 33.9433529], [-118.4295085, 33.9434824], [-118.4294936, 33.9434841], [-118.4294755, 33.9434835], [-118.4294548, 33.9434796], [-118.4294382, 33.9434747], [-118.429421, 33.9434665], [-118.4294042, 33.9434552], [-118.429391, 33.943443], [-118.4293788, 33.9434277], [-118.4293701, 33.9434111], [-118.4293639, 33.9433923], [-118.4293237, 33.9431223], [-118.4294433, 33.9431101]]]}}, {"type": "Feature", "properties": {"aeroway": "hangar", "ref": null, "name": "JAL", "surface": null, "id": 413226745}, "geometry": {"type": "Polygon", "coordinates": [[[-118.3907265, 33.9319253], [-118.3908088, 33.9319251], [-118.3908098, 33.9322599], [-118.3907955, 33.93226], [-118.3907962, 33.932513], [-118.3907299, 33.9325131], [-118.3907324, 33.9334262], [-118.3898652, 33.9334279], [-118.3898652, 33.9334201], [-118.3897833, 33.9334203], [-118.3897817, 33.9328435], [-118.3897111, 33.9328436], [-118.3897104, 33.9325919], [-118.3897829, 33.9325918], [-118.3897824, 33.9324281], [-118.3898652, 33.9324279], [-118.3898645, 33.9321872], [-118.3897413, 33.9321874], [-118.3897398, 33.9316662], [-118.3898616, 33.9316659], [-118.3898617, 33.9316768], [-118.3907258, 33.9316751], [-118.3907265, 33.9319253]]]}}, {"type": "Feature", "properties": {"aeroway": "terminal", "ref": null, "name": null, "surface": null, "id": 413226759}, "geometry": {"type": "Polygon", "coordinates": [[[-118.4347623, 33.9442374], [-118.4347678, 33.9442375], [-118.4347741, 33.9442406], [-118.4347953, 33.9443749], [-118.4347943, 33.9443793], [-118.4347921, 33.944382], [-118.4347854, 33.9443845], [-118.4346696, 33.9443963], [-118.4346712, 33.9444071], [-118.4346426, 33.9444382], [-118.434644, 33.9444482], [-118.4342681, 33.9444863], [-118.434262, 33.944486], [-118.4342573, 33.9444836], [-118.4342544, 33.9444803], [-118.4342355, 33.9443506], [-118.434236, 33.9443461], [-118.4342388, 33.944343], [-118.4342461, 33.9443399], [-118.4343618, 33.9443282], [-118.4343602, 33.9443175], [-118.434389, 33.9442856], [-118.4343875, 33.9442753], [-118.4347623, 33.9442374]]]}}, {"type": "Feature", "properties": {"aeroway": "terminal", "ref": null, "name": null, "surface": null, "id": 413226763}, "geometry": {"type": "Polygon", "coordinates": [[[-118.4296121, 33.9450828], [-118.4296102, 33.9450702], [-118.4297309, 33.9450578], [-118.4297454, 33.9451555], [-118.4297553, 33.9452222], [-118.4297716, 33.9452205], [-118.4297744, 33.9452398], [-118.4297581, 33.9452414], [-118.4297665, 33.9452982], [-118.4297763, 33.9452972], [-118.4297816, 33.9453334], [-118.4297961, 33.9454309], [-118.4297779, 33.9454321], [-118.4297572, 33.9454309], [-118.429724, 33.9454222], [-118.429706, 33.9454128], [-118.429687, 33.9453986], [-118.4296722, 33.9453843], [-118.429663, 33.9453702], [-118.4296567, 33.9453565], [-118.4296517, 33.9453414], [-118.4296507, 33.945334], [-118.4296477, 33.9453116], [-118.4296459, 33.9453118], [-118.4296121, 33.9450828]]]}}, {"type": "Feature", "properties": {"aeroway": "terminal", "ref": null, "name": null, "surface": null, "id": 413226771}, "geometry": {"type": "Polygon", "coordinates": [[[-118.4327905, 33.944439], [-118.432803, 33.9444397], [-118.4328067, 33.9444415], [-118.4328085, 33.9444447], [-118.4328283, 33.9445753], [-118.4328253, 33.9445816], [-118.4328184, 33.9445855], [-118.4326995, 33.9445983], [-118.4327013, 33.9446105], [-118.4326747, 33.9446378], [-118.4326764, 33.9446489], [-118.4323038, 33.9446881], [-118.4322962, 33.9446882], [-118.4322904, 33.9446863], [-118.4322876, 33.9446841], [-118.4322856, 33.944679], [-118.4322671, 33.9445566], [-118.432267, 33.9445472], [-118.4322787, 33.9445413], [-118.432394, 33.9445292], [-118.4323922, 33.9445172], [-118.4324206, 33.9444874], [-118.4324192, 33.9444781], [-118.4327905, 33.944439]]]}}, {"type": "Feature", "properties": {"aeroway": "hangar", "ref": null, "name": "Korean Air", "surface": null, "id": 413226787}, "geometry": {"type": "Polygon", "coordinates": [[[-118.3912935, 33.9326334], [-118.391292, 33.932466], [-118.3913296, 33.9324659], [-118.3913295, 33.9323609], [-118.391497, 33.9323608], [-118.3914968, 33.9322275], [-118.3919094, 33.9322273], [-118.3919094, 33.9322109], [-118.3924039, 33.9322105], [-118.3924039, 33.9321929], [-118.3925042, 33.9321929], [-118.392526, 33.9321919], [-118.3925681, 33.932186], [-118.3925836, 33.9321823], [-118.392618, 33.9321717], [-118.3926341, 33.9321654], [-118.3927396, 33.9321146], [-118.3927399, 33.9323683], [-118.3927251, 33.9323683], [-118.3927254, 33.9326087], [-118.3927825, 33.9326086], [-118.392783, 33.9330666], [-118.391604, 33.9330674], [-118.391604, 33.9331177], [-118.3913302, 33.9331179], [-118.3913297, 33.9326333], [-118.3912935, 33.9326334]]]}}, {"type": "Feature", "properties": {"aeroway": "terminal", "ref": null, "name": "FDX", "surface": null, "id": 413227683}, "geometry": {"type": "Polygon", "coordinates": [[[-118.3891492, 33.9333134], [-118.3891156, 33.9333169], [-118.389123, 33.9333675], [-118.3891576, 33.9333639], [-118.3891697, 33.9334465], [-118.3891318, 33.9334504], [-118.389138, 33.9334923], [-118.3889694, 33.9335095], [-118.3889682, 33.9335017], [-118.3884182, 33.933558], [-118.3884194, 33.9335665], [-118.3882456, 33.9335843], [-118.3882445, 33.9335766], [-118.3876946, 33.9336329], [-118.3876957, 33.9336405], [-118.3874458, 33.933666], [-118.3874448, 33.9336592], [-118.3865639, 33.9337493], [-118.3865652, 33.9337582], [-118.3863178, 33.9337835], [-118.3863042, 33.9336916], [-118.3863239, 33.9336896], [-118.3863216, 33.9330689], [-118.3863863, 33.9330681], [-118.3863855, 33.9330269], [-118.3869867, 33.9330261], [-118.3869991, 33.9330857], [-118.3870712, 33.9330788], [-118.3870672, 33.9330494], [-118.3881686, 33.932936], [-118.3881829, 33.9330323], [-118.3882432, 33.9330261], [-118.3882201, 33.9328704], [-118.3883444, 33.9328575], [-118.3883402, 33.9328288], [-118.3883864, 33.932824], [-118.3883904, 33.9328512], [-118.3884718, 33.9328428], [-118.3884951, 33.9329995], [-118.3890939, 33.9329378], [-118.3891492, 33.9333134]]]}}, {"type": "Feature", "properties": {"aeroway": "hangar", "ref": null, "name": "SIA", "surface": null, "id": 413227910}, "geometry": {"type": "Polygon", "coordinates": [[[-118.3929332, 33.9329806], [-118.3929322, 33.9324044], [-118.3932311, 33.932404], [-118.3932307, 33.9321713], [-118.3934596, 33.932171], [-118.39346, 33.9324043], [-118.3937555, 33.932404], [-118.3937564, 33.9329797], [-118.3929332, 33.9329806]]]}}, {"type": "Feature", "properties": {"aeroway": "apron", "ref": null, "name": null, "surface": null, "id": 415182687}, "geometry": {"type": "Polygon", "coordinates": [[[-118.3988252, 33.9400611], [-118.4001655, 33.939941], [-118.4002942, 33.9400211], [-118.4007506, 33.9427167], [-118.4005596, 33.9427373], [-118.4005643, 33.9427724], [-118.4002245, 33.9428086], [-118.4002204, 33.942782], [-118.4002372, 33.9427805], [-118.4002332, 33.9427427], [-118.400224, 33.9426845], [-118.4002665, 33.9426804], [-118.40026, 33.9426335], [-118.400221, 33.9426372], [-118.4002109, 33.9425658], [-118.4001936, 33.9424232], [-118.4000048, 33.9424432], [-118.3999921, 33.9423563], [-118.3999079, 33.9417403], [-118.3999011, 33.9416895], [-118.3998942, 33.9416857], [-118.399885, 33.941682], [-118.3998907, 33.9416734], [-118.3998967, 33.941653], [-118.3999008, 33.9416341], [-118.3999019, 33.9416141], [-118.3999023, 33.9415732], [-118.3998992, 33.9414375], [-118.3999449, 33.9414363], [-118.3999392, 33.9413318], [-118.3999356, 33.9413048], [-118.3999707, 33.9412983], [-118.3999813, 33.9412964], [-118.39995, 33.9411712], [-118.3998521, 33.9411818], [-118.3998206, 33.9410567], [-118.3998086, 33.9410286], [-118.3997925, 33.9410041], [-118.3997737, 33.9409811], [-118.399822, 33.9409296], [-118.3998272, 33.9409244], [-118.399812, 33.9409144], [-118.3998238, 33.9409018], [-118.3998276, 33.9409044], [-118.3998982, 33.9408295], [-118.399843, 33.940794], [-118.3998332, 33.9408027], [-118.3998206, 33.9407955], [-118.3998267, 33.9407887], [-118.3997665, 33.9407494], [-118.3998429, 33.9406646], [-118.399804, 33.9406392], [-118.3997235, 33.9407254], [-118.3996997, 33.9407106], [-118.3996866, 33.9407019], [-118.3996916, 33.9406952], [-118.3995101, 33.9405784], [-118.3995014, 33.9405866], [-118.3993929, 33.9405135], [-118.3993691, 33.9405386], [-118.399347, 33.9405629], [-118.3994517, 33.9406324], [-118.3994449, 33.9406389], [-118.3992468, 33.9408536], [-118.3992336, 33.9408452], [-118.3991856, 33.9408944], [-118.399302, 33.9409675], [-118.3992917, 33.9409784], [-118.3993428, 33.9410123], [-118.3993788, 33.9410354], [-118.39937, 33.941054], [-118.399362, 33.941076], [-118.3993594, 33.9410915], [-118.3993587, 33.9411129], [-118.399364, 33.9412846], [-118.3992957, 33.9412864], [-118.399299, 33.9414014], [-118.3993198, 33.9414995], [-118.3993929, 33.9414872], [-118.3993997, 33.9415172], [-118.3994401, 33.9416641], [-118.3994464, 33.9416806], [-118.399455, 33.9416971], [-118.399468, 33.9417158], [-118.3994796, 33.9417322], [-118.3994545, 33.941734], [-118.3994495, 33.9417365], [-118.3994475, 33.9417412], [-118.3994812, 33.9420164], [-118.3994941, 33.9421193], [-118.3994767, 33.9421204], [-118.3994856, 33.9421787], [-118.3995098, 33.9421761], [-118.3995424, 33.9424029], [-118.3995551, 33.9424889], [-118.3995298, 33.9424918], [-118.399501, 33.9424951], [-118.3994632, 33.9424994], [-118.3994306, 33.9425032], [-118.3993984, 33.9425069], [-118.3993583, 33.9425131], [-118.3993633, 33.9425401], [-118.3993713, 33.9425834], [-118.3993784, 33.9426214], [-118.3993832, 33.9426474], [-118.3993892, 33.9426798], [-118.3993965, 33.9427195], [-118.3994008, 33.9427425], [-118.3994046, 33.942763], [-118.399408, 33.9427814], [-118.3994121, 33.9428037], [-118.3989135, 33.942854], [-118.3986651, 33.9411565], [-118.3987562, 33.9405157], [-118.3987026, 33.9401775], [-118.3987291, 33.9401523], [-118.3988252, 33.9400611]]]}}, {"type": "Feature", "properties": {"aeroway": "apron", "ref": null, "name": null, "surface": null, "id": 415182689}, "geometry": {"type": "Polygon", "coordinates": [[[-118.4013539, 33.9426521], [-118.4009666, 33.9399563], [-118.4010633, 33.9398565], [-118.401805, 33.9397682], [-118.4026377, 33.9396841], [-118.4026935, 33.9397151], [-118.4027495, 33.9400756], [-118.4028267, 33.9401181], [-118.4031492, 33.9424063], [-118.4028695, 33.9424304], [-118.4025629, 33.9424599], [-118.4025186, 33.9421556], [-118.4024886, 33.9421596], [-118.4024651, 33.9420094], [-118.4024289, 33.9417389], [-118.4024571, 33.9417367], [-118.4024431, 33.9416165], [-118.4022505, 33.9416368], [-118.4022348, 33.9415308], [-118.4021703, 33.9415384], [-118.4021696, 33.9415303], [-118.4021878, 33.9415206], [-118.4022046, 33.9415077], [-118.4022255, 33.9414895], [-118.4022436, 33.9414644], [-118.4022565, 33.9414401], [-118.40226, 33.9414343], [-118.4022692, 33.9414064], [-118.4022727, 33.9413747], [-118.4022714, 33.9413473], [-118.4022681, 33.9411953], [-118.4023345, 33.9411929], [-118.4023349, 33.9411491], [-118.4023198, 33.9410337], [-118.4023032, 33.9409796], [-118.4022347, 33.9409935], [-118.4022144, 33.9409213], [-118.4021863, 33.9408143], [-118.4021789, 33.940797], [-118.4021691, 33.9407798], [-118.4021551, 33.9407627], [-118.4021472, 33.9407547], [-118.4022859, 33.94066], [-118.4022828, 33.9406395], [-118.4022735, 33.9405565], [-118.4022066, 33.9405624], [-118.4021732, 33.9405401], [-118.4021462, 33.9405129], [-118.4021347, 33.940475], [-118.4021388, 33.9404481], [-118.4021504, 33.9404224], [-118.4022502, 33.9403187], [-118.4022432, 33.9403145], [-118.4022147, 33.9402957], [-118.4021811, 33.9403316], [-118.4021255, 33.940294], [-118.4021122, 33.9402802], [-118.4021017, 33.9402626], [-118.402094, 33.9402251], [-118.4021064, 33.940224], [-118.4021017, 33.9401887], [-118.4020917, 33.9401895], [-118.4019911, 33.9401978], [-118.4019988, 33.9402521], [-118.4019699, 33.9402826], [-118.4019501, 33.9402979], [-118.4019281, 33.9403075], [-118.4019016, 33.9403137], [-118.4018787, 33.9403148], [-118.4018615, 33.9403121], [-118.4018376, 33.940303], [-118.4017412, 33.9402429], [-118.401735, 33.9402486], [-118.4017138, 33.9402725], [-118.4017338, 33.9402848], [-118.4016805, 33.9403429], [-118.4016491, 33.9403492], [-118.4016345, 33.9403501], [-118.4016174, 33.940349], [-118.4015896, 33.9403457], [-118.4015884, 33.940338], [-118.4015466, 33.9403423], [-118.401548, 33.9403569], [-118.4015589, 33.940432], [-118.4016231, 33.9404272], [-118.4016514, 33.9404446], [-118.4016782, 33.9404658], [-118.4016921, 33.9404904], [-118.4016967, 33.9405075], [-118.4016984, 33.9405217], [-118.4016969, 33.9405339], [-118.4016924, 33.9405511], [-118.4016791, 33.9405706], [-118.4016547, 33.940599], [-118.4016303, 33.9406238], [-118.4015928, 33.9406264], [-118.401603, 33.9407298], [-118.4016044, 33.9407773], [-118.4016212, 33.9407856], [-118.4017505, 33.9408344], [-118.4017459, 33.9408742], [-118.4017535, 33.9410488], [-118.4016848, 33.9410504], [-118.4016883, 33.9411554], [-118.401711, 33.9412426], [-118.4017153, 33.941259], [-118.4017808, 33.941247], [-118.4017159, 33.941284], [-118.4018174, 33.941394], [-118.4018308, 33.9414341], [-118.401855, 33.941473], [-118.401871, 33.9414897], [-118.4019015, 33.9415156], [-118.4019356, 33.9415353], [-118.4019641, 33.9415467], [-118.4019984, 33.9415553], [-118.4020261, 33.9415583], [-118.4020341, 33.9416533], [-118.4019131, 33.9416659], [-118.4019421, 33.9418251], [-118.4019883, 33.9421387], [-118.4020322, 33.9424725], [-118.402019, 33.9424739], [-118.4020225, 33.9425044], [-118.4019364, 33.9425135], [-118.4019005, 33.9425958], [-118.4013539, 33.9426521]]]}}, {"type": "Feature", "properties": {"aeroway": "apron", "ref": null, "name": null, "surface": null, "id": 415182690}, "geometry": {"type": "Polygon", "coordinates": [[[-118.3983041, 33.9429995], [-118.3980469, 33.9430257], [-118.3980517, 33.9430525], [-118.3977442, 33.943081], [-118.397735, 33.9430204], [-118.3977175, 33.9428993], [-118.3976967, 33.9429019], [-118.3976835, 33.9428107], [-118.3976706, 33.9427121], [-118.3975778, 33.9427211], [-118.3974981, 33.9421776], [-118.3974535, 33.9418706], [-118.3974064, 33.9415463], [-118.3973923, 33.9414472], [-118.3974249, 33.9414441], [-118.3974189, 33.9413912], [-118.3973837, 33.9413941], [-118.3973703, 33.9412997], [-118.397394, 33.9412969], [-118.3973878, 33.9412477], [-118.397363, 33.9412491], [-118.3973185, 33.9409489], [-118.3973564, 33.9409139], [-118.3973579, 33.9407084], [-118.3973577, 33.9406825], [-118.3973563, 33.9404361], [-118.3974467, 33.9404366], [-118.397457, 33.9402135], [-118.3978775, 33.940172], [-118.397888, 33.9402418], [-118.3983041, 33.9429995]]]}}, {"type": "Feature", "properties": {"aeroway": "taxiway", "ref": "H", "name": null, "surface": null, "id": 420289583}, "geometry": {"type": "LineString", "coordinates": [[-118.4071578, 33.9359821], [-118.4053673, 33.9361633], [-118.40433, 33.9362682], [-118.4028615, 33.9364137], [-118.4020845, 33.9364996], [-118.4005159, 33.9366598], [-118.3973233, 33.936984], [-118.3955041, 33.9371687], [-118.3942451, 33.9372997], [-118.3941309, 33.9373064], [-118.3937201, 33.9373546], [-118.3933706, 33.9373873], [-118.3931965, 33.9374055], [-118.3917888, 33.9375534], [-118.3908177, 33.9376489], [-118.390471, 33.9376822], [-118.3901135, 33.9377188], [-118.3892059, 33.9378134], [-118.3891392, 33.9378226], [-118.3890898, 33.9378333], [-118.3890321, 33.9378525]]}}, {"type": "Feature", "properties": {"aeroway": "apron", "ref": null, "name": null, "surface": null, "id": 449193199}, "geometry": {"type": "Polygon", "coordinates": [[[-118.410131, 33.939435], [-118.4099089, 33.9394576], [-118.4098789, 33.9392639], [-118.4098389, 33.9392602], [-118.4098371, 33.9392403], [-118.4097305, 33.9392297], [-118.4097401, 33.9392983], [-118.4097522, 33.9393793], [-118.4097625, 33.9394488], [-118.409766, 33.9394723], [-118.4097725, 33.9394705], [-118.4097735, 33.9394748], [-118.4097619, 33.939477], [-118.4097605, 33.9394726], [-118.4097357, 33.939482], [-118.4096849, 33.9396969], [-118.409746, 33.9396893], [-118.4097401, 33.9398662], [-118.4095394, 33.9398462], [-118.4095422, 33.9398782], [-118.4095137, 33.9398759], [-118.4095215, 33.9399295], [-118.4095279, 33.9399639], [-118.4097362, 33.9399855], [-118.4097351, 33.9400371], [-118.4097953, 33.94003], [-118.4097845, 33.9403782], [-118.4098461, 33.9403722], [-118.4098412, 33.9405472], [-118.4096382, 33.9405277], [-118.4096425, 33.9405594], [-118.409614, 33.9405561], [-118.4096217, 33.9406095], [-118.4096272, 33.9406458], [-118.4098362, 33.9406673], [-118.4098346, 33.9407018], [-118.4098346, 33.9407184], [-118.4098964, 33.9407119], [-118.4098856, 33.9410604], [-118.4099478, 33.9410536], [-118.4099444, 33.9411741], [-118.409731, 33.9411528], [-118.4097369, 33.9411858], [-118.4097075, 33.9411817], [-118.4097071, 33.9412053], [-118.4097196, 33.9412706], [-118.4099746, 33.9412975], [-118.4099735, 33.941315], [-118.4099399, 33.9413169], [-118.4099361, 33.941413], [-118.4099983, 33.9414062], [-118.4099878, 33.9417529], [-118.4100497, 33.9417467], [-118.4100455, 33.941858], [-118.409832, 33.9418347], [-118.4098371, 33.9418655], [-118.409807, 33.941863], [-118.409816, 33.9419204], [-118.4098211, 33.9419526], [-118.4100755, 33.9419781], [-118.4100754, 33.9419958], [-118.410041, 33.9419988], [-118.4100372, 33.9420927], [-118.4100995, 33.9420865], [-118.4100918, 33.9423261], [-118.4100883, 33.9424344], [-118.4101813, 33.942425], [-118.4101866, 33.9424601], [-118.4098784, 33.9424895], [-118.4098892, 33.9425569], [-118.4096546, 33.9425819], [-118.4096115, 33.9425851], [-118.4095974, 33.9424883], [-118.409528, 33.9424948], [-118.4095268, 33.9424869], [-118.4095577, 33.9424835], [-118.4095545, 33.9424613], [-118.4094895, 33.9424678], [-118.4094935, 33.9424955], [-118.4091409, 33.9425318], [-118.4090449, 33.9419103], [-118.4090396, 33.9418705], [-118.4086027, 33.9389719], [-118.4100189, 33.9388219], [-118.410131, 33.939435]]]}}, {"type": "Feature", "properties": {"aeroway": "taxiway", "ref": null, "name": null, "surface": null, "id": 474000987}, "geometry": {"type": "LineString", "coordinates": [[-118.4126146, 33.942585], [-118.4126083, 33.9425716], [-118.4125566, 33.9425657], [-118.4125041, 33.942555], [-118.4124491, 33.9425388], [-118.4123954, 33.9425173], [-118.4123341, 33.9424814], [-118.4122822, 33.9424428], [-118.4122364, 33.9423942], [-118.4122058, 33.9423577], [-118.4121856, 33.9423135], [-118.4121722, 33.9422689]]}}, {"type": "Feature", "properties": {"aeroway": "taxiway", "ref": null, "name": null, "surface": null, "id": 474006560}, "geometry": {"type": "LineString", "coordinates": [[-118.4138911, 33.9471831], [-118.4138949, 33.9471515], [-118.4139015, 33.9471189], [-118.4139114, 33.9470877], [-118.4139239, 33.9470553], [-118.4139484, 33.9470035], [-118.413983, 33.9469578], [-118.4140295, 33.9468989], [-118.4140781, 33.946859], [-118.4141345, 33.9468301], [-118.4142124, 33.9468057], [-118.414267, 33.9467917]]}}, {"type": "Feature", "properties": {"aeroway": "taxiway", "ref": null, "name": null, "surface": null, "id": 474006561}, "geometry": {"type": "LineString", "coordinates": [[-118.4138911, 33.9471831], [-118.413875, 33.9471504], [-118.4138522, 33.9471082], [-118.4138237, 33.9470696], [-118.4137752, 33.94702], [-118.4137378, 33.9469884], [-118.4136621, 33.9469436], [-118.4135963, 33.9469138], [-118.4135245, 33.9468891], [-118.4134828, 33.9468834], [-118.4134269, 33.9468839], [-118.4133695, 33.9468819]]}}, {"type": "Feature", "properties": {"aeroway": "taxiway", "ref": null, "name": null, "surface": null, "id": 474006563}, "geometry": {"type": "LineString", "coordinates": [[-118.412533, 33.9379729], [-118.4125502, 33.9380089], [-118.412584, 33.938067], [-118.412617, 33.9381142], [-118.4126551, 33.9381543], [-118.4127083, 33.9381918], [-118.4127611, 33.9382197], [-118.4128068, 33.9382401], [-118.4128665, 33.9382572], [-118.4129303, 33.9382689], [-118.4130068, 33.9382806]]}}, {"type": "Feature", "properties": {"aeroway": "taxiway", "ref": null, "name": null, "surface": null, "id": 474006564}, "geometry": {"type": "LineString", "coordinates": [[-118.4125276, 33.9379551], [-118.4125259, 33.9379907], [-118.4125223, 33.9380252], [-118.4125148, 33.9380644], [-118.4125035, 33.9381038], [-118.4124888, 33.938131], [-118.412451, 33.9381847], [-118.4124166, 33.9382236], [-118.412362, 33.9382736], [-118.4123068, 33.9383095], [-118.41226, 33.9383342], [-118.412223, 33.9383471], [-118.412184, 33.9383595]]}}, {"type": "Feature", "properties": {"aeroway": "taxiway", "ref": null, "name": null, "surface": null, "id": 474006565}, "geometry": {"type": "LineString", "coordinates": [[-118.412184, 33.9383595], [-118.4121347, 33.9383722]]}}, {"type": "Feature", "properties": {"aeroway": "taxiway", "ref": null, "name": null, "surface": null, "id": 474006566}, "geometry": {"type": "LineString", "coordinates": [[-118.4130403, 33.9382813], [-118.4129591, 33.9383007], [-118.4129129, 33.9383167], [-118.4128518, 33.9383458], [-118.4128012, 33.9383803], [-118.4127605, 33.9384153], [-118.412715, 33.9384663], [-118.4126828, 33.9385141], [-118.4126555, 33.9385882], [-118.4126444, 33.9386404], [-118.4126395, 33.9386805]]}}, {"type": "Feature", "properties": {"aeroway": "taxiway", "ref": null, "name": null, "surface": null, "id": 474006567}, "geometry": {"type": "LineString", "coordinates": [[-118.4126418, 33.9386944], [-118.4126146, 33.9386319], [-118.4125783, 33.9385692], [-118.4125216, 33.9385074], [-118.4124757, 33.9384714], [-118.4123984, 33.9384248], [-118.4123494, 33.9384042], [-118.4122686, 33.938381], [-118.4121969, 33.9383748], [-118.4121542, 33.9383696]]}}, {"type": "Feature", "properties": {"aeroway": "taxiway", "ref": null, "name": null, "surface": null, "id": 477051352}, "geometry": {"type": "LineString", "coordinates": [[-118.4182194, 33.9329449], [-118.4182436, 33.9329663], [-118.4182558, 33.9329778], [-118.4182678, 33.9329896], [-118.4183081, 33.933036], [-118.4183253, 33.9330598], [-118.4183376, 33.9330781], [-118.4183474, 33.9330965], [-118.4183564, 33.9331164], [-118.4183615, 33.9331299], [-118.4183667, 33.9331449], [-118.4183714, 33.9331596], [-118.4183755, 33.933174], [-118.4183786, 33.933187], [-118.4183812, 33.9332005], [-118.4183841, 33.9332152], [-118.418386, 33.9332293], [-118.4183879, 33.9332436], [-118.4183897, 33.9332593], [-118.4183909, 33.9332751], [-118.4183921, 33.9332895], [-118.418392, 33.933302], [-118.418392, 33.9333133], [-118.418392, 33.9333267], [-118.4183907, 33.9333426], [-118.4183893, 33.9333569], [-118.4183871, 33.9333715], [-118.4183846, 33.9333823], [-118.4183815, 33.9333946], [-118.4183772, 33.9334069], [-118.4183732, 33.9334182], [-118.4183689, 33.9334301], [-118.4183635, 33.9334423], [-118.4183575, 33.9334549], [-118.4183514, 33.9334661], [-118.4183445, 33.9334782], [-118.4183377, 33.9334899], [-118.4183308, 33.9335008], [-118.4183209, 33.9335156], [-118.4183124, 33.9335283], [-118.4183037, 33.9335398], [-118.4182944, 33.9335515], [-118.4182842, 33.9335633], [-118.4182734, 33.9335754], [-118.4182626, 33.933587], [-118.4182525, 33.9335973], [-118.4182434, 33.9336057], [-118.4182345, 33.9336127], [-118.4182258, 33.93362], [-118.4182177, 33.9336266], [-118.4182105, 33.933632], [-118.4182027, 33.9336376], [-118.4181945, 33.9336436], [-118.4181862, 33.9336492], [-118.4181769, 33.9336553], [-118.4181686, 33.9336603], [-118.4181588, 33.9336662], [-118.4181484, 33.9336722], [-118.4181378, 33.933678], [-118.4181264, 33.9336838], [-118.4181149, 33.9336898], [-118.4181054, 33.9336944], [-118.4180948, 33.9336995], [-118.4180854, 33.9337039], [-118.4180741, 33.9337088], [-118.4180632, 33.9337133], [-118.4180528, 33.9337175], [-118.4180431, 33.9337211], [-118.4180325, 33.9337246], [-118.4180204, 33.9337286], [-118.4180079, 33.9337323], [-118.4179951, 33.933736], [-118.4179775, 33.9337404], [-118.4179638, 33.933743], [-118.417929, 33.9337474], [-118.4178844, 33.9337518], [-118.4177593, 33.9337646], [-118.4170964, 33.9338471]]}}, {"type": "Feature", "properties": {"aeroway": "taxiway", "ref": null, "name": null, "surface": null, "id": 477051353}, "geometry": {"type": "LineString", "coordinates": [[-118.4189272, 33.9340915], [-118.4189203, 33.9340729], [-118.4189102, 33.9340422], [-118.4189043, 33.9340278], [-118.4188983, 33.9340149], [-118.4188878, 33.9339952], [-118.4188781, 33.9339783], [-118.4188653, 33.9339586], [-118.4188442, 33.9339314], [-118.4188338, 33.9339184], [-118.4188225, 33.9339053], [-118.4188087, 33.9338904], [-118.4187936, 33.9338758], [-118.4187766, 33.9338616], [-118.4187577, 33.9338469], [-118.4187361, 33.9338317], [-118.4187123, 33.9338165], [-118.4186891, 33.9338035], [-118.4186637, 33.9337905], [-118.4186432, 33.9337813], [-118.4186205, 33.9337722], [-118.4185968, 33.9337626], [-118.4185733, 33.9337551], [-118.418547, 33.9337474], [-118.4185168, 33.9337404], [-118.4184965, 33.9337366], [-118.4184813, 33.933734], [-118.4184652, 33.9337321], [-118.4184437, 33.9337301], [-118.4184189, 33.9337295], [-118.4183964, 33.9337308], [-118.4183803, 33.9337321], [-118.418356, 33.9337343], [-118.4183211, 33.9337374], [-118.4181268, 33.9337583], [-118.4170964, 33.9338471]]}}, {"type": "Feature", "properties": {"aeroway": "taxiway", "ref": null, "name": null, "surface": null, "id": 477051355}, "geometry": {"type": "LineString", "coordinates": [[-118.411537, 33.9379775], [-118.4115246, 33.9379404], [-118.4114924, 33.9378847], [-118.4114748, 33.9378598], [-118.4114325, 33.9378095], [-118.4113734, 33.9377667], [-118.4113126, 33.9377266], [-118.4112294, 33.9376886], [-118.4111653, 33.93767], [-118.4110828, 33.9376575], [-118.4110141, 33.9376543]]}}, {"type": "Feature", "properties": {"aeroway": "taxiway", "ref": null, "name": null, "surface": null, "id": 477051495}, "geometry": {"type": "LineString", "coordinates": [[-118.41155, 33.9380711], [-118.411569, 33.9381074], [-118.4115952, 33.9381561], [-118.4116173, 33.9381905], [-118.4116637, 33.9382431], [-118.4116975, 33.9382707], [-118.4117364, 33.9382971], [-118.4117752, 33.9383176], [-118.4118001, 33.9383319], [-118.4118401, 33.9383457], [-118.4118691, 33.9383541], [-118.4118855, 33.9383596], [-118.4119218, 33.9383696], [-118.4119604, 33.9383751], [-118.4119892, 33.9383776], [-118.412011, 33.938379], [-118.4120519, 33.9383809]]}}, {"type": "Feature", "properties": {"aeroway": "taxiway", "ref": null, "name": null, "surface": null, "id": 477051496}, "geometry": {"type": "LineString", "coordinates": [[-118.4120224, 33.9383845], [-118.412002, 33.9383923], [-118.411975, 33.9384035], [-118.4119384, 33.938414], [-118.4119042, 33.9384274], [-118.4118708, 33.938447], [-118.411836, 33.9384696], [-118.4118104, 33.938492], [-118.4117804, 33.9385138], [-118.4117493, 33.9385418], [-118.4117275, 33.938572], [-118.4117087, 33.9386012], [-118.4116951, 33.938634], [-118.4116807, 33.9386648], [-118.4116711, 33.9387034], [-118.4116663, 33.9387329], [-118.4116629, 33.9387622], [-118.4116597, 33.9387876]]}}, {"type": "Feature", "properties": {"aeroway": "taxiway", "ref": null, "name": null, "surface": null, "id": 477051497}, "geometry": {"type": "LineString", "coordinates": [[-118.4116597, 33.9387876], [-118.4116393, 33.9387479], [-118.411623, 33.9387192], [-118.4115956, 33.9386719], [-118.4115613, 33.9386293], [-118.4115084, 33.9385897], [-118.4114447, 33.9385424], [-118.4114005, 33.938519], [-118.4113567, 33.9384993], [-118.4113071, 33.9384853], [-118.4112514, 33.9384785], [-118.4111893, 33.9384751], [-118.4111408, 33.9384751]]}}, {"type": "Feature", "properties": {"aeroway": "taxiway", "ref": null, "name": null, "surface": null, "id": 477051498}, "geometry": {"type": "LineString", "coordinates": [[-118.41155, 33.9380711], [-118.4115441, 33.9381109], [-118.4115341, 33.938157], [-118.4115203, 33.9382036], [-118.411491, 33.9382573], [-118.4114573, 33.938302], [-118.4114269, 33.9383364], [-118.4114005, 33.9383625], [-118.4113605, 33.9383893], [-118.4113192, 33.9384147], [-118.4112652, 33.9384388], [-118.4111948, 33.9384622], [-118.4111217, 33.938476]]}}, {"type": "Feature", "properties": {"aeroway": "taxiway", "ref": "D10", "name": null, "surface": null, "id": 477051571}, "geometry": {"type": "LineString", "coordinates": [[-118.409247, 33.9474943], [-118.4091966, 33.947507], [-118.4091443, 33.9475238], [-118.4090853, 33.9475503], [-118.4090329, 33.9475801], [-118.4089957, 33.9476044], [-118.4089509, 33.9476494], [-118.4089279, 33.9476749], [-118.408898, 33.9477179], [-118.4088825, 33.9477449], [-118.4088609, 33.9478003], [-118.4088522, 33.9478477], [-118.408847, 33.9478944], [-118.4088432, 33.9479256], [-118.4088457, 33.9479371], [-118.408851, 33.9479579], [-118.4088554, 33.9479747], [-118.4088651, 33.9480118], [-118.4088787, 33.9480476], [-118.4088943, 33.9480793], [-118.4089251, 33.9481302], [-118.4089619, 33.948168], [-118.4089825, 33.9481853], [-118.4090233, 33.9482158], [-118.4090603, 33.9482356], [-118.409099, 33.9482592], [-118.4091616, 33.94828], [-118.4092293, 33.948296], [-118.4093287, 33.9483126]]}}, {"type": "Feature", "properties": {"aeroway": "taxiway", "ref": "E7", "name": null, "surface": null, "id": 543752756}, "geometry": {"type": "LineString", "coordinates": [[-118.4006286, 33.9494864], [-118.400615, 33.9494524], [-118.400602, 33.9494252], [-118.4005784, 33.9493894], [-118.4005529, 33.9493557], [-118.4005188, 33.9493252], [-118.400479, 33.9492997], [-118.4004364, 33.9492783], [-118.4003896, 33.9492597], [-118.4003407, 33.9492469], [-118.4002984, 33.9492407], [-118.4002356, 33.9492374]]}}, {"type": "Feature", "properties": {"aeroway": "terminal", "ref": null, "name": "T4-TBIT Connector", "surface": null, "id": 544705393}, "geometry": {"type": "Polygon", "coordinates": [[[-118.4086883, 33.9427824], [-118.4086266, 33.9424231], [-118.408425, 33.9422938], [-118.4083645, 33.9422042], [-118.4082954, 33.9421235], [-118.4082133, 33.9420393], [-118.4081268, 33.941964], [-118.4078551, 33.9419876], [-118.4078721, 33.9420373], [-118.4078899, 33.9420885], [-118.4079966, 33.9420815], [-118.4080223, 33.9422582], [-118.4078341, 33.9422778], [-118.4078435, 33.9423054], [-118.4078567, 33.9423337], [-118.4078741, 33.9423641], [-118.40788, 33.9423737], [-118.4078865, 33.9423845], [-118.4079045, 33.9424023], [-118.4079328, 33.9424222], [-118.4079721, 33.94245], [-118.4080101, 33.9424768], [-118.4080384, 33.9424968], [-118.4080632, 33.9425143], [-118.4080815, 33.9425233], [-118.4083712, 33.9426578], [-118.4083883, 33.9426738], [-118.4084039, 33.9426916], [-118.4084155, 33.9427113], [-118.4084225, 33.9427305], [-118.4084291, 33.9427526], [-118.4084387, 33.9428082], [-118.408559, 33.9427931], [-118.4086883, 33.9427824]]]}}, {"type": "Feature", "properties": {"aeroway": "taxiway", "ref": "B", "name": null, "surface": null, "id": 555303630}, "geometry": {"type": "LineString", "coordinates": [[-118.3804306, 33.9407849], [-118.3806076, 33.9407664], [-118.3824208, 33.9405766], [-118.382841, 33.9405331], [-118.3830027, 33.9405164], [-118.3830504, 33.9405116], [-118.3833437, 33.9404811]]}}, {"type": "Feature", "properties": {"aeroway": "taxiway", "ref": null, "name": null, "surface": null, "id": 555303631}, "geometry": {"type": "LineString", "coordinates": [[-118.4003545, 33.950336], [-118.4004333, 33.9503131], [-118.4004865, 33.9502955], [-118.4005447, 33.9502671], [-118.4005897, 33.9502346], [-118.4006342, 33.9501937], [-118.4006657, 33.9501503], [-118.4006907, 33.950101], [-118.4007054, 33.950041], [-118.4007073, 33.9499939]]}}, {"type": "Feature", "properties": {"aeroway": "taxiway", "ref": "E16", "name": null, "surface": null, "id": 584791689}, "geometry": {"type": "LineString", "coordinates": [[-118.4331508, 33.9461392], [-118.4331595, 33.9462077], [-118.4332225, 33.9466451], [-118.4332222, 33.9467281], [-118.4332015, 33.9467875], [-118.4331731, 33.9468394], [-118.4331302, 33.9468896], [-118.4330671, 33.9469353], [-118.4329967, 33.9469672], [-118.4329259, 33.9469881], [-118.4328509, 33.9470069]]}}, {"type": "Feature", "properties": {"aeroway": "taxiway", "ref": "E18", "name": null, "surface": null, "id": 584793320}, "geometry": {"type": "LineString", "coordinates": [[-118.434087, 33.9468803], [-118.4342375, 33.9468412], [-118.4343073, 33.9468115], [-118.4343452, 33.9467805], [-118.4343925, 33.9467386], [-118.4344275, 33.9466922], [-118.4344486, 33.9466431], [-118.4344621, 33.9465965], [-118.4344668, 33.9465396], [-118.4344001, 33.9460823], [-118.4343965, 33.9460428]]}}, {"type": "Feature", "properties": {"aeroway": "taxiway", "ref": null, "name": null, "surface": null, "id": 584793321}, "geometry": {"type": "LineString", "coordinates": [[-118.4327689, 33.9458353], [-118.4329025, 33.9458571], [-118.4329732, 33.9458886], [-118.4330044, 33.9459064], [-118.4330375, 33.9459292], [-118.4330632, 33.9459537], [-118.4330887, 33.9459819], [-118.4331047, 33.9460091], [-118.4331219, 33.9460398], [-118.4331335, 33.9460701], [-118.4331508, 33.9461392]]}}, {"type": "Feature", "properties": {"aeroway": "hangar", "ref": null, "name": "Qantas", "surface": null, "id": 591450328}, "geometry": {"type": "Polygon", "coordinates": [[[-118.4319981, 33.9392333], [-118.4309657, 33.9393412], [-118.4310484, 33.9398776], [-118.4309273, 33.9398894], [-118.4309412, 33.9399738], [-118.43106, 33.9399621], [-118.4310747, 33.9399715], [-118.4310835, 33.9400426], [-118.4309966, 33.9400528], [-118.4310213, 33.940233], [-118.431164, 33.940219], [-118.4311728, 33.9402782], [-118.4313115, 33.9402626], [-118.4313039, 33.9402043], [-118.431943, 33.9401388], [-118.4319342, 33.9400923], [-118.4320665, 33.940079], [-118.4320446, 33.9399521], [-118.4321888, 33.939938], [-118.4321804, 33.9398901], [-118.4323945, 33.9398682], [-118.4323889, 33.9398234], [-118.432229, 33.9398393], [-118.4322059, 33.9396788], [-118.4320693, 33.9396926], [-118.4319981, 33.9392333]]]}}, {"type": "Feature", "properties": {"aeroway": "apron", "ref": null, "name": null, "surface": null, "id": 624453746}, "geometry": {"type": "Polygon", "coordinates": [[[-118.431228, 33.9421408], [-118.4317098, 33.9454069], [-118.4332885, 33.9452433], [-118.4330256, 33.9434381], [-118.4328627, 33.9432675], [-118.4336639, 33.9427265], [-118.4337491, 33.9426034], [-118.4337235, 33.9424749], [-118.4334434, 33.9420901], [-118.4333465, 33.9420006], [-118.4332614, 33.9419663], [-118.433171, 33.9419493], [-118.4330742, 33.9419519], [-118.4322344, 33.9420315], [-118.431228, 33.9421408]]]}}, {"type": "Feature", "properties": {"aeroway": "apron", "ref": null, "name": null, "surface": null, "id": 624453747}, "geometry": {"type": "Polygon", "coordinates": [[[-118.434109, 33.9451596], [-118.4339007, 33.9437502], [-118.4342341, 33.9434708], [-118.434491, 33.9433451], [-118.4346358, 33.9435553], [-118.4347541, 33.9437308], [-118.434798, 33.943817], [-118.4348397, 33.9439105], [-118.4348757, 33.9440284], [-118.4348984, 33.9441615], [-118.4350374, 33.9450627], [-118.434109, 33.9451596]]]}}, {"type": "Feature", "properties": {"aeroway": "apron", "ref": null, "name": null, "surface": null, "id": 624453748}, "geometry": {"type": "Polygon", "coordinates": [[[-118.4306804, 33.9453999], [-118.430508, 33.9443468], [-118.4303239, 33.9430735], [-118.430214, 33.9422483], [-118.4293753, 33.9423338], [-118.4298141, 33.9454893], [-118.4306804, 33.9453999]]]}}, {"type": "Feature", "properties": {"aeroway": "apron", "ref": null, "name": null, "surface": null, "id": 624765738}, "geometry": {"type": "Polygon", "coordinates": [[[-118.4283492, 33.945634], [-118.4280182, 33.943415], [-118.4279227, 33.9427754], [-118.42788, 33.942488], [-118.4288338, 33.9423891], [-118.4293031, 33.9455511], [-118.4283492, 33.945634]]]}}, {"type": "Feature", "properties": {"aeroway": "apron", "ref": null, "name": null, "surface": null, "id": 624766290}, "geometry": {"type": "Polygon", "coordinates": [[[-118.383801, 33.9417173], [-118.3845037, 33.9416283], [-118.3845144, 33.9424427], [-118.3844125, 33.9424427], [-118.3844125, 33.9427631], [-118.384493, 33.9427676], [-118.3844769, 33.9431369], [-118.3835917, 33.9431325], [-118.3832953, 33.9432597], [-118.3833039, 33.9433996], [-118.3822028, 33.9434291], [-118.3821975, 33.941434], [-118.3828813, 33.9413567], [-118.3830043, 33.9413683], [-118.3831086, 33.9414041], [-118.3832031, 33.9414783], [-118.3833458, 33.9416012], [-118.3834526, 33.9416604], [-118.3836169, 33.9417097], [-118.383801, 33.9417173]]]}}, {"type": "Feature", "properties": {"aeroway": "apron", "ref": "West Aircraft Maintence Area (WAMA)", "name": null, "surface": null, "id": 625659358}, "geometry": {"type": "Polygon", "coordinates": [[[-118.4300156, 33.9403683], [-118.4298718, 33.9393209], [-118.4286056, 33.9394477], [-118.4286207, 33.939546], [-118.4276161, 33.9396427], [-118.427285, 33.9375522], [-118.4301284, 33.9372701], [-118.4300567, 33.9369207], [-118.4299879, 33.9365686], [-118.4298821, 33.9364032], [-118.4302972, 33.9363618], [-118.4303721, 33.9368935], [-118.4316288, 33.9367851], [-118.432948, 33.9390039], [-118.4330554, 33.9389935], [-118.4332305, 33.9393029], [-118.4333172, 33.9399287], [-118.4333092, 33.9400355], [-118.4332882, 33.9401221], [-118.4327336, 33.9401812], [-118.4327476, 33.9402579], [-118.4315255, 33.9403827], [-118.4314987, 33.9402603], [-118.4311312, 33.9403026], [-118.4311205, 33.940247], [-118.4303802, 33.9403302], [-118.4300156, 33.9403683]]]}}, {"type": "Feature", "properties": {"aeroway": "taxiway", "ref": null, "name": null, "surface": null, "id": 625659359}, "geometry": {"type": "LineString", "coordinates": [[-118.4017473, 33.9497513], [-118.40178, 33.9498352], [-118.401827, 33.9499056], [-118.4018729, 33.94996], [-118.4019696, 33.9500344], [-118.4020875, 33.9500842], [-118.4021722, 33.9501094], [-118.4022795, 33.9501388]]}}, {"type": "Feature", "properties": {"aeroway": "taxiway", "ref": "D7", "name": null, "surface": null, "id": 625659361}, "geometry": {"type": "LineString", "coordinates": [[-118.4007796, 33.9490514], [-118.4007243, 33.9491128], [-118.4006753, 33.9491482], [-118.4006262, 33.9491749], [-118.4005547, 33.9492058]]}}, {"type": "Feature", "properties": {"aeroway": "taxiway", "ref": "D7", "name": null, "surface": null, "id": 625659364}, "geometry": {"type": "LineString", "coordinates": [[-118.4010268, 33.9484199], [-118.4009376, 33.9484531], [-118.4008666, 33.9485054], [-118.4008209, 33.9485611], [-118.4007996, 33.9486258], [-118.4007954, 33.9486923]]}}, {"type": "Feature", "properties": {"aeroway": "taxiway", "ref": "D7", "name": null, "surface": null, "id": 625659366}, "geometry": {"type": "LineString", "coordinates": [[-118.4007274, 33.9491913], [-118.4007796, 33.9490514], [-118.4008057, 33.9489855], [-118.4008223, 33.9489176], [-118.4008213, 33.9488809], [-118.4008052, 33.9487579], [-118.4007954, 33.9486923], [-118.4007773, 33.948632], [-118.4007445, 33.9485789], [-118.4006944, 33.9485293], [-118.4006036, 33.9484866], [-118.4005199, 33.9484701], [-118.4004385, 33.9484704], [-118.4003538, 33.9484536], [-118.4002418, 33.9484069], [-118.4002027, 33.9483737], [-118.4001395, 33.94832], [-118.4000853, 33.9482393], [-118.4000556, 33.9481523], [-118.4000543, 33.9480652], [-118.4000736, 33.9479052], [-118.4001316, 33.9474381], [-118.4001342, 33.9473711], [-118.4001358, 33.9473544], [-118.4001465, 33.9471499], [-118.4001341, 33.9469949], [-118.4001292, 33.9469292], [-118.4001243, 33.9468473], [-118.4001184, 33.9467386], [-118.4001352, 33.9464556]]}}, {"type": "Feature", "properties": {"aeroway": "taxiway", "ref": null, "name": null, "surface": null, "id": 625659373}, "geometry": {"type": "LineString", "coordinates": [[-118.3804306, 33.9407849], [-118.3803071, 33.9408306], [-118.3802279, 33.9408875], [-118.3801735, 33.9409461], [-118.3801346, 33.9410181], [-118.3801092, 33.9411299]]}}, {"type": "Feature", "properties": {"aeroway": "taxiway", "ref": "B1", "name": null, "surface": null, "id": 625659375}, "geometry": {"type": "LineString", "coordinates": [[-118.3804306, 33.9407849], [-118.3802867, 33.9407622], [-118.3802106, 33.9407313], [-118.380159, 33.940698], [-118.380107, 33.9406579], [-118.3800805, 33.9406251], [-118.380054, 33.9405922], [-118.3800205, 33.940524], [-118.3799819, 33.9402989], [-118.3799779, 33.9402142], [-118.3799816, 33.9401272], [-118.3799951, 33.9400825], [-118.3800182, 33.940027], [-118.3800782, 33.9399598], [-118.3801333, 33.9399115], [-118.380203, 33.9398718], [-118.3802884, 33.9398328]]}}, {"type": "Feature", "properties": {"aeroway": "taxiway", "ref": "L", "name": null, "surface": null, "id": 625659378}, "geometry": {"type": "LineString", "coordinates": [[-118.4122594, 33.9335548], [-118.4122361, 33.9335055], [-118.41223, 33.9334887], [-118.4122227, 33.933473], [-118.4122155, 33.9334588], [-118.4122077, 33.933445], [-118.412199, 33.9334297], [-118.4121902, 33.9334164], [-118.4121798, 33.933402], [-118.4121694, 33.9333887], [-118.4121587, 33.9333759], [-118.4121467, 33.933362], [-118.4121351, 33.933349], [-118.4121223, 33.9333361], [-118.4121097, 33.9333245], [-118.4120959, 33.9333128], [-118.4120822, 33.9333014], [-118.4120672, 33.93329], [-118.4120508, 33.933278], [-118.4120326, 33.9332661], [-118.4120101, 33.9332535], [-118.412004, 33.93325], [-118.4119731, 33.9332338], [-118.4119509, 33.9332241], [-118.41193, 33.9332157], [-118.4119091, 33.9332084], [-118.4118852, 33.9332009], [-118.4118646, 33.9331957], [-118.4118424, 33.9331903], [-118.4118231, 33.9331866], [-118.4118036, 33.9331829], [-118.4117844, 33.9331798], [-118.4117578, 33.9331767], [-118.4117422, 33.9331758], [-118.4117239, 33.9331747], [-118.4117031, 33.9331743], [-118.411664, 33.933173]]}}, {"type": "Feature", "properties": {"aeroway": "taxiway", "ref": null, "name": null, "surface": null, "id": 625659381}, "geometry": {"type": "LineString", "coordinates": [[-118.4076474, 33.9374158], [-118.4076646, 33.9372829], [-118.4077424, 33.937165], [-118.407847, 33.9370782], [-118.4079787, 33.9370004]]}}, {"type": "Feature", "properties": {"aeroway": "taxiway", "ref": null, "name": null, "surface": null, "id": 625659383}, "geometry": {"type": "LineString", "coordinates": [[-118.4135153, 33.9342159], [-118.4128996, 33.934292], [-118.4128087, 33.9343031], [-118.4127817, 33.934308], [-118.41276, 33.9343129], [-118.4127405, 33.9343177], [-118.4127221, 33.9343234], [-118.4127067, 33.9343296], [-118.4126866, 33.9343382], [-118.412666, 33.9343483], [-118.4126486, 33.9343573], [-118.4126345, 33.9343651], [-118.4126188, 33.9343749], [-118.4126027, 33.9343867], [-118.4125881, 33.934398], [-118.4125719, 33.9344104], [-118.4125575, 33.9344233], [-118.4125428, 33.9344365], [-118.4125291, 33.9344509], [-118.4125149, 33.9344658], [-118.4125062, 33.9344763], [-118.4124957, 33.9344891], [-118.4124868, 33.9345012], [-118.4124784, 33.9345136], [-118.4124729, 33.9345226], [-118.4124667, 33.9345335], [-118.41246, 33.9345469], [-118.4124535, 33.93456], [-118.4124483, 33.9345722], [-118.4124421, 33.9345904], [-118.4124373, 33.9346068], [-118.4124332, 33.9346214], [-118.41243, 33.9346351], [-118.4124281, 33.9346463], [-118.4124256, 33.9346634], [-118.4124242, 33.9346748], [-118.4124237, 33.9346877], [-118.4124238, 33.9347043], [-118.4124227, 33.9347296]]}}, {"type": "Feature", "properties": {"aeroway": "taxiway", "ref": null, "name": null, "surface": null, "id": 625659385}, "geometry": {"type": "LineString", "coordinates": [[-118.4066918, 33.9349151], [-118.406838, 33.9348831], [-118.406873, 33.934875], [-118.4069041, 33.9348647], [-118.4069339, 33.9348538], [-118.4069625, 33.9348415], [-118.4069908, 33.9348271], [-118.407016, 33.9348117], [-118.4070356, 33.9347978], [-118.407058, 33.9347806], [-118.4070755, 33.9347651], [-118.407095, 33.9347473], [-118.4071118, 33.9347307], [-118.4071263, 33.9347132], [-118.4071408, 33.9346943], [-118.4071541, 33.9346748], [-118.4071669, 33.9346531], [-118.4071826, 33.9346295], [-118.4071936, 33.9346077], [-118.4072022, 33.9345893], [-118.4072097, 33.9345652], [-118.4072148, 33.9345391], [-118.4072178, 33.934513], [-118.4072227, 33.9344883]]}}, {"type": "Feature", "properties": {"aeroway": "taxiway", "ref": null, "name": null, "surface": null, "id": 625659388}, "geometry": {"type": "LineString", "coordinates": [[-118.4071662, 33.9340804], [-118.407157, 33.9340568], [-118.4071475, 33.9340316], [-118.4071082, 33.9339438], [-118.4070615, 33.9338841], [-118.4069786, 33.9338167], [-118.406919, 33.9337778], [-118.4068828, 33.9337564], [-118.4067883, 33.9337239], [-118.4066927, 33.9337043], [-118.4065888, 33.9336982]]}}, {"type": "Feature", "properties": {"aeroway": "taxiway", "ref": null, "name": null, "surface": null, "id": 625659390}, "geometry": {"type": "LineString", "coordinates": [[-118.4073838, 33.935548], [-118.407417, 33.9356194], [-118.4074804, 33.9357177], [-118.4075658, 33.9357916], [-118.4077033, 33.9358565], [-118.4078696, 33.9359075], [-118.4079784, 33.935941], [-118.4081053, 33.9359779], [-118.4084594, 33.9360844], [-118.408682, 33.9361616], [-118.4087929, 33.9362397], [-118.4088424, 33.9362906], [-118.4088765, 33.936339], [-118.4089099, 33.9363926], [-118.4089362, 33.9364633]]}}, {"type": "Feature", "properties": {"aeroway": "taxiway", "ref": "A7", "name": null, "surface": null, "id": 625659392}, "geometry": {"type": "LineString", "coordinates": [[-118.4018509, 33.9349568], [-118.4019117, 33.9349259], [-118.4020154, 33.9348742], [-118.4020863, 33.9348353], [-118.402242, 33.9347441], [-118.4024826, 33.9346016], [-118.4025244, 33.9345738], [-118.4027286, 33.93445], [-118.4028546, 33.9343703], [-118.4029216, 33.9343303], [-118.402987, 33.9342922], [-118.4030481, 33.9342602], [-118.403092, 33.9342383], [-118.4031426, 33.934216], [-118.4031914, 33.9341916], [-118.4032327, 33.9341737], [-118.4032933, 33.9341473], [-118.4033528, 33.9341267], [-118.4033992, 33.9341116], [-118.4034381, 33.9340978], [-118.4034727, 33.9340874], [-118.4035105, 33.9340744], [-118.4035451, 33.9340642], [-118.4035782, 33.9340552], [-118.4036206, 33.9340437], [-118.4036609, 33.9340332], [-118.403698, 33.9340226], [-118.403761, 33.9340079], [-118.4038091, 33.9339973], [-118.4039193, 33.933975]]}}, {"type": "Feature", "properties": {"aeroway": "taxiway", "ref": null, "name": null, "surface": null, "id": 625659403}, "geometry": {"type": "LineString", "coordinates": [[-118.4197203, 33.937974], [-118.4196809, 33.9378637], [-118.4196192, 33.937788], [-118.4195092, 33.9377057], [-118.4194046, 33.9376679], [-118.4192563, 33.9376381]]}}, {"type": "Feature", "properties": {"aeroway": "taxiway", "ref": null, "name": null, "surface": null, "id": 625659405}, "geometry": {"type": "LineString", "coordinates": [[-118.4194284, 33.9371794], [-118.4194464, 33.9372519], [-118.4194885, 33.9373279], [-118.4195479, 33.9373977], [-118.4196123, 33.9374511], [-118.4196989, 33.9375004], [-118.419788, 33.9375333], [-118.4198845, 33.9375558], [-118.4200305, 33.9375638]]}}, {"type": "Feature", "properties": {"aeroway": "taxiway", "ref": "C17", "name": null, "surface": null, "id": 625659407}, "geometry": {"type": "LineString", "coordinates": [[-118.4213508, 33.9374258], [-118.4214376, 33.9374308], [-118.4215209, 33.937452], [-118.4215685, 33.9374724], [-118.4216478, 33.9375065], [-118.42176, 33.9376072], [-118.4218937, 33.9377742]]}}, {"type": "Feature", "properties": {"aeroway": "taxiway", "ref": "C18", "name": null, "surface": null, "id": 625659409}, "geometry": {"type": "LineString", "coordinates": [[-118.4226451, 33.9376435], [-118.4226965, 33.9379757]]}}, {"type": "Feature", "properties": {"aeroway": "taxiway", "ref": null, "name": null, "surface": null, "id": 629590167}, "geometry": {"type": "LineString", "coordinates": [[-118.4081053, 33.9359779], [-118.4079255, 33.9359458], [-118.4078076, 33.9359386], [-118.4075529, 33.9359439]]}}, {"type": "Feature", "properties": {"aeroway": "taxiway", "ref": null, "name": null, "surface": null, "id": 629590168}, "geometry": {"type": "LineString", "coordinates": [[-118.408948, 33.9365355], [-118.4089776, 33.9366112], [-118.4090362, 33.9366877], [-118.4091285, 33.9367555], [-118.4092396, 33.9368096], [-118.4093582, 33.9368326], [-118.409529, 33.9368428]]}}, {"type": "Feature", "properties": {"aeroway": "taxiway", "ref": null, "name": null, "surface": null, "id": 629590169}, "geometry": {"type": "LineString", "coordinates": [[-118.4090808, 33.937469], [-118.4090789, 33.9374939], [-118.4090775, 33.9375503], [-118.409066, 33.9375901], [-118.409037, 33.9376687], [-118.408994, 33.9377312], [-118.4089162, 33.9378013], [-118.4088199, 33.9378546], [-118.4086951, 33.9379004]]}}, {"type": "Feature", "properties": {"aeroway": "taxiway", "ref": null, "name": null, "surface": null, "id": 629590170}, "geometry": {"type": "LineString", "coordinates": [[-118.4132958, 33.9468914], [-118.4132347, 33.946886], [-118.4131395, 33.9468678], [-118.4130359, 33.9468324], [-118.4129444, 33.9467784], [-118.4128779, 33.9467057], [-118.4128483, 33.9466664], [-118.4128262, 33.9466249], [-118.4128108, 33.946589], [-118.4128021, 33.9465716]]}}, {"type": "Feature", "properties": {"aeroway": "taxiway", "ref": null, "name": null, "surface": null, "id": 629590171}, "geometry": {"type": "LineString", "coordinates": [[-118.4129248, 33.9473985], [-118.4129135, 33.9473701], [-118.4129056, 33.9473556], [-118.4128968, 33.9473392], [-118.4128834, 33.9473144], [-118.4128235, 33.9472294], [-118.4127853, 33.9471917], [-118.4127382, 33.9471535], [-118.41264, 33.9470987], [-118.4125841, 33.9470774], [-118.4125297, 33.9470617], [-118.4124407, 33.9470465], [-118.4123685, 33.9470456], [-118.4123234, 33.9470472], [-118.4122655, 33.9470503]]}}, {"type": "Feature", "properties": {"aeroway": "taxiway", "ref": "K", "name": null, "surface": null, "id": 629590173}, "geometry": {"type": "LineString", "coordinates": [[-118.4130079, 33.9479363], [-118.4129514, 33.9475737], [-118.4129448, 33.9475298], [-118.4129265, 33.9474087], [-118.4129248, 33.9473985], [-118.4129179, 33.9473545], [-118.4129115, 33.9473135], [-118.4128563, 33.9469344], [-118.4128021, 33.9465716], [-118.4128017, 33.9465687], [-118.4128009, 33.9465637], [-118.412778, 33.9464118], [-118.4127696, 33.946352], [-118.4126782, 33.9457589], [-118.4126396, 33.9455088], [-118.4126196, 33.9453747], [-118.4125139, 33.9446084], [-118.4124922, 33.9444528], [-118.4123494, 33.9434925], [-118.4122994, 33.9431463], [-118.4122756, 33.9429909], [-118.4121722, 33.9422689], [-118.4121568, 33.9421653], [-118.4119909, 33.9410504], [-118.4119689, 33.9409028], [-118.4118556, 33.9401524], [-118.4118362, 33.9399969], [-118.4117194, 33.939215], [-118.4116809, 33.9389508], [-118.4116597, 33.9387876], [-118.4116049, 33.9384261], [-118.41155, 33.9380711], [-118.4115478, 33.9380506], [-118.4115385, 33.9379876], [-118.411537, 33.9379775]]}}, {"type": "Feature", "properties": {"aeroway": "taxiway", "ref": null, "name": null, "surface": null, "id": 629590174}, "geometry": {"type": "LineString", "coordinates": [[-118.4129448, 33.9475298], [-118.4129357, 33.9475982], [-118.4129297, 33.9476297], [-118.412905, 33.9476905], [-118.4128814, 33.947739], [-118.4128534, 33.9477837], [-118.4128151, 33.9478261], [-118.4127767, 33.9478591], [-118.4127072, 33.9479142], [-118.4126265, 33.9479476], [-118.412536, 33.9479846]]}}, {"type": "Feature", "properties": {"aeroway": "taxiway", "ref": null, "name": null, "surface": null, "id": 629590175}, "geometry": {"type": "LineString", "coordinates": [[-118.4134274, 33.9478907], [-118.4133451, 33.9478832], [-118.4132875, 33.9478738], [-118.4132285, 33.9478524], [-118.4131822, 33.9478335], [-118.4131488, 33.9478153], [-118.4131202, 33.9477952], [-118.4130838, 33.9477677], [-118.4130318, 33.9477158], [-118.4129863, 33.9476521], [-118.4129514, 33.9475737]]}}, {"type": "Feature", "properties": {"aeroway": "taxiway", "ref": null, "name": null, "surface": null, "id": 629590180}, "geometry": {"type": "LineString", "coordinates": [[-118.4193306, 33.9364775], [-118.4193275, 33.9365053], [-118.419326, 33.9365193], [-118.4193203, 33.9365591], [-118.419303, 33.9366153], [-118.4192856, 33.9366526], [-118.419241, 33.9367095], [-118.4191867, 33.9367586], [-118.4191239, 33.9367979], [-118.4190088, 33.9368403]]}}, {"type": "Feature", "properties": {"aeroway": "taxiway", "ref": null, "name": null, "surface": null, "id": 629590182}, "geometry": {"type": "LineString", "coordinates": [[-118.419117, 33.9353542], [-118.4190617, 33.9352632], [-118.4189963, 33.9351898], [-118.4189007, 33.9351282], [-118.4188778, 33.9351185], [-118.4187061, 33.9350518], [-118.4184495, 33.9349652], [-118.4182902, 33.93493], [-118.4181345, 33.9349006], [-118.4179915, 33.9348963], [-118.4177141, 33.9349004]]}}, {"type": "Feature", "properties": {"aeroway": "taxiway", "ref": null, "name": null, "surface": null, "id": 629590184}, "geometry": {"type": "LineString", "coordinates": [[-118.4278184, 33.9467337], [-118.4278207, 33.9466797], [-118.4278269, 33.946614], [-118.4278545, 33.9465307], [-118.4278805, 33.9464778], [-118.4279614, 33.9463831], [-118.4280471, 33.9463139], [-118.4281528, 33.946263], [-118.4282581, 33.9462329]]}}, {"type": "Feature", "properties": {"aeroway": "taxiway", "ref": null, "name": null, "surface": null, "id": 632743357}, "geometry": {"type": "LineString", "coordinates": [[-118.4173781, 33.9410122], [-118.4173465, 33.941107], [-118.4173074, 33.941201], [-118.4172394, 33.9412797], [-118.4171837, 33.9413361], [-118.4171033, 33.9413823], [-118.4170353, 33.9414079], [-118.4169648, 33.9414251]]}}, {"type": "Feature", "properties": {"aeroway": "taxiway", "ref": null, "name": null, "surface": null, "id": 632743358}, "geometry": {"type": "LineString", "coordinates": [[-118.4174849, 33.9417366], [-118.4173878, 33.9415926], [-118.4173053, 33.9415191], [-118.417227, 33.9414729], [-118.4171425, 33.9414438], [-118.4170353, 33.9414233], [-118.4169648, 33.9414251]]}}, {"type": "Feature", "properties": {"aeroway": "taxiway", "ref": null, "name": null, "surface": null, "id": 663034744}, "geometry": {"type": "LineString", "coordinates": [[-118.4123057, 33.9339486], [-118.4123247, 33.9339949], [-118.4123329, 33.9340134], [-118.4123388, 33.9340265], [-118.4123455, 33.9340394], [-118.4123553, 33.9340549], [-118.412364, 33.9340673], [-118.4123712, 33.9340771], [-118.4123802, 33.9340887], [-118.4123911, 33.9341011], [-118.4124009, 33.9341116], [-118.4124128, 33.9341236], [-118.4124237, 33.9341336], [-118.412437, 33.9341452], [-118.4124499, 33.9341564], [-118.4124626, 33.9341666], [-118.4124764, 33.9341764], [-118.4124875, 33.9341845], [-118.4125068, 33.9341976], [-118.4125248, 33.9342088], [-118.4125422, 33.9342182], [-118.4125616, 33.9342268], [-118.412572, 33.9342312], [-118.4125849, 33.9342359], [-118.4125979, 33.9342404], [-118.4126373, 33.9342485], [-118.4126501, 33.9342519], [-118.4126619, 33.9342552], [-118.4126791, 33.9342588], [-118.4126967, 33.9342621], [-118.4127166, 33.9342655], [-118.4127332, 33.9342677], [-118.4127501, 33.9342695], [-118.412768, 33.9342719], [-118.4127873, 33.9342737], [-118.4128038, 33.9342731], [-118.4128192, 33.9342724], [-118.4128363, 33.9342709], [-118.4131686, 33.9342368], [-118.4135153, 33.9342159]]}}, {"type": "Feature", "properties": {"aeroway": "taxiway", "ref": null, "name": null, "surface": null, "id": 663036454}, "geometry": {"type": "LineString", "coordinates": [[-118.4073422, 33.9352517], [-118.407331, 33.9352095], [-118.407324, 33.9351914], [-118.407318, 33.9351785], [-118.407312, 33.9351655], [-118.407301, 33.9351474], [-118.407291, 33.93513], [-118.407278, 33.9351114], [-118.407266, 33.9350961], [-118.407252, 33.9350789], [-118.40724, 33.9350658], [-118.407227, 33.9350521], [-118.407203, 33.9350308], [-118.407187, 33.9350182], [-118.407161, 33.9349988], [-118.407142, 33.934987], [-118.407119, 33.934975], [-118.40709, 33.9349611], [-118.407067, 33.9349517], [-118.407043, 33.9349423], [-118.40702, 33.9349349], [-118.406997, 33.9349288], [-118.406975, 33.9349239], [-118.406946, 33.9349189], [-118.406915, 33.934915], [-118.406897, 33.9349134], [-118.406875, 33.9349125], [-118.4067655, 33.9349154], [-118.4067128, 33.9349159], [-118.4066918, 33.9349151]]}}, {"type": "Feature", "properties": {"aeroway": "taxiway", "ref": "H7", "name": null, "surface": "concrete", "id": 666192242}, "geometry": {"type": "LineString", "coordinates": [[-118.401999, 33.935395], [-118.4023859, 33.935372], [-118.4024558, 33.9353676], [-118.4025585, 33.9353616], [-118.4026582, 33.9353564], [-118.4027386, 33.9353527], [-118.4028619, 33.9353464], [-118.4030046, 33.9353422], [-118.4031386, 33.9353404], [-118.4033464, 33.9353391], [-118.4034758, 33.9353398], [-118.4035823, 33.9353421], [-118.4037159, 33.9353462], [-118.4038525, 33.9353539], [-118.4040288, 33.9353657], [-118.4041819, 33.9353786], [-118.4042918, 33.9353895], [-118.4044002, 33.9354016], [-118.4045344, 33.9354198], [-118.4046478, 33.9354375], [-118.4048095, 33.9354662], [-118.4049628, 33.9354973], [-118.405082, 33.9355243], [-118.4052168, 33.9355571], [-118.4053372, 33.935589], [-118.4054886, 33.9356344], [-118.4056256, 33.9356804], [-118.4057386, 33.9357209], [-118.4058806, 33.9357774], [-118.405898, 33.9357843], [-118.4059496, 33.9358031], [-118.4059856, 33.9358159], [-118.4060217, 33.9358287], [-118.4060585, 33.9358413], [-118.4060972, 33.935853], [-118.4061345, 33.9358641], [-118.4061718, 33.9358744], [-118.4062089, 33.935884], [-118.4062469, 33.9358929], [-118.4062857, 33.9359019], [-118.4063228, 33.9359098], [-118.4063519, 33.9359155], [-118.4064067, 33.9359256], [-118.406458, 33.9359343], [-118.4065279, 33.9359451], [-118.406614, 33.9359572], [-118.4066828, 33.9359652], [-118.4067445, 33.9359699], [-118.4068115, 33.9359737], [-118.4068981, 33.9359795], [-118.4069844, 33.9359799], [-118.4070589, 33.9359798], [-118.4071578, 33.9359821]]}}, {"type": "Feature", "properties": {"aeroway": "runway", "ref": "07R/25L", "name": null, "surface": "concrete", "id": 666526457}, "geometry": {"type": "LineString", "coordinates": [[-118.41902, 33.9336567], [-118.4188664, 33.9336716], [-118.4177562, 33.9337792], [-118.4170964, 33.9338471], [-118.4135153, 33.9342159], [-118.4128707, 33.9342812], [-118.4123661, 33.9343341], [-118.4118463, 33.9343868], [-118.4115194, 33.9344201], [-118.41016, 33.9345587], [-118.4090613, 33.9346695], [-118.4079449, 33.9347913], [-118.407891, 33.934797], [-118.4078197, 33.9348046], [-118.4075586, 33.9348324], [-118.4072828, 33.9348609], [-118.4068931, 33.9348935], [-118.4066918, 33.9349151], [-118.406121, 33.9349736], [-118.4049338, 33.9350954], [-118.401999, 33.935395], [-118.4001467, 33.9355863], [-118.3998436, 33.9356177], [-118.3992011, 33.9356833], [-118.3988365, 33.9357206], [-118.3958904, 33.9360216], [-118.3949243, 33.9361203], [-118.3937113, 33.9362441], [-118.393124, 33.9363041], [-118.3930006, 33.9363174], [-118.391876, 33.9364316], [-118.3915215, 33.9364678], [-118.3835332, 33.937284], [-118.3828863, 33.9373519], [-118.3827215, 33.9373692]]}}, {"type": "Feature", "properties": {"aeroway": "taxiway", "ref": "H4", "name": null, "surface": null, "id": 666526460}, "geometry": {"type": "LineString", "coordinates": [[-118.3958904, 33.9360216], [-118.3972769, 33.9360328], [-118.3978874, 33.9361029]]}}, {"type": "Feature", "properties": {"aeroway": "taxiway", "ref": null, "name": null, "surface": null, "id": 666527477}, "geometry": {"type": "LineString", "coordinates": [[-118.3949243, 33.9361203], [-118.3945027, 33.9361471], [-118.3942952, 33.936168], [-118.3942395, 33.9361734], [-118.394222, 33.9361744], [-118.3942125, 33.9361746], [-118.394203, 33.9361746], [-118.3941911, 33.9361743], [-118.3941781, 33.9361741], [-118.3941621, 33.9361732], [-118.3941468, 33.936172], [-118.3941328, 33.9361706], [-118.3941198, 33.9361692], [-118.3941066, 33.9361669], [-118.3940922, 33.9361639], [-118.3940764, 33.9361602], [-118.3940604, 33.9361562], [-118.394045, 33.9361519], [-118.3940276, 33.9361466], [-118.3940112, 33.9361412], [-118.3939941, 33.9361351], [-118.3939805, 33.9361293], [-118.3939688, 33.9361241], [-118.3939574, 33.9361185], [-118.393945, 33.9361125], [-118.3939329, 33.9361063], [-118.393921, 33.9361002], [-118.393909, 33.936093], [-118.3938966, 33.9360849], [-118.393885, 33.9360771], [-118.3938746, 33.9360691], [-118.3938647, 33.9360608], [-118.3938545, 33.9360509], [-118.3938437, 33.9360407], [-118.3938331, 33.9360303], [-118.3938212, 33.9360178], [-118.39381, 33.9360061], [-118.3938003, 33.9359959], [-118.3937908, 33.9359848], [-118.3937826, 33.935975], [-118.3937733, 33.9359639], [-118.3937653, 33.9359522], [-118.3937579, 33.9359409], [-118.3937502, 33.9359288], [-118.3937433, 33.9359168], [-118.3937372, 33.9359049], [-118.3937322, 33.9358952], [-118.3937284, 33.9358858], [-118.3937232, 33.9358737], [-118.3937195, 33.9358632], [-118.3937163, 33.9358504], [-118.3937111, 33.9358298]]}}, {"type": "Feature", "properties": {"aeroway": "taxiway", "ref": null, "name": null, "surface": null, "id": 666527853}, "geometry": {"type": "LineString", "coordinates": [[-118.3930006, 33.9363174], [-118.3932755, 33.9362737], [-118.3933104, 33.9362691], [-118.3933309, 33.9362665], [-118.3933467, 33.936264], [-118.3933642, 33.9362607], [-118.3933787, 33.9362565], [-118.3933905, 33.9362525], [-118.3934068, 33.9362465], [-118.3934243, 33.9362397], [-118.3934443, 33.9362313], [-118.3934618, 33.9362231], [-118.3934747, 33.9362163], [-118.3934894, 33.9362082], [-118.3935054, 33.9361993], [-118.3935198, 33.9361902], [-118.393532, 33.9361823], [-118.3935461, 33.9361729], [-118.3935588, 33.9361638], [-118.3935699, 33.9361554], [-118.393582, 33.9361456], [-118.3935927, 33.9361356], [-118.3936022, 33.9361257], [-118.3936106, 33.9361162], [-118.3936193, 33.9361066], [-118.3936271, 33.9360968], [-118.3936349, 33.9360865], [-118.3936431, 33.9360753], [-118.3936524, 33.936062], [-118.3936587, 33.9360519], [-118.3936648, 33.9360412], [-118.3936705, 33.9360309], [-118.3936756, 33.9360205], [-118.3936796, 33.936012], [-118.3936842, 33.9360011], [-118.3936874, 33.9359919], [-118.3936903, 33.9359814], [-118.3936943, 33.9359639], [-118.3936981, 33.9359417], [-118.3937015, 33.9359226], [-118.393711, 33.9358752]]}}, {"type": "Feature", "properties": {"aeroway": "taxiway", "ref": null, "name": null, "surface": null, "id": 684695523}, "geometry": {"type": "LineString", "coordinates": [[-118.4128015, 33.9425634], [-118.4128251, 33.9425655], [-118.4129153, 33.9425848], [-118.4130064, 33.9426177], [-118.4130688, 33.942654], [-118.4131276, 33.9426991], [-118.4131748, 33.9427455], [-118.4132076, 33.9427946], [-118.4132545, 33.942875]]}}, {"type": "Feature", "properties": {"aeroway": "taxiway", "ref": null, "name": null, "surface": null, "id": 684695524}, "geometry": {"type": "LineString", "coordinates": [[-118.4137841, 33.9464705], [-118.4137809, 33.9465033], [-118.413775, 33.9465426], [-118.4137611, 33.9465962], [-118.4137438, 33.9466329], [-118.4137173, 33.9466804], [-118.4136489, 33.946765], [-118.4135321, 33.9468342], [-118.4133695, 33.9468819]]}}, {"type": "Feature", "properties": {"aeroway": "taxiway", "ref": null, "name": null, "surface": null, "id": 684696719}, "geometry": {"type": "LineString", "coordinates": [[-118.4226451, 33.9376435], [-118.4226178, 33.9375918], [-118.4225775, 33.937525], [-118.4224917, 33.9374449], [-118.422422, 33.9374004], [-118.4223359, 33.9373635], [-118.4222769, 33.9373468], [-118.422206, 33.9373342]]}}, {"type": "Feature", "properties": {"aeroway": "taxiway", "ref": null, "name": null, "surface": null, "id": 684696720}, "geometry": {"type": "LineString", "coordinates": [[-118.4226451, 33.9376435], [-118.4226526, 33.9375673], [-118.422666, 33.9375161], [-118.4226982, 33.937456], [-118.4227465, 33.9373937], [-118.4228163, 33.9373314], [-118.422886, 33.9372936], [-118.422962, 33.9372572]]}}, {"type": "Feature", "properties": {"aeroway": "taxiway", "ref": "E15", "name": null, "surface": null, "id": 690735289}, "geometry": {"type": "LineString", "coordinates": [[-118.4306521, 33.9417702], [-118.4307626, 33.942528], [-118.4308461, 33.9431009], [-118.4308716, 33.9432755], [-118.4308809, 33.943339], [-118.4308934, 33.943425], [-118.4309415, 33.9437547], [-118.4310283, 33.9443503], [-118.4310365, 33.9444064], [-118.4310722, 33.9446515], [-118.4311188, 33.9449708], [-118.4311248, 33.9450527], [-118.4311263, 33.9450738], [-118.4311331, 33.9451638], [-118.4311608, 33.9455375], [-118.4311772, 33.9459962]]}}, {"type": "Feature", "properties": {"aeroway": "taxiway", "ref": "D14", "name": null, "surface": null, "id": 690735924}, "geometry": {"type": "LineString", "coordinates": [[-118.423725, 33.9458358], [-118.4236466, 33.9452896], [-118.4235977, 33.9449487]]}}, {"type": "Feature", "properties": {"aeroway": "taxiway", "ref": "D", "name": null, "surface": null, "id": 697067742}, "geometry": {"type": "LineString", "coordinates": [[-118.4133695, 33.9468819], [-118.4138374, 33.9468355]]}}, {"type": "Feature", "properties": {"aeroway": "taxiway", "ref": null, "name": null, "surface": null, "id": 697067743}, "geometry": {"type": "LineString", "coordinates": [[-118.4138374, 33.9468355], [-118.414267, 33.9467917]]}}, {"type": "Feature", "properties": {"aeroway": "taxiway", "ref": "D", "name": null, "surface": null, "id": 697067744}, "geometry": {"type": "LineString", "coordinates": [[-118.414267, 33.9467917], [-118.4151532, 33.9466955]]}}, {"type": "Feature", "properties": {"aeroway": "taxiway", "ref": "D", "name": null, "surface": null, "id": 697067745}, "geometry": {"type": "LineString", "coordinates": [[-118.4160827, 33.9465996], [-118.4151532, 33.9466955]]}}, {"type": "Feature", "properties": {"aeroway": "taxiway", "ref": null, "name": null, "surface": null, "id": 697067746}, "geometry": {"type": "LineString", "coordinates": [[-118.4186168, 33.9463455], [-118.4185583, 33.9463421], [-118.4185104, 33.9463355], [-118.4184605, 33.9463248], [-118.4184123, 33.9463061], [-118.4183456, 33.9462778], [-118.4182757, 33.9462349], [-118.418218, 33.946184], [-118.4181881, 33.9461464], [-118.4181438, 33.9460718], [-118.4181297, 33.9460281], [-118.4181233, 33.946067], [-118.4181184, 33.9461047], [-118.4181004, 33.9461559], [-118.418073, 33.9462192], [-118.4180276, 33.9462834], [-118.4179864, 33.9463197], [-118.4179321, 33.946361], [-118.4178817, 33.9463908], [-118.4178309, 33.9464105], [-118.4177894, 33.9464241], [-118.4177358, 33.9464377]]}}, {"type": "Feature", "properties": {"aeroway": "taxiway", "ref": null, "name": null, "surface": null, "id": 697067747}, "geometry": {"type": "LineString", "coordinates": [[-118.414267, 33.9467917], [-118.4142035, 33.9467859], [-118.4141324, 33.9467728], [-118.4140765, 33.9467574], [-118.4140423, 33.9467415], [-118.4139753, 33.9467082], [-118.4139028, 33.9466547], [-118.4138458, 33.9465919], [-118.413786, 33.9464815]]}}, {"type": "Feature", "properties": {"aeroway": "taxiway", "ref": null, "name": null, "surface": null, "id": 697067750}, "geometry": {"type": "LineString", "coordinates": [[-118.408351, 33.9475915], [-118.4084482, 33.9476044], [-118.4085635, 33.9476244], [-118.4086501, 33.9476706], [-118.4087313, 33.9477279], [-118.4087861, 33.9478002], [-118.4088237, 33.947869], [-118.4088395, 33.9478998], [-118.4088432, 33.9479256]]}}, {"type": "Feature", "properties": {"aeroway": "taxiway", "ref": null, "name": null, "surface": null, "id": 697067751}, "geometry": {"type": "LineString", "coordinates": [[-118.409645, 33.9474587], [-118.409571, 33.9474502], [-118.4094585, 33.9474275], [-118.4093812, 33.9473943], [-118.4093105, 33.9473513], [-118.4092561, 33.9473028], [-118.4091962, 33.9472305], [-118.409152, 33.9471431]]}}, {"type": "Feature", "properties": {"aeroway": "taxiway", "ref": null, "name": null, "surface": null, "id": 697074374}, "geometry": {"type": "LineString", "coordinates": [[-118.421918, 33.9352573], [-118.4218946, 33.9353665], [-118.4218356, 33.9354577], [-118.4217498, 33.935529], [-118.4216639, 33.9355779], [-118.4215645, 33.93561]]}}, {"type": "Feature", "properties": {"aeroway": "taxiway", "ref": null, "name": null, "surface": null, "id": 697074375}, "geometry": {"type": "LineString", "coordinates": [[-118.4220081, 33.9359208], [-118.421967, 33.9358294], [-118.4218839, 33.9357448], [-118.42179, 33.9356847], [-118.4216908, 33.9356402], [-118.4215645, 33.93561]]}}, {"type": "Feature", "properties": {"aeroway": "taxiway", "ref": "G", "name": null, "surface": null, "id": 697074388}, "geometry": {"type": "LineString", "coordinates": [[-118.3941617, 33.9393782], [-118.394055, 33.9393563], [-118.39398, 33.9393261], [-118.3939142, 33.9392912], [-118.3938568, 33.9392488], [-118.3938293, 33.9392189], [-118.393812, 33.9392], [-118.3937804, 33.9391559], [-118.393751, 33.9391041], [-118.3937293, 33.9390398], [-118.3937216, 33.9388764], [-118.3937225, 33.9387944], [-118.3937148, 33.9384605], [-118.3937158, 33.9381195], [-118.3937168, 33.9380789], [-118.3937183, 33.9379812], [-118.3937174, 33.9377568], [-118.3937232, 33.9376945], [-118.3937249, 33.9376604], [-118.3937201, 33.9373546], [-118.3937181, 33.937058], [-118.3937193, 33.9370201], [-118.393721, 33.9369734], [-118.3937111, 33.9366602], [-118.3937113, 33.9363124], [-118.3937113, 33.9362441], [-118.3937105, 33.9360276], [-118.393711, 33.9358752], [-118.3937111, 33.9358298], [-118.3937222, 33.9354553], [-118.393723, 33.9354236], [-118.3937173, 33.9352325], [-118.3937196, 33.9352138], [-118.393727, 33.9351871], [-118.3937404, 33.9351514], [-118.3937512, 33.9351249], [-118.3937984, 33.935009]]}}, {"type": "Feature", "properties": {"aeroway": "parking_position", "ref": "SIA1", "name": null, "surface": null, "id": 697074389}, "geometry": {"type": "LineString", "coordinates": [[-118.3936946, 33.9350191], [-118.3936702, 33.9350142], [-118.3936336, 33.9350085], [-118.393597, 33.9349991], [-118.393554, 33.9349864], [-118.3935109, 33.9349634], [-118.3934474, 33.9349073], [-118.3934044, 33.9348495], [-118.3933805, 33.9347747], [-118.3933741, 33.9345344], [-118.3933729, 33.9344872], [-118.3933727, 33.9335077]]}}, {"type": "Feature", "properties": {"aeroway": "taxiway", "ref": null, "name": null, "surface": null, "id": 727077396}, "geometry": {"type": "LineString", "coordinates": [[-118.4131398, 33.9449188], [-118.413177, 33.9449263], [-118.4132489, 33.9449391], [-118.4133422, 33.9449695], [-118.4134302, 33.9450185], [-118.4134904, 33.9450708], [-118.4135565, 33.945145], [-118.4135982, 33.94523]]}}, {"type": "Feature", "properties": {"aeroway": "taxiway", "ref": null, "name": null, "surface": null, "id": 727077397}, "geometry": {"type": "LineString", "coordinates": [[-118.4129547, 33.9449407], [-118.4129181, 33.9449323], [-118.4128719, 33.944918], [-118.4128055, 33.9449007], [-118.4127486, 33.9448763], [-118.4126885, 33.9448436], [-118.4126267, 33.9447966], [-118.4125805, 33.9447486], [-118.4125496, 33.9447037], [-118.4125335, 33.944662], [-118.4125139, 33.9446084]]}}, {"type": "Feature", "properties": {"aeroway": "taxiway", "ref": null, "name": null, "surface": null, "id": 727077398}, "geometry": {"type": "LineString", "coordinates": [[-118.4126196, 33.9453747], [-118.4126249, 33.9452645], [-118.4126441, 33.9451967], [-118.4126748, 33.9451395], [-118.4127222, 33.9450793], [-118.4127668, 33.945039], [-118.4128202, 33.9450001], [-118.4128683, 33.9449745], [-118.412922, 33.9449536], [-118.4129547, 33.9449407]]}}, {"type": "Feature", "properties": {"aeroway": "taxiway", "ref": null, "name": null, "surface": null, "id": 727108648}, "geometry": {"type": "LineString", "coordinates": [[-118.394205, 33.9349649], [-118.3941737, 33.9349609], [-118.3941519, 33.9349555], [-118.3941334, 33.9349515], [-118.394119, 33.9349486], [-118.394105, 33.9349456], [-118.394091, 33.9349418], [-118.3940775, 33.9349378], [-118.3940647, 33.934933], [-118.394051, 33.9349274], [-118.3940397, 33.9349225], [-118.3940274, 33.9349168], [-118.394017, 33.9349113], [-118.3940049, 33.934904], [-118.3939928, 33.9348959], [-118.3939824, 33.9348878], [-118.3939727, 33.9348798], [-118.3939659, 33.9348737], [-118.3939565, 33.9348651], [-118.3939486, 33.9348573], [-118.3939404, 33.9348483], [-118.3939315, 33.9348385], [-118.3939211, 33.9348229], [-118.3939094, 33.9347988], [-118.3938957, 33.9347693], [-118.3938851, 33.9347384], [-118.3938818, 33.9347205]]}}, {"type": "Feature", "properties": {"aeroway": "taxiway", "ref": "A5", "name": null, "surface": null, "id": 727108650}, "geometry": {"type": "LineString", "coordinates": [[-118.3937984, 33.935009], [-118.3938201, 33.9349592], [-118.3938335, 33.9349184], [-118.393849, 33.9348771], [-118.3938583, 33.9348575], [-118.3938684, 33.9348295], [-118.3938757, 33.9347959], [-118.39388, 33.9347634], [-118.3938818, 33.9347205], [-118.393881, 33.934551], [-118.3938806, 33.9344845], [-118.3938806, 33.9343782], [-118.3938819, 33.934353]]}}, {"type": "Feature", "properties": {"aeroway": "taxiway", "ref": "A8", "name": null, "surface": null, "id": 727108651}, "geometry": {"type": "LineString", "coordinates": [[-118.4072828, 33.9348609], [-118.407222, 33.9344883], [-118.4071684, 33.9341008], [-118.4071662, 33.9340804]]}}, {"type": "Feature", "properties": {"aeroway": "taxiway", "ref": "B17", "name": null, "surface": null, "id": 727108652}, "geometry": {"type": "LineString", "coordinates": [[-118.4219612, 33.9355694], [-118.4220081, 33.9359208], [-118.4220405, 33.9361854], [-118.4220452, 33.9362219], [-118.422063, 33.9363341], [-118.4220941, 33.9365259], [-118.4221356, 33.9368265], [-118.4221467, 33.9369064], [-118.4221637, 33.9370356], [-118.422206, 33.9373342]]}}, {"type": "Feature", "properties": {"aeroway": "taxiway", "ref": null, "name": null, "surface": null, "id": 727108653}, "geometry": {"type": "LineString", "coordinates": [[-118.4042806, 33.9377844], [-118.4042129, 33.9373766]]}}, {"type": "Feature", "properties": {"aeroway": "taxiway", "ref": "F", "name": null, "surface": null, "id": 727108654}, "geometry": {"type": "LineString", "coordinates": [[-118.3833437, 33.9404811], [-118.3833159, 33.9402932], [-118.3833035, 33.940204], [-118.3832998, 33.940163], [-118.383268, 33.939933], [-118.3832115, 33.9395343], [-118.3831535, 33.9391444], [-118.3831018, 33.9387742], [-118.3830513, 33.9384276], [-118.3830007, 33.9381095], [-118.382954, 33.9377964], [-118.3828863, 33.9373519], [-118.3828284, 33.9369248], [-118.3827833, 33.9365958], [-118.3827755, 33.9365431], [-118.3827342, 33.9362474]]}}, {"type": "Feature", "properties": {"aeroway": "taxiway", "ref": "B", "name": null, "surface": null, "id": 727108655}, "geometry": {"type": "LineString", "coordinates": [[-118.3833437, 33.9404811], [-118.3837496, 33.9404396], [-118.383903, 33.9404239], [-118.3868956, 33.9401188], [-118.3878562, 33.9400213], [-118.3882565, 33.9399807], [-118.3886771, 33.9399387], [-118.3895612, 33.9398549], [-118.3896496, 33.9398419], [-118.3900476, 33.9398035], [-118.3904607, 33.9397618], [-118.3905171, 33.9397561], [-118.3905349, 33.9397542], [-118.3921664, 33.9395886], [-118.3933649, 33.9394623], [-118.3941617, 33.9393782], [-118.3951743, 33.939278], [-118.3975387, 33.9390338], [-118.3975562, 33.939032], [-118.3980777, 33.9389833], [-118.3989208, 33.9388917], [-118.3998684, 33.9388026], [-118.4001518, 33.9387711], [-118.4004492, 33.9387404], [-118.4013821, 33.9386465], [-118.4028413, 33.938497], [-118.4030542, 33.9384722], [-118.4038793, 33.938383], [-118.4047803, 33.9382903], [-118.4049966, 33.9382698], [-118.405222, 33.9382464], [-118.4064234, 33.9381231], [-118.4066986, 33.9380965], [-118.4077331, 33.9379905], [-118.4077577, 33.9379886], [-118.4084061, 33.937926], [-118.4086951, 33.9379004], [-118.4091393, 33.9378526], [-118.4095831, 33.9378068], [-118.4106537, 33.937692], [-118.4110141, 33.9376543], [-118.4114686, 33.9376068], [-118.4119751, 33.9375629], [-118.412413, 33.9375189], [-118.4126535, 33.9374945], [-118.4128929, 33.9374696], [-118.4132418, 33.9374326], [-118.413467, 33.937406], [-118.414482, 33.9373051], [-118.4150812, 33.937241], [-118.4163609, 33.937115], [-118.4172114, 33.9370273], [-118.4174311, 33.9370021], [-118.4182701, 33.9369171], [-118.4190088, 33.9368403], [-118.4193772, 33.936802], [-118.419514, 33.9367882], [-118.4197374, 33.9367656], [-118.4201396, 33.9367251], [-118.421707, 33.9365628], [-118.4220941, 33.9365259], [-118.422449, 33.9364873], [-118.4228643, 33.9364453], [-118.4242648, 33.9363035], [-118.4244641, 33.9362833], [-118.4257825, 33.9361491], [-118.4258365, 33.9361442], [-118.425919, 33.9361321], [-118.4260476, 33.9361235], [-118.4261091, 33.9361244], [-118.4262352, 33.9361524], [-118.4263303, 33.9361845], [-118.4264222, 33.9362041], [-118.4265002, 33.9362103], [-118.4266345, 33.9362024], [-118.4270317, 33.9361597], [-118.4272626, 33.9361365], [-118.4277468, 33.9360873], [-118.4291773, 33.9359418], [-118.4295509, 33.9359038], [-118.4296384, 33.935901], [-118.4297395, 33.9359185], [-118.4298947, 33.9359722], [-118.4300306, 33.9360817], [-118.4300862, 33.9361512], [-118.4301297, 33.9362377], [-118.430149, 33.9363013], [-118.4301583, 33.9363734]]}}, {"type": "Feature", "properties": {"aeroway": "taxiway", "ref": "C1", "name": null, "surface": null, "id": 727108656}, "geometry": {"type": "LineString", "coordinates": [[-118.3839409, 33.9411665], [-118.3838816, 33.9411624], [-118.3838236, 33.9411538], [-118.3837679, 33.9411401], [-118.3837183, 33.9411219], [-118.3836736, 33.9411007], [-118.383626, 33.9410723], [-118.3835912, 33.9410476], [-118.3835414, 33.9410004], [-118.3834074, 33.9408485], [-118.3833538, 33.9407904], [-118.3832866, 33.9407148], [-118.3832508, 33.9406799], [-118.3832061, 33.9406427], [-118.3831549, 33.9406093], [-118.3831058, 33.940586], [-118.383064, 33.9405713], [-118.3830239, 33.9405565], [-118.3829825, 33.9405485], [-118.3829235, 33.9405415], [-118.382841, 33.9405331]]}}, {"type": "Feature", "properties": {"aeroway": "taxiway", "ref": null, "name": null, "surface": null, "id": 727108657}, "geometry": {"type": "LineString", "coordinates": [[-118.4049966, 33.9382698], [-118.4051029, 33.9382351], [-118.4051682, 33.9381997], [-118.4052266, 33.9381537], [-118.4052696, 33.9381053], [-118.4053128, 33.9380399], [-118.4053497, 33.9379392], [-118.4053472, 33.9378622], [-118.4053264, 33.9377925], [-118.4052807, 33.9377129], [-118.4052314, 33.9376572], [-118.4051748, 33.937616], [-118.4050764, 33.9375639]]}}, {"type": "Feature", "properties": {"aeroway": "taxiway", "ref": "B5", "name": null, "surface": null, "id": 727108658}, "geometry": {"type": "LineString", "coordinates": [[-118.3980777, 33.9389833], [-118.3980918, 33.9389162], [-118.3981273, 33.9387832], [-118.398152, 33.9387378], [-118.3981799, 33.9386719], [-118.3982136, 33.938609], [-118.3983167, 33.9384541], [-118.3984411, 33.9383203], [-118.3985406, 33.9382334], [-118.3986357, 33.9381584], [-118.3986703, 33.938138], [-118.3987719, 33.9380776], [-118.3988987, 33.938016], [-118.3990132, 33.9379725], [-118.3991223, 33.9379404], [-118.3992344, 33.9379161], [-118.399456, 33.9378719]]}}, {"type": "Feature", "properties": {"aeroway": "taxiway", "ref": "B4", "name": null, "surface": null, "id": 727108659}, "geometry": {"type": "LineString", "coordinates": [[-118.3975387, 33.9390338], [-118.3973681, 33.9389271], [-118.3972835, 33.938873], [-118.3971993, 33.9388188], [-118.3970615, 33.9387423], [-118.3969061, 33.9386652], [-118.3966322, 33.9385515], [-118.3964175, 33.9384796], [-118.3961746, 33.9384117], [-118.3960001, 33.9383753], [-118.395811, 33.9383462], [-118.3955175, 33.9383227], [-118.3950178, 33.9383276]]}}, {"type": "Feature", "properties": {"aeroway": "taxiway", "ref": "B8", "name": null, "surface": null, "id": 727108660}, "geometry": {"type": "LineString", "coordinates": [[-118.4077331, 33.9379905], [-118.407714, 33.9378047], [-118.4076474, 33.9374158], [-118.4075955, 33.9373104], [-118.4075319, 33.9372269], [-118.4074437, 33.9371678], [-118.4073434, 33.9371238], [-118.4072278, 33.937099], [-118.407028, 33.9371009]]}}, {"type": "Feature", "properties": {"aeroway": "taxiway", "ref": "E19", "name": null, "surface": null, "id": 727108662}, "geometry": {"type": "LineString", "coordinates": [[-118.4347145, 33.9457124], [-118.4350605, 33.9456737], [-118.4351522, 33.9456633], [-118.4352225, 33.9456474], [-118.4352779, 33.9456209], [-118.435333, 33.9455878], [-118.4353807, 33.9455491], [-118.4354131, 33.945511], [-118.4354424, 33.9454695], [-118.4354634, 33.94542], [-118.4354777, 33.9453792], [-118.4354837, 33.9453156], [-118.4354765, 33.9452388], [-118.4354595, 33.9451178], [-118.4354557, 33.9450904], [-118.4354004, 33.9447266], [-118.4352993, 33.9440483], [-118.4352674, 33.9439075], [-118.4352094, 33.9437458], [-118.4351383, 33.9436066], [-118.4351148, 33.9435744], [-118.4350633, 33.9434911], [-118.4350418, 33.9434598], [-118.4348157, 33.9431297], [-118.4345218, 33.942703], [-118.434333, 33.94243], [-118.4340938, 33.9420864], [-118.4339162, 33.9418329], [-118.4338515, 33.9417499], [-118.4337676, 33.9416764], [-118.4336714, 33.9416131], [-118.4335314, 33.94156], [-118.4334159, 33.9415288], [-118.4332784, 33.9415101], [-118.4331321, 33.9415154], [-118.4321715, 33.9416101], [-118.4306521, 33.9417702], [-118.4290238, 33.9419376], [-118.4277388, 33.94207], [-118.4276555, 33.942078]]}}, {"type": "Feature", "properties": {"aeroway": "taxiway", "ref": "E17", "name": null, "surface": null, "id": 727108663}, "geometry": {"type": "LineString", "coordinates": [[-118.4339863, 33.9457325], [-118.4339473, 33.9457088], [-118.433867, 33.9456599], [-118.4338005, 33.9455959], [-118.4337597, 33.945518], [-118.4337309, 33.9454323], [-118.4337095, 33.9452755], [-118.4336554, 33.9449041], [-118.4335495, 33.9441764], [-118.4335044, 33.9438794], [-118.4334953, 33.9438189], [-118.4334915, 33.9437874], [-118.4334773, 33.9436697], [-118.4334748, 33.9436198], [-118.4334785, 33.9435861], [-118.4334845, 33.9435502], [-118.4335016, 33.9434985], [-118.4335184, 33.9434648], [-118.4335346, 33.9434344], [-118.4335492, 33.9434128], [-118.4335701, 33.9433817], [-118.4336092, 33.9433399], [-118.4336596, 33.9432967], [-118.4337039, 33.943266], [-118.4337632, 33.9432338], [-118.4340329, 33.9431027], [-118.4341761, 33.9430293], [-118.4342162, 33.9430005], [-118.4342532, 33.9429709], [-118.4342852, 33.9429415], [-118.4343147, 33.9429081], [-118.434341, 33.9428658], [-118.4343651, 33.9428239], [-118.4343818, 33.9427774], [-118.4343941, 33.9427318], [-118.4344018, 33.9426847], [-118.4344028, 33.9426511], [-118.4344001, 33.9426011], [-118.4343913, 33.9425567], [-118.4343776, 33.9425165], [-118.434333, 33.94243]]}}, {"type": "Feature", "properties": {"aeroway": "taxiway", "ref": "E6", "name": null, "surface": null, "id": 727108664}, "geometry": {"type": "LineString", "coordinates": [[-118.399255, 33.9494978], [-118.3992028, 33.9495607], [-118.3991638, 33.9496241], [-118.3991375, 33.9496906], [-118.3991202, 33.9497465], [-118.3991102, 33.9498288], [-118.3991155, 33.9499043], [-118.3991438, 33.9500984], [-118.3991628, 33.9501655], [-118.3991922, 33.9502141], [-118.3992251, 33.9502543], [-118.3992591, 33.950289], [-118.399289, 33.9503134], [-118.3993306, 33.9503418], [-118.3993752, 33.9503628], [-118.3994425, 33.950384], [-118.3994879, 33.9503937], [-118.3995345, 33.9504014], [-118.3996214, 33.9504111]]}}, {"type": "Feature", "properties": {"aeroway": "taxiway", "ref": "L", "name": null, "surface": null, "id": 727186946}, "geometry": {"type": "LineString", "coordinates": [[-118.412698, 33.9330736], [-118.4126387, 33.9330919], [-118.412554, 33.9331223], [-118.4124833, 33.9331611], [-118.4124221, 33.933212], [-118.4123544, 33.9332733], [-118.4122988, 33.9333645], [-118.4122672, 33.9334567], [-118.4122594, 33.9335548], [-118.4122628, 33.9335835], [-118.4123057, 33.9339486], [-118.4123661, 33.9343341], [-118.4124227, 33.9347296], [-118.4124868, 33.9350698], [-118.4124905, 33.9350968], [-118.4125355, 33.9354253], [-118.4125372, 33.9354308], [-118.4125824, 33.9357594], [-118.4126423, 33.9361155], [-118.4126956, 33.9365144], [-118.4127534, 33.9368863], [-118.412762, 33.9369862], [-118.4127821, 33.9370888], [-118.4127748, 33.9371868], [-118.4127392, 33.937288], [-118.4127341, 33.9373023], [-118.4126535, 33.9374945], [-118.4125726, 33.9376866], [-118.4125304, 33.9377897], [-118.4125177, 33.9378702], [-118.4125206, 33.9378948], [-118.4125276, 33.9379551], [-118.412533, 33.9379729], [-118.4125847, 33.9383243], [-118.4126395, 33.9386805], [-118.4126418, 33.9386944], [-118.412663, 33.9388511], [-118.4128164, 33.939898], [-118.4128412, 33.9400669], [-118.4129499, 33.9407884], [-118.4129729, 33.940948], [-118.4131239, 33.9419949], [-118.4131508, 33.9421641], [-118.4132545, 33.942875], [-118.4132796, 33.9430471], [-118.4133404, 33.9434627], [-118.4134714, 33.9443519], [-118.4134955, 33.9445156], [-118.4135654, 33.9449978], [-118.4135982, 33.94523], [-118.4136251, 33.9454038], [-118.4137468, 33.9462494], [-118.4137564, 33.9463097], [-118.4137841, 33.9464705], [-118.413786, 33.9464815], [-118.4138374, 33.9468355], [-118.4138911, 33.9471831], [-118.4139022, 33.9472686], [-118.4139345, 33.9474848], [-118.4139454, 33.9475533], [-118.413973, 33.9477273], [-118.4139931, 33.9477731]]}}, {"type": "Feature", "properties": {"aeroway": "taxiway", "ref": null, "name": null, "surface": null, "id": 727186947}, "geometry": {"type": "LineString", "coordinates": [[-118.4071662, 33.9340804], [-118.4071677, 33.9340587], [-118.4071693, 33.9340312], [-118.4071715, 33.933996], [-118.4071783, 33.9339636], [-118.4071863, 33.9339314], [-118.4071983, 33.9339011], [-118.4072124, 33.9338688], [-118.4072297, 33.9338414], [-118.4072478, 33.9338108], [-118.4072704, 33.9337831], [-118.4072952, 33.9337568], [-118.4073206, 33.9337355], [-118.4073378, 33.9337212], [-118.4073546, 33.9337077], [-118.4073819, 33.9336877], [-118.4074054, 33.9336738], [-118.4074277, 33.9336588], [-118.4074505, 33.9336466], [-118.407469, 33.9336369], [-118.407499, 33.933623], [-118.4075341, 33.933611], [-118.4075606, 33.9336026]]}}, {"type": "Feature", "properties": {"aeroway": "taxiway", "ref": "H4", "name": null, "surface": null, "id": 727186948}, "geometry": {"type": "LineString", "coordinates": [[-118.3978874, 33.9361029], [-118.3983192, 33.9361841], [-118.3985873, 33.9362472], [-118.3988491, 33.9363309], [-118.3992067, 33.9364576], [-118.399462, 33.9365474], [-118.3997159, 33.9366088], [-118.3999037, 33.936635], [-118.4000697, 33.9366475], [-118.4002528, 33.9366568], [-118.4005159, 33.9366598]]}}, {"type": "Feature", "properties": {"aeroway": "taxiway", "ref": "H8", "name": null, "surface": null, "id": 727186949}, "geometry": {"type": "LineString", "coordinates": [[-118.4073838, 33.935548], [-118.407342, 33.9352517], [-118.4072828, 33.9348609]]}}, {"type": "Feature", "properties": {"aeroway": "taxiway", "ref": "N", "name": null, "surface": null, "id": 727186950}, "geometry": {"type": "LineString", "coordinates": [[-118.4168676, 33.9374421], [-118.4168798, 33.9375281], [-118.4169277, 33.9378814], [-118.4169851, 33.9382488], [-118.4170083, 33.9384048], [-118.4173781, 33.9410122], [-118.4174849, 33.9417366], [-118.4176864, 33.9430271], [-118.417712, 33.9431905], [-118.4177135, 33.9432036], [-118.4177532, 33.943562], [-118.4178187, 33.9439175], [-118.4178258, 33.9439563], [-118.4178437, 33.9440842], [-118.4181009, 33.9458318], [-118.4181059, 33.9458661], [-118.4181297, 33.9460281], [-118.4181773, 33.9463915], [-118.4182284, 33.9467819], [-118.418234, 33.9468199], [-118.418241, 33.9468675], [-118.418297, 33.9472494]]}}, {"type": "Feature", "properties": {"aeroway": "taxiway", "ref": null, "name": null, "surface": null, "id": 727186952}, "geometry": {"type": "LineString", "coordinates": [[-118.414883, 33.9378295], [-118.4148817, 33.9378737], [-118.4148723, 33.9379126], [-118.4148596, 33.9379466], [-118.4148333, 33.9379893], [-118.4147944, 33.938036], [-118.4147342, 33.9380775], [-118.4146685, 33.9381059]]}}, {"type": "Feature", "properties": {"aeroway": "taxiway", "ref": null, "name": null, "surface": null, "id": 727186953}, "geometry": {"type": "LineString", "coordinates": [[-118.411537, 33.9379775], [-118.4115599, 33.9378553], [-118.4115884, 33.9377932], [-118.41163, 33.9377331], [-118.4116818, 33.9376804], [-118.4117438, 33.9376392], [-118.411819, 33.9376026], [-118.4118903, 33.9375775], [-118.4119751, 33.9375629]]}}, {"type": "Feature", "properties": {"aeroway": "taxiway", "ref": "C10", "name": null, "surface": null, "id": 727186954}, "geometry": {"type": "LineString", "coordinates": [[-118.4078601, 33.9389033], [-118.4077406, 33.9388218], [-118.4076497, 33.9387587], [-118.4075854, 33.9387176], [-118.4075567, 33.9386968], [-118.4075075, 33.9386602], [-118.4074478, 33.9385945], [-118.4074055, 33.9385352], [-118.4073886, 33.9384929], [-118.40737, 33.9384566], [-118.4073563, 33.9384219], [-118.4073298, 33.9383548], [-118.4072737, 33.93828], [-118.4071866, 33.9381988], [-118.4070822, 33.9381447], [-118.406975, 33.9381086], [-118.4068661, 33.9380926], [-118.4066986, 33.9380965]]}}, {"type": "Feature", "properties": {"aeroway": "taxiway", "ref": "C7", "name": null, "surface": null, "id": 727186955}, "geometry": {"type": "LineString", "coordinates": [[-118.4005265, 33.9392637], [-118.4004677, 33.9391527], [-118.4004484, 33.9391312], [-118.4003881, 33.9390697], [-118.4002955, 33.938989], [-118.4002051, 33.9389314], [-118.4001218, 33.9388757], [-118.4000407, 33.938843], [-118.3999226, 33.9388065], [-118.3998684, 33.9388026]]}}, {"type": "Feature", "properties": {"aeroway": "taxiway", "ref": "C15", "name": null, "surface": null, "id": 727186957}, "geometry": {"type": "LineString", "coordinates": [[-118.4196682, 33.9376019], [-118.4197203, 33.937974], [-118.4197741, 33.9383588], [-118.4197754, 33.9383733], [-118.4197829, 33.9384551], [-118.419988, 33.9397518], [-118.4200256, 33.9398197], [-118.4200765, 33.9398909], [-118.420094, 33.9399632], [-118.4201261, 33.9402258]]}}, {"type": "Feature", "properties": {"aeroway": "taxiway", "ref": "N1", "name": null, "surface": null, "id": 727186958}, "geometry": {"type": "LineString", "coordinates": [[-118.4169648, 33.9414251], [-118.4155534, 33.941567]]}}, {"type": "Feature", "properties": {"aeroway": "taxiway", "ref": null, "name": null, "surface": null, "id": 727200358}, "geometry": {"type": "LineString", "coordinates": [[-118.4343965, 33.9460428], [-118.4343751, 33.9459785], [-118.4343631, 33.945949], [-118.4343436, 33.9459203], [-118.4343225, 33.9458899], [-118.4342975, 33.9458668], [-118.43427, 33.9458427], [-118.4342347, 33.9458203], [-118.4342032, 33.9458028], [-118.4341704, 33.9457896], [-118.4341306, 33.9457752], [-118.4340469, 33.9457549], [-118.4339863, 33.9457325]]}}, {"type": "Feature", "properties": {"aeroway": "taxiway", "ref": null, "name": null, "surface": null, "id": 727200359}, "geometry": {"type": "LineString", "coordinates": [[-118.4331508, 33.9461392], [-118.4331591, 33.9460725], [-118.4331832, 33.9460045], [-118.4332222, 33.9459428], [-118.4332664, 33.9458966], [-118.4333211, 33.945853], [-118.4334054, 33.9458129], [-118.4335096, 33.9457791]]}}, {"type": "Feature", "properties": {"aeroway": "taxiway", "ref": "D7", "name": null, "surface": null, "id": 727200362}, "geometry": {"type": "LineString", "coordinates": [[-118.4008213, 33.9488809], [-118.400837, 33.9489285], [-118.4008585, 33.9489724], [-118.4008785, 33.9489987], [-118.4009145, 33.9490398], [-118.4009446, 33.9490615], [-118.4009855, 33.949088], [-118.4010241, 33.9491057], [-118.4010616, 33.94912], [-118.4011083, 33.9491326], [-118.4011492, 33.9491403], [-118.4011799, 33.9491422]]}}, {"type": "Feature", "properties": {"aeroway": "taxiway", "ref": "R", "name": null, "surface": null, "id": 727201626}, "geometry": {"type": "LineString", "coordinates": [[-118.4014261, 33.9491195], [-118.4014915, 33.9491261], [-118.401519, 33.9491327], [-118.4015366, 33.9491383], [-118.4015774, 33.9491566], [-118.401608, 33.9491803], [-118.4016347, 33.9492075], [-118.4016514, 33.9492306], [-118.4016665, 33.949258], [-118.4016782, 33.9492941], [-118.4016916, 33.9493863], [-118.4016981, 33.9494305], [-118.4017114, 33.9495078], [-118.4017473, 33.9497513], [-118.4018104, 33.9501869], [-118.4019094, 33.9508596], [-118.4019768, 33.951342], [-118.4020419, 33.9517251], [-118.4020668, 33.9517866], [-118.4020976, 33.9518375], [-118.4021251, 33.9518717], [-118.4021903, 33.9519325], [-118.4022674, 33.9519946], [-118.4023163, 33.9520225], [-118.4024169, 33.9520654]]}}, {"type": "Feature", "properties": {"aeroway": "taxiway", "ref": null, "name": null, "surface": null, "id": 727201627}, "geometry": {"type": "LineString", "coordinates": [[-118.4011531, 33.9502542], [-118.4010759, 33.950248], [-118.4010193, 33.9502406], [-118.4009634, 33.9502316], [-118.4009088, 33.9502133], [-118.4008529, 33.950185], [-118.400817, 33.9501608], [-118.4007822, 33.9501305], [-118.4007541, 33.9500926], [-118.4007276, 33.9500491], [-118.4007073, 33.9499939]]}}, {"type": "Feature", "properties": {"aeroway": "taxiway", "ref": "E7", "name": null, "surface": null, "id": 727201628}, "geometry": {"type": "LineString", "coordinates": [[-118.4006286, 33.9494864], [-118.4006327, 33.9494488], [-118.4006399, 33.9494148], [-118.4006683, 33.9493396], [-118.4007274, 33.9491913]]}}, {"type": "Feature", "properties": {"aeroway": "taxiway", "ref": null, "name": null, "surface": null, "id": 760885810}, "geometry": {"type": "LineString", "coordinates": [[-118.431003, 33.9487586], [-118.4309914, 33.9488318], [-118.4309787, 33.9488826], [-118.4309472, 33.9489432], [-118.4309093, 33.948996], [-118.4308559, 33.9490472], [-118.4308098, 33.949088], [-118.4307181, 33.9491296], [-118.430675, 33.9491486], [-118.4306141, 33.9491669], [-118.4305409, 33.9491833]]}}, {"type": "Feature", "properties": {"aeroway": "taxiway", "ref": "M", "name": null, "surface": null, "id": 803590463}, "geometry": {"type": "LineString", "coordinates": [[-118.4171402, 33.9460933], [-118.4171209, 33.9459666], [-118.4171153, 33.9459282], [-118.4168368, 33.9440289], [-118.4167356, 33.9433539], [-118.4167337, 33.9433037], [-118.416544, 33.9420869]]}}, {"type": "Feature", "properties": {"aeroway": "taxiway", "ref": null, "name": null, "surface": null, "id": 803590464}, "geometry": {"type": "LineString", "coordinates": [[-118.4172365, 33.943609], [-118.4171356, 33.9436348], [-118.4170763, 33.9436598], [-118.4170009, 33.9437083], [-118.4169193, 33.9437866], [-118.4168629, 33.9438918], [-118.4168395, 33.9439701], [-118.4168368, 33.9440289]]}}, {"type": "Feature", "properties": {"aeroway": "taxiway", "ref": null, "name": null, "surface": null, "id": 803590465}, "geometry": {"type": "LineString", "coordinates": [[-118.4173194, 33.9436022], [-118.4173986, 33.9436029], [-118.4175166, 33.9436296], [-118.4176046, 33.9436763], [-118.4177256, 33.9437675], [-118.4177863, 33.9438453], [-118.4178187, 33.9439175]]}}, {"type": "Feature", "properties": {"aeroway": "taxiway", "ref": null, "name": null, "surface": null, "id": 803590466}, "geometry": {"type": "LineString", "coordinates": [[-118.417712, 33.9431905], [-118.4176972, 33.9432866], [-118.4176688, 33.9433537], [-118.4176347, 33.9434065], [-118.4176025, 33.9434493], [-118.417568, 33.9434772], [-118.417531, 33.9435077], [-118.4174612, 33.9435531], [-118.4173932, 33.9435815], [-118.4173194, 33.9436022]]}}, {"type": "Feature", "properties": {"aeroway": "terminal", "ref": null, "name": "Midfield Satellite Concourse", "surface": null, "id": 831597425}, "geometry": {"type": "Polygon", "coordinates": [[[-118.4149946, 33.9448464], [-118.4150744, 33.9448379], [-118.4151235, 33.9451787], [-118.415038, 33.9451885], [-118.4150448, 33.9452462], [-118.415063, 33.9452453], [-118.4150647, 33.9452533], [-118.4150864, 33.9454224], [-118.4150904, 33.9454441], [-118.4150967, 33.945501], [-118.4151696, 33.9454933], [-118.4152223, 33.9458426], [-118.4152434, 33.9458405], [-118.4152456, 33.9458536], [-118.4156372, 33.945813], [-118.4156348, 33.9458003], [-118.4156548, 33.9457982], [-118.4156469, 33.9457493], [-118.4156426, 33.9457202], [-118.4155792, 33.9452832], [-118.4156505, 33.9452766], [-118.4156135, 33.9450224], [-118.4155415, 33.9450293], [-118.4155032, 33.9447674], [-118.4155731, 33.9447598], [-118.4155474, 33.9445909], [-118.415534, 33.944481], [-118.4155267, 33.9444499], [-118.4154567, 33.9444559], [-118.4154294, 33.9442709], [-118.4154129, 33.9442721], [-118.4153971, 33.9441642], [-118.4154136, 33.9441624], [-118.4153981, 33.9440548], [-118.4154672, 33.9440478], [-118.4154351, 33.9438273], [-118.4154321, 33.9438049], [-118.4154307, 33.9437949], [-118.4153587, 33.9438022], [-118.4153552, 33.943779], [-118.4153465, 33.9437794], [-118.41533, 33.9436746], [-118.4153408, 33.9436732], [-118.4152985, 33.9433975], [-118.4153673, 33.9433911], [-118.4153498, 33.9432778], [-118.4153386, 33.9431686], [-118.4153311, 33.9431413], [-118.4152632, 33.9431479], [-118.4152115, 33.9427977], [-118.415195, 33.9427992], [-118.4151786, 33.9426956], [-118.4153665, 33.9426758], [-118.415343, 33.9425197], [-118.4152717, 33.9420365], [-118.4152482, 33.9418763], [-118.4150565, 33.941895], [-118.4150416, 33.9417905], [-118.41506, 33.9417888], [-118.4150006, 33.9413845], [-118.4149822, 33.9413863], [-118.4149689, 33.9412891], [-118.414816, 33.9413046], [-118.4146813, 33.9413185], [-118.4146282, 33.9413238], [-118.4145912, 33.9413274], [-118.4145781, 33.9413295], [-118.4145894, 33.9413933], [-118.4145018, 33.9414031], [-118.4145072, 33.9414475], [-118.4145256, 33.941571], [-118.4145285, 33.9415955], [-118.4145392, 33.9416516], [-118.41461, 33.9416441], [-118.4146367, 33.9418293], [-118.4146538, 33.941828], [-118.4146622, 33.9418878], [-118.4146691, 33.9419389], [-118.4143844, 33.9419687], [-118.4144087, 33.9421315], [-118.4144189, 33.942193], [-118.4144034, 33.9421955], [-118.4144521, 33.9425392], [-118.414469, 33.9425387], [-118.4144777, 33.9426003], [-118.4145008, 33.9427612], [-118.4146063, 33.9427548], [-118.4146721, 33.942748], [-118.414788, 33.9427354], [-118.4147966, 33.9428051], [-118.4148018, 33.9428403], [-118.4147802, 33.9428426], [-118.414833, 33.9431526], [-118.4148381, 33.9432247], [-118.4148587, 33.9432236], [-118.4148644, 33.9432755], [-118.4147764, 33.9432855], [-118.4147951, 33.9434147], [-118.4148001, 33.9434546], [-118.4148031, 33.9434725], [-118.4148093, 33.9435087], [-118.4148134, 33.943532], [-118.4148806, 33.9435258], [-118.4149096, 33.9437154], [-118.4149212, 33.9437148], [-118.414936, 33.943821], [-118.4149265, 33.943823], [-118.4149418, 33.9439305], [-118.4148732, 33.9439374], [-118.4148982, 33.9441035], [-118.4149019, 33.9441306], [-118.4149099, 33.9441884], [-118.4149795, 33.944181], [-118.4149828, 33.9442068], [-118.4149994, 33.9442055], [-118.4150152, 33.944313], [-118.4149971, 33.9443153], [-118.4150278, 33.944515], [-118.4149432, 33.9445234], [-118.4149745, 33.944724], [-118.4149843, 33.9447612], [-118.4149866, 33.9447862], [-118.4149892, 33.9448139], [-118.4149946, 33.9448464]]]}}, {"type": "Feature", "properties": {"aeroway": "taxiway", "ref": "Y", "name": null, "surface": null, "id": 835886330}, "geometry": {"type": "LineString", "coordinates": [[-118.4270541, 33.9415148], [-118.4269936, 33.9411023]]}}, {"type": "Feature", "properties": {"aeroway": "taxiway", "ref": "Y", "name": null, "surface": null, "id": 835886331}, "geometry": {"type": "LineString", "coordinates": [[-118.4269936, 33.9411023], [-118.4269481, 33.9407893], [-118.4264463, 33.9373134], [-118.4264409, 33.9372857], [-118.4264313, 33.9372171], [-118.4263875, 33.9369099], [-118.4263411, 33.9365846]]}}, {"type": "Feature", "properties": {"aeroway": "taxiway", "ref": "E7", "name": null, "surface": null, "id": 857253597}, "geometry": {"type": "LineString", "coordinates": [[-118.4006683, 33.9493396], [-118.4006892, 33.9493094], [-118.4007157, 33.94928], [-118.400749, 33.9492489], [-118.4007872, 33.9492236], [-118.4008234, 33.9492039], [-118.4008623, 33.9491849], [-118.4008805, 33.9491763]]}}, {"type": "Feature", "properties": {"aeroway": "taxiway", "ref": null, "name": null, "surface": null, "id": 857253598}, "geometry": {"type": "LineString", "coordinates": [[-118.4023211, 33.9482825], [-118.4023969, 33.9482538], [-118.4024431, 33.9482302], [-118.4024851, 33.9482046], [-118.4025382, 33.9481624], [-118.4025755, 33.9481236], [-118.402607, 33.9480812], [-118.4026323, 33.9480306], [-118.4026563, 33.9479645], [-118.4026668, 33.9479112]]}}, {"type": "Feature", "properties": {"aeroway": "taxiway", "ref": null, "name": null, "surface": null, "id": 857253599}, "geometry": {"type": "LineString", "coordinates": [[-118.4029112, 33.9485315], [-118.4028971, 33.9485045], [-118.4028178, 33.9484175], [-118.4027106, 33.9483419], [-118.4026362, 33.9483095], [-118.4025764, 33.9482929], [-118.4025077, 33.9482792], [-118.4024531, 33.9482774], [-118.4023081, 33.9482852]]}}, {"type": "Feature", "properties": {"aeroway": "taxiway", "ref": null, "name": null, "surface": null, "id": 857253600}, "geometry": {"type": "LineString", "coordinates": [[-118.403295, 33.9481097], [-118.4031846, 33.9481449], [-118.4031125, 33.9481835], [-118.4030579, 33.9482209], [-118.4030165, 33.9482643], [-118.4029739, 33.9483162], [-118.4029315, 33.9484009], [-118.4029094, 33.9485002]]}}, {"type": "Feature", "properties": {"aeroway": "taxiway", "ref": null, "name": null, "surface": null, "id": 857253601}, "geometry": {"type": "LineString", "coordinates": [[-118.4026541, 33.9478073], [-118.4027077, 33.9479137], [-118.4027356, 33.9479474], [-118.4028018, 33.9480126], [-118.4028595, 33.9480485], [-118.4029225, 33.9480816], [-118.4029994, 33.9481044], [-118.4030587, 33.9481172], [-118.4031605, 33.9481262]]}}, {"type": "Feature", "properties": {"aeroway": "taxiway", "ref": "D8", "name": null, "surface": null, "id": 857253602}, "geometry": {"type": "LineString", "coordinates": [[-118.4029242, 33.9486026], [-118.4029788, 33.9487179], [-118.4030995, 33.9488336], [-118.4032443, 33.9488937], [-118.403451, 33.9489103]]}}, {"type": "Feature", "properties": {"aeroway": "taxiway", "ref": null, "name": null, "surface": null, "id": 857253603}, "geometry": {"type": "LineString", "coordinates": [[-118.4093181, 33.9486767], [-118.4093071, 33.9486542], [-118.4092703, 33.9485849], [-118.4092046, 33.9485025], [-118.4090942, 33.948422], [-118.4089409, 33.9483728], [-118.4087667, 33.9483689]]}}, {"type": "Feature", "properties": {"aeroway": "taxiway", "ref": null, "name": null, "surface": null, "id": 857253604}, "geometry": {"type": "LineString", "coordinates": [[-118.4093181, 33.9486767], [-118.4093228, 33.9486524], [-118.4093351, 33.9485888], [-118.4093601, 33.9485181], [-118.4093848, 33.9484736], [-118.4094455, 33.9484057], [-118.40949, 33.948365], [-118.4095671, 33.948321], [-118.4096941, 33.9482749]]}}, {"type": "Feature", "properties": {"aeroway": "taxiway", "ref": "E10", "name": null, "surface": null, "id": 857253605}, "geometry": {"type": "LineString", "coordinates": [[-118.4093181, 33.9486767], [-118.4093149, 33.9486531], [-118.409264, 33.9483191]]}}, {"type": "Feature", "properties": {"aeroway": "taxiway", "ref": null, "name": null, "surface": null, "id": 857253606}, "geometry": {"type": "LineString", "coordinates": [[-118.4107156, 33.9485457], [-118.4107215, 33.9485086], [-118.4107271, 33.9484542], [-118.4107409, 33.9484051], [-118.4107675, 33.948347], [-118.4108094, 33.9482872], [-118.4108358, 33.948263], [-118.4108617, 33.9482408], [-118.4108947, 33.9482158], [-118.4109258, 33.9481955], [-118.4109631, 33.9481747], [-118.4110839, 33.9481341]]}}, {"type": "Feature", "properties": {"aeroway": "taxiway", "ref": "T", "name": null, "surface": null, "id": 857253607}, "geometry": {"type": "LineString", "coordinates": [[-118.4115438, 33.9511301], [-118.4114375, 33.9511107], [-118.4113293, 33.9510835], [-118.4112777, 33.9510645], [-118.4112105, 33.9510196], [-118.4111335, 33.9509509], [-118.4110908, 33.9508932], [-118.411043, 33.9507803], [-118.4109886, 33.9504182], [-118.4109536, 33.9501726], [-118.410921, 33.9499439], [-118.4109204, 33.9499398], [-118.4108188, 33.949264], [-118.4107831, 33.9490192], [-118.4107156, 33.9485457]]}}, {"type": "Feature", "properties": {"aeroway": "taxiway", "ref": null, "name": null, "surface": null, "id": 857253608}, "geometry": {"type": "LineString", "coordinates": [[-118.4277106, 33.9458685], [-118.4277015, 33.9459345], [-118.4276805, 33.9460162], [-118.4276494, 33.9460836], [-118.4276089, 33.9461424], [-118.4275559, 33.9461991], [-118.4274932, 33.9462452], [-118.4274351, 33.9462796], [-118.4273733, 33.9463049], [-118.4272965, 33.9463305]]}}, {"type": "Feature", "properties": {"aeroway": "taxiway", "ref": null, "name": null, "surface": null, "id": 857253609}, "geometry": {"type": "LineString", "coordinates": [[-118.4282581, 33.9462329], [-118.4281202, 33.9462127], [-118.4280541, 33.9461989], [-118.4279964, 33.9461739], [-118.4279123, 33.9461333], [-118.427842, 33.9460767], [-118.427807, 33.9460406], [-118.4277839, 33.946005], [-118.4277622, 33.9459774], [-118.4277408, 33.9459389], [-118.4277106, 33.9458685]]}}, {"type": "Feature", "properties": {"aeroway": "taxiway", "ref": null, "name": null, "surface": null, "id": 857253610}, "geometry": {"type": "LineString", "coordinates": [[-118.42722, 33.9463403], [-118.4272873, 33.9463411], [-118.4273393, 33.9463462], [-118.427443, 33.9463638], [-118.4275499, 33.9464065], [-118.427604, 33.9464418], [-118.4276638, 33.9464833], [-118.4277147, 33.9465327], [-118.4277571, 33.9465915], [-118.4277862, 33.9466494], [-118.427799, 33.9466812]]}}, {"type": "Feature", "properties": {"aeroway": "hangar", "ref": null, "name": "Delta", "surface": null, "id": 857253612}, "geometry": {"type": "Polygon", "coordinates": [[[-118.4287334, 33.9403515], [-118.4277288, 33.9404482], [-118.4276161, 33.9396427], [-118.4286207, 33.939546], [-118.4287334, 33.9403515]]]}}, {"type": "Feature", "properties": {"aeroway": "taxiway", "ref": "B3", "name": null, "surface": null, "id": 857253615}, "geometry": {"type": "LineString", "coordinates": [[-118.3899961, 33.9394368], [-118.3900244, 33.939508], [-118.3900897, 33.9395987], [-118.3901521, 33.9396557], [-118.3901852, 33.9396777], [-118.390215, 33.9396932], [-118.390249, 33.9397094], [-118.3902857, 33.9397237], [-118.3903241, 33.9397351], [-118.3903654, 33.9397485], [-118.3904607, 33.9397618]]}}, {"type": "Feature", "properties": {"aeroway": "taxiway", "ref": "B3", "name": null, "surface": null, "id": 857253616}, "geometry": {"type": "LineString", "coordinates": [[-118.3896496, 33.9398419], [-118.3897288, 33.9398113], [-118.3898265, 33.9397544], [-118.3898821, 33.9397094], [-118.3899137, 33.9396728], [-118.3899464, 33.9396268], [-118.3899544, 33.9396127], [-118.3899701, 33.9395771], [-118.3899961, 33.9394368]]}}, {"type": "Feature", "properties": {"aeroway": "taxiway", "ref": "C3", "name": null, "surface": null, "id": 857253617}, "geometry": {"type": "LineString", "coordinates": [[-118.3901568, 33.9405288], [-118.3901074, 33.9401719], [-118.3900476, 33.9398035]]}}, {"type": "Feature", "properties": {"aeroway": "taxiway", "ref": "C3", "name": null, "surface": null, "id": 857253618}, "geometry": {"type": "LineString", "coordinates": [[-118.3905349, 33.9397542], [-118.3904795, 33.9397728], [-118.3904162, 33.9397939], [-118.3903659, 33.9398193], [-118.3902859, 33.9398786], [-118.3902347, 33.9399334], [-118.3901074, 33.9401719], [-118.390021, 33.9403137], [-118.3899352, 33.940445], [-118.3898574, 33.9405095], [-118.3897043, 33.940577]]}}, {"type": "Feature", "properties": {"aeroway": "taxiway", "ref": null, "name": null, "surface": null, "id": 857253619}, "geometry": {"type": "LineString", "coordinates": [[-118.3910648, 33.9405282], [-118.390979, 33.9405614], [-118.3908927, 33.9406185], [-118.3908418, 33.9406899], [-118.3908089, 33.9407668], [-118.3908021, 33.9408386]]}}, {"type": "Feature", "properties": {"aeroway": "taxiway", "ref": null, "name": null, "surface": null, "id": 857253620}, "geometry": {"type": "LineString", "coordinates": [[-118.3908021, 33.9408386], [-118.3907757, 33.9407592], [-118.3907476, 33.9407096], [-118.3907004, 33.9406565], [-118.3906525, 33.9406165], [-118.3905592, 33.9405712], [-118.3905148, 33.9405568]]}}, {"type": "Feature", "properties": {"aeroway": "taxiway", "ref": "C3", "name": null, "surface": null, "id": 857253622}, "geometry": {"type": "LineString", "coordinates": [[-118.390691, 33.9405621], [-118.3905758, 33.9405451], [-118.3905092, 33.9405251], [-118.3903644, 33.9404494], [-118.3902141, 33.9402959], [-118.3901074, 33.9401719], [-118.3899191, 33.9399666], [-118.3898564, 33.9399271], [-118.3897802, 33.9398923], [-118.3897057, 33.9398726], [-118.3896415, 33.9398602], [-118.3895612, 33.9398549]]}}, {"type": "Feature", "properties": {"aeroway": "terminal", "ref": null, "name": null, "surface": null, "id": 857253623}, "geometry": {"type": "Polygon", "coordinates": [[[-118.4034698, 33.9427681], [-118.4030422, 33.9428135], [-118.4029824, 33.9428198], [-118.402929, 33.9428255], [-118.4029172, 33.9428268], [-118.4028695, 33.9424304], [-118.4031492, 33.9424063], [-118.403419, 33.9423797], [-118.4034698, 33.9427681]]]}}, {"type": "Feature", "properties": {"aeroway": "apron", "ref": null, "name": null, "surface": null, "id": 857253627}, "geometry": {"type": "Polygon", "coordinates": [[[-118.411347, 33.9456241], [-118.4115544, 33.9455622], [-118.4119833, 33.9455777], [-118.4120349, 33.9458875], [-118.4125332, 33.9458406], [-118.4123279, 33.9444656], [-118.4121784, 33.9434567], [-118.4118502, 33.9434703], [-118.4118058, 33.9434484], [-118.4117774, 33.9434081], [-118.4116653, 33.9434221], [-118.4109481, 33.9436065], [-118.4109106, 33.9435106], [-118.4108095, 33.9435373], [-118.4108535, 33.9436566], [-118.4109591, 33.9439645], [-118.4108165, 33.9440002], [-118.4108665, 33.944258], [-118.4108524, 33.94426], [-118.4108646, 33.9443598], [-118.4110168, 33.944378], [-118.4111234, 33.9443902], [-118.411138, 33.9444794], [-118.4111101, 33.9444768], [-118.4111141, 33.9445083], [-118.410896, 33.9444859], [-118.4109179, 33.9446114], [-118.4109031, 33.9446125], [-118.4109416, 33.944839], [-118.4109777, 33.9448431], [-118.4111475, 33.9448619], [-118.4111963, 33.9448673], [-118.4112098, 33.9449579], [-118.4111772, 33.9449537], [-118.4111834, 33.9449858], [-118.4109565, 33.9449636], [-118.4110182, 33.9452928], [-118.4110059, 33.9452944], [-118.4110428, 33.9455193], [-118.4110798, 33.9455235], [-118.4111831, 33.9455347], [-118.411331, 33.9455525], [-118.411347, 33.9456241]]]}}, {"type": "Feature", "properties": {"aeroway": "terminal", "ref": null, "name": null, "surface": null, "id": 857253634}, "geometry": {"type": "Polygon", "coordinates": [[[-118.4031683, 33.9453897], [-118.4030752, 33.9453995], [-118.4030561, 33.9454015], [-118.4025068, 33.9454573], [-118.4018688, 33.9455226], [-118.4018949, 33.945689], [-118.4019185, 33.9458396], [-118.4019709, 33.9458334], [-118.4022618, 33.9459737], [-118.4022838, 33.9459571], [-118.4025317, 33.9457597], [-118.4031786, 33.9456907], [-118.4031652, 33.945603], [-118.4031552, 33.945535], [-118.4031906, 33.9455314], [-118.4031683, 33.9453897]]]}}, {"type": "Feature", "properties": {"aeroway": "taxiway", "ref": "P", "name": null, "surface": null, "id": 857253637}, "geometry": {"type": "LineString", "coordinates": [[-118.4191476, 33.9456795], [-118.4189043, 33.9439754], [-118.4188802, 33.9438622], [-118.4188471, 33.9436351], [-118.4187687, 33.9430996], [-118.4187414, 33.942919], [-118.4180622, 33.9383014], [-118.4180373, 33.9381299], [-118.418024, 33.9380431], [-118.4179849, 33.9377732], [-118.4179336, 33.9374253], [-118.4179285, 33.9373874], [-118.4179209, 33.9373382], [-118.4179171, 33.9373132], [-118.4179361, 33.9372007], [-118.4179726, 33.937127], [-118.4180271, 33.9370594], [-118.4180601, 33.9370259], [-118.4181267, 33.9369768], [-118.4182049, 33.9369433], [-118.4182701, 33.9369171]]}}, {"type": "Feature", "properties": {"aeroway": "taxiway", "ref": null, "name": null, "surface": null, "id": 869928615}, "geometry": {"type": "LineString", "coordinates": [[-118.4172365, 33.943609], [-118.4170997, 33.9435978], [-118.417027, 33.9435767], [-118.4169653, 33.9435538], [-118.4169044, 33.9435177], [-118.4168579, 33.9434836], [-118.4167902, 33.9434205], [-118.4167501, 33.9433447], [-118.4167337, 33.9433037]]}}, {"type": "Feature", "properties": {"aeroway": "taxiway", "ref": "A5", "name": null, "surface": null, "id": 869928621}, "geometry": {"type": "LineString", "coordinates": [[-118.393849, 33.9348771], [-118.3938283, 33.9349053], [-118.393802, 33.9349343], [-118.3937805, 33.9349532], [-118.3937526, 33.9349733], [-118.3937247, 33.9349879], [-118.3936898, 33.9350071], [-118.3936702, 33.9350142], [-118.3936422, 33.9350243]]}}, {"type": "Feature", "properties": {"aeroway": "parking_position", "ref": "A3", "name": "FedEx Ramp", "surface": null, "id": 869928622}, "geometry": {"type": "LineString", "coordinates": [[-118.3878803, 33.9350542], [-118.3878598, 33.9349075], [-118.3878776, 33.9348341], [-118.3879366, 33.9347665], [-118.3879992, 33.9347301], [-118.3880732, 33.9347113], [-118.3893691, 33.9345779]]}}, {"type": "Feature", "properties": {"aeroway": "taxiway", "ref": "A2", "name": null, "surface": null, "id": 869928623}, "geometry": {"type": "LineString", "coordinates": [[-118.3855198, 33.9358517], [-118.3854178, 33.9358467], [-118.3853458, 33.9358273], [-118.3852805, 33.9357995], [-118.3852176, 33.9357622], [-118.3851645, 33.9357133], [-118.3851238, 33.9356608], [-118.3850959, 33.9356115], [-118.3850773, 33.9355666]]}}, {"type": "Feature", "properties": {"aeroway": "taxiway", "ref": "A2", "name": null, "surface": null, "id": 869928624}, "geometry": {"type": "LineString", "coordinates": [[-118.3850773, 33.9355666], [-118.3850769, 33.9356417], [-118.3850672, 33.9356914], [-118.3850343, 33.9357502], [-118.3849895, 33.9358045], [-118.3849386, 33.9358489], [-118.3848944, 33.9358766], [-118.3848466, 33.9359033], [-118.3847961, 33.9359249]]}}, {"type": "Feature", "properties": {"aeroway": "taxiway", "ref": "F", "name": null, "surface": null, "id": 869928625}, "geometry": {"type": "LineString", "coordinates": [[-118.3832248, 33.9360857], [-118.3831314, 33.9361121], [-118.383054, 33.9361446], [-118.3829778, 33.936191], [-118.3829328, 33.9362268], [-118.3829116, 33.9362487], [-118.382856, 33.9363148], [-118.382812, 33.9363904], [-118.3827868, 33.9364608], [-118.3827755, 33.9365431]]}}, {"type": "Feature", "properties": {"aeroway": "taxiway", "ref": "B2", "name": null, "surface": null, "id": 869928626}, "geometry": {"type": "LineString", "coordinates": [[-118.3882035, 33.9396262], [-118.3882309, 33.939684], [-118.388262, 33.9397334], [-118.3882907, 33.93977], [-118.3883087, 33.9397884], [-118.3883362, 33.9398151], [-118.3883892, 33.9398547], [-118.3884396, 33.9398822], [-118.3884915, 33.9399045], [-118.3885503, 33.9399224], [-118.3886013, 33.9399327], [-118.3886473, 33.9399379], [-118.3886771, 33.9399387]]}}, {"type": "Feature", "properties": {"aeroway": "taxiway", "ref": "B2", "name": null, "surface": null, "id": 869928627}, "geometry": {"type": "LineString", "coordinates": [[-118.3882035, 33.9396262], [-118.3882022, 33.939668], [-118.3881938, 33.9397105], [-118.3881814, 33.9397521], [-118.388159, 33.9398016], [-118.38813, 33.9398445], [-118.3880955, 33.9398842], [-118.3880664, 33.9399119], [-118.3880363, 33.9399354], [-118.388001, 33.9399599], [-118.3879664, 33.9399784], [-118.3879225, 33.9399981], [-118.3878895, 33.9400107], [-118.3878562, 33.9400213]]}}, {"type": "Feature", "properties": {"aeroway": "taxiway", "ref": null, "name": null, "surface": null, "id": 869928628}, "geometry": {"type": "LineString", "coordinates": [[-118.3883722, 33.9382572], [-118.3883128, 33.9383266], [-118.3882738, 33.9384065], [-118.388265, 33.9384961], [-118.3882739, 33.9386447], [-118.3882916, 33.9387134], [-118.3883497, 33.9388008], [-118.3884652, 33.9388819], [-118.3885615, 33.9389247], [-118.3886854, 33.9389439], [-118.3888626, 33.9389543]]}}, {"type": "Feature", "properties": {"aeroway": "taxiway", "ref": null, "name": null, "surface": null, "id": 869928629}, "geometry": {"type": "LineString", "coordinates": [[-118.3880744, 33.9386921], [-118.3880621, 33.9387465], [-118.3880494, 33.9387824], [-118.3880356, 33.9388118], [-118.3880169, 33.9388486], [-118.3879916, 33.9388832], [-118.3879523, 33.9389266], [-118.3879138, 33.9389601], [-118.387864, 33.9389939], [-118.3878034, 33.9390253], [-118.3877479, 33.939045], [-118.3876868, 33.9390714]]}}, {"type": "Feature", "properties": {"aeroway": "taxiway", "ref": null, "name": null, "surface": null, "id": 869928630}, "geometry": {"type": "LineString", "coordinates": [[-118.3886467, 33.9389791], [-118.3885184, 33.9390115], [-118.3884569, 33.9390333], [-118.3883999, 33.9390595], [-118.3883527, 33.9390886], [-118.3883141, 33.9391189], [-118.3882888, 33.9391473], [-118.3882593, 33.939186], [-118.3882228, 33.9392443], [-118.3882025, 33.9392886], [-118.3881883, 33.9393349], [-118.3881781, 33.9393876], [-118.3881737, 33.939425]]}}, {"type": "Feature", "properties": {"aeroway": "taxiway", "ref": null, "name": null, "surface": null, "id": 869928631}, "geometry": {"type": "LineString", "coordinates": [[-118.3881737, 33.939425], [-118.3881546, 33.9393629], [-118.3881304, 33.9393103], [-118.3880917, 33.9392567], [-118.3880369, 33.9392059], [-118.3879867, 33.9391706], [-118.3879412, 33.9391458], [-118.3878914, 33.9391256], [-118.3878205, 33.9391053], [-118.3877446, 33.9390892], [-118.3876868, 33.9390714]]}}, {"type": "Feature", "properties": {"aeroway": "taxiway", "ref": null, "name": null, "surface": null, "id": 869928632}, "geometry": {"type": "LineString", "coordinates": [[-118.3837496, 33.9404396], [-118.3836684, 33.9404673], [-118.3836231, 33.9404849], [-118.3835688, 33.9405171], [-118.383511, 33.9405617], [-118.3834803, 33.940596], [-118.3834496, 33.9406373], [-118.3834287, 33.9406784], [-118.3834136, 33.9407196], [-118.3834064, 33.9407589], [-118.3834016, 33.9408155]]}}, {"type": "Feature", "properties": {"aeroway": "taxiway", "ref": null, "name": null, "surface": null, "id": 869928633}, "geometry": {"type": "LineString", "coordinates": [[-118.3837496, 33.9404396], [-118.3836627, 33.9404419], [-118.3836159, 33.9404351], [-118.383566, 33.9404199], [-118.3835182, 33.9404009], [-118.3834789, 33.9403808], [-118.3834383, 33.9403523], [-118.3834067, 33.9403255], [-118.3833785, 33.9402958], [-118.3833718, 33.940287], [-118.3833476, 33.940252], [-118.3833251, 33.9402144], [-118.3832998, 33.940163]]}}, {"type": "Feature", "properties": {"aeroway": "taxiway", "ref": null, "name": null, "surface": null, "id": 869928634}, "geometry": {"type": "LineString", "coordinates": [[-118.3833035, 33.940204], [-118.3832956, 33.9402496], [-118.3832776, 33.9402981], [-118.3832758, 33.9403054], [-118.383254, 33.940347], [-118.3832244, 33.9403848], [-118.3831945, 33.9404163], [-118.3831613, 33.9404423], [-118.3831361, 33.9404604], [-118.3830928, 33.9404854], [-118.383051, 33.940502], [-118.3830027, 33.9405164]]}}, {"type": "Feature", "properties": {"aeroway": "taxiway", "ref": null, "name": null, "surface": null, "id": 869928635}, "geometry": {"type": "LineString", "coordinates": [[-118.3836508, 33.9394896], [-118.3835675, 33.9395159], [-118.383499, 33.9395484], [-118.383424, 33.9396018], [-118.3833605, 33.9396601], [-118.3833156, 33.9397173], [-118.3832841, 33.9397864], [-118.3832742, 33.9398404], [-118.3832689, 33.9398881], [-118.383268, 33.939933]]}}, {"type": "Feature", "properties": {"aeroway": "taxiway", "ref": null, "name": null, "surface": null, "id": 869928636}, "geometry": {"type": "LineString", "coordinates": [[-118.3836508, 33.9394896], [-118.3835934, 33.9394887], [-118.3835516, 33.939484], [-118.3835014, 33.9394727], [-118.3834417, 33.9394538], [-118.3833809, 33.939425], [-118.3833303, 33.9393938], [-118.3832891, 33.9393627], [-118.3832472, 33.9393207], [-118.3832189, 33.939282], [-118.3831912, 33.9392356], [-118.3831535, 33.9391444]]}}, {"type": "Feature", "properties": {"aeroway": "taxiway", "ref": null, "name": null, "surface": null, "id": 869928638}, "geometry": {"type": "LineString", "coordinates": [[-118.391332, 33.9362672], [-118.3914032, 33.9363256], [-118.3914416, 33.9363521], [-118.3915164, 33.9363915], [-118.3916063, 33.9364197], [-118.3916931, 33.9364313], [-118.3917922, 33.9364343], [-118.391876, 33.9364316]]}}, {"type": "Feature", "properties": {"aeroway": "taxiway", "ref": "F", "name": null, "surface": null, "id": 869928639}, "geometry": {"type": "LineString", "coordinates": [[-118.3828284, 33.9369248], [-118.382849, 33.9369808], [-118.3828937, 33.9370507], [-118.3829489, 33.9371181], [-118.3830126, 33.9371691], [-118.383077, 33.9372094], [-118.3831602, 33.9372456], [-118.3832453, 33.9372691], [-118.3833182, 33.9372807], [-118.3833954, 33.937285], [-118.3835332, 33.937284]]}}, {"type": "Feature", "properties": {"aeroway": "taxiway", "ref": "F", "name": null, "surface": null, "id": 869928640}, "geometry": {"type": "LineString", "coordinates": [[-118.3835332, 33.937284], [-118.3833156, 33.9373228], [-118.3832458, 33.9373477], [-118.3831607, 33.9373987], [-118.3830961, 33.9374499], [-118.3830427, 33.9375121], [-118.3830048, 33.9375734], [-118.3829841, 33.9376194], [-118.3829633, 33.9376885], [-118.3829559, 33.937744], [-118.382954, 33.9377964]]}}, {"type": "Feature", "properties": {"aeroway": "taxiway", "ref": "A4", "name": null, "surface": null, "id": 869928643}, "geometry": {"type": "LineString", "coordinates": [[-118.3915215, 33.9364678], [-118.391332, 33.9362672], [-118.3910717, 33.9359732]]}}, {"type": "Feature", "properties": {"aeroway": "taxiway", "ref": "A4", "name": null, "surface": null, "id": 869928644}, "geometry": {"type": "LineString", "coordinates": [[-118.3910717, 33.9359732], [-118.390955, 33.9358467], [-118.3908842, 33.9357663], [-118.3908393, 33.9357176], [-118.3907157, 33.9355801], [-118.3906404, 33.9354991], [-118.3906043, 33.9354685], [-118.3905725, 33.9354491], [-118.3905411, 33.9354298], [-118.3904942, 33.9354062], [-118.3904467, 33.9353891], [-118.3904005, 33.9353784], [-118.3903514, 33.9353706], [-118.3903097, 33.9353678], [-118.3902438, 33.9353684]]}}, {"type": "Feature", "properties": {"aeroway": "taxiway", "ref": "A4", "name": null, "surface": null, "id": 869928645}, "geometry": {"type": "LineString", "coordinates": [[-118.391423, 33.9352454], [-118.3913458, 33.9352673], [-118.3912756, 33.9352923], [-118.39122, 33.9353205], [-118.3911632, 33.9353548], [-118.3911188, 33.9353908], [-118.3910999, 33.9354069], [-118.3910697, 33.9354436], [-118.3910318, 33.9355025], [-118.3910036, 33.935559], [-118.3909813, 33.9356223], [-118.3909754, 33.9356548], [-118.3909724, 33.9357008], [-118.390974, 33.9357557], [-118.3909823, 33.9358003], [-118.3909949, 33.9358358], [-118.3910083, 33.9358683], [-118.3910368, 33.9359205], [-118.3910717, 33.9359732]]}}, {"type": "Feature", "properties": {"aeroway": "taxiway", "ref": "B13", "name": null, "surface": null, "id": 872785971}, "geometry": {"type": "LineString", "coordinates": [[-118.4148414, 33.9375508], [-118.4148566, 33.9376518], [-118.414883, 33.9378295]]}}, {"type": "Feature", "properties": {"aeroway": "taxiway", "ref": "C", "name": null, "surface": null, "id": 872785972}, "geometry": {"type": "LineString", "coordinates": [[-118.4264409, 33.9372857], [-118.4264117, 33.9372303], [-118.4263745, 33.9371748], [-118.4263038, 33.9371026], [-118.4262326, 33.9370533], [-118.4261597, 33.9370144], [-118.426047, 33.9369776], [-118.4259364, 33.9369558], [-118.4257532, 33.9369744], [-118.4250697, 33.9370449], [-118.4238937, 33.9371663], [-118.423721, 33.9371841], [-118.422962, 33.9372572], [-118.422589, 33.9372952], [-118.422206, 33.9373342], [-118.4218508, 33.9373702], [-118.4215594, 33.9374026], [-118.4213508, 33.9374258], [-118.4204673, 33.9375104], [-118.4200963, 33.9375558], [-118.4200305, 33.9375638], [-118.4196682, 33.9376019], [-118.4192563, 33.9376381], [-118.4189779, 33.9376662], [-118.418691, 33.9376971], [-118.418434, 33.9377248], [-118.4183171, 33.9377374], [-118.4179849, 33.9377732], [-118.4175527, 33.9378161], [-118.4175494, 33.9378164], [-118.417372, 33.937836], [-118.4173429, 33.9378392], [-118.4169277, 33.9378814], [-118.416517, 33.9379244], [-118.415697, 33.9380075], [-118.4151982, 33.9380581], [-118.4150313, 33.9380715], [-118.414943, 33.9380786], [-118.414902, 33.9380828], [-118.4146685, 33.9381059], [-118.4140938, 33.9381727], [-118.4136767, 33.9382138], [-118.4130403, 33.9382813], [-118.4130068, 33.9382806], [-118.4125847, 33.9383243], [-118.4121542, 33.9383696], [-118.4121347, 33.9383722], [-118.4120519, 33.9383809], [-118.4120224, 33.9383845], [-118.4116049, 33.9384261], [-118.4111408, 33.9384751], [-118.4111217, 33.938476], [-118.4108305, 33.9385056], [-118.4092599, 33.938666], [-118.408506, 33.9387436], [-118.4079001, 33.9388029], [-118.4077406, 33.9388218], [-118.4075135, 33.9388457]]}}, {"type": "Feature", "properties": {"aeroway": "taxiway", "ref": "C10", "name": null, "surface": null, "id": 872785973}, "geometry": {"type": "LineString", "coordinates": [[-118.4079001, 33.9388029], [-118.4078377, 33.9387981], [-118.4077799, 33.938789], [-118.4077265, 33.9387753], [-118.4076657, 33.9387542], [-118.4076146, 33.9387286], [-118.4075567, 33.9386968]]}}, {"type": "Feature", "properties": {"aeroway": "taxiway", "ref": "C6", "name": null, "surface": null, "id": 872785975}, "geometry": {"type": "LineString", "coordinates": [[-118.3983359, 33.9397753], [-118.3982816, 33.9397736], [-118.3982484, 33.9397628], [-118.3982108, 33.9397461], [-118.398182, 33.9397207], [-118.3981479, 33.9396797]]}}, {"type": "Feature", "properties": {"aeroway": "taxiway", "ref": null, "name": null, "surface": null, "id": 872785976}, "geometry": {"type": "LineString", "coordinates": [[-118.3985689, 33.9397528], [-118.398519, 33.9397697], [-118.3984558, 33.9397993], [-118.3983969, 33.9398357], [-118.3983376, 33.9398944], [-118.3983041, 33.9399431], [-118.3982735, 33.9400037], [-118.3982468, 33.9400744], [-118.398245, 33.9400989], [-118.3982397, 33.9401468]]}}, {"type": "Feature", "properties": {"aeroway": "taxiway", "ref": null, "name": null, "surface": null, "id": 872785977}, "geometry": {"type": "LineString", "coordinates": [[-118.3982397, 33.9401468], [-118.3982051, 33.9400805], [-118.3981702, 33.9400261], [-118.3981342, 33.9399873], [-118.3980855, 33.9399457], [-118.3980483, 33.9399213], [-118.3980041, 33.9398967], [-118.3979483, 33.939874], [-118.3978945, 33.9398599], [-118.3978419, 33.9398494], [-118.3977784, 33.9398427], [-118.3976803, 33.9398427]]}}, {"type": "Feature", "properties": {"aeroway": "taxiway", "ref": "C6", "name": null, "surface": null, "id": 872785978}, "geometry": {"type": "LineString", "coordinates": [[-118.3976803, 33.9398427], [-118.3977833, 33.9398151], [-118.3978561, 33.9397887], [-118.3979116, 33.9397557], [-118.3979615, 33.9397146], [-118.3980092, 33.9396665], [-118.3980504, 33.9396125], [-118.3980776, 33.9395706], [-118.3980894, 33.9395004], [-118.3980911, 33.9394355], [-118.3980857, 33.9393954], [-118.3980653, 33.9392452], [-118.3980626, 33.9391448], [-118.3980646, 33.939049], [-118.3980777, 33.9389833]]}}, {"type": "Feature", "properties": {"aeroway": "taxiway", "ref": null, "name": null, "surface": null, "id": 872785984}, "geometry": {"type": "LineString", "coordinates": [[-118.422449, 33.9364873], [-118.422398, 33.9365031], [-118.4223549, 33.9365209], [-118.4223092, 33.9365474], [-118.4222628, 33.9365823], [-118.4222266, 33.936616], [-118.4221915, 33.9366593], [-118.4221637, 33.9367076], [-118.4221481, 33.9367518], [-118.4221387, 33.9367915], [-118.4221356, 33.9368265]]}}, {"type": "Feature", "properties": {"aeroway": "taxiway", "ref": null, "name": null, "surface": null, "id": 872785985}, "geometry": {"type": "LineString", "coordinates": [[-118.4221356, 33.9368265], [-118.4220961, 33.9367547], [-118.4220593, 33.9367082], [-118.422008, 33.9366618], [-118.4219586, 33.9366284], [-118.4218997, 33.9365996], [-118.4218559, 33.9365845], [-118.4218086, 33.9365729], [-118.4217613, 33.9365651], [-118.421707, 33.9365628]]}}, {"type": "Feature", "properties": {"aeroway": "taxiway", "ref": null, "name": null, "surface": null, "id": 872785986}, "geometry": {"type": "LineString", "coordinates": [[-118.421707, 33.9365628], [-118.4217465, 33.9365521], [-118.4217887, 33.9365369], [-118.4218361, 33.9365155], [-118.4218685, 33.9364975], [-118.4219001, 33.9364765], [-118.4219301, 33.9364525], [-118.4219546, 33.9364266], [-118.421976, 33.9363998], [-118.4219943, 33.9363704], [-118.422014, 33.9363373], [-118.4220291, 33.9362913], [-118.4220362, 33.936251], [-118.4220405, 33.9361854]]}}, {"type": "Feature", "properties": {"aeroway": "taxiway", "ref": null, "name": null, "surface": null, "id": 872785987}, "geometry": {"type": "LineString", "coordinates": [[-118.4220405, 33.9361854], [-118.422055, 33.9362432], [-118.4220707, 33.9362751], [-118.4220932, 33.9363098], [-118.422106, 33.9363278], [-118.4221114, 33.9363336], [-118.4221341, 33.9363585], [-118.4221607, 33.9363827], [-118.4221901, 33.9364047], [-118.4222241, 33.9364243], [-118.4222575, 33.9364416], [-118.4222946, 33.9364559], [-118.4223311, 33.9364679], [-118.4223699, 33.9364757], [-118.422449, 33.9364873]]}}, {"type": "Feature", "properties": {"aeroway": "taxiway", "ref": null, "name": null, "surface": null, "id": 872785988}, "geometry": {"type": "LineString", "coordinates": [[-118.422589, 33.9372952], [-118.4225194, 33.9372918], [-118.4224642, 33.9372825], [-118.4224101, 33.9372689], [-118.4223502, 33.9372413], [-118.4222968, 33.9372081], [-118.4222432, 33.9371617], [-118.4221997, 33.9371053], [-118.4221637, 33.9370356]]}}, {"type": "Feature", "properties": {"aeroway": "taxiway", "ref": null, "name": null, "surface": null, "id": 872785989}, "geometry": {"type": "LineString", "coordinates": [[-118.4221637, 33.9370356], [-118.4221535, 33.9370901], [-118.4221339, 33.9371438], [-118.4221085, 33.9371914], [-118.4220713, 33.9372418], [-118.4220319, 33.9372814], [-118.4219826, 33.9373153], [-118.4219289, 33.9373452], [-118.4218896, 33.93736], [-118.4218508, 33.9373702]]}}, {"type": "Feature", "properties": {"aeroway": "taxiway", "ref": "D", "name": null, "surface": null, "id": 872785990}, "geometry": {"type": "LineString", "coordinates": [[-118.4133695, 33.9468819], [-118.4132958, 33.9468914], [-118.4132797, 33.9468928], [-118.4128563, 33.9469344], [-118.4125839, 33.946968], [-118.4124824, 33.9469851], [-118.4122655, 33.9470503], [-118.4115548, 33.947256], [-118.4114841, 33.9472702], [-118.4099922, 33.9474215], [-118.409645, 33.9474587], [-118.409247, 33.9474943], [-118.4090938, 33.9475118], [-118.4087745, 33.9475474]]}}, {"type": "Feature", "properties": {"aeroway": "taxiway", "ref": "D10", "name": null, "surface": null, "id": 872785991}, "geometry": {"type": "LineString", "coordinates": [[-118.409152, 33.9471431], [-118.4091685, 33.9472554], [-118.4091698, 33.9473067], [-118.4091536, 33.9473912], [-118.4091375, 33.9474351], [-118.4090938, 33.9475118], [-118.4090329, 33.9475801]]}}, {"type": "Feature", "properties": {"aeroway": "taxiway", "ref": null, "name": null, "surface": null, "id": 872785992}, "geometry": {"type": "LineString", "coordinates": [[-118.4063679, 33.9477877], [-118.4062838, 33.9478151], [-118.4062108, 33.9478461], [-118.406147, 33.9478843], [-118.4060903, 33.9479326], [-118.4060449, 33.9479882], [-118.4060122, 33.9480446], [-118.4059909, 33.9481028], [-118.4059809, 33.948156], [-118.4059792, 33.9482013]]}}, {"type": "Feature", "properties": {"aeroway": "taxiway", "ref": null, "name": null, "surface": null, "id": 872785993}, "geometry": {"type": "LineString", "coordinates": [[-118.4059792, 33.9482013], [-118.4059425, 33.9481235], [-118.4059194, 33.9480853], [-118.4058738, 33.9480337], [-118.4058216, 33.9479846], [-118.4057636, 33.9479464], [-118.4057035, 33.947921], [-118.405637, 33.9478999], [-118.4055765, 33.9478877], [-118.4054968, 33.9478803]]}}, {"type": "Feature", "properties": {"aeroway": "apron", "ref": null, "name": null, "surface": "asphalt", "id": 894943300}, "geometry": {"type": "Polygon", "coordinates": [[[-118.4163462, 33.9463186], [-118.4146067, 33.9464956], [-118.4141984, 33.9464433], [-118.4141134, 33.9462623], [-118.4139686, 33.9462757], [-118.4139171, 33.9461466], [-118.4130871, 33.9406367], [-118.413577, 33.940595], [-118.4136432, 33.9405785], [-118.4137183, 33.9406808], [-118.4139463, 33.9406586], [-118.4141665, 33.9408663], [-118.4147, 33.9410258], [-118.4149844, 33.9410057], [-118.4152113, 33.9411433], [-118.4152392, 33.9413573], [-118.4154242, 33.941473], [-118.4154684, 33.9419157], [-118.4156538, 33.9420236], [-118.4164067, 33.9419566], [-118.4167168, 33.9440443], [-118.4168133, 33.9447776], [-118.4169243, 33.94586], [-118.4169006, 33.9459862], [-118.416851, 33.9462581], [-118.4167668, 33.9461737], [-118.4164431, 33.946286], [-118.4163462, 33.9463186]]]}}, {"type": "Feature", "properties": {"aeroway": "hangar", "ref": null, "name": null, "surface": null, "id": 911401122}, "geometry": {"type": "Polygon", "coordinates": [[[-118.3997593, 33.9329209], [-118.3996735, 33.9323323], [-118.3999839, 33.9321933], [-118.3999991, 33.9323031], [-118.4002548, 33.9322773], [-118.4002584, 33.932302], [-118.4003221, 33.9322956], [-118.4003992, 33.9328237], [-118.4003273, 33.932831], [-118.400332, 33.9328634], [-118.3997593, 33.9329209]]]}}, {"type": "Feature", "properties": {"aeroway": "terminal", "ref": "3", "name": "Terminal 3", "surface": null, "id": 983655042}, "geometry": {"type": "Polygon", "coordinates": [[[-118.4068638, 33.9467937], [-118.4068534, 33.9467013], [-118.4068205, 33.9464816], [-118.406808, 33.9463822], [-118.4069999, 33.9463649], [-118.4069774, 33.946221], [-118.4069034, 33.9457243], [-118.4068604, 33.9456959], [-118.4068281, 33.9456744], [-118.406596, 33.9455195], [-118.4065156, 33.9455259], [-118.406417, 33.945464], [-118.4058432, 33.9455231], [-118.4050279, 33.9456072], [-118.4050251, 33.9455942], [-118.4049639, 33.9451968], [-118.4050017, 33.9451933], [-118.4050492, 33.9451889], [-118.4050991, 33.9451837], [-118.4052144, 33.9451717], [-118.4053882, 33.9451544], [-118.406333, 33.9450574], [-118.406443, 33.9450456], [-118.4065186, 33.9450374], [-118.4066718, 33.9450211], [-118.4067799, 33.9450091], [-118.4073988, 33.9449392], [-118.4074094, 33.945025], [-118.4074169, 33.9450837], [-118.4074276, 33.945193], [-118.4074915, 33.9456211], [-118.4075194, 33.9458063], [-118.4075419, 33.9459549], [-118.407594, 33.9462998], [-118.407765, 33.9462821], [-118.4078992, 33.9462682], [-118.4079176, 33.9463954], [-118.4079497, 33.9466093], [-118.4079609, 33.9466786], [-118.4077885, 33.9466964], [-118.4075378, 33.9467215], [-118.4072212, 33.9467551], [-118.407013, 33.9467768], [-118.4068638, 33.9467937]]]}}, {"type": "Feature", "properties": {"aeroway": "hangar", "ref": null, "name": "UAL", "surface": null, "id": 983655044}, "geometry": {"type": "Polygon", "coordinates": [[[-118.3871099, 33.9425319], [-118.3871144, 33.943428], [-118.3885172, 33.9434232], [-118.3885221, 33.9444137], [-118.3889506, 33.9444122], [-118.3889484, 33.94397], [-118.3897816, 33.9439671], [-118.3897803, 33.9437201], [-118.3889566, 33.943723], [-118.3889558, 33.9435687], [-118.3896951, 33.9435662], [-118.3896929, 33.9432134], [-118.3896926, 33.9430648], [-118.3895235, 33.9430654], [-118.3895208, 33.9425236], [-118.3871099, 33.9425319]]]}}, {"type": "Feature", "properties": {"aeroway": "taxiway", "ref": "N2", "name": null, "surface": null, "id": 1006548037}, "geometry": {"type": "LineString", "coordinates": [[-118.4188802, 33.9438622], [-118.418852, 33.9437701], [-118.4188304, 33.9437239], [-118.4187644, 33.9436446], [-118.4186916, 33.9435804], [-118.4186165, 33.9435407], [-118.4185377, 33.9435103], [-118.4184467, 33.9434949], [-118.4183725, 33.9434924], [-118.4182024, 33.9435115], [-118.4181758, 33.9435145], [-118.4177532, 33.943562], [-118.4173194, 33.9436022], [-118.4172365, 33.943609]]}}, {"type": "Feature", "properties": {"aeroway": "taxiway", "ref": null, "name": null, "surface": null, "id": 1006548039}, "geometry": {"type": "LineString", "coordinates": [[-118.4131398, 33.9449188], [-118.4131736, 33.944901], [-118.4132383, 33.9448757], [-118.4133092, 33.9448359], [-118.4133798, 33.9447801], [-118.4134439, 33.9446946], [-118.4134745, 33.9446178], [-118.4134955, 33.9445156]]}}, {"type": "Feature", "properties": {"aeroway": "taxiway", "ref": "K3", "name": null, "surface": null, "id": 1006548040}, "geometry": {"type": "LineString", "coordinates": [[-118.4131398, 33.9449188], [-118.4129547, 33.9449407]]}}, {"type": "Feature", "properties": {"aeroway": "taxiway", "ref": null, "name": null, "surface": null, "id": 1006548041}, "geometry": {"type": "LineString", "coordinates": [[-118.4122756, 33.9429909], [-118.4122841, 33.9429187], [-118.4123049, 33.9428427], [-118.4123378, 33.9427821], [-118.4123838, 33.9427239], [-118.4124339, 33.9426782], [-118.4125135, 33.9426228], [-118.4126146, 33.942585]]}}, {"type": "Feature", "properties": {"aeroway": "taxiway", "ref": "K2", "name": null, "surface": null, "id": 1006548042}, "geometry": {"type": "LineString", "coordinates": [[-118.4126146, 33.942585], [-118.4128015, 33.9425634]]}}, {"type": "Feature", "properties": {"aeroway": "taxiway", "ref": "K1", "name": null, "surface": null, "id": 1006548043}, "geometry": {"type": "LineString", "coordinates": [[-118.4122869, 33.9404873], [-118.4125, 33.9404654]]}}, {"type": "Feature", "properties": {"aeroway": "taxiway", "ref": null, "name": null, "surface": null, "id": 1006548044}, "geometry": {"type": "LineString", "coordinates": [[-118.4118556, 33.9401524], [-118.4118706, 33.9401941], [-118.4118899, 33.9402445], [-118.4119253, 33.9402966], [-118.4119696, 33.9403428], [-118.4120218, 33.9403854], [-118.4120678, 33.9404141], [-118.4121182, 33.9404361], [-118.4121766, 33.9404559], [-118.4122385, 33.9404691], [-118.4122424, 33.9404697], [-118.4122869, 33.9404873]]}}, {"type": "Feature", "properties": {"aeroway": "taxiway", "ref": null, "name": null, "surface": null, "id": 1006548045}, "geometry": {"type": "LineString", "coordinates": [[-118.4119689, 33.9409028], [-118.4119691, 33.9408523], [-118.4119755, 33.9408016], [-118.4119952, 33.940737], [-118.4120235, 33.9406849], [-118.4120598, 33.9406379], [-118.4120917, 33.9406071], [-118.4121501, 33.9405601], [-118.4122102, 33.9405242], [-118.4122695, 33.9405007], [-118.4122869, 33.9404873]]}}, {"type": "Feature", "properties": {"aeroway": "taxiway", "ref": null, "name": null, "surface": null, "id": 1006548046}, "geometry": {"type": "LineString", "coordinates": [[-118.4125, 33.9404654], [-118.4125314, 33.9404716], [-118.4126004, 33.9404858], [-118.4126654, 33.9405067], [-118.4127158, 33.9405309], [-118.412778, 33.9405671], [-118.4128284, 33.9406065], [-118.4128692, 33.94065], [-118.4128954, 33.9406846], [-118.412917, 33.9407225], [-118.4129499, 33.9407884]]}}, {"type": "Feature", "properties": {"aeroway": "taxiway", "ref": null, "name": null, "surface": null, "id": 1006548047}, "geometry": {"type": "LineString", "coordinates": [[-118.4125, 33.9404654], [-118.4125178, 33.9404519], [-118.4125674, 33.9404294], [-118.4126314, 33.940394], [-118.4126848, 33.9403626], [-118.4127372, 33.9403094], [-118.4127712, 33.940266], [-118.4128042, 33.9402112], [-118.4128226, 33.9401516], [-118.4128412, 33.9400669]]}}, {"type": "Feature", "properties": {"aeroway": "runway", "ref": "07L/25R", "name": null, "surface": null, "id": 1074461039}, "geometry": {"type": "LineString", "coordinates": [[-118.3797944, 33.9398827], [-118.379921, 33.9398706], [-118.379934, 33.9398693], [-118.3802884, 33.9398328], [-118.3829392, 33.9395625]]}}, {"type": "Feature", "properties": {"aeroway": "parking_position", "ref": "33", "name": null, "surface": null, "id": 1088092635}, "geometry": {"type": "LineString", "coordinates": [[-118.4069774, 33.946221], [-118.4067132, 33.9461806], [-118.4065342, 33.9461892]]}}, {"type": "Feature", "properties": {"aeroway": "parking_position", "ref": "31A", "name": null, "surface": null, "id": 1088092636}, "geometry": {"type": "LineString", "coordinates": [[-118.4068604, 33.9456959], [-118.4067308, 33.9456984], [-118.4065545, 33.9458191]]}}, {"type": "Feature", "properties": {"aeroway": "parking_position", "ref": "31B", "name": null, "surface": null, "id": 1088092637}, "geometry": {"type": "LineString", "coordinates": [[-118.4068281, 33.9456744], [-118.4067158, 33.9456659], [-118.4066089, 33.9455732], [-118.40644, 33.9455961]]}}, {"type": "Feature", "properties": {"aeroway": "parking_position", "ref": null, "name": null, "surface": null, "id": 1094671228}, "geometry": {"type": "LineString", "coordinates": [[-118.3879067, 33.9352282], [-118.3879355, 33.9353021], [-118.3879748, 33.9353632], [-118.388036, 33.93543], [-118.3880983, 33.9354776], [-118.3881749, 33.9355142], [-118.388284, 33.9355499], [-118.3883638, 33.9355606]]}}, {"type": "Feature", "properties": {"aeroway": "parking_position", "ref": "A3", "name": "FedEx Ramp", "surface": null, "id": 1094671229}, "geometry": {"type": "LineString", "coordinates": [[-118.3878598, 33.9349075], [-118.3878217, 33.9348425], [-118.3877665, 33.9348051], [-118.3877001, 33.9347676], [-118.3876073, 33.9347635], [-118.3871606, 33.9348053], [-118.3863649, 33.93488]]}}, {"type": "Feature", "properties": {"aeroway": "parking_position", "ref": null, "name": null, "surface": null, "id": 1094671230}, "geometry": {"type": "LineString", "coordinates": [[-118.3885629, 33.9351732], [-118.3885501, 33.9352565], [-118.3885263, 33.9353345], [-118.3884674, 33.9354188], [-118.3884072, 33.9354833], [-118.3883395, 33.9355238], [-118.3882307, 33.9355721]]}}, {"type": "Feature", "properties": {"aeroway": "parking_position", "ref": null, "name": null, "surface": null, "id": 1094671231}, "geometry": {"type": "LineString", "coordinates": [[-118.3892092, 33.935095], [-118.3891994, 33.9351737], [-118.3891832, 33.9352437], [-118.3891419, 33.9353146], [-118.3890944, 33.9353716], [-118.3890391, 33.9354198], [-118.3889682, 33.9354643], [-118.3888983, 33.9354926], [-118.3888605, 33.9355067]]}}, {"type": "Feature", "properties": {"aeroway": "parking_position", "ref": null, "name": null, "surface": null, "id": 1094671232}, "geometry": {"type": "LineString", "coordinates": [[-118.3915471, 33.9348286], [-118.3915453, 33.9348963], [-118.3915259, 33.9349838], [-118.3915013, 33.9350552], [-118.3914378, 33.9351342], [-118.3913784, 33.9351835], [-118.3912934, 33.9352294], [-118.3912018, 33.9352693]]}}, {"type": "Feature", "properties": {"aeroway": "parking_position", "ref": null, "name": null, "surface": null, "id": 1094671233}, "geometry": {"type": "LineString", "coordinates": [[-118.3923309, 33.9347587], [-118.3923627, 33.9348478], [-118.3923955, 33.9349014], [-118.3924508, 33.9349736], [-118.3925112, 33.9350161], [-118.3925819, 33.9350611], [-118.392628, 33.9350764], [-118.3927141, 33.9351002], [-118.3927812, 33.9351056]]}}, {"type": "Feature", "properties": {"aeroway": "parking_position", "ref": null, "name": null, "surface": null, "id": 1094671234}, "geometry": {"type": "LineString", "coordinates": [[-118.3933805, 33.9347747], [-118.3933788, 33.9348453], [-118.3933665, 33.9348963], [-118.3933419, 33.9349456], [-118.393302, 33.9349847], [-118.3932702, 33.9350136], [-118.393218, 33.9350441], [-118.3931447, 33.9350736]]}}, {"type": "Feature", "properties": {"aeroway": "taxiway", "ref": "G", "name": null, "surface": null, "id": 1094671238}, "geometry": {"type": "LineString", "coordinates": [[-118.3937181, 33.937058], [-118.3936955, 33.9371204], [-118.3936582, 33.9371946], [-118.3936031, 33.9372585], [-118.3935252, 33.9373166], [-118.3934595, 33.9373546], [-118.3933706, 33.9373873]]}}, {"type": "Feature", "properties": {"aeroway": "taxiway", "ref": "G", "name": null, "surface": null, "id": 1094671239}, "geometry": {"type": "LineString", "coordinates": [[-118.3940606, 33.9380593], [-118.3939219, 33.937997], [-118.3938707, 33.9379631], [-118.3938132, 33.9379094], [-118.3937506, 33.9378224], [-118.3937174, 33.9377568]]}}, {"type": "Feature", "properties": {"aeroway": "taxiway", "ref": "G", "name": null, "surface": null, "id": 1094671240}, "geometry": {"type": "LineString", "coordinates": [[-118.3937168, 33.9380789], [-118.393755, 33.9381415], [-118.3938193, 33.938224], [-118.3938596, 33.9382716], [-118.3939324, 33.9383236], [-118.394031, 33.9383698], [-118.3941296, 33.9383883], [-118.3942613, 33.938397]]}}, {"type": "Feature", "properties": {"aeroway": "taxiway", "ref": null, "name": null, "surface": null, "id": 1094671241}, "geometry": {"type": "LineString", "coordinates": [[-118.3937216, 33.9388764], [-118.3936992, 33.9387985], [-118.3936516, 33.9387195], [-118.3935864, 33.9386515], [-118.3935115, 33.9386021], [-118.3934065, 33.9385557], [-118.3933301, 33.9385382], [-118.3932299, 33.9385254], [-118.3930942, 33.9385184]]}}, {"type": "Feature", "properties": {"aeroway": "taxiway", "ref": null, "name": null, "surface": null, "id": 1094671242}, "geometry": {"type": "LineString", "coordinates": [[-118.3937293, 33.9390398], [-118.3937244, 33.9391123], [-118.3937055, 33.9391698], [-118.3936775, 33.9392331], [-118.3936719, 33.9392459], [-118.3935864, 33.9393476], [-118.3935304, 33.9393941], [-118.3934569, 33.9394313], [-118.3933649, 33.9394623]]}}, {"type": "Feature", "properties": {"aeroway": "taxiway", "ref": null, "name": null, "surface": null, "id": 1094671243}, "geometry": {"type": "LineString", "coordinates": [[-118.3937225, 33.9387944], [-118.3937422, 33.938736], [-118.3937541, 33.9386732], [-118.3937868, 33.9386226], [-118.3938395, 33.9385689], [-118.3939003, 33.9385122], [-118.3939667, 33.9384732], [-118.3940386, 33.9384476], [-118.3942613, 33.938397]]}}, {"type": "Feature", "properties": {"aeroway": "taxiway", "ref": "G", "name": null, "surface": null, "id": 1094671244}, "geometry": {"type": "LineString", "coordinates": [[-118.3937158, 33.9381195], [-118.3936743, 33.9382338], [-118.3936284, 33.9383088], [-118.3935732, 33.9383647], [-118.3935136, 33.9384092], [-118.3934309, 33.9384524], [-118.3932652, 33.9384979]]}}, {"type": "Feature", "properties": {"aeroway": "taxiway", "ref": "C9", "name": null, "surface": null, "id": 1094671245}, "geometry": {"type": "LineString", "coordinates": [[-118.4055037, 33.9390509], [-118.4054652, 33.9390655], [-118.4054304, 33.9390855], [-118.4054035, 33.9391158], [-118.4053805, 33.9391474], [-118.4053596, 33.9392151], [-118.4053359, 33.9391598], [-118.405301, 33.9391296], [-118.4052699, 33.9391086], [-118.4052136, 33.9390922], [-118.4051666, 33.9390819]]}}, {"type": "Feature", "properties": {"aeroway": "taxiway", "ref": null, "name": null, "surface": null, "id": 1094671246}, "geometry": {"type": "LineString", "coordinates": [[-118.4181758, 33.9435145], [-118.4181274, 33.9435288], [-118.4180648, 33.9435568], [-118.4180065, 33.9435915], [-118.4179463, 33.9436363], [-118.4179089, 33.9436735], [-118.4178739, 33.9437208], [-118.4178444, 33.9437789], [-118.4178334, 33.9438156], [-118.417826, 33.9438492], [-118.4178187, 33.9439175]]}}, {"type": "Feature", "properties": {"aeroway": "taxiway", "ref": null, "name": null, "surface": null, "id": 1094671247}, "geometry": {"type": "LineString", "coordinates": [[-118.4182024, 33.9435115], [-118.4181323, 33.9435034], [-118.4180863, 33.9434977], [-118.4180089, 33.9434774], [-118.417923, 33.9434422], [-118.4178616, 33.9433984], [-118.4177744, 33.943318], [-118.417745, 33.9432696], [-118.4177135, 33.9432036]]}}, {"type": "Feature", "properties": {"aeroway": "taxiway", "ref": null, "name": null, "surface": null, "id": 1094671249}, "geometry": {"type": "LineString", "coordinates": [[-118.4088554, 33.9479747], [-118.4088509, 33.9480267], [-118.4088444, 33.9480739], [-118.4088311, 33.9481165], [-118.4088002, 33.9481775], [-118.4087607, 33.9482317], [-118.4087122, 33.948284], [-118.4086763, 33.9483133], [-118.4086172, 33.9483475], [-118.40855, 33.9483775], [-118.4084688, 33.9484015]]}}, {"type": "Feature", "properties": {"aeroway": "taxiway", "ref": "D9", "name": null, "surface": null, "id": 1094671250}, "geometry": {"type": "LineString", "coordinates": [[-118.4060461, 33.9486481], [-118.4059825, 33.9482289], [-118.4059792, 33.9482013], [-118.4058616, 33.947845]]}}, {"type": "Feature", "properties": {"aeroway": "taxiway", "ref": "D9", "name": null, "surface": null, "id": 1094671251}, "geometry": {"type": "LineString", "coordinates": [[-118.4059882, 33.9478307], [-118.4059386, 33.9478206], [-118.4058546, 33.9477909], [-118.4057892, 33.9477555], [-118.4057581, 33.9477353], [-118.4057259, 33.9477144], [-118.4056736, 33.9476441], [-118.4056384, 33.947575], [-118.4056254, 33.9475253], [-118.4056116, 33.9474528], [-118.4054401, 33.9462595]]}}, {"type": "Feature", "properties": {"aeroway": "taxiway", "ref": "D9", "name": null, "surface": null, "id": 1094671252}, "geometry": {"type": "LineString", "coordinates": [[-118.4058616, 33.947845], [-118.4058421, 33.947814], [-118.4058077, 33.9477757], [-118.4057892, 33.9477555]]}}, {"type": "Feature", "properties": {"aeroway": "taxiway", "ref": null, "name": null, "surface": null, "id": 1094671253}, "geometry": {"type": "LineString", "coordinates": [[-118.4056254, 33.9475253], [-118.4056279, 33.9475718], [-118.4056197, 33.9476426], [-118.4055956, 33.9476992], [-118.4055646, 33.9477517], [-118.405524, 33.94779], [-118.4054765, 33.9478288], [-118.4054308, 33.9478552], [-118.4054062, 33.9478694], [-118.4053425, 33.9478955]]}}, {"type": "Feature", "properties": {"aeroway": "taxiway", "ref": "R", "name": null, "surface": null, "id": 1094671254}, "geometry": {"type": "LineString", "coordinates": [[-118.4020419, 33.9517251], [-118.4020873, 33.9520991]]}}, {"type": "Feature", "properties": {"aeroway": "taxiway", "ref": null, "name": null, "surface": null, "id": 1094671255}, "geometry": {"type": "LineString", "coordinates": [[-118.411043, 33.9507803], [-118.4110433, 33.9508279], [-118.411031, 33.9509], [-118.4110056, 33.9509625], [-118.4109679, 33.9510277], [-118.4109016, 33.9510937], [-118.4108294, 33.951146], [-118.410758, 33.9511803], [-118.410624, 33.9512243]]}}, {"type": "Feature", "properties": {"aeroway": "taxiway", "ref": null, "name": null, "surface": null, "id": 1094671256}, "geometry": {"type": "LineString", "coordinates": [[-118.4107831, 33.9490192], [-118.410764, 33.9490968], [-118.4107458, 33.9491409], [-118.4107051, 33.9491861], [-118.4106695, 33.9492229], [-118.4106106, 33.9492577], [-118.4105629, 33.9492743], [-118.4104712, 33.9492996]]}}, {"type": "Feature", "properties": {"aeroway": "taxiway", "ref": null, "name": null, "surface": null, "id": 1094671257}, "geometry": {"type": "LineString", "coordinates": [[-118.4107831, 33.9490192], [-118.4108266, 33.9490983], [-118.4108597, 33.9491352], [-118.4109035, 33.9491658], [-118.4109555, 33.9491964], [-118.4110124, 33.9492146], [-118.4110873, 33.9492365]]}}, {"type": "Feature", "properties": {"aeroway": "taxiway", "ref": null, "name": null, "surface": null, "id": 1094671265}, "geometry": {"type": "LineString", "coordinates": [[-118.4263411, 33.9365846], [-118.4263297, 33.9364874], [-118.426291, 33.9363932], [-118.4262582, 33.9363347], [-118.4262067, 33.9362788], [-118.4261436, 33.9362327], [-118.4261033, 33.9362099], [-118.4260462, 33.9361857], [-118.4260047, 33.9361675], [-118.4258365, 33.9361442]]}}, {"type": "Feature", "properties": {"aeroway": "taxiway", "ref": null, "name": null, "surface": null, "id": 1094671266}, "geometry": {"type": "LineString", "coordinates": [[-118.4266345, 33.9362024], [-118.4265339, 33.9362438], [-118.4264939, 33.93627], [-118.4264384, 33.9363137], [-118.4264232, 33.9363318], [-118.4263911, 33.9363767], [-118.4263574, 33.9364395], [-118.426345, 33.93649], [-118.4263411, 33.9365846]]}}, {"type": "Feature", "properties": {"aeroway": "taxiway", "ref": "C", "name": null, "surface": null, "id": 1094671267}, "geometry": {"type": "LineString", "coordinates": [[-118.4259364, 33.9369558], [-118.4263875, 33.9369099]]}}, {"type": "Feature", "properties": {"aeroway": "taxiway", "ref": null, "name": null, "surface": null, "id": 1094671268}, "geometry": {"type": "LineString", "coordinates": [[-118.4197374, 33.9367656], [-118.419647, 33.9367527], [-118.4195531, 33.9367223], [-118.4194989, 33.9366924], [-118.419454, 33.9366625], [-118.4193951, 33.9366048], [-118.4193727, 33.9365693], [-118.4193328, 33.9364891]]}}, {"type": "Feature", "properties": {"aeroway": "taxiway", "ref": null, "name": null, "surface": null, "id": 1094671269}, "geometry": {"type": "LineString", "coordinates": [[-118.4174311, 33.9370021], [-118.4175015, 33.9370075], [-118.41754, 33.9370141], [-118.4175899, 33.9370232], [-118.4176547, 33.9370499], [-118.417688, 33.9370641], [-118.4177288, 33.9370851], [-118.4177615, 33.9371065], [-118.4177982, 33.9371365], [-118.4178206, 33.9371594], [-118.4178453, 33.9371865], [-118.4178642, 33.9372122], [-118.4178785, 33.937237], [-118.4178935, 33.937267], [-118.4179171, 33.9373132]]}}, {"type": "Feature", "properties": {"aeroway": "taxiway", "ref": null, "name": null, "surface": null, "id": 1094671270}, "geometry": {"type": "LineString", "coordinates": [[-118.4187687, 33.9430996], [-118.4187613, 33.9431587], [-118.4187342, 33.9432315], [-118.4186911, 33.9433109], [-118.4186313, 33.9433731], [-118.4185363, 33.9434346], [-118.4184601, 33.9434703], [-118.4183725, 33.9434924]]}}, {"type": "Feature", "properties": {"aeroway": "taxiway", "ref": null, "name": null, "surface": null, "id": 1095040493}, "geometry": {"type": "LineString", "coordinates": [[-118.4192847, 33.9466203], [-118.4192541, 33.946567], [-118.4192172, 33.9465084], [-118.4191581, 33.9464471], [-118.4190932, 33.9464042], [-118.4190267, 33.9463715], [-118.4189585, 33.9463484], [-118.4188853, 33.9463324], [-118.4188279, 33.9463277], [-118.4187941, 33.9463261]]}}, {"type": "Feature", "properties": {"aeroway": "taxiway", "ref": null, "name": null, "surface": null, "id": 1095040494}, "geometry": {"type": "LineString", "coordinates": [[-118.4191821, 33.9459205], [-118.4191794, 33.9459921], [-118.4191573, 33.9460548], [-118.4191334, 33.9461079], [-118.4190924, 33.9461611], [-118.4190357, 33.9462121], [-118.418961, 33.9462619], [-118.4188748, 33.9463041], [-118.4188222, 33.9463212]]}}, {"type": "Feature", "properties": {"aeroway": "taxiway", "ref": null, "name": null, "surface": null, "id": 1095040495}, "geometry": {"type": "LineString", "coordinates": [[-118.4176529, 33.9464452], [-118.4175791, 33.9464409], [-118.4175204, 33.9464331], [-118.4174527, 33.9464156], [-118.4173748, 33.9463864], [-118.417331, 33.9463614], [-118.4172727, 33.9463205], [-118.4172375, 33.946289], [-118.417196, 33.9462325], [-118.4171627, 33.946166], [-118.4171402, 33.9460933]]}}, {"type": "Feature", "properties": {"aeroway": "taxiway", "ref": null, "name": null, "surface": null, "id": 1095040496}, "geometry": {"type": "LineString", "coordinates": [[-118.4171402, 33.9460933], [-118.4171412, 33.9461397], [-118.4171381, 33.9461949], [-118.4171299, 33.9462316], [-118.4171197, 33.9462656], [-118.4170931, 33.9463153], [-118.4170629, 33.9463608], [-118.4170289, 33.9463978], [-118.4169768, 33.9464416], [-118.4169279, 33.9464737], [-118.4168595, 33.9465065], [-118.4167684, 33.9465349]]}}, {"type": "Feature", "properties": {"aeroway": "taxiway", "ref": null, "name": null, "surface": null, "id": 1095040498}, "geometry": {"type": "LineString", "coordinates": [[-118.4129115, 33.9473135], [-118.4129125, 33.9472785], [-118.4129271, 33.9471969], [-118.4129438, 33.9471477], [-118.4129694, 33.9471043], [-118.4130039, 33.9470558], [-118.413056, 33.9470045], [-118.4130905, 33.9469776], [-118.4131609, 33.9469375], [-118.4132071, 33.9469168], [-118.4132797, 33.9468928]]}}, {"type": "Feature", "properties": {"aeroway": "taxiway", "ref": null, "name": null, "surface": null, "id": 1095040499}, "geometry": {"type": "LineString", "coordinates": [[-118.4128009, 33.9465637], [-118.4127908, 33.9466496], [-118.4127695, 33.9467137], [-118.4127442, 33.9467623], [-118.4127169, 33.9468071], [-118.4126809, 33.946854], [-118.4126005, 33.9469204], [-118.4125488, 33.946954], [-118.4124824, 33.9469851]]}}, {"type": "Feature", "properties": {"aeroway": "taxiway", "ref": null, "name": null, "surface": null, "id": 1095040503}, "geometry": {"type": "LineString", "coordinates": [[-118.4093892, 33.9491574], [-118.4093801, 33.949213], [-118.4093683, 33.9492549], [-118.4093502, 33.9492894], [-118.4093162, 33.9493278], [-118.4092634, 33.9493746], [-118.4092036, 33.9494047], [-118.4091177, 33.9494383]]}}, {"type": "Feature", "properties": {"aeroway": "taxiway", "ref": "E", "name": null, "surface": null, "id": 1095040505}, "geometry": {"type": "LineString", "coordinates": [[-118.4347145, 33.9457124], [-118.4344555, 33.9457371], [-118.434141, 33.9457551], [-118.4341267, 33.945756], [-118.4340469, 33.9457549], [-118.4339544, 33.9457612]]}}, {"type": "Feature", "properties": {"aeroway": "taxiway", "ref": null, "name": null, "surface": null, "id": 1095040506}, "geometry": {"type": "LineString", "coordinates": [[-118.434141, 33.9457551], [-118.4340938, 33.945751], [-118.4340484, 33.9457419], [-118.4339819, 33.9457229], [-118.4339473, 33.9457088]]}}, {"type": "Feature", "properties": {"aeroway": "taxiway", "ref": null, "name": null, "surface": null, "id": 1095040507}, "geometry": {"type": "LineString", "coordinates": [[-118.4332225, 33.9466451], [-118.4332633, 33.9467211], [-118.4333043, 33.9467741], [-118.4333704, 33.9468284], [-118.4334405, 33.94687], [-118.4335179, 33.9468983], [-118.4335834, 33.9469073], [-118.4337238, 33.9469175]]}}, {"type": "Feature", "properties": {"aeroway": "taxiway", "ref": null, "name": null, "surface": null, "id": 1095040509}, "geometry": {"type": "LineString", "coordinates": [[-118.419313, 33.9467877], [-118.4193041, 33.946866], [-118.4192823, 33.9469254], [-118.4192462, 33.9469933], [-118.4191896, 33.9470583], [-118.4191304, 33.9471041], [-118.419054, 33.9471499], [-118.4189694, 33.9471822]]}}, {"type": "Feature", "properties": {"aeroway": "taxiway", "ref": "Y", "name": null, "surface": null, "id": 1095040511}, "geometry": {"type": "LineString", "coordinates": [[-118.4278207, 33.9466797], [-118.4278128, 33.9466176], [-118.4277705, 33.9462823], [-118.4277106, 33.9458685], [-118.4277072, 33.9458553], [-118.4276999, 33.9458124], [-118.4276918, 33.9457583], [-118.4276488, 33.9454721], [-118.4276408, 33.9454105], [-118.4275638, 33.9449066], [-118.4275432, 33.9447692], [-118.4274467, 33.9441275], [-118.4273504, 33.9434871], [-118.4272545, 33.9428487], [-118.4272076, 33.9425366], [-118.4271492, 33.9421448], [-118.4270877, 33.9417222], [-118.4270541, 33.9415148]]}}, {"type": "Feature", "properties": {"aeroway": "taxiway", "ref": null, "name": null, "surface": null, "id": 1095040517}, "geometry": {"type": "LineString", "coordinates": [[-118.4180373, 33.9381299], [-118.418006, 33.9380616], [-118.417975, 33.9380188], [-118.4179246, 33.9379594], [-118.4178649, 33.9379085], [-118.4177835, 33.9378617], [-118.4176935, 33.9378343], [-118.4175494, 33.9378164]]}}, {"type": "Feature", "properties": {"aeroway": "taxiway", "ref": null, "name": null, "surface": null, "id": 1095040518}, "geometry": {"type": "LineString", "coordinates": [[-118.4179285, 33.9373874], [-118.4179268, 33.9374405], [-118.417919, 33.9374852], [-118.4179051, 33.9375372], [-118.4178817, 33.9375928], [-118.4178462, 33.9376428], [-118.4177944, 33.937693], [-118.4177382, 33.937736], [-118.4176698, 33.9377719], [-118.417597, 33.9378026], [-118.4175527, 33.9378161]]}}, {"type": "Feature", "properties": {"aeroway": "taxiway", "ref": null, "name": null, "surface": null, "id": 1095040519}, "geometry": {"type": "LineString", "coordinates": [[-118.4183171, 33.9377374], [-118.4182622, 33.9377531], [-118.4182159, 33.9377722], [-118.4181729, 33.937795], [-118.418141, 33.9378203], [-118.418117, 33.9378402], [-118.418092, 33.9378663], [-118.4180635, 33.937907], [-118.4180486, 33.9379447], [-118.4180334, 33.9379905], [-118.418024, 33.9380431]]}}, {"type": "Feature", "properties": {"aeroway": "taxiway", "ref": null, "name": null, "surface": null, "id": 1095040520}, "geometry": {"type": "LineString", "coordinates": [[-118.418434, 33.9377248], [-118.418357, 33.9377238], [-118.4182944, 33.9377127], [-118.4182266, 33.9376939], [-118.4181655, 33.9376691], [-118.4181133, 33.9376415], [-118.4180612, 33.937605], [-118.4179991, 33.9375416], [-118.4179554, 33.9374685], [-118.4179336, 33.9374253]]}}, {"type": "Feature", "properties": {"aeroway": "taxiway", "ref": null, "name": null, "surface": null, "id": 1095052064}, "geometry": {"type": "LineString", "coordinates": [[-118.3981789, 33.9343663], [-118.3981716, 33.9344191], [-118.3981513, 33.9344638], [-118.3981223, 33.9345038], [-118.3980832, 33.9345371], [-118.3980411, 33.9345598], [-118.3979929, 33.9345803]]}}, {"type": "Feature", "properties": {"aeroway": "taxiway", "ref": "H", "name": null, "surface": null, "id": 1095052067}, "geometry": {"type": "LineString", "coordinates": [[-118.4219612, 33.9355694], [-118.421918, 33.9352573], [-118.4218466, 33.9348698], [-118.4218365, 33.9348142], [-118.4218103, 33.9347342], [-118.4217473, 33.9346517], [-118.421675, 33.9345944], [-118.4215936, 33.9345546], [-118.4215135, 33.9345333], [-118.4214292, 33.9345186], [-118.4213404, 33.9345165], [-118.421238, 33.9345277], [-118.419975, 33.9346657], [-118.4195892, 33.934708], [-118.4194938, 33.9347184], [-118.4194773, 33.9347202], [-118.4193899, 33.9347299], [-118.41921, 33.9347467], [-118.4190358, 33.9347631], [-118.4186053, 33.9348082], [-118.4177141, 33.9349004], [-118.4155026, 33.9351262], [-118.4130668, 33.935375], [-118.4129502, 33.9353872], [-118.4128488, 33.9353955], [-118.4126351, 33.9354203], [-118.4125372, 33.9354308], [-118.4121246, 33.9354711], [-118.41126, 33.9355608], [-118.4102841, 33.9356593], [-118.4093696, 33.9357542], [-118.4088405, 33.9358091], [-118.4078696, 33.9359075], [-118.4075529, 33.9359439], [-118.4071578, 33.9359821]]}}, {"type": "Feature", "properties": {"aeroway": "taxiway", "ref": null, "name": null, "surface": null, "id": 1095052068}, "geometry": {"type": "LineString", "coordinates": [[-118.4095831, 33.9378068], [-118.4094921, 33.9378005], [-118.4094265, 33.9377867], [-118.4093168, 33.9377529], [-118.4092407, 33.9376986], [-118.409187, 33.937656], [-118.409154, 33.9376253], [-118.4091089, 33.9375454], [-118.4090831, 33.9374857]]}}, {"type": "Feature", "properties": {"aeroway": "parking_position", "ref": "86B", "name": null, "surface": null, "id": 1096142912}, "geometry": {"type": "LineString", "coordinates": [[-118.39794, 33.9401823], [-118.3974889, 33.9404048]]}}, {"type": "Feature", "properties": {"aeroway": "parking_position", "ref": "86A", "name": null, "surface": null, "id": 1096142913}, "geometry": {"type": "LineString", "coordinates": [[-118.398175, 33.9406073], [-118.3981429, 33.940615], [-118.3981143, 33.9406161], [-118.398087, 33.940614], [-118.3980578, 33.9406052], [-118.3980255, 33.9405918], [-118.3980157, 33.9405813], [-118.397472, 33.940634]]}}, {"type": "Feature", "properties": {"aeroway": "parking_position", "ref": "85", "name": null, "surface": null, "id": 1096142914}, "geometry": {"type": "LineString", "coordinates": [[-118.3982343, 33.9409292], [-118.3981941, 33.9409519], [-118.3981497, 33.9409647], [-118.3981062, 33.9409729], [-118.3980598, 33.9409746], [-118.3980262, 33.9409698], [-118.3979855, 33.9409567], [-118.3979528, 33.9409437], [-118.3979213, 33.9409241], [-118.3974785, 33.9409678]]}}, {"type": "Feature", "properties": {"aeroway": "parking_position", "ref": "84", "name": null, "surface": null, "id": 1096142915}, "geometry": {"type": "LineString", "coordinates": [[-118.3982863, 33.941294], [-118.3982271, 33.9413195], [-118.398173, 33.9413335], [-118.3981196, 33.9413373], [-118.3980697, 33.9413296], [-118.3980337, 33.9413185], [-118.3979675, 33.9412848], [-118.3975587, 33.9413272]]}}, {"type": "Feature", "properties": {"aeroway": "parking_position", "ref": "83", "name": null, "surface": null, "id": 1096142916}, "geometry": {"type": "LineString", "coordinates": [[-118.3983386, 33.9416522], [-118.3983035, 33.9416703], [-118.398262, 33.9416869], [-118.3982212, 33.9416966], [-118.3981648, 33.9416985], [-118.3981167, 33.9416908], [-118.3980866, 33.941683], [-118.3980489, 33.9416664], [-118.3980267, 33.9416506], [-118.3975872, 33.9416937]]}}, {"type": "Feature", "properties": {"aeroway": "parking_position", "ref": "82", "name": null, "surface": null, "id": 1096142917}, "geometry": {"type": "LineString", "coordinates": [[-118.3983952, 33.942017], [-118.3983417, 33.9420437], [-118.3982863, 33.9420585], [-118.3982246, 33.9420598], [-118.3981789, 33.942054], [-118.3981308, 33.9420418], [-118.3980769, 33.9420106], [-118.3976428, 33.942055]]}}, {"type": "Feature", "properties": {"aeroway": "parking_position", "ref": "81", "name": null, "surface": null, "id": 1096142918}, "geometry": {"type": "LineString", "coordinates": [[-118.3984488, 33.9423813], [-118.3983934, 33.9424083], [-118.3983386, 33.9424246], [-118.3982734, 33.9424277], [-118.3982305, 33.9424228], [-118.398186, 33.9424097], [-118.3981307, 33.9423786], [-118.3976931, 33.9424201]]}}, {"type": "Feature", "properties": {"aeroway": "parking_position", "ref": "80", "name": null, "surface": null, "id": 1096142919}, "geometry": {"type": "LineString", "coordinates": [[-118.3984857, 33.9426522], [-118.3984407, 33.9426754], [-118.3983832, 33.9426935], [-118.3983201, 33.9426974], [-118.3982694, 33.9426915], [-118.3982367, 33.9426833], [-118.3978135, 33.9428431]]}}, {"type": "Feature", "properties": {"aeroway": "parking_position", "ref": "C6", "name": null, "surface": null, "id": 1096142920}, "geometry": {"type": "LineString", "coordinates": [[-118.398656, 33.942697], [-118.398753, 33.9427833]]}}, {"type": "Feature", "properties": {"aeroway": "parking_position", "ref": "70A", "name": null, "surface": null, "id": 1096142921}, "geometry": {"type": "LineString", "coordinates": [[-118.3985713, 33.9427459], [-118.3986216, 33.9427597], [-118.398669, 33.9427617], [-118.3986975, 33.9427581], [-118.3987397, 33.9427483], [-118.3987744, 33.9427333], [-118.3988043, 33.9427152], [-118.3988389, 33.9426802], [-118.399291, 33.9426298]]}}, {"type": "Feature", "properties": {"aeroway": "parking_position", "ref": "70B", "name": null, "surface": null, "id": 1096142922}, "geometry": {"type": "LineString", "coordinates": [[-118.398514, 33.942382], [-118.3985648, 33.9423968], [-118.3986132, 33.9424019], [-118.3986574, 33.9423996], [-118.3986876, 33.9423939], [-118.3987264, 33.9423823], [-118.3987682, 33.9423614], [-118.3988031, 33.942335], [-118.398819, 33.9423138], [-118.3992717, 33.9422694]]}}, {"type": "Feature", "properties": {"aeroway": "parking_position", "ref": "72A", "name": null, "surface": null, "id": 1096142923}, "geometry": {"type": "LineString", "coordinates": [[-118.3984512, 33.9419515], [-118.3985115, 33.9419785], [-118.3985734, 33.9419956], [-118.3986423, 33.9420023], [-118.3987064, 33.9419983], [-118.3987563, 33.9419866], [-118.3988128, 33.9419641], [-118.3988855, 33.9419159], [-118.3993176, 33.9418744]]}}, {"type": "Feature", "properties": {"aeroway": "parking_position", "ref": "72W", "name": null, "surface": null, "id": 1096142924}, "geometry": {"type": "LineString", "coordinates": [[-118.3984035, 33.9416069], [-118.3984491, 33.941634], [-118.3985267, 33.941665], [-118.3986038, 33.9416831], [-118.3986912, 33.9416853], [-118.398752, 33.9416803], [-118.3993133, 33.941937]]}}, {"type": "Feature", "properties": {"aeroway": "parking_position", "ref": "72B", "name": null, "surface": null, "id": 1096142925}, "geometry": {"type": "LineString", "coordinates": [[-118.3984409, 33.9414763], [-118.3984854, 33.9414831], [-118.3985365, 33.9414817], [-118.3985739, 33.9414768], [-118.3986244, 33.9414628], [-118.3991531, 33.9415759]]}}, {"type": "Feature", "properties": {"aeroway": "parking_position", "ref": "74", "name": null, "surface": null, "id": 1096142926}, "geometry": {"type": "LineString", "coordinates": [[-118.3982754, 33.9407315], [-118.3983219, 33.9407638], [-118.3983742, 33.9407927], [-118.3984369, 33.9408178], [-118.3984926, 33.9408322], [-118.3985519, 33.9408423], [-118.3986128, 33.9408443], [-118.3986355, 33.9408395], [-118.3992678, 33.9412244]]}}, {"type": "Feature", "properties": {"aeroway": "parking_position", "ref": "76A", "name": null, "surface": null, "id": 1096142927}, "geometry": {"type": "LineString", "coordinates": [[-118.3985576, 33.9398552], [-118.3991029, 33.9406163]]}}, {"type": "Feature", "properties": {"aeroway": "parking_position", "ref": "76", "name": null, "surface": null, "id": 1096142928}, "geometry": {"type": "LineString", "coordinates": [[-118.3990023, 33.9398098], [-118.3991309, 33.9406281]]}}, {"type": "Feature", "properties": {"aeroway": "parking_position", "ref": "76B", "name": null, "surface": null, "id": 1096142929}, "geometry": {"type": "LineString", "coordinates": [[-118.3995315, 33.9397609], [-118.3994373, 33.9401124], [-118.3992899, 33.9404601]]}}, {"type": "Feature", "properties": {"aeroway": "parking_position", "ref": "77", "name": null, "surface": null, "id": 1096142930}, "geometry": {"type": "LineString", "coordinates": [[-118.4004889, 33.9397796], [-118.4003689, 33.939943], [-118.4003301, 33.9399855], [-118.4002972, 33.9400126], [-118.4000522, 33.9401871], [-118.3996678, 33.9404652]]}}, {"type": "Feature", "properties": {"aeroway": "parking_position", "ref": "75B", "name": null, "surface": null, "id": 1096142931}, "geometry": {"type": "LineString", "coordinates": [[-118.4007018, 33.9406657], [-118.4006649, 33.9406863], [-118.4006139, 33.9407111], [-118.4005584, 33.9407265], [-118.4005074, 33.9407324], [-118.400456, 33.9407317], [-118.4004029, 33.9407255], [-118.4002536, 33.9406712], [-118.3998506, 33.9407396]]}}, {"type": "Feature", "properties": {"aeroway": "parking_position", "ref": "75A", "name": null, "surface": null, "id": 1096142932}, "geometry": {"type": "LineString", "coordinates": [[-118.4007753, 33.9411804], [-118.4007398, 33.941209], [-118.400653, 33.9412448], [-118.4005682, 33.941254], [-118.4005149, 33.9412502], [-118.4004409, 33.9412363], [-118.4003444, 33.9411841], [-118.4003013, 33.9411589], [-118.3999669, 33.9411349]]}}, {"type": "Feature", "properties": {"aeroway": "parking_position", "ref": "73", "name": null, "surface": null, "id": 1096142933}, "geometry": {"type": "LineString", "coordinates": [[-118.4008434, 33.9416312], [-118.4007912, 33.9416601], [-118.4007192, 33.941688], [-118.4006512, 33.9416972], [-118.4005856, 33.9416914], [-118.4005188, 33.941674], [-118.4004491, 33.9416379], [-118.400376, 33.9415936], [-118.4000043, 33.941569]]}}, {"type": "Feature", "properties": {"aeroway": "parking_position", "ref": "71B", "name": null, "surface": null, "id": 1096142934}, "geometry": {"type": "LineString", "coordinates": [[-118.4008915, 33.9419262], [-118.4008336, 33.9419593], [-118.40078, 33.9419805], [-118.4007192, 33.9419927], [-118.4006732, 33.9419966], [-118.4006329, 33.9419935], [-118.4005798, 33.9419844], [-118.400511, 33.9419624], [-118.4000551, 33.9421033]]}}, {"type": "Feature", "properties": {"aeroway": "parking_position", "ref": "71A", "name": null, "surface": null, "id": 1096142935}, "geometry": {"type": "LineString", "coordinates": [[-118.4009448, 33.9423935], [-118.4009248, 33.9424043], [-118.4009043, 33.9424135], [-118.4008806, 33.942422], [-118.4008563, 33.9424283], [-118.4008231, 33.9424334], [-118.4007909, 33.9424339], [-118.4007557, 33.9424302], [-118.4007239, 33.9424244], [-118.4006933, 33.9424152], [-118.4006686, 33.942404], [-118.400644, 33.9423891], [-118.4006213, 33.942372], [-118.4002353, 33.9423858]]}}, {"type": "Feature", "properties": {"aeroway": "parking_position", "ref": "60", "name": null, "surface": null, "id": 1096142936}, "geometry": {"type": "LineString", "coordinates": [[-118.4010975, 33.942418], [-118.4017579, 33.9423502]]}}, {"type": "Feature", "properties": {"aeroway": "parking_position", "ref": "68B", "name": null, "surface": null, "id": 1096142937}, "geometry": {"type": "LineString", "coordinates": [[-118.4007881, 33.9396895], [-118.4014721, 33.9401937]]}}, {"type": "Feature", "properties": {"aeroway": "parking_position", "ref": "69B", "name": null, "surface": null, "id": 1096142938}, "geometry": {"type": "LineString", "coordinates": [[-118.4018068, 33.9395168], [-118.4018627, 33.940142]]}}, {"type": "Feature", "properties": {"aeroway": "parking_position", "ref": "69A", "name": null, "surface": null, "id": 1096142939}, "geometry": {"type": "LineString", "coordinates": [[-118.4028195, 33.9394875], [-118.4022105, 33.9402008]]}}, {"type": "Feature", "properties": {"aeroway": "parking_position", "ref": "67", "name": null, "surface": null, "id": 1096142940}, "geometry": {"type": "LineString", "coordinates": [[-118.4030251, 33.9402666], [-118.4024085, 33.9403686]]}}, {"type": "Feature", "properties": {"aeroway": "parking_position", "ref": "65B", "name": null, "surface": null, "id": 1096142941}, "geometry": {"type": "LineString", "coordinates": [[-118.4030825, 33.9406613], [-118.4024578, 33.9407213]]}}, {"type": "Feature", "properties": {"aeroway": "parking_position", "ref": "65A", "name": null, "surface": null, "id": 1096142942}, "geometry": {"type": "LineString", "coordinates": [[-118.403136, 33.9410289], [-118.4025154, 33.9410894]]}}, {"type": "Feature", "properties": {"aeroway": "parking_position", "ref": "63B", "name": null, "surface": null, "id": 1096142943}, "geometry": {"type": "LineString", "coordinates": [[-118.4031861, 33.9413955], [-118.402545, 33.9414526]]}}, {"type": "Feature", "properties": {"aeroway": "parking_position", "ref": "63A", "name": null, "surface": null, "id": 1096142944}, "geometry": {"type": "LineString", "coordinates": [[-118.403261, 33.9417801], [-118.4026048, 33.9418403]]}}, {"type": "Feature", "properties": {"aeroway": "parking_position", "ref": "42A", "name": null, "surface": null, "id": 1096142960}, "geometry": {"type": "LineString", "coordinates": [[-118.4057338, 33.9414389], [-118.4057729, 33.9414825], [-118.405822, 33.9415179], [-118.4058959, 33.9415421], [-118.4059542, 33.9415503], [-118.4060082, 33.9415433], [-118.4060537, 33.9415321], [-118.4060885, 33.9415161], [-118.4065064, 33.941476]]}}, {"type": "Feature", "properties": {"aeroway": "parking_position", "ref": "46B", "name": null, "surface": null, "id": 1096142962}, "geometry": {"type": "LineString", "coordinates": [[-118.4056294, 33.9403823], [-118.4062664, 33.9403153]]}}, {"type": "Feature", "properties": {"aeroway": "parking_position", "ref": "46C", "name": null, "surface": null, "id": 1096142964}, "geometry": {"type": "LineString", "coordinates": [[-118.4055798, 33.9400052], [-118.4062472, 33.9399432]]}}, {"type": "Feature", "properties": {"aeroway": "parking_position", "ref": "48A", "name": null, "surface": null, "id": 1096142970}, "geometry": {"type": "LineString", "coordinates": [[-118.4054834, 33.9391592], [-118.4061055, 33.9397397]]}}, {"type": "Feature", "properties": {"aeroway": "parking_position", "ref": "48B", "name": null, "surface": null, "id": 1096142971}, "geometry": {"type": "LineString", "coordinates": [[-118.4062304, 33.9390647], [-118.4063896, 33.9396783]]}}, {"type": "Feature", "properties": {"aeroway": "parking_position", "ref": null, "name": null, "surface": null, "id": 1096142973}, "geometry": {"type": "LineString", "coordinates": [[-118.4068379, 33.9389985], [-118.4067616, 33.9396256]]}}, {"type": "Feature", "properties": {"aeroway": "parking_position", "ref": "49B", "name": null, "surface": null, "id": 1096142974}, "geometry": {"type": "LineString", "coordinates": [[-118.4076349, 33.9389317], [-118.4070951, 33.9396046]]}}, {"type": "Feature", "properties": {"aeroway": "parking_position", "ref": "151", "name": null, "surface": null, "id": 1096142975}, "geometry": {"type": "LineString", "coordinates": [[-118.4085492, 33.9419381], [-118.4088869, 33.94224], [-118.4089437, 33.9422353], [-118.409007, 33.9422217], [-118.4090965, 33.9421881], [-118.4091676, 33.9421268], [-118.4095877, 33.9420808]]}}, {"type": "Feature", "properties": {"aeroway": "parking_position", "ref": "153", "name": null, "surface": null, "id": 1096142977}, "geometry": {"type": "LineString", "coordinates": [[-118.4086005, 33.9416299], [-118.4096996, 33.9415152]]}}, {"type": "Feature", "properties": {"aeroway": "parking_position", "ref": "155", "name": null, "surface": null, "id": 1096142979}, "geometry": {"type": "LineString", "coordinates": [[-118.4084979, 33.9409736], [-118.4096602, 33.9408555]]}}, {"type": "Feature", "properties": {"aeroway": "parking_position", "ref": "157", "name": null, "surface": null, "id": 1096142981}, "geometry": {"type": "LineString", "coordinates": [[-118.4084006, 33.9403252], [-118.4095534, 33.9402061]]}}, {"type": "Feature", "properties": {"aeroway": "parking_position", "ref": "159", "name": null, "surface": null, "id": 1096142982}, "geometry": {"type": "LineString", "coordinates": [[-118.4082371, 33.939304], [-118.4095306, 33.9397031]]}}, {"type": "Feature", "properties": {"aeroway": "parking_position", "ref": "156", "name": null, "surface": null, "id": 1096142985}, "geometry": {"type": "LineString", "coordinates": [[-118.4115676, 33.9393368], [-118.4103558, 33.9394545]]}}, {"type": "Feature", "properties": {"aeroway": "parking_position", "ref": "154", "name": null, "surface": null, "id": 1096142988}, "geometry": {"type": "LineString", "coordinates": [[-118.4116807, 33.9401177], [-118.4104247, 33.9402457]]}}, {"type": "Feature", "properties": {"aeroway": "parking_position", "ref": "152", "name": null, "surface": null, "id": 1096142991}, "geometry": {"type": "LineString", "coordinates": [[-118.4117974, 33.9409045], [-118.4105504, 33.9410273]]}}, {"type": "Feature", "properties": {"aeroway": "parking_position", "ref": "150", "name": null, "surface": null, "id": 1096142994}, "geometry": {"type": "LineString", "coordinates": [[-118.4119141, 33.9416802], [-118.4106452, 33.9418115]]}}, {"type": "Feature", "properties": {"aeroway": "parking_position", "ref": "148", "name": "148", "surface": null, "id": 1096142997}, "geometry": {"type": "LineString", "coordinates": [[-118.4120334, 33.9425193], [-118.4108693, 33.9426261]]}}, {"type": "Feature", "properties": {"aeroway": "parking_position", "ref": "130", "name": null, "surface": null, "id": 1096142999}, "geometry": {"type": "LineString", "coordinates": [[-118.4122375, 33.9438811], [-118.4110035, 33.9440041]]}}, {"type": "Feature", "properties": {"aeroway": "parking_position", "ref": "132", "name": null, "surface": null, "id": 1096143000}, "geometry": {"type": "LineString", "coordinates": [[-118.4123306, 33.9445324], [-118.4111188, 33.944656]]}}, {"type": "Feature", "properties": {"aeroway": "parking_position", "ref": "134", "name": null, "surface": null, "id": 1096143002}, "geometry": {"type": "LineString", "coordinates": [[-118.4124286, 33.9452797], [-118.4123093, 33.9452382], [-118.4121922, 33.9452223], [-118.4121006, 33.9452276], [-118.4120399, 33.9452364], [-118.4119686, 33.9452585], [-118.4119185, 33.9452814], [-118.4111934, 33.9452064]]}}, {"type": "Feature", "properties": {"aeroway": "parking_position", "ref": "134", "name": null, "surface": null, "id": 1096143003}, "geometry": {"type": "LineString", "coordinates": [[-118.4124605, 33.9454051], [-118.4123572, 33.9454281], [-118.4122795, 33.9454343], [-118.4121773, 33.945421], [-118.4120772, 33.9453919], [-118.4120026, 33.9453486], [-118.4119185, 33.9452814]]}}, {"type": "Feature", "properties": {"aeroway": "parking_position", "ref": "209B", "name": null, "surface": null, "id": 1096143006}, "geometry": {"type": "LineString", "coordinates": [[-118.413912, 33.9460728], [-118.414733, 33.9459897], [-118.414783, 33.9459809], [-118.414815, 33.9459615], [-118.414832, 33.945927], [-118.4148639, 33.9458943], [-118.4150024, 33.945829]]}}, {"type": "Feature", "properties": {"aeroway": "parking_position", "ref": "209", "name": null, "surface": null, "id": 1096143007}, "geometry": {"type": "LineString", "coordinates": [[-118.4138715, 33.9458237], [-118.4150652, 33.9456982]]}}, {"type": "Feature", "properties": {"aeroway": "parking_position", "ref": "209A", "name": null, "surface": null, "id": 1096143008}, "geometry": {"type": "LineString", "coordinates": [[-118.4138396, 33.9456152], [-118.4147745, 33.9456329]]}}, {"type": "Feature", "properties": {"aeroway": "parking_position", "ref": "207", "name": null, "surface": null, "id": 1096143009}, "geometry": {"type": "LineString", "coordinates": [[-118.4137682, 33.9451753], [-118.4149662, 33.9450499]]}}, {"type": "Feature", "properties": {"aeroway": "parking_position", "ref": "205", "name": null, "surface": null, "id": 1096143010}, "geometry": {"type": "LineString", "coordinates": [[-118.4136628, 33.9444766], [-118.4149289, 33.9443432]]}}, {"type": "Feature", "properties": {"aeroway": "parking_position", "ref": "203", "name": null, "surface": null, "id": 1096143011}, "geometry": {"type": "LineString", "coordinates": [[-118.4135659, 33.9438264], [-118.4147713, 33.9437018]]}}, {"type": "Feature", "properties": {"aeroway": "parking_position", "ref": "201B", "name": null, "surface": null, "id": 1096143012}, "geometry": {"type": "LineString", "coordinates": [[-118.4134648, 33.9430923], [-118.4143954, 33.9432496]]}}, {"type": "Feature", "properties": {"aeroway": "parking_position", "ref": null, "name": null, "surface": null, "id": 1096143014}, "geometry": {"type": "LineString", "coordinates": [[-118.4135124, 33.943077], [-118.4146567, 33.9429605]]}}, {"type": "Feature", "properties": {"aeroway": "parking_position", "ref": "201A", "name": null, "surface": null, "id": 1096143015}, "geometry": {"type": "LineString", "coordinates": [[-118.4133569, 33.9423088], [-118.4142754, 33.942962]]}}, {"type": "Feature", "properties": {"aeroway": "parking_position", "ref": "221", "name": null, "surface": null, "id": 1096143016}, "geometry": {"type": "LineString", "coordinates": [[-118.4132834, 33.9419136], [-118.4144801, 33.9417893]]}}, {"type": "Feature", "properties": {"aeroway": "parking_position", "ref": "225", "name": null, "surface": null, "id": 1096143018}, "geometry": {"type": "LineString", "coordinates": [[-118.4131258, 33.9407583], [-118.414344, 33.9413274]]}}, {"type": "Feature", "properties": {"aeroway": "parking_position", "ref": "210B", "name": null, "surface": null, "id": 1096143023}, "geometry": {"type": "LineString", "coordinates": [[-118.416905, 33.9457314], [-118.4161153, 33.9458148]]}}, {"type": "Feature", "properties": {"aeroway": "parking_position", "ref": "210", "name": null, "surface": null, "id": 1096143024}, "geometry": {"type": "LineString", "coordinates": [[-118.416877, 33.9454323], [-118.4157651, 33.9455435]]}}, {"type": "Feature", "properties": {"aeroway": "parking_position", "ref": "210A", "name": null, "surface": null, "id": 1096143025}, "geometry": {"type": "LineString", "coordinates": [[-118.4168695, 33.9453552], [-118.4158478, 33.9454582]]}}, {"type": "Feature", "properties": {"aeroway": "parking_position", "ref": "208", "name": null, "surface": null, "id": 1096143026}, "geometry": {"type": "LineString", "coordinates": [[-118.4168133, 33.9447776], [-118.415674, 33.9448938]]}}, {"type": "Feature", "properties": {"aeroway": "parking_position", "ref": "206", "name": null, "surface": null, "id": 1096143027}, "geometry": {"type": "LineString", "coordinates": [[-118.4167161, 33.944076], [-118.4155548, 33.9441981]]}}, {"type": "Feature", "properties": {"aeroway": "parking_position", "ref": "204", "name": null, "surface": null, "id": 1096143028}, "geometry": {"type": "LineString", "coordinates": [[-118.4166211, 33.9434297], [-118.4154597, 33.9435466]]}}, {"type": "Feature", "properties": {"aeroway": "parking_position", "ref": "202", "name": null, "surface": null, "id": 1096143029}, "geometry": {"type": "LineString", "coordinates": [[-118.4165208, 33.942727], [-118.4153647, 33.9428457]]}}, {"type": "Feature", "properties": {"aeroway": "parking_position", "ref": "52I", "name": null, "surface": null, "id": 1096143030}, "geometry": {"type": "LineString", "coordinates": [[-118.3941944, 33.9406498], [-118.3941802, 33.9412778]]}}, {"type": "Feature", "properties": {"aeroway": "parking_position", "ref": "52H", "name": null, "surface": null, "id": 1096143031}, "geometry": {"type": "LineString", "coordinates": [[-118.3937073, 33.9408718], [-118.3939004, 33.9413105]]}}, {"type": "Feature", "properties": {"aeroway": "parking_position", "ref": "52G", "name": null, "surface": null, "id": 1096143034}, "geometry": {"type": "LineString", "coordinates": [[-118.3933195, 33.9411832], [-118.3937448, 33.9414694]]}}, {"type": "Feature", "properties": {"aeroway": "parking_position", "ref": "52F", "name": null, "surface": null, "id": 1096143037}, "geometry": {"type": "LineString", "coordinates": [[-118.3932391, 33.9415883], [-118.3937986, 33.9417147]]}}, {"type": "Feature", "properties": {"aeroway": "parking_position", "ref": "52E", "name": null, "surface": null, "id": 1096143038}, "geometry": {"type": "LineString", "coordinates": [[-118.3932455, 33.9418995], [-118.3937484, 33.9420312]]}}, {"type": "Feature", "properties": {"aeroway": "parking_position", "ref": "52D", "name": null, "surface": null, "id": 1096143044}, "geometry": {"type": "LineString", "coordinates": [[-118.3932407, 33.9422869], [-118.393776, 33.9422811]]}}, {"type": "Feature", "properties": {"aeroway": "parking_position", "ref": "52C", "name": null, "surface": null, "id": 1096143045}, "geometry": {"type": "LineString", "coordinates": [[-118.3932602, 33.9426449], [-118.3937844, 33.9425576]]}}, {"type": "Feature", "properties": {"aeroway": "parking_position", "ref": "52A", "name": null, "surface": null, "id": 1096143046}, "geometry": {"type": "LineString", "coordinates": [[-118.3932609, 33.9429317], [-118.3937788, 33.9430057]]}}, {"type": "Feature", "properties": {"aeroway": "parking_position", "ref": "x2", "name": null, "surface": null, "id": 1096143047}, "geometry": {"type": "LineString", "coordinates": [[-118.3927306, 33.9417041], [-118.3928038, 33.9415987], [-118.392938, 33.9414294]]}}, {"type": "Feature", "properties": {"aeroway": "parking_position", "ref": "X3", "name": null, "surface": null, "id": 1096143049}, "geometry": {"type": "LineString", "coordinates": [[-118.3930038, 33.9420079], [-118.3926764, 33.9418205]]}}, {"type": "Feature", "properties": {"aeroway": "parking_position", "ref": null, "name": null, "surface": null, "id": 1096143050}, "geometry": {"type": "LineString", "coordinates": [[-118.3928362, 33.9407896], [-118.3928351, 33.9411741]]}}, {"type": "Feature", "properties": {"aeroway": "parking_position", "ref": "22", "name": null, "surface": null, "id": 1096143051}, "geometry": {"type": "LineString", "coordinates": [[-118.3923413, 33.9408517], [-118.3924086, 33.9413037]]}}, {"type": "Feature", "properties": {"aeroway": "parking_position", "ref": "22A", "name": null, "surface": null, "id": 1096143052}, "geometry": {"type": "LineString", "coordinates": [[-118.3924561, 33.9408335], [-118.3924627, 33.9411629]]}}, {"type": "Feature", "properties": {"aeroway": "parking_position", "ref": "22", "name": null, "surface": null, "id": 1096143053}, "geometry": {"type": "LineString", "coordinates": [[-118.3919171, 33.9408953], [-118.3920078, 33.9415118]]}}, {"type": "Feature", "properties": {"aeroway": "parking_position", "ref": "18", "name": null, "surface": null, "id": 1096143054}, "geometry": {"type": "LineString", "coordinates": [[-118.3921043, 33.9411568], [-118.3922104, 33.9418625]]}}, {"type": "Feature", "properties": {"aeroway": "parking_position", "ref": null, "name": null, "surface": null, "id": 1096143055}, "geometry": {"type": "LineString", "coordinates": [[-118.3925532, 33.941171], [-118.3923126, 33.9414865], [-118.392369, 33.9418477]]}}, {"type": "Feature", "properties": {"aeroway": "parking_position", "ref": "11", "name": null, "surface": null, "id": 1096143056}, "geometry": {"type": "LineString", "coordinates": [[-118.3913265, 33.9419535], [-118.3914202, 33.9425878]]}}, {"type": "Feature", "properties": {"aeroway": "parking_position", "ref": "12", "name": null, "surface": null, "id": 1096143057}, "geometry": {"type": "LineString", "coordinates": [[-118.3918068, 33.9419045], [-118.391909, 33.9426138]]}}, {"type": "Feature", "properties": {"aeroway": "parking_position", "ref": "13", "name": null, "surface": null, "id": 1096143058}, "geometry": {"type": "LineString", "coordinates": [[-118.3923087, 33.9418537], [-118.3924126, 33.9425641]]}}, {"type": "Feature", "properties": {"aeroway": "parking_position", "ref": "20A", "name": null, "surface": null, "id": 1096143061}, "geometry": {"type": "LineString", "coordinates": [[-118.3916481, 33.9419216], [-118.3915451, 33.9412086]]}}, {"type": "Feature", "properties": {"aeroway": "parking_position", "ref": "21", "name": null, "surface": null, "id": 1096143062}, "geometry": {"type": "LineString", "coordinates": [[-118.3918534, 33.9413638], [-118.3917843, 33.9409096]]}}, {"type": "Feature", "properties": {"aeroway": "parking_position", "ref": "10", "name": null, "surface": null, "id": 1096143063}, "geometry": {"type": "LineString", "coordinates": [[-118.390707, 33.9418902], [-118.3908443, 33.9428122]]}}, {"type": "Feature", "properties": {"aeroway": "parking_position", "ref": null, "name": null, "surface": null, "id": 1096143064}, "geometry": {"type": "LineString", "coordinates": [[-118.3901481, 33.941947], [-118.3900871, 33.9419373], [-118.3900384, 33.9419171], [-118.3900042, 33.9418964], [-118.389972, 33.9418676], [-118.3899531, 33.9418474], [-118.3899354, 33.9418085], [-118.3899263, 33.941765], [-118.3899144, 33.9416912], [-118.3899129, 33.9416816], [-118.3899147, 33.9416361], [-118.3899336, 33.9415987], [-118.3899598, 33.9415638], [-118.3899896, 33.9415401], [-118.390025, 33.9415214], [-118.3900916, 33.9415046]]}}, {"type": "Feature", "properties": {"aeroway": "parking_position", "ref": null, "name": null, "surface": null, "id": 1096143065}, "geometry": {"type": "LineString", "coordinates": [[-118.3899144, 33.9416912], [-118.3900916, 33.9415046], [-118.3903692, 33.9412121]]}}, {"type": "Feature", "properties": {"aeroway": "parking_position", "ref": null, "name": null, "surface": null, "id": 1096143066}, "geometry": {"type": "LineString", "coordinates": [[-118.3899481, 33.9419673], [-118.390038, 33.9425576], [-118.3899022, 33.9429986]]}}, {"type": "Feature", "properties": {"aeroway": "parking_position", "ref": null, "name": null, "surface": null, "id": 1096143067}, "geometry": {"type": "LineString", "coordinates": [[-118.3888558, 33.9420782], [-118.3889434, 33.9424947]]}}, {"type": "Feature", "properties": {"aeroway": "parking_position", "ref": null, "name": null, "surface": null, "id": 1096143068}, "geometry": {"type": "LineString", "coordinates": [[-118.3887426, 33.9420897], [-118.3887432, 33.942503]]}}, {"type": "Feature", "properties": {"aeroway": "parking_position", "ref": null, "name": null, "surface": null, "id": 1096143069}, "geometry": {"type": "LineString", "coordinates": [[-118.3886279, 33.9421014], [-118.3885425, 33.942496]]}}, {"type": "Feature", "properties": {"aeroway": "parking_position", "ref": null, "name": null, "surface": null, "id": 1096143070}, "geometry": {"type": "LineString", "coordinates": [[-118.3889039, 33.9420734], [-118.3888417, 33.9420684], [-118.3888039, 33.9420569], [-118.3887768, 33.9420432], [-118.3887422, 33.9420207], [-118.3887102, 33.9419902], [-118.3886852, 33.9419523], [-118.388666, 33.9418789], [-118.3886597, 33.9418176], [-118.388657, 33.9417906], [-118.3886655, 33.9417491], [-118.3886863, 33.9417014], [-118.3887219, 33.9416674], [-118.3887645, 33.9416325], [-118.3888183, 33.9416139], [-118.3888588, 33.9416069], [-118.3891111, 33.9413405]]}}, {"type": "Feature", "properties": {"aeroway": "parking_position", "ref": null, "name": null, "surface": null, "id": 1096143071}, "geometry": {"type": "LineString", "coordinates": [[-118.3888588, 33.9416069], [-118.3886597, 33.9418176]]}}, {"type": "Feature", "properties": {"aeroway": "parking_position", "ref": null, "name": null, "surface": null, "id": 1096143072}, "geometry": {"type": "LineString", "coordinates": [[-118.3895197, 33.9420108], [-118.3894848, 33.9420054], [-118.3894231, 33.9419855], [-118.3893809, 33.941962], [-118.3893483, 33.9419346], [-118.3893274, 33.9419072], [-118.3893122, 33.9418765], [-118.3893017, 33.9418419], [-118.3892874, 33.9417592], [-118.3892856, 33.9417199], [-118.3892943, 33.9416835], [-118.3893152, 33.941638], [-118.3893448, 33.9416091], [-118.3893783, 33.9415846], [-118.3894113, 33.9415644], [-118.3894566, 33.9415492], [-118.3894909, 33.9415449], [-118.3897437, 33.9412753]]}}, {"type": "Feature", "properties": {"aeroway": "parking_position", "ref": null, "name": null, "surface": null, "id": 1096143073}, "geometry": {"type": "LineString", "coordinates": [[-118.3894909, 33.9415449], [-118.3892874, 33.9417592]]}}, {"type": "Feature", "properties": {"aeroway": "parking_position", "ref": null, "name": null, "surface": null, "id": 1096143074}, "geometry": {"type": "LineString", "coordinates": [[-118.3882852, 33.9421243], [-118.3882221, 33.9421082], [-118.3881815, 33.942092], [-118.3881463, 33.9420672], [-118.3881204, 33.9420377], [-118.3880862, 33.9419845], [-118.3880799, 33.9419497], [-118.3880679, 33.9418698], [-118.3880669, 33.9418635], [-118.3880679, 33.9418345], [-118.3880795, 33.941796], [-118.3881028, 33.9417538], [-118.3881207, 33.9417339], [-118.3881427, 33.9417144], [-118.3881835, 33.9416896], [-118.3882244, 33.9416755], [-118.3884516, 33.9413925]]}}, {"type": "Feature", "properties": {"aeroway": "parking_position", "ref": null, "name": null, "surface": null, "id": 1096143075}, "geometry": {"type": "LineString", "coordinates": [[-118.3882244, 33.9416755], [-118.3880679, 33.9418698]]}}, {"type": "Feature", "properties": {"aeroway": "parking_position", "ref": null, "name": null, "surface": null, "id": 1096143076}, "geometry": {"type": "LineString", "coordinates": [[-118.3877923, 33.9421213], [-118.3878716, 33.9424914]]}}, {"type": "Feature", "properties": {"aeroway": "parking_position", "ref": null, "name": null, "surface": null, "id": 1096143077}, "geometry": {"type": "LineString", "coordinates": [[-118.387669, 33.9421206], [-118.3876726, 33.9424923]]}}, {"type": "Feature", "properties": {"aeroway": "parking_position", "ref": null, "name": null, "surface": null, "id": 1096143078}, "geometry": {"type": "LineString", "coordinates": [[-118.3875514, 33.9421203], [-118.3874721, 33.9424914]]}}, {"type": "Feature", "properties": {"aeroway": "parking_position", "ref": null, "name": null, "surface": null, "id": 1096143079}, "geometry": {"type": "LineString", "coordinates": [[-118.3876402, 33.9421204], [-118.3875876, 33.9421075], [-118.3875509, 33.9420897], [-118.3875118, 33.9420623], [-118.387482, 33.9420284], [-118.3874592, 33.9419959], [-118.3874476, 33.9419608], [-118.387442, 33.9419307], [-118.3874452, 33.9418809], [-118.3874523, 33.941858], [-118.3874573, 33.9418415], [-118.3874829, 33.9417995], [-118.3875234, 33.9417636], [-118.3875653, 33.9417389], [-118.3875983, 33.9417315], [-118.3879203, 33.9414436]]}}, {"type": "Feature", "properties": {"aeroway": "parking_position", "ref": null, "name": null, "surface": null, "id": 1096143080}, "geometry": {"type": "LineString", "coordinates": [[-118.3875983, 33.9417315], [-118.3874523, 33.941858]]}}, {"type": "Feature", "properties": {"aeroway": "parking_position", "ref": null, "name": null, "surface": null, "id": 1096143081}, "geometry": {"type": "LineString", "coordinates": [[-118.387547, 33.9421203], [-118.3875, 33.9421087], [-118.3874648, 33.9420957], [-118.3873987, 33.9420622], [-118.3873639, 33.9420336], [-118.3873334, 33.9420004], [-118.387309, 33.9419626], [-118.3872869, 33.9419142], [-118.3872799, 33.9418759], [-118.3872512, 33.9416832], [-118.3869437, 33.9415425]]}}, {"type": "Feature", "properties": {"aeroway": "parking_position", "ref": null, "name": null, "surface": null, "id": 1096143082}, "geometry": {"type": "LineString", "coordinates": [[-118.3872512, 33.9416832], [-118.3874461, 33.9417731]]}}, {"type": "Feature", "properties": {"aeroway": "parking_position", "ref": null, "name": null, "surface": null, "id": 1096143083}, "geometry": {"type": "LineString", "coordinates": [[-118.3834751, 33.9414835], [-118.3834741, 33.9415278], [-118.3834755, 33.9415618], [-118.383483, 33.941595], [-118.3835062, 33.9416599], [-118.3835355, 33.9417039], [-118.3835798, 33.9417552], [-118.38363, 33.941795], [-118.383691, 33.9418289], [-118.3837501, 33.9418513], [-118.3837933, 33.9418633], [-118.3838636, 33.9418722], [-118.3843531, 33.942279]]}}, {"type": "Feature", "properties": {"aeroway": "parking_position", "ref": "941A", "name": null, "surface": null, "id": 1096143084}, "geometry": {"type": "LineString", "coordinates": [[-118.3838053, 33.9419167], [-118.3842683, 33.9419148]]}}, {"type": "Feature", "properties": {"aeroway": "parking_position", "ref": "943", "name": null, "surface": null, "id": 1096143085}, "geometry": {"type": "LineString", "coordinates": [[-118.3833933, 33.9425011], [-118.3834383, 33.9425406], [-118.3835178, 33.9425801], [-118.3835758, 33.9426001], [-118.383669, 33.942613], [-118.3842203, 33.9430731]]}}, {"type": "Feature", "properties": {"aeroway": "parking_position", "ref": "943B", "name": null, "surface": null, "id": 1096143086}, "geometry": {"type": "LineString", "coordinates": [[-118.3843005, 33.9430036], [-118.3837869, 33.9430003], [-118.383749, 33.9429995], [-118.3833882, 33.9426015]]}}, {"type": "Feature", "properties": {"aeroway": "parking_position", "ref": "946A", "name": null, "surface": null, "id": 1096143087}, "geometry": {"type": "LineString", "coordinates": [[-118.3833441, 33.9429572], [-118.382489, 33.9432844]]}}, {"type": "Feature", "properties": {"aeroway": "parking_position", "ref": "946", "name": null, "surface": null, "id": 1096143088}, "geometry": {"type": "LineString", "coordinates": [[-118.3823381, 33.9432834], [-118.3829855, 33.9426755], [-118.3830148, 33.9426826], [-118.3830501, 33.9426866], [-118.3830945, 33.9426846], [-118.3831319, 33.9426795], [-118.3831835, 33.9426691], [-118.3832274, 33.9426492], [-118.3832575, 33.9426309], [-118.3832827, 33.9426131], [-118.3833165, 33.9425776], [-118.3833356, 33.942551]]}}, {"type": "Feature", "properties": {"aeroway": "parking_position", "ref": "946B", "name": null, "surface": null, "id": 1096143089}, "geometry": {"type": "LineString", "coordinates": [[-118.3828931, 33.9427479], [-118.3824719, 33.9427922]]}}, {"type": "Feature", "properties": {"aeroway": "parking_position", "ref": "944", "name": null, "surface": null, "id": 1096143090}, "geometry": {"type": "LineString", "coordinates": [[-118.3829019, 33.9423523], [-118.3824733, 33.9423996]]}}, {"type": "Feature", "properties": {"aeroway": "parking_position", "ref": "942A", "name": null, "surface": null, "id": 1096143091}, "geometry": {"type": "LineString", "coordinates": [[-118.3829016, 33.9419585], [-118.3824691, 33.9420039]]}}, {"type": "Feature", "properties": {"aeroway": "parking_position", "ref": "942", "name": null, "surface": null, "id": 1096143092}, "geometry": {"type": "LineString", "coordinates": [[-118.3833222, 33.9416013], [-118.3832938, 33.9416327], [-118.383259, 33.94166], [-118.3832187, 33.9416856], [-118.3831803, 33.9417009], [-118.383143, 33.9417149], [-118.3830987, 33.9417219], [-118.3830589, 33.9417248], [-118.3830041, 33.9417145], [-118.3829638, 33.9417066], [-118.3823382, 33.9422876]]}}, {"type": "Feature", "properties": {"aeroway": "parking_position", "ref": "942B", "name": null, "surface": null, "id": 1096143093}, "geometry": {"type": "LineString", "coordinates": [[-118.3828986, 33.9415642], [-118.3824706, 33.9416104]]}}, {"type": "Feature", "properties": {"aeroway": "parking_position", "ref": "931A", "name": null, "surface": null, "id": 1096143094}, "geometry": {"type": "LineString", "coordinates": [[-118.3804025, 33.9416952], [-118.3801964, 33.9417981], [-118.3801526, 33.941815], [-118.3800969, 33.9418265], [-118.3800571, 33.9418315], [-118.3799834, 33.9418348], [-118.3794767, 33.9418356]]}}, {"type": "Feature", "properties": {"aeroway": "parking_position", "ref": "931", "name": null, "surface": null, "id": 1096143095}, "geometry": {"type": "LineString", "coordinates": [[-118.3805242, 33.9420152], [-118.3796677, 33.942016]]}}, {"type": "Feature", "properties": {"aeroway": "parking_position", "ref": "931B", "name": null, "surface": null, "id": 1096143096}, "geometry": {"type": "LineString", "coordinates": [[-118.3805259, 33.9422106], [-118.3796633, 33.9422134]]}}, {"type": "Feature", "properties": {"aeroway": "parking_position", "ref": "933A", "name": null, "surface": null, "id": 1096143097}, "geometry": {"type": "LineString", "coordinates": [[-118.3805279, 33.9425893], [-118.3796797, 33.9425932]]}}, {"type": "Feature", "properties": {"aeroway": "parking_position", "ref": "932", "name": null, "surface": null, "id": 1096143098}, "geometry": {"type": "LineString", "coordinates": [[-118.3805211, 33.9427791], [-118.379416, 33.9427809]]}}, {"type": "Feature", "properties": {"aeroway": "parking_position", "ref": "932B", "name": null, "surface": null, "id": 1096143099}, "geometry": {"type": "LineString", "coordinates": [[-118.3805252, 33.9429663], [-118.3796839, 33.9429695]]}}, {"type": "Feature", "properties": {"aeroway": "parking_position", "ref": "933", "name": null, "surface": null, "id": 1096143100}, "geometry": {"type": "LineString", "coordinates": [[-118.3808562, 33.9428449], [-118.3808551, 33.9433764]]}}, {"type": "Feature", "properties": {"aeroway": "parking_position", "ref": "1", "name": null, "surface": null, "id": 1096143101}, "geometry": {"type": "LineString", "coordinates": [[-118.3812565, 33.9353727], [-118.3812291, 33.9353514], [-118.3811869, 33.9353244], [-118.3811348, 33.9353031], [-118.381076, 33.9352839], [-118.3810134, 33.935272], [-118.3809595, 33.9352684], [-118.3808977, 33.9352695], [-118.3808464, 33.9352778], [-118.3807842, 33.9352951], [-118.3807198, 33.9353233], [-118.3806737, 33.935354], [-118.3806376, 33.9353835], [-118.3802552, 33.9354453]]}}, {"type": "Feature", "properties": {"aeroway": "parking_position", "ref": "10", "name": null, "surface": null, "id": 1096143102}, "geometry": {"type": "LineString", "coordinates": [[-118.3813099, 33.9352628], [-118.3813524, 33.9352292], [-118.3814131, 33.9351986], [-118.3814828, 33.9351714], [-118.3815483, 33.9351563], [-118.3816341, 33.9351511], [-118.3817114, 33.9351627], [-118.3818034, 33.935187], [-118.3818732, 33.9352228], [-118.3819227, 33.9352691], [-118.3824211, 33.9353495]]}}, {"type": "Feature", "properties": {"aeroway": "parking_position", "ref": "9", "name": null, "surface": null, "id": 1096143103}, "geometry": {"type": "LineString", "coordinates": [[-118.3813071, 33.9348725], [-118.3813493, 33.9348446], [-118.3814125, 33.9348101], [-118.381474, 33.9347855], [-118.3815429, 33.9347714], [-118.3816044, 33.9347685], [-118.3816642, 33.9347709], [-118.3817143, 33.9347813], [-118.3817912, 33.934803], [-118.3818321, 33.9348257], [-118.381928, 33.9349008], [-118.3820509, 33.9348284], [-118.3821058, 33.9347471], [-118.3821489, 33.9346782], [-118.3821601, 33.9346183], [-118.382303, 33.9344942]]}}, {"type": "Feature", "properties": {"aeroway": "parking_position", "ref": null, "name": null, "surface": null, "id": 1096143104}, "geometry": {"type": "LineString", "coordinates": [[-118.3821601, 33.9346183], [-118.3820081, 33.9347315]]}}, {"type": "Feature", "properties": {"aeroway": "parking_position", "ref": "8", "name": null, "surface": null, "id": 1096143105}, "geometry": {"type": "LineString", "coordinates": [[-118.3813101, 33.9342782], [-118.3813317, 33.9342354], [-118.3813666, 33.934192], [-118.3813966, 33.9341631], [-118.3814363, 33.9341324], [-118.3814802, 33.9341041], [-118.3815311, 33.934081], [-118.3815799, 33.9340648], [-118.3816384, 33.9340532], [-118.3817103, 33.9340468], [-118.3817709, 33.9340544], [-118.3818664, 33.9340729], [-118.3819452, 33.9341145], [-118.3820637, 33.9341845], [-118.3821362, 33.9341243], [-118.382194, 33.9340335], [-118.3822483, 33.9338304]]}}, {"type": "Feature", "properties": {"aeroway": "parking_position", "ref": null, "name": null, "surface": null, "id": 1096143106}, "geometry": {"type": "LineString", "coordinates": [[-118.3813025, 33.934199], [-118.3813624, 33.9341579], [-118.3814203, 33.9341284], [-118.3814914, 33.9341116], [-118.381566, 33.9341001], [-118.3816266, 33.9340925], [-118.3817123, 33.9341041], [-118.381796, 33.9341278], [-118.3819263, 33.934177], [-118.3819954, 33.934218], [-118.3820616, 33.9341573], [-118.382116, 33.9340966], [-118.3821592, 33.9340197], [-118.3821864, 33.9339387], [-118.3822087, 33.9338751], [-118.3822089, 33.9338685]]}}, {"type": "Feature", "properties": {"aeroway": "parking_position", "ref": null, "name": null, "surface": null, "id": 1096143107}, "geometry": {"type": "LineString", "coordinates": [[-118.3819863, 33.9340844], [-118.3822089, 33.9338685], [-118.3822483, 33.9338304], [-118.3824317, 33.9336524]]}}, {"type": "Feature", "properties": {"aeroway": "parking_position", "ref": "3", "name": null, "surface": null, "id": 1096143108}, "geometry": {"type": "LineString", "coordinates": [[-118.3812542, 33.9342023], [-118.3812298, 33.9341803], [-118.381181, 33.9341508], [-118.3811217, 33.9341236], [-118.381045, 33.9341028], [-118.3809809, 33.9340947], [-118.3809126, 33.9340959], [-118.3808338, 33.9341068], [-118.3807578, 33.934134], [-118.3807, 33.9341653], [-118.3806477, 33.9342029], [-118.3806142, 33.9342341], [-118.3805522, 33.9342069], [-118.3805139, 33.9341768], [-118.3804713, 33.9341311], [-118.3804337, 33.934086], [-118.3804107, 33.9340409], [-118.3803926, 33.933986], [-118.380394, 33.9339518], [-118.3802692, 33.9338477]]}}, {"type": "Feature", "properties": {"aeroway": "parking_position", "ref": null, "name": null, "surface": null, "id": 1096143109}, "geometry": {"type": "LineString", "coordinates": [[-118.380394, 33.9339518], [-118.3806212, 33.9341427]]}}, {"type": "Feature", "properties": {"aeroway": "parking_position", "ref": "2", "name": null, "surface": null, "id": 1096143110}, "geometry": {"type": "LineString", "coordinates": [[-118.3812522, 33.9348761], [-118.3812351, 33.9348582], [-118.3811964, 33.9348298], [-118.3811491, 33.9348085], [-118.3810927, 33.9347901], [-118.3810397, 33.9347745], [-118.3809856, 33.9347707], [-118.3809281, 33.9347693], [-118.3808837, 33.9347745], [-118.3808284, 33.934784], [-118.3807675, 33.9348043], [-118.380718, 33.9348227], [-118.380673, 33.9348515], [-118.3806297, 33.9348879], [-118.3806132, 33.9349049], [-118.380543, 33.9348688], [-118.3804832, 33.9348218], [-118.3804345, 33.9347583], [-118.380405, 33.9346968], [-118.3803946, 33.9346564], [-118.3803954, 33.9346319], [-118.3802614, 33.9345161]]}}, {"type": "Feature", "properties": {"aeroway": "parking_position", "ref": null, "name": null, "surface": null, "id": 1096143111}, "geometry": {"type": "LineString", "coordinates": [[-118.3803954, 33.9346319], [-118.380626, 33.9348172]]}}, {"type": "Feature", "properties": {"aeroway": "parking_position", "ref": null, "name": null, "surface": null, "id": 1096143112}, "geometry": {"type": "LineString", "coordinates": [[-118.3813015, 33.9335305], [-118.3813375, 33.9335022], [-118.3813825, 33.9334729], [-118.3814422, 33.9334512], [-118.3815312, 33.9334284], [-118.3816171, 33.9334218], [-118.3816725, 33.9334269], [-118.3817365, 33.933439], [-118.3818059, 33.9334603], [-118.3818778, 33.9335022], [-118.3819509, 33.9335578], [-118.3820777, 33.9334658], [-118.3821045, 33.9334365], [-118.3821361, 33.9333829], [-118.3821605, 33.9333223], [-118.3821709, 33.9332838], [-118.382166, 33.9332737], [-118.3822842, 33.9331747]]}}, {"type": "Feature", "properties": {"aeroway": "parking_position", "ref": null, "name": null, "surface": null, "id": 1096143113}, "geometry": {"type": "LineString", "coordinates": [[-118.382166, 33.9332737], [-118.3820222, 33.9333956]]}}, {"type": "Feature", "properties": {"aeroway": "parking_position", "ref": "7", "name": null, "surface": null, "id": 1096143114}, "geometry": {"type": "LineString", "coordinates": [[-118.38136, 33.9334673], [-118.3813966, 33.9334304], [-118.3814362, 33.9334001], [-118.3814751, 33.9333763], [-118.3815227, 33.9333541], [-118.3815775, 33.9333384], [-118.3816238, 33.9333263], [-118.3816597, 33.9333233], [-118.381731, 33.9333192], [-118.3817932, 33.9333273], [-118.3818462, 33.93334], [-118.381912, 33.9333622], [-118.381971, 33.9333956], [-118.3820558, 33.9334641], [-118.3821086, 33.9334216], [-118.3821508, 33.9333774], [-118.3821727, 33.9333379], [-118.3821983, 33.9332854], [-118.3822092, 33.9332545], [-118.3822159, 33.9331924], [-118.3822147, 33.9331484], [-118.3822105, 33.9331221]]}}, {"type": "Feature", "properties": {"aeroway": "parking_position", "ref": null, "name": null, "surface": null, "id": 1096143115}, "geometry": {"type": "LineString", "coordinates": [[-118.3819832, 33.9333566], [-118.3822105, 33.9331221], [-118.3823232, 33.9330053]]}}, {"type": "Feature", "properties": {"aeroway": "parking_position", "ref": "4", "name": null, "surface": null, "id": 1096143116}, "geometry": {"type": "LineString", "coordinates": [[-118.381251, 33.9335256], [-118.3812133, 33.9334972], [-118.3811666, 33.9334695], [-118.3811129, 33.9334475], [-118.3810446, 33.9334307], [-118.3809679, 33.9334209], [-118.3809094, 33.9334232], [-118.3808473, 33.9334319], [-118.3807825, 33.9334516], [-118.380724, 33.9334816], [-118.3806487, 33.9335175], [-118.3806117, 33.933558], [-118.3805671, 33.93354], [-118.380519, 33.9335088], [-118.3804835, 33.9334758], [-118.3804409, 33.9334319], [-118.3803984, 33.9333735], [-118.3803768, 33.9333075], [-118.3803698, 33.933263], [-118.3802513, 33.9331664]]}}, {"type": "Feature", "properties": {"aeroway": "parking_position", "ref": null, "name": null, "surface": null, "id": 1096143117}, "geometry": {"type": "LineString", "coordinates": [[-118.3803698, 33.933263], [-118.3805971, 33.9334539]]}}, {"type": "Feature", "properties": {"aeroway": "parking_position", "ref": "6", "name": null, "surface": null, "id": 1096143118}, "geometry": {"type": "LineString", "coordinates": [[-118.3813024, 33.932854], [-118.3813527, 33.9328179], [-118.3814141, 33.9327896], [-118.3814832, 33.9327641], [-118.3815737, 33.9327499], [-118.381653, 33.9327513], [-118.3817051, 33.9327549], [-118.3817588, 33.9327704], [-118.3818066, 33.9327867], [-118.3818646, 33.9328165], [-118.3819448, 33.9328844], [-118.382043, 33.9328349], [-118.3820882, 33.9327952], [-118.3821189, 33.9327464], [-118.3821471, 33.9326855], [-118.3821616, 33.9326189], [-118.3821616, 33.9325998], [-118.3822861, 33.9325014]]}}, {"type": "Feature", "properties": {"aeroway": "parking_position", "ref": null, "name": null, "surface": null, "id": 1096143119}, "geometry": {"type": "LineString", "coordinates": [[-118.3819346, 33.9327945], [-118.3821616, 33.9325998]]}}, {"type": "Feature", "properties": {"aeroway": "parking_position", "ref": "5", "name": null, "surface": null, "id": 1096143120}, "geometry": {"type": "LineString", "coordinates": [[-118.3812495, 33.9328536], [-118.3812044, 33.9328208], [-118.3811655, 33.9327995], [-118.3810966, 33.9327702], [-118.3810424, 33.9327591], [-118.3809857, 33.932751], [-118.3809279, 33.93275], [-118.3808511, 33.9327561], [-118.3807762, 33.9327793], [-118.3806909, 33.9328187], [-118.3806464, 33.9328531], [-118.3806147, 33.9328875], [-118.3805556, 33.9328607], [-118.380513, 33.9328288], [-118.380471, 33.9327879], [-118.3804307, 33.9327409], [-118.3804094, 33.9326984], [-118.3803948, 33.932655], [-118.3803844, 33.9326004], [-118.3802644, 33.9324993]]}}, {"type": "Feature", "properties": {"aeroway": "parking_position", "ref": null, "name": null, "surface": null, "id": 1096143121}, "geometry": {"type": "LineString", "coordinates": [[-118.3803844, 33.9326004], [-118.3806184, 33.9327924]]}}, {"type": "Feature", "properties": {"aeroway": "parking_position", "ref": "FDX6", "name": null, "surface": null, "id": 1096143122}, "geometry": {"type": "LineString", "coordinates": [[-118.3851346, 33.9349747], [-118.3861033, 33.9349764]]}}, {"type": "Feature", "properties": {"aeroway": "parking_position", "ref": "FDX7", "name": null, "surface": null, "id": 1096143123}, "geometry": {"type": "LineString", "coordinates": [[-118.3851321, 33.9344247], [-118.3861026, 33.9344229]]}}, {"type": "Feature", "properties": {"aeroway": "parking_position", "ref": "FDX8", "name": null, "surface": null, "id": 1096143124}, "geometry": {"type": "LineString", "coordinates": [[-118.3851296, 33.9338764], [-118.3855306, 33.9338775], [-118.3861326, 33.9338793]]}}, {"type": "Feature", "properties": {"aeroway": "parking_position", "ref": "FDX9", "name": null, "surface": null, "id": 1096143125}, "geometry": {"type": "LineString", "coordinates": [[-118.385127, 33.9333246], [-118.3861417, 33.9333206]]}}, {"type": "Feature", "properties": {"aeroway": "parking_position", "ref": null, "name": null, "surface": null, "id": 1096143126}, "geometry": {"type": "LineString", "coordinates": [[-118.3851339, 33.9329172], [-118.385121, 33.9328948], [-118.3851019, 33.9328635], [-118.3850568, 33.932816], [-118.3849991, 33.9327736], [-118.3849429, 33.9327441], [-118.3848929, 33.932728], [-118.3848516, 33.932718], [-118.3847162, 33.932713], [-118.3846427, 33.9327342], [-118.384592, 33.9327558], [-118.384464, 33.9328392], [-118.3843858, 33.9329183]]}}, {"type": "Feature", "properties": {"aeroway": "parking_position", "ref": null, "name": null, "surface": null, "id": 1096143127}, "geometry": {"type": "LineString", "coordinates": [[-118.3847193, 33.9329967], [-118.3846667, 33.9329819], [-118.3845553, 33.9329782], [-118.3844196, 33.9329819], [-118.3843335, 33.932984]]}}, {"type": "Feature", "properties": {"aeroway": "parking_position", "ref": "FDX11", "name": null, "surface": null, "id": 1096143128}, "geometry": {"type": "LineString", "coordinates": [[-118.3851325, 33.9322248], [-118.3860811, 33.932219]]}}, {"type": "Feature", "properties": {"aeroway": "parking_position", "ref": "FDX10", "name": null, "surface": null, "id": 1096143129}, "geometry": {"type": "LineString", "coordinates": [[-118.3851327, 33.932776], [-118.3861138, 33.9327765]]}}, {"type": "Feature", "properties": {"aeroway": "parking_position", "ref": "JAL2", "name": null, "surface": null, "id": 1096143131}, "geometry": {"type": "LineString", "coordinates": [[-118.390603, 33.9353154], [-118.3905836, 33.9339611], [-118.3905814, 33.9338782], [-118.3906731, 33.9338095], [-118.3907537, 33.933778], [-118.3908409, 33.9337631], [-118.3909543, 33.9337724]]}}, {"type": "Feature", "properties": {"aeroway": "parking_position", "ref": null, "name": null, "surface": null, "id": 1096143132}, "geometry": {"type": "LineString", "coordinates": [[-118.3909848, 33.9337854], [-118.3905836, 33.9339611]]}}, {"type": "Feature", "properties": {"aeroway": "parking_position", "ref": "JAL1", "name": null, "surface": null, "id": 1096143133}, "geometry": {"type": "LineString", "coordinates": [[-118.3897975, 33.9353995], [-118.389783, 33.9340851], [-118.3897846, 33.9340002], [-118.3897825, 33.9337737]]}}, {"type": "Feature", "properties": {"aeroway": "parking_position", "ref": null, "name": null, "surface": null, "id": 1096143134}, "geometry": {"type": "LineString", "coordinates": [[-118.3901377, 33.9337856], [-118.3900451, 33.9338077], [-118.3899669, 33.9338256], [-118.3899024, 33.933858], [-118.3898457, 33.9339094], [-118.3898171, 33.9339429], [-118.3897846, 33.9340002]]}}, {"type": "Feature", "properties": {"aeroway": "parking_position", "ref": null, "name": null, "surface": null, "id": 1096143135}, "geometry": {"type": "LineString", "coordinates": [[-118.389783, 33.9340851], [-118.390185, 33.9337248]]}}, {"type": "Feature", "properties": {"aeroway": "parking_position", "ref": "FDX2", "name": null, "surface": null, "id": 1096143136}, "geometry": {"type": "LineString", "coordinates": [[-118.3891785, 33.9349204], [-118.3891241, 33.9342583], [-118.388986, 33.9336746]]}}, {"type": "Feature", "properties": {"aeroway": "parking_position", "ref": "FDX3", "name": null, "surface": null, "id": 1096143137}, "geometry": {"type": "LineString", "coordinates": [[-118.3885365, 33.9349885], [-118.3883437, 33.9337946]]}}, {"type": "Feature", "properties": {"aeroway": "parking_position", "ref": "FDX4", "name": null, "surface": null, "id": 1096143138}, "geometry": {"type": "LineString", "coordinates": [[-118.3878598, 33.9349075], [-118.3876832, 33.9338342]]}}, {"type": "Feature", "properties": {"aeroway": "parking_position", "ref": "FDX5", "name": null, "surface": null, "id": 1096143139}, "geometry": {"type": "LineString", "coordinates": [[-118.3871606, 33.9348053], [-118.3870365, 33.9339545]]}}, {"type": "Feature", "properties": {"aeroway": "parking_position", "ref": null, "name": null, "surface": null, "id": 1096143141}, "geometry": {"type": "LineString", "coordinates": [[-118.3915426, 33.9346573], [-118.3915434, 33.9347253], [-118.3915471, 33.9348286], [-118.3916007, 33.9349702], [-118.391657, 33.9350433], [-118.3917236, 33.9350968], [-118.3917922, 33.9351385], [-118.3918926, 33.9351716], [-118.3919874, 33.9351873]]}}, {"type": "Feature", "properties": {"aeroway": "parking_position", "ref": null, "name": null, "surface": null, "id": 1096143142}, "geometry": {"type": "LineString", "coordinates": [[-118.3923312, 33.9345971], [-118.392331, 33.9346451], [-118.3923309, 33.9347587], [-118.3923228, 33.9348742], [-118.3922951, 33.934943], [-118.392249, 33.9350229], [-118.3921732, 33.9351019], [-118.3920759, 33.9351572], [-118.3919874, 33.9351873]]}}, {"type": "Feature", "properties": {"aeroway": "parking_position", "ref": "4", "name": null, "surface": null, "id": 1096143143}, "geometry": {"type": "LineString", "coordinates": [[-118.4032058, 33.9340286], [-118.4031086, 33.933979], [-118.4030412, 33.9339245], [-118.4029746, 33.9338452], [-118.4029388, 33.933768], [-118.4029217, 33.9336817], [-118.4029303, 33.9336038], [-118.4029422, 33.9335465], [-118.4029618, 33.9334905], [-118.4029857, 33.9334573], [-118.4029029, 33.9329192]]}}, {"type": "Feature", "properties": {"aeroway": "parking_position", "ref": null, "name": null, "surface": null, "id": 1096143144}, "geometry": {"type": "LineString", "coordinates": [[-118.4029328, 33.934054], [-118.4029763, 33.9340236], [-118.4030207, 33.933979], [-118.4030668, 33.9339195], [-118.4030966, 33.933848], [-118.4031146, 33.933785], [-118.4031188, 33.9337397], [-118.403118, 33.9337029], [-118.4031103, 33.9336626], [-118.4030872, 33.933601], [-118.4030565, 33.9335337], [-118.4029857, 33.9334573]]}}, {"type": "Feature", "properties": {"aeroway": "parking_position", "ref": "5", "name": null, "surface": null, "id": 1096143145}, "geometry": {"type": "LineString", "coordinates": [[-118.4036931, 33.9328874], [-118.4037672, 33.9333778], [-118.403765, 33.9333818], [-118.4037556, 33.9333985], [-118.4037211, 33.933472], [-118.4037118, 33.9335183], [-118.4037068, 33.9335544], [-118.4037057, 33.9335847], [-118.4037063, 33.9336156], [-118.4037135, 33.9336621], [-118.4037286, 33.9337069], [-118.4037388, 33.9337324], [-118.4037661, 33.9337789], [-118.4037899, 33.9338129], [-118.4038329, 33.9338579], [-118.4038903, 33.933901], [-118.403922, 33.9339201], [-118.4039565, 33.9339369], [-118.4039844, 33.9339499]]}}, {"type": "Feature", "properties": {"aeroway": "parking_position", "ref": null, "name": null, "surface": null, "id": 1096143146}, "geometry": {"type": "LineString", "coordinates": [[-118.4037176, 33.9339774], [-118.4037568, 33.9339463], [-118.4037829, 33.933921], [-118.4038064, 33.9338967], [-118.4038299, 33.9338642], [-118.4038453, 33.933842], [-118.4038651, 33.9338018], [-118.4038781, 33.9337746], [-118.4038903, 33.9337237], [-118.4038973, 33.9336748], [-118.4038973, 33.933643], [-118.4038924, 33.9335987], [-118.4038822, 33.9335539], [-118.4038665, 33.9335192], [-118.4038442, 33.9334766], [-118.403816, 33.9334349], [-118.4037783, 33.9333925], [-118.403765, 33.9333818]]}}, {"type": "Feature", "properties": {"aeroway": "parking_position", "ref": "B", "name": null, "surface": null, "id": 1096143147}, "geometry": {"type": "LineString", "coordinates": [[-118.4047371, 33.932439], [-118.4048609, 33.9332738], [-118.4048355, 33.933316], [-118.4048205, 33.9333506], [-118.4048101, 33.9333798], [-118.4048016, 33.9334187], [-118.4047977, 33.9334809], [-118.4048062, 33.933549], [-118.4048205, 33.9335976], [-118.4048466, 33.9336539], [-118.4048765, 33.9336977], [-118.4049293, 33.9337528], [-118.4049795, 33.9337907], [-118.4050349, 33.9338215], [-118.405095, 33.933853]]}}, {"type": "Feature", "properties": {"aeroway": "parking_position", "ref": null, "name": null, "surface": null, "id": 1096143148}, "geometry": {"type": "LineString", "coordinates": [[-118.404777, 33.933886], [-118.4048035, 33.9338755], [-118.4048302, 33.933857], [-118.404856, 33.9338379], [-118.4048822, 33.9338129], [-118.4048999, 33.9337917], [-118.4049237, 33.9337616], [-118.4049379, 33.9337408], [-118.4049603, 33.9337021], [-118.4049731, 33.9336705], [-118.4049821, 33.9336368], [-118.4049911, 33.9336074], [-118.4049934, 33.9335729], [-118.4049937, 33.933545], [-118.4049916, 33.9335178], [-118.4049861, 33.9334853], [-118.4049829, 33.933467], [-118.4049649, 33.9334108], [-118.4049458, 33.933373], [-118.4049295, 33.9333496], [-118.4048961, 33.9333048], [-118.4048758, 33.9332863], [-118.4048609, 33.9332738]]}}, {"type": "Feature", "properties": {"aeroway": "parking_position", "ref": "3", "name": null, "surface": null, "id": 1096143149}, "geometry": {"type": "LineString", "coordinates": [[-118.4024357, 33.9341101], [-118.4023967, 33.9340965], [-118.4023382, 33.9340621], [-118.4022797, 33.9340201], [-118.4022462, 33.9339853], [-118.4021951, 33.9339191], [-118.4021737, 33.9338761], [-118.4021506, 33.9337998], [-118.4021451, 33.9337421], [-118.4021506, 33.933682], [-118.4021609, 33.933635], [-118.4021859, 33.9335718], [-118.4022078, 33.9335425], [-118.4021341, 33.9330446]]}}, {"type": "Feature", "properties": {"aeroway": "parking_position", "ref": null, "name": null, "surface": null, "id": 1096143150}, "geometry": {"type": "LineString", "coordinates": [[-118.4022078, 33.9335425], [-118.4022436, 33.9335772], [-118.4022634, 33.9336012], [-118.402284, 33.933633], [-118.4023014, 33.9336648], [-118.4023205, 33.9337087], [-118.4023316, 33.9337501], [-118.4023351, 33.933793], [-118.4023371, 33.9338409], [-118.4023293, 33.933892], [-118.4023124, 33.9339517], [-118.4022912, 33.9339951], [-118.4022648, 33.9340312], [-118.402223, 33.9340823], [-118.4021855, 33.9341177], [-118.4021588, 33.9341346]]}}, {"type": "Feature", "properties": {"aeroway": "parking_position", "ref": "1", "name": null, "surface": null, "id": 1096143151}, "geometry": {"type": "LineString", "coordinates": [[-118.400885, 33.934269], [-118.4008428, 33.9342527], [-118.4007985, 33.934226], [-118.400738, 33.9341841], [-118.4006975, 33.9341477], [-118.4006523, 33.9340932], [-118.4006262, 33.934047], [-118.4006045, 33.9340001], [-118.4005949, 33.9339503], [-118.4005888, 33.9339023], [-118.4005944, 33.933842], [-118.4006105, 33.9337832], [-118.4006236, 33.9337485], [-118.4006432, 33.9337125], [-118.4006488, 33.9337042], [-118.4005714, 33.9331866]]}}, {"type": "Feature", "properties": {"aeroway": "parking_position", "ref": null, "name": null, "surface": null, "id": 1096143152}, "geometry": {"type": "LineString", "coordinates": [[-118.4006488, 33.9337042], [-118.4006662, 33.9337146], [-118.4006945, 33.933746], [-118.4007162, 33.9337731], [-118.4007363, 33.9338027], [-118.4007519, 33.9338352], [-118.4007737, 33.9338969], [-118.4007806, 33.9339586], [-118.4007789, 33.9340156], [-118.4007715, 33.9340564], [-118.4007589, 33.9341011], [-118.4007384, 33.9341426], [-118.4007145, 33.9341791], [-118.4006762, 33.9342336], [-118.4006349, 33.9342682], [-118.4005979, 33.9342953]]}}, {"type": "Feature", "properties": {"aeroway": "parking_position", "ref": "2", "name": null, "surface": null, "id": 1096143153}, "geometry": {"type": "LineString", "coordinates": [[-118.4016618, 33.9341877], [-118.4016256, 33.9341735], [-118.4015739, 33.9341448], [-118.4015166, 33.9341077], [-118.4014735, 33.9340672], [-118.4014223, 33.9340021], [-118.401393, 33.9339444], [-118.4013767, 33.9338941], [-118.4013698, 33.9338267], [-118.4013706, 33.9337609], [-118.401382, 33.9337201], [-118.4014064, 33.9336597], [-118.4014271, 33.9336239], [-118.4013519, 33.9330976]]}}, {"type": "Feature", "properties": {"aeroway": "parking_position", "ref": null, "name": null, "surface": null, "id": 1096143154}, "geometry": {"type": "LineString", "coordinates": [[-118.4014271, 33.9336239], [-118.4014646, 33.9336587], [-118.4014987, 33.9336978], [-118.4015142, 33.9337194], [-118.4015268, 33.9337467], [-118.4015516, 33.9338182], [-118.4015589, 33.9338823], [-118.4015544, 33.9339512], [-118.4015398, 33.9340082], [-118.4015158, 33.9340618], [-118.401489, 33.934104], [-118.4014536, 33.9341516], [-118.4014133, 33.9341873], [-118.4013767, 33.934216]]}}, {"type": "Feature", "properties": {"aeroway": "parking_position", "ref": "C", "name": null, "surface": null, "id": 1096143155}, "geometry": {"type": "LineString", "coordinates": [[-118.4056383, 33.9337967], [-118.4056964, 33.9337646], [-118.4057286, 33.9337332], [-118.405773, 33.9336805], [-118.4057867, 33.9336604], [-118.4058039, 33.933635], [-118.4058391, 33.9335567], [-118.4058495, 33.9335044], [-118.4058513, 33.9334679], [-118.4058495, 33.9334167], [-118.4058448, 33.9333896], [-118.4058239, 33.9333214], [-118.4057969, 33.9332712], [-118.4057699, 33.9332326], [-118.4057386, 33.9331958], [-118.405719, 33.9331821], [-118.4056464, 33.9326826]]}}, {"type": "Feature", "properties": {"aeroway": "parking_position", "ref": null, "name": null, "surface": null, "id": 1096143156}, "geometry": {"type": "LineString", "coordinates": [[-118.405719, 33.9331821], [-118.4057025, 33.9332117], [-118.4056838, 33.9332453], [-118.405669, 33.9332824], [-118.4056595, 33.9333322], [-118.405656, 33.933408], [-118.4056647, 33.9334542], [-118.4056782, 33.933508], [-118.4057064, 33.933565], [-118.4057343, 33.9336061], [-118.4057867, 33.9336604], [-118.4058278, 33.9336942], [-118.4058922, 33.9337346], [-118.4059582, 33.9337635]]}}, {"type": "Feature", "properties": {"aeroway": "parking_position", "ref": null, "name": null, "surface": null, "id": 1096143167}, "geometry": {"type": "LineString", "coordinates": [[-118.4189851, 33.9384597], [-118.4196481, 33.9383894]]}}, {"type": "Feature", "properties": {"aeroway": "parking_position", "ref": null, "name": null, "surface": null, "id": 1096143168}, "geometry": {"type": "LineString", "coordinates": [[-118.4207151, 33.9386037], [-118.4201882, 33.938653]]}}, {"type": "Feature", "properties": {"aeroway": "parking_position", "ref": null, "name": null, "surface": null, "id": 1096143169}, "geometry": {"type": "LineString", "coordinates": [[-118.4201306, 33.9382022], [-118.4206481, 33.9381509]]}}, {"type": "Feature", "properties": {"aeroway": "parking_position", "ref": null, "name": null, "surface": null, "id": 1096143170}, "geometry": {"type": "LineString", "coordinates": [[-118.4215258, 33.9381466], [-118.420906, 33.9382122]]}}, {"type": "Feature", "properties": {"aeroway": "parking_position", "ref": null, "name": null, "surface": null, "id": 1096143171}, "geometry": {"type": "LineString", "coordinates": [[-118.4215026, 33.938061], [-118.4208871, 33.9381216]]}}, {"type": "Feature", "properties": {"aeroway": "parking_position", "ref": null, "name": null, "surface": null, "id": 1096143172}, "geometry": {"type": "LineString", "coordinates": [[-118.421586, 33.9385833], [-118.4209639, 33.9386431]]}}, {"type": "Feature", "properties": {"aeroway": "parking_position", "ref": null, "name": null, "surface": null, "id": 1096143173}, "geometry": {"type": "LineString", "coordinates": [[-118.4215649, 33.9384586], [-118.4209474, 33.9385228]]}}, {"type": "Feature", "properties": {"aeroway": "parking_position", "ref": null, "name": null, "surface": null, "id": 1096143175}, "geometry": {"type": "LineString", "coordinates": [[-118.4236196, 33.9378443], [-118.4231069, 33.9378933]]}}, {"type": "Feature", "properties": {"aeroway": "parking_position", "ref": null, "name": null, "surface": null, "id": 1096143176}, "geometry": {"type": "LineString", "coordinates": [[-118.4237085, 33.938466], [-118.4230864, 33.9385275]]}}, {"type": "Feature", "properties": {"aeroway": "parking_position", "ref": null, "name": null, "surface": null, "id": 1096143177}, "geometry": {"type": "LineString", "coordinates": [[-118.423526, 33.938772], [-118.4235887, 33.9392157]]}}, {"type": "Feature", "properties": {"aeroway": "parking_position", "ref": null, "name": null, "surface": null, "id": 1096143178}, "geometry": {"type": "LineString", "coordinates": [[-118.4232007, 33.9387582], [-118.4232744, 33.9392521]]}}, {"type": "Feature", "properties": {"aeroway": "parking_position", "ref": null, "name": null, "surface": null, "id": 1096143179}, "geometry": {"type": "LineString", "coordinates": [[-118.4230307, 33.9387783], [-118.4230979, 33.9392698]]}}, {"type": "Feature", "properties": {"aeroway": "parking_position", "ref": null, "name": null, "surface": null, "id": 1096143180}, "geometry": {"type": "LineString", "coordinates": [[-118.4196986, 33.9387553], [-118.4190418, 33.938822]]}}, {"type": "Feature", "properties": {"aeroway": "parking_position", "ref": null, "name": null, "surface": null, "id": 1096143181}, "geometry": {"type": "LineString", "coordinates": [[-118.4197587, 33.9391158], [-118.4190903, 33.9391845]]}}, {"type": "Feature", "properties": {"aeroway": "parking_position", "ref": null, "name": null, "surface": null, "id": 1096143182}, "geometry": {"type": "LineString", "coordinates": [[-118.4198103, 33.9394804], [-118.4191425, 33.9395491]]}}, {"type": "Feature", "properties": {"aeroway": "parking_position", "ref": null, "name": null, "surface": null, "id": 1096143183}, "geometry": {"type": "LineString", "coordinates": [[-118.4198631, 33.939845], [-118.4191983, 33.9399091]]}}, {"type": "Feature", "properties": {"aeroway": "parking_position", "ref": "141", "name": "141", "surface": null, "id": 1096143184}, "geometry": {"type": "LineString", "coordinates": [[-118.4102659, 33.947322], [-118.4103686, 33.946677]]}}, {"type": "Feature", "properties": {"aeroway": "parking_position", "ref": "139", "name": null, "surface": null, "id": 1096143185}, "geometry": {"type": "LineString", "coordinates": [[-118.4094511, 33.9473468], [-118.4100329, 33.9467575]]}}, {"type": "Feature", "properties": {"aeroway": "parking_position", "ref": "137", "name": null, "surface": null, "id": 1096143186}, "geometry": {"type": "LineString", "coordinates": [[-118.4091854, 33.9466532], [-118.4099359, 33.9465162]]}}, {"type": "Feature", "properties": {"aeroway": "parking_position", "ref": "135", "name": null, "surface": null, "id": 1096143187}, "geometry": {"type": "LineString", "coordinates": [[-118.4091301, 33.9459263], [-118.4091802, 33.9459063], [-118.4092394, 33.9458959], [-118.4093166, 33.9458905], [-118.4093858, 33.9459009], [-118.4094565, 33.9459246], [-118.4095077, 33.9459487], [-118.4095458, 33.9459741], [-118.4095764, 33.946002], [-118.4095974, 33.9460261], [-118.4096165, 33.9460661], [-118.4099828, 33.9462117]]}}, {"type": "Feature", "properties": {"aeroway": "parking_position", "ref": "135", "name": null, "surface": null, "id": 1096143188}, "geometry": {"type": "LineString", "coordinates": [[-118.4096165, 33.9460661], [-118.4094254, 33.9459937]]}}, {"type": "Feature", "properties": {"aeroway": "parking_position", "ref": "133", "name": null, "surface": null, "id": 1096143189}, "geometry": {"type": "LineString", "coordinates": [[-118.4090367, 33.9455408], [-118.4102823, 33.9454135]]}}, {"type": "Feature", "properties": {"aeroway": "parking_position", "ref": "131", "name": null, "surface": null, "id": 1096143190}, "geometry": {"type": "LineString", "coordinates": [[-118.4090339, 33.9450008], [-118.4092451, 33.9448056], [-118.4092909, 33.9447816], [-118.4093573, 33.9447718], [-118.40946, 33.9447941], [-118.4096336, 33.9448228], [-118.4101948, 33.9447548]]}}, {"type": "Feature", "properties": {"aeroway": "parking_position", "ref": "131", "name": null, "surface": null, "id": 1096143191}, "geometry": {"type": "LineString", "coordinates": [[-118.4096336, 33.9448228], [-118.4094755, 33.9448437]]}}, {"type": "Feature", "properties": {"aeroway": "parking_position", "ref": null, "name": null, "surface": null, "id": 1096143193}, "geometry": {"type": "LineString", "coordinates": [[-118.4089876, 33.946021], [-118.4089694, 33.9459864], [-118.4089534, 33.9459655], [-118.4089281, 33.9459385], [-118.4088951, 33.9459111], [-118.4088568, 33.9458822], [-118.4088354, 33.9458613], [-118.4088178, 33.9458352], [-118.4087975, 33.9457987], [-118.4087879, 33.9457574], [-118.4087678, 33.9456234], [-118.4087228, 33.9453243]]}}, {"type": "Feature", "properties": {"aeroway": "parking_position", "ref": null, "name": null, "surface": null, "id": 1096143194}, "geometry": {"type": "LineString", "coordinates": [[-118.4091812, 33.9452766], [-118.4092249, 33.945568], [-118.4092337, 33.9456125], [-118.4092318, 33.9456611], [-118.4092169, 33.9457097], [-118.4091747, 33.945779], [-118.4090939, 33.9458565], [-118.409025, 33.9459305], [-118.4090127, 33.9459531], [-118.409002, 33.9459798], [-118.408997, 33.9460052], [-118.4089916, 33.9460482]]}}, {"type": "Feature", "properties": {"aeroway": "parking_position", "ref": "22", "name": null, "surface": null, "id": 1096143204}, "geometry": {"type": "LineString", "coordinates": [[-118.4052877, 33.9461615], [-118.4045501, 33.9460879]]}}, {"type": "Feature", "properties": {"aeroway": "parking_position", "ref": "26B", "name": null, "surface": null, "id": 1096143206}, "geometry": {"type": "LineString", "coordinates": [[-118.4054603, 33.9471445], [-118.404813, 33.9469425]]}}, {"type": "Feature", "properties": {"aeroway": "parking_position", "ref": "24", "name": null, "surface": null, "id": 1096143209}, "geometry": {"type": "LineString", "coordinates": [[-118.4053865, 33.9466165], [-118.4047009, 33.9465496]]}}, {"type": "Feature", "properties": {"aeroway": "parking_position", "ref": "26", "name": null, "surface": null, "id": 1096143210}, "geometry": {"type": "LineString", "coordinates": [[-118.4054985, 33.9477117], [-118.4046483, 33.947035]]}}, {"type": "Feature", "properties": {"aeroway": "parking_position", "ref": "26A", "name": null, "surface": null, "id": 1096143211}, "geometry": {"type": "LineString", "coordinates": [[-118.4052703, 33.947709], [-118.4047512, 33.9471783]]}}, {"type": "Feature", "properties": {"aeroway": "parking_position", "ref": "28", "name": null, "surface": null, "id": 1096143212}, "geometry": {"type": "LineString", "coordinates": [[-118.4045535, 33.9476757], [-118.4043686, 33.9471657]]}}, {"type": "Feature", "properties": {"aeroway": "parking_position", "ref": "27", "name": null, "surface": null, "id": 1096143213}, "geometry": {"type": "LineString", "coordinates": [[-118.4040022, 33.9478723], [-118.4040576, 33.9473037]]}}, {"type": "Feature", "properties": {"aeroway": "parking_position", "ref": "25A", "name": null, "surface": null, "id": 1096143214}, "geometry": {"type": "LineString", "coordinates": [[-118.40343, 33.9478903], [-118.4037008, 33.9473683]]}}, {"type": "Feature", "properties": {"aeroway": "parking_position", "ref": "25", "name": null, "surface": null, "id": 1096143215}, "geometry": {"type": "LineString", "coordinates": [[-118.403033, 33.9478643], [-118.403745, 33.9472143]]}}, {"type": "Feature", "properties": {"aeroway": "parking_position", "ref": "25B", "name": null, "surface": null, "id": 1096143216}, "geometry": {"type": "LineString", "coordinates": [[-118.40273, 33.947641], [-118.4034549, 33.947255]]}}, {"type": "Feature", "properties": {"aeroway": "parking_position", "ref": "23B", "name": null, "surface": null, "id": 1096143217}, "geometry": {"type": "LineString", "coordinates": [[-118.4027372, 33.947055], [-118.4035272, 33.9469637]]}}, {"type": "Feature", "properties": {"aeroway": "parking_position", "ref": "23", "name": null, "surface": null, "id": 1096143218}, "geometry": {"type": "LineString", "coordinates": [[-118.4026826, 33.9470277], [-118.4035939, 33.9466163]]}}, {"type": "Feature", "properties": {"aeroway": "parking_position", "ref": "23A", "name": null, "surface": null, "id": 1096143219}, "geometry": {"type": "LineString", "coordinates": [[-118.4026239, 33.9466923], [-118.4034935, 33.9466077]]}}, {"type": "Feature", "properties": {"aeroway": "parking_position", "ref": "21", "name": null, "surface": null, "id": 1096143220}, "geometry": {"type": "LineString", "coordinates": [[-118.4025499, 33.9463792], [-118.403474, 33.9460911]]}}, {"type": "Feature", "properties": {"aeroway": "parking_position", "ref": "12B", "name": null, "surface": null, "id": 1096143222}, "geometry": {"type": "LineString", "coordinates": [[-118.4024397, 33.9464398], [-118.4024111, 33.9464286], [-118.4023585, 33.9464182], [-118.4023189, 33.9464178], [-118.4022803, 33.9464248], [-118.4022386, 33.9464369], [-118.4022181, 33.9464477], [-118.4021865, 33.9464723], [-118.4016153, 33.9465076]]}}, {"type": "Feature", "properties": {"aeroway": "parking_position", "ref": "14", "name": null, "surface": null, "id": 1096143223}, "geometry": {"type": "LineString", "coordinates": [[-118.4024922, 33.9468031], [-118.4024664, 33.9467919], [-118.4024238, 33.9467807], [-118.4023869, 33.946781], [-118.4023471, 33.9467844], [-118.4023086, 33.9467963], [-118.4022775, 33.9468113], [-118.4022521, 33.9468286], [-118.4022382, 33.9468418], [-118.4016584, 33.9468996]]}}, {"type": "Feature", "properties": {"aeroway": "parking_position", "ref": "16", "name": null, "surface": null, "id": 1096143224}, "geometry": {"type": "LineString", "coordinates": [[-118.4025508, 33.9471839], [-118.4025066, 33.9471665], [-118.402475, 33.9471603], [-118.4024365, 33.9471592], [-118.4023926, 33.9471658], [-118.4023611, 33.9471767], [-118.40233, 33.9471887], [-118.4022901, 33.9472167], [-118.4017361, 33.9472683]]}}, {"type": "Feature", "properties": {"aeroway": "parking_position", "ref": "18A", "name": null, "surface": null, "id": 1096143225}, "geometry": {"type": "LineString", "coordinates": [[-118.4026345, 33.9477794], [-118.4026087, 33.9477541], [-118.402559, 33.9477249], [-118.4025262, 33.947716], [-118.4024362, 33.9476989], [-118.4021451, 33.947653], [-118.4017813, 33.9475387]]}}, {"type": "Feature", "properties": {"aeroway": "parking_position", "ref": "18B", "name": null, "surface": null, "id": 1096143226}, "geometry": {"type": "LineString", "coordinates": [[-118.4021364, 33.9483045], [-118.4020673, 33.9482862], [-118.4020249, 33.9482688], [-118.4019863, 33.9482439], [-118.4019429, 33.948191], [-118.4019193, 33.9481531], [-118.401893, 33.9480877], [-118.4018683, 33.9480228], [-118.401849, 33.9479885], [-118.4018302, 33.9479605], [-118.401805, 33.9479311], [-118.4017642, 33.9479035], [-118.4017326, 33.9478675], [-118.4016323, 33.9477513]]}}, {"type": "Feature", "properties": {"aeroway": "parking_position", "ref": "17B", "name": null, "surface": null, "id": 1096143227}, "geometry": {"type": "LineString", "coordinates": [[-118.4011994, 33.9484023], [-118.4011845, 33.9483846], [-118.4011659, 33.9483529], [-118.4011539, 33.9483101], [-118.4011594, 33.9482693], [-118.4011724, 33.9482373], [-118.4011915, 33.9482023], [-118.4012156, 33.9481853], [-118.4012336, 33.9481703], [-118.4013153, 33.9477273]]}}, {"type": "Feature", "properties": {"aeroway": "parking_position", "ref": "17A", "name": null, "surface": null, "id": 1096143228}, "geometry": {"type": "LineString", "coordinates": [[-118.4008468, 33.9484376], [-118.4007091, 33.9484339], [-118.4006574, 33.9484278], [-118.4006101, 33.9484107], [-118.4005785, 33.9483881], [-118.4005496, 33.9483609], [-118.4005312, 33.9483281], [-118.4005228, 33.9482892], [-118.4005316, 33.9482267], [-118.4005531, 33.948194], [-118.400582, 33.9481638], [-118.4007718, 33.9480286], [-118.400809, 33.9480009], [-118.4008366, 33.9479733], [-118.4009427, 33.9478661]]}}, {"type": "Feature", "properties": {"aeroway": "parking_position", "ref": "15", "name": null, "surface": null, "id": 1096143229}, "geometry": {"type": "LineString", "coordinates": [[-118.4000736, 33.9479052], [-118.4001136, 33.9478602], [-118.4001332, 33.9478449], [-118.400181, 33.9478227], [-118.4002289, 33.9478062], [-118.4002902, 33.9477919], [-118.400384, 33.9477722], [-118.4004438, 33.9477556], [-118.400813, 33.9476012]]}}, {"type": "Feature", "properties": {"aeroway": "parking_position", "ref": "13", "name": null, "surface": null, "id": 1096143230}, "geometry": {"type": "LineString", "coordinates": [[-118.4001342, 33.9473711], [-118.4001739, 33.9473409], [-118.4002063, 33.9473238], [-118.4002602, 33.9473104], [-118.400301, 33.9473071], [-118.4003387, 33.9473133], [-118.400414, 33.947343], [-118.4008615, 33.9473009]]}}, {"type": "Feature", "properties": {"aeroway": "parking_position", "ref": "11B", "name": null, "surface": null, "id": 1096143231}, "geometry": {"type": "LineString", "coordinates": [[-118.4001341, 33.9469949], [-118.4001752, 33.9469618], [-118.4002313, 33.9469407], [-118.4002799, 33.9469294], [-118.4003321, 33.946933], [-118.4003768, 33.9469461], [-118.400411, 33.9469638], [-118.4008203, 33.9469221]]}}, {"type": "Feature", "properties": {"aeroway": "parking_position", "ref": "11A", "name": null, "surface": null, "id": 1096143232}, "geometry": {"type": "LineString", "coordinates": [[-118.4001243, 33.9468473], [-118.4001358, 33.9468018], [-118.4001463, 33.9467774], [-118.4001568, 33.9467553], [-118.4001761, 33.946724], [-118.4002011, 33.9466989], [-118.4002493, 33.9466629], [-118.400326, 33.9466226], [-118.4005648, 33.946499], [-118.4005832, 33.9464895], [-118.4006222, 33.9465095], [-118.4006516, 33.9465357], [-118.4006779, 33.9465691], [-118.4008098, 33.9465778]]}}, {"type": "Feature", "properties": {"aeroway": "parking_position", "ref": null, "name": null, "surface": null, "id": 1096143235}, "geometry": {"type": "LineString", "coordinates": [[-118.4001352, 33.9464556], [-118.4000382, 33.9461263]]}}, {"type": "Feature", "properties": {"aeroway": "taxiway", "ref": null, "name": null, "surface": null, "id": 1096143238}, "geometry": {"type": "LineString", "coordinates": [[-118.3939711, 33.9362627], [-118.3939009, 33.9362962], [-118.3938449, 33.9363411], [-118.3938073, 33.9363793], [-118.3937799, 33.9364131], [-118.3937492, 33.9364639], [-118.3937346, 33.9365061], [-118.3937268, 33.9365456], [-118.3937111, 33.9366602]]}}, {"type": "Feature", "properties": {"aeroway": "taxiway", "ref": null, "name": null, "surface": null, "id": 1096143239}, "geometry": {"type": "LineString", "coordinates": [[-118.3937111, 33.9366602], [-118.3936948, 33.9365987], [-118.3936765, 33.9365587], [-118.3936518, 33.936516], [-118.3936298, 33.9364844], [-118.3935976, 33.936451], [-118.3935542, 33.9364159], [-118.3935118, 33.9363878], [-118.3934766, 33.9363687], [-118.3934217, 33.9363464], [-118.3933493, 33.936322], [-118.3932688, 33.9363139], [-118.393124, 33.9363041]]}}, {"type": "Feature", "properties": {"aeroway": "taxiway", "ref": "A5", "name": null, "surface": null, "id": 1098598223}, "geometry": {"type": "LineString", "coordinates": [[-118.3938819, 33.934353], [-118.3938804, 33.9341026], [-118.3938794, 33.9336908]]}}, {"type": "Feature", "properties": {"aeroway": "runway", "ref": "06R/24L", "name": null, "surface": "concrete", "id": 1148134685}, "geometry": {"type": "LineString", "coordinates": [[-118.434692, 33.9468183], [-118.434087, 33.9468803], [-118.4337238, 33.9469175], [-118.4329168, 33.9470001]]}}, {"type": "Feature", "properties": {"aeroway": "apron", "ref": null, "name": null, "surface": null, "id": 1148853545}, "geometry": {"type": "Polygon", "coordinates": [[[-118.408738, 33.9471345], [-118.4086876, 33.9471511], [-118.4086588, 33.9471487], [-118.4081001, 33.9472043], [-118.407297, 33.947291], [-118.4063852, 33.9473895], [-118.4062993, 33.9468507], [-118.4068638, 33.9467937], [-118.4079609, 33.9466786], [-118.408645, 33.9466137], [-118.408738, 33.9471345]]]}}, {"type": "Feature", "properties": {"aeroway": "apron", "ref": null, "name": null, "surface": null, "id": 1148853546}, "geometry": {"type": "Polygon", "coordinates": [[[-118.408645, 33.9466137], [-118.4079609, 33.9466786], [-118.4078573, 33.9459667], [-118.4077976, 33.9455931], [-118.408474, 33.9455245], [-118.408645, 33.9466137]]]}}, {"type": "Feature", "properties": {"aeroway": "apron", "ref": null, "name": null, "surface": null, "id": 1148853547}, "geometry": {"type": "Polygon", "coordinates": [[[-118.4077976, 33.9455931], [-118.4074915, 33.9456211], [-118.407594, 33.9462998], [-118.4078992, 33.9462682], [-118.4077976, 33.9455931]]]}}, {"type": "Feature", "properties": {"aeroway": "apron", "ref": null, "name": null, "surface": null, "id": 1148853548}, "geometry": {"type": "Polygon", "coordinates": [[[-118.4068638, 33.9467937], [-118.406808, 33.9463822], [-118.4062331, 33.9464344], [-118.4062993, 33.9468507], [-118.4068638, 33.9467937]]]}}, {"type": "Feature", "properties": {"aeroway": "apron", "ref": null, "name": null, "surface": null, "id": 1148853549}, "geometry": {"type": "Polygon", "coordinates": [[[-118.4069999, 33.9463649], [-118.4069034, 33.9457243], [-118.4061491, 33.9459054], [-118.4062331, 33.9464344], [-118.406808, 33.9463822], [-118.4069999, 33.9463649]]]}}, {"type": "Feature", "properties": {"aeroway": "parking_position", "ref": "52B", "name": null, "surface": null, "id": 1188198220}, "geometry": {"type": "LineString", "coordinates": [[-118.3938367, 33.9427574], [-118.393252, 33.9427908]]}}, {"type": "Feature", "properties": {"aeroway": "parking_position", "ref": "406", "name": null, "surface": null, "id": 1188198221}, "geometry": {"type": "LineString", "coordinates": [[-118.4344837, 33.9439095], [-118.4341134, 33.9439507]]}}, {"type": "Feature", "properties": {"aeroway": "parking_position", "ref": "406B", "name": null, "surface": null, "id": 1188198222}, "geometry": {"type": "LineString", "coordinates": [[-118.4350418, 33.9434598], [-118.4350289, 33.9435064], [-118.4350188, 33.9435379], [-118.4350007, 33.9435783], [-118.4349789, 33.9436125], [-118.4349542, 33.9436422], [-118.4349297, 33.9436645], [-118.4349048, 33.9436873], [-118.4348724, 33.9437111], [-118.4348341, 33.9437334], [-118.4347854, 33.9437541], [-118.4347521, 33.943766], [-118.4347104, 33.9437752], [-118.4346641, 33.9437829], [-118.4346215, 33.9437847], [-118.434575, 33.9437835], [-118.4345224, 33.9437799], [-118.4344783, 33.9437694], [-118.4341134, 33.9439507]]}}, {"type": "Feature", "properties": {"aeroway": "parking_position", "ref": "409", "name": null, "surface": null, "id": 1188198223}, "geometry": {"type": "LineString", "coordinates": [[-118.4336554, 33.9449041], [-118.4311331, 33.9451638]]}}, {"type": "Feature", "properties": {"aeroway": "parking_position", "ref": "407", "name": null, "surface": null, "id": 1188198224}, "geometry": {"type": "LineString", "coordinates": [[-118.4334915, 33.9437874], [-118.4334527, 33.9438695], [-118.4334338, 33.943903], [-118.433404, 33.9439395], [-118.4333753, 33.9439641], [-118.4333431, 33.9439876], [-118.4333057, 33.9440087], [-118.4332594, 33.9440277], [-118.4332232, 33.9440384], [-118.4331733, 33.9440481], [-118.4327616, 33.9440872]]}}, {"type": "Feature", "properties": {"aeroway": "parking_position", "ref": "402E", "name": null, "surface": null, "id": 1188198225}, "geometry": {"type": "LineString", "coordinates": [[-118.4330126, 33.943098], [-118.432812, 33.9427858]]}}, {"type": "Feature", "properties": {"aeroway": "parking_position", "ref": "402D", "name": null, "surface": null, "id": 1188198226}, "geometry": {"type": "LineString", "coordinates": [[-118.4334257, 33.942831], [-118.433097, 33.9426205]]}}, {"type": "Feature", "properties": {"aeroway": "parking_position", "ref": "402C", "name": null, "surface": null, "id": 1188198227}, "geometry": {"type": "LineString", "coordinates": [[-118.4336285, 33.9423929], [-118.4331977, 33.9424973]]}}, {"type": "Feature", "properties": {"aeroway": "parking_position", "ref": "402B", "name": null, "surface": null, "id": 1188198228}, "geometry": {"type": "LineString", "coordinates": [[-118.4332621, 33.9420567], [-118.4331011, 33.9423459]]}}, {"type": "Feature", "properties": {"aeroway": "parking_position", "ref": "402A", "name": null, "surface": null, "id": 1188198229}, "geometry": {"type": "LineString", "coordinates": [[-118.4327444, 33.9420233], [-118.4328034, 33.9423704]]}}, {"type": "Feature", "properties": {"aeroway": "parking_position", "ref": "401A", "name": null, "surface": null, "id": 1188198230}, "geometry": {"type": "LineString", "coordinates": [[-118.4317197, 33.9422544], [-118.4312923, 33.9423003]]}}, {"type": "Feature", "properties": {"aeroway": "parking_position", "ref": "401B", "name": null, "surface": null, "id": 1188198231}, "geometry": {"type": "LineString", "coordinates": [[-118.4317743, 33.9426153], [-118.4313473, 33.9426621]]}}, {"type": "Feature", "properties": {"aeroway": "parking_position", "ref": "401C", "name": null, "surface": null, "id": 1188198232}, "geometry": {"type": "LineString", "coordinates": [[-118.4318279, 33.9429779], [-118.4316541, 33.9429968], [-118.4314, 33.9430196]]}}, {"type": "Feature", "properties": {"aeroway": "parking_position", "ref": "401", "name": null, "surface": null, "id": 1188198233}, "geometry": {"type": "LineString", "coordinates": [[-118.4319246, 33.9423143], [-118.4308716, 33.9432755]]}}, {"type": "Feature", "properties": {"aeroway": "parking_position", "ref": "408", "name": null, "surface": null, "id": 1188198261}, "geometry": {"type": "LineString", "coordinates": [[-118.4354004, 33.9447266], [-118.4336554, 33.9449041]]}}, {"type": "Feature", "properties": {"aeroway": "parking_position", "ref": "501", "name": null, "surface": null, "id": 1188239815}, "geometry": {"type": "LineString", "coordinates": [[-118.4317303, 33.9371685], [-118.4304619, 33.9373101]]}}, {"type": "Feature", "properties": {"aeroway": "parking_position", "ref": "503", "name": null, "surface": null, "id": 1188239816}, "geometry": {"type": "LineString", "coordinates": [[-118.4324539, 33.9386728], [-118.4306489, 33.9388414]]}}, {"type": "Feature", "properties": {"aeroway": "parking_position", "ref": "502", "name": null, "surface": null, "id": 1188239817}, "geometry": {"type": "LineString", "coordinates": [[-118.432023, 33.937951], [-118.4305432, 33.9380926]]}}, {"type": "Feature", "properties": {"aeroway": "parking_position", "ref": "505", "name": null, "surface": null, "id": 1188239818}, "geometry": {"type": "LineString", "coordinates": [[-118.4314351, 33.9388564], [-118.4315052, 33.93924]]}}, {"type": "Feature", "properties": {"aeroway": "parking_position", "ref": "506", "name": null, "surface": null, "id": 1188239819}, "geometry": {"type": "LineString", "coordinates": [[-118.4304871, 33.9393291], [-118.4305805, 33.9400032]]}}, {"type": "Feature", "properties": {"aeroway": "parking_position", "ref": "504", "name": null, "surface": null, "id": 1188239820}, "geometry": {"type": "LineString", "coordinates": [[-118.4324205, 33.9396971], [-118.4323365, 33.939178]]}}, {"type": "Feature", "properties": {"aeroway": "parking_position", "ref": null, "name": null, "surface": null, "id": 1188239821}, "geometry": {"type": "LineString", "coordinates": [[-118.4291609, 33.9394569], [-118.4292449, 33.9401349]]}}, {"type": "Feature", "properties": {"aeroway": "parking_position", "ref": "113", "name": null, "surface": null, "id": 1188239822}, "geometry": {"type": "LineString", "coordinates": [[-118.4296139, 33.9386821], [-118.4296746, 33.9392012]]}}, {"type": "Feature", "properties": {"aeroway": "parking_position", "ref": "113A", "name": null, "surface": null, "id": 1188239823}, "geometry": {"type": "LineString", "coordinates": [[-118.4295298, 33.9386976], [-118.4295998, 33.9392051]]}}, {"type": "Feature", "properties": {"aeroway": "parking_position", "ref": "112", "name": null, "surface": null, "id": 1188239824}, "geometry": {"type": "LineString", "coordinates": [[-118.4291142, 33.9387402], [-118.4291889, 33.9392671]]}}, {"type": "Feature", "properties": {"aeroway": "parking_position", "ref": "111A", "name": null, "surface": null, "id": 1188239825}, "geometry": {"type": "LineString", "coordinates": [[-118.4288386, 33.9387634], [-118.428932, 33.9392942]]}}, {"type": "Feature", "properties": {"aeroway": "parking_position", "ref": "111", "name": null, "surface": null, "id": 1188239826}, "geometry": {"type": "LineString", "coordinates": [[-118.4286565, 33.9387828], [-118.4287312, 33.9393175]]}}, {"type": "Feature", "properties": {"aeroway": "parking_position", "ref": "110", "name": null, "surface": null, "id": 1188239827}, "geometry": {"type": "LineString", "coordinates": [[-118.4284884, 33.9388099], [-118.4281895, 33.9393794]]}}, {"type": "Feature", "properties": {"aeroway": "parking_position", "ref": "109", "name": null, "surface": null, "id": 1188239828}, "geometry": {"type": "LineString", "coordinates": [[-118.4283903, 33.9388099], [-118.42797, 33.939364]]}}, {"type": "Feature", "properties": {"aeroway": "parking_position", "ref": "108", "name": null, "surface": null, "id": 1188239829}, "geometry": {"type": "LineString", "coordinates": [[-118.4283436, 33.9388138], [-118.4277505, 33.9391702]]}}, {"type": "Feature", "properties": {"aeroway": "parking_position", "ref": "107", "name": null, "surface": null, "id": 1188239830}, "geometry": {"type": "LineString", "coordinates": [[-118.4282129, 33.9386782], [-118.4276151, 33.9387363]]}}, {"type": "Feature", "properties": {"aeroway": "parking_position", "ref": "106", "name": null, "surface": null, "id": 1188239831}, "geometry": {"type": "LineString", "coordinates": [[-118.4281568, 33.9383062], [-118.4275497, 33.9383101]]}}, {"type": "Feature", "properties": {"aeroway": "parking_position", "ref": "105", "name": null, "surface": null, "id": 1188239832}, "geometry": {"type": "LineString", "coordinates": [[-118.4276618, 33.9378762], [-118.427984, 33.9380079]]}}, {"type": "Feature", "properties": {"aeroway": "parking_position", "ref": "104A", "name": null, "surface": null, "id": 1188239833}, "geometry": {"type": "LineString", "coordinates": [[-118.4281802, 33.9380815], [-118.4275964, 33.9376553]]}}, {"type": "Feature", "properties": {"aeroway": "parking_position", "ref": "104", "name": null, "surface": null, "id": 1188239834}, "geometry": {"type": "LineString", "coordinates": [[-118.4282642, 33.9380815], [-118.4276758, 33.9376592]]}}, {"type": "Feature", "properties": {"aeroway": "parking_position", "ref": "103", "name": null, "surface": null, "id": 1188239835}, "geometry": {"type": "LineString", "coordinates": [[-118.4284043, 33.9380699], [-118.4280774, 33.9376011]]}}, {"type": "Feature", "properties": {"aeroway": "parking_position", "ref": "102", "name": null, "surface": null, "id": 1188239836}, "geometry": {"type": "LineString", "coordinates": [[-118.4286565, 33.9380467], [-118.4285818, 33.9375469]]}}, {"type": "Feature", "properties": {"aeroway": "parking_position", "ref": "102A", "name": null, "surface": null, "id": 1188239837}, "geometry": {"type": "LineString", "coordinates": [[-118.4287406, 33.9380312], [-118.4286612, 33.9375546]]}}, {"type": "Feature", "properties": {"aeroway": "parking_position", "ref": "101", "name": null, "surface": null, "id": 1188239838}, "geometry": {"type": "LineString", "coordinates": [[-118.4291328, 33.9379885], [-118.4290535, 33.9375081]]}}, {"type": "Feature", "properties": {"aeroway": "parking_position", "ref": "100", "name": null, "surface": null, "id": 1188239839}, "geometry": {"type": "LineString", "coordinates": [[-118.4297026, 33.9379227], [-118.4295345, 33.9374539]]}}, {"type": "Feature", "properties": {"aeroway": "parking_position", "ref": "100A", "name": null, "surface": null, "id": 1188239840}, "geometry": {"type": "LineString", "coordinates": [[-118.4294878, 33.9379653], [-118.4294037, 33.9374849]]}}, {"type": "Feature", "properties": {"aeroway": "parking_position", "ref": "941B", "name": null, "surface": null, "id": 1188239841}, "geometry": {"type": "LineString", "coordinates": [[-118.3843531, 33.942279], [-118.3838678, 33.9422839]]}}, {"type": "Feature", "properties": {"aeroway": "parking_position", "ref": "943A", "name": null, "surface": null, "id": 1188239842}, "geometry": {"type": "LineString", "coordinates": [[-118.3838231, 33.9426414], [-118.3843008, 33.9426398]]}}, {"type": "Feature", "properties": {"aeroway": "parking_position", "ref": "403", "name": null, "surface": null, "id": 1188239843}, "geometry": {"type": "LineString", "coordinates": [[-118.4318809, 33.9433377], [-118.4314492, 33.9433815]]}}, {"type": "Feature", "properties": {"aeroway": "parking_position", "ref": "405A", "name": null, "surface": null, "id": 1188239844}, "geometry": {"type": "LineString", "coordinates": [[-118.4319363, 33.9436986], [-118.4315036, 33.9437451]]}}, {"type": "Feature", "properties": {"aeroway": "parking_position", "ref": "405B", "name": null, "surface": null, "id": 1188239845}, "geometry": {"type": "LineString", "coordinates": [[-118.4319883, 33.9440628], [-118.4315575, 33.9441037]]}}, {"type": "Feature", "properties": {"aeroway": "parking_position", "ref": "405C", "name": null, "surface": null, "id": 1188239846}, "geometry": {"type": "LineString", "coordinates": [[-118.4320415, 33.9444217], [-118.4316117, 33.9444651]]}}, {"type": "Feature", "properties": {"aeroway": "parking_position", "ref": "410", "name": null, "surface": null, "id": 1188239848}, "geometry": {"type": "LineString", "coordinates": [[-118.4295968, 33.9426518], [-118.4307626, 33.942528]]}}, {"type": "Feature", "properties": {"aeroway": "parking_position", "ref": "412B", "name": null, "surface": null, "id": 1188239849}, "geometry": {"type": "LineString", "coordinates": [[-118.42961, 33.9427481], [-118.4308809, 33.943339]]}}, {"type": "Feature", "properties": {"aeroway": "parking_position", "ref": "414", "name": null, "surface": null, "id": 1188239850}, "geometry": {"type": "LineString", "coordinates": [[-118.4309415, 33.9437547], [-118.4296996, 33.9438799]]}}, {"type": "Feature", "properties": {"aeroway": "parking_position", "ref": "416B", "name": null, "surface": null, "id": 1188239851}, "geometry": {"type": "LineString", "coordinates": [[-118.4310722, 33.9446515], [-118.42976, 33.9439683]]}}, {"type": "Feature", "properties": {"aeroway": "parking_position", "ref": "418", "name": null, "surface": null, "id": 1188239852}, "geometry": {"type": "LineString", "coordinates": [[-118.4311248, 33.9450527], [-118.4299098, 33.9451705]]}}, {"type": "Feature", "properties": {"aeroway": "parking_position", "ref": "416", "name": null, "surface": null, "id": 1188239853}, "geometry": {"type": "LineString", "coordinates": [[-118.4310365, 33.9444064], [-118.4298611, 33.9445179]]}}, {"type": "Feature", "properties": {"aeroway": "parking_position", "ref": "412", "name": null, "surface": null, "id": 1188239854}, "geometry": {"type": "LineString", "coordinates": [[-118.4308461, 33.9431009], [-118.4296043, 33.9432256]]}}, {"type": "Feature", "properties": {"aeroway": "parking_position", "ref": "411", "name": null, "surface": null, "id": 1188239855}, "geometry": {"type": "LineString", "coordinates": [[-118.4286591, 33.9427016], [-118.4272545, 33.9428487]]}}, {"type": "Feature", "properties": {"aeroway": "parking_position", "ref": "413", "name": null, "surface": null, "id": 1188239856}, "geometry": {"type": "LineString", "coordinates": [[-118.428761, 33.9433425], [-118.4273504, 33.9434871]]}}, {"type": "Feature", "properties": {"aeroway": "parking_position", "ref": "415", "name": null, "surface": null, "id": 1188239857}, "geometry": {"type": "LineString", "coordinates": [[-118.4288576, 33.9439814], [-118.4274467, 33.9441275]]}}, {"type": "Feature", "properties": {"aeroway": "parking_position", "ref": "417", "name": null, "surface": null, "id": 1188239858}, "geometry": {"type": "LineString", "coordinates": [[-118.428938, 33.9446241], [-118.4275432, 33.9447692]]}}, {"type": "Feature", "properties": {"aeroway": "parking_position", "ref": "419", "name": null, "surface": null, "id": 1188239859}, "geometry": {"type": "LineString", "coordinates": [[-118.4290561, 33.945265], [-118.4276408, 33.9454105]]}}, {"type": "Feature", "properties": {"aeroway": "parking_position", "ref": null, "name": null, "surface": null, "id": 1188239861}, "geometry": {"type": "LineString", "coordinates": [[-118.3934864, 33.9433784], [-118.3934864, 33.9436621]]}}, {"type": "Feature", "properties": {"aeroway": "parking_position", "ref": null, "name": null, "surface": null, "id": 1188239862}, "geometry": {"type": "LineString", "coordinates": [[-118.3930297, 33.9433704], [-118.3930318, 33.9436686]]}}, {"type": "Feature", "properties": {"aeroway": "parking_position", "ref": null, "name": null, "surface": null, "id": 1188239863}, "geometry": {"type": "LineString", "coordinates": [[-118.3925755, 33.943379], [-118.3925755, 33.9436632]]}}, {"type": "Feature", "properties": {"aeroway": "parking_position", "ref": null, "name": null, "surface": null, "id": 1188239864}, "geometry": {"type": "LineString", "coordinates": [[-118.3921234, 33.9434089], [-118.3921268, 33.9436691]]}}, {"type": "Feature", "properties": {"aeroway": "parking_position", "ref": null, "name": null, "surface": null, "id": 1188239865}, "geometry": {"type": "LineString", "coordinates": [[-118.3956899, 33.9420826], [-118.3952126, 33.9420826]]}}, {"type": "Feature", "properties": {"aeroway": "parking_position", "ref": null, "name": null, "surface": null, "id": 1188239866}, "geometry": {"type": "LineString", "coordinates": [[-118.3956287, 33.9424993], [-118.3951884, 33.9424985]]}}, {"type": "Feature", "properties": {"aeroway": "parking_position", "ref": null, "name": null, "surface": null, "id": 1188239867}, "geometry": {"type": "LineString", "coordinates": [[-118.3956429, 33.9428868], [-118.3951545, 33.9428927]]}}, {"type": "Feature", "properties": {"aeroway": "parking_position", "ref": null, "name": null, "surface": null, "id": 1188239868}, "geometry": {"type": "LineString", "coordinates": [[-118.3955641, 33.9432823], [-118.3951701, 33.9432818]]}}, {"type": "Feature", "properties": {"aeroway": "parking_position", "ref": null, "name": null, "surface": null, "id": 1188239869}, "geometry": {"type": "LineString", "coordinates": [[-118.3920432, 33.9408911], [-118.3920888, 33.9411458]]}}, {"type": "Feature", "properties": {"aeroway": "parking_position", "ref": "18A", "name": null, "surface": null, "id": 1188239870}, "geometry": {"type": "LineString", "coordinates": [[-118.3926013, 33.9408485], [-118.3925966, 33.9411575]]}}, {"type": "Feature", "properties": {"aeroway": "parking_position", "ref": null, "name": null, "surface": null, "id": 1188244616}, "geometry": {"type": "LineString", "coordinates": [[-118.4231018, 33.9449462], [-118.4224573, 33.9450063]]}}, {"type": "Feature", "properties": {"aeroway": "taxiway", "ref": null, "name": null, "surface": null, "id": 1191516157}, "geometry": {"type": "LineString", "coordinates": [[-118.409196, 33.9382312], [-118.4092169, 33.9380941], [-118.4092669, 33.9379984], [-118.4093115, 33.9379447], [-118.4093801, 33.9378831], [-118.409483, 33.9378375], [-118.4095831, 33.9378068]]}}, {"type": "Feature", "properties": {"aeroway": "taxiway", "ref": null, "name": null, "surface": null, "id": 1191516158}, "geometry": {"type": "LineString", "coordinates": [[-118.4086951, 33.9379004], [-118.4088107, 33.9379071], [-118.4089009, 33.9379306], [-118.4089894, 33.9379687], [-118.4090531, 33.9380187], [-118.4091157, 33.9380732], [-118.4091569, 33.9381377], [-118.409196, 33.9382312]]}}, {"type": "Feature", "properties": {"aeroway": "taxiway", "ref": null, "name": null, "surface": null, "id": 1191516159}, "geometry": {"type": "LineString", "coordinates": [[-118.4090521, 33.9372718], [-118.4089993, 33.9371764], [-118.4089423, 33.9370971], [-118.4088637, 33.9370383], [-118.4087697, 33.9369898], [-118.4086617, 33.936966], [-118.40845, 33.9369506]]}}, {"type": "Feature", "properties": {"aeroway": "taxiway", "ref": null, "name": null, "surface": null, "id": 1191516160}, "geometry": {"type": "LineString", "coordinates": [[-118.40845, 33.9369506], [-118.4086506, 33.9369049], [-118.4087516, 33.9368499], [-118.4088387, 33.9367795], [-118.4088834, 33.9367168], [-118.4089271, 33.9366401], [-118.408948, 33.9365355]]}}, {"type": "Feature", "properties": {"aeroway": "taxiway", "ref": null, "name": null, "surface": null, "id": 1191516161}, "geometry": {"type": "LineString", "coordinates": [[-118.409529, 33.9368428], [-118.4094566, 33.9368644], [-118.4093533, 33.9369017], [-118.4092628, 33.9369468], [-118.4091854, 33.9369928], [-118.4091421, 33.9370424], [-118.4090975, 33.9371015], [-118.4090639, 33.9371775], [-118.4090521, 33.9372718]]}}, {"type": "Feature", "properties": {"aeroway": "taxiway", "ref": null, "name": null, "surface": null, "id": 1191516162}, "geometry": {"type": "LineString", "coordinates": [[-118.4124227, 33.9347296], [-118.4124106, 33.9346928], [-118.4124042, 33.9346763], [-118.4123973, 33.9346622], [-118.4123894, 33.9346455], [-118.4123822, 33.9346314], [-118.4123734, 33.9346166], [-118.4123617, 33.9345994], [-118.4123504, 33.9345843], [-118.4123397, 33.934571], [-118.4123298, 33.9345597], [-118.4123194, 33.9345484], [-118.4123096, 33.9345384], [-118.4122948, 33.9345236], [-118.4122749, 33.9345063], [-118.4122599, 33.9344945], [-118.4122402, 33.934481], [-118.4122291, 33.9344741], [-118.4122168, 33.9344672], [-118.4122003, 33.934459], [-118.4121834, 33.9344516], [-118.412163, 33.9344422], [-118.4121482, 33.9344358], [-118.4121325, 33.9344297], [-118.4121045, 33.9344202], [-118.4120889, 33.9344149], [-118.4120708, 33.9344098], [-118.4120479, 33.9344041], [-118.4120278, 33.9343999], [-118.4120164, 33.9343977], [-118.4120037, 33.9343958], [-118.4119899, 33.9343946], [-118.4119752, 33.9343936], [-118.4119597, 33.9343932], [-118.4119454, 33.9343933], [-118.4119313, 33.9343937], [-118.4119003, 33.9343954], [-118.411863, 33.9343987], [-118.4115194, 33.9344201]]}}, {"type": "Feature", "properties": {"aeroway": "taxiway", "ref": null, "name": null, "surface": null, "id": 1191516163}, "geometry": {"type": "LineString", "coordinates": [[-118.4115194, 33.9344201], [-118.4118773, 33.9343692], [-118.4118985, 33.9343664], [-118.411916, 33.9343637], [-118.4119394, 33.9343597], [-118.4119626, 33.9343544], [-118.4119883, 33.9343472], [-118.4120102, 33.93434], [-118.4120352, 33.9343299], [-118.4120585, 33.934318], [-118.4120814, 33.9343054], [-118.4120979, 33.9342956], [-118.412118, 33.9342824], [-118.4121389, 33.934267], [-118.4121556, 33.9342548], [-118.4121789, 33.934235], [-118.4121922, 33.9342229], [-118.4122133, 33.9341994], [-118.4122244, 33.9341857], [-118.4122343, 33.9341726], [-118.4122442, 33.934158], [-118.4122558, 33.9341405], [-118.4122657, 33.9341227], [-118.4122723, 33.9341079], [-118.4122793, 33.9340913], [-118.4122847, 33.9340755], [-118.4122901, 33.9340615], [-118.4122954, 33.9340412], [-118.4123004, 33.9340192], [-118.4123026, 33.9340009], [-118.4123035, 33.9339856], [-118.4123047, 33.9339697], [-118.4123057, 33.9339486]]}}, {"type": "Feature", "properties": {"aeroway": "runway", "ref": "07L/25R", "name": null, "surface": null, "id": 1191516164}, "geometry": {"type": "LineString", "coordinates": [[-118.4220858, 33.9355566], [-118.4219612, 33.9355694], [-118.4215645, 33.93561], [-118.4193466, 33.9358369]]}}, {"type": "Feature", "properties": {"aeroway": "taxiway", "ref": "H3", "name": null, "surface": null, "id": 1191516167}, "geometry": {"type": "LineString", "coordinates": [[-118.4001467, 33.9355863], [-118.3998823, 33.9356358], [-118.3997291, 33.9356597], [-118.3995405, 33.9356891], [-118.3989304, 33.9358067], [-118.3984116, 33.9359291], [-118.3978874, 33.9361029]]}}, {"type": "Feature", "properties": {"aeroway": "taxiway", "ref": "G", "name": null, "surface": null, "id": 1191516168}, "geometry": {"type": "LineString", "coordinates": [[-118.3941309, 33.9373064], [-118.3939988, 33.9372698], [-118.3939211, 33.9372351], [-118.3938516, 33.9371868], [-118.3937869, 33.9371115], [-118.3937422, 33.9370185], [-118.393721, 33.9369734]]}}, {"type": "Feature", "properties": {"aeroway": "taxiway", "ref": null, "name": null, "surface": null, "id": 1191517315}, "geometry": {"type": "LineString", "coordinates": [[-118.4078197, 33.9348046], [-118.407804, 33.9348099], [-118.4077639, 33.934815], [-118.407727, 33.9348206], [-118.407709, 33.9348238], [-118.407691, 33.9348276], [-118.407668, 33.9348339], [-118.407651, 33.9348394], [-118.407631, 33.9348469], [-118.407616, 33.9348535], [-118.407597, 33.9348618], [-118.40758, 33.9348702], [-118.407565, 33.9348781], [-118.407546, 33.9348885], [-118.407526, 33.9349009], [-118.407505, 33.9349161], [-118.40749, 33.9349281], [-118.407472, 33.9349442], [-118.407455, 33.9349596], [-118.407439, 33.9349764], [-118.407426, 33.9349922], [-118.407413, 33.9350081], [-118.407401, 33.9350265], [-118.407391, 33.9350429], [-118.407382, 33.9350579], [-118.407374, 33.9350735], [-118.407369, 33.9350848], [-118.407364, 33.9350981], [-118.407361, 33.9351081], [-118.407358, 33.9351198], [-118.407352, 33.9351383], [-118.407349, 33.9351533], [-118.407346, 33.9351713], [-118.407344, 33.935188], [-118.407343, 33.9352138], [-118.4073422, 33.9352517]]}}, {"type": "Feature", "properties": {"aeroway": "taxiway", "ref": null, "name": null, "surface": null, "id": 1191517316}, "geometry": {"type": "LineString", "coordinates": [[-118.4072227, 33.9344883], [-118.4072386, 33.9345215], [-118.4072503, 33.9345491], [-118.4072585, 33.9345646], [-118.4072836, 33.9345985], [-118.4073129, 33.9346379], [-118.407349, 33.9346737], [-118.4073681, 33.9346913], [-118.4073811, 33.9347], [-118.4073976, 33.934711], [-118.4074151, 33.9347213], [-118.4074324, 33.9347308], [-118.4074517, 33.9347407], [-118.4074648, 33.9347468], [-118.4074797, 33.9347529], [-118.4075034, 33.9347623], [-118.407529, 33.9347708], [-118.4075532, 33.9347777], [-118.4075777, 33.934783], [-118.4076039, 33.9347879], [-118.4076233, 33.9347907], [-118.407649, 33.9347937], [-118.4078197, 33.9348046]]}}, {"type": "Feature", "properties": {"aeroway": "taxiway", "ref": null, "name": null, "surface": null, "id": 1191522870}, "geometry": {"type": "LineString", "coordinates": [[-118.4043007, 33.9379409], [-118.404295, 33.9380583], [-118.4042723, 33.9381309], [-118.4042604, 33.9381474], [-118.4042357, 33.9381822], [-118.4041875, 33.9382387], [-118.4041301, 33.9382877], [-118.4040701, 33.9383262], [-118.4040032, 33.9383563], [-118.4038793, 33.938383]]}}, {"type": "Feature", "properties": {"aeroway": "terminal", "ref": null, "name": "T3-TBIT Connector", "surface": null, "id": 1279233925}, "geometry": {"type": "Polygon", "coordinates": [[[-118.4089222, 33.9443355], [-118.4086617, 33.9443688], [-118.4082539, 33.9448405], [-118.4075167, 33.945083], [-118.4075059, 33.9450137], [-118.4074094, 33.945025], [-118.4074276, 33.945193], [-118.4082048, 33.9449494], [-118.4082179, 33.9449833], [-118.4083445, 33.9449434], [-118.408327, 33.9449002], [-118.4087138, 33.9444492], [-118.4087397, 33.9444468], [-118.4087469, 33.9445003], [-118.4088689, 33.9444869], [-118.4088632, 33.9444351], [-118.4089328, 33.9444267], [-118.4089222, 33.9443355]]]}}, {"type": "Feature", "properties": {"aeroway": "holding_position", "ref": null, "name": null, "surface": null, "id": 1282990268}, "geometry": {"type": "LineString", "coordinates": [[-118.418144, 33.9326846], [-118.4180155, 33.9328218], [-118.4178281, 33.933035]]}}, {"type": "Feature", "properties": {"aeroway": "holding_position", "ref": null, "name": null, "surface": null, "id": 1282990269}, "geometry": {"type": "LineString", "coordinates": [[-118.4150261, 33.9327379], [-118.4150401, 33.9328346], [-118.4150544, 33.9329338]]}}, {"type": "Feature", "properties": {"aeroway": "holding_position", "ref": null, "name": null, "surface": null, "id": 1282990270}, "geometry": {"type": "LineString", "coordinates": [[-118.4135764, 33.9330921], [-118.4124221, 33.933212], [-118.4120101, 33.9332535], [-118.4108743, 33.9333713]]}}, {"type": "Feature", "properties": {"aeroway": "holding_position", "ref": null, "name": null, "surface": null, "id": 1282990271}, "geometry": {"type": "LineString", "coordinates": [[-118.4125628, 33.9335537], [-118.4122628, 33.9335835], [-118.4119736, 33.9336133]]}}, {"type": "Feature", "properties": {"aeroway": "holding_position", "ref": null, "name": null, "surface": null, "id": 1282990272}, "geometry": {"type": "LineString", "coordinates": [[-118.4084436, 33.9336276], [-118.4073206, 33.9337355], [-118.406919, 33.9337778], [-118.40579, 33.9338937]]}}, {"type": "Feature", "properties": {"aeroway": "holding_position", "ref": null, "name": null, "surface": null, "id": 1282990273}, "geometry": {"type": "LineString", "coordinates": [[-118.4074659, 33.9340741], [-118.4071684, 33.9341008], [-118.4068759, 33.9341324]]}}, {"type": "Feature", "properties": {"aeroway": "holding_position", "ref": null, "name": null, "surface": null, "id": 1282990274}, "geometry": {"type": "LineString", "coordinates": [[-118.404808, 33.9339956], [-118.4032933, 33.9341473], [-118.4018445, 33.934299], [-118.4007777, 33.9344072]]}}, {"type": "Feature", "properties": {"aeroway": "holding_position", "ref": null, "name": null, "surface": null, "id": 1282990275}, "geometry": {"type": "LineString", "coordinates": [[-118.4030463, 33.9345227], [-118.4025244, 33.9345738], [-118.402044, 33.9346273], [-118.401605, 33.9346734]]}}, {"type": "Feature", "properties": {"aeroway": "holding_position", "ref": null, "name": null, "surface": null, "id": 1282990276}, "geometry": {"type": "LineString", "coordinates": [[-118.3939854, 33.9354561], [-118.3937222, 33.9354553], [-118.3934754, 33.9354565]]}}, {"type": "Feature", "properties": {"aeroway": "holding_position", "ref": null, "name": null, "surface": null, "id": 1282990277}, "geometry": {"type": "LineString", "coordinates": [[-118.3949056, 33.9350101], [-118.3938322, 33.9351174], [-118.3937512, 33.9351249], [-118.3935214, 33.9351502], [-118.3925998, 33.9352434]]}}, {"type": "Feature", "properties": {"aeroway": "holding_position", "ref": null, "name": null, "surface": null, "id": 1282990278}, "geometry": {"type": "LineString", "coordinates": [[-118.3922513, 33.9352802], [-118.3911188, 33.9353908], [-118.3905725, 33.9354491], [-118.3895299, 33.935558]]}}, {"type": "Feature", "properties": {"aeroway": "holding_position", "ref": null, "name": null, "surface": null, "id": 1282990279}, "geometry": {"type": "LineString", "coordinates": [[-118.3913126, 33.9357236], [-118.390974, 33.9357557], [-118.3908842, 33.9357663], [-118.3905955, 33.935797]]}}, {"type": "Feature", "properties": {"aeroway": "holding_position", "ref": null, "name": null, "surface": null, "id": 1282990280}, "geometry": {"type": "LineString", "coordinates": [[-118.3840228, 33.9361227], [-118.3829328, 33.9362268], [-118.3827342, 33.9362474], [-118.3822908, 33.9362916]]}}, {"type": "Feature", "properties": {"aeroway": "holding_position", "ref": null, "name": null, "surface": null, "id": 1282990281}, "geometry": {"type": "LineString", "coordinates": [[-118.3830895, 33.9365612], [-118.3827833, 33.9365958], [-118.3825787, 33.9366157]]}}, {"type": "Feature", "properties": {"aeroway": "holding_position", "ref": null, "name": null, "surface": null, "id": 1282990282}, "geometry": {"type": "LineString", "coordinates": [[-118.3832576, 33.9380854], [-118.3830007, 33.9381095], [-118.3827635, 33.9381347]]}}, {"type": "Feature", "properties": {"aeroway": "holding_position", "ref": null, "name": null, "surface": null, "id": 1282990283}, "geometry": {"type": "LineString", "coordinates": [[-118.383353, 33.9387523], [-118.3831018, 33.9387742], [-118.3828575, 33.9388001]]}}, {"type": "Feature", "properties": {"aeroway": "holding_position", "ref": null, "name": null, "surface": null, "id": 1282990284}, "geometry": {"type": "LineString", "coordinates": [[-118.3920367, 33.9371889], [-118.3913201, 33.9372593], [-118.3907715, 33.937314]]}}, {"type": "Feature", "properties": {"aeroway": "holding_position", "ref": null, "name": null, "surface": null, "id": 1282990285}, "geometry": {"type": "LineString", "coordinates": [[-118.3939841, 33.9369891], [-118.3937422, 33.9370185], [-118.3937193, 33.9370201], [-118.3934145, 33.9370467]]}}, {"type": "Feature", "properties": {"aeroway": "holding_position", "ref": null, "name": null, "surface": null, "id": 1282990286}, "geometry": {"type": "LineString", "coordinates": [[-118.3889177, 33.9381851], [-118.3884045, 33.9382368], [-118.3880599, 33.9382723]]}}, {"type": "Feature", "properties": {"aeroway": "holding_position", "ref": null, "name": null, "surface": null, "id": 1282990287}, "geometry": {"type": "LineString", "coordinates": [[-118.3942323, 33.9376427], [-118.3937232, 33.9376945], [-118.3931969, 33.9377469], [-118.3930514, 33.9377614], [-118.3923461, 33.9378339]]}}, {"type": "Feature", "properties": {"aeroway": "holding_position", "ref": null, "name": null, "surface": null, "id": 1282990288}, "geometry": {"type": "LineString", "coordinates": [[-118.3973892, 33.9366418], [-118.3967169, 33.9367093], [-118.3961962, 33.9367632]]}}, {"type": "Feature", "properties": {"aeroway": "holding_position", "ref": null, "name": null, "surface": null, "id": 1282990289}, "geometry": {"type": "LineString", "coordinates": [[-118.3997507, 33.9364011], [-118.3992067, 33.9364576], [-118.3985647, 33.9365211]]}}, {"type": "Feature", "properties": {"aeroway": "holding_position", "ref": null, "name": null, "surface": null, "id": 1282990290}, "geometry": {"type": "LineString", "coordinates": [[-118.4035783, 33.9360093], [-118.4030498, 33.9360651], [-118.4024123, 33.9361276]]}}, {"type": "Feature", "properties": {"aeroway": "holding_position", "ref": null, "name": null, "surface": null, "id": 1282990291}, "geometry": {"type": "LineString", "coordinates": [[-118.4040021, 33.9366432], [-118.403702, 33.9366691], [-118.403191, 33.9367263]]}}, {"type": "Feature", "properties": {"aeroway": "holding_position", "ref": null, "name": null, "surface": null, "id": 1282990292}, "geometry": {"type": "LineString", "coordinates": [[-118.406371, 33.9357232], [-118.4058806, 33.9357774], [-118.405232, 33.9358383]]}}, {"type": "Feature", "properties": {"aeroway": "holding_position", "ref": null, "name": null, "surface": null, "id": 1282990293}, "geometry": {"type": "LineString", "coordinates": [[-118.4077918, 33.9355781], [-118.407417, 33.9356194], [-118.407375, 33.9356255], [-118.4071356, 33.9356452]]}}, {"type": "Feature", "properties": {"aeroway": "holding_position", "ref": null, "name": null, "surface": null, "id": 1282990294}, "geometry": {"type": "LineString", "coordinates": [[-118.4090666, 33.9361225], [-118.408888, 33.9361405], [-118.408682, 33.9361616], [-118.4082629, 33.9362052]]}}, {"type": "Feature", "properties": {"aeroway": "holding_position", "ref": null, "name": null, "surface": null, "id": 1282990295}, "geometry": {"type": "LineString", "coordinates": [[-118.411822, 33.9351642], [-118.411288, 33.9352236], [-118.4106433, 33.9352858]]}}, {"type": "Feature", "properties": {"aeroway": "holding_position", "ref": null, "name": null, "surface": null, "id": 1282990296}, "geometry": {"type": "LineString", "coordinates": [[-118.4127269, 33.9350736], [-118.4124977, 33.9350958], [-118.4124905, 33.9350968], [-118.4124824, 33.9350973], [-118.412147, 33.9351318]]}}, {"type": "Feature", "properties": {"aeroway": "holding_position", "ref": null, "name": null, "surface": null, "id": 1282990297}, "geometry": {"type": "LineString", "coordinates": [[-118.4127257, 33.9357504], [-118.4125824, 33.9357594], [-118.4123693, 33.9357814], [-118.412016, 33.9358205]]}}, {"type": "Feature", "properties": {"aeroway": "holding_position", "ref": null, "name": null, "surface": null, "id": 1282990298}, "geometry": {"type": "LineString", "coordinates": [[-118.4193058, 33.9343984], [-118.4191631, 33.9344123], [-118.418985, 33.9344296], [-118.418665, 33.9344618]]}}, {"type": "Feature", "properties": {"aeroway": "holding_position", "ref": null, "name": null, "surface": null, "id": 1282990299}, "geometry": {"type": "LineString", "coordinates": [[-118.4194369, 33.9350622], [-118.4192637, 33.935079], [-118.419083, 33.9350966], [-118.4188778, 33.9351185], [-118.4185206, 33.9351526]]}}, {"type": "Feature", "properties": {"aeroway": "holding_position", "ref": null, "name": null, "surface": null, "id": 1282990300}, "geometry": {"type": "LineString", "coordinates": [[-118.4220497, 33.934793], [-118.4218365, 33.9348142], [-118.4215051, 33.9348466]]}}, {"type": "Feature", "properties": {"aeroway": "holding_position", "ref": null, "name": null, "surface": null, "id": 1282990301}, "geometry": {"type": "LineString", "coordinates": [[-118.4199539, 33.9345195], [-118.419975, 33.9346657], [-118.4199961, 33.9348105]]}}, {"type": "Feature", "properties": {"aeroway": "holding_position", "ref": null, "name": null, "surface": null, "id": 1282990302}, "geometry": {"type": "LineString", "coordinates": [[-118.4192637, 33.935079], [-118.419222, 33.9348134], [-118.41921, 33.9347467], [-118.4192, 33.9346568], [-118.4191631, 33.9344123]]}}, {"type": "Feature", "properties": {"aeroway": "holding_position", "ref": null, "name": null, "surface": null, "id": 1282990303}, "geometry": {"type": "LineString", "coordinates": [[-118.4155185, 33.935231], [-118.4155026, 33.9351262], [-118.4154865, 33.9350245]]}}, {"type": "Feature", "properties": {"aeroway": "holding_position", "ref": null, "name": null, "surface": null, "id": 1282990304}, "geometry": {"type": "LineString", "coordinates": [[-118.4177371, 33.9350181], [-118.4177141, 33.9349004], [-118.4177024, 33.9348]]}}, {"type": "Feature", "properties": {"aeroway": "holding_position", "ref": null, "name": null, "surface": null, "id": 1282990305}, "geometry": {"type": "LineString", "coordinates": [[-118.413082, 33.935479], [-118.4130668, 33.935375], [-118.4130415, 33.9352026]]}}, {"type": "Feature", "properties": {"aeroway": "holding_position", "ref": null, "name": null, "surface": null, "id": 1282990306}, "geometry": {"type": "LineString", "coordinates": [[-118.4103026, 33.9357635], [-118.4102841, 33.9356593], [-118.4102692, 33.9355582]]}}, {"type": "Feature", "properties": {"aeroway": "holding_position", "ref": null, "name": null, "surface": null, "id": 1282990307}, "geometry": {"type": "LineString", "coordinates": [[-118.4093827, 33.9358556], [-118.4093696, 33.9357542], [-118.4093509, 33.9356516]]}}, {"type": "Feature", "properties": {"aeroway": "holding_position", "ref": null, "name": null, "surface": null, "id": 1282990308}, "geometry": {"type": "LineString", "coordinates": [[-118.4053859, 33.9362635], [-118.4053673, 33.9361633], [-118.405351, 33.9360635]]}}, {"type": "Feature", "properties": {"aeroway": "holding_position", "ref": null, "name": null, "surface": null, "id": 1282990309}, "geometry": {"type": "LineString", "coordinates": [[-118.4021012, 33.936607], [-118.4020845, 33.9364996], [-118.4020695, 33.9363977]]}}, {"type": "Feature", "properties": {"aeroway": "holding_position", "ref": null, "name": null, "surface": null, "id": 1282990310}, "geometry": {"type": "LineString", "coordinates": [[-118.3973404, 33.9370886], [-118.3973233, 33.936984], [-118.3973076, 33.9368838]]}}, {"type": "Feature", "properties": {"aeroway": "holding_position", "ref": null, "name": null, "surface": null, "id": 1282990311}, "geometry": {"type": "LineString", "coordinates": [[-118.3942514, 33.9374948], [-118.3942451, 33.9372997], [-118.3942471, 33.937123]]}}, {"type": "Feature", "properties": {"aeroway": "holding_position", "ref": null, "name": null, "surface": null, "id": 1282990312}, "geometry": {"type": "LineString", "coordinates": [[-118.3931969, 33.9377469], [-118.3931965, 33.9374055], [-118.3931966, 33.9372355]]}}, {"type": "Feature", "properties": {"aeroway": "holding_position", "ref": null, "name": null, "surface": null, "id": 1282990313}, "geometry": {"type": "LineString", "coordinates": [[-118.3806641, 33.9405636], [-118.3805791, 33.9405726], [-118.3800805, 33.9406251], [-118.3800346, 33.9406292], [-118.3798289, 33.940648]]}}, {"type": "Feature", "properties": {"aeroway": "holding_position", "ref": null, "name": null, "surface": null, "id": 1282990314}, "geometry": {"type": "LineString", "coordinates": [[-118.3839531, 33.940227], [-118.3838732, 33.9402353], [-118.3833718, 33.940287], [-118.3833159, 33.9402932], [-118.3832776, 33.9402981], [-118.3830216, 33.9403237], [-118.3826988, 33.9403561]]}}, {"type": "Feature", "properties": {"aeroway": "holding_position", "ref": null, "name": null, "surface": null, "id": 1282990315}, "geometry": {"type": "LineString", "coordinates": [[-118.388685, 33.9397455], [-118.3883087, 33.9397884], [-118.388159, 33.9398016], [-118.3877859, 33.9398354]]}}, {"type": "Feature", "properties": {"aeroway": "holding_position", "ref": null, "name": null, "surface": null, "id": 1282990316}, "geometry": {"type": "LineString", "coordinates": [[-118.3904659, 33.9395612], [-118.3900897, 33.9395987], [-118.3900224, 33.9396085], [-118.3899544, 33.9396127], [-118.3895776, 33.939652]]}}, {"type": "Feature", "properties": {"aeroway": "holding_position", "ref": null, "name": null, "surface": null, "id": 1282990317}, "geometry": {"type": "LineString", "coordinates": [[-118.3941434, 33.9391866], [-118.3938293, 33.9392189], [-118.3936775, 33.9392331], [-118.3934126, 33.9392602]]}}, {"type": "Feature", "properties": {"aeroway": "holding_position", "ref": null, "name": null, "surface": null, "id": 1282990318}, "geometry": {"type": "LineString", "coordinates": [[-118.3975623, 33.9388395], [-118.3972835, 33.938873], [-118.3970188, 33.9388952]]}}, {"type": "Feature", "properties": {"aeroway": "holding_position", "ref": null, "name": null, "surface": null, "id": 1282990319}, "geometry": {"type": "LineString", "coordinates": [[-118.4000216, 33.9385894], [-118.399773, 33.9386166], [-118.398544, 33.938742], [-118.3981273, 33.9387832], [-118.3979398, 33.9387993]]}}, {"type": "Feature", "properties": {"aeroway": "holding_position", "ref": null, "name": null, "surface": null, "id": 1282990320}, "geometry": {"type": "LineString", "coordinates": [[-118.4028462, 33.9383008], [-118.402578, 33.9383296], [-118.4017081, 33.9384159], [-118.4013872, 33.9384482]]}}, {"type": "Feature", "properties": {"aeroway": "holding_position", "ref": null, "name": null, "surface": null, "id": 1282990321}, "geometry": {"type": "LineString", "coordinates": [[-118.4062825, 33.93794], [-118.4060135, 33.9379682], [-118.4053128, 33.9380399], [-118.4044006, 33.9381334], [-118.4042604, 33.9381474], [-118.403916, 33.9381814]]}}, {"type": "Feature", "properties": {"aeroway": "holding_position", "ref": null, "name": null, "surface": null, "id": 1282990322}, "geometry": {"type": "LineString", "coordinates": [[-118.4080345, 33.9377695], [-118.407714, 33.9378047], [-118.4074487, 33.9378258]]}}, {"type": "Feature", "properties": {"aeroway": "holding_position", "ref": null, "name": null, "surface": null, "id": 1282990323}, "geometry": {"type": "LineString", "coordinates": [[-118.4095547, 33.937612], [-118.409187, 33.937656], [-118.4091103, 33.9376638], [-118.409037, 33.9376687], [-118.4086665, 33.9376998]]}}, {"type": "Feature", "properties": {"aeroway": "holding_position", "ref": null, "name": null, "surface": null, "id": 1282990324}, "geometry": {"type": "LineString", "coordinates": [[-118.4132594, 33.9372317], [-118.4128739, 33.9372719], [-118.4127392, 33.937288], [-118.4123522, 33.937324]]}}, {"type": "Feature", "properties": {"aeroway": "holding_position", "ref": null, "name": null, "surface": null, "id": 1282990325}, "geometry": {"type": "LineString", "coordinates": [[-118.4199465, 33.9365484], [-118.4194865, 33.9365955], [-118.4193951, 33.9366048], [-118.4193499, 33.9366103], [-118.419303, 33.9366153], [-118.4187298, 33.9366726]]}}, {"type": "Feature", "properties": {"aeroway": "holding_position", "ref": null, "name": null, "surface": null, "id": 1282990326}, "geometry": {"type": "LineString", "coordinates": [[-118.4226609, 33.9362675], [-118.422106, 33.9363278], [-118.422063, 33.9363341], [-118.422014, 33.9363373], [-118.4214622, 33.9363901]]}}, {"type": "Feature", "properties": {"aeroway": "holding_position", "ref": null, "name": null, "surface": null, "id": 1282990327}, "geometry": {"type": "LineString", "coordinates": [[-118.4201635, 33.9368534], [-118.4201396, 33.9367251], [-118.4201199, 33.936576]]}}, {"type": "Feature", "properties": {"aeroway": "holding_position", "ref": null, "name": null, "surface": null, "id": 1282990328}, "geometry": {"type": "LineString", "coordinates": [[-118.4197744, 33.9368904], [-118.4195366, 33.9369158], [-118.419514, 33.9367882], [-118.4194989, 33.9366924], [-118.4194865, 33.9365955]]}}, {"type": "Feature", "properties": {"aeroway": "holding_position", "ref": null, "name": null, "surface": null, "id": 1282990329}, "geometry": {"type": "LineString", "coordinates": [[-118.413497, 33.9375895], [-118.413467, 33.937406], [-118.4134435, 33.9372466]]}}, {"type": "Feature", "properties": {"aeroway": "holding_position", "ref": null, "name": null, "surface": null, "id": 1282990330}, "geometry": {"type": "LineString", "coordinates": [[-118.3839273, 33.940613], [-118.383903, 33.9404239], [-118.3838732, 33.9402353]]}}, {"type": "Feature", "properties": {"aeroway": "holding_position", "ref": null, "name": null, "surface": null, "id": 1282990331}, "geometry": {"type": "LineString", "coordinates": [[-118.3831021, 33.9408204], [-118.383064, 33.9405713], [-118.3830504, 33.9405116], [-118.383051, 33.940502], [-118.3830216, 33.9403237]]}}, {"type": "Feature", "properties": {"aeroway": "holding_position", "ref": null, "name": null, "surface": null, "id": 1282990332}, "geometry": {"type": "LineString", "coordinates": [[-118.3824455, 33.9407206], [-118.3824208, 33.9405766], [-118.3824013, 33.9404432]]}}, {"type": "Feature", "properties": {"aeroway": "holding_position", "ref": null, "name": null, "surface": null, "id": 1282990333}, "geometry": {"type": "LineString", "coordinates": [[-118.3806386, 33.9409503], [-118.3806076, 33.9407664], [-118.3805791, 33.9405726]]}}, {"type": "Feature", "properties": {"aeroway": "holding_position", "ref": null, "name": null, "surface": null, "id": 1282990334}, "geometry": {"type": "LineString", "coordinates": [[-118.3842464, 33.9412411], [-118.3842293, 33.9411374], [-118.3842132, 33.9410038]]}}, {"type": "Feature", "properties": {"aeroway": "holding_position", "ref": null, "name": null, "surface": null, "id": 1282990335}, "geometry": {"type": "LineString", "coordinates": [[-118.4257774, 33.9371394], [-118.4257532, 33.9369744], [-118.4257343, 33.9368559]]}}, {"type": "Feature", "properties": {"aeroway": "holding_position", "ref": null, "name": null, "surface": null, "id": 1283742338}, "geometry": {"type": "LineString", "coordinates": [[-118.4258, 33.9362676], [-118.4257825, 33.9361491], [-118.4257661, 33.9360438]]}}, {"type": "Feature", "properties": {"aeroway": "holding_position", "ref": null, "name": null, "surface": null, "id": 1283742339}, "geometry": {"type": "LineString", "coordinates": [[-118.4272843, 33.936285], [-118.4272626, 33.9361365], [-118.4272454, 33.9360241]]}}, {"type": "Feature", "properties": {"aeroway": "holding_position", "ref": null, "name": null, "surface": null, "id": 1283742340}, "geometry": {"type": "LineString", "coordinates": [[-118.4302972, 33.9363618], [-118.4301583, 33.9363734], [-118.4298821, 33.9364032]]}}, {"type": "Feature", "properties": {"aeroway": "holding_position", "ref": null, "name": null, "surface": null, "id": 1283742341}, "geometry": {"type": "LineString", "coordinates": [[-118.4279251, 33.9457323], [-118.4276918, 33.9457583], [-118.4274881, 33.9457776]]}}, {"type": "Feature", "properties": {"aeroway": "holding_position", "ref": null, "name": null, "surface": null, "id": 1283742342}, "geometry": {"type": "LineString", "coordinates": [[-118.4328128, 33.9460971], [-118.4327689, 33.9458353], [-118.4327447, 33.9456402]]}}, {"type": "Feature", "properties": {"aeroway": "holding_position", "ref": null, "name": null, "surface": null, "id": 1283742343}, "geometry": {"type": "LineString", "coordinates": [[-118.4334606, 33.9461775], [-118.4334054, 33.9458129], [-118.4334012, 33.9457864], [-118.4333676, 33.9455582]]}}, {"type": "Feature", "properties": {"aeroway": "holding_position", "ref": null, "name": null, "surface": null, "id": 1283742344}, "geometry": {"type": "LineString", "coordinates": [[-118.433544, 33.9461691], [-118.4334606, 33.9461775], [-118.4331595, 33.9462077], [-118.4328151, 33.946243]]}}, {"type": "Feature", "properties": {"aeroway": "holding_position", "ref": null, "name": null, "surface": null, "id": 1283742345}, "geometry": {"type": "LineString", "coordinates": [[-118.4347712, 33.9460427], [-118.4344001, 33.9460823], [-118.4340291, 33.9461193]]}}, {"type": "Feature", "properties": {"aeroway": "holding_position", "ref": null, "name": null, "surface": null, "id": 1283742346}, "geometry": {"type": "LineString", "coordinates": [[-118.430091, 33.946424], [-118.4299944, 33.9465264], [-118.4298984, 33.9466297]]}}, {"type": "Feature", "properties": {"aeroway": "holding_position", "ref": null, "name": null, "surface": null, "id": 1283742347}, "geometry": {"type": "LineString", "coordinates": [[-118.4280446, 33.9467339], [-118.4278186, 33.9467563], [-118.4278033, 33.9467574], [-118.4273589, 33.9468014]]}}, {"type": "Feature", "properties": {"aeroway": "holding_position", "ref": null, "name": null, "surface": null, "id": 1283742349}, "geometry": {"type": "LineString", "coordinates": [[-118.4193868, 33.9476872], [-118.4192332, 33.9476334], [-118.4190772, 33.9475812]]}}, {"type": "Feature", "properties": {"aeroway": "holding_position", "ref": null, "name": null, "surface": null, "id": 1283742350}, "geometry": {"type": "LineString", "coordinates": [[-118.4145841, 33.9479834], [-118.4145237, 33.9481105], [-118.4144654, 33.9482431]]}}, {"type": "Feature", "properties": {"aeroway": "holding_position", "ref": null, "name": null, "surface": null, "id": 1283742351}, "geometry": {"type": "LineString", "coordinates": [[-118.4109225, 33.9484901], [-118.4107215, 33.9485086], [-118.4107035, 33.9485108], [-118.4104967, 33.948532]]}}, {"type": "Feature", "properties": {"aeroway": "holding_position", "ref": null, "name": null, "surface": null, "id": 1283742352}, "geometry": {"type": "LineString", "coordinates": [[-118.4094856, 33.9486362], [-118.4093228, 33.9486524], [-118.4093149, 33.9486531], [-118.4093071, 33.9486542], [-118.4090918, 33.9486759]]}}, {"type": "Feature", "properties": {"aeroway": "holding_position", "ref": null, "name": null, "surface": null, "id": 1283742353}, "geometry": {"type": "LineString", "coordinates": [[-118.4032189, 33.9494245], [-118.4030714, 33.9492793], [-118.4029659, 33.9491735]]}}, {"type": "Feature", "properties": {"aeroway": "holding_position", "ref": null, "name": null, "surface": null, "id": 1283742354}, "geometry": {"type": "LineString", "coordinates": [[-118.4020334, 33.9493996], [-118.4017264, 33.9494284], [-118.4016981, 33.9494305], [-118.4015631, 33.9494432], [-118.4014678, 33.9494521]]}}, {"type": "Feature", "properties": {"aeroway": "holding_position", "ref": null, "name": null, "surface": null, "id": 1283742355}, "geometry": {"type": "LineString", "coordinates": [[-118.4010179, 33.9495017], [-118.4009111, 33.9495124], [-118.4006356, 33.9495398], [-118.4002679, 33.9495763]]}}, {"type": "Feature", "properties": {"aeroway": "holding_position", "ref": null, "name": null, "surface": null, "id": 1283742356}, "geometry": {"type": "LineString", "coordinates": [[-118.3994876, 33.9497807], [-118.3991375, 33.9496906], [-118.3989317, 33.9496382]]}}, {"type": "Feature", "properties": {"aeroway": "holding_position", "ref": null, "name": null, "surface": null, "id": 1283742357}, "geometry": {"type": "LineString", "coordinates": [[-118.4021057, 33.9508388], [-118.4019094, 33.9508596], [-118.4016542, 33.9508849]]}}, {"type": "Feature", "properties": {"aeroway": "holding_position", "ref": null, "name": null, "surface": null, "id": 1283742358}, "geometry": {"type": "LineString", "coordinates": [[-118.4022279, 33.9513161], [-118.4019768, 33.951342], [-118.4016975, 33.9513691]]}}, {"type": "Feature", "properties": {"aeroway": "holding_position", "ref": null, "name": null, "surface": null, "id": 1283742359}, "geometry": {"type": "LineString", "coordinates": [[-118.4111683, 33.9499189], [-118.410921, 33.9499439], [-118.410675, 33.9499682]]}}, {"type": "Feature", "properties": {"aeroway": "holding_position", "ref": null, "name": null, "surface": null, "id": 1283742360}, "geometry": {"type": "LineString", "coordinates": [[-118.4112205, 33.9503966], [-118.4109886, 33.9504182], [-118.4107631, 33.9504415]]}}, {"type": "Feature", "properties": {"aeroway": "holding_position", "ref": null, "name": null, "surface": null, "id": 1283742365}, "geometry": {"type": "LineString", "coordinates": [[-118.4264965, 33.9489383], [-118.4263931, 33.9488311], [-118.4262904, 33.9487303]]}}, {"type": "Feature", "properties": {"aeroway": "holding_position", "ref": null, "name": null, "surface": null, "id": 1283742366}, "geometry": {"type": "LineString", "coordinates": [[-118.427298, 33.9483277], [-118.4270436, 33.9483166], [-118.4268291, 33.9483046]]}}, {"type": "Feature", "properties": {"aeroway": "holding_position", "ref": null, "name": null, "surface": null, "id": 1283742367}, "geometry": {"type": "LineString", "coordinates": [[-118.4311536, 33.9483525], [-118.4309474, 33.9483712], [-118.4307016, 33.9483978]]}}, {"type": "Feature", "properties": {"aeroway": "holding_position", "ref": null, "name": null, "surface": null, "id": 1283742368}, "geometry": {"type": "LineString", "coordinates": [[-118.4310439, 33.947881], [-118.4308784, 33.9478974], [-118.4306285, 33.9479225]]}}, {"type": "Feature", "properties": {"aeroway": "holding_position", "ref": null, "name": null, "surface": null, "id": 1283742369}, "geometry": {"type": "LineString", "coordinates": [[-118.4009111, 33.9495124], [-118.4008623, 33.9491849], [-118.4008611, 33.9491782], [-118.4008417, 33.9490474], [-118.4009145, 33.9490398], [-118.4014962, 33.9489801], [-118.4015149, 33.949112], [-118.401519, 33.9491327], [-118.4015631, 33.9494432]]}}, {"type": "Feature", "properties": {"aeroway": "taxiway", "ref": "W", "name": null, "surface": null, "id": 1301373035}, "geometry": {"type": "LineString", "coordinates": [[-118.4226152, 33.9500006], [-118.423382, 33.9496626], [-118.4236143, 33.9495303], [-118.4237324, 33.949447], [-118.4239091, 33.9493114], [-118.4243241, 33.9489081], [-118.4244235, 33.9487977], [-118.4245095, 33.9487021], [-118.4245803, 33.948613], [-118.4247555, 33.9483744], [-118.4249496, 33.9478164]]}}, {"type": "Feature", "properties": {"aeroway": "taxiway", "ref": "W", "name": null, "surface": null, "id": 1301373036}, "geometry": {"type": "LineString", "coordinates": [[-118.4249496, 33.9478164], [-118.4249051, 33.947458], [-118.424847, 33.9469958], [-118.4247958, 33.9465892]]}}, {"type": "Feature", "properties": {"aeroway": "taxiway", "ref": "V", "name": null, "surface": null, "id": 1301373037}, "geometry": {"type": "LineString", "coordinates": [[-118.4206326, 33.9501939], [-118.421226, 33.9498902], [-118.4216698, 33.9496344], [-118.4219868, 33.9494084], [-118.4224129, 33.9490878], [-118.4225101, 33.9489937], [-118.4226145, 33.9488926], [-118.4227322, 33.9487151], [-118.4226551, 33.9480514], [-118.4225481, 33.9472905], [-118.4224787, 33.9468247]]}}, {"type": "Feature", "properties": {"aeroway": "taxiway", "ref": "P", "name": null, "surface": null, "id": 1301373038}, "geometry": {"type": "LineString", "coordinates": [[-118.4193145, 33.9471502], [-118.4193116, 33.9472874], [-118.4192968, 33.9473865], [-118.4192827, 33.9474702], [-118.4192632, 33.9475583], [-118.4192332, 33.9476334], [-118.4191995, 33.9476948], [-118.419134, 33.9477741], [-118.4190169, 33.9478698], [-118.4188674, 33.9479821], [-118.4185557, 33.9481655], [-118.4182428, 33.9483185], [-118.4179556, 33.948425], [-118.4177688, 33.9484831], [-118.4176101, 33.9485219], [-118.4174559, 33.9485567], [-118.4170383, 33.9486269]]}}, {"type": "Feature", "properties": {"aeroway": "taxiway", "ref": "L", "name": null, "surface": null, "id": 1301373039}, "geometry": {"type": "LineString", "coordinates": [[-118.4170383, 33.9486269], [-118.4166512, 33.9486223], [-118.4163422, 33.9485818], [-118.4152544, 33.948348], [-118.4151185, 33.9483188], [-118.4148789, 33.948231], [-118.4146965, 33.948172], [-118.4145237, 33.9481105], [-118.4143384, 33.9480586], [-118.4142553, 33.9480241], [-118.4141601, 33.9479718], [-118.4140675, 33.9478906], [-118.4140152, 33.9478205], [-118.4139931, 33.9477731]]}}, {"type": "Feature", "properties": {"aeroway": "taxiway", "ref": null, "name": null, "surface": null, "id": 1301373040}, "geometry": {"type": "LineString", "coordinates": [[-118.4143384, 33.9480586], [-118.4142092, 33.9480265], [-118.4140906, 33.9480015], [-118.4139137, 33.9479692], [-118.413811, 33.947956], [-118.4136181, 33.9479384], [-118.413443, 33.9479281], [-118.4133049, 33.9479266], [-118.4130955, 33.9479275]]}}, {"type": "Feature", "properties": {"aeroway": "taxiway", "ref": "U", "name": null, "surface": null, "id": 1301373041}, "geometry": {"type": "LineString", "coordinates": [[-118.4153903, 33.9507326], [-118.413818, 33.9504176], [-118.4130552, 33.9500874], [-118.4128604, 33.9499763], [-118.4127428, 33.9499092], [-118.4125974, 33.9497724], [-118.4125308, 33.9497098], [-118.4123075, 33.9491218], [-118.4121007, 33.9483569], [-118.4120535, 33.9480375]]}}, {"type": "Feature", "properties": {"aeroway": "taxiway", "ref": "S", "name": null, "surface": null, "id": 1312523010}, "geometry": {"type": "LineString", "coordinates": [[-118.4094091, 33.9513488], [-118.4086814, 33.9511482], [-118.4079961, 33.9509329], [-118.4075067, 33.9507216], [-118.4072017, 33.9505625], [-118.4068605, 33.9503634], [-118.4066137, 33.9501035], [-118.4065549, 33.9497008], [-118.4063961, 33.9486124]]}}, {"type": "Feature", "properties": {"aeroway": "terminal", "ref": null, "name": "PS LAX", "surface": null, "id": 1329474655}, "geometry": {"type": "Polygon", "coordinates": [[[-118.4110195, 33.932356], [-118.4107405, 33.9323578], [-118.410459, 33.9323591], [-118.4104593, 33.9323986], [-118.4104599, 33.9324697], [-118.4107361, 33.9324682], [-118.4107364, 33.9325043], [-118.4106692, 33.9325046], [-118.4106711, 33.9327247], [-118.4108699, 33.9327235], [-118.410868, 33.9325034], [-118.410787, 33.9325039], [-118.4107867, 33.9324708], [-118.4110205, 33.9324695], [-118.4110198, 33.9323864], [-118.4110195, 33.932356]]]}}, {"type": "Feature", "properties": {"aeroway": "taxiway", "ref": "C13", "name": null, "surface": null, "id": 1343236008}, "geometry": {"type": "LineString", "coordinates": [[-118.415376, 33.9383711], [-118.4154886, 33.9391054]]}}, {"type": "Feature", "properties": {"aeroway": "taxiway", "ref": null, "name": null, "surface": null, "id": 1343236010}, "geometry": {"type": "LineString", "coordinates": [[-118.415697, 33.9380075], [-118.4155315, 33.9380818], [-118.4154242, 33.9382019], [-118.415376, 33.9383711]]}}, {"type": "Feature", "properties": {"aeroway": "apron", "ref": null, "name": null, "surface": null, "id": 1343236013}, "geometry": {"type": "Polygon", "coordinates": [[[-118.4151349, 33.9397456], [-118.41511, 33.9395352], [-118.4149958, 33.9385726], [-118.414987, 33.9384979], [-118.4162388, 33.9383754], [-118.4163556, 33.9384093], [-118.4164887, 33.9393328], [-118.4165755, 33.9393208], [-118.4166102, 33.939592], [-118.4162981, 33.9396245], [-118.4162477, 33.9396297], [-118.4155684, 33.9397004], [-118.4154373, 33.939714], [-118.4153994, 33.939718], [-118.415369, 33.9397211], [-118.4151349, 33.9397456]]]}}, {"type": "Feature", "properties": {"aeroway": "taxiway", "ref": null, "name": null, "surface": null, "id": 1354766294}, "geometry": {"type": "LineString", "coordinates": [[-118.3908233, 33.940993], [-118.3908021, 33.9408386]]}}, {"type": "Feature", "properties": {"aeroway": "taxiway", "ref": null, "name": null, "surface": null, "id": 1354766295}, "geometry": {"type": "LineString", "coordinates": [[-118.3932328, 33.940747], [-118.3932341, 33.9403044]]}}, {"type": "Feature", "properties": {"aeroway": "taxiway", "ref": null, "name": null, "surface": null, "id": 1354766296}, "geometry": {"type": "LineString", "coordinates": [[-118.3941949, 33.9402071], [-118.394197, 33.9406131], [-118.3941944, 33.9406498]]}}, {"type": "Feature", "properties": {"aeroway": "taxiway", "ref": "C5", "name": null, "surface": null, "id": 1354766297}, "geometry": {"type": "LineString", "coordinates": [[-118.3951442, 33.9405526], [-118.3951445, 33.9405297], [-118.3951736, 33.9402526], [-118.3951996, 33.9401053], [-118.3952323, 33.9399145], [-118.3952423, 33.9397796], [-118.3952366, 33.9396884], [-118.3951743, 33.939278]]}}, {"type": "Feature", "properties": {"aeroway": "taxiway", "ref": "C7", "name": null, "surface": null, "id": 1354766298}, "geometry": {"type": "LineString", "coordinates": [[-118.4004492, 33.9387404], [-118.4005094, 33.9391482], [-118.4005265, 33.9392637], [-118.4005694, 33.9395545], [-118.4006122, 33.9398442], [-118.4006171, 33.9398775], [-118.4006662, 33.9402096]]}}, {"type": "Feature", "properties": {"aeroway": "taxiway", "ref": "C8", "name": null, "surface": null, "id": 1354766299}, "geometry": {"type": "LineString", "coordinates": [[-118.4031179, 33.9400998], [-118.4030535, 33.939638], [-118.4029699, 33.9393081], [-118.4029027, 33.9389073], [-118.4028413, 33.938497]]}}, {"type": "Feature", "properties": {"aeroway": "taxiway", "ref": "C9", "name": null, "surface": null, "id": 1354766300}, "geometry": {"type": "LineString", "coordinates": [[-118.4054258, 33.9397363], [-118.4053924, 33.9395106], [-118.4053773, 33.9393787], [-118.4053596, 33.9392151], [-118.4053518, 33.9390663], [-118.4053071, 33.938744], [-118.4052932, 33.9386626], [-118.405222, 33.9382464]]}}, {"type": "Feature", "properties": {"aeroway": "holding_position", "ref": null, "name": null, "surface": null, "id": 1354766301}, "geometry": {"type": "LineString", "coordinates": [[-118.4229963, 33.9472436], [-118.4226047, 33.9472839], [-118.4225481, 33.9472905], [-118.4220195, 33.9473456]]}}, {"type": "Feature", "properties": {"aeroway": "holding_position", "ref": null, "name": null, "surface": null, "id": 1354766517}, "geometry": {"type": "LineString", "coordinates": [[-118.4124694, 33.9483224], [-118.4121007, 33.9483569], [-118.4117245, 33.9483921]]}}, {"type": "Feature", "properties": {"aeroway": "apron", "ref": null, "name": null, "surface": null, "id": 1362959277}, "geometry": {"type": "Polygon", "coordinates": [[[-118.4142804, 33.9385861], [-118.414987, 33.9384979], [-118.4151349, 33.9397456], [-118.4143508, 33.9398189], [-118.4141665, 33.9408663], [-118.4139463, 33.9406586], [-118.4137183, 33.9406808], [-118.4136432, 33.9405785], [-118.413577, 33.940595], [-118.4130871, 33.9406367], [-118.4130164, 33.9401684], [-118.413153, 33.9401551], [-118.4130485, 33.939448], [-118.4130646, 33.9387048], [-118.4130807, 33.9386608], [-118.4131241, 33.9386274], [-118.4138478, 33.9384607], [-118.4141099, 33.9384593], [-118.4141855, 33.9384807], [-118.4142546, 33.9385341], [-118.4142804, 33.9385861]]]}}, {"type": "Feature", "properties": {"aeroway": "parking_position", "ref": "405", "name": null, "surface": null, "id": 1411318489}, "geometry": {"type": "LineString", "coordinates": [[-118.432073, 33.9433929], [-118.4310283, 33.9443503]]}}, {"type": "Feature", "properties": {"aeroway": "parking_position", "ref": "407B", "name": null, "surface": null, "id": 1411318490}, "geometry": {"type": "LineString", "coordinates": [[-118.4335346, 33.9434344], [-118.4333919, 33.9435386], [-118.4326677, 33.9438937]]}}, {"type": "Feature", "properties": {"aeroway": "parking_position", "ref": "402", "name": null, "surface": null, "id": 1411318491}, "geometry": {"type": "LineString", "coordinates": [[-118.4336817, 33.9426176], [-118.4328138, 33.9427084]]}}, {"type": "Feature", "properties": {"aeroway": "taxiway", "ref": "E", "name": null, "surface": null, "id": 1411639746}, "geometry": {"type": "LineString", "coordinates": [[-118.4269208, 33.946371], [-118.4251207, 33.9465558]]}}, {"type": "Feature", "properties": {"aeroway": "taxiway", "ref": "B", "name": null, "surface": "concrete", "id": 1411639835}, "geometry": {"type": "LineString", "coordinates": [[-118.4291773, 33.9359418], [-118.4277468, 33.9360873]]}}, {"type": "Feature", "properties": {"aeroway": "taxiway", "ref": "C", "name": null, "surface": null, "id": 1411640300}, "geometry": {"type": "LineString", "coordinates": [[-118.4250697, 33.9370449], [-118.4238937, 33.9371663]]}}, {"type": "Feature", "properties": {"aeroway": "taxiway", "ref": "B", "name": null, "surface": null, "id": 1411640301}, "geometry": {"type": "LineString", "coordinates": [[-118.4242648, 33.9363035], [-118.4228643, 33.9364453]]}}, {"type": "Feature", "properties": {"aeroway": "taxiway", "ref": "Q", "name": null, "surface": null, "id": 1411640302}, "geometry": {"type": "LineString", "coordinates": [[-118.4194284, 33.9371794], [-118.4193772, 33.936802]]}}, {"type": "Feature", "properties": {"aeroway": "taxiway", "ref": "H", "name": null, "surface": null, "id": 1411640372}, "geometry": {"type": "LineString", "coordinates": [[-118.421238, 33.9345277], [-118.4195892, 33.934708]]}}, {"type": "Feature", "properties": {"aeroway": "taxiway", "ref": "Q", "name": null, "surface": null, "id": 1411646510}, "geometry": {"type": "LineString", "coordinates": [[-118.4193772, 33.936802], [-118.4193275, 33.9365053], [-118.419218, 33.9358509], [-118.4190837, 33.9350489], [-118.4190358, 33.9347631], [-118.4189834, 33.9344497], [-118.4189203, 33.9340729]]}}, {"type": "Feature", "properties": {"aeroway": "taxiway", "ref": "A", "name": null, "surface": null, "id": 1411646511}, "geometry": {"type": "LineString", "coordinates": [[-118.4182194, 33.9329449], [-118.4179812, 33.9327993], [-118.4179466, 33.9327757], [-118.4179121, 33.9327537], [-118.4178186, 33.9327015], [-118.4177495, 33.9326694], [-118.4176743, 33.9326492], [-118.417595, 33.9326306], [-118.4173592, 33.9326014]]}}, {"type": "Feature", "properties": {"aeroway": "taxiway", "ref": null, "name": null, "surface": null, "id": 1411646512}, "geometry": {"type": "LineString", "coordinates": [[-118.4189272, 33.9340915], [-118.4188664, 33.9336716], [-118.4188471, 33.9335042], [-118.4188167, 33.9334149], [-118.4187618, 33.9333339], [-118.4186927, 33.9332614], [-118.4184975, 33.9331281], [-118.4182194, 33.9329449]]}}, {"type": "Feature", "properties": {"aeroway": "taxiway", "ref": "F", "name": null, "surface": null, "id": 1411647897}, "geometry": {"type": "LineString", "coordinates": [[-118.3827342, 33.9362474], [-118.3827164, 33.9361386]]}}, {"type": "Feature", "properties": {"aeroway": "taxiway", "ref": "A1", "name": null, "surface": null, "id": 1411647898}, "geometry": {"type": "LineString", "coordinates": [[-118.3821919, 33.9361969], [-118.3815268, 33.936251]]}}, {"type": "Feature", "properties": {"aeroway": "taxiway", "ref": "F", "name": null, "surface": null, "id": 1411648569}, "geometry": {"type": "LineString", "coordinates": [[-118.3833437, 33.9404811], [-118.3832998, 33.940163], [-118.383268, 33.939933]]}}, {"type": "Feature", "properties": {"aeroway": "parking_position", "ref": "61", "name": null, "surface": null, "id": 1411650614}, "geometry": {"type": "LineString", "coordinates": [[-118.403303, 33.9421483], [-118.4026804, 33.9422068]]}}, {"type": "Feature", "properties": {"aeroway": "taxiway", "ref": "E", "name": null, "surface": null, "id": 1414239127}, "geometry": {"type": "LineString", "coordinates": [[-118.4060461, 33.9486481], [-118.4040176, 33.9488519], [-118.403451, 33.9489103], [-118.4025808, 33.949], [-118.4022701, 33.9490352], [-118.4021431, 33.9490484], [-118.4015149, 33.949112], [-118.4014261, 33.9491195], [-118.4011799, 33.9491422], [-118.4008805, 33.9491763], [-118.4008611, 33.9491782], [-118.4007274, 33.9491913], [-118.4005547, 33.9492058], [-118.4002356, 33.9492374], [-118.3996852, 33.9492919], [-118.3996032, 33.9493067], [-118.3995157, 33.9493315], [-118.3994365, 33.9493611], [-118.3993668, 33.9494005], [-118.3993102, 33.9494437], [-118.399255, 33.9494978]]}}, {"type": "Feature", "properties": {"aeroway": "taxiway", "ref": "W", "name": null, "surface": null, "id": 1414909818}, "geometry": {"type": "LineString", "coordinates": [[-118.4247017, 33.9457563], [-118.4247958, 33.9465892]]}}, {"type": "Feature", "properties": {"aeroway": "taxiway", "ref": "V", "name": null, "surface": null, "id": 1414909819}, "geometry": {"type": "LineString", "coordinates": [[-118.4223362, 33.9459845], [-118.4224787, 33.9468247]]}}, {"type": "Feature", "properties": {"aeroway": "taxiway", "ref": "D", "name": null, "surface": null, "id": 1414968268}, "geometry": {"type": "LineString", "coordinates": [[-118.4188222, 33.9463212], [-118.4192387, 33.9462832], [-118.4223362, 33.9459845], [-118.423725, 33.9458358], [-118.4247017, 33.9457563], [-118.4276488, 33.9454721]]}}, {"type": "Feature", "properties": {"aeroway": "taxiway", "ref": "P", "name": null, "surface": null, "id": 1414968269}, "geometry": {"type": "LineString", "coordinates": [[-118.4193145, 33.9471502], [-118.4193185, 33.946956], [-118.419313, 33.9467877], [-118.4193, 33.9467108], [-118.4192847, 33.9466203], [-118.4192387, 33.9462832], [-118.4191821, 33.9459205], [-118.4191588, 33.9457577]]}}, {"type": "Feature", "properties": {"aeroway": "taxiway", "ref": "P", "name": null, "surface": null, "id": 1414968270}, "geometry": {"type": "LineString", "coordinates": [[-118.4191588, 33.9457577], [-118.4191476, 33.9456795]]}}, {"type": "Feature", "properties": {"aeroway": "parking_position", "ref": null, "name": "227", "surface": null, "id": 1447286660}, "geometry": {"type": "LineString", "coordinates": [[-118.4140325, 33.9403184], [-118.4136216, 33.9403552]]}}, {"type": "Feature", "properties": {"aeroway": "parking_position", "ref": null, "name": "229", "surface": null, "id": 1447286661}, "geometry": {"type": "LineString", "coordinates": [[-118.4139919, 33.9399962], [-118.4136025, 33.9400256]]}}, {"type": "Feature", "properties": {"aeroway": "parking_position", "ref": null, "name": "231", "surface": null, "id": 1447286662}, "geometry": {"type": "LineString", "coordinates": [[-118.4139282, 33.9396517], [-118.413553, 33.9396899]]}}, {"type": "Feature", "properties": {"aeroway": "parking_position", "ref": null, "name": "233", "surface": null, "id": 1447286663}, "geometry": {"type": "LineString", "coordinates": [[-118.4138725, 33.9392856], [-118.4135823, 33.9393208]]}}, {"type": "Feature", "properties": {"aeroway": "parking_position", "ref": null, "name": "235", "surface": null, "id": 1447286664}, "geometry": {"type": "LineString", "coordinates": [[-118.4138306, 33.9390089], [-118.4135404, 33.9390441]]}}, {"type": "Feature", "properties": {"aeroway": "parking_position", "ref": null, "name": "230", "surface": null, "id": 1447286665}, "geometry": {"type": "LineString", "coordinates": [[-118.4143705, 33.9396092], [-118.4147674, 33.9395691]]}}, {"type": "Feature", "properties": {"aeroway": "parking_position", "ref": null, "name": "232", "surface": null, "id": 1447286666}, "geometry": {"type": "LineString", "coordinates": [[-118.4143524, 33.9392594], [-118.4147386, 33.9392105]]}}, {"type": "Feature", "properties": {"aeroway": "parking_position", "ref": null, "name": "234", "surface": null, "id": 1447286667}, "geometry": {"type": "LineString", "coordinates": [[-118.414288, 33.9388974], [-118.4146957, 33.9388484]]}}, {"type": "Feature", "properties": {"aeroway": "parking_position", "ref": "49W", "name": null, "surface": null, "id": 1466603420}, "geometry": {"type": "LineString", "coordinates": [[-118.4078671, 33.9390119], [-118.4070396, 33.9397296]]}}, {"type": "Feature", "properties": {"aeroway": "parking_position", "ref": "49A", "name": null, "surface": null, "id": 1466603421}, "geometry": {"type": "LineString", "coordinates": [[-118.4073389, 33.939794], [-118.4081355, 33.9395437]]}}, {"type": "Feature", "properties": {"aeroway": "terminal", "ref": "4", "name": "Terminal 4", "surface": null, "id": 1466603423}, "geometry": {"type": "Polygon", "coordinates": [[[-118.4070114, 33.9403746], [-118.4064167, 33.9404296], [-118.4063901, 33.9401547], [-118.4063384, 33.9398074], [-118.4063369, 33.9397941], [-118.4063859, 33.9397896], [-118.4064704, 33.9397777], [-118.4065845, 33.9398185], [-118.406832, 33.9399069], [-118.4070174, 33.9399709], [-118.4070423, 33.9399795], [-118.4070466, 33.9400098], [-118.4070865, 33.9402888], [-118.4070977, 33.9403673], [-118.4070114, 33.9403746]]]}}, {"type": "Feature", "properties": {"aeroway": "terminal", "ref": "4", "name": "Terminal 4", "surface": null, "id": 1466603424}, "geometry": {"type": "Polygon", "coordinates": [[[-118.4068412, 33.9424266], [-118.4060128, 33.9425103], [-118.4059573, 33.9421321], [-118.4060434, 33.9421244], [-118.4063101, 33.9420961], [-118.4065836, 33.9419936], [-118.4066672, 33.9418751], [-118.4067363, 33.941851], [-118.406695, 33.941679], [-118.4066939, 33.9416682], [-118.4067106, 33.9416676], [-118.4066397, 33.9411913], [-118.406649, 33.9411904], [-118.4066455, 33.9411666], [-118.4066024, 33.9411711], [-118.4066, 33.941163], [-118.4065511, 33.9411681], [-118.4065487, 33.9411515], [-118.4065689, 33.9411494], [-118.4065689, 33.941126], [-118.4066376, 33.94112], [-118.4066364, 33.941112], [-118.4066304, 33.9411126], [-118.4066314, 33.9410828], [-118.4067567, 33.9410647], [-118.4068103, 33.9410758], [-118.406876, 33.9410703], [-118.4069189, 33.9410569], [-118.4069573, 33.9410365], [-118.4069821, 33.9412053], [-118.4070892, 33.9411944], [-118.4071538, 33.9416262], [-118.4070488, 33.9416361], [-118.4070657, 33.9417645], [-118.4071957, 33.9417512], [-118.4072012, 33.9417979], [-118.4072389, 33.9417936], [-118.4072429, 33.941822], [-118.4072488, 33.9418514], [-118.4073191, 33.9418416], [-118.4073369, 33.9419469], [-118.4075224, 33.9419296], [-118.4076221, 33.9420103], [-118.4078551, 33.9419876], [-118.4078722, 33.9420384], [-118.4078899, 33.9420885], [-118.4079966, 33.9420815], [-118.4080223, 33.9422582], [-118.4078341, 33.9422778], [-118.4077929, 33.9422824], [-118.4076172, 33.9423009], [-118.4072566, 33.9423386], [-118.4072178, 33.9420829], [-118.4071533, 33.9420896], [-118.4071421, 33.9420159], [-118.4068527, 33.9420461], [-118.4068628, 33.9421125], [-118.4067947, 33.9421196], [-118.4068412, 33.9424266]]]}}, {"type": "Feature", "properties": {"aeroway": "parking_position", "ref": "402", "name": null, "surface": null, "id": 1526777156}, "geometry": {"type": "LineString", "coordinates": [[-118.4340938, 33.9420864], [-118.4341051, 33.9421911], [-118.4341041, 33.9422243], [-118.4340998, 33.9422669], [-118.4340858, 33.9423193], [-118.4340706, 33.9423566], [-118.4340522, 33.9423942], [-118.4340322, 33.9424261], [-118.4340071, 33.9424572], [-118.433973, 33.9424889], [-118.4339393, 33.9425187], [-118.4338999, 33.9425458], [-118.433854, 33.9425687], [-118.4337935, 33.9425935], [-118.4336817, 33.9426176]]}}, {"type": "Feature", "properties": {"aeroway": "parking_position", "ref": "402", "name": null, "surface": null, "id": 1526777157}, "geometry": {"type": "LineString", "coordinates": [[-118.4336817, 33.9426176], [-118.4341007, 33.9425752], [-118.4341844, 33.9425745], [-118.4342599, 33.9425845], [-118.4343243, 33.9426004], [-118.4343865, 33.9426249], [-118.4344409, 33.942654], [-118.4345218, 33.942703]]}}, {"type": "Feature", "properties": {"aeroway": "parking_position", "ref": "407", "name": null, "surface": null, "id": 1526777158}, "geometry": {"type": "LineString", "coordinates": [[-118.4327616, 33.9440872], [-118.4321487, 33.9441468]]}}, {"type": "Feature", "properties": {"aeroway": "parking_position", "ref": "407", "name": null, "surface": null, "id": 1526777159}, "geometry": {"type": "LineString", "coordinates": [[-118.4335495, 33.9441764], [-118.4334327, 33.9440895], [-118.4333874, 33.944062], [-118.4333435, 33.9440432], [-118.4332954, 33.9440257], [-118.4332424, 33.944011], [-118.4331949, 33.944001], [-118.4331433, 33.9439954], [-118.4330848, 33.9439949], [-118.4330176, 33.9439996], [-118.4329607, 33.944008], [-118.4328998, 33.9440215], [-118.4328606, 33.9440352], [-118.4328207, 33.944054], [-118.4327837, 33.9440721], [-118.4327616, 33.9440872]]}}, {"type": "Feature", "properties": {"aeroway": "parking_position", "ref": "407B", "name": null, "surface": null, "id": 1526777160}, "geometry": {"type": "LineString", "coordinates": [[-118.4326677, 33.9438937], [-118.4321487, 33.9441468]]}}, {"type": "Feature", "properties": {"aeroway": "parking_position", "ref": "407B", "name": null, "surface": null, "id": 1526777161}, "geometry": {"type": "LineString", "coordinates": [[-118.4326677, 33.9438937], [-118.4326814, 33.9438462], [-118.4327032, 33.9438021], [-118.432732, 33.9437628], [-118.4327603, 33.9437308], [-118.4327958, 33.9437012], [-118.4328378, 33.9436733], [-118.4328842, 33.9436485], [-118.4329343, 33.9436307], [-118.4329827, 33.9436176], [-118.4330272, 33.9436102], [-118.4330988, 33.9436066], [-118.4331689, 33.943612], [-118.4332097, 33.9436211], [-118.4332697, 33.943641], [-118.433333, 33.9436714], [-118.433385, 33.9437091], [-118.433426, 33.9437471], [-118.4334538, 33.9437828], [-118.4334733, 33.943811], [-118.4335044, 33.9438794]]}}, {"type": "Feature", "properties": {"aeroway": "parking_position", "ref": "406", "name": null, "surface": null, "id": 1526777162}, "geometry": {"type": "LineString", "coordinates": [[-118.4344837, 33.9439095], [-118.4345351, 33.9439331], [-118.4345938, 33.9439533], [-118.4346405, 33.9439603], [-118.4346942, 33.9439638], [-118.4347431, 33.9439602], [-118.4347902, 33.9439549], [-118.4348333, 33.9439452], [-118.4348754, 33.9439308], [-118.4349134, 33.943913], [-118.4349575, 33.9438866], [-118.4349922, 33.9438608], [-118.4350252, 33.94383], [-118.4350486, 33.9438044], [-118.4350686, 33.9437727], [-118.4350873, 33.9437405], [-118.4350984, 33.9437086], [-118.4351079, 33.9436764], [-118.4351125, 33.9436428], [-118.4351148, 33.9435744]]}}, {"type": "Feature", "properties": {"aeroway": "parking_position", "ref": "406", "name": null, "surface": null, "id": 1526777163}, "geometry": {"type": "LineString", "coordinates": [[-118.4344837, 33.9439095], [-118.4345989, 33.9438985], [-118.434632, 33.9438749], [-118.4346669, 33.9438538], [-118.4347042, 33.9438336], [-118.4347478, 33.9438174], [-118.4347918, 33.9438035], [-118.4348465, 33.9437937], [-118.4348997, 33.943788], [-118.4349565, 33.9437876], [-118.4350063, 33.9437941], [-118.4350398, 33.9438017], [-118.4350922, 33.9438162], [-118.4351336, 33.943831], [-118.4351678, 33.9438484], [-118.4352, 33.943867], [-118.4352674, 33.9439075]]}}, {"type": "Feature", "properties": {"aeroway": "parking_position", "ref": "77W", "name": null, "surface": null, "id": 1526838587}, "geometry": {"type": "LineString", "coordinates": [[-118.4004828, 33.9396396], [-118.4005226, 33.9396892], [-118.4005392, 33.9397291], [-118.4005505, 33.9397754], [-118.4005538, 33.9398274], [-118.4005493, 33.9398756], [-118.400542, 33.9399009], [-118.4005306, 33.9399324], [-118.4004885, 33.9400152], [-118.4003964, 33.9400932], [-118.4003405, 33.940128], [-118.4002921, 33.9401503], [-118.400232, 33.9401645], [-118.4001132, 33.9401752], [-118.4000522, 33.9401871]]}}, {"type": "Feature", "properties": {"aeroway": "parking_position", "ref": "62", "name": null, "surface": null, "id": 1526838588}, "geometry": {"type": "LineString", "coordinates": [[-118.4010423, 33.9420476], [-118.4017, 33.9419785]]}}, {"type": "Feature", "properties": {"aeroway": "parking_position", "ref": "64A", "name": null, "surface": null, "id": 1526838589}, "geometry": {"type": "LineString", "coordinates": [[-118.4010067, 33.9416743], [-118.4016351, 33.9416065]]}}, {"type": "Feature", "properties": {"aeroway": "parking_position", "ref": "64B", "name": null, "surface": null, "id": 1526838590}, "geometry": {"type": "LineString", "coordinates": [[-118.4009341, 33.9413065], [-118.4015826, 33.9412406]]}}, {"type": "Feature", "properties": {"aeroway": "parking_position", "ref": "68A", "name": null, "surface": null, "id": 1526838591}, "geometry": {"type": "LineString", "coordinates": [[-118.4008109, 33.9404603], [-118.4014816, 33.9405032]]}}, {"type": "Feature", "properties": {"aeroway": "parking_position", "ref": "50", "name": null, "surface": null, "id": 1526838592}, "geometry": {"type": "LineString", "coordinates": [[-118.4035193, 33.9421122], [-118.4037928, 33.9420834], [-118.404168, 33.942044]]}}, {"type": "Feature", "properties": {"aeroway": "parking_position", "ref": "50", "name": null, "surface": null, "id": 1526838593}, "geometry": {"type": "LineString", "coordinates": [[-118.4034086, 33.9421068], [-118.4034518, 33.9421325], [-118.4034837, 33.9421452], [-118.4035188, 33.9421551], [-118.4035616, 33.9421622], [-118.4035895, 33.9421616], [-118.4036195, 33.9421591], [-118.4036504, 33.9421546], [-118.4036832, 33.9421473], [-118.4037097, 33.9421367], [-118.4037354, 33.9421247], [-118.4037622, 33.9421087], [-118.4037819, 33.9420905], [-118.4037928, 33.9420834]]}}, {"type": "Feature", "properties": {"aeroway": "parking_position", "ref": "54A", "name": null, "surface": null, "id": 1526838594}, "geometry": {"type": "LineString", "coordinates": [[-118.4034601, 33.9417346], [-118.4040734, 33.9416742]]}}, {"type": "Feature", "properties": {"aeroway": "parking_position", "ref": "54B", "name": null, "surface": null, "id": 1526838595}, "geometry": {"type": "LineString", "coordinates": [[-118.4033738, 33.941325], [-118.403976, 33.9413087]]}}, {"type": "Feature", "properties": {"aeroway": "parking_position", "ref": "56A", "name": null, "surface": null, "id": 1526838596}, "geometry": {"type": "LineString", "coordinates": [[-118.403317, 33.940983], [-118.4039163, 33.9409153]]}}, {"type": "Feature", "properties": {"aeroway": "parking_position", "ref": "56B", "name": null, "surface": null, "id": 1526838597}, "geometry": {"type": "LineString", "coordinates": [[-118.4032601, 33.9405593], [-118.403909, 33.9405681]]}}, {"type": "Feature", "properties": {"aeroway": "parking_position", "ref": "56C", "name": null, "surface": null, "id": 1526838598}, "geometry": {"type": "LineString", "coordinates": [[-118.403201, 33.940173], [-118.4038505, 33.9401833]]}}, {"type": "Feature", "properties": {"aeroway": "parking_position", "ref": "58", "name": null, "surface": null, "id": 1526838599}, "geometry": {"type": "LineString", "coordinates": [[-118.403174, 33.9394736], [-118.403823, 33.939928]]}}, {"type": "Feature", "properties": {"aeroway": "parking_position", "ref": "59", "name": null, "surface": null, "id": 1526838600}, "geometry": {"type": "LineString", "coordinates": [[-118.404082, 33.9392882], [-118.404173, 33.9399172]]}}, {"type": "Feature", "properties": {"aeroway": "parking_position", "ref": "57", "name": null, "surface": null, "id": 1526838601}, "geometry": {"type": "LineString", "coordinates": [[-118.40505, 33.9392087], [-118.404586, 33.9398625]]}}, {"type": "Feature", "properties": {"aeroway": "parking_position", "ref": "55B", "name": null, "surface": null, "id": 1526838602}, "geometry": {"type": "LineString", "coordinates": [[-118.4053536, 33.9399087], [-118.4047528, 33.94016]]}}, {"type": "Feature", "properties": {"aeroway": "parking_position", "ref": "55A", "name": null, "surface": null, "id": 1526838603}, "geometry": {"type": "LineString", "coordinates": [[-118.4054343, 33.9403997], [-118.4047787, 33.9404657]]}}, {"type": "Feature", "properties": {"aeroway": "parking_position", "ref": "53B", "name": null, "surface": null, "id": 1526838604}, "geometry": {"type": "LineString", "coordinates": [[-118.4054895, 33.9407736], [-118.4048459, 33.9408399]]}}, {"type": "Feature", "properties": {"aeroway": "parking_position", "ref": "53A", "name": null, "surface": null, "id": 1526838605}, "geometry": {"type": "LineString", "coordinates": [[-118.4055598, 33.9412649], [-118.4055228, 33.9412595], [-118.405494, 33.9412496], [-118.4054695, 33.9412353], [-118.4054458, 33.9412199], [-118.405421, 33.9412037], [-118.4048961, 33.9411749]]}}, {"type": "Feature", "properties": {"aeroway": "parking_position", "ref": "51B", "name": null, "surface": null, "id": 1526838606}, "geometry": {"type": "LineString", "coordinates": [[-118.4056012, 33.941527], [-118.4049535, 33.9415949]]}}, {"type": "Feature", "properties": {"aeroway": "parking_position", "ref": "42B", "name": null, "surface": null, "id": 1526838607}, "geometry": {"type": "LineString", "coordinates": [[-118.4059846, 33.9411492], [-118.4064271, 33.9410945]]}}, {"type": "Feature", "properties": {"aeroway": "parking_position", "ref": "46A", "name": null, "surface": null, "id": 1526838608}, "geometry": {"type": "LineString", "coordinates": [[-118.4059273, 33.9407982], [-118.4062456, 33.9406999]]}}, {"type": "Feature", "properties": {"aeroway": "parking_position", "ref": "45", "name": null, "surface": null, "id": 1526838610}, "geometry": {"type": "LineString", "coordinates": [[-118.4072656, 33.9404469], [-118.4078029, 33.9405127]]}}, {"type": "Feature", "properties": {"aeroway": "parking_position", "ref": "43", "name": null, "surface": null, "id": 1526838611}, "geometry": {"type": "LineString", "coordinates": [[-118.407847, 33.9409053], [-118.4071593, 33.9411223]]}}, {"type": "Feature", "properties": {"aeroway": "parking_position", "ref": "41", "name": null, "surface": null, "id": 1526838612}, "geometry": {"type": "LineString", "coordinates": [[-118.4072415, 33.9416633], [-118.4078618, 33.9415981], [-118.4079503, 33.9415889]]}}, {"type": "Feature", "properties": {"aeroway": "parking_position", "ref": "41", "name": null, "surface": null, "id": 1526838613}, "geometry": {"type": "LineString", "coordinates": [[-118.4078618, 33.9415981], [-118.4079328, 33.9416322], [-118.4080089, 33.9416555], [-118.4081091, 33.9416654], [-118.4081999, 33.9416631], [-118.4082492, 33.941658], [-118.4082877, 33.9416447], [-118.4083196, 33.9416258], [-118.4083287, 33.9416183]]}}, {"type": "Feature", "properties": {"aeroway": "parking_position", "ref": "30A", "name": null, "surface": null, "id": 1526838614}, "geometry": {"type": "LineString", "coordinates": [[-118.4087329, 33.9450814], [-118.4077999, 33.9453003]]}}, {"type": "Feature", "properties": {"aeroway": "parking_position", "ref": "30", "name": null, "surface": null, "id": 1526838615}, "geometry": {"type": "LineString", "coordinates": [[-118.4087694, 33.9453744], [-118.4076893, 33.9453206]]}}, {"type": "Feature", "properties": {"aeroway": "parking_position", "ref": "30B", "name": null, "surface": null, "id": 1526838616}, "geometry": {"type": "LineString", "coordinates": [[-118.4086672, 33.945569], [-118.4079852, 33.9455862]]}}, {"type": "Feature", "properties": {"aeroway": "parking_position", "ref": "32A", "name": null, "surface": null, "id": 1526838617}, "geometry": {"type": "LineString", "coordinates": [[-118.4087624, 33.9459286], [-118.40806, 33.9460021]]}}, {"type": "Feature", "properties": {"aeroway": "parking_position", "ref": "30", "name": null, "surface": null, "id": 1526838618}, "geometry": {"type": "LineString", "coordinates": [[-118.4089049, 33.9462402], [-118.4080093, 33.9460565]]}}, {"type": "Feature", "properties": {"aeroway": "parking_position", "ref": "30B", "name": null, "surface": null, "id": 1526838619}, "geometry": {"type": "LineString", "coordinates": [[-118.4089093, 33.9463776], [-118.4081521, 33.9463166]]}}, {"type": "Feature", "properties": {"aeroway": "apron", "ref": null, "name": null, "surface": null, "id": 19971539}, "geometry": {"type": "MultiPolygon", "coordinates": [[[[-118.4070892, 33.9411944], [-118.4073401, 33.9411704], [-118.4073535, 33.941226], [-118.4079173, 33.9411612], [-118.4080229, 33.9419534], [-118.4079316, 33.9419666], [-118.4078551, 33.9419876], [-118.4076221, 33.9420103], [-118.4075224, 33.9419296], [-118.4073369, 33.9419469], [-118.4073191, 33.9418416], [-118.4072488, 33.9418514], [-118.4072428, 33.9418209], [-118.4072389, 33.9417936], [-118.4072012, 33.9417979], [-118.4071957, 33.9417512], [-118.4070657, 33.9417645], [-118.4070488, 33.9416361], [-118.4071538, 33.9416262], [-118.4070892, 33.9411944]]], [[[-118.4065689, 33.941126], [-118.4065689, 33.9411494], [-118.4065487, 33.9411515], [-118.4065511, 33.9411681], [-118.4066, 33.941163], [-118.4066024, 33.9411711], [-118.4066455, 33.9411666], [-118.406649, 33.9411904], [-118.4066397, 33.9411913], [-118.4067106, 33.9416676], [-118.4066939, 33.9416682], [-118.406695, 33.941679], [-118.4067363, 33.941851], [-118.4066672, 33.9418751], [-118.4065836, 33.9419936], [-118.4063101, 33.9420961], [-118.4060434, 33.9421244], [-118.4060634, 33.9420447], [-118.4060871, 33.9420219], [-118.4060999, 33.9419998], [-118.4061019, 33.9419736], [-118.4060938, 33.9419064], [-118.4059959, 33.9413019], [-118.4064697, 33.9412549], [-118.4065488, 33.9411192], [-118.4065689, 33.941126]]], [[[-118.4058718, 33.9405849], [-118.4056841, 33.9393768], [-118.4059101, 33.9393514], [-118.4074241, 33.9391995], [-118.4076203, 33.9393568], [-118.4076623, 33.9395529], [-118.40777, 33.9402003], [-118.4076832, 33.9402102], [-118.4076948, 33.9402799], [-118.4073078, 33.9403242], [-118.4073033, 33.9402972], [-118.4072462, 33.9403038], [-118.4072408, 33.9402712], [-118.4070865, 33.9402888], [-118.4070466, 33.9400098], [-118.4070423, 33.9399795], [-118.4070174, 33.9399709], [-118.406832, 33.9399069], [-118.4065845, 33.9398185], [-118.4064704, 33.9397777], [-118.4063859, 33.9397896], [-118.4063369, 33.9397941], [-118.4063384, 33.9398074], [-118.4063901, 33.9401547], [-118.4064167, 33.9404296], [-118.4062511, 33.9404427], [-118.4062538, 33.940495], [-118.4061907, 33.9404973], [-118.4061961, 33.9405518], [-118.4058718, 33.9405849]]]]}}, {"type": "Feature", "properties": {"aeroway": "terminal", "ref": "5", "name": "Terminal 5", "surface": null, "id": 19971540}, "geometry": {"type": "MultiPolygon", "coordinates": [[[[-118.4050748, 33.9422523], [-118.4054259, 33.9422158], [-118.405424, 33.9421919], [-118.4059573, 33.9421321], [-118.4060128, 33.9425103], [-118.405985, 33.9425128], [-118.4058747, 33.9425237], [-118.4054301, 33.9425679], [-118.4052868, 33.9425824], [-118.4052822, 33.9425557], [-118.4049811, 33.9425861], [-118.4049691, 33.9425865], [-118.4049466, 33.9425887], [-118.4048683, 33.9425964], [-118.4048658, 33.9425807], [-118.4047789, 33.9425888], [-118.4047833, 33.9426169], [-118.4047471, 33.9426302], [-118.4047117, 33.9426402], [-118.4046734, 33.9426472], [-118.4046575, 33.9426488], [-118.4046306, 33.9426515], [-118.4045995, 33.942651], [-118.4045678, 33.9426489], [-118.4045319, 33.9426445], [-118.4045263, 33.9426147], [-118.4043977, 33.9426281], [-118.4044039, 33.9426737], [-118.4043145, 33.9426824], [-118.4041044, 33.9427039], [-118.4039967, 33.9427148], [-118.4034698, 33.9427681], [-118.403419, 33.9423797], [-118.4034166, 33.9423561], [-118.4037513, 33.9423177], [-118.4042172, 33.9422682], [-118.4043166, 33.9420812], [-118.4043959, 33.9420752], [-118.4043906, 33.942039], [-118.4043202, 33.9420461], [-118.4042764, 33.9417377], [-118.4043418, 33.94173], [-118.4043151, 33.9415531], [-118.4042893, 33.9413939], [-118.4042052, 33.9414032], [-118.4041876, 33.9414027], [-118.4041382, 33.9410613], [-118.4042077, 33.9410527], [-118.4041989, 33.9409973], [-118.4041039, 33.9410149], [-118.404075, 33.9409091], [-118.4040726, 33.9407973], [-118.4041662, 33.9407944], [-118.4041506, 33.9406773], [-118.4040849, 33.9406844], [-118.4040295, 33.9403329], [-118.4040481, 33.9403316], [-118.4040266, 33.9401893], [-118.4040109, 33.940191], [-118.4039964, 33.9400973], [-118.4040153, 33.9400776], [-118.4041256, 33.940066], [-118.4041275, 33.9400785], [-118.4044272, 33.940047], [-118.4044253, 33.9400346], [-118.4045354, 33.940023], [-118.4045605, 33.9400385], [-118.4045726, 33.9401312], [-118.4045594, 33.940132], [-118.4045795, 33.9402783], [-118.4045955, 33.9402768], [-118.4046009, 33.9403175], [-118.4046319, 33.9405242], [-118.4046567, 33.9405222], [-118.4046616, 33.9405557], [-118.4046369, 33.9405589], [-118.4046442, 33.9406246], [-118.4046365, 33.9406253], [-118.4046484, 33.9407133], [-118.4046974, 33.9407087], [-118.4047076, 33.94071], [-118.4047152, 33.9407138], [-118.4047218, 33.9407193], [-118.4047279, 33.9407303], [-118.4047306, 33.9407553], [-118.4047596, 33.94095], [-118.4047596, 33.9409589], [-118.4047556, 33.9409678], [-118.4047505, 33.9409746], [-118.4047444, 33.9409792], [-118.4047373, 33.9409814], [-118.4046893, 33.9409861], [-118.4046925, 33.9410089], [-118.4047033, 33.9410078], [-118.4047376, 33.9412485], [-118.4047633, 33.9412459], [-118.4047678, 33.9412774], [-118.4047419, 33.94128], [-118.4047515, 33.941347], [-118.4046736, 33.9413548], [-118.4047429, 33.9418413], [-118.4047803, 33.9418376], [-118.4047832, 33.9418579], [-118.4047918, 33.9418571], [-118.4048436, 33.9422152], [-118.4049085, 33.9422625], [-118.4050724, 33.9422457], [-118.4050748, 33.9422523]]]]}}, {"type": "Feature", "properties": {"aeroway": "stand", "ref": null, "id": 5907207819}, "geometry": {"type": "Point", "coordinates": [-118.430758, 33.9389029]}}, {"type": "Feature", "properties": {"aeroway": "stand", "ref": "12A", "id": 9820166951}, "geometry": {"type": "Point", "coordinates": [-118.401693, 33.9461231]}}, {"type": "Feature", "properties": {"aeroway": "stand", "ref": "68B", "id": 9943923822}, "geometry": {"type": "Point", "coordinates": [-118.401345, 33.9401175]}}, {"type": "Feature", "properties": {"aeroway": "stand", "ref": "66", "id": 9943923824}, "geometry": {"type": "Point", "coordinates": [-118.4013968, 33.9410077]}}, {"type": "Feature", "properties": {"aeroway": "stand", "ref": "64B", "id": 9943923825}, "geometry": {"type": "Point", "coordinates": [-118.4014064, 33.941358]}}, {"type": "Feature", "properties": {"aeroway": "stand", "ref": "41", "id": 9944097204}, "geometry": {"type": "Point", "coordinates": [-118.407551, 33.9416311]}}, {"type": "Feature", "properties": {"aeroway": "stand", "ref": "47A", "id": 9944097208}, "geometry": {"type": "Point", "coordinates": [-118.4073389, 33.939794]}}, {"type": "Feature", "properties": {"aeroway": "stand", "ref": "48C", "id": 10038175545}, "geometry": {"type": "Point", "coordinates": [-118.4067616, 33.9396256]}}, {"type": "Feature", "properties": {"aeroway": "stand", "ref": "47B", "id": 10038175546}, "geometry": {"type": "Point", "coordinates": [-118.4070951, 33.9396046]}}, {"type": "Feature", "properties": {"aeroway": "stand", "ref": "3", "id": 10038176591}, "geometry": {"type": "Point", "coordinates": [-118.4092249, 33.945568]}}, {"type": "Feature", "properties": {"aeroway": "stand", "ref": "64A", "id": 12971830375}, "geometry": {"type": "Point", "coordinates": [-118.4014162, 33.9415669]}}, {"type": "Feature", "properties": {"aeroway": "stand", "ref": "2", "id": 13915269938}, "geometry": {"type": "Point", "coordinates": [-118.3982505, 33.9407074]}}, {"type": "Feature", "properties": {"aeroway": "stand", "ref": "N1", "id": 13915305040}, "geometry": {"type": "Point", "coordinates": [-118.4091168, 33.9469025]}}, {"type": "Feature", "properties": {"aeroway": "stand", "ref": null, "id": 19778732}, "geometry": {"type": "Point", "coordinates": [-118.3878803, 33.9350542]}}, {"type": "Feature", "properties": {"aeroway": "stand", "ref": null, "id": 138935831}, "geometry": {"type": "Point", "coordinates": [-118.3890097, 33.935492]}}, {"type": "Feature", "properties": {"aeroway": "stand", "ref": "KAL1", "id": 138935845}, "geometry": {"type": "Point", "coordinates": [-118.3915426, 33.9346573]}}, {"type": "Feature", "properties": {"aeroway": "stand", "ref": "KAL2", "id": 138935850}, "geometry": {"type": "Point", "coordinates": [-118.3923312, 33.9345971]}}, {"type": "Feature", "properties": {"aeroway": "stand", "ref": null, "id": 138935885}, "geometry": {"type": "Point", "coordinates": [-118.3896644, 33.9354249]}}, {"type": "Feature", "properties": {"aeroway": "stand", "ref": "SIA1", "id": 697074389}, "geometry": {"type": "Point", "coordinates": [-118.3933727, 33.9335077]}}, {"type": "Feature", "properties": {"aeroway": "stand", "ref": "A3", "id": 869928622}, "geometry": {"type": "Point", "coordinates": [-118.3893691, 33.9345779]}}, {"type": "Feature", "properties": {"aeroway": "stand", "ref": "33", "id": 1088092635}, "geometry": {"type": "Point", "coordinates": [-118.4065342, 33.9461892]}}, {"type": "Feature", "properties": {"aeroway": "stand", "ref": "31A", "id": 1088092636}, "geometry": {"type": "Point", "coordinates": [-118.4065545, 33.9458191]}}, {"type": "Feature", "properties": {"aeroway": "stand", "ref": "31B", "id": 1088092637}, "geometry": {"type": "Point", "coordinates": [-118.40644, 33.9455961]}}, {"type": "Feature", "properties": {"aeroway": "stand", "ref": null, "id": 1094671228}, "geometry": {"type": "Point", "coordinates": [-118.3883638, 33.9355606]}}, {"type": "Feature", "properties": {"aeroway": "stand", "ref": "A3", "id": 1094671229}, "geometry": {"type": "Point", "coordinates": [-118.3863649, 33.93488]}}, {"type": "Feature", "properties": {"aeroway": "stand", "ref": null, "id": 1094671230}, "geometry": {"type": "Point", "coordinates": [-118.3882307, 33.9355721]}}, {"type": "Feature", "properties": {"aeroway": "stand", "ref": null, "id": 1094671231}, "geometry": {"type": "Point", "coordinates": [-118.3888605, 33.9355067]}}, {"type": "Feature", "properties": {"aeroway": "stand", "ref": null, "id": 1094671232}, "geometry": {"type": "Point", "coordinates": [-118.3912018, 33.9352693]}}, {"type": "Feature", "properties": {"aeroway": "stand", "ref": null, "id": 1094671233}, "geometry": {"type": "Point", "coordinates": [-118.3927812, 33.9351056]}}, {"type": "Feature", "properties": {"aeroway": "stand", "ref": null, "id": 1094671234}, "geometry": {"type": "Point", "coordinates": [-118.3931447, 33.9350736]}}, {"type": "Feature", "properties": {"aeroway": "stand", "ref": "86B", "id": 1096142912}, "geometry": {"type": "Point", "coordinates": [-118.3974889, 33.9404048]}}, {"type": "Feature", "properties": {"aeroway": "stand", "ref": "86A", "id": 1096142913}, "geometry": {"type": "Point", "coordinates": [-118.397472, 33.940634]}}, {"type": "Feature", "properties": {"aeroway": "stand", "ref": "85", "id": 1096142914}, "geometry": {"type": "Point", "coordinates": [-118.3974785, 33.9409678]}}, {"type": "Feature", "properties": {"aeroway": "stand", "ref": "84", "id": 1096142915}, "geometry": {"type": "Point", "coordinates": [-118.3975587, 33.9413272]}}, {"type": "Feature", "properties": {"aeroway": "stand", "ref": "83", "id": 1096142916}, "geometry": {"type": "Point", "coordinates": [-118.3975872, 33.9416937]}}, {"type": "Feature", "properties": {"aeroway": "stand", "ref": "82", "id": 1096142917}, "geometry": {"type": "Point", "coordinates": [-118.3976428, 33.942055]}}, {"type": "Feature", "properties": {"aeroway": "stand", "ref": "81", "id": 1096142918}, "geometry": {"type": "Point", "coordinates": [-118.3976931, 33.9424201]}}, {"type": "Feature", "properties": {"aeroway": "stand", "ref": "80", "id": 1096142919}, "geometry": {"type": "Point", "coordinates": [-118.3978135, 33.9428431]}}, {"type": "Feature", "properties": {"aeroway": "stand", "ref": "C6", "id": 1096142920}, "geometry": {"type": "Point", "coordinates": [-118.398753, 33.9427833]}}, {"type": "Feature", "properties": {"aeroway": "stand", "ref": "70A", "id": 1096142921}, "geometry": {"type": "Point", "coordinates": [-118.399291, 33.9426298]}}, {"type": "Feature", "properties": {"aeroway": "stand", "ref": "70B", "id": 1096142922}, "geometry": {"type": "Point", "coordinates": [-118.3992717, 33.9422694]}}, {"type": "Feature", "properties": {"aeroway": "stand", "ref": "72A", "id": 1096142923}, "geometry": {"type": "Point", "coordinates": [-118.3993176, 33.9418744]}}, {"type": "Feature", "properties": {"aeroway": "stand", "ref": "72W", "id": 1096142924}, "geometry": {"type": "Point", "coordinates": [-118.3993133, 33.941937]}}, {"type": "Feature", "properties": {"aeroway": "stand", "ref": "72B", "id": 1096142925}, "geometry": {"type": "Point", "coordinates": [-118.3991531, 33.9415759]}}, {"type": "Feature", "properties": {"aeroway": "stand", "ref": "74", "id": 1096142926}, "geometry": {"type": "Point", "coordinates": [-118.3992678, 33.9412244]}}, {"type": "Feature", "properties": {"aeroway": "stand", "ref": "76A", "id": 1096142927}, "geometry": {"type": "Point", "coordinates": [-118.3991029, 33.9406163]}}, {"type": "Feature", "properties": {"aeroway": "stand", "ref": "76", "id": 1096142928}, "geometry": {"type": "Point", "coordinates": [-118.3991309, 33.9406281]}}, {"type": "Feature", "properties": {"aeroway": "stand", "ref": "76B", "id": 1096142929}, "geometry": {"type": "Point", "coordinates": [-118.3992899, 33.9404601]}}, {"type": "Feature", "properties": {"aeroway": "stand", "ref": "77", "id": 1096142930}, "geometry": {"type": "Point", "coordinates": [-118.3996678, 33.9404652]}}, {"type": "Feature", "properties": {"aeroway": "stand", "ref": "75B", "id": 1096142931}, "geometry": {"type": "Point", "coordinates": [-118.3998506, 33.9407396]}}, {"type": "Feature", "properties": {"aeroway": "stand", "ref": "75A", "id": 1096142932}, "geometry": {"type": "Point", "coordinates": [-118.3999669, 33.9411349]}}, {"type": "Feature", "properties": {"aeroway": "stand", "ref": "73", "id": 1096142933}, "geometry": {"type": "Point", "coordinates": [-118.4000043, 33.941569]}}, {"type": "Feature", "properties": {"aeroway": "stand", "ref": "71B", "id": 1096142934}, "geometry": {"type": "Point", "coordinates": [-118.4000551, 33.9421033]}}, {"type": "Feature", "properties": {"aeroway": "stand", "ref": "71A", "id": 1096142935}, "geometry": {"type": "Point", "coordinates": [-118.4002353, 33.9423858]}}, {"type": "Feature", "properties": {"aeroway": "stand", "ref": "60", "id": 1096142936}, "geometry": {"type": "Point", "coordinates": [-118.4017579, 33.9423502]}}, {"type": "Feature", "properties": {"aeroway": "stand", "ref": "68B", "id": 1096142937}, "geometry": {"type": "Point", "coordinates": [-118.4014721, 33.9401937]}}, {"type": "Feature", "properties": {"aeroway": "stand", "ref": "69B", "id": 1096142938}, "geometry": {"type": "Point", "coordinates": [-118.4018627, 33.940142]}}, {"type": "Feature", "properties": {"aeroway": "stand", "ref": "69A", "id": 1096142939}, "geometry": {"type": "Point", "coordinates": [-118.4022105, 33.9402008]}}, {"type": "Feature", "properties": {"aeroway": "stand", "ref": "67", "id": 1096142940}, "geometry": {"type": "Point", "coordinates": [-118.4024085, 33.9403686]}}, {"type": "Feature", "properties": {"aeroway": "stand", "ref": "65B", "id": 1096142941}, "geometry": {"type": "Point", "coordinates": [-118.4024578, 33.9407213]}}, {"type": "Feature", "properties": {"aeroway": "stand", "ref": "65A", "id": 1096142942}, "geometry": {"type": "Point", "coordinates": [-118.4025154, 33.9410894]}}, {"type": "Feature", "properties": {"aeroway": "stand", "ref": "63B", "id": 1096142943}, "geometry": {"type": "Point", "coordinates": [-118.402545, 33.9414526]}}, {"type": "Feature", "properties": {"aeroway": "stand", "ref": "63A", "id": 1096142944}, "geometry": {"type": "Point", "coordinates": [-118.4026048, 33.9418403]}}, {"type": "Feature", "properties": {"aeroway": "stand", "ref": "42A", "id": 1096142960}, "geometry": {"type": "Point", "coordinates": [-118.4065064, 33.941476]}}, {"type": "Feature", "properties": {"aeroway": "stand", "ref": "46B", "id": 1096142962}, "geometry": {"type": "Point", "coordinates": [-118.4062664, 33.9403153]}}, {"type": "Feature", "properties": {"aeroway": "stand", "ref": "46C", "id": 1096142964}, "geometry": {"type": "Point", "coordinates": [-118.4062472, 33.9399432]}}, {"type": "Feature", "properties": {"aeroway": "stand", "ref": "48A", "id": 1096142970}, "geometry": {"type": "Point", "coordinates": [-118.4061055, 33.9397397]}}, {"type": "Feature", "properties": {"aeroway": "stand", "ref": "48B", "id": 1096142971}, "geometry": {"type": "Point", "coordinates": [-118.4063896, 33.9396783]}}, {"type": "Feature", "properties": {"aeroway": "stand", "ref": null, "id": 1096142973}, "geometry": {"type": "Point", "coordinates": [-118.4067616, 33.9396256]}}, {"type": "Feature", "properties": {"aeroway": "stand", "ref": "49B", "id": 1096142974}, "geometry": {"type": "Point", "coordinates": [-118.4070951, 33.9396046]}}, {"type": "Feature", "properties": {"aeroway": "stand", "ref": "151", "id": 1096142975}, "geometry": {"type": "Point", "coordinates": [-118.4095877, 33.9420808]}}, {"type": "Feature", "properties": {"aeroway": "stand", "ref": "153", "id": 1096142977}, "geometry": {"type": "Point", "coordinates": [-118.4096996, 33.9415152]}}, {"type": "Feature", "properties": {"aeroway": "stand", "ref": "155", "id": 1096142979}, "geometry": {"type": "Point", "coordinates": [-118.4096602, 33.9408555]}}, {"type": "Feature", "properties": {"aeroway": "stand", "ref": "157", "id": 1096142981}, "geometry": {"type": "Point", "coordinates": [-118.4095534, 33.9402061]}}, {"type": "Feature", "properties": {"aeroway": "stand", "ref": "159", "id": 1096142982}, "geometry": {"type": "Point", "coordinates": [-118.4095306, 33.9397031]}}, {"type": "Feature", "properties": {"aeroway": "stand", "ref": "156", "id": 1096142985}, "geometry": {"type": "Point", "coordinates": [-118.4103558, 33.9394545]}}, {"type": "Feature", "properties": {"aeroway": "stand", "ref": "154", "id": 1096142988}, "geometry": {"type": "Point", "coordinates": [-118.4104247, 33.9402457]}}, {"type": "Feature", "properties": {"aeroway": "stand", "ref": "152", "id": 1096142991}, "geometry": {"type": "Point", "coordinates": [-118.4105504, 33.9410273]}}, {"type": "Feature", "properties": {"aeroway": "stand", "ref": "150", "id": 1096142994}, "geometry": {"type": "Point", "coordinates": [-118.4106452, 33.9418115]}}, {"type": "Feature", "properties": {"aeroway": "stand", "ref": "148", "id": 1096142997}, "geometry": {"type": "Point", "coordinates": [-118.4108693, 33.9426261]}}, {"type": "Feature", "properties": {"aeroway": "stand", "ref": "130", "id": 1096142999}, "geometry": {"type": "Point", "coordinates": [-118.4110035, 33.9440041]}}, {"type": "Feature", "properties": {"aeroway": "stand", "ref": "132", "id": 1096143000}, "geometry": {"type": "Point", "coordinates": [-118.4111188, 33.944656]}}, {"type": "Feature", "properties": {"aeroway": "stand", "ref": "134", "id": 1096143002}, "geometry": {"type": "Point", "coordinates": [-118.4111934, 33.9452064]}}, {"type": "Feature", "properties": {"aeroway": "stand", "ref": "134", "id": 1096143003}, "geometry": {"type": "Point", "coordinates": [-118.4119185, 33.9452814]}}, {"type": "Feature", "properties": {"aeroway": "stand", "ref": "209B", "id": 1096143006}, "geometry": {"type": "Point", "coordinates": [-118.4150024, 33.945829]}}, {"type": "Feature", "properties": {"aeroway": "stand", "ref": "209", "id": 1096143007}, "geometry": {"type": "Point", "coordinates": [-118.4150652, 33.9456982]}}, {"type": "Feature", "properties": {"aeroway": "stand", "ref": "209A", "id": 1096143008}, "geometry": {"type": "Point", "coordinates": [-118.4147745, 33.9456329]}}, {"type": "Feature", "properties": {"aeroway": "stand", "ref": "207", "id": 1096143009}, "geometry": {"type": "Point", "coordinates": [-118.4149662, 33.9450499]}}, {"type": "Feature", "properties": {"aeroway": "stand", "ref": "205", "id": 1096143010}, "geometry": {"type": "Point", "coordinates": [-118.4149289, 33.9443432]}}, {"type": "Feature", "properties": {"aeroway": "stand", "ref": "203", "id": 1096143011}, "geometry": {"type": "Point", "coordinates": [-118.4147713, 33.9437018]}}, {"type": "Feature", "properties": {"aeroway": "stand", "ref": "201B", "id": 1096143012}, "geometry": {"type": "Point", "coordinates": [-118.4143954, 33.9432496]}}, {"type": "Feature", "properties": {"aeroway": "stand", "ref": null, "id": 1096143014}, "geometry": {"type": "Point", "coordinates": [-118.4146567, 33.9429605]}}, {"type": "Feature", "properties": {"aeroway": "stand", "ref": "201A", "id": 1096143015}, "geometry": {"type": "Point", "coordinates": [-118.4142754, 33.942962]}}, {"type": "Feature", "properties": {"aeroway": "stand", "ref": "221", "id": 1096143016}, "geometry": {"type": "Point", "coordinates": [-118.4144801, 33.9417893]}}, {"type": "Feature", "properties": {"aeroway": "stand", "ref": "225", "id": 1096143018}, "geometry": {"type": "Point", "coordinates": [-118.414344, 33.9413274]}}, {"type": "Feature", "properties": {"aeroway": "stand", "ref": "210B", "id": 1096143023}, "geometry": {"type": "Point", "coordinates": [-118.4161153, 33.9458148]}}, {"type": "Feature", "properties": {"aeroway": "stand", "ref": "210", "id": 1096143024}, "geometry": {"type": "Point", "coordinates": [-118.4157651, 33.9455435]}}, {"type": "Feature", "properties": {"aeroway": "stand", "ref": "210A", "id": 1096143025}, "geometry": {"type": "Point", "coordinates": [-118.4158478, 33.9454582]}}, {"type": "Feature", "properties": {"aeroway": "stand", "ref": "208", "id": 1096143026}, "geometry": {"type": "Point", "coordinates": [-118.415674, 33.9448938]}}, {"type": "Feature", "properties": {"aeroway": "stand", "ref": "206", "id": 1096143027}, "geometry": {"type": "Point", "coordinates": [-118.4155548, 33.9441981]}}, {"type": "Feature", "properties": {"aeroway": "stand", "ref": "204", "id": 1096143028}, "geometry": {"type": "Point", "coordinates": [-118.4154597, 33.9435466]}}, {"type": "Feature", "properties": {"aeroway": "stand", "ref": "202", "id": 1096143029}, "geometry": {"type": "Point", "coordinates": [-118.4153647, 33.9428457]}}, {"type": "Feature", "properties": {"aeroway": "stand", "ref": "52I", "id": 1096143030}, "geometry": {"type": "Point", "coordinates": [-118.3941802, 33.9412778]}}, {"type": "Feature", "properties": {"aeroway": "stand", "ref": "52H", "id": 1096143031}, "geometry": {"type": "Point", "coordinates": [-118.3939004, 33.9413105]}}, {"type": "Feature", "properties": {"aeroway": "stand", "ref": "52G", "id": 1096143034}, "geometry": {"type": "Point", "coordinates": [-118.3937448, 33.9414694]}}, {"type": "Feature", "properties": {"aeroway": "stand", "ref": "52F", "id": 1096143037}, "geometry": {"type": "Point", "coordinates": [-118.3937986, 33.9417147]}}, {"type": "Feature", "properties": {"aeroway": "stand", "ref": "52E", "id": 1096143038}, "geometry": {"type": "Point", "coordinates": [-118.3937484, 33.9420312]}}, {"type": "Feature", "properties": {"aeroway": "stand", "ref": "52D", "id": 1096143044}, "geometry": {"type": "Point", "coordinates": [-118.393776, 33.9422811]}}, {"type": "Feature", "properties": {"aeroway": "stand", "ref": "52C", "id": 1096143045}, "geometry": {"type": "Point", "coordinates": [-118.3937844, 33.9425576]}}, {"type": "Feature", "properties": {"aeroway": "stand", "ref": "52A", "id": 1096143046}, "geometry": {"type": "Point", "coordinates": [-118.3937788, 33.9430057]}}, {"type": "Feature", "properties": {"aeroway": "stand", "ref": "x2", "id": 1096143047}, "geometry": {"type": "Point", "coordinates": [-118.392938, 33.9414294]}}, {"type": "Feature", "properties": {"aeroway": "stand", "ref": "X3", "id": 1096143049}, "geometry": {"type": "Point", "coordinates": [-118.3926764, 33.9418205]}}, {"type": "Feature", "properties": {"aeroway": "stand", "ref": null, "id": 1096143050}, "geometry": {"type": "Point", "coordinates": [-118.3928351, 33.9411741]}}, {"type": "Feature", "properties": {"aeroway": "stand", "ref": "22", "id": 1096143051}, "geometry": {"type": "Point", "coordinates": [-118.3924086, 33.9413037]}}, {"type": "Feature", "properties": {"aeroway": "stand", "ref": "22A", "id": 1096143052}, "geometry": {"type": "Point", "coordinates": [-118.3924627, 33.9411629]}}, {"type": "Feature", "properties": {"aeroway": "stand", "ref": "22", "id": 1096143053}, "geometry": {"type": "Point", "coordinates": [-118.3920078, 33.9415118]}}, {"type": "Feature", "properties": {"aeroway": "stand", "ref": "18", "id": 1096143054}, "geometry": {"type": "Point", "coordinates": [-118.3922104, 33.9418625]}}, {"type": "Feature", "properties": {"aeroway": "stand", "ref": null, "id": 1096143055}, "geometry": {"type": "Point", "coordinates": [-118.392369, 33.9418477]}}, {"type": "Feature", "properties": {"aeroway": "stand", "ref": "11", "id": 1096143056}, "geometry": {"type": "Point", "coordinates": [-118.3914202, 33.9425878]}}, {"type": "Feature", "properties": {"aeroway": "stand", "ref": "12", "id": 1096143057}, "geometry": {"type": "Point", "coordinates": [-118.391909, 33.9426138]}}, {"type": "Feature", "properties": {"aeroway": "stand", "ref": "13", "id": 1096143058}, "geometry": {"type": "Point", "coordinates": [-118.3924126, 33.9425641]}}, {"type": "Feature", "properties": {"aeroway": "stand", "ref": "20A", "id": 1096143061}, "geometry": {"type": "Point", "coordinates": [-118.3915451, 33.9412086]}}, {"type": "Feature", "properties": {"aeroway": "stand", "ref": "21", "id": 1096143062}, "geometry": {"type": "Point", "coordinates": [-118.3917843, 33.9409096]}}, {"type": "Feature", "properties": {"aeroway": "stand", "ref": "10", "id": 1096143063}, "geometry": {"type": "Point", "coordinates": [-118.3908443, 33.9428122]}}, {"type": "Feature", "properties": {"aeroway": "stand", "ref": null, "id": 1096143064}, "geometry": {"type": "Point", "coordinates": [-118.3900916, 33.9415046]}}, {"type": "Feature", "properties": {"aeroway": "stand", "ref": null, "id": 1096143065}, "geometry": {"type": "Point", "coordinates": [-118.3903692, 33.9412121]}}, {"type": "Feature", "properties": {"aeroway": "stand", "ref": null, "id": 1096143066}, "geometry": {"type": "Point", "coordinates": [-118.3899022, 33.9429986]}}, {"type": "Feature", "properties": {"aeroway": "stand", "ref": null, "id": 1096143067}, "geometry": {"type": "Point", "coordinates": [-118.3889434, 33.9424947]}}, {"type": "Feature", "properties": {"aeroway": "stand", "ref": null, "id": 1096143068}, "geometry": {"type": "Point", "coordinates": [-118.3887432, 33.942503]}}, {"type": "Feature", "properties": {"aeroway": "stand", "ref": null, "id": 1096143069}, "geometry": {"type": "Point", "coordinates": [-118.3885425, 33.942496]}}, {"type": "Feature", "properties": {"aeroway": "stand", "ref": null, "id": 1096143070}, "geometry": {"type": "Point", "coordinates": [-118.3891111, 33.9413405]}}, {"type": "Feature", "properties": {"aeroway": "stand", "ref": null, "id": 1096143071}, "geometry": {"type": "Point", "coordinates": [-118.3886597, 33.9418176]}}, {"type": "Feature", "properties": {"aeroway": "stand", "ref": null, "id": 1096143072}, "geometry": {"type": "Point", "coordinates": [-118.3897437, 33.9412753]}}, {"type": "Feature", "properties": {"aeroway": "stand", "ref": null, "id": 1096143073}, "geometry": {"type": "Point", "coordinates": [-118.3892874, 33.9417592]}}, {"type": "Feature", "properties": {"aeroway": "stand", "ref": null, "id": 1096143074}, "geometry": {"type": "Point", "coordinates": [-118.3884516, 33.9413925]}}, {"type": "Feature", "properties": {"aeroway": "stand", "ref": null, "id": 1096143075}, "geometry": {"type": "Point", "coordinates": [-118.3880679, 33.9418698]}}, {"type": "Feature", "properties": {"aeroway": "stand", "ref": null, "id": 1096143076}, "geometry": {"type": "Point", "coordinates": [-118.3878716, 33.9424914]}}, {"type": "Feature", "properties": {"aeroway": "stand", "ref": null, "id": 1096143077}, "geometry": {"type": "Point", "coordinates": [-118.3876726, 33.9424923]}}, {"type": "Feature", "properties": {"aeroway": "stand", "ref": null, "id": 1096143078}, "geometry": {"type": "Point", "coordinates": [-118.3874721, 33.9424914]}}, {"type": "Feature", "properties": {"aeroway": "stand", "ref": null, "id": 1096143079}, "geometry": {"type": "Point", "coordinates": [-118.3879203, 33.9414436]}}, {"type": "Feature", "properties": {"aeroway": "stand", "ref": null, "id": 1096143080}, "geometry": {"type": "Point", "coordinates": [-118.3874523, 33.941858]}}, {"type": "Feature", "properties": {"aeroway": "stand", "ref": null, "id": 1096143081}, "geometry": {"type": "Point", "coordinates": [-118.3869437, 33.9415425]}}, {"type": "Feature", "properties": {"aeroway": "stand", "ref": null, "id": 1096143082}, "geometry": {"type": "Point", "coordinates": [-118.3874461, 33.9417731]}}, {"type": "Feature", "properties": {"aeroway": "stand", "ref": null, "id": 1096143083}, "geometry": {"type": "Point", "coordinates": [-118.3843531, 33.942279]}}, {"type": "Feature", "properties": {"aeroway": "stand", "ref": "941A", "id": 1096143084}, "geometry": {"type": "Point", "coordinates": [-118.3842683, 33.9419148]}}, {"type": "Feature", "properties": {"aeroway": "stand", "ref": "943", "id": 1096143085}, "geometry": {"type": "Point", "coordinates": [-118.3842203, 33.9430731]}}, {"type": "Feature", "properties": {"aeroway": "stand", "ref": "943B", "id": 1096143086}, "geometry": {"type": "Point", "coordinates": [-118.3833882, 33.9426015]}}, {"type": "Feature", "properties": {"aeroway": "stand", "ref": "946A", "id": 1096143087}, "geometry": {"type": "Point", "coordinates": [-118.382489, 33.9432844]}}, {"type": "Feature", "properties": {"aeroway": "stand", "ref": "946", "id": 1096143088}, "geometry": {"type": "Point", "coordinates": [-118.3833356, 33.942551]}}, {"type": "Feature", "properties": {"aeroway": "stand", "ref": "946B", "id": 1096143089}, "geometry": {"type": "Point", "coordinates": [-118.3824719, 33.9427922]}}, {"type": "Feature", "properties": {"aeroway": "stand", "ref": "944", "id": 1096143090}, "geometry": {"type": "Point", "coordinates": [-118.3824733, 33.9423996]}}, {"type": "Feature", "properties": {"aeroway": "stand", "ref": "942A", "id": 1096143091}, "geometry": {"type": "Point", "coordinates": [-118.3824691, 33.9420039]}}, {"type": "Feature", "properties": {"aeroway": "stand", "ref": "942", "id": 1096143092}, "geometry": {"type": "Point", "coordinates": [-118.3823382, 33.9422876]}}, {"type": "Feature", "properties": {"aeroway": "stand", "ref": "942B", "id": 1096143093}, "geometry": {"type": "Point", "coordinates": [-118.3824706, 33.9416104]}}, {"type": "Feature", "properties": {"aeroway": "stand", "ref": "931A", "id": 1096143094}, "geometry": {"type": "Point", "coordinates": [-118.3794767, 33.9418356]}}, {"type": "Feature", "properties": {"aeroway": "stand", "ref": "931", "id": 1096143095}, "geometry": {"type": "Point", "coordinates": [-118.3796677, 33.942016]}}, {"type": "Feature", "properties": {"aeroway": "stand", "ref": "931B", "id": 1096143096}, "geometry": {"type": "Point", "coordinates": [-118.3796633, 33.9422134]}}, {"type": "Feature", "properties": {"aeroway": "stand", "ref": "933A", "id": 1096143097}, "geometry": {"type": "Point", "coordinates": [-118.3796797, 33.9425932]}}, {"type": "Feature", "properties": {"aeroway": "stand", "ref": "932", "id": 1096143098}, "geometry": {"type": "Point", "coordinates": [-118.379416, 33.9427809]}}, {"type": "Feature", "properties": {"aeroway": "stand", "ref": "932B", "id": 1096143099}, "geometry": {"type": "Point", "coordinates": [-118.3796839, 33.9429695]}}, {"type": "Feature", "properties": {"aeroway": "stand", "ref": "933", "id": 1096143100}, "geometry": {"type": "Point", "coordinates": [-118.3808551, 33.9433764]}}, {"type": "Feature", "properties": {"aeroway": "stand", "ref": "1", "id": 1096143101}, "geometry": {"type": "Point", "coordinates": [-118.3802552, 33.9354453]}}, {"type": "Feature", "properties": {"aeroway": "stand", "ref": "10", "id": 1096143102}, "geometry": {"type": "Point", "coordinates": [-118.3824211, 33.9353495]}}, {"type": "Feature", "properties": {"aeroway": "stand", "ref": "9", "id": 1096143103}, "geometry": {"type": "Point", "coordinates": [-118.382303, 33.9344942]}}, {"type": "Feature", "properties": {"aeroway": "stand", "ref": null, "id": 1096143104}, "geometry": {"type": "Point", "coordinates": [-118.3820081, 33.9347315]}}, {"type": "Feature", "properties": {"aeroway": "stand", "ref": "8", "id": 1096143105}, "geometry": {"type": "Point", "coordinates": [-118.3822483, 33.9338304]}}, {"type": "Feature", "properties": {"aeroway": "stand", "ref": null, "id": 1096143106}, "geometry": {"type": "Point", "coordinates": [-118.3822089, 33.9338685]}}, {"type": "Feature", "properties": {"aeroway": "stand", "ref": null, "id": 1096143107}, "geometry": {"type": "Point", "coordinates": [-118.3824317, 33.9336524]}}, {"type": "Feature", "properties": {"aeroway": "stand", "ref": "3", "id": 1096143108}, "geometry": {"type": "Point", "coordinates": [-118.3802692, 33.9338477]}}, {"type": "Feature", "properties": {"aeroway": "stand", "ref": null, "id": 1096143109}, "geometry": {"type": "Point", "coordinates": [-118.3806212, 33.9341427]}}, {"type": "Feature", "properties": {"aeroway": "stand", "ref": "2", "id": 1096143110}, "geometry": {"type": "Point", "coordinates": [-118.3802614, 33.9345161]}}, {"type": "Feature", "properties": {"aeroway": "stand", "ref": null, "id": 1096143111}, "geometry": {"type": "Point", "coordinates": [-118.380626, 33.9348172]}}, {"type": "Feature", "properties": {"aeroway": "stand", "ref": null, "id": 1096143112}, "geometry": {"type": "Point", "coordinates": [-118.3822842, 33.9331747]}}, {"type": "Feature", "properties": {"aeroway": "stand", "ref": null, "id": 1096143113}, "geometry": {"type": "Point", "coordinates": [-118.3820222, 33.9333956]}}, {"type": "Feature", "properties": {"aeroway": "stand", "ref": "7", "id": 1096143114}, "geometry": {"type": "Point", "coordinates": [-118.3822105, 33.9331221]}}, {"type": "Feature", "properties": {"aeroway": "stand", "ref": null, "id": 1096143115}, "geometry": {"type": "Point", "coordinates": [-118.3823232, 33.9330053]}}, {"type": "Feature", "properties": {"aeroway": "stand", "ref": "4", "id": 1096143116}, "geometry": {"type": "Point", "coordinates": [-118.3802513, 33.9331664]}}, {"type": "Feature", "properties": {"aeroway": "stand", "ref": null, "id": 1096143117}, "geometry": {"type": "Point", "coordinates": [-118.3805971, 33.9334539]}}, {"type": "Feature", "properties": {"aeroway": "stand", "ref": "6", "id": 1096143118}, "geometry": {"type": "Point", "coordinates": [-118.3822861, 33.9325014]}}, {"type": "Feature", "properties": {"aeroway": "stand", "ref": null, "id": 1096143119}, "geometry": {"type": "Point", "coordinates": [-118.3821616, 33.9325998]}}, {"type": "Feature", "properties": {"aeroway": "stand", "ref": "5", "id": 1096143120}, "geometry": {"type": "Point", "coordinates": [-118.3802644, 33.9324993]}}, {"type": "Feature", "properties": {"aeroway": "stand", "ref": null, "id": 1096143121}, "geometry": {"type": "Point", "coordinates": [-118.3806184, 33.9327924]}}, {"type": "Feature", "properties": {"aeroway": "stand", "ref": "FDX6", "id": 1096143122}, "geometry": {"type": "Point", "coordinates": [-118.3861033, 33.9349764]}}, {"type": "Feature", "properties": {"aeroway": "stand", "ref": "FDX7", "id": 1096143123}, "geometry": {"type": "Point", "coordinates": [-118.3861026, 33.9344229]}}, {"type": "Feature", "properties": {"aeroway": "stand", "ref": "FDX8", "id": 1096143124}, "geometry": {"type": "Point", "coordinates": [-118.3861326, 33.9338793]}}, {"type": "Feature", "properties": {"aeroway": "stand", "ref": "FDX9", "id": 1096143125}, "geometry": {"type": "Point", "coordinates": [-118.3861417, 33.9333206]}}, {"type": "Feature", "properties": {"aeroway": "stand", "ref": null, "id": 1096143126}, "geometry": {"type": "Point", "coordinates": [-118.3843858, 33.9329183]}}, {"type": "Feature", "properties": {"aeroway": "stand", "ref": null, "id": 1096143127}, "geometry": {"type": "Point", "coordinates": [-118.3843335, 33.932984]}}, {"type": "Feature", "properties": {"aeroway": "stand", "ref": "FDX11", "id": 1096143128}, "geometry": {"type": "Point", "coordinates": [-118.3860811, 33.932219]}}, {"type": "Feature", "properties": {"aeroway": "stand", "ref": "FDX10", "id": 1096143129}, "geometry": {"type": "Point", "coordinates": [-118.3861138, 33.9327765]}}, {"type": "Feature", "properties": {"aeroway": "stand", "ref": "JAL2", "id": 1096143131}, "geometry": {"type": "Point", "coordinates": [-118.3909543, 33.9337724]}}, {"type": "Feature", "properties": {"aeroway": "stand", "ref": null, "id": 1096143132}, "geometry": {"type": "Point", "coordinates": [-118.3905836, 33.9339611]}}, {"type": "Feature", "properties": {"aeroway": "stand", "ref": "JAL1", "id": 1096143133}, "geometry": {"type": "Point", "coordinates": [-118.3897825, 33.9337737]}}, {"type": "Feature", "properties": {"aeroway": "stand", "ref": null, "id": 1096143134}, "geometry": {"type": "Point", "coordinates": [-118.3897846, 33.9340002]}}, {"type": "Feature", "properties": {"aeroway": "stand", "ref": null, "id": 1096143135}, "geometry": {"type": "Point", "coordinates": [-118.390185, 33.9337248]}}, {"type": "Feature", "properties": {"aeroway": "stand", "ref": "FDX2", "id": 1096143136}, "geometry": {"type": "Point", "coordinates": [-118.388986, 33.9336746]}}, {"type": "Feature", "properties": {"aeroway": "stand", "ref": "FDX3", "id": 1096143137}, "geometry": {"type": "Point", "coordinates": [-118.3883437, 33.9337946]}}, {"type": "Feature", "properties": {"aeroway": "stand", "ref": "FDX4", "id": 1096143138}, "geometry": {"type": "Point", "coordinates": [-118.3876832, 33.9338342]}}, {"type": "Feature", "properties": {"aeroway": "stand", "ref": "FDX5", "id": 1096143139}, "geometry": {"type": "Point", "coordinates": [-118.3870365, 33.9339545]}}, {"type": "Feature", "properties": {"aeroway": "stand", "ref": null, "id": 1096143141}, "geometry": {"type": "Point", "coordinates": [-118.3919874, 33.9351873]}}, {"type": "Feature", "properties": {"aeroway": "stand", "ref": null, "id": 1096143142}, "geometry": {"type": "Point", "coordinates": [-118.3919874, 33.9351873]}}, {"type": "Feature", "properties": {"aeroway": "stand", "ref": "4", "id": 1096143143}, "geometry": {"type": "Point", "coordinates": [-118.4029029, 33.9329192]}}, {"type": "Feature", "properties": {"aeroway": "stand", "ref": null, "id": 1096143144}, "geometry": {"type": "Point", "coordinates": [-118.4029857, 33.9334573]}}, {"type": "Feature", "properties": {"aeroway": "stand", "ref": "5", "id": 1096143145}, "geometry": {"type": "Point", "coordinates": [-118.4039844, 33.9339499]}}, {"type": "Feature", "properties": {"aeroway": "stand", "ref": null, "id": 1096143146}, "geometry": {"type": "Point", "coordinates": [-118.403765, 33.9333818]}}, {"type": "Feature", "properties": {"aeroway": "stand", "ref": "B", "id": 1096143147}, "geometry": {"type": "Point", "coordinates": [-118.405095, 33.933853]}}, {"type": "Feature", "properties": {"aeroway": "stand", "ref": null, "id": 1096143148}, "geometry": {"type": "Point", "coordinates": [-118.4048609, 33.9332738]}}, {"type": "Feature", "properties": {"aeroway": "stand", "ref": "3", "id": 1096143149}, "geometry": {"type": "Point", "coordinates": [-118.4021341, 33.9330446]}}, {"type": "Feature", "properties": {"aeroway": "stand", "ref": null, "id": 1096143150}, "geometry": {"type": "Point", "coordinates": [-118.4021588, 33.9341346]}}, {"type": "Feature", "properties": {"aeroway": "stand", "ref": "1", "id": 1096143151}, "geometry": {"type": "Point", "coordinates": [-118.4005714, 33.9331866]}}, {"type": "Feature", "properties": {"aeroway": "stand", "ref": null, "id": 1096143152}, "geometry": {"type": "Point", "coordinates": [-118.4005979, 33.9342953]}}, {"type": "Feature", "properties": {"aeroway": "stand", "ref": "2", "id": 1096143153}, "geometry": {"type": "Point", "coordinates": [-118.4013519, 33.9330976]}}, {"type": "Feature", "properties": {"aeroway": "stand", "ref": null, "id": 1096143154}, "geometry": {"type": "Point", "coordinates": [-118.4013767, 33.934216]}}, {"type": "Feature", "properties": {"aeroway": "stand", "ref": "C", "id": 1096143155}, "geometry": {"type": "Point", "coordinates": [-118.4056464, 33.9326826]}}, {"type": "Feature", "properties": {"aeroway": "stand", "ref": null, "id": 1096143156}, "geometry": {"type": "Point", "coordinates": [-118.4059582, 33.9337635]}}, {"type": "Feature", "properties": {"aeroway": "stand", "ref": null, "id": 1096143167}, "geometry": {"type": "Point", "coordinates": [-118.4196481, 33.9383894]}}, {"type": "Feature", "properties": {"aeroway": "stand", "ref": null, "id": 1096143168}, "geometry": {"type": "Point", "coordinates": [-118.4201882, 33.938653]}}, {"type": "Feature", "properties": {"aeroway": "stand", "ref": null, "id": 1096143169}, "geometry": {"type": "Point", "coordinates": [-118.4206481, 33.9381509]}}, {"type": "Feature", "properties": {"aeroway": "stand", "ref": null, "id": 1096143170}, "geometry": {"type": "Point", "coordinates": [-118.420906, 33.9382122]}}, {"type": "Feature", "properties": {"aeroway": "stand", "ref": null, "id": 1096143171}, "geometry": {"type": "Point", "coordinates": [-118.4208871, 33.9381216]}}, {"type": "Feature", "properties": {"aeroway": "stand", "ref": null, "id": 1096143172}, "geometry": {"type": "Point", "coordinates": [-118.4209639, 33.9386431]}}, {"type": "Feature", "properties": {"aeroway": "stand", "ref": null, "id": 1096143173}, "geometry": {"type": "Point", "coordinates": [-118.4209474, 33.9385228]}}, {"type": "Feature", "properties": {"aeroway": "stand", "ref": null, "id": 1096143175}, "geometry": {"type": "Point", "coordinates": [-118.4231069, 33.9378933]}}, {"type": "Feature", "properties": {"aeroway": "stand", "ref": null, "id": 1096143176}, "geometry": {"type": "Point", "coordinates": [-118.4230864, 33.9385275]}}, {"type": "Feature", "properties": {"aeroway": "stand", "ref": null, "id": 1096143177}, "geometry": {"type": "Point", "coordinates": [-118.4235887, 33.9392157]}}, {"type": "Feature", "properties": {"aeroway": "stand", "ref": null, "id": 1096143178}, "geometry": {"type": "Point", "coordinates": [-118.4232744, 33.9392521]}}, {"type": "Feature", "properties": {"aeroway": "stand", "ref": null, "id": 1096143179}, "geometry": {"type": "Point", "coordinates": [-118.4230979, 33.9392698]}}, {"type": "Feature", "properties": {"aeroway": "stand", "ref": null, "id": 1096143180}, "geometry": {"type": "Point", "coordinates": [-118.4190418, 33.938822]}}, {"type": "Feature", "properties": {"aeroway": "stand", "ref": null, "id": 1096143181}, "geometry": {"type": "Point", "coordinates": [-118.4190903, 33.9391845]}}, {"type": "Feature", "properties": {"aeroway": "stand", "ref": null, "id": 1096143182}, "geometry": {"type": "Point", "coordinates": [-118.4191425, 33.9395491]}}, {"type": "Feature", "properties": {"aeroway": "stand", "ref": null, "id": 1096143183}, "geometry": {"type": "Point", "coordinates": [-118.4191983, 33.9399091]}}, {"type": "Feature", "properties": {"aeroway": "stand", "ref": "141", "id": 1096143184}, "geometry": {"type": "Point", "coordinates": [-118.4103686, 33.946677]}}, {"type": "Feature", "properties": {"aeroway": "stand", "ref": "139", "id": 1096143185}, "geometry": {"type": "Point", "coordinates": [-118.4100329, 33.9467575]}}, {"type": "Feature", "properties": {"aeroway": "stand", "ref": "137", "id": 1096143186}, "geometry": {"type": "Point", "coordinates": [-118.4099359, 33.9465162]}}, {"type": "Feature", "properties": {"aeroway": "stand", "ref": "135", "id": 1096143187}, "geometry": {"type": "Point", "coordinates": [-118.4099828, 33.9462117]}}, {"type": "Feature", "properties": {"aeroway": "stand", "ref": "135", "id": 1096143188}, "geometry": {"type": "Point", "coordinates": [-118.4094254, 33.9459937]}}, {"type": "Feature", "properties": {"aeroway": "stand", "ref": "133", "id": 1096143189}, "geometry": {"type": "Point", "coordinates": [-118.4102823, 33.9454135]}}, {"type": "Feature", "properties": {"aeroway": "stand", "ref": "131", "id": 1096143190}, "geometry": {"type": "Point", "coordinates": [-118.4101948, 33.9447548]}}, {"type": "Feature", "properties": {"aeroway": "stand", "ref": "131", "id": 1096143191}, "geometry": {"type": "Point", "coordinates": [-118.4094755, 33.9448437]}}, {"type": "Feature", "properties": {"aeroway": "stand", "ref": null, "id": 1096143193}, "geometry": {"type": "Point", "coordinates": [-118.4087228, 33.9453243]}}, {"type": "Feature", "properties": {"aeroway": "stand", "ref": null, "id": 1096143194}, "geometry": {"type": "Point", "coordinates": [-118.4089916, 33.9460482]}}, {"type": "Feature", "properties": {"aeroway": "stand", "ref": "22", "id": 1096143204}, "geometry": {"type": "Point", "coordinates": [-118.4045501, 33.9460879]}}, {"type": "Feature", "properties": {"aeroway": "stand", "ref": "26B", "id": 1096143206}, "geometry": {"type": "Point", "coordinates": [-118.404813, 33.9469425]}}, {"type": "Feature", "properties": {"aeroway": "stand", "ref": "24", "id": 1096143209}, "geometry": {"type": "Point", "coordinates": [-118.4047009, 33.9465496]}}, {"type": "Feature", "properties": {"aeroway": "stand", "ref": "26", "id": 1096143210}, "geometry": {"type": "Point", "coordinates": [-118.4046483, 33.947035]}}, {"type": "Feature", "properties": {"aeroway": "stand", "ref": "26A", "id": 1096143211}, "geometry": {"type": "Point", "coordinates": [-118.4047512, 33.9471783]}}, {"type": "Feature", "properties": {"aeroway": "stand", "ref": "28", "id": 1096143212}, "geometry": {"type": "Point", "coordinates": [-118.4043686, 33.9471657]}}, {"type": "Feature", "properties": {"aeroway": "stand", "ref": "27", "id": 1096143213}, "geometry": {"type": "Point", "coordinates": [-118.4040576, 33.9473037]}}, {"type": "Feature", "properties": {"aeroway": "stand", "ref": "25A", "id": 1096143214}, "geometry": {"type": "Point", "coordinates": [-118.4037008, 33.9473683]}}, {"type": "Feature", "properties": {"aeroway": "stand", "ref": "25", "id": 1096143215}, "geometry": {"type": "Point", "coordinates": [-118.403745, 33.9472143]}}, {"type": "Feature", "properties": {"aeroway": "stand", "ref": "25B", "id": 1096143216}, "geometry": {"type": "Point", "coordinates": [-118.4034549, 33.947255]}}, {"type": "Feature", "properties": {"aeroway": "stand", "ref": "23B", "id": 1096143217}, "geometry": {"type": "Point", "coordinates": [-118.4035272, 33.9469637]}}, {"type": "Feature", "properties": {"aeroway": "stand", "ref": "23", "id": 1096143218}, "geometry": {"type": "Point", "coordinates": [-118.4035939, 33.9466163]}}, {"type": "Feature", "properties": {"aeroway": "stand", "ref": "23A", "id": 1096143219}, "geometry": {"type": "Point", "coordinates": [-118.4034935, 33.9466077]}}, {"type": "Feature", "properties": {"aeroway": "stand", "ref": "21", "id": 1096143220}, "geometry": {"type": "Point", "coordinates": [-118.403474, 33.9460911]}}, {"type": "Feature", "properties": {"aeroway": "stand", "ref": "12B", "id": 1096143222}, "geometry": {"type": "Point", "coordinates": [-118.4016153, 33.9465076]}}, {"type": "Feature", "properties": {"aeroway": "stand", "ref": "14", "id": 1096143223}, "geometry": {"type": "Point", "coordinates": [-118.4016584, 33.9468996]}}, {"type": "Feature", "properties": {"aeroway": "stand", "ref": "16", "id": 1096143224}, "geometry": {"type": "Point", "coordinates": [-118.4017361, 33.9472683]}}, {"type": "Feature", "properties": {"aeroway": "stand", "ref": "18A", "id": 1096143225}, "geometry": {"type": "Point", "coordinates": [-118.4017813, 33.9475387]}}, {"type": "Feature", "properties": {"aeroway": "stand", "ref": "18B", "id": 1096143226}, "geometry": {"type": "Point", "coordinates": [-118.4016323, 33.9477513]}}, {"type": "Feature", "properties": {"aeroway": "stand", "ref": "17B", "id": 1096143227}, "geometry": {"type": "Point", "coordinates": [-118.4013153, 33.9477273]}}, {"type": "Feature", "properties": {"aeroway": "stand", "ref": "17A", "id": 1096143228}, "geometry": {"type": "Point", "coordinates": [-118.4009427, 33.9478661]}}, {"type": "Feature", "properties": {"aeroway": "stand", "ref": "15", "id": 1096143229}, "geometry": {"type": "Point", "coordinates": [-118.400813, 33.9476012]}}, {"type": "Feature", "properties": {"aeroway": "stand", "ref": "13", "id": 1096143230}, "geometry": {"type": "Point", "coordinates": [-118.4008615, 33.9473009]}}, {"type": "Feature", "properties": {"aeroway": "stand", "ref": "11B", "id": 1096143231}, "geometry": {"type": "Point", "coordinates": [-118.4008203, 33.9469221]}}, {"type": "Feature", "properties": {"aeroway": "stand", "ref": "11A", "id": 1096143232}, "geometry": {"type": "Point", "coordinates": [-118.4008098, 33.9465778]}}, {"type": "Feature", "properties": {"aeroway": "stand", "ref": null, "id": 1096143235}, "geometry": {"type": "Point", "coordinates": [-118.4000382, 33.9461263]}}, {"type": "Feature", "properties": {"aeroway": "stand", "ref": "52B", "id": 1188198220}, "geometry": {"type": "Point", "coordinates": [-118.393252, 33.9427908]}}, {"type": "Feature", "properties": {"aeroway": "stand", "ref": "406", "id": 1188198221}, "geometry": {"type": "Point", "coordinates": [-118.4341134, 33.9439507]}}, {"type": "Feature", "properties": {"aeroway": "stand", "ref": "406B", "id": 1188198222}, "geometry": {"type": "Point", "coordinates": [-118.4341134, 33.9439507]}}, {"type": "Feature", "properties": {"aeroway": "stand", "ref": "409", "id": 1188198223}, "geometry": {"type": "Point", "coordinates": [-118.4311331, 33.9451638]}}, {"type": "Feature", "properties": {"aeroway": "stand", "ref": "407", "id": 1188198224}, "geometry": {"type": "Point", "coordinates": [-118.4327616, 33.9440872]}}, {"type": "Feature", "properties": {"aeroway": "stand", "ref": "402E", "id": 1188198225}, "geometry": {"type": "Point", "coordinates": [-118.432812, 33.9427858]}}, {"type": "Feature", "properties": {"aeroway": "stand", "ref": "402D", "id": 1188198226}, "geometry": {"type": "Point", "coordinates": [-118.433097, 33.9426205]}}, {"type": "Feature", "properties": {"aeroway": "stand", "ref": "402C", "id": 1188198227}, "geometry": {"type": "Point", "coordinates": [-118.4331977, 33.9424973]}}, {"type": "Feature", "properties": {"aeroway": "stand", "ref": "402B", "id": 1188198228}, "geometry": {"type": "Point", "coordinates": [-118.4331011, 33.9423459]}}, {"type": "Feature", "properties": {"aeroway": "stand", "ref": "402A", "id": 1188198229}, "geometry": {"type": "Point", "coordinates": [-118.4328034, 33.9423704]}}, {"type": "Feature", "properties": {"aeroway": "stand", "ref": "401A", "id": 1188198230}, "geometry": {"type": "Point", "coordinates": [-118.4312923, 33.9423003]}}, {"type": "Feature", "properties": {"aeroway": "stand", "ref": "401B", "id": 1188198231}, "geometry": {"type": "Point", "coordinates": [-118.4313473, 33.9426621]}}, {"type": "Feature", "properties": {"aeroway": "stand", "ref": "401C", "id": 1188198232}, "geometry": {"type": "Point", "coordinates": [-118.4314, 33.9430196]}}, {"type": "Feature", "properties": {"aeroway": "stand", "ref": "401", "id": 1188198233}, "geometry": {"type": "Point", "coordinates": [-118.4308716, 33.9432755]}}, {"type": "Feature", "properties": {"aeroway": "stand", "ref": "408", "id": 1188198261}, "geometry": {"type": "Point", "coordinates": [-118.4336554, 33.9449041]}}, {"type": "Feature", "properties": {"aeroway": "stand", "ref": "501", "id": 1188239815}, "geometry": {"type": "Point", "coordinates": [-118.4304619, 33.9373101]}}, {"type": "Feature", "properties": {"aeroway": "stand", "ref": "503", "id": 1188239816}, "geometry": {"type": "Point", "coordinates": [-118.4306489, 33.9388414]}}, {"type": "Feature", "properties": {"aeroway": "stand", "ref": "502", "id": 1188239817}, "geometry": {"type": "Point", "coordinates": [-118.4305432, 33.9380926]}}, {"type": "Feature", "properties": {"aeroway": "stand", "ref": "505", "id": 1188239818}, "geometry": {"type": "Point", "coordinates": [-118.4315052, 33.93924]}}, {"type": "Feature", "properties": {"aeroway": "stand", "ref": "506", "id": 1188239819}, "geometry": {"type": "Point", "coordinates": [-118.4305805, 33.9400032]}}, {"type": "Feature", "properties": {"aeroway": "stand", "ref": "504", "id": 1188239820}, "geometry": {"type": "Point", "coordinates": [-118.4323365, 33.939178]}}, {"type": "Feature", "properties": {"aeroway": "stand", "ref": null, "id": 1188239821}, "geometry": {"type": "Point", "coordinates": [-118.4292449, 33.9401349]}}, {"type": "Feature", "properties": {"aeroway": "stand", "ref": "113", "id": 1188239822}, "geometry": {"type": "Point", "coordinates": [-118.4296746, 33.9392012]}}, {"type": "Feature", "properties": {"aeroway": "stand", "ref": "113A", "id": 1188239823}, "geometry": {"type": "Point", "coordinates": [-118.4295998, 33.9392051]}}, {"type": "Feature", "properties": {"aeroway": "stand", "ref": "112", "id": 1188239824}, "geometry": {"type": "Point", "coordinates": [-118.4291889, 33.9392671]}}, {"type": "Feature", "properties": {"aeroway": "stand", "ref": "111A", "id": 1188239825}, "geometry": {"type": "Point", "coordinates": [-118.428932, 33.9392942]}}, {"type": "Feature", "properties": {"aeroway": "stand", "ref": "111", "id": 1188239826}, "geometry": {"type": "Point", "coordinates": [-118.4287312, 33.9393175]}}, {"type": "Feature", "properties": {"aeroway": "stand", "ref": "110", "id": 1188239827}, "geometry": {"type": "Point", "coordinates": [-118.4281895, 33.9393794]}}, {"type": "Feature", "properties": {"aeroway": "stand", "ref": "109", "id": 1188239828}, "geometry": {"type": "Point", "coordinates": [-118.42797, 33.939364]}}, {"type": "Feature", "properties": {"aeroway": "stand", "ref": "108", "id": 1188239829}, "geometry": {"type": "Point", "coordinates": [-118.4277505, 33.9391702]}}, {"type": "Feature", "properties": {"aeroway": "stand", "ref": "107", "id": 1188239830}, "geometry": {"type": "Point", "coordinates": [-118.4276151, 33.9387363]}}, {"type": "Feature", "properties": {"aeroway": "stand", "ref": "106", "id": 1188239831}, "geometry": {"type": "Point", "coordinates": [-118.4275497, 33.9383101]}}, {"type": "Feature", "properties": {"aeroway": "stand", "ref": "105", "id": 1188239832}, "geometry": {"type": "Point", "coordinates": [-118.427984, 33.9380079]}}, {"type": "Feature", "properties": {"aeroway": "stand", "ref": "104A", "id": 1188239833}, "geometry": {"type": "Point", "coordinates": [-118.4275964, 33.9376553]}}, {"type": "Feature", "properties": {"aeroway": "stand", "ref": "104", "id": 1188239834}, "geometry": {"type": "Point", "coordinates": [-118.4276758, 33.9376592]}}, {"type": "Feature", "properties": {"aeroway": "stand", "ref": "103", "id": 1188239835}, "geometry": {"type": "Point", "coordinates": [-118.4280774, 33.9376011]}}, {"type": "Feature", "properties": {"aeroway": "stand", "ref": "102", "id": 1188239836}, "geometry": {"type": "Point", "coordinates": [-118.4285818, 33.9375469]}}, {"type": "Feature", "properties": {"aeroway": "stand", "ref": "102A", "id": 1188239837}, "geometry": {"type": "Point", "coordinates": [-118.4286612, 33.9375546]}}, {"type": "Feature", "properties": {"aeroway": "stand", "ref": "101", "id": 1188239838}, "geometry": {"type": "Point", "coordinates": [-118.4290535, 33.9375081]}}, {"type": "Feature", "properties": {"aeroway": "stand", "ref": "100", "id": 1188239839}, "geometry": {"type": "Point", "coordinates": [-118.4295345, 33.9374539]}}, {"type": "Feature", "properties": {"aeroway": "stand", "ref": "100A", "id": 1188239840}, "geometry": {"type": "Point", "coordinates": [-118.4294037, 33.9374849]}}, {"type": "Feature", "properties": {"aeroway": "stand", "ref": "941B", "id": 1188239841}, "geometry": {"type": "Point", "coordinates": [-118.3838678, 33.9422839]}}, {"type": "Feature", "properties": {"aeroway": "stand", "ref": "943A", "id": 1188239842}, "geometry": {"type": "Point", "coordinates": [-118.3843008, 33.9426398]}}, {"type": "Feature", "properties": {"aeroway": "stand", "ref": "403", "id": 1188239843}, "geometry": {"type": "Point", "coordinates": [-118.4314492, 33.9433815]}}, {"type": "Feature", "properties": {"aeroway": "stand", "ref": "405A", "id": 1188239844}, "geometry": {"type": "Point", "coordinates": [-118.4315036, 33.9437451]}}, {"type": "Feature", "properties": {"aeroway": "stand", "ref": "405B", "id": 1188239845}, "geometry": {"type": "Point", "coordinates": [-118.4315575, 33.9441037]}}, {"type": "Feature", "properties": {"aeroway": "stand", "ref": "405C", "id": 1188239846}, "geometry": {"type": "Point", "coordinates": [-118.4316117, 33.9444651]}}, {"type": "Feature", "properties": {"aeroway": "stand", "ref": "410", "id": 1188239848}, "geometry": {"type": "Point", "coordinates": [-118.4307626, 33.942528]}}, {"type": "Feature", "properties": {"aeroway": "stand", "ref": "412B", "id": 1188239849}, "geometry": {"type": "Point", "coordinates": [-118.4308809, 33.943339]}}, {"type": "Feature", "properties": {"aeroway": "stand", "ref": "414", "id": 1188239850}, "geometry": {"type": "Point", "coordinates": [-118.4296996, 33.9438799]}}, {"type": "Feature", "properties": {"aeroway": "stand", "ref": "416B", "id": 1188239851}, "geometry": {"type": "Point", "coordinates": [-118.42976, 33.9439683]}}, {"type": "Feature", "properties": {"aeroway": "stand", "ref": "418", "id": 1188239852}, "geometry": {"type": "Point", "coordinates": [-118.4299098, 33.9451705]}}, {"type": "Feature", "properties": {"aeroway": "stand", "ref": "416", "id": 1188239853}, "geometry": {"type": "Point", "coordinates": [-118.4298611, 33.9445179]}}, {"type": "Feature", "properties": {"aeroway": "stand", "ref": "412", "id": 1188239854}, "geometry": {"type": "Point", "coordinates": [-118.4296043, 33.9432256]}}, {"type": "Feature", "properties": {"aeroway": "stand", "ref": "411", "id": 1188239855}, "geometry": {"type": "Point", "coordinates": [-118.4272545, 33.9428487]}}, {"type": "Feature", "properties": {"aeroway": "stand", "ref": "413", "id": 1188239856}, "geometry": {"type": "Point", "coordinates": [-118.4273504, 33.9434871]}}, {"type": "Feature", "properties": {"aeroway": "stand", "ref": "415", "id": 1188239857}, "geometry": {"type": "Point", "coordinates": [-118.4274467, 33.9441275]}}, {"type": "Feature", "properties": {"aeroway": "stand", "ref": "417", "id": 1188239858}, "geometry": {"type": "Point", "coordinates": [-118.4275432, 33.9447692]}}, {"type": "Feature", "properties": {"aeroway": "stand", "ref": "419", "id": 1188239859}, "geometry": {"type": "Point", "coordinates": [-118.4276408, 33.9454105]}}, {"type": "Feature", "properties": {"aeroway": "stand", "ref": null, "id": 1188239861}, "geometry": {"type": "Point", "coordinates": [-118.3934864, 33.9436621]}}, {"type": "Feature", "properties": {"aeroway": "stand", "ref": null, "id": 1188239862}, "geometry": {"type": "Point", "coordinates": [-118.3930318, 33.9436686]}}, {"type": "Feature", "properties": {"aeroway": "stand", "ref": null, "id": 1188239863}, "geometry": {"type": "Point", "coordinates": [-118.3925755, 33.9436632]}}, {"type": "Feature", "properties": {"aeroway": "stand", "ref": null, "id": 1188239864}, "geometry": {"type": "Point", "coordinates": [-118.3921268, 33.9436691]}}, {"type": "Feature", "properties": {"aeroway": "stand", "ref": null, "id": 1188239865}, "geometry": {"type": "Point", "coordinates": [-118.3952126, 33.9420826]}}, {"type": "Feature", "properties": {"aeroway": "stand", "ref": null, "id": 1188239866}, "geometry": {"type": "Point", "coordinates": [-118.3951884, 33.9424985]}}, {"type": "Feature", "properties": {"aeroway": "stand", "ref": null, "id": 1188239867}, "geometry": {"type": "Point", "coordinates": [-118.3951545, 33.9428927]}}, {"type": "Feature", "properties": {"aeroway": "stand", "ref": null, "id": 1188239868}, "geometry": {"type": "Point", "coordinates": [-118.3951701, 33.9432818]}}, {"type": "Feature", "properties": {"aeroway": "stand", "ref": null, "id": 1188239869}, "geometry": {"type": "Point", "coordinates": [-118.3920888, 33.9411458]}}, {"type": "Feature", "properties": {"aeroway": "stand", "ref": "18A", "id": 1188239870}, "geometry": {"type": "Point", "coordinates": [-118.3925966, 33.9411575]}}, {"type": "Feature", "properties": {"aeroway": "stand", "ref": null, "id": 1188244616}, "geometry": {"type": "Point", "coordinates": [-118.4224573, 33.9450063]}}, {"type": "Feature", "properties": {"aeroway": "stand", "ref": "405", "id": 1411318489}, "geometry": {"type": "Point", "coordinates": [-118.4310283, 33.9443503]}}, {"type": "Feature", "properties": {"aeroway": "stand", "ref": "407B", "id": 1411318490}, "geometry": {"type": "Point", "coordinates": [-118.4326677, 33.9438937]}}, {"type": "Feature", "properties": {"aeroway": "stand", "ref": "402", "id": 1411318491}, "geometry": {"type": "Point", "coordinates": [-118.4328138, 33.9427084]}}, {"type": "Feature", "properties": {"aeroway": "stand", "ref": "61", "id": 1411650614}, "geometry": {"type": "Point", "coordinates": [-118.4026804, 33.9422068]}}, {"type": "Feature", "properties": {"aeroway": "stand", "ref": null, "id": 1447286660}, "geometry": {"type": "Point", "coordinates": [-118.4136216, 33.9403552]}}, {"type": "Feature", "properties": {"aeroway": "stand", "ref": null, "id": 1447286661}, "geometry": {"type": "Point", "coordinates": [-118.4136025, 33.9400256]}}, {"type": "Feature", "properties": {"aeroway": "stand", "ref": null, "id": 1447286662}, "geometry": {"type": "Point", "coordinates": [-118.413553, 33.9396899]}}, {"type": "Feature", "properties": {"aeroway": "stand", "ref": null, "id": 1447286663}, "geometry": {"type": "Point", "coordinates": [-118.4135823, 33.9393208]}}, {"type": "Feature", "properties": {"aeroway": "stand", "ref": null, "id": 1447286664}, "geometry": {"type": "Point", "coordinates": [-118.4135404, 33.9390441]}}, {"type": "Feature", "properties": {"aeroway": "stand", "ref": null, "id": 1447286665}, "geometry": {"type": "Point", "coordinates": [-118.4147674, 33.9395691]}}, {"type": "Feature", "properties": {"aeroway": "stand", "ref": null, "id": 1447286666}, "geometry": {"type": "Point", "coordinates": [-118.4147386, 33.9392105]}}, {"type": "Feature", "properties": {"aeroway": "stand", "ref": null, "id": 1447286667}, "geometry": {"type": "Point", "coordinates": [-118.4146957, 33.9388484]}}, {"type": "Feature", "properties": {"aeroway": "stand", "ref": "49W", "id": 1466603420}, "geometry": {"type": "Point", "coordinates": [-118.4070396, 33.9397296]}}, {"type": "Feature", "properties": {"aeroway": "stand", "ref": "49A", "id": 1466603421}, "geometry": {"type": "Point", "coordinates": [-118.4081355, 33.9395437]}}, {"type": "Feature", "properties": {"aeroway": "stand", "ref": "402", "id": 1526777156}, "geometry": {"type": "Point", "coordinates": [-118.4336817, 33.9426176]}}, {"type": "Feature", "properties": {"aeroway": "stand", "ref": "402", "id": 1526777157}, "geometry": {"type": "Point", "coordinates": [-118.4345218, 33.942703]}}, {"type": "Feature", "properties": {"aeroway": "stand", "ref": "407", "id": 1526777158}, "geometry": {"type": "Point", "coordinates": [-118.4321487, 33.9441468]}}, {"type": "Feature", "properties": {"aeroway": "stand", "ref": "407", "id": 1526777159}, "geometry": {"type": "Point", "coordinates": [-118.4327616, 33.9440872]}}, {"type": "Feature", "properties": {"aeroway": "stand", "ref": "407B", "id": 1526777160}, "geometry": {"type": "Point", "coordinates": [-118.4321487, 33.9441468]}}, {"type": "Feature", "properties": {"aeroway": "stand", "ref": "407B", "id": 1526777161}, "geometry": {"type": "Point", "coordinates": [-118.4335044, 33.9438794]}}, {"type": "Feature", "properties": {"aeroway": "stand", "ref": "406", "id": 1526777162}, "geometry": {"type": "Point", "coordinates": [-118.4351148, 33.9435744]}}, {"type": "Feature", "properties": {"aeroway": "stand", "ref": "406", "id": 1526777163}, "geometry": {"type": "Point", "coordinates": [-118.4352674, 33.9439075]}}, {"type": "Feature", "properties": {"aeroway": "stand", "ref": "77W", "id": 1526838587}, "geometry": {"type": "Point", "coordinates": [-118.4000522, 33.9401871]}}, {"type": "Feature", "properties": {"aeroway": "stand", "ref": "62", "id": 1526838588}, "geometry": {"type": "Point", "coordinates": [-118.4017, 33.9419785]}}, {"type": "Feature", "properties": {"aeroway": "stand", "ref": "64A", "id": 1526838589}, "geometry": {"type": "Point", "coordinates": [-118.4016351, 33.9416065]}}, {"type": "Feature", "properties": {"aeroway": "stand", "ref": "64B", "id": 1526838590}, "geometry": {"type": "Point", "coordinates": [-118.4015826, 33.9412406]}}, {"type": "Feature", "properties": {"aeroway": "stand", "ref": "68A", "id": 1526838591}, "geometry": {"type": "Point", "coordinates": [-118.4014816, 33.9405032]}}, {"type": "Feature", "properties": {"aeroway": "stand", "ref": "50", "id": 1526838592}, "geometry": {"type": "Point", "coordinates": [-118.404168, 33.942044]}}, {"type": "Feature", "properties": {"aeroway": "stand", "ref": "50", "id": 1526838593}, "geometry": {"type": "Point", "coordinates": [-118.4037928, 33.9420834]}}, {"type": "Feature", "properties": {"aeroway": "stand", "ref": "54A", "id": 1526838594}, "geometry": {"type": "Point", "coordinates": [-118.4040734, 33.9416742]}}, {"type": "Feature", "properties": {"aeroway": "stand", "ref": "54B", "id": 1526838595}, "geometry": {"type": "Point", "coordinates": [-118.403976, 33.9413087]}}, {"type": "Feature", "properties": {"aeroway": "stand", "ref": "56A", "id": 1526838596}, "geometry": {"type": "Point", "coordinates": [-118.4039163, 33.9409153]}}, {"type": "Feature", "properties": {"aeroway": "stand", "ref": "56B", "id": 1526838597}, "geometry": {"type": "Point", "coordinates": [-118.403909, 33.9405681]}}, {"type": "Feature", "properties": {"aeroway": "stand", "ref": "56C", "id": 1526838598}, "geometry": {"type": "Point", "coordinates": [-118.4038505, 33.9401833]}}, {"type": "Feature", "properties": {"aeroway": "stand", "ref": "58", "id": 1526838599}, "geometry": {"type": "Point", "coordinates": [-118.403823, 33.939928]}}, {"type": "Feature", "properties": {"aeroway": "stand", "ref": "59", "id": 1526838600}, "geometry": {"type": "Point", "coordinates": [-118.404173, 33.9399172]}}, {"type": "Feature", "properties": {"aeroway": "stand", "ref": "57", "id": 1526838601}, "geometry": {"type": "Point", "coordinates": [-118.404586, 33.9398625]}}, {"type": "Feature", "properties": {"aeroway": "stand", "ref": "55B", "id": 1526838602}, "geometry": {"type": "Point", "coordinates": [-118.4047528, 33.94016]}}, {"type": "Feature", "properties": {"aeroway": "stand", "ref": "55A", "id": 1526838603}, "geometry": {"type": "Point", "coordinates": [-118.4047787, 33.9404657]}}, {"type": "Feature", "properties": {"aeroway": "stand", "ref": "53B", "id": 1526838604}, "geometry": {"type": "Point", "coordinates": [-118.4048459, 33.9408399]}}, {"type": "Feature", "properties": {"aeroway": "stand", "ref": "53A", "id": 1526838605}, "geometry": {"type": "Point", "coordinates": [-118.4048961, 33.9411749]}}, {"type": "Feature", "properties": {"aeroway": "stand", "ref": "51B", "id": 1526838606}, "geometry": {"type": "Point", "coordinates": [-118.4049535, 33.9415949]}}, {"type": "Feature", "properties": {"aeroway": "stand", "ref": "42B", "id": 1526838607}, "geometry": {"type": "Point", "coordinates": [-118.4064271, 33.9410945]}}, {"type": "Feature", "properties": {"aeroway": "stand", "ref": "46A", "id": 1526838608}, "geometry": {"type": "Point", "coordinates": [-118.4062456, 33.9406999]}}, {"type": "Feature", "properties": {"aeroway": "stand", "ref": "45", "id": 1526838610}, "geometry": {"type": "Point", "coordinates": [-118.4078029, 33.9405127]}}, {"type": "Feature", "properties": {"aeroway": "stand", "ref": "43", "id": 1526838611}, "geometry": {"type": "Point", "coordinates": [-118.4071593, 33.9411223]}}, {"type": "Feature", "properties": {"aeroway": "stand", "ref": "41", "id": 1526838612}, "geometry": {"type": "Point", "coordinates": [-118.4079503, 33.9415889]}}, {"type": "Feature", "properties": {"aeroway": "stand", "ref": "41", "id": 1526838613}, "geometry": {"type": "Point", "coordinates": [-118.4083287, 33.9416183]}}, {"type": "Feature", "properties": {"aeroway": "stand", "ref": "30A", "id": 1526838614}, "geometry": {"type": "Point", "coordinates": [-118.4077999, 33.9453003]}}, {"type": "Feature", "properties": {"aeroway": "stand", "ref": "30", "id": 1526838615}, "geometry": {"type": "Point", "coordinates": [-118.4076893, 33.9453206]}}, {"type": "Feature", "properties": {"aeroway": "stand", "ref": "30B", "id": 1526838616}, "geometry": {"type": "Point", "coordinates": [-118.4079852, 33.9455862]}}, {"type": "Feature", "properties": {"aeroway": "stand", "ref": "32A", "id": 1526838617}, "geometry": {"type": "Point", "coordinates": [-118.40806, 33.9460021]}}, {"type": "Feature", "properties": {"aeroway": "stand", "ref": "30", "id": 1526838618}, "geometry": {"type": "Point", "coordinates": [-118.4080093, 33.9460565]}}, {"type": "Feature", "properties": {"aeroway": "stand", "ref": "30B", "id": 1526838619}, "geometry": {"type": "Point", "coordinates": [-118.4081521, 33.9463166]}}, {"type": "Feature", "properties": {"aeroway": null, "supplement": true, "amenity": "fire_station", "emergency": null, "man_made": null, "name": "Los Angeles County Fire Department Station #110", "operator": "Los Angeles County Fire Department", "id": 368168317, "osm_type": "node"}, "geometry": {"type": "Point", "coordinates": [-118.448597, 33.9839323]}}, {"type": "Feature", "properties": {"aeroway": null, "supplement": true, "amenity": "fire_station", "emergency": null, "man_made": null, "name": "Los Angeles County Fire Department Station #160", "operator": "Los Angeles County Fire Department", "id": 368168324, "osm_type": "node"}, "geometry": {"type": "Point", "coordinates": [-118.373002, 33.9021182]}}, {"type": "Feature", "properties": {"aeroway": null, "supplement": true, "amenity": "fire_station", "emergency": null, "man_made": null, "name": "Los Angeles County Fire Department Station #172", "operator": "Los Angeles County Fire Department", "id": 368168341, "osm_type": "node"}, "geometry": {"type": "Point", "coordinates": [-118.353323, 33.9761426]}}, {"type": "Feature", "properties": {"aeroway": null, "supplement": true, "amenity": "fire_station", "emergency": null, "man_made": null, "name": "Los Angeles County Fire Department Station #18", "operator": "Los Angeles County Fire Department", "id": 368168414, "osm_type": "node"}, "geometry": {"type": "Point", "coordinates": [-118.355621, 33.9379394]}}, {"type": "Feature", "properties": {"aeroway": null, "supplement": true, "amenity": "fire_station", "emergency": null, "man_made": null, "name": "Los Angeles County Fire Department Station #58", "operator": "Los Angeles County Fire Department", "id": 368168503, "osm_type": "node"}, "geometry": {"type": "Point", "coordinates": [-118.363172, 33.9878934]}}, {"type": "Feature", "properties": {"aeroway": null, "supplement": true, "amenity": "fire_station", "emergency": null, "man_made": null, "name": "Culver City Fire Station No. 3", "operator": null, "id": 3254606625, "osm_type": "node"}, "geometry": {"type": "Point", "coordinates": [-118.3867119, 33.9860665]}}, {"type": "Feature", "properties": {"aeroway": null, "supplement": true, "amenity": "fire_station", "emergency": null, "man_made": null, "name": "Station 1", "operator": "Manhattan Beach", "id": 6534399111, "osm_type": "node"}, "geometry": {"type": "Point", "coordinates": [-118.4094611, 33.8878153]}}, {"type": "Feature", "properties": {"aeroway": null, "supplement": true, "amenity": "fire_station", "emergency": null, "man_made": null, "name": "El Segundo Fire Department", "operator": null, "id": 7179614734, "osm_type": "node"}, "geometry": {"type": "Point", "coordinates": [-118.4156497, 33.9195651]}}, {"type": "Feature", "properties": {"aeroway": null, "supplement": true, "amenity": null, "emergency": null, "man_made": "storage_tank", "name": null, "operator": null, "id": 109507598, "osm_type": "way"}, "geometry": {"type": "Point", "coordinates": [-118.4195926, 33.9090654]}}, {"type": "Feature", "properties": {"aeroway": null, "supplement": true, "amenity": null, "emergency": null, "man_made": "storage_tank", "name": null, "operator": null, "id": 109507604, "osm_type": "way"}, "geometry": {"type": "Point", "coordinates": [-118.4221909, 33.9153697]}}, {"type": "Feature", "properties": {"aeroway": null, "supplement": true, "amenity": null, "emergency": null, "man_made": "storage_tank", "name": null, "operator": null, "id": 109507608, "osm_type": "way"}, "geometry": {"type": "Point", "coordinates": [-118.4209348, 33.9146075]}}, {"type": "Feature", "properties": {"aeroway": null, "supplement": true, "amenity": null, "emergency": null, "man_made": "storage_tank", "name": null, "operator": null, "id": 109507610, "osm_type": "way"}, "geometry": {"type": "Point", "coordinates": [-118.4192228, 33.9134137]}}, {"type": "Feature", "properties": {"aeroway": null, "supplement": true, "amenity": null, "emergency": null, "man_made": "storage_tank", "name": null, "operator": null, "id": 109507613, "osm_type": "way"}, "geometry": {"type": "Point", "coordinates": [-118.4190201, 33.9078788]}}, {"type": "Feature", "properties": {"aeroway": null, "supplement": true, "amenity": null, "emergency": null, "man_made": "storage_tank", "name": null, "operator": null, "id": 109507617, "osm_type": "way"}, "geometry": {"type": "Point", "coordinates": [-118.4110328, 33.904263]}}, {"type": "Feature", "properties": {"aeroway": null, "supplement": true, "amenity": null, "emergency": null, "man_made": "storage_tank", "name": null, "operator": null, "id": 109507623, "osm_type": "way"}, "geometry": {"type": "Point", "coordinates": [-118.4175119, 33.9061858]}}, {"type": "Feature", "properties": {"aeroway": null, "supplement": true, "amenity": null, "emergency": null, "man_made": "storage_tank", "name": null, "operator": null, "id": 109507624, "osm_type": "way"}, "geometry": {"type": "Point", "coordinates": [-118.4195703, 33.9140492]}}, {"type": "Feature", "properties": {"aeroway": null, "supplement": true, "amenity": null, "emergency": null, "man_made": "storage_tank", "name": null, "operator": null, "id": 109507627, "osm_type": "way"}, "geometry": {"type": "Point", "coordinates": [-118.4192021, 33.907087]}}, {"type": "Feature", "properties": {"aeroway": null, "supplement": true, "amenity": null, "emergency": null, "man_made": "storage_tank", "name": null, "operator": null, "id": 109507632, "osm_type": "way"}, "geometry": {"type": "Point", "coordinates": [-118.4141724, 33.903657]}}, {"type": "Feature", "properties": {"aeroway": null, "supplement": true, "amenity": null, "emergency": null, "man_made": "storage_tank", "name": null, "operator": null, "id": 109507639, "osm_type": "way"}, "geometry": {"type": "Point", "coordinates": [-118.4200826, 33.9088969]}}, {"type": "Feature", "properties": {"aeroway": null, "supplement": true, "amenity": null, "emergency": null, "man_made": "storage_tank", "name": null, "operator": null, "id": 109507649, "osm_type": "way"}, "geometry": {"type": "Point", "coordinates": [-118.4171046, 33.9070118]}}, {"type": "Feature", "properties": {"aeroway": null, "supplement": true, "amenity": null, "emergency": null, "man_made": "storage_tank", "name": null, "operator": null, "id": 109507652, "osm_type": "way"}, "geometry": {"type": "Point", "coordinates": [-118.4212559, 33.9089006]}}, {"type": "Feature", "properties": {"aeroway": null, "supplement": true, "amenity": null, "emergency": null, "man_made": "storage_tank", "name": null, "operator": null, "id": 109507654, "osm_type": "way"}, "geometry": {"type": "Point", "coordinates": [-118.4206756, 33.911341]}}, {"type": "Feature", "properties": {"aeroway": null, "supplement": true, "amenity": null, "emergency": null, "man_made": "storage_tank", "name": null, "operator": null, "id": 109507662, "osm_type": "way"}, "geometry": {"type": "Point", "coordinates": [-118.4170719, 33.9030864]}}, {"type": "Feature", "properties": {"aeroway": null, "supplement": true, "amenity": null, "emergency": null, "man_made": "storage_tank", "name": null, "operator": null, "id": 109507664, "osm_type": "way"}, "geometry": {"type": "Point", "coordinates": [-118.4230288, 33.9138173]}}, {"type": "Feature", "properties": {"aeroway": null, "supplement": true, "amenity": null, "emergency": null, "man_made": "storage_tank", "name": null, "operator": null, "id": 109507665, "osm_type": "way"}, "geometry": {"type": "Point", "coordinates": [-118.4181931, 33.907283]}}, {"type": "Feature", "properties": {"aeroway": null, "supplement": true, "amenity": null, "emergency": null, "man_made": "storage_tank", "name": null, "operator": null, "id": 109507666, "osm_type": "way"}, "geometry": {"type": "Point", "coordinates": [-118.4225813, 33.9117529]}}, {"type": "Feature", "properties": {"aeroway": null, "supplement": true, "amenity": null, "emergency": null, "man_made": "storage_tank", "name": null, "operator": null, "id": 109507676, "osm_type": "way"}, "geometry": {"type": "Point", "coordinates": [-118.4190073, 33.9089771]}}, {"type": "Feature", "properties": {"aeroway": null, "supplement": true, "amenity": null, "emergency": null, "man_made": "storage_tank", "name": null, "operator": null, "id": 109507677, "osm_type": "way"}, "geometry": {"type": "Point", "coordinates": [-118.4218177, 33.9127939]}}, {"type": "Feature", "properties": {"aeroway": null, "supplement": true, "amenity": null, "emergency": null, "man_made": "storage_tank", "name": null, "operator": null, "id": 109507680, "osm_type": "way"}, "geometry": {"type": "Point", "coordinates": [-118.4153859, 33.9057819]}}, {"type": "Feature", "properties": {"aeroway": null, "supplement": true, "amenity": null, "emergency": null, "man_made": "storage_tank", "name": null, "operator": null, "id": 109507683, "osm_type": "way"}, "geometry": {"type": "Point", "coordinates": [-118.4080593, 33.9032133]}}, {"type": "Feature", "properties": {"aeroway": null, "supplement": true, "amenity": null, "emergency": null, "man_made": "storage_tank", "name": null, "operator": null, "id": 109507686, "osm_type": "way"}, "geometry": {"type": "Point", "coordinates": [-118.419451, 33.9133152]}}, {"type": "Feature", "properties": {"aeroway": null, "supplement": true, "amenity": null, "emergency": null, "man_made": "storage_tank", "name": null, "operator": null, "id": 109507690, "osm_type": "way"}, "geometry": {"type": "Point", "coordinates": [-118.41885, 33.9075339]}}, {"type": "Feature", "properties": {"aeroway": null, "supplement": true, "amenity": null, "emergency": null, "man_made": "storage_tank", "name": null, "operator": null, "id": 109507695, "osm_type": "way"}, "geometry": {"type": "Point", "coordinates": [-118.4214525, 33.9153786]}}, {"type": "Feature", "properties": {"aeroway": null, "supplement": true, "amenity": null, "emergency": null, "man_made": "storage_tank", "name": null, "operator": null, "id": 109507699, "osm_type": "way"}, "geometry": {"type": "Point", "coordinates": [-118.4127037, 33.9050779]}}, {"type": "Feature", "properties": {"aeroway": null, "supplement": true, "amenity": null, "emergency": null, "man_made": "storage_tank", "name": null, "operator": null, "id": 109507703, "osm_type": "way"}, "geometry": {"type": "Point", "coordinates": [-118.4246735, 33.9157215]}}, {"type": "Feature", "properties": {"aeroway": null, "supplement": true, "amenity": null, "emergency": null, "man_made": "storage_tank", "name": null, "operator": null, "id": 109507705, "osm_type": "way"}, "geometry": {"type": "Point", "coordinates": [-118.4179925, 33.9068746]}}, {"type": "Feature", "properties": {"aeroway": null, "supplement": true, "amenity": null, "emergency": null, "man_made": "storage_tank", "name": null, "operator": null, "id": 109507706, "osm_type": "way"}, "geometry": {"type": "Point", "coordinates": [-118.419818, 33.9139484]}}, {"type": "Feature", "properties": {"aeroway": null, "supplement": true, "amenity": null, "emergency": null, "man_made": "storage_tank", "name": null, "operator": null, "id": 109507708, "osm_type": "way"}, "geometry": {"type": "Point", "coordinates": [-118.4194665, 33.9076223]}}, {"type": "Feature", "properties": {"aeroway": null, "supplement": true, "amenity": null, "emergency": null, "man_made": "storage_tank", "name": null, "operator": null, "id": 109507711, "osm_type": "way"}, "geometry": {"type": "Point", "coordinates": [-118.4189128, 33.9103436]}}, {"type": "Feature", "properties": {"aeroway": null, "supplement": true, "amenity": null, "emergency": null, "man_made": "storage_tank", "name": null, "operator": null, "id": 109507712, "osm_type": "way"}, "geometry": {"type": "Point", "coordinates": [-118.4143638, 33.9045899]}}, {"type": "Feature", "properties": {"aeroway": null, "supplement": true, "amenity": null, "emergency": null, "man_made": "storage_tank", "name": null, "operator": null, "id": 109507718, "osm_type": "way"}, "geometry": {"type": "Point", "coordinates": [-118.4199552, 33.9098544]}}, {"type": "Feature", "properties": {"aeroway": null, "supplement": true, "amenity": null, "emergency": null, "man_made": "storage_tank", "name": null, "operator": null, "id": 109507723, "osm_type": "way"}, "geometry": {"type": "Point", "coordinates": [-118.4167982, 33.9062942]}}, {"type": "Feature", "properties": {"aeroway": null, "supplement": true, "amenity": null, "emergency": null, "man_made": "storage_tank", "name": null, "operator": null, "id": 109507727, "osm_type": "way"}, "geometry": {"type": "Point", "coordinates": [-118.4216425, 33.909821]}}, {"type": "Feature", "properties": {"aeroway": null, "supplement": true, "amenity": null, "emergency": null, "man_made": "storage_tank", "name": null, "operator": null, "id": 109507733, "osm_type": "way"}, "geometry": {"type": "Point", "coordinates": [-118.4232912, 33.9143408]}}, {"type": "Feature", "properties": {"aeroway": null, "supplement": true, "amenity": null, "emergency": null, "man_made": "storage_tank", "name": null, "operator": null, "id": 109507742, "osm_type": "way"}, "geometry": {"type": "Point", "coordinates": [-118.4189823, 33.9120465]}}, {"type": "Feature", "properties": {"aeroway": null, "supplement": true, "amenity": null, "emergency": null, "man_made": "storage_tank", "name": null, "operator": null, "id": 109507744, "osm_type": "way"}, "geometry": {"type": "Point", "coordinates": [-118.4224705, 33.9159341]}}, {"type": "Feature", "properties": {"aeroway": null, "supplement": true, "amenity": null, "emergency": null, "man_made": "storage_tank", "name": null, "operator": null, "id": 109507746, "osm_type": "way"}, "geometry": {"type": "Point", "coordinates": [-118.4188281, 33.908618]}}, {"type": "Feature", "properties": {"aeroway": null, "supplement": true, "amenity": null, "emergency": null, "man_made": "storage_tank", "name": null, "operator": null, "id": 109507747, "osm_type": "way"}, "geometry": {"type": "Point", "coordinates": [-118.4215826, 33.9138902]}}, {"type": "Feature", "properties": {"aeroway": null, "supplement": true, "amenity": null, "emergency": null, "man_made": "storage_tank", "name": null, "operator": null, "id": 109507758, "osm_type": "way"}, "geometry": {"type": "Point", "coordinates": [-118.419326, 33.9136022]}}, {"type": "Feature", "properties": {"aeroway": null, "supplement": true, "amenity": null, "emergency": null, "man_made": "storage_tank", "name": null, "operator": null, "id": 109507765, "osm_type": "way"}, "geometry": {"type": "Point", "coordinates": [-118.4186835, 33.9071911]}}, {"type": "Feature", "properties": {"aeroway": null, "supplement": true, "amenity": null, "emergency": null, "man_made": "storage_tank", "name": null, "operator": null, "id": 109507768, "osm_type": "way"}, "geometry": {"type": "Point", "coordinates": [-118.4125228, 33.9040694]}}, {"type": "Feature", "properties": {"aeroway": null, "supplement": true, "amenity": null, "emergency": null, "man_made": "storage_tank", "name": null, "operator": null, "id": 109507774, "osm_type": "way"}, "geometry": {"type": "Point", "coordinates": [-118.4202685, 33.9134759]}}, {"type": "Feature", "properties": {"aeroway": null, "supplement": true, "amenity": null, "emergency": null, "man_made": "storage_tank", "name": null, "operator": null, "id": 109507779, "osm_type": "way"}, "geometry": {"type": "Point", "coordinates": [-118.4196782, 33.9080341]}}, {"type": "Feature", "properties": {"aeroway": null, "supplement": true, "amenity": null, "emergency": null, "man_made": "storage_tank", "name": null, "operator": null, "id": 109507780, "osm_type": "way"}, "geometry": {"type": "Point", "coordinates": [-118.4181022, 33.9090991]}}, {"type": "Feature", "properties": {"aeroway": null, "supplement": true, "amenity": null, "emergency": null, "man_made": "storage_tank", "name": null, "operator": null, "id": 109507784, "osm_type": "way"}, "geometry": {"type": "Point", "coordinates": [-118.4205993, 33.9099288]}}, {"type": "Feature", "properties": {"aeroway": null, "supplement": true, "amenity": null, "emergency": null, "man_made": "storage_tank", "name": null, "operator": null, "id": 109507790, "osm_type": "way"}, "geometry": {"type": "Point", "coordinates": [-118.4164114, 33.9055999]}}, {"type": "Feature", "properties": {"aeroway": null, "supplement": true, "amenity": null, "emergency": null, "man_made": "storage_tank", "name": null, "operator": null, "id": 109507792, "osm_type": "way"}, "geometry": {"type": "Point", "coordinates": [-118.4217043, 33.9141143]}}, {"type": "Feature", "properties": {"aeroway": null, "supplement": true, "amenity": null, "emergency": null, "man_made": "storage_tank", "name": null, "operator": null, "id": 109507793, "osm_type": "way"}, "geometry": {"type": "Point", "coordinates": [-118.4219908, 33.9106635]}}, {"type": "Feature", "properties": {"aeroway": null, "supplement": true, "amenity": null, "emergency": null, "man_made": "storage_tank", "name": null, "operator": null, "id": 109507796, "osm_type": "way"}, "geometry": {"type": "Point", "coordinates": [-118.417138, 33.90404]}}, {"type": "Feature", "properties": {"aeroway": null, "supplement": true, "amenity": null, "emergency": null, "man_made": "storage_tank", "name": null, "operator": null, "id": 109507803, "osm_type": "way"}, "geometry": {"type": "Point", "coordinates": [-118.418402, 33.9077089]}}, {"type": "Feature", "properties": {"aeroway": null, "supplement": true, "amenity": null, "emergency": null, "man_made": "storage_tank", "name": null, "operator": null, "id": 109507804, "osm_type": "way"}, "geometry": {"type": "Point", "coordinates": [-118.4240874, 33.913642]}}, {"type": "Feature", "properties": {"aeroway": null, "supplement": true, "amenity": null, "emergency": null, "man_made": "storage_tank", "name": null, "operator": null, "id": 109507807, "osm_type": "way"}, "geometry": {"type": "Point", "coordinates": [-118.4235347, 33.9148296]}}, {"type": "Feature", "properties": {"aeroway": null, "supplement": true, "amenity": null, "emergency": null, "man_made": "storage_tank", "name": null, "operator": null, "id": 109507808, "osm_type": "way"}, "geometry": {"type": "Point", "coordinates": [-118.4227973, 33.9133435]}}, {"type": "Feature", "properties": {"aeroway": null, "supplement": true, "amenity": null, "emergency": null, "man_made": "storage_tank", "name": null, "operator": null, "id": 109507819, "osm_type": "way"}, "geometry": {"type": "Point", "coordinates": [-118.4196271, 33.9123771]}}, {"type": "Feature", "properties": {"aeroway": null, "supplement": true, "amenity": null, "emergency": null, "man_made": "storage_tank", "name": null, "operator": null, "id": 109507822, "osm_type": "way"}, "geometry": {"type": "Point", "coordinates": [-118.4232669, 33.915908]}}, {"type": "Feature", "properties": {"aeroway": null, "supplement": true, "amenity": null, "emergency": null, "man_made": "storage_tank", "name": null, "operator": null, "id": 109507823, "osm_type": "way"}, "geometry": {"type": "Point", "coordinates": [-118.4194106, 33.9087017]}}, {"type": "Feature", "properties": {"aeroway": null, "supplement": true, "amenity": null, "emergency": null, "man_made": "storage_tank", "name": null, "operator": null, "id": 109507825, "osm_type": "way"}, "geometry": {"type": "Point", "coordinates": [-118.4093629, 33.9032019]}}, {"type": "Feature", "properties": {"aeroway": null, "supplement": true, "amenity": null, "emergency": null, "man_made": "storage_tank", "name": null, "operator": null, "id": 109507830, "osm_type": "way"}, "geometry": {"type": "Point", "coordinates": [-118.4179288, 33.9053852]}}, {"type": "Feature", "properties": {"aeroway": null, "supplement": true, "amenity": null, "emergency": null, "man_made": "storage_tank", "name": null, "operator": null, "id": 109507833, "osm_type": "way"}, "geometry": {"type": "Point", "coordinates": [-118.4195629, 33.9135053]}}, {"type": "Feature", "properties": {"aeroway": null, "supplement": true, "amenity": null, "emergency": null, "man_made": "storage_tank", "name": null, "operator": null, "id": 109507839, "osm_type": "way"}, "geometry": {"type": "Point", "coordinates": [-118.4185052, 33.9068354]}}, {"type": "Feature", "properties": {"aeroway": null, "supplement": true, "amenity": null, "emergency": null, "man_made": "storage_tank", "name": null, "operator": null, "id": 109507843, "osm_type": "way"}, "geometry": {"type": "Point", "coordinates": [-118.4121427, 33.9030314]}}, {"type": "Feature", "properties": {"aeroway": null, "supplement": true, "amenity": null, "emergency": null, "man_made": "storage_tank", "name": null, "operator": null, "id": 109507853, "osm_type": "way"}, "geometry": {"type": "Point", "coordinates": [-118.4243894, 33.9141396]}}, {"type": "Feature", "properties": {"aeroway": null, "supplement": true, "amenity": null, "emergency": null, "man_made": "storage_tank", "name": null, "operator": null, "id": 109507855, "osm_type": "way"}, "geometry": {"type": "Point", "coordinates": [-118.419874, 33.9084681]}}, {"type": "Feature", "properties": {"aeroway": null, "supplement": true, "amenity": null, "emergency": null, "man_made": "storage_tank", "name": null, "operator": null, "id": 109507857, "osm_type": "way"}, "geometry": {"type": "Point", "coordinates": [-118.4177836, 33.9083975]}}, {"type": "Feature", "properties": {"aeroway": null, "supplement": true, "amenity": null, "emergency": null, "man_made": "storage_tank", "name": null, "operator": null, "id": 109507859, "osm_type": "way"}, "geometry": {"type": "Point", "coordinates": [-118.4204942, 33.9073784]}}, {"type": "Feature", "properties": {"aeroway": null, "supplement": true, "amenity": null, "emergency": null, "man_made": "storage_tank", "name": null, "operator": null, "id": 109507861, "osm_type": "way"}, "geometry": {"type": "Point", "coordinates": [-118.4205965, 33.9106551]}}, {"type": "Feature", "properties": {"aeroway": null, "supplement": true, "amenity": null, "emergency": null, "man_made": "storage_tank", "name": null, "operator": null, "id": 109507866, "osm_type": "way"}, "geometry": {"type": "Point", "coordinates": [-118.4159511, 33.9042853]}}, {"type": "Feature", "properties": {"aeroway": null, "supplement": true, "amenity": null, "emergency": null, "man_made": "storage_tank", "name": null, "operator": null, "id": 109507870, "osm_type": "way"}, "geometry": {"type": "Point", "coordinates": [-118.4223231, 33.9140005]}}, {"type": "Feature", "properties": {"aeroway": null, "supplement": true, "amenity": null, "emergency": null, "man_made": "storage_tank", "name": null, "operator": null, "id": 109507871, "osm_type": "way"}, "geometry": {"type": "Point", "coordinates": [-118.4215804, 33.9111178]}}, {"type": "Feature", "properties": {"aeroway": null, "supplement": true, "amenity": null, "emergency": null, "man_made": "storage_tank", "name": null, "operator": null, "id": 109507875, "osm_type": "way"}, "geometry": {"type": "Point", "coordinates": [-118.4175804, 33.904742]}}, {"type": "Feature", "properties": {"aeroway": null, "supplement": true, "amenity": null, "emergency": null, "man_made": "storage_tank", "name": null, "operator": null, "id": 109507881, "osm_type": "way"}, "geometry": {"type": "Point", "coordinates": [-118.4186208, 33.9081596]}}, {"type": "Feature", "properties": {"aeroway": null, "supplement": true, "amenity": null, "emergency": null, "man_made": "storage_tank", "name": null, "operator": null, "id": 109507883, "osm_type": "way"}, "geometry": {"type": "Point", "coordinates": [-118.4228746, 33.9152739]}}, {"type": "Feature", "properties": {"aeroway": null, "supplement": true, "amenity": null, "emergency": null, "man_made": "storage_tank", "name": null, "operator": null, "id": 109507887, "osm_type": "way"}, "geometry": {"type": "Point", "coordinates": [-118.4208712, 33.9141718]}}, {"type": "Feature", "properties": {"aeroway": null, "supplement": true, "amenity": null, "emergency": null, "man_made": "storage_tank", "name": null, "operator": null, "id": 109507892, "osm_type": "way"}, "geometry": {"type": "Point", "coordinates": [-118.4190307, 33.9131048]}}, {"type": "Feature", "properties": {"aeroway": null, "supplement": true, "amenity": null, "emergency": null, "man_made": "storage_tank", "name": null, "operator": null, "id": 109507894, "osm_type": "way"}, "geometry": {"type": "Point", "coordinates": [-118.4240303, 33.9159416]}}, {"type": "Feature", "properties": {"aeroway": null, "supplement": true, "amenity": null, "emergency": null, "man_made": "storage_tank", "name": null, "operator": null, "id": 109507896, "osm_type": "way"}, "geometry": {"type": "Point", "coordinates": [-118.4192039, 33.9082488]}}, {"type": "Feature", "properties": {"aeroway": null, "supplement": true, "amenity": null, "emergency": null, "man_made": "storage_tank", "name": null, "operator": null, "id": 109507899, "osm_type": "way"}, "geometry": {"type": "Point", "coordinates": [-118.4242218, 33.9139061]}}, {"type": "Feature", "properties": {"aeroway": null, "supplement": true, "amenity": null, "emergency": null, "man_made": "storage_tank", "name": null, "operator": null, "id": 109507901, "osm_type": "way"}, "geometry": {"type": "Point", "coordinates": [-118.4106035, 33.903219]}}, {"type": "Feature", "properties": {"aeroway": null, "supplement": true, "amenity": null, "emergency": null, "man_made": "storage_tank", "name": null, "operator": null, "id": 109507906, "osm_type": "way"}, "geometry": {"type": "Point", "coordinates": [-118.4182134, 33.9060138]}}, {"type": "Feature", "properties": {"aeroway": null, "supplement": true, "amenity": null, "emergency": null, "man_made": "storage_tank", "name": null, "operator": null, "id": 109507908, "osm_type": "way"}, "geometry": {"type": "Point", "coordinates": [-118.4195673, 33.913774]}}, {"type": "Feature", "properties": {"aeroway": null, "supplement": true, "amenity": null, "emergency": null, "man_made": "storage_tank", "name": null, "operator": null, "id": 109507913, "osm_type": "way"}, "geometry": {"type": "Point", "coordinates": [-118.4189978, 33.9066677]}}, {"type": "Feature", "properties": {"aeroway": null, "supplement": true, "amenity": null, "emergency": null, "man_made": "storage_tank", "name": null, "operator": null, "id": 109507918, "osm_type": "way"}, "geometry": {"type": "Point", "coordinates": [-118.4137052, 33.9027887]}}, {"type": "Feature", "properties": {"aeroway": null, "supplement": true, "amenity": null, "emergency": null, "man_made": "storage_tank", "name": null, "operator": null, "id": 109507928, "osm_type": "way"}, "geometry": {"type": "Point", "coordinates": [-118.4174515, 33.9077093]}}, {"type": "Feature", "properties": {"aeroway": null, "supplement": true, "amenity": null, "emergency": null, "man_made": "storage_tank", "name": null, "operator": null, "id": 109507930, "osm_type": "way"}, "geometry": {"type": "Point", "coordinates": [-118.4208752, 33.9081406]}}, {"type": "Feature", "properties": {"aeroway": null, "supplement": true, "amenity": null, "emergency": null, "man_made": "storage_tank", "name": null, "operator": null, "id": 109507933, "osm_type": "way"}, "geometry": {"type": "Point", "coordinates": [-118.4201484, 33.9110327]}}, {"type": "Feature", "properties": {"aeroway": null, "supplement": true, "amenity": null, "emergency": null, "man_made": "storage_tank", "name": null, "operator": null, "id": 109507938, "osm_type": "way"}, "geometry": {"type": "Point", "coordinates": [-118.4160231, 33.9027343]}}, {"type": "Feature", "properties": {"aeroway": null, "supplement": true, "amenity": null, "emergency": null, "man_made": "storage_tank", "name": null, "operator": null, "id": 109507941, "osm_type": "way"}, "geometry": {"type": "Point", "coordinates": [-118.421902, 33.9147932]}}, {"type": "Feature", "properties": {"aeroway": null, "supplement": true, "amenity": null, "emergency": null, "man_made": "storage_tank", "name": null, "operator": null, "id": 109507943, "osm_type": "way"}, "geometry": {"type": "Point", "coordinates": [-118.4219531, 33.9115733]}}, {"type": "Feature", "properties": {"aeroway": null, "supplement": true, "amenity": "fire_station", "emergency": null, "man_made": null, "name": "Los Angeles Fire Department Fire Station 5", "operator": "Los Angeles Fire Department", "id": 192796611, "osm_type": "way"}, "geometry": {"type": "Point", "coordinates": [-118.4039437, 33.9557214]}}, {"type": "Feature", "properties": {"aeroway": null, "supplement": true, "amenity": "fire_station", "emergency": null, "man_made": null, "name": "Los Angeles Fire Department Fire Station 95", "operator": "Los Angeles Fire Department", "id": 193925664, "osm_type": "way"}, "geometry": {"type": "Point", "coordinates": [-118.3811863, 33.9451797]}}, {"type": "Feature", "properties": {"aeroway": null, "supplement": true, "amenity": null, "emergency": null, "man_made": "storage_tank", "name": null, "operator": null, "id": 259269285, "osm_type": "way"}, "geometry": {"type": "Point", "coordinates": [-118.4070717, 33.9211374]}}, {"type": "Feature", "properties": {"aeroway": null, "supplement": true, "amenity": null, "emergency": null, "man_made": "storage_tank", "name": null, "operator": null, "id": 368378010, "osm_type": "way"}, "geometry": {"type": "Point", "coordinates": [-118.4048505, 33.9438761]}}, {"type": "Feature", "properties": {"aeroway": null, "supplement": true, "amenity": null, "emergency": null, "man_made": "storage_tank", "name": null, "operator": "El Segundo Oil", "id": 405367221, "osm_type": "way"}, "geometry": {"type": "Point", "coordinates": [-118.4049999, 33.9180255]}}, {"type": "Feature", "properties": {"aeroway": null, "supplement": true, "amenity": null, "emergency": null, "man_made": "storage_tank", "name": null, "operator": "El Segundo Oil", "id": 405367222, "osm_type": "way"}, "geometry": {"type": "Point", "coordinates": [-118.4051677, 33.91803]}}, {"type": "Feature", "properties": {"aeroway": null, "supplement": true, "amenity": null, "emergency": null, "man_made": "storage_tank", "name": null, "operator": "El Segundo Oil", "id": 405367223, "osm_type": "way"}, "geometry": {"type": "Point", "coordinates": [-118.4050759, 33.9180319]}}, {"type": "Feature", "properties": {"aeroway": null, "supplement": true, "amenity": "fire_station", "emergency": null, "man_made": null, "name": "Los Angeles Fire Department Fire Station 67", "operator": "Los Angeles Fire Department", "id": 412539510, "osm_type": "way"}, "geometry": {"type": "Point", "coordinates": [-118.4284511, 33.9743365]}}, {"type": "Feature", "properties": {"aeroway": null, "supplement": true, "amenity": null, "emergency": null, "man_made": "storage_tank", "name": null, "operator": null, "id": 413225846, "osm_type": "way"}, "geometry": {"type": "Point", "coordinates": [-118.4219638, 33.9442708]}}, {"type": "Feature", "properties": {"aeroway": null, "supplement": true, "amenity": null, "emergency": null, "man_made": "storage_tank", "name": null, "operator": null, "id": 413225860, "osm_type": "way"}, "geometry": {"type": "Point", "coordinates": [-118.4236845, 33.9402871]}}, {"type": "Feature", "properties": {"aeroway": null, "supplement": true, "amenity": null, "emergency": null, "man_made": "storage_tank", "name": null, "operator": null, "id": 413225867, "osm_type": "way"}, "geometry": {"type": "Point", "coordinates": [-118.4302293, 33.926384]}}, {"type": "Feature", "properties": {"aeroway": null, "supplement": true, "amenity": null, "emergency": null, "man_made": "storage_tank", "name": null, "operator": null, "id": 413225869, "osm_type": "way"}, "geometry": {"type": "Point", "coordinates": [-118.4300031, 33.9264648]}}, {"type": "Feature", "properties": {"aeroway": null, "supplement": true, "amenity": null, "emergency": null, "man_made": "storage_tank", "name": null, "operator": null, "id": 413225871, "osm_type": "way"}, "geometry": {"type": "Point", "coordinates": [-118.4302199, 33.9260229]}}, {"type": "Feature", "properties": {"aeroway": null, "supplement": true, "amenity": null, "emergency": null, "man_made": "storage_tank", "name": null, "operator": null, "id": 413225872, "osm_type": "way"}, "geometry": {"type": "Point", "coordinates": [-118.4300634, 33.9264836]}}, {"type": "Feature", "properties": {"aeroway": null, "supplement": true, "amenity": null, "emergency": null, "man_made": "storage_tank", "name": null, "operator": null, "id": 413225877, "osm_type": "way"}, "geometry": {"type": "Point", "coordinates": [-118.4316252, 33.9268754]}}, {"type": "Feature", "properties": {"aeroway": null, "supplement": true, "amenity": null, "emergency": null, "man_made": "storage_tank", "name": null, "operator": null, "id": 413225879, "osm_type": "way"}, "geometry": {"type": "Point", "coordinates": [-118.4285416, 33.9263158]}}, {"type": "Feature", "properties": {"aeroway": null, "supplement": true, "amenity": null, "emergency": null, "man_made": "storage_tank", "name": null, "operator": null, "id": 413225883, "osm_type": "way"}, "geometry": {"type": "Point", "coordinates": [-118.4313754, 33.9269646]}}, {"type": "Feature", "properties": {"aeroway": null, "supplement": true, "amenity": null, "emergency": null, "man_made": "storage_tank", "name": null, "operator": null, "id": 413225885, "osm_type": "way"}, "geometry": {"type": "Point", "coordinates": [-118.4283422, 33.9260199]}}, {"type": "Feature", "properties": {"aeroway": null, "supplement": true, "amenity": null, "emergency": null, "man_made": "storage_tank", "name": null, "operator": null, "id": 413225887, "osm_type": "way"}, "geometry": {"type": "Point", "coordinates": [-118.4313429, 33.9269993]}}, {"type": "Feature", "properties": {"aeroway": null, "supplement": true, "amenity": null, "emergency": null, "man_made": "storage_tank", "name": null, "operator": null, "id": 413225889, "osm_type": "way"}, "geometry": {"type": "Point", "coordinates": [-118.4315756, 33.926894]}}, {"type": "Feature", "properties": {"aeroway": null, "supplement": true, "amenity": null, "emergency": null, "man_made": "storage_tank", "name": null, "operator": null, "id": 413225891, "osm_type": "way"}, "geometry": {"type": "Point", "coordinates": [-118.4285874, 33.9264025]}}, {"type": "Feature", "properties": {"aeroway": null, "supplement": true, "amenity": null, "emergency": null, "man_made": "storage_tank", "name": null, "operator": null, "id": 413225893, "osm_type": "way"}, "geometry": {"type": "Point", "coordinates": [-118.428335, 33.9255318]}}, {"type": "Feature", "properties": {"aeroway": null, "supplement": true, "amenity": null, "emergency": null, "man_made": "storage_tank", "name": null, "operator": null, "id": 413225895, "osm_type": "way"}, "geometry": {"type": "Point", "coordinates": [-118.4283161, 33.9254983]}}, {"type": "Feature", "properties": {"aeroway": null, "supplement": true, "amenity": null, "emergency": null, "man_made": "storage_tank", "name": null, "operator": null, "id": 413225896, "osm_type": "way"}, "geometry": {"type": "Point", "coordinates": [-118.4303828, 33.9263277]}}, {"type": "Feature", "properties": {"aeroway": null, "supplement": true, "amenity": null, "emergency": null, "man_made": "storage_tank", "name": null, "operator": null, "id": 413225898, "osm_type": "way"}, "geometry": {"type": "Point", "coordinates": [-118.4301533, 33.9264104]}}, {"type": "Feature", "properties": {"aeroway": null, "supplement": true, "amenity": null, "emergency": null, "man_made": "storage_tank", "name": null, "operator": null, "id": 413225900, "osm_type": "way"}, "geometry": {"type": "Point", "coordinates": [-118.4307697, 33.9237057]}}, {"type": "Feature", "properties": {"aeroway": null, "supplement": true, "amenity": null, "emergency": null, "man_made": "storage_tank", "name": null, "operator": null, "id": 413225902, "osm_type": "way"}, "geometry": {"type": "Point", "coordinates": [-118.4303081, 33.9263557]}}, {"type": "Feature", "properties": {"aeroway": null, "supplement": true, "amenity": null, "emergency": null, "man_made": "storage_tank", "name": null, "operator": null, "id": 413225904, "osm_type": "way"}, "geometry": {"type": "Point", "coordinates": [-118.4308389, 33.9236816]}}, {"type": "Feature", "properties": {"aeroway": null, "supplement": true, "amenity": null, "emergency": null, "man_made": "storage_tank", "name": null, "operator": null, "id": 413225906, "osm_type": "way"}, "geometry": {"type": "Point", "coordinates": [-118.4301735, 33.926041]}}, {"type": "Feature", "properties": {"aeroway": null, "supplement": true, "amenity": null, "emergency": null, "man_made": "storage_tank", "name": null, "operator": null, "id": 413225908, "osm_type": "way"}, "geometry": {"type": "Point", "coordinates": [-118.4312523, 33.9270103]}}, {"type": "Feature", "properties": {"aeroway": null, "supplement": true, "amenity": null, "emergency": null, "man_made": "storage_tank", "name": null, "operator": null, "id": 413225912, "osm_type": "way"}, "geometry": {"type": "Point", "coordinates": [-118.430366, 33.926378]}}, {"type": "Feature", "properties": {"aeroway": null, "supplement": true, "amenity": null, "emergency": null, "man_made": "storage_tank", "name": null, "operator": null, "id": 413225913, "osm_type": "way"}, "geometry": {"type": "Point", "coordinates": [-118.4301157, 33.9262588]}}, {"type": "Feature", "properties": {"aeroway": null, "supplement": true, "amenity": null, "emergency": null, "man_made": "storage_tank", "name": null, "operator": null, "id": 413225915, "osm_type": "way"}, "geometry": {"type": "Point", "coordinates": [-118.4316938, 33.9269004]}}, {"type": "Feature", "properties": {"aeroway": null, "supplement": true, "amenity": null, "emergency": null, "man_made": "storage_tank", "name": null, "operator": null, "id": 413225919, "osm_type": "way"}, "geometry": {"type": "Point", "coordinates": [-118.4285216, 33.926274]}}, {"type": "Feature", "properties": {"aeroway": null, "supplement": true, "amenity": null, "emergency": null, "man_made": "storage_tank", "name": null, "operator": null, "id": 413225920, "osm_type": "way"}, "geometry": {"type": "Point", "coordinates": [-118.4301622, 33.9262413]}}, {"type": "Feature", "properties": {"aeroway": null, "supplement": true, "amenity": null, "emergency": null, "man_made": "storage_tank", "name": null, "operator": null, "id": 413225922, "osm_type": "way"}, "geometry": {"type": "Point", "coordinates": [-118.4316459, 33.9269166]}}, {"type": "Feature", "properties": {"aeroway": null, "supplement": true, "amenity": null, "emergency": null, "man_made": "storage_tank", "name": null, "operator": null, "id": 413225926, "osm_type": "way"}, "geometry": {"type": "Point", "coordinates": [-118.4301365, 33.9264584]}}, {"type": "Feature", "properties": {"aeroway": null, "supplement": true, "amenity": null, "emergency": null, "man_made": "storage_tank", "name": null, "operator": null, "id": 413225930, "osm_type": "way"}, "geometry": {"type": "Point", "coordinates": [-118.4316728, 33.9268573]}}, {"type": "Feature", "properties": {"aeroway": null, "supplement": true, "amenity": null, "emergency": null, "man_made": "storage_tank", "name": null, "operator": null, "id": 413225935, "osm_type": "way"}, "geometry": {"type": "Point", "coordinates": [-118.4314576, 33.9269844]}}, {"type": "Feature", "properties": {"aeroway": null, "supplement": true, "amenity": null, "emergency": null, "man_made": "storage_tank", "name": null, "operator": null, "id": 413225940, "osm_type": "way"}, "geometry": {"type": "Point", "coordinates": [-118.4302143, 33.9264308]}}, {"type": "Feature", "properties": {"aeroway": null, "supplement": true, "amenity": null, "emergency": null, "man_made": "storage_tank", "name": null, "operator": null, "id": 413225944, "osm_type": "way"}, "geometry": {"type": "Point", "coordinates": [-118.430292, 33.9264022]}}, {"type": "Feature", "properties": {"aeroway": null, "supplement": true, "amenity": null, "emergency": null, "man_made": "storage_tank", "name": null, "operator": null, "id": 413225954, "osm_type": "way"}, "geometry": {"type": "Point", "coordinates": [-118.4307173, 33.9237251]}}, {"type": "Feature", "properties": {"aeroway": null, "supplement": true, "amenity": null, "emergency": null, "man_made": "storage_tank", "name": null, "operator": null, "id": 413225957, "osm_type": "way"}, "geometry": {"type": "Point", "coordinates": [-118.4312703, 33.9270479]}}, {"type": "Feature", "properties": {"aeroway": null, "supplement": true, "amenity": null, "emergency": null, "man_made": "storage_tank", "name": null, "operator": null, "id": 413225959, "osm_type": "way"}, "geometry": {"type": "Point", "coordinates": [-118.4284749, 33.9261875]}}, {"type": "Feature", "properties": {"aeroway": null, "supplement": true, "amenity": null, "emergency": null, "man_made": "storage_tank", "name": null, "operator": null, "id": 413225960, "osm_type": "way"}, "geometry": {"type": "Point", "coordinates": [-118.4317813, 33.9268453]}}, {"type": "Feature", "properties": {"aeroway": null, "supplement": true, "amenity": null, "emergency": null, "man_made": "storage_tank", "name": null, "operator": null, "id": 413225962, "osm_type": "way"}, "geometry": {"type": "Point", "coordinates": [-118.4317417, 33.9268815]}}, {"type": "Feature", "properties": {"aeroway": null, "supplement": true, "amenity": null, "emergency": null, "man_made": "storage_tank", "name": null, "operator": null, "id": 413225964, "osm_type": "way"}, "geometry": {"type": "Point", "coordinates": [-118.4308906, 33.9236629]}}, {"type": "Feature", "properties": {"aeroway": null, "supplement": true, "amenity": null, "emergency": null, "man_made": "storage_tank", "name": null, "operator": null, "id": 413225966, "osm_type": "way"}, "geometry": {"type": "Point", "coordinates": [-118.431439, 33.9269424]}}, {"type": "Feature", "properties": {"aeroway": null, "supplement": true, "amenity": null, "emergency": null, "man_made": "storage_tank", "name": null, "operator": null, "id": 413225968, "osm_type": "way"}, "geometry": {"type": "Point", "coordinates": [-118.4285638, 33.9263596]}}, {"type": "Feature", "properties": {"aeroway": null, "supplement": true, "amenity": null, "emergency": null, "man_made": "storage_tank", "name": null, "operator": null, "id": 413225970, "osm_type": "way"}, "geometry": {"type": "Point", "coordinates": [-118.4317197, 33.9268412]}}, {"type": "Feature", "properties": {"aeroway": null, "supplement": true, "amenity": null, "emergency": null, "man_made": "storage_tank", "name": null, "operator": null, "id": 413225972, "osm_type": "way"}, "geometry": {"type": "Point", "coordinates": [-118.4315984, 33.926932]}}, {"type": "Feature", "properties": {"aeroway": null, "supplement": true, "amenity": null, "emergency": null, "man_made": "storage_tank", "name": null, "operator": null, "id": 413225974, "osm_type": "way"}, "geometry": {"type": "Point", "coordinates": [-118.4284986, 33.9262293]}}, {"type": "Feature", "properties": {"aeroway": null, "supplement": true, "amenity": null, "emergency": null, "man_made": "storage_tank", "name": null, "operator": null, "id": 413225976, "osm_type": "way"}, "geometry": {"type": "Point", "coordinates": [-118.4300802, 33.9264408]}}, {"type": "Feature", "properties": {"aeroway": null, "supplement": true, "amenity": null, "emergency": null, "man_made": "storage_tank", "name": null, "operator": null, "id": 413225978, "osm_type": "way"}, "geometry": {"type": "Point", "coordinates": [-118.430438, 33.9263511]}}, {"type": "Feature", "properties": {"aeroway": null, "supplement": true, "amenity": null, "emergency": null, "man_made": "storage_tank", "name": null, "operator": null, "id": 413225985, "osm_type": "way"}, "geometry": {"type": "Point", "coordinates": [-118.4211977, 33.9435976]}}, {"type": "Feature", "properties": {"aeroway": null, "supplement": true, "amenity": null, "emergency": null, "man_made": "storage_tank", "name": null, "operator": null, "id": 413225993, "osm_type": "way"}, "geometry": {"type": "Point", "coordinates": [-118.4271205, 33.9188483]}}, {"type": "Feature", "properties": {"aeroway": null, "supplement": true, "amenity": null, "emergency": null, "man_made": "storage_tank", "name": null, "operator": null, "id": 413225995, "osm_type": "way"}, "geometry": {"type": "Point", "coordinates": [-118.4270657, 33.9187433]}}, {"type": "Feature", "properties": {"aeroway": null, "supplement": true, "amenity": null, "emergency": null, "man_made": "storage_tank", "name": null, "operator": null, "id": 413225999, "osm_type": "way"}, "geometry": {"type": "Point", "coordinates": [-118.4313991, 33.9270068]}}, {"type": "Feature", "properties": {"aeroway": null, "supplement": true, "amenity": null, "emergency": null, "man_made": "storage_tank", "name": null, "operator": null, "id": 413226001, "osm_type": "way"}, "geometry": {"type": "Point", "coordinates": [-118.4254651, 33.9166036]}}, {"type": "Feature", "properties": {"aeroway": null, "supplement": true, "amenity": null, "emergency": null, "man_made": "storage_tank", "name": null, "operator": null, "id": 413226005, "osm_type": "way"}, "geometry": {"type": "Point", "coordinates": [-118.4254252, 33.916648]}}, {"type": "Feature", "properties": {"aeroway": null, "supplement": true, "amenity": null, "emergency": null, "man_made": "storage_tank", "name": null, "operator": null, "id": 413226015, "osm_type": "way"}, "geometry": {"type": "Point", "coordinates": [-118.4202821, 33.9434358]}}, {"type": "Feature", "properties": {"aeroway": null, "supplement": true, "amenity": null, "emergency": null, "man_made": "storage_tank", "name": null, "operator": null, "id": 413226019, "osm_type": "way"}, "geometry": {"type": "Point", "coordinates": [-118.4202022, 33.9431386]}}, {"type": "Feature", "properties": {"aeroway": null, "supplement": true, "amenity": null, "emergency": null, "man_made": "storage_tank", "name": null, "operator": null, "id": 413226021, "osm_type": "way"}, "geometry": {"type": "Point", "coordinates": [-118.4214666, 33.9443048]}}, {"type": "Feature", "properties": {"aeroway": null, "supplement": true, "amenity": null, "emergency": null, "man_made": "storage_tank", "name": null, "operator": null, "id": 413226023, "osm_type": "way"}, "geometry": {"type": "Point", "coordinates": [-118.4295065, 33.9298331]}}, {"type": "Feature", "properties": {"aeroway": null, "supplement": true, "amenity": null, "emergency": null, "man_made": "storage_tank", "name": null, "operator": null, "id": 413226025, "osm_type": "way"}, "geometry": {"type": "Point", "coordinates": [-118.4302985, 33.9298423]}}, {"type": "Feature", "properties": {"aeroway": null, "supplement": true, "amenity": null, "emergency": null, "man_made": "storage_tank", "name": null, "operator": null, "id": 413226027, "osm_type": "way"}, "geometry": {"type": "Point", "coordinates": [-118.420631, 33.9440373]}}, {"type": "Feature", "properties": {"aeroway": null, "supplement": true, "amenity": null, "emergency": null, "man_made": "storage_tank", "name": null, "operator": null, "id": 413226030, "osm_type": "way"}, "geometry": {"type": "Point", "coordinates": [-118.4205985, 33.9438188]}}, {"type": "Feature", "properties": {"aeroway": null, "supplement": true, "amenity": null, "emergency": null, "man_made": "storage_tank", "name": null, "operator": null, "id": 413226038, "osm_type": "way"}, "geometry": {"type": "Point", "coordinates": [-118.4296355, 33.9300816]}}, {"type": "Feature", "properties": {"aeroway": null, "supplement": true, "amenity": null, "emergency": null, "man_made": "storage_tank", "name": null, "operator": null, "id": 413226040, "osm_type": "way"}, "geometry": {"type": "Point", "coordinates": [-118.4217807, 33.9450046]}}, {"type": "Feature", "properties": {"aeroway": null, "supplement": true, "amenity": null, "emergency": null, "man_made": "storage_tank", "name": null, "operator": null, "id": 413226042, "osm_type": "way"}, "geometry": {"type": "Point", "coordinates": [-118.4211978, 33.9443324]}}, {"type": "Feature", "properties": {"aeroway": null, "supplement": true, "amenity": null, "emergency": null, "man_made": "storage_tank", "name": null, "operator": null, "id": 413226044, "osm_type": "way"}, "geometry": {"type": "Point", "coordinates": [-118.4206389, 33.9433942]}}, {"type": "Feature", "properties": {"aeroway": null, "supplement": true, "amenity": null, "emergency": null, "man_made": "storage_tank", "name": null, "operator": null, "id": 413226046, "osm_type": "way"}, "geometry": {"type": "Point", "coordinates": [-118.4213618, 33.9450478]}}, {"type": "Feature", "properties": {"aeroway": null, "supplement": true, "amenity": null, "emergency": null, "man_made": "storage_tank", "name": null, "operator": null, "id": 413226048, "osm_type": "way"}, "geometry": {"type": "Point", "coordinates": [-118.4205142, 33.9423596]}}, {"type": "Feature", "properties": {"aeroway": null, "supplement": true, "amenity": null, "emergency": null, "man_made": "storage_tank", "name": null, "operator": null, "id": 413226050, "osm_type": "way"}, "geometry": {"type": "Point", "coordinates": [-118.4217359, 33.9446826]}}, {"type": "Feature", "properties": {"aeroway": null, "supplement": true, "amenity": null, "emergency": null, "man_made": "storage_tank", "name": null, "operator": null, "id": 413226053, "osm_type": "way"}, "geometry": {"type": "Point", "coordinates": [-118.421317, 33.9447251]}}, {"type": "Feature", "properties": {"aeroway": null, "supplement": true, "amenity": null, "emergency": null, "man_made": "storage_tank", "name": null, "operator": null, "id": 413226055, "osm_type": "way"}, "geometry": {"type": "Point", "coordinates": [-118.4315826, 33.9288447]}}, {"type": "Feature", "properties": {"aeroway": null, "supplement": true, "amenity": null, "emergency": null, "man_made": "storage_tank", "name": null, "operator": null, "id": 413226057, "osm_type": "way"}, "geometry": {"type": "Point", "coordinates": [-118.4298915, 33.9285254]}}, {"type": "Feature", "properties": {"aeroway": null, "supplement": true, "amenity": null, "emergency": null, "man_made": "storage_tank", "name": null, "operator": null, "id": 413226059, "osm_type": "way"}, "geometry": {"type": "Point", "coordinates": [-118.4205569, 33.9426523]}}, {"type": "Feature", "properties": {"aeroway": null, "supplement": true, "amenity": null, "emergency": null, "man_made": "storage_tank", "name": null, "operator": null, "id": 413226061, "osm_type": "way"}, "geometry": {"type": "Point", "coordinates": [-118.4300937, 33.9289159]}}, {"type": "Feature", "properties": {"aeroway": null, "supplement": true, "amenity": null, "emergency": null, "man_made": "storage_tank", "name": null, "operator": null, "id": 413226064, "osm_type": "way"}, "geometry": {"type": "Point", "coordinates": [-118.4210532, 33.9429357]}}, {"type": "Feature", "properties": {"aeroway": null, "supplement": true, "amenity": null, "emergency": null, "man_made": "storage_tank", "name": null, "operator": null, "id": 413226066, "osm_type": "way"}, "geometry": {"type": "Point", "coordinates": [-118.4301706, 33.9296006]}}, {"type": "Feature", "properties": {"aeroway": null, "supplement": true, "amenity": null, "emergency": null, "man_made": "storage_tank", "name": null, "operator": null, "id": 413226068, "osm_type": "way"}, "geometry": {"type": "Point", "coordinates": [-118.4280713, 33.9255201]}}, {"type": "Feature", "properties": {"aeroway": null, "supplement": true, "amenity": null, "emergency": null, "man_made": "storage_tank", "name": null, "operator": null, "id": 413226070, "osm_type": "way"}, "geometry": {"type": "Point", "coordinates": [-118.4200499, 33.9424081]}}, {"type": "Feature", "properties": {"aeroway": null, "supplement": true, "amenity": null, "emergency": null, "man_made": "storage_tank", "name": null, "operator": null, "id": 413226072, "osm_type": "way"}, "geometry": {"type": "Point", "coordinates": [-118.4306097, 33.9297244]}}, {"type": "Feature", "properties": {"aeroway": null, "supplement": true, "amenity": null, "emergency": null, "man_made": "storage_tank", "name": null, "operator": null, "id": 413226075, "osm_type": "way"}, "geometry": {"type": "Point", "coordinates": [-118.429819, 33.9297224]}}, {"type": "Feature", "properties": {"aeroway": null, "supplement": true, "amenity": null, "emergency": null, "man_made": "storage_tank", "name": null, "operator": null, "id": 413226077, "osm_type": "way"}, "geometry": {"type": "Point", "coordinates": [-118.4293765, 33.9295915]}}, {"type": "Feature", "properties": {"aeroway": null, "supplement": true, "amenity": null, "emergency": null, "man_made": "storage_tank", "name": null, "operator": null, "id": 413226079, "osm_type": "way"}, "geometry": {"type": "Point", "coordinates": [-118.4200933, 33.9427037]}}, {"type": "Feature", "properties": {"aeroway": null, "supplement": true, "amenity": null, "emergency": null, "man_made": "storage_tank", "name": null, "operator": null, "id": 413226081, "osm_type": "way"}, "geometry": {"type": "Point", "coordinates": [-118.4282471, 33.9258464]}}, {"type": "Feature", "properties": {"aeroway": null, "supplement": true, "amenity": null, "emergency": null, "man_made": "storage_tank", "name": null, "operator": null, "id": 413226083, "osm_type": "way"}, "geometry": {"type": "Point", "coordinates": [-118.4303573, 33.9283568]}}, {"type": "Feature", "properties": {"aeroway": null, "supplement": true, "amenity": null, "emergency": null, "man_made": "storage_tank", "name": null, "operator": null, "id": 413226085, "osm_type": "way"}, "geometry": {"type": "Point", "coordinates": [-118.4292794, 33.9292102]}}, {"type": "Feature", "properties": {"aeroway": null, "supplement": true, "amenity": null, "emergency": null, "man_made": "storage_tank", "name": null, "operator": null, "id": 413226087, "osm_type": "way"}, "geometry": {"type": "Point", "coordinates": [-118.4303479, 33.9292346]}}, {"type": "Feature", "properties": {"aeroway": null, "supplement": true, "amenity": null, "emergency": null, "man_made": "storage_tank", "name": null, "operator": null, "id": 413226090, "osm_type": "way"}, "geometry": {"type": "Point", "coordinates": [-118.4305621, 33.9287424]}}, {"type": "Feature", "properties": {"aeroway": null, "supplement": true, "amenity": null, "emergency": null, "man_made": "storage_tank", "name": null, "operator": null, "id": 413226092, "osm_type": "way"}, "geometry": {"type": "Point", "coordinates": [-118.430041, 33.9293447]}}, {"type": "Feature", "properties": {"aeroway": null, "supplement": true, "amenity": null, "emergency": null, "man_made": "storage_tank", "name": null, "operator": null, "id": 413226094, "osm_type": "way"}, "geometry": {"type": "Point", "coordinates": [-118.4281587, 33.9256812]}}, {"type": "Feature", "properties": {"aeroway": null, "supplement": true, "amenity": null, "emergency": null, "man_made": "storage_tank", "name": null, "operator": null, "id": 413226096, "osm_type": "way"}, "geometry": {"type": "Point", "coordinates": [-118.4308899, 33.9273665]}}, {"type": "Feature", "properties": {"aeroway": null, "supplement": true, "amenity": null, "emergency": null, "man_made": "storage_tank", "name": null, "operator": null, "id": 413226098, "osm_type": "way"}, "geometry": {"type": "Point", "coordinates": [-118.4267009, 33.9171411]}}, {"type": "Feature", "properties": {"aeroway": null, "supplement": true, "amenity": null, "emergency": null, "man_made": "storage_tank", "name": null, "operator": null, "id": 413226100, "osm_type": "way"}, "geometry": {"type": "Point", "coordinates": [-118.4307666, 33.9282114]}}, {"type": "Feature", "properties": {"aeroway": null, "supplement": true, "amenity": null, "emergency": null, "man_made": "storage_tank", "name": null, "operator": null, "id": 413226102, "osm_type": "way"}, "geometry": {"type": "Point", "coordinates": [-118.430666, 33.9277903]}}, {"type": "Feature", "properties": {"aeroway": null, "supplement": true, "amenity": null, "emergency": null, "man_made": "storage_tank", "name": null, "operator": null, "id": 413226107, "osm_type": "way"}, "geometry": {"type": "Point", "coordinates": [-118.4296917, 33.9294736]}}, {"type": "Feature", "properties": {"aeroway": null, "supplement": true, "amenity": null, "emergency": null, "man_made": "storage_tank", "name": null, "operator": null, "id": 413226109, "osm_type": "way"}, "geometry": {"type": "Point", "coordinates": [-118.4299251, 33.9277421]}}, {"type": "Feature", "properties": {"aeroway": null, "supplement": true, "amenity": null, "emergency": null, "man_made": "storage_tank", "name": null, "operator": null, "id": 413226111, "osm_type": "way"}, "geometry": {"type": "Point", "coordinates": [-118.4311749, 33.9290436]}}, {"type": "Feature", "properties": {"aeroway": null, "supplement": true, "amenity": null, "emergency": null, "man_made": "storage_tank", "name": null, "operator": null, "id": 413226113, "osm_type": "way"}, "geometry": {"type": "Point", "coordinates": [-118.4303685, 33.9278952]}}, {"type": "Feature", "properties": {"aeroway": null, "supplement": true, "amenity": null, "emergency": null, "man_made": "storage_tank", "name": null, "operator": null, "id": 413226115, "osm_type": "way"}, "geometry": {"type": "Point", "coordinates": [-118.4275891, 33.9245504]}}, {"type": "Feature", "properties": {"aeroway": null, "supplement": true, "amenity": null, "emergency": null, "man_made": "storage_tank", "name": null, "operator": null, "id": 413226117, "osm_type": "way"}, "geometry": {"type": "Point", "coordinates": [-118.4305219, 33.9275282]}}, {"type": "Feature", "properties": {"aeroway": null, "supplement": true, "amenity": null, "emergency": null, "man_made": "storage_tank", "name": null, "operator": null, "id": 413226120, "osm_type": "way"}, "geometry": {"type": "Point", "coordinates": [-118.430065, 33.927999]}}, {"type": "Feature", "properties": {"aeroway": null, "supplement": true, "amenity": null, "emergency": null, "man_made": "storage_tank", "name": null, "operator": null, "id": 413226122, "osm_type": "way"}, "geometry": {"type": "Point", "coordinates": [-118.4299329, 33.9299707]}}, {"type": "Feature", "properties": {"aeroway": null, "supplement": true, "amenity": null, "emergency": null, "man_made": "storage_tank", "name": null, "operator": null, "id": 413226124, "osm_type": "way"}, "geometry": {"type": "Point", "coordinates": [-118.4304807, 33.929484]}}, {"type": "Feature", "properties": {"aeroway": null, "supplement": true, "amenity": null, "emergency": null, "man_made": "storage_tank", "name": null, "operator": null, "id": 413226126, "osm_type": "way"}, "geometry": {"type": "Point", "coordinates": [-118.4302261, 33.9276326]}}, {"type": "Feature", "properties": {"aeroway": null, "supplement": true, "amenity": null, "emergency": null, "man_made": "storage_tank", "name": null, "operator": null, "id": 413226128, "osm_type": "way"}, "geometry": {"type": "Point", "coordinates": [-118.431032, 33.9276519]}}, {"type": "Feature", "properties": {"aeroway": null, "supplement": true, "amenity": null, "emergency": null, "man_made": "storage_tank", "name": null, "operator": null, "id": 413226131, "osm_type": "way"}, "geometry": {"type": "Point", "coordinates": [-118.4317846, 33.9292359]}}, {"type": "Feature", "properties": {"aeroway": null, "supplement": true, "amenity": null, "emergency": null, "man_made": "storage_tank", "name": null, "operator": null, "id": 413226133, "osm_type": "way"}, "geometry": {"type": "Point", "coordinates": [-118.4233009, 33.9196272]}}, {"type": "Feature", "properties": {"aeroway": null, "supplement": true, "amenity": null, "emergency": null, "man_made": "storage_tank", "name": null, "operator": null, "id": 413226135, "osm_type": "way"}, "geometry": {"type": "Point", "coordinates": [-118.4276579, 33.9246888]}}, {"type": "Feature", "properties": {"aeroway": null, "supplement": true, "amenity": null, "emergency": null, "man_made": "storage_tank", "name": null, "operator": null, "id": 413226137, "osm_type": "way"}, "geometry": {"type": "Point", "coordinates": [-118.4309668, 33.9285977]}}, {"type": "Feature", "properties": {"aeroway": null, "supplement": true, "amenity": null, "emergency": null, "man_made": "storage_tank", "name": null, "operator": null, "id": 413226139, "osm_type": "way"}, "geometry": {"type": "Point", "coordinates": [-118.430966, 33.9295294]}}, {"type": "Feature", "properties": {"aeroway": null, "supplement": true, "amenity": null, "emergency": null, "man_made": "storage_tank", "name": null, "operator": null, "id": 413226142, "osm_type": "way"}, "geometry": {"type": "Point", "coordinates": [-118.4210976, 33.9432347]}}, {"type": "Feature", "properties": {"aeroway": null, "supplement": true, "amenity": null, "emergency": null, "man_made": "storage_tank", "name": null, "operator": null, "id": 413226144, "osm_type": "way"}, "geometry": {"type": "Point", "coordinates": [-118.4313773, 33.9293822]}}, {"type": "Feature", "properties": {"aeroway": null, "supplement": true, "amenity": null, "emergency": null, "man_made": "storage_tank", "name": null, "operator": null, "id": 413226150, "osm_type": "way"}, "geometry": {"type": "Point", "coordinates": [-118.4290738, 33.9288458]}}, {"type": "Feature", "properties": {"aeroway": null, "supplement": true, "amenity": null, "emergency": null, "man_made": "storage_tank", "name": null, "operator": null, "id": 413226153, "osm_type": "way"}, "geometry": {"type": "Point", "coordinates": [-118.4307653, 33.9291674]}}, {"type": "Feature", "properties": {"aeroway": null, "supplement": true, "amenity": null, "emergency": null, "man_made": "storage_tank", "name": null, "operator": null, "id": 413226155, "osm_type": "way"}, "geometry": {"type": "Point", "coordinates": [-118.4276596, 33.9242956]}}, {"type": "Feature", "properties": {"aeroway": null, "supplement": true, "amenity": null, "emergency": null, "man_made": "storage_tank", "name": null, "operator": null, "id": 413226157, "osm_type": "way"}, "geometry": {"type": "Point", "coordinates": [-118.43138, 33.9284727]}}, {"type": "Feature", "properties": {"aeroway": null, "supplement": true, "amenity": null, "emergency": null, "man_made": "storage_tank", "name": null, "operator": null, "id": 413226160, "osm_type": "way"}, "geometry": {"type": "Point", "coordinates": [-118.4231841, 33.9193995]}}, {"type": "Feature", "properties": {"aeroway": null, "supplement": true, "amenity": null, "emergency": null, "man_made": "storage_tank", "name": null, "operator": null, "id": 413226169, "osm_type": "way"}, "geometry": {"type": "Point", "coordinates": [-118.4311499, 33.9280625]}}, {"type": "Feature", "properties": {"aeroway": null, "supplement": true, "amenity": null, "emergency": null, "man_made": "storage_tank", "name": null, "operator": null, "id": 413226175, "osm_type": "way"}, "geometry": {"type": "Point", "coordinates": [-118.4230342, 33.9191612]}}, {"type": "Feature", "properties": {"aeroway": null, "supplement": true, "amenity": null, "emergency": null, "man_made": "storage_tank", "name": null, "operator": null, "id": 413226181, "osm_type": "way"}, "geometry": {"type": "Point", "coordinates": [-118.4295848, 33.9288681]}}, {"type": "Feature", "properties": {"aeroway": null, "supplement": true, "amenity": null, "emergency": null, "man_made": "storage_tank", "name": null, "operator": null, "id": 413226183, "osm_type": "way"}, "geometry": {"type": "Point", "coordinates": [-118.4229018, 33.9179163]}}, {"type": "Feature", "properties": {"aeroway": null, "supplement": true, "amenity": "fire_station", "emergency": null, "man_made": null, "name": "Los Angeles Fire Department Fire Station 51", "operator": "Los Angeles Fire Department", "id": 413226221, "osm_type": "way"}, "geometry": {"type": "Point", "coordinates": [-118.3971222, 33.9404991]}}, {"type": "Feature", "properties": {"aeroway": null, "supplement": true, "amenity": "fire_station", "emergency": null, "man_made": null, "name": "Los Angeles Fire Department Fire Station 80", "operator": "Los Angeles Fire Department", "id": 413226223, "osm_type": "way"}, "geometry": {"type": "Point", "coordinates": [-118.4194574, 33.9405003]}}, {"type": "Feature", "properties": {"aeroway": null, "supplement": true, "amenity": null, "emergency": null, "man_made": "storage_tank", "name": null, "operator": null, "id": 413226627, "osm_type": "way"}, "geometry": {"type": "Point", "coordinates": [-118.4323914, 33.9295209]}}, {"type": "Feature", "properties": {"aeroway": null, "supplement": true, "amenity": "fire_station", "emergency": null, "man_made": null, "name": "Los Angeles County Fire Dept. Station #110", "operator": null, "id": 414715042, "osm_type": "way"}, "geometry": {"type": "Point", "coordinates": [-118.4486023, 33.9839425]}}, {"type": "Feature", "properties": {"aeroway": null, "supplement": true, "amenity": "fire_station", "emergency": null, "man_made": null, "name": "Los Angeles Fire Department Fire Station 63", "operator": "Los Angeles Fire Department", "id": 414734828, "osm_type": "way"}, "geometry": {"type": "Point", "coordinates": [-118.4592045, 33.9913464]}}, {"type": "Feature", "properties": {"aeroway": null, "supplement": true, "amenity": null, "emergency": null, "man_made": "storage_tank", "name": null, "operator": null, "id": 415145051, "osm_type": "way"}, "geometry": {"type": "Point", "coordinates": [-118.4276024, 33.9241263]}}, {"type": "Feature", "properties": {"aeroway": null, "supplement": true, "amenity": null, "emergency": null, "man_made": "storage_tank", "name": null, "operator": null, "id": 415145052, "osm_type": "way"}, "geometry": {"type": "Point", "coordinates": [-118.4275835, 33.9240893]}}, {"type": "Feature", "properties": {"aeroway": null, "supplement": true, "amenity": null, "emergency": null, "man_made": "storage_tank", "name": null, "operator": null, "id": 415145054, "osm_type": "way"}, "geometry": {"type": "Point", "coordinates": [-118.4273715, 33.9241223]}}, {"type": "Feature", "properties": {"aeroway": null, "supplement": true, "amenity": null, "emergency": null, "man_made": "storage_tank", "name": null, "operator": null, "id": 415145055, "osm_type": "way"}, "geometry": {"type": "Point", "coordinates": [-118.4275641, 33.9240529]}}, {"type": "Feature", "properties": {"aeroway": null, "supplement": true, "amenity": null, "emergency": null, "man_made": "storage_tank", "name": null, "operator": null, "id": 415145056, "osm_type": "way"}, "geometry": {"type": "Point", "coordinates": [-118.4274095, 33.9241941]}}, {"type": "Feature", "properties": {"aeroway": null, "supplement": true, "amenity": null, "emergency": null, "man_made": "storage_tank", "name": null, "operator": null, "id": 415145057, "osm_type": "way"}, "geometry": {"type": "Point", "coordinates": [-118.427621, 33.9241624]}}, {"type": "Feature", "properties": {"aeroway": null, "supplement": true, "amenity": null, "emergency": null, "man_made": "storage_tank", "name": null, "operator": null, "id": 415145058, "osm_type": "way"}, "geometry": {"type": "Point", "coordinates": [-118.4273903, 33.924158]}}, {"type": "Feature", "properties": {"aeroway": null, "supplement": true, "amenity": null, "emergency": null, "man_made": "storage_tank", "name": null, "operator": null, "id": 415145059, "osm_type": "way"}, "geometry": {"type": "Point", "coordinates": [-118.4274281, 33.9242307]}}, {"type": "Feature", "properties": {"aeroway": null, "supplement": true, "amenity": null, "emergency": null, "man_made": "storage_tank", "name": null, "operator": null, "id": 415145060, "osm_type": "way"}, "geometry": {"type": "Point", "coordinates": [-118.4275094, 33.9244107]}}, {"type": "Feature", "properties": {"aeroway": null, "supplement": true, "amenity": null, "emergency": null, "man_made": "storage_tank", "name": null, "operator": null, "id": 415145061, "osm_type": "way"}, "geometry": {"type": "Point", "coordinates": [-118.4275109, 33.9243319]}}, {"type": "Feature", "properties": {"aeroway": null, "supplement": true, "amenity": null, "emergency": null, "man_made": "storage_tank", "name": null, "operator": null, "id": 439306168, "osm_type": "way"}, "geometry": {"type": "Point", "coordinates": [-118.3681774, 33.9932907]}}, {"type": "Feature", "properties": {"aeroway": null, "supplement": true, "amenity": null, "emergency": null, "man_made": "storage_tank", "name": null, "operator": null, "id": 439306181, "osm_type": "way"}, "geometry": {"type": "Point", "coordinates": [-118.3681303, 33.9931423]}}, {"type": "Feature", "properties": {"aeroway": null, "supplement": true, "amenity": null, "emergency": null, "man_made": "storage_tank", "name": null, "operator": null, "id": 439306427, "osm_type": "way"}, "geometry": {"type": "Point", "coordinates": [-118.3710164, 33.9965116]}}, {"type": "Feature", "properties": {"aeroway": null, "supplement": true, "amenity": null, "emergency": null, "man_made": "storage_tank", "name": null, "operator": null, "id": 439600991, "osm_type": "way"}, "geometry": {"type": "Point", "coordinates": [-118.38246, 33.8993241]}}, {"type": "Feature", "properties": {"aeroway": null, "supplement": true, "amenity": null, "emergency": null, "man_made": "storage_tank", "name": null, "operator": null, "id": 439600992, "osm_type": "way"}, "geometry": {"type": "Point", "coordinates": [-118.3824603, 33.8996976]}}, {"type": "Feature", "properties": {"aeroway": null, "supplement": true, "amenity": null, "emergency": null, "man_made": "storage_tank", "name": null, "operator": null, "id": 439748397, "osm_type": "way"}, "geometry": {"type": "Point", "coordinates": [-118.3985775, 33.9166882]}}, {"type": "Feature", "properties": {"aeroway": null, "supplement": true, "amenity": null, "emergency": null, "man_made": "storage_tank", "name": null, "operator": null, "id": 440819606, "osm_type": "way"}, "geometry": {"type": "Point", "coordinates": [-118.3561172, 33.9681628]}}, {"type": "Feature", "properties": {"aeroway": null, "supplement": true, "amenity": null, "emergency": null, "man_made": "storage_tank", "name": null, "operator": null, "id": 440819621, "osm_type": "way"}, "geometry": {"type": "Point", "coordinates": [-118.3595842, 33.9672994]}}, {"type": "Feature", "properties": {"aeroway": null, "supplement": true, "amenity": null, "emergency": null, "man_made": "storage_tank", "name": null, "operator": null, "id": 440819626, "osm_type": "way"}, "geometry": {"type": "Point", "coordinates": [-118.3596617, 33.9673451]}}, {"type": "Feature", "properties": {"aeroway": null, "supplement": true, "amenity": null, "emergency": null, "man_made": "storage_tank", "name": null, "operator": null, "id": 442304810, "osm_type": "way"}, "geometry": {"type": "Point", "coordinates": [-118.3572678, 33.9179675]}}, {"type": "Feature", "properties": {"aeroway": null, "supplement": true, "amenity": null, "emergency": null, "man_made": "storage_tank", "name": null, "operator": null, "id": 442304813, "osm_type": "way"}, "geometry": {"type": "Point", "coordinates": [-118.357449, 33.9179681]}}, {"type": "Feature", "properties": {"aeroway": null, "supplement": true, "amenity": "fire_station", "emergency": null, "man_made": null, "name": "Los Angeles County Fire Department Station #161", "operator": "Los Angeles County Fire Department", "id": 442304818, "osm_type": "way"}, "geometry": {"type": "Point", "coordinates": [-118.3543958, 33.9166582]}}, {"type": "Feature", "properties": {"aeroway": null, "supplement": true, "amenity": null, "emergency": null, "man_made": "storage_tank", "name": null, "operator": null, "id": 442304824, "osm_type": "way"}, "geometry": {"type": "Point", "coordinates": [-118.3587931, 33.9180629]}}, {"type": "Feature", "properties": {"aeroway": null, "supplement": true, "amenity": null, "emergency": null, "man_made": "storage_tank", "name": null, "operator": null, "id": 442304827, "osm_type": "way"}, "geometry": {"type": "Point", "coordinates": [-118.3561754, 33.9180673]}}, {"type": "Feature", "properties": {"aeroway": null, "supplement": true, "amenity": null, "emergency": null, "man_made": "storage_tank", "name": null, "operator": null, "id": 442304831, "osm_type": "way"}, "geometry": {"type": "Point", "coordinates": [-118.358361, 33.9180596]}}, {"type": "Feature", "properties": {"aeroway": null, "supplement": true, "amenity": null, "emergency": null, "man_made": "storage_tank", "name": null, "operator": null, "id": 442304835, "osm_type": "way"}, "geometry": {"type": "Point", "coordinates": [-118.3561873, 33.9184157]}}, {"type": "Feature", "properties": {"aeroway": null, "supplement": true, "amenity": null, "emergency": null, "man_made": "storage_tank", "name": null, "operator": null, "id": 442304836, "osm_type": "way"}, "geometry": {"type": "Point", "coordinates": [-118.3566072, 33.9180668]}}, {"type": "Feature", "properties": {"aeroway": null, "supplement": true, "amenity": "fire_station", "emergency": null, "man_made": null, "name": "Los Angeles County Fire Department Station 171", "operator": "Los Angeles County Fire Department", "id": 443396927, "osm_type": "way"}, "geometry": {"type": "Point", "coordinates": [-118.3568583, 33.9647734]}}, {"type": "Feature", "properties": {"aeroway": null, "supplement": true, "amenity": null, "emergency": null, "man_made": "storage_tank", "name": null, "operator": null, "id": 705303682, "osm_type": "way"}, "geometry": {"type": "Point", "coordinates": [-118.4154896, 33.9141981]}}, {"type": "Feature", "properties": {"aeroway": null, "supplement": true, "amenity": null, "emergency": null, "man_made": "storage_tank", "name": null, "operator": null, "id": 705303683, "osm_type": "way"}, "geometry": {"type": "Point", "coordinates": [-118.4152443, 33.9140814]}}, {"type": "Feature", "properties": {"aeroway": null, "supplement": true, "amenity": null, "emergency": null, "man_made": "storage_tank", "name": null, "operator": null, "id": 705303684, "osm_type": "way"}, "geometry": {"type": "Point", "coordinates": [-118.4158841, 33.9140489]}}, {"type": "Feature", "properties": {"aeroway": null, "supplement": true, "amenity": null, "emergency": null, "man_made": "storage_tank", "name": null, "operator": null, "id": 705303685, "osm_type": "way"}, "geometry": {"type": "Point", "coordinates": [-118.4157705, 33.913703]}}, {"type": "Feature", "properties": {"aeroway": null, "supplement": true, "amenity": null, "emergency": null, "man_made": "storage_tank", "name": null, "operator": null, "id": 705303687, "osm_type": "way"}, "geometry": {"type": "Point", "coordinates": [-118.4144712, 33.9134728]}}, {"type": "Feature", "properties": {"aeroway": null, "supplement": true, "amenity": null, "emergency": null, "man_made": "storage_tank", "name": null, "operator": null, "id": 705658054, "osm_type": "way"}, "geometry": {"type": "Point", "coordinates": [-118.4086512, 33.9071755]}}, {"type": "Feature", "properties": {"aeroway": null, "supplement": true, "amenity": null, "emergency": null, "man_made": "storage_tank", "name": null, "operator": null, "id": 705658910, "osm_type": "way"}, "geometry": {"type": "Point", "coordinates": [-118.4226098, 33.9145716]}}, {"type": "Feature", "properties": {"aeroway": null, "supplement": true, "amenity": null, "emergency": null, "man_made": "storage_tank", "name": null, "operator": null, "id": 705660979, "osm_type": "way"}, "geometry": {"type": "Point", "coordinates": [-118.4239572, 33.9089254]}}, {"type": "Feature", "properties": {"aeroway": null, "supplement": true, "amenity": null, "emergency": null, "man_made": "storage_tank", "name": null, "operator": null, "id": 705660980, "osm_type": "way"}, "geometry": {"type": "Point", "coordinates": [-118.4238149, 33.908977]}}, {"type": "Feature", "properties": {"aeroway": null, "supplement": true, "amenity": null, "emergency": null, "man_made": "storage_tank", "name": null, "operator": null, "id": 705660981, "osm_type": "way"}, "geometry": {"type": "Point", "coordinates": [-118.4236778, 33.9090276]}}, {"type": "Feature", "properties": {"aeroway": null, "supplement": true, "amenity": null, "emergency": null, "man_made": "storage_tank", "name": null, "operator": null, "id": 705660982, "osm_type": "way"}, "geometry": {"type": "Point", "coordinates": [-118.4235464, 33.9090398]}}, {"type": "Feature", "properties": {"aeroway": null, "supplement": true, "amenity": null, "emergency": null, "man_made": "storage_tank", "name": null, "operator": null, "id": 705673517, "osm_type": "way"}, "geometry": {"type": "Point", "coordinates": [-118.4080231, 33.9046734]}}, {"type": "Feature", "properties": {"aeroway": null, "supplement": true, "amenity": null, "emergency": null, "man_made": "storage_tank", "name": null, "operator": null, "id": 705845597, "osm_type": "way"}, "geometry": {"type": "Point", "coordinates": [-118.4154916, 33.90633]}}, {"type": "Feature", "properties": {"aeroway": null, "supplement": true, "amenity": null, "emergency": null, "man_made": "storage_tank", "name": null, "operator": null, "id": 705875785, "osm_type": "way"}, "geometry": {"type": "Point", "coordinates": [-118.4070879, 33.9156882]}}, {"type": "Feature", "properties": {"aeroway": null, "supplement": true, "amenity": null, "emergency": null, "man_made": "storage_tank", "name": null, "operator": null, "id": 705875786, "osm_type": "way"}, "geometry": {"type": "Point", "coordinates": [-118.4071402, 33.9156915]}}, {"type": "Feature", "properties": {"aeroway": null, "supplement": true, "amenity": null, "emergency": null, "man_made": "storage_tank", "name": null, "operator": null, "id": 705875787, "osm_type": "way"}, "geometry": {"type": "Point", "coordinates": [-118.4071912, 33.9156915]}}, {"type": "Feature", "properties": {"aeroway": null, "supplement": true, "amenity": null, "emergency": null, "man_made": "storage_tank", "name": null, "operator": null, "id": 705875788, "osm_type": "way"}, "geometry": {"type": "Point", "coordinates": [-118.4072448, 33.9156926]}}, {"type": "Feature", "properties": {"aeroway": null, "supplement": true, "amenity": null, "emergency": null, "man_made": "storage_tank", "name": null, "operator": null, "id": 705875789, "osm_type": "way"}, "geometry": {"type": "Point", "coordinates": [-118.4072961, 33.9156934]}}, {"type": "Feature", "properties": {"aeroway": null, "supplement": true, "amenity": null, "emergency": null, "man_made": "storage_tank", "name": null, "operator": null, "id": 705879671, "osm_type": "way"}, "geometry": {"type": "Point", "coordinates": [-118.4065155, 33.9154326]}}, {"type": "Feature", "properties": {"aeroway": null, "supplement": true, "amenity": null, "emergency": null, "man_made": "storage_tank", "name": null, "operator": null, "id": 705879672, "osm_type": "way"}, "geometry": {"type": "Point", "coordinates": [-118.4064935, 33.9153975]}}, {"type": "Feature", "properties": {"aeroway": null, "supplement": true, "amenity": null, "emergency": null, "man_made": "storage_tank", "name": null, "operator": null, "id": 705879673, "osm_type": "way"}, "geometry": {"type": "Point", "coordinates": [-118.4064757, 33.9153613]}}, {"type": "Feature", "properties": {"aeroway": null, "supplement": true, "amenity": null, "emergency": null, "man_made": "storage_tank", "name": null, "operator": null, "id": 705879674, "osm_type": "way"}, "geometry": {"type": "Point", "coordinates": [-118.4063782, 33.9153878]}}, {"type": "Feature", "properties": {"aeroway": null, "supplement": true, "amenity": null, "emergency": null, "man_made": "storage_tank", "name": null, "operator": null, "id": 705882344, "osm_type": "way"}, "geometry": {"type": "Point", "coordinates": [-118.4046912, 33.9054434]}}, {"type": "Feature", "properties": {"aeroway": null, "supplement": true, "amenity": null, "emergency": null, "man_made": "storage_tank", "name": null, "operator": null, "id": 705883377, "osm_type": "way"}, "geometry": {"type": "Point", "coordinates": [-118.4048527, 33.9041393]}}, {"type": "Feature", "properties": {"aeroway": null, "supplement": true, "amenity": "fire_station", "emergency": null, "man_made": null, "name": "El Segundo Fire Station #2", "operator": null, "id": 809412689, "osm_type": "way"}, "geometry": {"type": "Point", "coordinates": [-118.3849796, 33.924012]}}, {"type": "Feature", "properties": {"aeroway": null, "supplement": true, "amenity": null, "emergency": null, "man_made": "storage_tank", "name": null, "operator": null, "id": 916882186, "osm_type": "way"}, "geometry": {"type": "Point", "coordinates": [-118.4210364, 33.9426015]}}, {"type": "Feature", "properties": {"aeroway": null, "supplement": true, "amenity": null, "emergency": null, "man_made": "storage_tank", "name": null, "operator": null, "id": 916882187, "osm_type": "way"}, "geometry": {"type": "Point", "coordinates": [-118.4214498, 33.9425892]}}, {"type": "Feature", "properties": {"aeroway": null, "supplement": true, "amenity": null, "emergency": null, "man_made": "storage_tank", "name": null, "operator": null, "id": 916882188, "osm_type": "way"}, "geometry": {"type": "Point", "coordinates": [-118.4214643, 33.9429017]}}, {"type": "Feature", "properties": {"aeroway": null, "supplement": true, "amenity": null, "emergency": null, "man_made": "storage_tank", "name": null, "operator": null, "id": 916882189, "osm_type": "way"}, "geometry": {"type": "Point", "coordinates": [-118.4215126, 33.9431983]}}, {"type": "Feature", "properties": {"aeroway": null, "supplement": true, "amenity": null, "emergency": null, "man_made": "storage_tank", "name": null, "operator": null, "id": 1055593377, "osm_type": "way"}, "geometry": {"type": "Point", "coordinates": [-118.4035117, 33.9080022]}}, {"type": "Feature", "properties": {"aeroway": null, "supplement": true, "amenity": "fire_station", "emergency": null, "man_made": null, "name": "Manhattan Beach Fire Station 2", "operator": null, "id": 1220634217, "osm_type": "way"}, "geometry": {"type": "Point", "coordinates": [-118.3895943, 33.887104]}}, {"type": "Feature", "properties": {"aeroway": null, "supplement": true, "amenity": null, "emergency": null, "man_made": "storage_tank", "name": null, "operator": null, "id": 1228347741, "osm_type": "way"}, "geometry": {"type": "Point", "coordinates": [-118.3865708, 33.8910768]}}, {"type": "Feature", "properties": {"aeroway": null, "supplement": true, "amenity": null, "emergency": null, "man_made": "storage_tank", "name": null, "operator": null, "id": 1228347742, "osm_type": "way"}, "geometry": {"type": "Point", "coordinates": [-118.3865704, 33.8910356]}}, {"type": "Feature", "properties": {"aeroway": null, "supplement": true, "amenity": null, "emergency": null, "man_made": "storage_tank", "name": null, "operator": null, "id": 1228347743, "osm_type": "way"}, "geometry": {"type": "Point", "coordinates": [-118.3867377, 33.8910493]}}, {"type": "Feature", "properties": {"aeroway": null, "supplement": true, "amenity": null, "emergency": null, "man_made": "storage_tank", "name": null, "operator": null, "id": 1237930854, "osm_type": "way"}, "geometry": {"type": "Point", "coordinates": [-118.4323548, 33.9294683]}}, {"type": "Feature", "properties": {"aeroway": null, "supplement": true, "amenity": null, "emergency": null, "man_made": "storage_tank", "name": null, "operator": null, "id": 1362361789, "osm_type": "way"}, "geometry": {"type": "Point", "coordinates": [-118.3867561, 33.8914264]}}]}