{"type": "FeatureCollection", "icao": "OMDB", "center": [55.3657, 25.2532], "features": [{"type": "Feature", "properties": {"aeroway": "holding_position", "ref": null, "name": null, "surface": null, "id": 1013656724}, "geometry": {"type": "Point", "coordinates": [55.3712021, 25.2501685]}}, {"type": "Feature", "properties": {"aeroway": "holding_position", "ref": null, "name": null, "surface": null, "id": 1013711905}, "geometry": {"type": "Point", "coordinates": [55.3970059, 25.2321846]}}, {"type": "Feature", "properties": {"aeroway": "holding_position", "ref": null, "name": null, "surface": null, "id": 1013714882}, "geometry": {"type": "Point", "coordinates": [55.3850513, 25.2387378]}}, {"type": "Feature", "properties": {"aeroway": "holding_position", "ref": null, "name": null, "surface": null, "id": 1013718997}, "geometry": {"type": "Point", "coordinates": [55.3721755, 25.2538264]}}, {"type": "Feature", "properties": {"aeroway": "holding_position", "ref": null, "name": null, "surface": null, "id": 1013720492}, "geometry": {"type": "Point", "coordinates": [55.3781074, 25.2422084]}}, {"type": "Feature", "properties": {"aeroway": "holding_position", "ref": null, "name": null, "surface": null, "id": 1013731015}, "geometry": {"type": "Point", "coordinates": [55.3761755, 25.2490581]}}, {"type": "Feature", "properties": {"aeroway": "holding_position", "ref": null, "name": null, "surface": null, "id": 1013750915}, "geometry": {"type": "Point", "coordinates": [55.3461557, 25.2658362]}}, {"type": "Feature", "properties": {"aeroway": "holding_position", "ref": null, "name": null, "surface": null, "id": 1013755696}, "geometry": {"type": "Point", "coordinates": [55.3553995, 25.2598223]}}, {"type": "Feature", "properties": {"aeroway": "holding_position", "ref": null, "name": null, "surface": null, "id": 1013760031}, "geometry": {"type": "Point", "coordinates": [55.3553281, 25.2632405]}}, {"type": "Feature", "properties": {"aeroway": "holding_position", "ref": null, "name": null, "surface": null, "id": 1013768347}, "geometry": {"type": "Point", "coordinates": [55.3791215, 25.250664]}}, {"type": "Feature", "properties": {"aeroway": "holding_position", "ref": null, "name": null, "surface": null, "id": 1013769773}, "geometry": {"type": "Point", "coordinates": [55.394409, 25.2341603]}}, {"type": "Feature", "properties": {"aeroway": "holding_position", "ref": null, "name": null, "surface": null, "id": 1013771043}, "geometry": {"type": "Point", "coordinates": [55.396429, 25.2362106]}}, {"type": "Feature", "properties": {"aeroway": "holding_position", "ref": null, "name": null, "surface": null, "id": 1013771695}, "geometry": {"type": "Point", "coordinates": [55.391145, 25.2393898]}}, {"type": "Feature", "properties": {"aeroway": "holding_position", "ref": null, "name": null, "surface": null, "id": 1013778385}, "geometry": {"type": "Point", "coordinates": [55.3773673, 25.2510904]}}, {"type": "Feature", "properties": {"aeroway": "holding_position", "ref": null, "name": null, "surface": null, "id": 1013784195}, "geometry": {"type": "Point", "coordinates": [55.3906116, 25.2368686]}}, {"type": "Feature", "properties": {"aeroway": "holding_position", "ref": null, "name": null, "surface": null, "id": 1013786808}, "geometry": {"type": "Point", "coordinates": [55.3638652, 25.2585747]}}, {"type": "Feature", "properties": {"aeroway": "holding_position", "ref": null, "name": null, "surface": null, "id": 1013789661}, "geometry": {"type": "Point", "coordinates": [55.3540494, 25.2598361]}}, {"type": "Feature", "properties": {"aeroway": "holding_position", "ref": null, "name": null, "surface": null, "id": 1013791024}, "geometry": {"type": "Point", "coordinates": [55.3721416, 25.2539903]}}, {"type": "Feature", "properties": {"aeroway": "holding_position", "ref": null, "name": null, "surface": null, "id": 2116814636}, "geometry": {"type": "Point", "coordinates": [55.3979036, 25.2353692]}}, {"type": "Feature", "properties": {"aeroway": "parking_position", "ref": "D9", "name": null, "surface": null, "id": 3066153952}, "geometry": {"type": "Point", "coordinates": [55.374822, 25.2409089]}}, {"type": "Feature", "properties": {"aeroway": "parking_position", "ref": "D8", "name": null, "surface": null, "id": 3066154594}, "geometry": {"type": "Point", "coordinates": [55.3741059, 25.2413044]}}, {"type": "Feature", "properties": {"aeroway": "parking_position", "ref": "G18", "name": null, "surface": null, "id": 3066437424}, "geometry": {"type": "Point", "coordinates": [55.384325, 25.2357775]}}, {"type": "Feature", "properties": {"aeroway": "parking_position", "ref": "G21", "name": null, "surface": null, "id": 3066441682}, "geometry": {"type": "Point", "coordinates": [55.3854971, 25.2374976]}}, {"type": "Feature", "properties": {"aeroway": "parking_position", "ref": "G20", "name": null, "surface": null, "id": 3066441683}, "geometry": {"type": "Point", "coordinates": [55.3850921, 25.2369348]}}, {"type": "Feature", "properties": {"aeroway": "parking_position", "ref": "G14", "name": null, "surface": null, "id": 3066442767}, "geometry": {"type": "Point", "coordinates": [55.3829812, 25.2377838]}}, {"type": "Feature", "properties": {"aeroway": "parking_position", "ref": "G15", "name": null, "surface": null, "id": 3066442839}, "geometry": {"type": "Point", "coordinates": [55.3823267, 25.2368547]}}, {"type": "Feature", "properties": {"aeroway": "parking_position", "ref": "G14", "name": null, "surface": null, "id": 3066443044}, "geometry": {"type": "Point", "coordinates": [55.3827183, 25.2374296]}}, {"type": "Feature", "properties": {"aeroway": "parking_position", "ref": "G17", "name": null, "surface": null, "id": 3066443361}, "geometry": {"type": "Point", "coordinates": [55.3839495, 25.2352243]}}, {"type": "Feature", "properties": {"aeroway": "parking_position", "ref": "G19", "name": null, "surface": null, "id": 3066443742}, "geometry": {"type": "Point", "coordinates": [55.3847219, 25.2363525]}}, {"type": "Feature", "properties": {"aeroway": "parking_position", "ref": "G12", "name": null, "surface": null, "id": 3066503071}, "geometry": {"type": "Point", "coordinates": [55.3824608, 25.238519]}}, {"type": "Feature", "properties": {"aeroway": "parking_position", "ref": "G13", "name": null, "surface": null, "id": 3066503193}, "geometry": {"type": "Point", "coordinates": [55.383067, 25.2381623]}}, {"type": "Feature", "properties": {"aeroway": "gate", "ref": "A16", "name": null, "surface": null, "id": 3307963404}, "geometry": {"type": "Point", "coordinates": [55.3746587, 25.2412357]}}, {"type": "Feature", "properties": {"aeroway": "gate", "ref": "A17", "name": null, "surface": null, "id": 3307963405}, "geometry": {"type": "Point", "coordinates": [55.3750116, 25.241332]}}, {"type": "Feature", "properties": {"aeroway": "gate", "ref": "A18", "name": null, "surface": null, "id": 3307963406}, "geometry": {"type": "Point", "coordinates": [55.3751077, 25.2414719]}}, {"type": "Feature", "properties": {"aeroway": "gate", "ref": "A19", "name": null, "surface": null, "id": 3307963407}, "geometry": {"type": "Point", "coordinates": [55.3752162, 25.2416493]}}, {"type": "Feature", "properties": {"aeroway": "gate", "ref": "A15", "name": null, "surface": null, "id": 3307963408}, "geometry": {"type": "Point", "coordinates": [55.3738926, 25.2416518]}}, {"type": "Feature", "properties": {"aeroway": "gate", "ref": "A20", "name": null, "surface": null, "id": 3307963410}, "geometry": {"type": "Point", "coordinates": [55.375327, 25.2417908]}}, {"type": "Feature", "properties": {"aeroway": "gate", "ref": "A14", "name": null, "surface": null, "id": 3307963412}, "geometry": {"type": "Point", "coordinates": [55.3731671, 25.2420701]}}, {"type": "Feature", "properties": {"aeroway": "gate", "ref": "A21", "name": null, "surface": null, "id": 3307963413}, "geometry": {"type": "Point", "coordinates": [55.3752579, 25.2421509]}}, {"type": "Feature", "properties": {"aeroway": "gate", "ref": "A13", "name": null, "surface": null, "id": 3307963414}, "geometry": {"type": "Point", "coordinates": [55.3724117, 25.2424838]}}, {"type": "Feature", "properties": {"aeroway": "gate", "ref": "A22", "name": null, "surface": null, "id": 3307963415}, "geometry": {"type": "Point", "coordinates": [55.3745206, 25.2425589]}}, {"type": "Feature", "properties": {"aeroway": "gate", "ref": "A12", "name": null, "surface": null, "id": 3307963416}, "geometry": {"type": "Point", "coordinates": [55.3716899, 25.2429744]}}, {"type": "Feature", "properties": {"aeroway": "gate", "ref": "A23", "name": null, "surface": null, "id": 3307963417}, "geometry": {"type": "Point", "coordinates": [55.3737679, 25.2429626]}}, {"type": "Feature", "properties": {"aeroway": "gate", "ref": "A11", "name": null, "surface": null, "id": 3307963418}, "geometry": {"type": "Point", "coordinates": [55.370933, 25.2433913]}}, {"type": "Feature", "properties": {"aeroway": "gate", "ref": "A24", "name": null, "surface": null, "id": 3307963419}, "geometry": {"type": "Point", "coordinates": [55.3730145, 25.2433958]}}, {"type": "Feature", "properties": {"aeroway": "gate", "ref": "A1", "name": null, "surface": null, "id": 3307963420}, "geometry": {"type": "Point", "coordinates": [55.3721939, 25.2437865]}}, {"type": "Feature", "properties": {"aeroway": "gate", "ref": "A10", "name": null, "surface": null, "id": 3307963421}, "geometry": {"type": "Point", "coordinates": [55.36989, 25.2439039]}}, {"type": "Feature", "properties": {"aeroway": "gate", "ref": "A9", "name": null, "surface": null, "id": 3307963422}, "geometry": {"type": "Point", "coordinates": [55.3693366, 25.2442148]}}, {"type": "Feature", "properties": {"aeroway": "gate", "ref": "A2", "name": null, "surface": null, "id": 3307963423}, "geometry": {"type": "Point", "coordinates": [55.3714558, 25.2441924]}}, {"type": "Feature", "properties": {"aeroway": "gate", "ref": "A8", "name": null, "surface": null, "id": 3307963424}, "geometry": {"type": "Point", "coordinates": [55.3693501, 25.2444299]}}, {"type": "Feature", "properties": {"aeroway": "gate", "ref": "A7", "name": null, "surface": null, "id": 3307963425}, "geometry": {"type": "Point", "coordinates": [55.369453, 25.2445787]}}, {"type": "Feature", "properties": {"aeroway": "gate", "ref": "A6", "name": null, "surface": null, "id": 3307963426}, "geometry": {"type": "Point", "coordinates": [55.3695587, 25.2447245]}}, {"type": "Feature", "properties": {"aeroway": "gate", "ref": "A3", "name": null, "surface": null, "id": 3307963427}, "geometry": {"type": "Point", "coordinates": [55.3704742, 25.2447148]}}, {"type": "Feature", "properties": {"aeroway": "gate", "ref": "A5", "name": null, "surface": null, "id": 3307963429}, "geometry": {"type": "Point", "coordinates": [55.3696412, 25.2448625]}}, {"type": "Feature", "properties": {"aeroway": "gate", "ref": "A4", "name": null, "surface": null, "id": 3307963430}, "geometry": {"type": "Point", "coordinates": [55.3698789, 25.2450314]}}, {"type": "Feature", "properties": {"aeroway": "parking_position", "ref": "G7", "name": null, "surface": null, "id": 3334344561}, "geometry": {"type": "Point", "coordinates": [55.380102, 25.238325]}}, {"type": "Feature", "properties": {"aeroway": "parking_position", "ref": "G6", "name": null, "surface": null, "id": 3334344563}, "geometry": {"type": "Point", "coordinates": [55.3797318, 25.2377463]}}, {"type": "Feature", "properties": {"aeroway": "parking_position", "ref": "H2", "name": null, "surface": null, "id": 3334344564}, "geometry": {"type": "Point", "coordinates": [55.389291, 25.2345178]}}, {"type": "Feature", "properties": {"aeroway": "parking_position", "ref": "H1", "name": null, "surface": null, "id": 3334344570}, "geometry": {"type": "Point", "coordinates": [55.3888575, 25.2348975]}}, {"type": "Feature", "properties": {"aeroway": "parking_position", "ref": "H3", "name": null, "surface": null, "id": 3334344573}, "geometry": {"type": "Point", "coordinates": [55.393125, 25.2331106]}}, {"type": "Feature", "properties": {"aeroway": "gate", "ref": "C36-C50", "name": null, "surface": null, "id": 4563783511}, "geometry": {"type": "Point", "coordinates": [55.358488, 25.2511945]}}, {"type": "Feature", "properties": {"aeroway": "gate", "ref": "C28", "name": null, "surface": null, "id": 4563783512}, "geometry": {"type": "Point", "coordinates": [55.3570993, 25.2506038]}}, {"type": "Feature", "properties": {"aeroway": "gate", "ref": "C26", "name": null, "surface": null, "id": 4563783513}, "geometry": {"type": "Point", "coordinates": [55.356587, 25.2508538]}}, {"type": "Feature", "properties": {"aeroway": "gate", "ref": "C22", "name": null, "surface": null, "id": 4563783514}, "geometry": {"type": "Point", "coordinates": [55.3560385, 25.2511473]}}, {"type": "Feature", "properties": {"aeroway": "gate", "ref": "C20", "name": null, "surface": null, "id": 4563783515}, "geometry": {"type": "Point", "coordinates": [55.3549535, 25.2517258]}}, {"type": "Feature", "properties": {"aeroway": "gate", "ref": "C18", "name": null, "surface": null, "id": 4563783516}, "geometry": {"type": "Point", "coordinates": [55.3545069, 25.2519429]}}, {"type": "Feature", "properties": {"aeroway": "gate", "ref": "C16", "name": null, "surface": null, "id": 4563783517}, "geometry": {"type": "Point", "coordinates": [55.3540375, 25.2522958]}}, {"type": "Feature", "properties": {"aeroway": "gate", "ref": "C14", "name": null, "surface": null, "id": 4563783518}, "geometry": {"type": "Point", "coordinates": [55.3531283, 25.2527094]}}, {"type": "Feature", "properties": {"aeroway": "gate", "ref": "C12", "name": null, "surface": null, "id": 4563783519}, "geometry": {"type": "Point", "coordinates": [55.3526857, 25.2529739]}}, {"type": "Feature", "properties": {"aeroway": "gate", "ref": "C10", "name": null, "surface": null, "id": 4563783520}, "geometry": {"type": "Point", "coordinates": [55.3523102, 25.2531935]}}, {"type": "Feature", "properties": {"aeroway": "gate", "ref": "C8", "name": null, "surface": null, "id": 4563783521}, "geometry": {"type": "Point", "coordinates": [55.3518006, 25.2534845]}}, {"type": "Feature", "properties": {"aeroway": "gate", "ref": "C6", "name": null, "surface": null, "id": 4563783522}, "geometry": {"type": "Point", "coordinates": [55.3512052, 25.2538302]}}, {"type": "Feature", "properties": {"aeroway": "gate", "ref": "C4", "name": null, "surface": null, "id": 4563783523}, "geometry": {"type": "Point", "coordinates": [55.3508713, 25.2540194]}}, {"type": "Feature", "properties": {"aeroway": "gate", "ref": "C2", "name": null, "surface": null, "id": 4563783524}, "geometry": {"type": "Point", "coordinates": [55.3504569, 25.2543033]}}, {"type": "Feature", "properties": {"aeroway": "gate", "ref": "C29/C31", "name": null, "surface": null, "id": 4563783525}, "geometry": {"type": "Point", "coordinates": [55.357505, 25.2511217]}}, {"type": "Feature", "properties": {"aeroway": "gate", "ref": "C25/C27", "name": null, "surface": null, "id": 4563783526}, "geometry": {"type": "Point", "coordinates": [55.356868, 25.2514705]}}, {"type": "Feature", "properties": {"aeroway": "gate", "ref": "C23", "name": null, "surface": null, "id": 4563783527}, "geometry": {"type": "Point", "coordinates": [55.356406, 25.2517325]}}, {"type": "Feature", "properties": {"aeroway": "gate", "ref": "C21", "name": null, "surface": null, "id": 4563783528}, "geometry": {"type": "Point", "coordinates": [55.3556442, 25.252174]}}, {"type": "Feature", "properties": {"aeroway": "gate", "ref": "C19", "name": null, "surface": null, "id": 4563783529}, "geometry": {"type": "Point", "coordinates": [55.3551218, 25.2524712]}}, {"type": "Feature", "properties": {"aeroway": "gate", "ref": "C17", "name": null, "surface": null, "id": 4563783530}, "geometry": {"type": "Point", "coordinates": [55.354452, 25.2528526]}}, {"type": "Feature", "properties": {"aeroway": "gate", "ref": "C15", "name": null, "surface": null, "id": 4563783531}, "geometry": {"type": "Point", "coordinates": [55.3538921, 25.2531717]}}, {"type": "Feature", "properties": {"aeroway": "gate", "ref": "C13", "name": null, "surface": null, "id": 4563783532}, "geometry": {"type": "Point", "coordinates": [55.3532457, 25.2535137]}}, {"type": "Feature", "properties": {"aeroway": "gate", "ref": "C11", "name": null, "surface": null, "id": 4563783533}, "geometry": {"type": "Point", "coordinates": [55.3526045, 25.2538484]}}, {"type": "Feature", "properties": {"aeroway": "gate", "ref": "C9", "name": null, "surface": null, "id": 4563783534}, "geometry": {"type": "Point", "coordinates": [55.3518684, 25.2542706]}}, {"type": "Feature", "properties": {"aeroway": "gate", "ref": "C7", "name": null, "surface": null, "id": 4563783535}, "geometry": {"type": "Point", "coordinates": [55.351309, 25.2545471]}}, {"type": "Feature", "properties": {"aeroway": "gate", "ref": "C5", "name": null, "surface": null, "id": 4563783536}, "geometry": {"type": "Point", "coordinates": [55.3507713, 25.2547872]}}, {"type": "Feature", "properties": {"aeroway": "gate", "ref": "C3", "name": null, "surface": null, "id": 4563783537}, "geometry": {"type": "Point", "coordinates": [55.3507056, 25.2547569]}}, {"type": "Feature", "properties": {"aeroway": "gate", "ref": "C1", "name": null, "surface": null, "id": 4563783538}, "geometry": {"type": "Point", "coordinates": [55.3505004, 25.254398]}}, {"type": "Feature", "properties": {"aeroway": "gate", "ref": "B6", "name": null, "surface": null, "id": 4563783539}, "geometry": {"type": "Point", "coordinates": [55.3577034, 25.2501611]}}, {"type": "Feature", "properties": {"aeroway": "gate", "ref": "B8", "name": null, "surface": null, "id": 4563783540}, "geometry": {"type": "Point", "coordinates": [55.3582594, 25.24983]}}, {"type": "Feature", "properties": {"aeroway": "gate", "ref": "B10", "name": null, "surface": null, "id": 4563783541}, "geometry": {"type": "Point", "coordinates": [55.3588046, 25.2495167]}}, {"type": "Feature", "properties": {"aeroway": "gate", "ref": "B12", "name": null, "surface": null, "id": 4563783542}, "geometry": {"type": "Point", "coordinates": [55.3593519, 25.2491875]}}, {"type": "Feature", "properties": {"aeroway": "gate", "ref": "B14", "name": null, "surface": null, "id": 4563783543}, "geometry": {"type": "Point", "coordinates": [55.3598878, 25.2488714]}}, {"type": "Feature", "properties": {"aeroway": "gate", "ref": "B16", "name": null, "surface": null, "id": 4563783544}, "geometry": {"type": "Point", "coordinates": [55.3609202, 25.2482663]}}, {"type": "Feature", "properties": {"aeroway": "gate", "ref": "B18", "name": null, "surface": null, "id": 4563783545}, "geometry": {"type": "Point", "coordinates": [55.3616339, 25.2478473]}}, {"type": "Feature", "properties": {"aeroway": "gate", "ref": "B20", "name": null, "surface": null, "id": 4563783546}, "geometry": {"type": "Point", "coordinates": [55.362254, 25.2475297]}}, {"type": "Feature", "properties": {"aeroway": "gate", "ref": "B22", "name": null, "surface": null, "id": 4563783547}, "geometry": {"type": "Point", "coordinates": [55.3631924, 25.2470496]}}, {"type": "Feature", "properties": {"aeroway": "gate", "ref": "B24", "name": null, "surface": null, "id": 4563783548}, "geometry": {"type": "Point", "coordinates": [55.3637413, 25.2467702]}}, {"type": "Feature", "properties": {"aeroway": "gate", "ref": "B26", "name": null, "surface": null, "id": 4563783549}, "geometry": {"type": "Point", "coordinates": [55.3642856, 25.2464799]}}, {"type": "Feature", "properties": {"aeroway": "gate", "ref": "B28", "name": null, "surface": null, "id": 4563783550}, "geometry": {"type": "Point", "coordinates": [55.364861, 25.2461861]}}, {"type": "Feature", "properties": {"aeroway": "gate", "ref": "B32", "name": null, "surface": null, "id": 4563783551}, "geometry": {"type": "Point", "coordinates": [55.3652727, 25.2459678]}}, {"type": "Feature", "properties": {"aeroway": "gate", "ref": "B31", "name": null, "surface": null, "id": 4563783552}, "geometry": {"type": "Point", "coordinates": [55.3655879, 25.2460612]}}, {"type": "Feature", "properties": {"aeroway": "gate", "ref": "B30", "name": null, "surface": null, "id": 4563783553}, "geometry": {"type": "Point", "coordinates": [55.3657622, 25.2463062]}}, {"type": "Feature", "properties": {"aeroway": "gate", "ref": "B29", "name": null, "surface": null, "id": 4563783554}, "geometry": {"type": "Point", "coordinates": [55.3656857, 25.2466082]}}, {"type": "Feature", "properties": {"aeroway": "gate", "ref": "B27", "name": null, "surface": null, "id": 4563783555}, "geometry": {"type": "Point", "coordinates": [55.3653304, 25.2468229]}}, {"type": "Feature", "properties": {"aeroway": "gate", "ref": "B25", "name": null, "surface": null, "id": 4563783556}, "geometry": {"type": "Point", "coordinates": [55.3648004, 25.2471532]}}, {"type": "Feature", "properties": {"aeroway": "gate", "ref": "B23", "name": null, "surface": null, "id": 4563783557}, "geometry": {"type": "Point", "coordinates": [55.3642471, 25.2474739]}}, {"type": "Feature", "properties": {"aeroway": "gate", "ref": "B21", "name": null, "surface": null, "id": 4563783558}, "geometry": {"type": "Point", "coordinates": [55.3636871, 25.2478003]}}, {"type": "Feature", "properties": {"aeroway": "gate", "ref": "B19", "name": null, "surface": null, "id": 4563783559}, "geometry": {"type": "Point", "coordinates": [55.3628155, 25.2483365]}}, {"type": "Feature", "properties": {"aeroway": "gate", "ref": "B17", "name": null, "surface": null, "id": 4563783560}, "geometry": {"type": "Point", "coordinates": [55.3622467, 25.2486813]}}, {"type": "Feature", "properties": {"aeroway": "gate", "ref": "B15", "name": null, "surface": null, "id": 4563783561}, "geometry": {"type": "Point", "coordinates": [55.3616466, 25.2490043]}}, {"type": "Feature", "properties": {"aeroway": "gate", "ref": "B13", "name": null, "surface": null, "id": 4563783562}, "geometry": {"type": "Point", "coordinates": [55.360387, 25.2496553]}}, {"type": "Feature", "properties": {"aeroway": "gate", "ref": "B11", "name": null, "surface": null, "id": 4563783563}, "geometry": {"type": "Point", "coordinates": [55.3598324, 25.2499532]}}, {"type": "Feature", "properties": {"aeroway": "gate", "ref": "B9", "name": null, "surface": null, "id": 4563783564}, "geometry": {"type": "Point", "coordinates": [55.3592471, 25.2502473]}}, {"type": "Feature", "properties": {"aeroway": "terminal", "ref": null, "name": "Terminal 3 Business class", "surface": null, "id": 4857750111}, "geometry": {"type": "Point", "coordinates": [55.3616248, 25.2448876]}}, {"type": "Feature", "properties": {"aeroway": "holding_position", "ref": null, "name": null, "surface": null, "id": 4972575351}, "geometry": {"type": "Point", "coordinates": [55.3936752, 25.2404333]}}, {"type": "Feature", "properties": {"aeroway": "holding_position", "ref": null, "name": null, "surface": null, "id": 4972575352}, "geometry": {"type": "Point", "coordinates": [55.3917145, 25.2404697]}}, {"type": "Feature", "properties": {"aeroway": "holding_position", "ref": null, "name": null, "surface": null, "id": 4972575400}, "geometry": {"type": "Point", "coordinates": [55.382845, 25.2477989]}}, {"type": "Feature", "properties": {"aeroway": "holding_position", "ref": null, "name": null, "surface": null, "id": 4972575823}, "geometry": {"type": "Point", "coordinates": [55.3574058, 25.2593221]}}, {"type": "Feature", "properties": {"aeroway": "holding_position", "ref": null, "name": null, "surface": null, "id": 4972576106}, "geometry": {"type": "Point", "coordinates": [55.3540666, 25.2611905]}}, {"type": "Feature", "properties": {"aeroway": "holding_position", "ref": null, "name": null, "surface": null, "id": 4972576111}, "geometry": {"type": "Point", "coordinates": [55.3586041, 25.2613559]}}, {"type": "Feature", "properties": {"aeroway": "holding_position", "ref": null, "name": null, "surface": null, "id": 4972576118}, "geometry": {"type": "Point", "coordinates": [55.3679945, 25.2534573]}}, {"type": "Feature", "properties": {"aeroway": "holding_position", "ref": null, "name": null, "surface": null, "id": 4972576365}, "geometry": {"type": "Point", "coordinates": [55.3741622, 25.2459963]}}, {"type": "Feature", "properties": {"aeroway": "holding_position", "ref": null, "name": null, "surface": null, "id": 4972576371}, "geometry": {"type": "Point", "coordinates": [55.374063, 25.2461758]}}, {"type": "Feature", "properties": {"aeroway": "holding_position", "ref": null, "name": null, "surface": null, "id": 4972576378}, "geometry": {"type": "Point", "coordinates": [55.3754899, 25.248056]}}, {"type": "Feature", "properties": {"aeroway": "holding_position", "ref": null, "name": null, "surface": null, "id": 4972576397}, "geometry": {"type": "Point", "coordinates": [55.3573447, 25.2594988]}}, {"type": "Feature", "properties": {"aeroway": "parking_position", "ref": "G22", "name": null, "surface": null, "id": 4972576576}, "geometry": {"type": "Point", "coordinates": [55.3884771, 25.2358576]}}, {"type": "Feature", "properties": {"aeroway": "parking_position", "ref": "S7", "name": null, "surface": null, "id": 4972588503}, "geometry": {"type": "Point", "coordinates": [55.4014404, 25.2365785]}}, {"type": "Feature", "properties": {"aeroway": "parking_position", "ref": "S6", "name": null, "surface": null, "id": 4972588504}, "geometry": {"type": "Point", "coordinates": [55.401864, 25.2372526]}}, {"type": "Feature", "properties": {"aeroway": "parking_position", "ref": "S5", "name": null, "surface": null, "id": 4972588506}, "geometry": {"type": "Point", "coordinates": [55.4023388, 25.2379392]}}, {"type": "Feature", "properties": {"aeroway": "parking_position", "ref": "S3", "name": null, "surface": null, "id": 4972588510}, "geometry": {"type": "Point", "coordinates": [55.3998899, 25.2385239]}}, {"type": "Feature", "properties": {"aeroway": "parking_position", "ref": "S8", "name": null, "surface": null, "id": 4972588516}, "geometry": {"type": "Point", "coordinates": [55.3983772, 25.2369688]}}, {"type": "Feature", "properties": {"aeroway": "parking_position", "ref": "S9", "name": null, "surface": null, "id": 4972588518}, "geometry": {"type": "Point", "coordinates": [55.3977589, 25.2372902]}}, {"type": "Feature", "properties": {"aeroway": "parking_position", "ref": "S10", "name": null, "surface": null, "id": 4972588520}, "geometry": {"type": "Point", "coordinates": [55.3970307, 25.2377645]}}, {"type": "Feature", "properties": {"aeroway": "parking_position", "ref": "S11", "name": null, "surface": null, "id": 4972588622}, "geometry": {"type": "Point", "coordinates": [55.3964031, 25.2380994]}}, {"type": "Feature", "properties": {"aeroway": "parking_position", "ref": "S12", "name": null, "surface": null, "id": 4972588624}, "geometry": {"type": "Point", "coordinates": [55.3958184, 25.2384681]}}, {"type": "Feature", "properties": {"aeroway": "gate", "ref": "F2", "name": null, "surface": null, "id": 9254060134}, "geometry": {"type": "Point", "coordinates": [55.3541229, 25.2673274]}}, {"type": "Feature", "properties": {"aeroway": "gate", "ref": "F9", "name": null, "surface": null, "id": 9254060135}, "geometry": {"type": "Point", "coordinates": [55.3562906, 25.2661155]}}, {"type": "Feature", "properties": {"aeroway": "gate", "ref": "F5", "name": null, "surface": null, "id": 9254060137}, "geometry": {"type": "Point", "coordinates": [55.3552204, 25.2667238]}}, {"type": "Feature", "properties": {"aeroway": "gate", "ref": "F8", "name": null, "surface": null, "id": 9254060138}, "geometry": {"type": "Point", "coordinates": [55.3558982, 25.2663353]}}, {"type": "Feature", "properties": {"aeroway": "gate", "ref": "F12", "name": null, "surface": null, "id": 9254060143}, "geometry": {"type": "Point", "coordinates": [55.3570116, 25.2657084]}}, {"type": "Feature", "properties": {"aeroway": "gate", "ref": "F7", "name": null, "surface": null, "id": 9254060145}, "geometry": {"type": "Point", "coordinates": [55.3557977, 25.2663952]}}, {"type": "Feature", "properties": {"aeroway": "gate", "ref": "F10", "name": null, "surface": null, "id": 9254060148}, "geometry": {"type": "Point", "coordinates": [55.3563957, 25.2660673]}}, {"type": "Feature", "properties": {"aeroway": "gate", "ref": "F1", "name": null, "surface": null, "id": 9254060149}, "geometry": {"type": "Point", "coordinates": [55.3540445, 25.2673659]}}, {"type": "Feature", "properties": {"aeroway": "gate", "ref": "F11", "name": null, "surface": null, "id": 9254060152}, "geometry": {"type": "Point", "coordinates": [55.3569275, 25.2657579]}}, {"type": "Feature", "properties": {"aeroway": "gate", "ref": "F6", "name": null, "surface": null, "id": 9254060154}, "geometry": {"type": "Point", "coordinates": [55.3553532, 25.2666435]}}, {"type": "Feature", "properties": {"aeroway": "gate", "ref": "F3", "name": null, "surface": null, "id": 9254060155}, "geometry": {"type": "Point", "coordinates": [55.3546536, 25.2670145]}}, {"type": "Feature", "properties": {"aeroway": "gate", "ref": "F4", "name": null, "surface": null, "id": 9254060156}, "geometry": {"type": "Point", "coordinates": [55.3547355, 25.2669647]}}, {"type": "Feature", "properties": {"aeroway": "holding_position", "ref": null, "name": null, "surface": null, "id": 9734766006}, "geometry": {"type": "Point", "coordinates": [55.3887408, 25.241333]}}, {"type": "Feature", "properties": {"aeroway": "parking_position", "ref": "H4", "name": null, "surface": null, "id": 9734766007}, "geometry": {"type": "Point", "coordinates": [55.3962485, 25.2318836]}}, {"type": "Feature", "properties": {"aeroway": "holding_position", "ref": null, "name": null, "surface": null, "id": 9734766016}, "geometry": {"type": "Point", "coordinates": [55.3491848, 25.2548729]}}, {"type": "Feature", "properties": {"aeroway": "holding_position", "ref": null, "name": null, "surface": null, "id": 9734790522}, "geometry": {"type": "Point", "coordinates": [55.3625759, 25.2590263]}}, {"type": "Feature", "properties": {"aeroway": "holding_position", "ref": null, "name": null, "surface": null, "id": 9873615087}, "geometry": {"type": "Point", "coordinates": [55.369253, 25.2556]}}, {"type": "Feature", "properties": {"aeroway": "holding_position", "ref": null, "name": null, "surface": null, "id": 9873615088}, "geometry": {"type": "Point", "coordinates": [55.3694607, 25.2554399]}}, {"type": "Feature", "properties": {"aeroway": "holding_position", "ref": null, "name": null, "surface": null, "id": 9873615095}, "geometry": {"type": "Point", "coordinates": [55.3587909, 25.2613835]}}, {"type": "Feature", "properties": {"aeroway": "holding_position", "ref": null, "name": null, "surface": null, "id": 9873653748}, "geometry": {"type": "Point", "coordinates": [55.3731814, 25.253147]}}, {"type": "Feature", "properties": {"aeroway": "holding_position", "ref": null, "name": null, "surface": null, "id": 9873653752}, "geometry": {"type": "Point", "coordinates": [55.3636862, 25.2585331]}}, {"type": "Feature", "properties": {"aeroway": "holding_position", "ref": null, "name": null, "surface": null, "id": 9873653761}, "geometry": {"type": "Point", "coordinates": [55.3552532, 25.2632123]}}, {"type": "Feature", "properties": {"aeroway": "holding_position", "ref": null, "name": null, "surface": null, "id": 9873653764}, "geometry": {"type": "Point", "coordinates": [55.3541515, 25.2637004]}}, {"type": "Feature", "properties": {"aeroway": "holding_position", "ref": null, "name": null, "surface": null, "id": 9873653765}, "geometry": {"type": "Point", "coordinates": [55.3513156, 25.2652718]}}, {"type": "Feature", "properties": {"aeroway": "holding_position", "ref": null, "name": null, "surface": null, "id": 9873653766}, "geometry": {"type": "Point", "coordinates": [55.3489446, 25.2665808]}}, {"type": "Feature", "properties": {"aeroway": "holding_position", "ref": null, "name": null, "surface": null, "id": 9873653777}, "geometry": {"type": "Point", "coordinates": [55.3481094, 25.2670523]}}, {"type": "Feature", "properties": {"aeroway": "holding_position", "ref": null, "name": null, "surface": null, "id": 9873653778}, "geometry": {"type": "Point", "coordinates": [55.3472789, 25.2675153]}}, {"type": "Feature", "properties": {"aeroway": "holding_position", "ref": null, "name": null, "surface": null, "id": 9873653779}, "geometry": {"type": "Point", "coordinates": [55.377426, 25.2509317]}}, {"type": "Feature", "properties": {"aeroway": "holding_position", "ref": null, "name": null, "surface": null, "id": 9873653784}, "geometry": {"type": "Point", "coordinates": [55.3801146, 25.2493073]}}, {"type": "Feature", "properties": {"aeroway": "holding_position", "ref": null, "name": null, "surface": null, "id": 9873653785}, "geometry": {"type": "Point", "coordinates": [55.3809596, 25.2488409]}}, {"type": "Feature", "properties": {"aeroway": "holding_position", "ref": null, "name": null, "surface": null, "id": 9873653786}, "geometry": {"type": "Point", "coordinates": [55.3817863, 25.2483843]}}, {"type": "Feature", "properties": {"aeroway": "holding_position", "ref": null, "name": null, "surface": null, "id": 9873653803}, "geometry": {"type": "Point", "coordinates": [55.3839168, 25.2472032]}}, {"type": "Feature", "properties": {"aeroway": "holding_position", "ref": null, "name": null, "surface": null, "id": 9873655397}, "geometry": {"type": "Point", "coordinates": [55.347267, 25.2644239]}}, {"type": "Feature", "properties": {"aeroway": "holding_position", "ref": null, "name": null, "surface": null, "id": 9873657422}, "geometry": {"type": "Point", "coordinates": [55.3862051, 25.2435896]}}, {"type": "Feature", "properties": {"aeroway": "holding_position", "ref": null, "name": null, "surface": null, "id": 9873657428}, "geometry": {"type": "Point", "coordinates": [55.3861042, 25.2421808]}}, {"type": "Feature", "properties": {"aeroway": "holding_position", "ref": null, "name": null, "surface": null, "id": 9873657430}, "geometry": {"type": "Point", "coordinates": [55.3861783, 25.2420678]}}, {"type": "Feature", "properties": {"aeroway": "holding_position", "ref": null, "name": null, "surface": null, "id": 9873657441}, "geometry": {"type": "Point", "coordinates": [55.3869004, 25.2415031]}}, {"type": "Feature", "properties": {"aeroway": "holding_position", "ref": null, "name": null, "surface": null, "id": 9873657442}, "geometry": {"type": "Point", "coordinates": [55.3861799, 25.242023]}}, {"type": "Feature", "properties": {"aeroway": "holding_position", "ref": null, "name": null, "surface": null, "id": 9873657449}, "geometry": {"type": "Point", "coordinates": [55.3912087, 25.2392332]}}, {"type": "Feature", "properties": {"aeroway": "holding_position", "ref": null, "name": null, "surface": null, "id": 9873657450}, "geometry": {"type": "Point", "coordinates": [55.3947447, 25.237124]}}, {"type": "Feature", "properties": {"aeroway": "holding_position", "ref": null, "name": null, "surface": null, "id": 9873657464}, "geometry": {"type": "Point", "coordinates": [55.3956008, 25.2366701]}}, {"type": "Feature", "properties": {"aeroway": "holding_position", "ref": null, "name": null, "surface": null, "id": 9873657465}, "geometry": {"type": "Point", "coordinates": [55.3945008, 25.2349711]}}, {"type": "Feature", "properties": {"aeroway": "holding_position", "ref": null, "name": null, "surface": null, "id": 9873657471}, "geometry": {"type": "Point", "coordinates": [55.3789948, 25.2476528]}}, {"type": "Feature", "properties": {"aeroway": "holding_position", "ref": null, "name": null, "surface": null, "id": 9873657472}, "geometry": {"type": "Point", "coordinates": [55.3798353, 25.2471647]}}, {"type": "Feature", "properties": {"aeroway": "holding_position", "ref": null, "name": null, "surface": null, "id": 9873657473}, "geometry": {"type": "Point", "coordinates": [55.3806641, 25.2467055]}}, {"type": "Feature", "properties": {"aeroway": "holding_position", "ref": null, "name": null, "surface": null, "id": 9873657474}, "geometry": {"type": "Point", "coordinates": [55.3817337, 25.2461221]}}, {"type": "Feature", "properties": {"aeroway": "holding_position", "ref": null, "name": null, "surface": null, "id": 9873657475}, "geometry": {"type": "Point", "coordinates": [55.3827941, 25.245531]}}, {"type": "Feature", "properties": {"aeroway": "holding_position", "ref": null, "name": null, "surface": null, "id": 9873657476}, "geometry": {"type": "Point", "coordinates": [55.3759924, 25.2490369]}}, {"type": "Feature", "properties": {"aeroway": "holding_position", "ref": null, "name": null, "surface": null, "id": 9873657477}, "geometry": {"type": "Point", "coordinates": [55.372058, 25.2514781]}}, {"type": "Feature", "properties": {"aeroway": "holding_position", "ref": null, "name": null, "surface": null, "id": 9873657478}, "geometry": {"type": "Point", "coordinates": [55.3711238, 25.2518783]}}, {"type": "Feature", "properties": {"aeroway": "holding_position", "ref": null, "name": null, "surface": null, "id": 9873657479}, "geometry": {"type": "Point", "coordinates": [55.3708649, 25.2518613]}}, {"type": "Feature", "properties": {"aeroway": "holding_position", "ref": null, "name": null, "surface": null, "id": 9873657484}, "geometry": {"type": "Point", "coordinates": [55.3682533, 25.2534648]}}, {"type": "Feature", "properties": {"aeroway": "holding_position", "ref": null, "name": null, "surface": null, "id": 9873657493}, "geometry": {"type": "Point", "coordinates": [55.3624802, 25.2565213]}}, {"type": "Feature", "properties": {"aeroway": "holding_position", "ref": null, "name": null, "surface": null, "id": 9873657494}, "geometry": {"type": "Point", "coordinates": [55.3624367, 25.2566868]}}, {"type": "Feature", "properties": {"aeroway": "holding_position", "ref": null, "name": null, "surface": null, "id": 9873657495}, "geometry": {"type": "Point", "coordinates": [55.3614524, 25.2573584]}}, {"type": "Feature", "properties": {"aeroway": "holding_position", "ref": null, "name": null, "surface": null, "id": 9873657516}, "geometry": {"type": "Point", "coordinates": [55.3540106, 25.2613529]}}, {"type": "Feature", "properties": {"aeroway": "holding_position", "ref": null, "name": null, "surface": null, "id": 9873657517}, "geometry": {"type": "Point", "coordinates": [55.3530362, 25.2620278]}}, {"type": "Feature", "properties": {"aeroway": "holding_position", "ref": null, "name": null, "surface": null, "id": 9873657518}, "geometry": {"type": "Point", "coordinates": [55.3502021, 25.2636092]}}, {"type": "Feature", "properties": {"aeroway": "holding_position", "ref": null, "name": null, "surface": null, "id": 9873657519}, "geometry": {"type": "Point", "coordinates": [55.347843, 25.2649171]}}, {"type": "Feature", "properties": {"aeroway": "holding_position", "ref": null, "name": null, "surface": null, "id": 9873657520}, "geometry": {"type": "Point", "coordinates": [55.3469857, 25.2653823]}}, {"type": "Feature", "properties": {"aeroway": "holding_position", "ref": null, "name": null, "surface": null, "id": 12441848601}, "geometry": {"type": "Point", "coordinates": [55.3913918, 25.2345768]}}, {"type": "Feature", "properties": {"aeroway": "holding_position", "ref": null, "name": null, "surface": null, "id": 12441848602}, "geometry": {"type": "Point", "coordinates": [55.3929459, 25.2337211]}}, {"type": "Feature", "properties": {"aeroway": "holding_position", "ref": null, "name": null, "surface": null, "id": 12441848603}, "geometry": {"type": "Point", "coordinates": [55.3860599, 25.238807]}}, {"type": "Feature", "properties": {"aeroway": "holding_position", "ref": null, "name": null, "surface": null, "id": 12441848604}, "geometry": {"type": "Point", "coordinates": [55.3857776, 25.2398094]}}, {"type": "Feature", "properties": {"aeroway": "holding_position", "ref": null, "name": null, "surface": null, "id": 12441848605}, "geometry": {"type": "Point", "coordinates": [55.384684, 25.2401357]}}, {"type": "Feature", "properties": {"aeroway": "holding_position", "ref": null, "name": null, "surface": null, "id": 12441848606}, "geometry": {"type": "Point", "coordinates": [55.3849279, 25.2401463]}}, {"type": "Feature", "properties": {"aeroway": "holding_position", "ref": null, "name": null, "surface": null, "id": 12441848607}, "geometry": {"type": "Point", "coordinates": [55.3839303, 25.239986]}}, {"type": "Feature", "properties": {"aeroway": "holding_position", "ref": null, "name": null, "surface": null, "id": 12441848608}, "geometry": {"type": "Point", "coordinates": [55.3820654, 25.241016]}}, {"type": "Feature", "properties": {"aeroway": "holding_position", "ref": null, "name": null, "surface": null, "id": 12441848609}, "geometry": {"type": "Point", "coordinates": [55.3808107, 25.24256]}}, {"type": "Feature", "properties": {"aeroway": "holding_position", "ref": null, "name": null, "surface": null, "id": 12441848610}, "geometry": {"type": "Point", "coordinates": [55.3819308, 25.2442437]}}, {"type": "Feature", "properties": {"aeroway": "holding_position", "ref": null, "name": null, "surface": null, "id": 12441848611}, "geometry": {"type": "Point", "coordinates": [55.3833808, 25.244314]}}, {"type": "Feature", "properties": {"aeroway": "holding_position", "ref": null, "name": null, "surface": null, "id": 12441848612}, "geometry": {"type": "Point", "coordinates": [55.3850616, 25.2433879]}}, {"type": "Feature", "properties": {"aeroway": "holding_position", "ref": null, "name": null, "surface": null, "id": 12441848613}, "geometry": {"type": "Point", "coordinates": [55.3846821, 25.2442329]}}, {"type": "Feature", "properties": {"aeroway": "holding_position", "ref": null, "name": null, "surface": null, "id": 12441848614}, "geometry": {"type": "Point", "coordinates": [55.3938203, 25.2385225]}}, {"type": "Feature", "properties": {"aeroway": "holding_position", "ref": null, "name": null, "surface": null, "id": 12441848615}, "geometry": {"type": "Point", "coordinates": [55.3963618, 25.2371182]}}, {"type": "Feature", "properties": {"aeroway": "holding_position", "ref": null, "name": null, "surface": null, "id": 12441848616}, "geometry": {"type": "Point", "coordinates": [55.3976174, 25.2364155]}}, {"type": "Feature", "properties": {"aeroway": "holding_position", "ref": null, "name": null, "surface": null, "id": 12441848617}, "geometry": {"type": "Point", "coordinates": [55.3997718, 25.236725]}}, {"type": "Feature", "properties": {"aeroway": "holding_position", "ref": null, "name": null, "surface": null, "id": 12441848618}, "geometry": {"type": "Point", "coordinates": [55.3990605, 25.2363143]}}, {"type": "Feature", "properties": {"aeroway": "holding_position", "ref": null, "name": null, "surface": null, "id": 12441848619}, "geometry": {"type": "Point", "coordinates": [55.3956291, 25.2334819]}}, {"type": "Feature", "properties": {"aeroway": "holding_position", "ref": null, "name": null, "surface": null, "id": 12441848623}, "geometry": {"type": "Point", "coordinates": [55.3967874, 25.2337096]}}, {"type": "Feature", "properties": {"aeroway": "holding_position", "ref": null, "name": null, "surface": null, "id": 12441848627}, "geometry": {"type": "Point", "coordinates": [55.3947955, 25.2327026]}}, {"type": "Feature", "properties": {"aeroway": "holding_position", "ref": null, "name": null, "surface": null, "id": 12441848628}, "geometry": {"type": "Point", "coordinates": [55.3945758, 25.2334355]}}, {"type": "Feature", "properties": {"aeroway": "holding_position", "ref": null, "name": null, "surface": null, "id": 12441848629}, "geometry": {"type": "Point", "coordinates": [55.3898318, 25.2367089]}}, {"type": "Feature", "properties": {"aeroway": "holding_position", "ref": null, "name": null, "surface": null, "id": 12441848630}, "geometry": {"type": "Point", "coordinates": [55.390842, 25.2368674]}}, {"type": "Feature", "properties": {"aeroway": "holding_position", "ref": null, "name": null, "surface": null, "id": 12441848631}, "geometry": {"type": "Point", "coordinates": [55.3936485, 25.2354598]}}, {"type": "Feature", "properties": {"aeroway": "holding_position", "ref": null, "name": null, "surface": null, "id": 12441848632}, "geometry": {"type": "Point", "coordinates": [55.3953169, 25.2345245]}}, {"type": "Feature", "properties": {"aeroway": "holding_position", "ref": null, "name": null, "surface": null, "id": 12441893859}, "geometry": {"type": "Point", "coordinates": [55.4007354, 25.2375896]}}, {"type": "Feature", "properties": {"aeroway": "holding_position", "ref": null, "name": null, "surface": null, "id": 12441893861}, "geometry": {"type": "Point", "coordinates": [55.3848713, 25.2475331]}}, {"type": "Feature", "properties": {"aeroway": "holding_position", "ref": null, "name": null, "surface": null, "id": 12441893862}, "geometry": {"type": "Point", "coordinates": [55.3827403, 25.2487318]}}, {"type": "Feature", "properties": {"aeroway": "holding_position", "ref": null, "name": null, "surface": null, "id": 12441893863}, "geometry": {"type": "Point", "coordinates": [55.3838545, 25.2481108]}}, {"type": "Feature", "properties": {"aeroway": "holding_position", "ref": null, "name": null, "surface": null, "id": 12441893864}, "geometry": {"type": "Point", "coordinates": [55.3838064, 25.2512572]}}, {"type": "Feature", "properties": {"aeroway": "holding_position", "ref": null, "name": null, "surface": null, "id": 12441893865}, "geometry": {"type": "Point", "coordinates": [55.3767901, 25.2536286]}}, {"type": "Feature", "properties": {"aeroway": "holding_position", "ref": null, "name": null, "surface": null, "id": 12441893866}, "geometry": {"type": "Point", "coordinates": [55.3701315, 25.2567011]}}, {"type": "Feature", "properties": {"aeroway": "holding_position", "ref": null, "name": null, "surface": null, "id": 12441893867}, "geometry": {"type": "Point", "coordinates": [55.3600588, 25.2622742]}}, {"type": "Feature", "properties": {"aeroway": "holding_position", "ref": null, "name": null, "surface": null, "id": 12441893868}, "geometry": {"type": "Point", "coordinates": [55.3446199, 25.2649198]}}, {"type": "Feature", "properties": {"aeroway": "holding_position", "ref": null, "name": null, "surface": null, "id": 12441893869}, "geometry": {"type": "Point", "coordinates": [55.3464204, 25.2633576]}}, {"type": "Feature", "properties": {"aeroway": "holding_position", "ref": null, "name": null, "surface": null, "id": 12441893870}, "geometry": {"type": "Point", "coordinates": [55.3474916, 25.2627819]}}, {"type": "Feature", "properties": {"aeroway": "holding_position", "ref": null, "name": null, "surface": null, "id": 12441893871}, "geometry": {"type": "Point", "coordinates": [55.345358, 25.2606452]}}, {"type": "Feature", "properties": {"aeroway": "holding_position", "ref": null, "name": null, "surface": null, "id": 12441893872}, "geometry": {"type": "Point", "coordinates": [55.351812, 25.2560642]}}, {"type": "Feature", "properties": {"aeroway": "holding_position", "ref": null, "name": null, "surface": null, "id": 12441893873}, "geometry": {"type": "Point", "coordinates": [55.3501722, 25.256344]}}, {"type": "Feature", "properties": {"aeroway": "holding_position", "ref": null, "name": null, "surface": null, "id": 12441893874}, "geometry": {"type": "Point", "coordinates": [55.3736755, 25.2446326]}}, {"type": "Feature", "properties": {"aeroway": "holding_position", "ref": null, "name": null, "surface": null, "id": 12441893875}, "geometry": {"type": "Point", "coordinates": [55.3741778, 25.2453801]}}, {"type": "Feature", "properties": {"aeroway": "holding_position", "ref": null, "name": null, "surface": null, "id": 12441893876}, "geometry": {"type": "Point", "coordinates": [55.374185, 25.2453947]}}, {"type": "Feature", "properties": {"aeroway": "holding_position", "ref": null, "name": null, "surface": null, "id": 12441893877}, "geometry": {"type": "Point", "coordinates": [55.3713372, 25.2469539]}}, {"type": "Feature", "properties": {"aeroway": "holding_position", "ref": null, "name": null, "surface": null, "id": 12441893878}, "geometry": {"type": "Point", "coordinates": [55.3704634, 25.2464177]}}, {"type": "Feature", "properties": {"aeroway": "holding_position", "ref": null, "name": null, "surface": null, "id": 12441893879}, "geometry": {"type": "Point", "coordinates": [55.3670182, 25.2487745]}}, {"type": "Feature", "properties": {"aeroway": "holding_position", "ref": null, "name": null, "surface": null, "id": 12441893880}, "geometry": {"type": "Point", "coordinates": [55.3667046, 25.2479441]}}, {"type": "Feature", "properties": {"aeroway": "holding_position", "ref": null, "name": null, "surface": null, "id": 12441893881}, "geometry": {"type": "Point", "coordinates": [55.358745, 25.2522377]}}, {"type": "Feature", "properties": {"aeroway": "holding_position", "ref": null, "name": null, "surface": null, "id": 12441893882}, "geometry": {"type": "Point", "coordinates": [55.3573928, 25.2529861]}}, {"type": "Feature", "properties": {"aeroway": "holding_position", "ref": null, "name": null, "surface": null, "id": 12441893883}, "geometry": {"type": "Point", "coordinates": [55.355945, 25.2537849]}}, {"type": "Feature", "properties": {"aeroway": "holding_position", "ref": null, "name": null, "surface": null, "id": 12441893884}, "geometry": {"type": "Point", "coordinates": [55.3577172, 25.2538194]}}, {"type": "Feature", "properties": {"aeroway": "holding_position", "ref": null, "name": null, "surface": null, "id": 12441893885}, "geometry": {"type": "Point", "coordinates": [55.3565219, 25.2544809]}}, {"type": "Feature", "properties": {"aeroway": "holding_position", "ref": null, "name": null, "surface": null, "id": 12441893886}, "geometry": {"type": "Point", "coordinates": [55.3523145, 25.2568326]}}, {"type": "Feature", "properties": {"aeroway": "holding_position", "ref": null, "name": null, "surface": null, "id": 12441893887}, "geometry": {"type": "Point", "coordinates": [55.3496969, 25.2582381]}}, {"type": "Feature", "properties": {"aeroway": "holding_position", "ref": null, "name": null, "surface": null, "id": 12441893888}, "geometry": {"type": "Point", "coordinates": [55.3477103, 25.2593297]}}, {"type": "Feature", "properties": {"aeroway": "holding_position", "ref": null, "name": null, "surface": null, "id": 12441893889}, "geometry": {"type": "Point", "coordinates": [55.3465362, 25.2600016]}}, {"type": "Feature", "properties": {"aeroway": "holding_position", "ref": null, "name": null, "surface": null, "id": 12441893890}, "geometry": {"type": "Point", "coordinates": [55.3463426, 25.2607985]}}, {"type": "Feature", "properties": {"aeroway": "holding_position", "ref": null, "name": null, "surface": null, "id": 12441893891}, "geometry": {"type": "Point", "coordinates": [55.3477054, 25.2620287]}}, {"type": "Feature", "properties": {"aeroway": "holding_position", "ref": null, "name": null, "surface": null, "id": 12441928877}, "geometry": {"type": "Point", "coordinates": [55.3490075, 25.2527998]}}, {"type": "Feature", "properties": {"aeroway": "holding_position", "ref": null, "name": null, "surface": null, "id": 12441928878}, "geometry": {"type": "Point", "coordinates": [55.3548098, 25.2502671]}}, {"type": "Feature", "properties": {"aeroway": "holding_position", "ref": null, "name": null, "surface": null, "id": 12441928879}, "geometry": {"type": "Point", "coordinates": [55.3546019, 25.250382]}}, {"type": "Feature", "properties": {"aeroway": "holding_position", "ref": null, "name": null, "surface": null, "id": 12441928880}, "geometry": {"type": "Point", "coordinates": [55.3542186, 25.2497589]}}, {"type": "Feature", "properties": {"aeroway": "holding_position", "ref": null, "name": null, "surface": null, "id": 12441928881}, "geometry": {"type": "Point", "coordinates": [55.3543838, 25.2496676]}}, {"type": "Feature", "properties": {"aeroway": "holding_position", "ref": null, "name": null, "surface": null, "id": 12441928882}, "geometry": {"type": "Point", "coordinates": [55.3620464, 25.2460965]}}, {"type": "Feature", "properties": {"aeroway": "holding_position", "ref": null, "name": null, "surface": null, "id": 12441928883}, "geometry": {"type": "Point", "coordinates": [55.3620587, 25.2461129]}}, {"type": "Feature", "properties": {"aeroway": "holding_position", "ref": null, "name": null, "surface": null, "id": 12441928884}, "geometry": {"type": "Point", "coordinates": [55.362256, 25.2458985]}}, {"type": "Feature", "properties": {"aeroway": "holding_position", "ref": null, "name": null, "surface": null, "id": 12441928885}, "geometry": {"type": "Point", "coordinates": [55.3623058, 25.2459742]}}, {"type": "Feature", "properties": {"aeroway": "holding_position", "ref": null, "name": null, "surface": null, "id": 12441928886}, "geometry": {"type": "Point", "coordinates": [55.3619407, 25.2454453]}}, {"type": "Feature", "properties": {"aeroway": "holding_position", "ref": null, "name": null, "surface": null, "id": 12441928887}, "geometry": {"type": "Point", "coordinates": [55.3616648, 25.2455243]}}, {"type": "Feature", "properties": {"aeroway": "holding_position", "ref": null, "name": null, "surface": null, "id": 12441928888}, "geometry": {"type": "Point", "coordinates": [55.3616476, 25.2454978]}}, {"type": "Feature", "properties": {"aeroway": "holding_position", "ref": null, "name": null, "surface": null, "id": 12441928889}, "geometry": {"type": "Point", "coordinates": [55.3618958, 25.2453572]}}, {"type": "Feature", "properties": {"aeroway": "holding_position", "ref": null, "name": null, "surface": null, "id": 12441928890}, "geometry": {"type": "Point", "coordinates": [55.3698487, 25.2422635]}}, {"type": "Feature", "properties": {"aeroway": "holding_position", "ref": null, "name": null, "surface": null, "id": 12441928891}, "geometry": {"type": "Point", "coordinates": [55.3700771, 25.2421383]}}, {"type": "Feature", "properties": {"aeroway": "holding_position", "ref": null, "name": null, "surface": null, "id": 12441928892}, "geometry": {"type": "Point", "coordinates": [55.3739003, 25.2400313]}}, {"type": "Feature", "properties": {"aeroway": "holding_position", "ref": null, "name": null, "surface": null, "id": 12441928893}, "geometry": {"type": "Point", "coordinates": [55.3762776, 25.2405409]}}, {"type": "Feature", "properties": {"aeroway": "holding_position", "ref": null, "name": null, "surface": null, "id": 12441928894}, "geometry": {"type": "Point", "coordinates": [55.3761436, 25.2403435]}}, {"type": "Feature", "properties": {"aeroway": "holding_position", "ref": null, "name": null, "surface": null, "id": 12441928895}, "geometry": {"type": "Point", "coordinates": [55.3684535, 25.2459728]}}, {"type": "Feature", "properties": {"aeroway": "holding_position", "ref": null, "name": null, "surface": null, "id": 12441928896}, "geometry": {"type": "Point", "coordinates": [55.3686759, 25.246306]}}, {"type": "Feature", "properties": {"aeroway": "holding_position", "ref": null, "name": null, "surface": null, "id": 12441928897}, "geometry": {"type": "Point", "coordinates": [55.367776, 25.246502]}}, {"type": "Feature", "properties": {"aeroway": "holding_position", "ref": null, "name": null, "surface": null, "id": 12441928898}, "geometry": {"type": "Point", "coordinates": [55.3679315, 25.2467273]}}, {"type": "Feature", "properties": {"aeroway": "holding_position", "ref": null, "name": null, "surface": null, "id": 12441928899}, "geometry": {"type": "Point", "coordinates": [55.3642932, 25.2440189]}}, {"type": "Feature", "properties": {"aeroway": "holding_position", "ref": null, "name": null, "surface": null, "id": 12441928900}, "geometry": {"type": "Point", "coordinates": [55.3646898, 25.2446516]}}, {"type": "Feature", "properties": {"aeroway": "holding_position", "ref": null, "name": null, "surface": null, "id": 12441935702}, "geometry": {"type": "Point", "coordinates": [55.3472307, 25.2643562]}}, {"type": "Feature", "properties": {"aeroway": "holding_position", "ref": null, "name": null, "surface": null, "id": 12441935703}, "geometry": {"type": "Point", "coordinates": [55.3825339, 25.2494567]}}, {"type": "Feature", "properties": {"aeroway": "holding_position", "ref": null, "name": null, "surface": null, "id": 12441935704}, "geometry": {"type": "Point", "coordinates": [55.3825042, 25.2494779]}}, {"type": "Feature", "properties": {"aeroway": "holding_position", "ref": null, "name": null, "surface": null, "id": 12441935705}, "geometry": {"type": "Point", "coordinates": [55.3816826, 25.2499409]}}, {"type": "Feature", "properties": {"aeroway": "holding_position", "ref": null, "name": null, "surface": null, "id": 12441935706}, "geometry": {"type": "Point", "coordinates": [55.381733, 25.249907]}}, {"type": "Feature", "properties": {"aeroway": "holding_position", "ref": null, "name": null, "surface": null, "id": 12441935710}, "geometry": {"type": "Point", "coordinates": [55.3923703, 25.2352965]}}, {"type": "Feature", "properties": {"aeroway": "holding_position", "ref": null, "name": null, "surface": null, "id": 12441935711}, "geometry": {"type": "Point", "coordinates": [55.3815687, 25.2402537]}}, {"type": "Feature", "properties": {"aeroway": "holding_position", "ref": null, "name": null, "surface": null, "id": 12441935712}, "geometry": {"type": "Point", "coordinates": [55.3786258, 25.2429158]}}, {"type": "Feature", "properties": {"aeroway": "holding_position", "ref": null, "name": null, "surface": null, "id": 12441935713}, "geometry": {"type": "Point", "coordinates": [55.376767, 25.2439469]}}, {"type": "Feature", "properties": {"aeroway": "holding_position", "ref": null, "name": null, "surface": null, "id": 12441935714}, "geometry": {"type": "Point", "coordinates": [55.3762464, 25.2432075]}}, {"type": "Feature", "properties": {"aeroway": "holding_position", "ref": null, "name": null, "surface": null, "id": 12441935715}, "geometry": {"type": "Point", "coordinates": [55.3837545, 25.25013]}}, {"type": "Feature", "properties": {"aeroway": "holding_position", "ref": null, "name": null, "surface": null, "id": 12441935716}, "geometry": {"type": "Point", "coordinates": [55.3806391, 25.2498964]}}, {"type": "Feature", "properties": {"aeroway": "holding_position", "ref": null, "name": null, "surface": null, "id": 12441935717}, "geometry": {"type": "Point", "coordinates": [55.3810801, 25.2506175]}}, {"type": "Feature", "properties": {"aeroway": "holding_position", "ref": null, "name": null, "surface": null, "id": 12441935718}, "geometry": {"type": "Point", "coordinates": [55.3791638, 25.2507225]}}, {"type": "Feature", "properties": {"aeroway": "holding_position", "ref": null, "name": null, "surface": null, "id": 12441935719}, "geometry": {"type": "Point", "coordinates": [55.3769984, 25.2519252]}}, {"type": "Feature", "properties": {"aeroway": "holding_position", "ref": null, "name": null, "surface": null, "id": 12441935720}, "geometry": {"type": "Point", "coordinates": [55.3743897, 25.2533638]}}, {"type": "Feature", "properties": {"aeroway": "holding_position", "ref": null, "name": null, "surface": null, "id": 12441935721}, "geometry": {"type": "Point", "coordinates": [55.3751509, 25.2539218]}}, {"type": "Feature", "properties": {"aeroway": "holding_position", "ref": null, "name": null, "surface": null, "id": 12441935722}, "geometry": {"type": "Point", "coordinates": [55.3736146, 25.2547743]}}, {"type": "Feature", "properties": {"aeroway": "holding_position", "ref": null, "name": null, "surface": null, "id": 12441935723}, "geometry": {"type": "Point", "coordinates": [55.373162, 25.255026]}}, {"type": "Feature", "properties": {"aeroway": "holding_position", "ref": null, "name": null, "surface": null, "id": 12441935724}, "geometry": {"type": "Point", "coordinates": [55.3717974, 25.2548108]}}, {"type": "Feature", "properties": {"aeroway": "holding_position", "ref": null, "name": null, "surface": null, "id": 12441935725}, "geometry": {"type": "Point", "coordinates": [55.3691296, 25.2562868]}}, {"type": "Feature", "properties": {"aeroway": "holding_position", "ref": null, "name": null, "surface": null, "id": 12441935726}, "geometry": {"type": "Point", "coordinates": [55.3667568, 25.2575995]}}, {"type": "Feature", "properties": {"aeroway": "holding_position", "ref": null, "name": null, "surface": null, "id": 12441935727}, "geometry": {"type": "Point", "coordinates": [55.3672307, 25.2583044]}}, {"type": "Feature", "properties": {"aeroway": "holding_position", "ref": null, "name": null, "surface": null, "id": 12441935728}, "geometry": {"type": "Point", "coordinates": [55.3653577, 25.2593397]}}, {"type": "Feature", "properties": {"aeroway": "holding_position", "ref": null, "name": null, "surface": null, "id": 12441935729}, "geometry": {"type": "Point", "coordinates": [55.3648849, 25.2586351]}}, {"type": "Feature", "properties": {"aeroway": "holding_position", "ref": null, "name": null, "surface": null, "id": 12441935730}, "geometry": {"type": "Point", "coordinates": [55.3627234, 25.2607905]}}, {"type": "Feature", "properties": {"aeroway": "holding_position", "ref": null, "name": null, "surface": null, "id": 12441935731}, "geometry": {"type": "Point", "coordinates": [55.3622904, 25.2600626]}}, {"type": "Feature", "properties": {"aeroway": "holding_position", "ref": null, "name": null, "surface": null, "id": 12441935732}, "geometry": {"type": "Point", "coordinates": [55.3602764, 25.2611791]}}, {"type": "Feature", "properties": {"aeroway": "holding_position", "ref": null, "name": null, "surface": null, "id": 12441935733}, "geometry": {"type": "Point", "coordinates": [55.3574487, 25.2627465]}}, {"type": "Feature", "properties": {"aeroway": "holding_position", "ref": null, "name": null, "surface": null, "id": 12441935734}, "geometry": {"type": "Point", "coordinates": [55.3561464, 25.2634684]}}, {"type": "Feature", "properties": {"aeroway": "holding_position", "ref": null, "name": null, "surface": null, "id": 12441935735}, "geometry": {"type": "Point", "coordinates": [55.3519368, 25.266774]}}, {"type": "Feature", "properties": {"aeroway": "holding_position", "ref": null, "name": null, "surface": null, "id": 12441935736}, "geometry": {"type": "Point", "coordinates": [55.3538673, 25.2647324]}}, {"type": "Feature", "properties": {"aeroway": "holding_position", "ref": null, "name": null, "surface": null, "id": 12441935737}, "geometry": {"type": "Point", "coordinates": [55.353909, 25.2656885]}}, {"type": "Feature", "properties": {"aeroway": "holding_position", "ref": null, "name": null, "surface": null, "id": 12441935738}, "geometry": {"type": "Point", "coordinates": [55.3512367, 25.2661902]}}, {"type": "Feature", "properties": {"aeroway": "holding_position", "ref": null, "name": null, "surface": null, "id": 12441935739}, "geometry": {"type": "Point", "coordinates": [55.349063, 25.2673941]}}, {"type": "Feature", "properties": {"aeroway": "holding_position", "ref": null, "name": null, "surface": null, "id": 12441935740}, "geometry": {"type": "Point", "coordinates": [55.3594775, 25.2543913]}}, {"type": "Feature", "properties": {"aeroway": "holding_position", "ref": null, "name": null, "surface": null, "id": 12441935741}, "geometry": {"type": "Point", "coordinates": [55.3797605, 25.2454473]}}, {"type": "Feature", "properties": {"aeroway": "holding_position", "ref": null, "name": null, "surface": null, "id": 12441935742}, "geometry": {"type": "Point", "coordinates": [55.3789322, 25.2459003]}}, {"type": "Feature", "properties": {"aeroway": "holding_position", "ref": null, "name": null, "surface": null, "id": 12441935743}, "geometry": {"type": "Point", "coordinates": [55.3724839, 25.2497131]}}, {"type": "Feature", "properties": {"aeroway": "holding_position", "ref": null, "name": null, "surface": null, "id": 12441935744}, "geometry": {"type": "Point", "coordinates": [55.3723168, 25.2496875]}}, {"type": "Feature", "properties": {"aeroway": "holding_position", "ref": null, "name": null, "surface": null, "id": 12441935745}, "geometry": {"type": "Point", "coordinates": [55.3692726, 25.251381]}}, {"type": "Feature", "properties": {"aeroway": "holding_position", "ref": null, "name": null, "surface": null, "id": 12441935746}, "geometry": {"type": "Point", "coordinates": [55.3694779, 25.2514011]}}, {"type": "Feature", "properties": {"aeroway": "holding_position", "ref": null, "name": null, "surface": null, "id": 12441935747}, "geometry": {"type": "Point", "coordinates": [55.3578568, 25.2552728]}}, {"type": "Feature", "properties": {"aeroway": "holding_position", "ref": null, "name": null, "surface": null, "id": 12441935748}, "geometry": {"type": "Point", "coordinates": [55.3589869, 25.2569571]}}, {"type": "Feature", "properties": {"aeroway": "holding_position", "ref": null, "name": null, "surface": null, "id": 12441935749}, "geometry": {"type": "Point", "coordinates": [55.3605856, 25.2560549]}}, {"type": "Feature", "properties": {"aeroway": "holding_position", "ref": null, "name": null, "surface": null, "id": 12441935750}, "geometry": {"type": "Point", "coordinates": [55.3649468, 25.253657]}}, {"type": "Feature", "properties": {"aeroway": "holding_position", "ref": null, "name": null, "surface": null, "id": 12441935751}, "geometry": {"type": "Point", "coordinates": [55.3629849, 25.2524386]}}, {"type": "Feature", "properties": {"aeroway": "holding_position", "ref": null, "name": null, "surface": null, "id": 12441935752}, "geometry": {"type": "Point", "coordinates": [55.3638105, 25.2520029]}}, {"type": "Feature", "properties": {"aeroway": "holding_position", "ref": null, "name": null, "surface": null, "id": 12441935753}, "geometry": {"type": "Point", "coordinates": [55.3646659, 25.2515125]}}, {"type": "Feature", "properties": {"aeroway": "holding_position", "ref": null, "name": null, "surface": null, "id": 12441935754}, "geometry": {"type": "Point", "coordinates": [55.3668213, 25.2501864]}}, {"type": "Feature", "properties": {"aeroway": "holding_position", "ref": null, "name": null, "surface": null, "id": 12441935755}, "geometry": {"type": "Point", "coordinates": [55.3710291, 25.2478499]}}, {"type": "Feature", "properties": {"aeroway": "holding_position", "ref": null, "name": null, "surface": null, "id": 12441935756}, "geometry": {"type": "Point", "coordinates": [55.371122, 25.2476833]}}, {"type": "Feature", "properties": {"aeroway": "holding_position", "ref": null, "name": null, "surface": null, "id": 12441935757}, "geometry": {"type": "Point", "coordinates": [55.3753208, 25.2480244]}}, {"type": "Feature", "properties": {"aeroway": "holding_position", "ref": null, "name": null, "surface": null, "id": 12441935758}, "geometry": {"type": "Point", "coordinates": [55.3850164, 25.2481889]}}, {"type": "Feature", "properties": {"aeroway": "holding_position", "ref": null, "name": null, "surface": null, "id": 12441935759}, "geometry": {"type": "Point", "coordinates": [55.3858852, 25.2448123]}}, {"type": "Feature", "properties": {"aeroway": "holding_position", "ref": null, "name": null, "surface": null, "id": 12441958067}, "geometry": {"type": "Point", "coordinates": [55.3648887, 25.2545736]}}, {"type": "Feature", "properties": {"aeroway": "holding_position", "ref": null, "name": null, "surface": null, "id": 12441962901}, "geometry": {"type": "Point", "coordinates": [55.3676515, 25.243477]}}, {"type": "Feature", "properties": {"aeroway": "holding_position", "ref": null, "name": null, "surface": null, "id": 12441962902}, "geometry": {"type": "Point", "coordinates": [55.3668815, 25.2452058]}}, {"type": "Feature", "properties": {"aeroway": "holding_position", "ref": null, "name": null, "surface": null, "id": 12441962903}, "geometry": {"type": "Point", "coordinates": [55.3676637, 25.2447801]}}, {"type": "Feature", "properties": {"aeroway": "holding_position", "ref": null, "name": null, "surface": null, "id": 12441962904}, "geometry": {"type": "Point", "coordinates": [55.3700948, 25.248517]}}, {"type": "Feature", "properties": {"aeroway": "holding_position", "ref": null, "name": null, "surface": null, "id": 12441962905}, "geometry": {"type": "Point", "coordinates": [55.3777093, 25.2442682]}}, {"type": "Feature", "properties": {"aeroway": "holding_position", "ref": null, "name": null, "surface": null, "id": 12441962906}, "geometry": {"type": "Point", "coordinates": [55.378569, 25.243863]}}, {"type": "Feature", "properties": {"aeroway": "holding_position", "ref": null, "name": null, "surface": null, "id": 12441963837}, "geometry": {"type": "Point", "coordinates": [55.3523082, 25.2609063]}}, {"type": "Feature", "properties": {"aeroway": "holding_position", "ref": null, "name": null, "surface": null, "id": 12441963838}, "geometry": {"type": "Point", "coordinates": [55.353808, 25.2600898]}}, {"type": "Feature", "properties": {"aeroway": "holding_position", "ref": null, "name": null, "surface": null, "id": 12441963839}, "geometry": {"type": "Point", "coordinates": [55.3520802, 25.2616666]}}, {"type": "Feature", "properties": {"aeroway": "holding_position", "ref": null, "name": null, "surface": null, "id": 12441963840}, "geometry": {"type": "Point", "coordinates": [55.3492374, 25.2632407]}}, {"type": "Feature", "properties": {"aeroway": "holding_position", "ref": null, "name": null, "surface": null, "id": 12441963841}, "geometry": {"type": "Point", "coordinates": [55.3502709, 25.2626663]}}, {"type": "Feature", "properties": {"aeroway": "holding_position", "ref": null, "name": null, "surface": null, "id": 12441963851}, "geometry": {"type": "Point", "coordinates": [55.3521275, 25.2575773]}}, {"type": "Feature", "properties": {"aeroway": "holding_position", "ref": null, "name": null, "surface": null, "id": 12441963852}, "geometry": {"type": "Point", "coordinates": [55.3617684, 25.2515989]}}, {"type": "Feature", "properties": {"aeroway": "holding_position", "ref": null, "name": null, "surface": null, "id": 12441963853}, "geometry": {"type": "Point", "coordinates": [55.36128, 25.250832]}}, {"type": "Feature", "properties": {"aeroway": "holding_position", "ref": null, "name": null, "surface": null, "id": 12442000077}, "geometry": {"type": "Point", "coordinates": [55.3581757, 25.2582966]}}, {"type": "Feature", "properties": {"aeroway": "holding_position", "ref": null, "name": null, "surface": null, "id": 12442000078}, "geometry": {"type": "Point", "coordinates": [55.3602513, 25.2571501]}}, {"type": "Feature", "properties": {"aeroway": "holding_position", "ref": null, "name": null, "surface": null, "id": 12442000079}, "geometry": {"type": "Point", "coordinates": [55.3626926, 25.2557939]}}, {"type": "Feature", "properties": {"aeroway": "holding_position", "ref": null, "name": null, "surface": null, "id": 12442000080}, "geometry": {"type": "Point", "coordinates": [55.3668933, 25.2534632]}}, {"type": "Feature", "properties": {"aeroway": "holding_position", "ref": null, "name": null, "surface": null, "id": 12442000081}, "geometry": {"type": "Point", "coordinates": [55.3735946, 25.2497508]}}, {"type": "Feature", "properties": {"aeroway": "holding_position", "ref": null, "name": null, "surface": null, "id": 12442000082}, "geometry": {"type": "Point", "coordinates": [55.3701937, 25.2516339]}}, {"type": "Feature", "properties": {"aeroway": "gate", "ref": "D21", "name": null, "surface": null, "id": 13369711264}, "geometry": {"type": "Point", "coordinates": [55.3466932, 25.2555839]}}, {"type": "Feature", "properties": {"aeroway": "gate", "ref": "D20", "name": null, "surface": null, "id": 13369711265}, "geometry": {"type": "Point", "coordinates": [55.3470128, 25.2559479]}}, {"type": "Feature", "properties": {"aeroway": "gate", "ref": "D19", "name": null, "surface": null, "id": 13369711266}, "geometry": {"type": "Point", "coordinates": [55.3472972, 25.2563429]}}, {"type": "Feature", "properties": {"aeroway": "gate", "ref": "D18", "name": null, "surface": null, "id": 13369711267}, "geometry": {"type": "Point", "coordinates": [55.3473979, 25.2565065]}}, {"type": "Feature", "properties": {"aeroway": "gate", "ref": "D17", "name": null, "surface": null, "id": 13369711268}, "geometry": {"type": "Point", "coordinates": [55.3473083, 25.2566939]}}, {"type": "Feature", "properties": {"aeroway": "gate", "ref": "D16", "name": null, "surface": null, "id": 13369711269}, "geometry": {"type": "Point", "coordinates": [55.3467678, 25.2570032]}}, {"type": "Feature", "properties": {"aeroway": "gate", "ref": "D15", "name": null, "surface": null, "id": 13369711270}, "geometry": {"type": "Point", "coordinates": [55.346196, 25.2573431]}}, {"type": "Feature", "properties": {"aeroway": "gate", "ref": "D14", "name": null, "surface": null, "id": 13369711271}, "geometry": {"type": "Point", "coordinates": [55.3456176, 25.2576615]}}, {"type": "Feature", "properties": {"aeroway": "gate", "ref": "D13", "name": null, "surface": null, "id": 13369711272}, "geometry": {"type": "Point", "coordinates": [55.3450059, 25.2580036]}}, {"type": "Feature", "properties": {"aeroway": "gate", "ref": "D12", "name": null, "surface": null, "id": 13369711273}, "geometry": {"type": "Point", "coordinates": [55.3442125, 25.2584431]}}, {"type": "Feature", "properties": {"aeroway": "gate", "ref": "D11", "name": null, "surface": null, "id": 13369711274}, "geometry": {"type": "Point", "coordinates": [55.3441642, 25.2584881]}}, {"type": "Feature", "properties": {"aeroway": "gate", "ref": "D10", "name": null, "surface": null, "id": 13369711275}, "geometry": {"type": "Point", "coordinates": [55.3435152, 25.2588315]}}, {"type": "Feature", "properties": {"aeroway": "gate", "ref": "D9", "name": null, "surface": null, "id": 13369711276}, "geometry": {"type": "Point", "coordinates": [55.3434483, 25.2588719]}}, {"type": "Feature", "properties": {"aeroway": "gate", "ref": "D8", "name": null, "surface": null, "id": 13369711277}, "geometry": {"type": "Point", "coordinates": [55.3427436, 25.2592445]}}, {"type": "Feature", "properties": {"aeroway": "gate", "ref": "D7", "name": null, "surface": null, "id": 13369711278}, "geometry": {"type": "Point", "coordinates": [55.3426855, 25.2592968]}}, {"type": "Feature", "properties": {"aeroway": "gate", "ref": "D6", "name": null, "surface": null, "id": 13369711279}, "geometry": {"type": "Point", "coordinates": [55.3422183, 25.2595592]}}, {"type": "Feature", "properties": {"aeroway": "gate", "ref": "D5", "name": null, "surface": null, "id": 13369711280}, "geometry": {"type": "Point", "coordinates": [55.3416013, 25.2598704]}}, {"type": "Feature", "properties": {"aeroway": "gate", "ref": "D4", "name": null, "surface": null, "id": 13369711281}, "geometry": {"type": "Point", "coordinates": [55.3415529, 25.259906]}}, {"type": "Feature", "properties": {"aeroway": "gate", "ref": "D3", "name": null, "surface": null, "id": 13369711282}, "geometry": {"type": "Point", "coordinates": [55.3413724, 25.2598675]}}, {"type": "Feature", "properties": {"aeroway": "gate", "ref": "D1", "name": null, "surface": null, "id": 13369711283}, "geometry": {"type": "Point", "coordinates": [55.3408502, 25.2591492]}}, {"type": "Feature", "properties": {"aeroway": "gate", "ref": "D2", "name": null, "surface": null, "id": 13369711284}, "geometry": {"type": "Point", "coordinates": [55.341195, 25.2596054]}}, {"type": "Feature", "properties": {"aeroway": "terminal", "ref": null, "name": "Jet Aviation FBO and Maintenance terminal", "surface": null, "id": 13439911390}, "geometry": {"type": "Point", "coordinates": [55.3731128, 25.256952]}}, {"type": "Feature", "properties": {"aeroway": "apron", "ref": "Apron E", "name": null, "surface": null, "id": 10315506}, "geometry": {"type": "Polygon", "coordinates": [[[55.3513203, 25.2686146], [55.3508414, 25.2679162], [55.3509526, 25.2678577], [55.3515244, 25.267536], [55.3515657, 25.2675087], [55.3521398, 25.2671926], [55.3521856, 25.2671672], [55.3527562, 25.2668508], [55.3591067, 25.2633291], [55.3596641, 25.26302], [55.3597276, 25.2629848], [55.3602926, 25.2626714], [55.3603654, 25.2626311], [55.3608922, 25.2623389], [55.3609533, 25.2623051], [55.361518, 25.2619919], [55.3615748, 25.2619604], [55.3622574, 25.2615819], [55.3623124, 25.2615513], [55.3630014, 25.2611692], [55.363057, 25.2611384], [55.3637451, 25.2607568], [55.3637952, 25.260729], [55.364369, 25.2604108], [55.3644033, 25.2603918], [55.364977, 25.2600736], [55.3650177, 25.2600511], [55.3655915, 25.2597329], [55.3656347, 25.2597089], [55.3662084, 25.2593907], [55.3662421, 25.259372], [55.3668158, 25.2590539], [55.366861, 25.2590288], [55.3674347, 25.2587105], [55.3674785, 25.2586862], [55.3680522, 25.2583679], [55.3763026, 25.2537904], [55.3767689, 25.2544889], [55.360437, 25.2635544], [55.3603776, 25.2634669], [55.3603307, 25.2634929], [55.3598973, 25.2637332], [55.3597116, 25.2638362], [55.3596408, 25.2637293], [55.3593402, 25.2636731], [55.3591293, 25.2637363], [55.3590649, 25.2639241], [55.3591224, 25.2640321], [55.3590275, 25.2640838], [55.3587483, 25.2642359], [55.3586457, 25.2642918], [55.3583657, 25.2644443], [55.3582612, 25.2645012], [55.3579838, 25.2646561], [55.3578818, 25.264713], [55.3576054, 25.2648626], [55.3574997, 25.2649197], [55.3572236, 25.2650691], [55.3571162, 25.2651284], [55.3568392, 25.2652811], [55.3567344, 25.2653389], [55.3564641, 25.265488], [55.3563532, 25.2655491], [55.3560735, 25.2657034], [55.355974, 25.2657589], [55.3556944, 25.2659147], [55.35559, 25.2659729], [55.3551505, 25.266218], [55.3550475, 25.2662753], [55.3547734, 25.2664281], [55.3546642, 25.2664917], [55.3543871, 25.2666467], [55.354287, 25.2667027], [55.3538726, 25.2669345], [55.3537659, 25.2669942], [55.3534932, 25.2671533], [55.3533808, 25.2672065], [55.3533349, 25.2671403], [55.3531361, 25.2671391], [55.3529925, 25.2671882], [55.352882, 25.2674232], [55.3530334, 25.2676448], [55.3528501, 25.2677471], [55.3524075, 25.267994], [55.3522418, 25.2680865], [55.3517987, 25.2683336], [55.3516197, 25.2684335], [55.3513203, 25.2686146]]]}}, {"type": "Feature", "properties": {"aeroway": "terminal", "ref": null, "name": "Concourse C", "surface": null, "id": 10315513}, "geometry": {"type": "Polygon", "coordinates": [[[55.3572251, 25.2505607], [55.357195, 25.2505809], [55.35718, 25.2505891], [55.3571074, 25.2506276], [55.3561858, 25.2511113], [55.3561781, 25.2511156], [55.3550028, 25.2517318], [55.354992, 25.2517378], [55.3548895, 25.2517931], [55.354636, 25.251927], [55.3546267, 25.2519322], [55.3540544, 25.2522324], [55.3540389, 25.252241], [55.3538277, 25.2523535], [55.3536312, 25.2524694], [55.3532213, 25.2527072], [55.3532085, 25.2527143], [55.3528495, 25.252921], [55.3524438, 25.2531542], [55.3524277, 25.2531631], [55.3519224, 25.2534558], [55.3519176, 25.2534585], [55.3513311, 25.2537971], [55.3513127, 25.2538073], [55.3510576, 25.2539583], [55.3510401, 25.2539679], [55.350581, 25.2542458], [55.3505631, 25.2542558], [55.3505104, 25.2542875], [55.3507619, 25.2546708], [55.3507653, 25.2546757], [55.3508212, 25.2547572], [55.350849, 25.2547398], [55.3508691, 25.2547285], [55.3513925, 25.2544423], [55.3514031, 25.2544363], [55.3519371, 25.2541395], [55.351945, 25.2541351], [55.3526825, 25.2537447], [55.3526903, 25.2537403], [55.3532186, 25.2534577], [55.3532949, 25.2534146], [55.3533077, 25.2534074], [55.3538912, 25.2530825], [55.3539117, 25.2530709], [55.3544054, 25.2527951], [55.3551867, 25.2523582], [55.3552009, 25.2523502], [55.3552369, 25.2523299], [55.3557277, 25.2520523], [55.3557326, 25.2520495], [55.3565185, 25.2515807], [55.3565255, 25.2515768], [55.3568563, 25.251382], [55.3568727, 25.2513727], [55.357484, 25.2509941], [55.3575017, 25.250983], [55.3575087, 25.250981], [55.3572251, 25.2505607]]]}}, {"type": "Feature", "properties": {"aeroway": "taxiway", "ref": "K11", "name": null, "surface": null, "id": 87182833}, "geometry": {"type": "LineString", "coordinates": [[55.3780953, 25.2432088], [55.3783264, 25.2435279], [55.378569, 25.243863], [55.378808, 25.2441931], [55.3790034, 25.2443266], [55.3791355, 25.244384], [55.3793241, 25.2444047], [55.3796158, 25.2443772]]}}, {"type": "Feature", "properties": {"aeroway": "taxiway", "ref": "M6", "name": null, "surface": null, "id": 87182849}, "geometry": {"type": "LineString", "coordinates": [[55.3610251, 25.2567229], [55.3612399, 25.2567116], [55.3624367, 25.2566868], [55.3627923, 25.2566732], [55.3632948, 25.2566608], [55.3635355, 25.2566459], [55.363998, 25.2566096], [55.364484, 25.2565307], [55.3646728, 25.2564816], [55.3652367, 25.2563173], [55.3657888, 25.2560804], [55.3660274, 25.2559653], [55.3654986, 25.256313], [55.3650597, 25.2566651], [55.3647884, 25.2569318], [55.3645005, 25.2572754], [55.3641608, 25.2577384], [55.3638847, 25.2582122], [55.3636862, 25.2585331], [55.3631242, 25.2594725], [55.36304, 25.259612], [55.3629754, 25.2596837]]}}, {"type": "Feature", "properties": {"aeroway": "taxiway", "ref": null, "name": null, "surface": null, "id": 87182860}, "geometry": {"type": "LineString", "coordinates": [[55.3528199, 25.2613699], [55.3527108, 25.2613806], [55.3525873, 25.2613864]]}}, {"type": "Feature", "properties": {"aeroway": "taxiway", "ref": "Y1", "name": null, "surface": null, "id": 87182873}, "geometry": {"type": "LineString", "coordinates": [[55.3490654, 25.2554407], [55.3489617, 25.2555539], [55.3489166, 25.255668], [55.3489166, 25.2557536], [55.3489237, 25.2558909]]}}, {"type": "Feature", "properties": {"aeroway": "taxiway", "ref": null, "name": null, "surface": null, "id": 87182899}, "geometry": {"type": "LineString", "coordinates": [[55.3507477, 25.2572055], [55.3508712, 25.2573325], [55.3510185, 25.2573822], [55.3511597, 25.2574016], [55.3512548, 25.2573883], [55.3513817, 25.2573573]]}}, {"type": "Feature", "properties": {"aeroway": "taxiway", "ref": null, "name": null, "surface": null, "id": 87182958}, "geometry": {"type": "LineString", "coordinates": [[55.3794716, 25.2450635], [55.3793463, 25.2449501], [55.379232, 25.2448967], [55.3790587, 25.24485], [55.3788965, 25.2448367], [55.3787448, 25.24486]]}}, {"type": "Feature", "properties": {"aeroway": "taxiway", "ref": null, "name": null, "surface": null, "id": 87183002}, "geometry": {"type": "LineString", "coordinates": [[55.3724942, 25.2493951], [55.3724653, 25.2495731], [55.3724839, 25.2497131], [55.3725417, 25.2498099], [55.3726768, 25.2499445], [55.3728574, 25.2500145], [55.3730233, 25.2500145], [55.373225, 25.2499562]]}}, {"type": "Feature", "properties": {"aeroway": "taxiway", "ref": "V", "name": null, "surface": null, "id": 87183059}, "geometry": {"type": "LineString", "coordinates": [[55.3900572, 25.2353116], [55.3908759, 25.2348608], [55.391108, 25.2347271], [55.3912689, 25.2346444], [55.3913918, 25.2345768], [55.3916811, 25.2344175], [55.3923243, 25.2340633], [55.3929459, 25.2337211], [55.3930845, 25.2336448], [55.3938845, 25.2332042], [55.393975, 25.2331544], [55.3944317, 25.2329152], [55.3946523, 25.232786], [55.3947955, 25.2327026], [55.3952916, 25.2324294], [55.3958102, 25.2321439]]}}, {"type": "Feature", "properties": {"aeroway": "taxiway", "ref": null, "name": null, "surface": null, "id": 87183061}, "geometry": {"type": "LineString", "coordinates": [[55.3462164, 25.2649027], [55.3463135, 25.2647589], [55.3463416, 25.2646265], [55.3463428, 25.2643842], [55.3464712, 25.2644991], [55.3465649, 25.2645345], [55.3466708, 25.2645541], [55.3467728, 25.2645527], [55.346942, 25.2645121]]}}, {"type": "Feature", "properties": {"aeroway": "taxiway", "ref": null, "name": null, "surface": null, "id": 87183101}, "geometry": {"type": "LineString", "coordinates": [[55.3953826, 25.2362969], [55.3951905, 25.2361348], [55.3950447, 25.2360657], [55.394863, 25.2360354], [55.3946931, 25.2360487], [55.3945762, 25.2360786]]}}, {"type": "Feature", "properties": {"aeroway": "taxiway", "ref": null, "name": null, "surface": null, "id": 87183119}, "geometry": {"type": "LineString", "coordinates": [[55.3900985, 25.2360608], [55.3902206, 25.2361935], [55.3903651, 25.2362496], [55.3905185, 25.2362656], [55.3907333, 25.2361965]]}}, {"type": "Feature", "properties": {"aeroway": "taxiway", "ref": null, "name": null, "surface": null, "id": 87183149}, "geometry": {"type": "LineString", "coordinates": [[55.3479152, 25.2667666], [55.3478425, 25.2666077], [55.3478165, 25.2664498], [55.3478331, 25.2663047], [55.3478661, 25.2661916], [55.3479322, 25.2660742], [55.348112, 25.2659103]]}}, {"type": "Feature", "properties": {"aeroway": "taxiway", "ref": "K2", "name": null, "surface": null, "id": 87183171}, "geometry": {"type": "LineString", "coordinates": [[55.358953, 25.2535997], [55.3589147, 25.2534204], [55.3589377, 25.253262], [55.3590068, 25.2531537], [55.3591011, 25.2530469], [55.3589239, 25.253112], [55.3587672, 25.2530995], [55.3586243, 25.2530328], [55.3585288, 25.2529596], [55.3585322, 25.253112], [55.3585183, 25.253237], [55.3584677, 25.2533537], [55.3583646, 25.2534612], [55.358546, 25.2534371], [55.358675, 25.2534538], [55.3587995, 25.2534996], [55.358953, 25.2535997]]}}, {"type": "Feature", "properties": {"aeroway": "taxiway", "ref": "N3", "name": null, "surface": null, "id": 87183182}, "geometry": {"type": "LineString", "coordinates": [[55.3571358, 25.2609012], [55.3568281, 25.2611619], [55.3564918, 25.261466], [55.3563473, 25.261626], [55.3558165, 25.2622848], [55.3553555, 25.2630642], [55.3552532, 25.2632123], [55.3548196, 25.2639358], [55.3546898, 25.264181], [55.3546249, 25.2642746], [55.3545737, 25.2643408]]}}, {"type": "Feature", "properties": {"aeroway": "taxiway", "ref": null, "name": null, "surface": null, "id": 87183194}, "geometry": {"type": "LineString", "coordinates": [[55.3506475, 25.2577301], [55.3505511, 25.2578558], [55.3504997, 25.2580069], [55.3504933, 25.2581032], [55.3505254, 25.258269], [55.3504101, 25.2581601], [55.3503039, 25.2581137], [55.3502032, 25.2580909], [55.3500545, 25.258099], [55.3498887, 25.2581395]]}}, {"type": "Feature", "properties": {"aeroway": "taxiway", "ref": "K", "name": null, "surface": null, "id": 87183240}, "geometry": {"type": "LineString", "coordinates": [[55.339526, 25.2646115], [55.3401251, 25.2642774], [55.3401721, 25.2642489], [55.3407474, 25.2639307], [55.3413317, 25.2636051], [55.3414571, 25.2635352], [55.3415383, 25.2633926], [55.3415743, 25.2632214], [55.3415563, 25.2630746], [55.3415563, 25.262932], [55.3415924, 25.2628138], [55.3416261, 25.2627657], [55.3416735, 25.2627159], [55.3417875, 25.26262], [55.342205, 25.2623804], [55.3422349, 25.2623636], [55.3427446, 25.2620874], [55.3430489, 25.2619213], [55.3431664, 25.2618559], [55.343596, 25.2616169], [55.3437502, 25.2615297], [55.3439351, 25.2614301], [55.3443691, 25.2611963], [55.3445334, 25.2611061], [55.3447212, 25.2610031], [55.3448126, 25.2609529], [55.3449933, 25.2608538], [55.3451608, 25.260758], [55.3453196, 25.2606672], [55.345358, 25.2606452], [55.3455, 25.2605641], [55.3457122, 25.2604421], [55.3458467, 25.260368], [55.3460131, 25.2602763], [55.3460928, 25.2602366], [55.3461766, 25.2601948], [55.3463474, 25.2601096], [55.3465362, 25.2600016], [55.3467121, 25.2599009], [55.3468604, 25.2598161], [55.347327, 25.2595491], [55.3475271, 25.2594346], [55.3477103, 25.2593297], [55.3479175, 25.2592111], [55.3485556, 25.2588622], [55.3495137, 25.2583383], [55.3496969, 25.2582381], [55.3498887, 25.2581395], [55.3502843, 25.2579168], [55.3506475, 25.2577301], [55.3513817, 25.2573573], [55.3514882, 25.2572978], [55.3515415, 25.2572696], [55.351814, 25.2571258], [55.3521728, 25.2569145], [55.3523145, 25.2568326], [55.3524371, 25.256764], [55.3530611, 25.2564151], [55.3538224, 25.2559893], [55.3542941, 25.2557256], [55.3545642, 25.2555757], [55.3553076, 25.2551622], [55.3560296, 25.2547418], [55.3563483, 25.2545769], [55.3565219, 25.2544809], [55.3567319, 25.2543647], [55.3567758, 25.2543404], [55.3568571, 25.2542954], [55.3574668, 25.253958], [55.3575607, 25.253906], [55.3577172, 25.2538194], [55.3582439, 25.253528], [55.3583646, 25.2534612], [55.3587212, 25.2532499], [55.3591011, 25.2530469], [55.3596693, 25.2527432], [55.3603318, 25.2523892], [55.3608966, 25.2520731], [55.3613076, 25.2518487], [55.3616066, 25.2516855], [55.3617684, 25.2515989], [55.3619298, 25.2515124], [55.3622605, 25.2513352], [55.3625132, 25.2511892], [55.3625731, 25.2511545], [55.3627887, 25.2510299], [55.3630803, 25.2508697], [55.3631257, 25.2508448], [55.3632449, 25.2507826], [55.3634226, 25.250698], [55.3637502, 25.2505421], [55.3639311, 25.2504558], [55.3641713, 25.2503158], [55.3645674, 25.2500715], [55.3647744, 25.2499493], [55.3652777, 25.2496521], [55.3654534, 25.2495484], [55.3657003, 25.2494026], [55.3658634, 25.2493063], [55.3660668, 25.2492022], [55.3665475, 25.2489563], [55.3666594, 25.2489057], [55.3668715, 25.2488097], [55.3670182, 25.2487745], [55.3673125, 25.2487039], [55.3677716, 25.2486062], [55.3683386, 25.2484922], [55.3685079, 25.2484336], [55.3687617, 25.2483457], [55.3688121, 25.2483225], [55.3692099, 25.2481197], [55.3692992, 25.2480747], [55.369664, 25.2478788], [55.3697534, 25.2478294], [55.370074, 25.2476521], [55.3712271, 25.2470147], [55.3713372, 25.2469539], [55.3714994, 25.2468642], [55.3717923, 25.2467022], [55.3723821, 25.2463761], [55.3741778, 25.2453801], [55.374248, 25.2453411], [55.3744166, 25.2452458], [55.374752, 25.2450743], [55.3754954, 25.2446602], [55.3762286, 25.2442519], [55.3765279, 25.2440852], [55.3767402, 25.2439608], [55.376767, 25.2439469], [55.376921, 25.2438669], [55.3772696, 25.2436741], [55.3776103, 25.2434821], [55.3777599, 25.2433978], [55.3780953, 25.2432088], [55.3784663, 25.2430039], [55.3786258, 25.2429158], [55.3800716, 25.2421172], [55.3807387, 25.2417488], [55.381437, 25.2413631], [55.3820654, 25.241016], [55.3839303, 25.239986], [55.3840886, 25.2398986], [55.3849616, 25.2394012], [55.3853494, 25.2391738], [55.3857326, 25.2389718], [55.3859687, 25.2388577], [55.3860599, 25.238807], [55.3892529, 25.2370309], [55.3898318, 25.2367089], [55.3899439, 25.236645], [55.3903356, 25.2364166], [55.3907333, 25.2361965], [55.3910985, 25.2359927], [55.3914193, 25.2358184], [55.3918957, 25.2355524], [55.3921787, 25.2354034], [55.3923703, 25.2352965], [55.3928393, 25.2350348], [55.3935788, 25.2346259], [55.3936371, 25.2345897], [55.3940592, 25.2343505], [55.394409, 25.2341603], [55.3945095, 25.2341116], [55.3948857, 25.2338932], [55.3952784, 25.2336757], [55.3956291, 25.2334819], [55.395966, 25.2332884], [55.3966882, 25.2329123]]}}, {"type": "Feature", "properties": {"aeroway": "taxiway", "ref": null, "name": null, "surface": null, "id": 87183325}, "geometry": {"type": "LineString", "coordinates": [[55.3853186, 25.2394996], [55.385341, 25.2394005], [55.3853516, 25.2393002], [55.3853494, 25.2391738]]}}, {"type": "Feature", "properties": {"aeroway": "taxiway", "ref": "V4", "name": null, "surface": null, "id": 87183330}, "geometry": {"type": "LineString", "coordinates": [[55.3946523, 25.232786], [55.3945952, 25.2328327], [55.3945234, 25.2329031], [55.3944698, 25.2330264], [55.394451, 25.2331366], [55.3944746, 25.2332348], [55.3945222, 25.2333502]]}}, {"type": "Feature", "properties": {"aeroway": "taxiway", "ref": "N", "name": null, "surface": null, "id": 87183376}, "geometry": {"type": "LineString", "coordinates": [[55.3480242, 25.2679668], [55.3488712, 25.2675003], [55.349063, 25.2673941], [55.3497123, 25.2670346], [55.3502368, 25.2667441], [55.3509687, 25.2663387], [55.3512367, 25.2661902], [55.3513947, 25.2661026], [55.3521157, 25.2657031], [55.3538673, 25.2647324], [55.3542198, 25.2645371], [55.3545737, 25.2643408], [55.354661, 25.2642923], [55.3549605, 25.2641262], [55.355878, 25.2636172], [55.3561464, 25.2634684], [55.3562986, 25.263384], [55.3571028, 25.2629383], [55.3574487, 25.2627465], [55.3575491, 25.2626909], [55.3584964, 25.2621658], [55.3588202, 25.2619863], [55.3592052, 25.2617729], [55.359418, 25.2616549], [55.3602764, 25.2611791], [55.3622904, 25.2600626], [55.3626607, 25.2598574], [55.3629754, 25.2596837], [55.3630128, 25.2596604], [55.3630874, 25.2596222], [55.3633677, 25.2594686], [55.3645142, 25.2588402], [55.3648849, 25.2586351], [55.3652764, 25.2584185], [55.3654344, 25.2583311], [55.3660719, 25.2579784], [55.3667568, 25.2575995], [55.3680578, 25.2568797], [55.3687084, 25.2565198], [55.3691296, 25.2562868], [55.3692042, 25.2562455], [55.3711538, 25.2551669], [55.3717974, 25.2548108], [55.3720935, 25.254647], [55.3732693, 25.2539848], [55.3735344, 25.2538356], [55.3736203, 25.2537872], [55.3739755, 25.2535922], [55.3743897, 25.2533638], [55.3769984, 25.2519252], [55.3773648, 25.2517232], [55.3791638, 25.2507225], [55.3797897, 25.2503743], [55.3801923, 25.2501503], [55.3802974, 25.2500919], [55.3806391, 25.2498964], [55.3808862, 25.2497551], [55.3810495, 25.2496617], [55.3813963, 25.2494708], [55.3817473, 25.2492808], [55.3818391, 25.2492389], [55.3822138, 25.2490287], [55.3825671, 25.2488336], [55.3827403, 25.2487318], [55.382914, 25.2486297], [55.3835817, 25.2482672], [55.3838545, 25.2481108], [55.3839665, 25.2480466], [55.3846416, 25.2476727]]}}, {"type": "Feature", "properties": {"aeroway": "taxiway", "ref": null, "name": null, "surface": null, "id": 87183401}, "geometry": {"type": "LineString", "coordinates": [[55.3638847, 25.2582122], [55.3638371, 25.2583966], [55.3638373, 25.2584843], [55.3638652, 25.2585747], [55.3639143, 25.2586552], [55.3639757, 25.2587273], [55.3641379, 25.2588314], [55.3642795, 25.258858], [55.3645142, 25.2588402]]}}, {"type": "Feature", "properties": {"aeroway": "taxiway", "ref": "P2", "name": null, "surface": null, "id": 87183415}, "geometry": {"type": "LineString", "coordinates": [[55.3546457, 25.2652831], [55.3548107, 25.2651201], [55.354855, 25.2650161], [55.3548756, 25.2649014], [55.3548638, 25.264816], [55.3548107, 25.2646827], [55.3547134, 25.2646], [55.3546249, 25.2645493], [55.3544686, 25.264512], [55.3543152, 25.2645173], [55.3542198, 25.2645371]]}}, {"type": "Feature", "properties": {"aeroway": "taxiway", "ref": "L", "name": null, "surface": null, "id": 87183432}, "geometry": {"type": "LineString", "coordinates": [[55.341502, 25.2666543], [55.3415494, 25.266628], [55.3417947, 25.2664915], [55.3419141, 25.2664251], [55.3422856, 25.2662184], [55.3425391, 25.2660774], [55.342659, 25.2660107], [55.3430151, 25.2658126], [55.3432848, 25.2656626], [55.343387, 25.2656057], [55.343775, 25.2653899], [55.34403, 25.265248], [55.3446199, 25.2649198], [55.3450007, 25.264708], [55.3451247, 25.2645806], [55.345181, 25.2644787], [55.3452039, 25.2643844], [55.3452037, 25.2643456], [55.3452204, 25.2641781], [55.3452599, 25.2640609], [55.3453181, 25.2640107], [55.3453943, 25.2639483], [55.3455257, 25.2638712], [55.3456337, 25.2637906], [55.3461481, 25.2635041], [55.3462432, 25.2634528], [55.3464204, 25.2633576], [55.3469226, 25.2630878], [55.3474916, 25.2627819], [55.3476431, 25.2627005], [55.3477438, 25.2626061], [55.3477896, 25.262512], [55.3478234, 25.262354], [55.3478028, 25.2621709]]}}, {"type": "Feature", "properties": {"aeroway": "taxiway", "ref": "V3", "name": null, "surface": null, "id": 87183515}, "geometry": {"type": "LineString", "coordinates": [[55.3936898, 25.2338013], [55.3935414, 25.2336834], [55.3934492, 25.23364], [55.3933239, 25.23361], [55.3930845, 25.2336448]]}}, {"type": "Feature", "properties": {"aeroway": "taxiway", "ref": null, "name": null, "surface": null, "id": 87183542}, "geometry": {"type": "LineString", "coordinates": [[55.3780099, 25.2446743], [55.3781555, 25.2448034], [55.3783287, 25.24486], [55.3784983, 25.2448834], [55.3787448, 25.24486]]}}, {"type": "Feature", "properties": {"aeroway": "taxiway", "ref": null, "name": null, "surface": null, "id": 87183574}, "geometry": {"type": "LineString", "coordinates": [[55.353808, 25.2600898], [55.3538979, 25.2602679], [55.3539151, 25.2603233], [55.3539246, 25.2603983], [55.3539181, 25.2604644], [55.3538962, 25.2605445], [55.3538665, 25.2606117], [55.3537921, 25.2607193]]}}, {"type": "Feature", "properties": {"aeroway": "taxiway", "ref": "L1", "name": null, "surface": null, "id": 87183585}, "geometry": {"type": "LineString", "coordinates": [[55.3458467, 25.260368], [55.3460864, 25.260584], [55.346222, 25.2606975], [55.3463426, 25.2607985], [55.3466901, 25.2610895], [55.3470391, 25.261383], [55.3474563, 25.2617336], [55.347654, 25.2619537], [55.3477054, 25.2620287], [55.3478028, 25.2621709], [55.3482513, 25.2628438], [55.3484724, 25.263168], [55.3485809, 25.263274], [55.3486973, 25.2633314], [55.348831, 25.263364], [55.3489414, 25.2633653], [55.3490901, 25.2633247]]}}, {"type": "Feature", "properties": {"aeroway": "taxiway", "ref": null, "name": null, "surface": null, "id": 87183629}, "geometry": {"type": "LineString", "coordinates": [[55.3538843, 25.2632779], [55.3538575, 25.2631991], [55.3538422, 25.2630792], [55.3538593, 25.2629427], [55.3538951, 25.2628427], [55.3539571, 25.2627469], [55.3541046, 25.2625839], [55.3537584, 25.2626301], [55.3536352, 25.2626093], [55.3535074, 25.262569], [55.3533843, 25.2624879], [55.3532765, 25.2623915]]}}, {"type": "Feature", "properties": {"aeroway": "taxiway", "ref": null, "name": null, "surface": null, "id": 87183638}, "geometry": {"type": "LineString", "coordinates": [[55.3502678, 25.256489], [55.3504196, 25.2566356], [55.3505142, 25.2566642], [55.3506224, 25.2566682], [55.3508271, 25.2566235]]}}, {"type": "Feature", "properties": {"aeroway": "taxiway", "ref": "V2", "name": null, "surface": null, "id": 87183658}, "geometry": {"type": "LineString", "coordinates": [[55.3910985, 25.2359927], [55.3912148, 25.2358938], [55.3912947, 25.2357752], [55.3913042, 25.2356635], [55.3913046, 25.2355517], [55.3912566, 25.2354179]]}}, {"type": "Feature", "properties": {"aeroway": "taxiway", "ref": null, "name": null, "surface": null, "id": 87183691}, "geometry": {"type": "LineString", "coordinates": [[55.3909978, 25.2400908], [55.3911477, 25.2399885], [55.3911952, 25.239935], [55.3912413, 25.2398445], [55.3912674, 25.239722], [55.3912639, 25.239628], [55.3912403, 25.2395438], [55.3912024, 25.239466], [55.391145, 25.2393898], [55.3910854, 25.2393437], [55.3910211, 25.2393046], [55.3908926, 25.2392459]]}}, {"type": "Feature", "properties": {"aeroway": "taxiway", "ref": null, "name": null, "surface": null, "id": 87183695}, "geometry": {"type": "LineString", "coordinates": [[55.3791458, 25.2446377], [55.378808, 25.2441931]]}}, {"type": "Feature", "properties": {"aeroway": "taxiway", "ref": null, "name": null, "surface": null, "id": 87183727}, "geometry": {"type": "LineString", "coordinates": [[55.3720185, 25.2506238], [55.371862, 25.2507781], [55.3718292, 25.250913], [55.3718215, 25.2509448], [55.3718363, 25.2511308], [55.3717065, 25.251063], [55.3716334, 25.2510248], [55.3715314, 25.2510056], [55.3714565, 25.2509915], [55.3712507, 25.251047]]}}, {"type": "Feature", "properties": {"aeroway": "taxiway", "ref": "K5", "name": null, "surface": null, "id": 87183763}, "geometry": {"type": "LineString", "coordinates": [[55.3641713, 25.2503158], [55.3641163, 25.2504433], [55.3640993, 25.2505518], [55.3641173, 25.2507228], [55.3646659, 25.2515125], [55.3649994, 25.2519927], [55.3652064, 25.2520904], [55.3653954, 25.252123], [55.3655684, 25.2521097], [55.3658388, 25.2520147]]}}, {"type": "Feature", "properties": {"aeroway": "taxiway", "ref": "V2", "name": null, "surface": null, "id": 87183812}, "geometry": {"type": "LineString", "coordinates": [[55.3914193, 25.2358184], [55.3914161, 25.2357225], [55.39139, 25.2356295], [55.3913437, 25.2355507], [55.3912566, 25.2354179], [55.3911031, 25.2351939]]}}, {"type": "Feature", "properties": {"aeroway": "taxiway", "ref": "M18", "name": null, "surface": null, "id": 87183840}, "geometry": {"type": "LineString", "coordinates": [[55.393751, 25.2385604], [55.3925995, 25.2390577], [55.3921746, 25.2391619], [55.3914186, 25.239227], [55.3912087, 25.2392332], [55.3908926, 25.2392459], [55.3897841, 25.2392856], [55.3892368, 25.2393573], [55.3886608, 25.2395201], [55.3883584, 25.2395917], [55.3880206, 25.2397176]]}}, {"type": "Feature", "properties": {"aeroway": "taxiway", "ref": null, "name": null, "surface": null, "id": 87183885}, "geometry": {"type": "LineString", "coordinates": [[55.3799642, 25.2457179], [55.3801172, 25.2458444], [55.3802381, 25.2458978], [55.3803944, 25.2459111], [55.3806165, 25.2458548], [55.3804799, 25.2459885], [55.3804357, 25.2460872], [55.3804092, 25.2462206], [55.3804601, 25.2464079]]}}, {"type": "Feature", "properties": {"aeroway": "taxiway", "ref": null, "name": null, "surface": null, "id": 87183915}, "geometry": {"type": "LineString", "coordinates": [[55.3770528, 25.2433383], [55.3771599, 25.2434311], [55.3773221, 25.2435044], [55.37744, 25.2435145], [55.3776103, 25.2434821], [55.3775064, 25.2436045], [55.3774769, 25.2437145], [55.3774622, 25.2438379], [55.3774857, 25.243966]]}}, {"type": "Feature", "properties": {"aeroway": "taxiway", "ref": "M3", "name": null, "surface": null, "id": 87183927}, "geometry": {"type": "LineString", "coordinates": [[55.3525065, 25.2612131], [55.3526687, 25.2613413], [55.3527079, 25.2613593], [55.3528199, 25.2613699], [55.3540106, 25.2613529], [55.3544079, 25.2613499], [55.3545099, 25.2613486], [55.3552531, 25.2613219], [55.3557604, 25.2612499], [55.356194, 25.2611806], [55.3567691, 25.2610072], [55.3571358, 25.2609012]]}}, {"type": "Feature", "properties": {"aeroway": "taxiway", "ref": null, "name": null, "surface": null, "id": 87183998}, "geometry": {"type": "LineString", "coordinates": [[55.3857586, 25.2420405], [55.3859155, 25.2420598], [55.3860323, 25.2421194], [55.3861042, 25.2421808], [55.3861315, 25.2422089], [55.3862015, 25.2423251], [55.3862322, 25.2424323], [55.3862318, 25.2425286], [55.3862129, 25.2426089], [55.3861761, 25.2426996], [55.386103, 25.2427902], [55.3859976, 25.2428697]]}}, {"type": "Feature", "properties": {"aeroway": "taxiway", "ref": null, "name": null, "surface": null, "id": 87184033}, "geometry": {"type": "LineString", "coordinates": [[55.3800583, 25.2474987], [55.3801057, 25.2476377], [55.3801094, 25.2477911], [55.3800762, 25.2479511], [55.3800357, 25.2480579], [55.3799841, 25.2481379], [55.3798827, 25.2482602], [55.3798623, 25.2482848]]}}, {"type": "Feature", "properties": {"aeroway": "taxiway", "ref": "M4", "name": null, "surface": null, "id": 87184085}, "geometry": {"type": "LineString", "coordinates": [[55.3584161, 25.2561294], [55.3586469, 25.2564583], [55.3588141, 25.256698], [55.3589869, 25.2569571], [55.3591984, 25.2572742], [55.3593422, 25.2573808], [55.3594897, 25.2574309], [55.3596076, 25.2574342], [55.3597485, 25.2574278]]}}, {"type": "Feature", "properties": {"aeroway": "taxiway", "ref": "P1", "name": null, "surface": null, "id": 87184102}, "geometry": {"type": "LineString", "coordinates": [[55.3508889, 25.2673506], [55.3509693, 25.2672355], [55.3509831, 25.2671563], [55.3509462, 25.2669896]]}}, {"type": "Feature", "properties": {"aeroway": "taxiway", "ref": "Z1", "name": null, "surface": null, "id": 87184118}, "geometry": {"type": "LineString", "coordinates": [[55.3412002, 25.2625194], [55.3413219, 25.2626099], [55.3414707, 25.2626507], [55.3415619, 25.2626621], [55.3416014, 25.262667], [55.3417875, 25.26262]]}}, {"type": "Feature", "properties": {"aeroway": "taxiway", "ref": null, "name": null, "surface": null, "id": 87184208}, "geometry": {"type": "LineString", "coordinates": [[55.3718396, 25.2538324], [55.3719613, 25.2538722], [55.3720609, 25.2539191], [55.3721416, 25.2539903], [55.3722313, 25.2541026], [55.3722658, 25.2542693], [55.372237, 25.2544464], [55.3721852, 25.2545298], [55.3720935, 25.254647]]}}, {"type": "Feature", "properties": {"aeroway": "taxiway", "ref": "M8", "name": null, "surface": null, "id": 87184227}, "geometry": {"type": "LineString", "coordinates": [[55.3676181, 25.2530618], [55.3682786, 25.2525786], [55.368474, 25.2524086], [55.3687837, 25.2520718], [55.3690749, 25.2516917], [55.3692726, 25.251381], [55.3693846, 25.2512049], [55.3694496, 25.2511019], [55.3700519, 25.2501479], [55.3702067, 25.2499645], [55.3704537, 25.2497044], [55.3705637, 25.2496037], [55.3707183, 25.2494621]]}}, {"type": "Feature", "properties": {"aeroway": "taxiway", "ref": "M11", "name": null, "surface": null, "id": 87184258}, "geometry": {"type": "LineString", "coordinates": [[55.3744462, 25.2472431], [55.3738713, 25.2476537], [55.3735395, 25.2479505], [55.373204, 25.2483373], [55.3725735, 25.2492642], [55.3724942, 25.2493951], [55.3723168, 25.2496875], [55.3717308, 25.2506536], [55.3717072, 25.2506947], [55.3716373, 25.2508326]]}}, {"type": "Feature", "properties": {"aeroway": "taxiway", "ref": null, "name": null, "surface": null, "id": 87184286}, "geometry": {"type": "LineString", "coordinates": [[55.359733, 25.2547768], [55.3597846, 25.2549168], [55.3597809, 25.2550502], [55.3597514, 25.2552236], [55.3596666, 25.2553736], [55.3595998, 25.2554733]]}}, {"type": "Feature", "properties": {"aeroway": "taxiway", "ref": null, "name": null, "surface": null, "id": 87184312}, "geometry": {"type": "LineString", "coordinates": [[55.3938294, 25.2340028], [55.3939452, 25.2341127], [55.3941014, 25.2341739], [55.3942408, 25.2341933], [55.394409, 25.2341603], [55.3943028, 25.2342922], [55.3942609, 25.2343934], [55.3942478, 25.2344841], [55.3942515, 25.2345562], [55.3943014, 25.2346978]]}}, {"type": "Feature", "properties": {"aeroway": "taxiway", "ref": "Z", "name": null, "surface": null, "id": 87184382}, "geometry": {"type": "LineString", "coordinates": [[55.3501518, 25.2569623], [55.3504655, 25.2568041], [55.3508271, 25.2566235], [55.3509265, 25.2565676], [55.3511414, 25.2564407], [55.3516868, 25.2561467], [55.351812, 25.2560642], [55.3519378, 25.2559948], [55.3525473, 25.2556586], [55.353308, 25.255239], [55.3538127, 25.2549606], [55.3540366, 25.2548348], [55.3547841, 25.2544145], [55.35524, 25.2541733], [55.3556387, 25.2539534], [55.355945, 25.2537849], [55.3562782, 25.2536016], [55.3563878, 25.2535403], [55.3569113, 25.2532516], [55.3570477, 25.2531764], [55.3573928, 25.2529861], [55.3577774, 25.252774], [55.3578823, 25.2527162], [55.3584446, 25.2524043], [55.358745, 25.2522377], [55.3591221, 25.2520285], [55.3598087, 25.2516477], [55.3603895, 25.2513271], [55.3609106, 25.2510371], [55.3610929, 25.2509362], [55.36128, 25.250832], [55.3613834, 25.2507744], [55.3619806, 25.2504431], [55.3620003, 25.2504351], [55.3622269, 25.2503065], [55.3627793, 25.2500001], [55.3628474, 25.2499625], [55.3634979, 25.2496028], [55.3642627, 25.2491773], [55.3644564, 25.2490698], [55.3649365, 25.2488036], [55.3655507, 25.248463], [55.3661064, 25.2481547], [55.3661742, 25.248129], [55.3664797, 25.248013], [55.3667046, 25.2479441], [55.3670649, 25.2478337], [55.3677285, 25.2477337], [55.367961, 25.2476751], [55.3682078, 25.2476128], [55.3683691, 25.2475461], [55.368744, 25.2473712]]}}, {"type": "Feature", "properties": {"aeroway": "taxiway", "ref": null, "name": null, "surface": null, "id": 87184394}, "geometry": {"type": "LineString", "coordinates": [[55.3651704, 25.2539953], [55.3652064, 25.2541418], [55.3651704, 25.2542802], [55.3651068, 25.2544524]]}}, {"type": "Feature", "properties": {"aeroway": "taxiway", "ref": "U2", "name": null, "surface": null, "id": 87184395}, "geometry": {"type": "LineString", "coordinates": [[55.3534153, 25.2502027], [55.3531383, 25.2504005], [55.3529832, 25.2505766], [55.3527669, 25.2508799], [55.3526273, 25.2511372], [55.3525434, 25.2512919], [55.3524568, 25.2514441], [55.3523056, 25.2516394], [55.3522549, 25.251705], [55.3520553, 25.2519197]]}}, {"type": "Feature", "properties": {"aeroway": "taxiway", "ref": null, "name": null, "surface": null, "id": 87184402}, "geometry": {"type": "LineString", "coordinates": [[55.3502678, 25.256489], [55.3502934, 25.2566479], [55.3502889, 25.2567335], [55.3502393, 25.2568435], [55.3501518, 25.2569623]]}}, {"type": "Feature", "properties": {"aeroway": "taxiway", "ref": "K8", "name": null, "surface": null, "id": 87184425}, "geometry": {"type": "LineString", "coordinates": [[55.370112, 25.2478708], [55.3710291, 25.2478499], [55.3713818, 25.2478418], [55.3720106, 25.2478275], [55.3725452, 25.2477908], [55.372936, 25.2477374], [55.3735775, 25.2475707], [55.374118, 25.247425]]}}, {"type": "Feature", "properties": {"aeroway": "taxiway", "ref": null, "name": null, "surface": null, "id": 87184450}, "geometry": {"type": "LineString", "coordinates": [[55.3806246, 25.2422786], [55.3804909, 25.2421618], [55.3803343, 25.2421202], [55.3802098, 25.2420952], [55.3800716, 25.2421172]]}}, {"type": "Feature", "properties": {"aeroway": "taxiway", "ref": "N8", "name": null, "surface": null, "id": 87184503}, "geometry": {"type": "LineString", "coordinates": [[55.3738346, 25.2516312], [55.3746984, 25.2512527], [55.375584, 25.2510313], [55.3761961, 25.2509596], [55.3769161, 25.2509271], [55.377426, 25.2509317], [55.3776202, 25.2509266], [55.3779501, 25.250914], [55.3783435, 25.2508693], [55.3787137, 25.2507898], [55.3791215, 25.250664], [55.3794515, 25.2505357], [55.3797897, 25.2503743]]}}, {"type": "Feature", "properties": {"aeroway": "taxiway", "ref": "M1", "name": null, "surface": null, "id": 87184554}, "geometry": {"type": "LineString", "coordinates": [[55.3452039, 25.2643844], [55.3452518, 25.2644568], [55.3454217, 25.2647321], [55.3454968, 25.2648454], [55.3458985, 25.2654508], [55.3461557, 25.2658362], [55.3462876, 25.2660358], [55.3464872, 25.2663343], [55.3467217, 25.2666739]]}}, {"type": "Feature", "properties": {"aeroway": "taxiway", "ref": null, "name": null, "surface": null, "id": 87184578}, "geometry": {"type": "LineString", "coordinates": [[55.346222, 25.2606975], [55.3461492, 25.2605433], [55.3461626, 25.2604251], [55.3461906, 25.2603366], [55.3462346, 25.2602529], [55.3463474, 25.2601096]]}}, {"type": "Feature", "properties": {"aeroway": "taxiway", "ref": null, "name": null, "surface": null, "id": 87184600}, "geometry": {"type": "LineString", "coordinates": [[55.3712271, 25.2470147], [55.3710717, 25.2471406], [55.371009, 25.2472839], [55.3710053, 25.2474373], [55.371079, 25.2476374], [55.371122, 25.2476833], [55.3712007, 25.2477674], [55.3713818, 25.2478418]]}}, {"type": "Feature", "properties": {"aeroway": "taxiway", "ref": null, "name": null, "surface": null, "id": 87184620}, "geometry": {"type": "LineString", "coordinates": [[55.3657003, 25.2494026], [55.3655786, 25.2495577], [55.3655355, 25.2496877], [55.3655167, 25.2497444], [55.3655816, 25.2499578], [55.3657762, 25.2501419], [55.3660156, 25.2502105]]}}, {"type": "Feature", "properties": {"aeroway": "taxiway", "ref": null, "name": null, "surface": null, "id": 87184669}, "geometry": {"type": "LineString", "coordinates": [[55.387095, 25.2418039], [55.3871258, 25.2419437], [55.3871364, 25.2419845], [55.3871307, 25.2420502], [55.3871169, 25.2421137], [55.3870925, 25.2421737], [55.3870576, 25.2422273], [55.3870175, 25.2422787], [55.38694, 25.2423492]]}}, {"type": "Feature", "properties": {"aeroway": "taxiway", "ref": null, "name": null, "surface": null, "id": 87184705}, "geometry": {"type": "LineString", "coordinates": [[55.3609375, 25.2565915], [55.3610919, 25.2566726], [55.3611666, 25.2566928], [55.3612399, 25.2567116]]}}, {"type": "Feature", "properties": {"aeroway": "taxiway", "ref": null, "name": null, "surface": null, "id": 87184739}, "geometry": {"type": "LineString", "coordinates": [[55.3553555, 25.2630642], [55.3553337, 25.2631515], [55.3553281, 25.2632405], [55.3553504, 25.2633298], [55.3554094, 25.2634413], [55.355501, 25.2635418], [55.3556162, 25.2636004], [55.355878, 25.2636172]]}}, {"type": "Feature", "properties": {"aeroway": "taxiway", "ref": null, "name": null, "surface": null, "id": 87184788}, "geometry": {"type": "LineString", "coordinates": [[55.3608293, 25.2564122], [55.3609999, 25.2565186], [55.3611267, 25.2565453], [55.3612182, 25.2565426], [55.3613748, 25.2565261], [55.3612801, 25.256628], [55.3612399, 25.2567116], [55.3612005, 25.2568254], [55.3612123, 25.2569321], [55.3612395, 25.2570406]]}}, {"type": "Feature", "properties": {"aeroway": "taxiway", "ref": null, "name": null, "surface": null, "id": 87184815}, "geometry": {"type": "LineString", "coordinates": [[55.3591984, 25.2572742], [55.3592279, 25.2574209], [55.3592095, 25.2575942], [55.3591394, 25.2577043], [55.3590234, 25.2578282]]}}, {"type": "Feature", "properties": {"aeroway": "taxiway", "ref": null, "name": null, "surface": null, "id": 87184826}, "geometry": {"type": "LineString", "coordinates": [[55.3507477, 25.2572055], [55.3507891, 25.2573416], [55.3507774, 25.257466], [55.3507531, 25.2575406], [55.3507081, 25.2576262], [55.3506475, 25.2577301]]}}, {"type": "Feature", "properties": {"aeroway": "taxiway", "ref": null, "name": null, "surface": null, "id": 87184860}, "geometry": {"type": "LineString", "coordinates": [[55.3732693, 25.2539848], [55.3733725, 25.2538802], [55.3734058, 25.2538016], [55.3734315, 25.2537002], [55.3734168, 25.2535901], [55.3733894, 25.2534471], [55.3735053, 25.2535601], [55.3736306, 25.2536135], [55.3737412, 25.2536335], [55.3738555, 25.2536235], [55.3739755, 25.2535922]]}}, {"type": "Feature", "properties": {"aeroway": "taxiway", "ref": null, "name": null, "surface": null, "id": 87184995}, "geometry": {"type": "LineString", "coordinates": [[55.3640485, 25.2523723], [55.3643153, 25.2525381], [55.3645404, 25.2525951], [55.3647816, 25.2526008], [55.3646574, 25.2528312], [55.3646304, 25.2530266], [55.3646754, 25.2532464]]}}, {"type": "Feature", "properties": {"aeroway": "taxiway", "ref": null, "name": null, "surface": null, "id": 87184998}, "geometry": {"type": "LineString", "coordinates": [[55.3688445, 25.247322], [55.3696368, 25.246877]]}}, {"type": "Feature", "properties": {"aeroway": "taxiway", "ref": null, "name": null, "surface": null, "id": 87185005}, "geometry": {"type": "LineString", "coordinates": [[55.3506704, 25.2570959], [55.3506484, 25.256984], [55.3506643, 25.2568602], [55.3507258, 25.2567415], [55.3508271, 25.2566235]]}}, {"type": "Feature", "properties": {"aeroway": "taxiway", "ref": null, "name": null, "surface": null, "id": 87185025}, "geometry": {"type": "LineString", "coordinates": [[55.3945762, 25.2360786], [55.3947337, 25.2358874], [55.3947866, 25.2357701], [55.3947957, 25.2356299], [55.3947826, 25.2355469], [55.3947664, 25.2354701], [55.3947315, 25.2353443]]}}, {"type": "Feature", "properties": {"aeroway": "taxiway", "ref": "V2", "name": null, "surface": null, "id": 87185065}, "geometry": {"type": "LineString", "coordinates": [[55.3912689, 25.2346444], [55.3911808, 25.2347087], [55.391129, 25.2347636], [55.3910883, 25.2348385], [55.391067, 25.2349076], [55.3910523, 25.235049], [55.3911031, 25.2351939]]}}, {"type": "Feature", "properties": {"aeroway": "taxiway", "ref": "M1A", "name": null, "surface": null, "id": 87185128}, "geometry": {"type": "LineString", "coordinates": [[55.3461481, 25.2635041], [55.3460825, 25.2636227], [55.3460317, 25.2637399], [55.3460317, 25.2638622], [55.3460587, 25.2639895], [55.3463428, 25.2643842], [55.3465454, 25.2647216], [55.3467899, 25.2650593], [55.3469857, 25.2653823], [55.3471864, 25.2656803], [55.3475501, 25.2662222]]}}, {"type": "Feature", "properties": {"aeroway": "taxiway", "ref": "Z7", "name": null, "surface": null, "id": 87185148}, "geometry": {"type": "LineString", "coordinates": [[55.3542941, 25.2557256], [55.3544423, 25.2555694], [55.3545671, 25.2554403], [55.3547976, 25.2550777], [55.3550235, 25.2546918], [55.3552031, 25.25439], [55.3553828, 25.2541774], [55.3556387, 25.2539534]]}}, {"type": "Feature", "properties": {"aeroway": "taxiway", "ref": "K3", "name": null, "surface": null, "id": 87185163}, "geometry": {"type": "LineString", "coordinates": [[55.3632083, 25.2527824], [55.3633163, 25.2530266], [55.3632983, 25.2532057], [55.3632353, 25.2533441], [55.3631074, 25.2535289]]}}, {"type": "Feature", "properties": {"aeroway": "taxiway", "ref": null, "name": null, "surface": null, "id": 87185175}, "geometry": {"type": "LineString", "coordinates": [[55.3501518, 25.2569623], [55.3500309, 25.257073], [55.3499696, 25.2571868], [55.3499592, 25.2572863], [55.3500241, 25.2575045], [55.3497943, 25.2573641], [55.349628, 25.2573229], [55.3495303, 25.2573371], [55.3494313, 25.2573646], [55.3493546, 25.257391]]}}, {"type": "Feature", "properties": {"aeroway": "taxiway", "ref": null, "name": null, "surface": null, "id": 87185216}, "geometry": {"type": "LineString", "coordinates": [[55.3638446, 25.2499645], [55.3638223, 25.2501569], [55.3638625, 25.250317], [55.3639311, 25.2504558], [55.3639639, 25.2504906], [55.3641173, 25.2507228], [55.3639823, 25.2506333], [55.3637502, 25.2505421]]}}, {"type": "Feature", "properties": {"aeroway": "taxiway", "ref": null, "name": null, "surface": null, "id": 87185239}, "geometry": {"type": "LineString", "coordinates": [[55.3778612, 25.2428493], [55.3779967, 25.2429943], [55.3781258, 25.2430409], [55.3782843, 25.2430409], [55.3784663, 25.2430039], [55.3783248, 25.2431643], [55.378299, 25.2433077], [55.3783027, 25.2433977], [55.3783264, 25.2435279]]}}, {"type": "Feature", "properties": {"aeroway": "taxiway", "ref": "K10", "name": null, "surface": null, "id": 87185286}, "geometry": {"type": "LineString", "coordinates": [[55.3772696, 25.2436741], [55.3774857, 25.243966], [55.3777093, 25.2442682], [55.3780099, 25.2446743], [55.3783193, 25.2450959], [55.3786432, 25.2455163]]}}, {"type": "Feature", "properties": {"aeroway": "taxiway", "ref": null, "name": null, "surface": null, "id": 87185307}, "geometry": {"type": "LineString", "coordinates": [[55.362795, 25.2593547], [55.3628777, 25.2594294], [55.3629609, 25.2594779], [55.3630518, 25.2595097], [55.3631316, 25.2595197], [55.3632052, 25.2595172], [55.3632925, 25.2594968], [55.3633677, 25.2594686]]}}, {"type": "Feature", "properties": {"aeroway": "taxiway", "ref": "P9", "name": null, "surface": null, "id": 87185333}, "geometry": {"type": "LineString", "coordinates": [[55.3834664, 25.2507927], [55.3837233, 25.2511437], [55.3838064, 25.2512572], [55.3838757, 25.2513518], [55.3839065, 25.251398], [55.3843001, 25.2519869], [55.3843263, 25.2520262], [55.3850518, 25.2530365]]}}, {"type": "Feature", "properties": {"aeroway": "taxiway", "ref": null, "name": null, "surface": null, "id": 87185353}, "geometry": {"type": "LineString", "coordinates": [[55.3476431, 25.2627005], [55.347767, 25.2626655], [55.3479074, 25.2626631], [55.3480206, 25.2626903], [55.3481314, 25.2627456], [55.3482513, 25.2628438]]}}, {"type": "Feature", "properties": {"aeroway": "taxiway", "ref": "K16", "name": null, "surface": null, "id": 87185421}, "geometry": {"type": "LineString", "coordinates": [[55.3940592, 25.2343505], [55.3943014, 25.2346978], [55.3945008, 25.2349711], [55.3947315, 25.2353443], [55.3950573, 25.2358194], [55.3953826, 25.2362969]]}}, {"type": "Feature", "properties": {"aeroway": "taxiway", "ref": "K11", "name": null, "surface": null, "id": 87185464}, "geometry": {"type": "LineString", "coordinates": [[55.378808, 25.2441931], [55.3788633, 25.2442998], [55.3788781, 25.2444099], [55.378867, 25.2445499], [55.3788264, 25.2447067], [55.3787448, 25.24486]]}}, {"type": "Feature", "properties": {"aeroway": "taxiway", "ref": "L1", "name": null, "surface": null, "id": 87185529}, "geometry": {"type": "LineString", "coordinates": [[55.3482993, 25.2637669], [55.3484237, 25.263654], [55.3484749, 25.2635841], [55.3485252, 25.2634659], [55.3485292, 25.2633538], [55.3484724, 25.263168]]}}, {"type": "Feature", "properties": {"aeroway": "taxiway", "ref": "Y", "name": null, "surface": null, "id": 87185563}, "geometry": {"type": "LineString", "coordinates": [[55.3491848, 25.2548729], [55.3492304, 25.2549368], [55.3493759, 25.2551493], [55.3496392, 25.2555414], [55.3501722, 25.256344], [55.3502678, 25.256489], [55.3504655, 25.2568041], [55.3506704, 25.2570959], [55.3507477, 25.2572055]]}}, {"type": "Feature", "properties": {"aeroway": "taxiway", "ref": "V2", "name": null, "surface": null, "id": 87185609}, "geometry": {"type": "LineString", "coordinates": [[55.3912566, 25.2354179], [55.3913802, 25.2355343], [55.3914955, 25.2355884], [55.3915885, 25.2356077], [55.3916886, 25.2356124], [55.3917736, 25.2355967], [55.3918957, 25.2355524]]}}, {"type": "Feature", "properties": {"aeroway": "taxiway", "ref": null, "name": null, "surface": null, "id": 87185663}, "geometry": {"type": "LineString", "coordinates": [[55.3794716, 25.2450635], [55.3794311, 25.2449401], [55.3794086, 25.2448334], [55.3794227, 25.244698], [55.3794879, 25.2445434], [55.3796158, 25.2443772]]}}, {"type": "Feature", "properties": {"aeroway": "taxiway", "ref": null, "name": null, "surface": null, "id": 87185703}, "geometry": {"type": "LineString", "coordinates": [[55.37016, 25.2496192], [55.3703219, 25.2494391], [55.3704024, 25.24922], [55.370391, 25.2490308], [55.3703656, 25.2489135], [55.3705476, 25.2490412], [55.3707338, 25.2491096], [55.3708855, 25.2491184], [55.3711122, 25.2490914]]}}, {"type": "Feature", "properties": {"aeroway": "taxiway", "ref": null, "name": null, "surface": null, "id": 87185787}, "geometry": {"type": "LineString", "coordinates": [[55.3521728, 25.2569145], [55.3519008, 25.2569548], [55.3517671, 25.2569297], [55.3515975, 25.2567826], [55.3516335, 25.2569548], [55.3516012, 25.2570881], [55.3515782, 25.2571548], [55.3515266, 25.2572368], [55.3514882, 25.2572978]]}}, {"type": "Feature", "properties": {"aeroway": "taxiway", "ref": null, "name": null, "surface": null, "id": 87185788}, "geometry": {"type": "LineString", "coordinates": [[55.3450007, 25.264708], [55.345119, 25.2646978], [55.3452711, 25.2647233], [55.3453838, 25.2647742], [55.3454968, 25.2648454], [55.3456599, 25.2649729], [55.3457838, 25.2649933], [55.3459191, 25.2649984], [55.3461166, 25.2649576], [55.3459923, 25.2650646], [55.3459134, 25.2651614], [55.3458909, 25.2652939], [55.3458985, 25.2654508]]}}, {"type": "Feature", "properties": {"aeroway": "terminal", "ref": null, "name": "Concourse B", "surface": null, "id": 87185819}, "geometry": {"type": "Polygon", "coordinates": [[[55.3576541, 25.2502479], [55.3577688, 25.2501769], [55.3578569, 25.2501249], [55.3578696, 25.2501168], [55.3583771, 25.2498182], [55.3583922, 25.2498088], [55.3589215, 25.2494962], [55.3589306, 25.2494905], [55.3594173, 25.2492035], [55.3594343, 25.2491933], [55.359919, 25.2489069], [55.3599445, 25.2488921], [55.3609861, 25.2482703], [55.3610638, 25.2482243], [55.3613473, 25.2480563], [55.3614658, 25.247986], [55.3615427, 25.2479405], [55.3618582, 25.2477767], [55.3618765, 25.2477686], [55.3624175, 25.2474901], [55.3624375, 25.2474796], [55.3633807, 25.2469935], [55.363401, 25.2469833], [55.3638237, 25.2467656], [55.3639108, 25.2467163], [55.3639428, 25.2466973], [55.3644571, 25.2464325], [55.3644689, 25.2464246], [55.3649823, 25.2461563], [55.364994, 25.2461499], [55.3651292, 25.2460788], [55.3653566, 25.2459722], [55.3653708, 25.2459651], [55.3654404, 25.2459329], [55.3655888, 25.2461457], [55.3656043, 25.2461656], [55.365678, 25.2462726], [55.3656859, 25.2462849], [55.3658139, 25.2464684], [55.3657509, 25.2465066], [55.3657354, 25.2465153], [55.3655231, 25.2466444], [55.3653917, 25.2467243], [55.3653798, 25.2467317], [55.3648696, 25.2470397], [55.3648548, 25.2470497], [55.3643387, 25.2473612], [55.3643269, 25.2473696], [55.3638158, 25.2476792], [55.3637993, 25.2476894], [55.362962, 25.2481943], [55.3629428, 25.2482086], [55.3623544, 25.2485652], [55.362342, 25.2485721], [55.3622748, 25.2486134], [55.3617587, 25.2488839], [55.3617343, 25.2488948], [55.3605287, 25.2495211], [55.3604907, 25.2495423], [55.3599093, 25.2498445], [55.3598937, 25.2498532], [55.3593571, 25.250132], [55.3593461, 25.2501387], [55.3581498, 25.2507626], [55.3580332, 25.2508234], [55.3579749, 25.2507237], [55.3576913, 25.2503034], [55.3576541, 25.2502479]]]}}, {"type": "Feature", "properties": {"aeroway": "taxiway", "ref": "K15", "name": null, "surface": null, "id": 87185860}, "geometry": {"type": "LineString", "coordinates": [[55.388994, 25.2391779], [55.3898592, 25.2383321], [55.3902552, 25.2378436], [55.3906692, 25.2371435], [55.390842, 25.2368674], [55.3909715, 25.2366569], [55.391213, 25.236327], [55.3914973, 25.2360118], [55.3917223, 25.2358164], [55.3921787, 25.2354034]]}}, {"type": "Feature", "properties": {"aeroway": "taxiway", "ref": null, "name": null, "surface": null, "id": 87185892}, "geometry": {"type": "LineString", "coordinates": [[55.3905629, 25.2367646], [55.3904477, 25.2366764], [55.3903407, 25.236617], [55.3902353, 25.2365939], [55.3900977, 25.2365966], [55.3899439, 25.236645], [55.3900938, 25.2364817], [55.3901431, 25.236364], [55.3901383, 25.2362054], [55.3900985, 25.2360608]]}}, {"type": "Feature", "properties": {"aeroway": "taxiway", "ref": null, "name": null, "surface": null, "id": 87185928}, "geometry": {"type": "LineString", "coordinates": [[55.3471864, 25.2656803], [55.3473682, 25.2658353], [55.3475476, 25.2659185], [55.3476915, 25.2659441], [55.3478944, 25.2659483], [55.348112, 25.2659103]]}}, {"type": "Feature", "properties": {"aeroway": "taxiway", "ref": "J", "name": null, "surface": null, "id": 87185983}, "geometry": {"type": "LineString", "coordinates": [[55.3485357, 25.2553096], [55.3483307, 25.2550117], [55.348227, 25.254816], [55.3481572, 25.2545884], [55.3481425, 25.2545379], [55.3481053, 25.2543554], [55.3481053, 25.2540823], [55.3481585, 25.2538546], [55.348227, 25.2536492], [55.3483099, 25.2534731], [55.3484974, 25.2532154], [55.3486885, 25.2530198], [55.3488976, 25.25286], [55.3490075, 25.2527998], [55.3492726, 25.2526545], [55.3494951, 25.2525298], [55.3499268, 25.252288], [55.3505179, 25.2519561], [55.3507225, 25.2518428], [55.351139, 25.2516165], [55.3513233, 25.2515055], [55.3514902, 25.251412], [55.351729, 25.2512311], [55.3518075, 25.2511674], [55.3518967, 25.2511043], [55.3523015, 25.2508184], [55.3523826, 25.2507753], [55.3527126, 25.2505999], [55.3530973, 25.2503824], [55.3534153, 25.2502027], [55.3537222, 25.2500292], [55.3538755, 25.2499449], [55.3542186, 25.2497589], [55.3542856, 25.2497231], [55.3543838, 25.2496676], [55.3546962, 25.2494935], [55.3550192, 25.2493158], [55.3555001, 25.2490358], [55.3562411, 25.2486002], [55.3568037, 25.2482099], [55.3568548, 25.2481744], [55.357443, 25.2478458], [55.3580365, 25.2475142], [55.3584087, 25.2473063], [55.3586666, 25.2471644], [55.3592498, 25.2468403], [55.3595274, 25.2466729], [55.3596624, 25.2465997], [55.3600715, 25.2463774], [55.3606669, 25.2460474], [55.3613585, 25.2456585], [55.3613915, 25.2456401], [55.3614585, 25.2456026], [55.3616476, 25.2454978], [55.3617496, 25.2454389], [55.3618958, 25.2453572], [55.3621618, 25.2452097], [55.362777, 25.244866], [55.3633772, 25.2445307], [55.3639839, 25.2441917], [55.3642932, 25.2440189], [55.3643407, 25.2439924], [55.3649003, 25.243752], [55.3653747, 25.2437012], [55.3655858, 25.2436888], [55.3656957, 25.2437027], [55.3662853, 25.2437773], [55.3663653, 25.2437781], [55.3665826, 25.2437854], [55.366778, 25.2437668], [55.3669929, 25.2437417], [55.3671995, 25.243681], [55.3674244, 25.2436043], [55.3676515, 25.243477], [55.3683609, 25.2430794], [55.3687219, 25.2428814], [55.3694661, 25.2424733], [55.3698487, 25.2422635], [55.3699416, 25.2422126], [55.3700771, 25.2421383], [55.370416, 25.2419524], [55.3709032, 25.2416852], [55.3711659, 25.2415373], [55.3719258, 25.2411173], [55.3726753, 25.240703], [55.373441, 25.2402797], [55.3739003, 25.2400313], [55.3742081, 25.2398648], [55.3744625, 25.2397516], [55.3746592, 25.2397011], [55.3748087, 25.2396895], [55.3749517, 25.2396818], [55.375187, 25.2396968], [55.3754124, 25.2397435], [55.375647, 25.2398472], [55.375812, 25.2399594], [55.3760235, 25.2401665], [55.3761436, 25.2403435], [55.3762063, 25.2404362], [55.3762372, 25.2404809], [55.3762776, 25.2405409], [55.3765025, 25.2408723], [55.3765734, 25.2409768], [55.377319, 25.2420758], [55.3773799, 25.2421582], [55.3778612, 25.2428493], [55.3777633, 25.2427265], [55.377624, 25.2426499], [55.3774608, 25.2426249], [55.3772812, 25.2426394]]}}, {"type": "Feature", "properties": {"aeroway": "taxiway", "ref": "P2", "name": null, "surface": null, "id": 87186003}, "geometry": {"type": "LineString", "coordinates": [[55.3546872, 25.2645045], [55.3546544, 25.2643813], [55.3546544, 25.2643226], [55.354661, 25.2642923], [55.3546898, 25.264181]]}}, {"type": "Feature", "properties": {"aeroway": "taxiway", "ref": null, "name": null, "surface": null, "id": 87186018}, "geometry": {"type": "LineString", "coordinates": [[55.3455, 25.2605641], [55.3456168, 25.2605115], [55.3456822, 25.2605061], [55.3457477, 25.2605007], [55.3459047, 25.2605146], [55.3459768, 25.2605396], [55.3460864, 25.260584]]}}, {"type": "Feature", "properties": {"aeroway": "taxiway", "ref": null, "name": null, "surface": null, "id": 87186096}, "geometry": {"type": "LineString", "coordinates": [[55.3840886, 25.2398986], [55.3843314, 25.2398771], [55.384525, 25.2399522], [55.384654, 25.2400814], [55.384684, 25.2401357], [55.3847277, 25.2402148], [55.384739, 25.2404589]]}}, {"type": "Feature", "properties": {"aeroway": "taxiway", "ref": null, "name": null, "surface": null, "id": 87186126}, "geometry": {"type": "LineString", "coordinates": [[55.3807579, 25.2485436], [55.3806735, 25.248458], [55.380585, 25.2483946], [55.3804707, 25.2483313], [55.3803122, 25.2482879], [55.3801094, 25.2482646], [55.3799089, 25.248281], [55.3798623, 25.2482848]]}}, {"type": "Feature", "properties": {"aeroway": "taxiway", "ref": null, "name": null, "surface": null, "id": 87186143}, "geometry": {"type": "LineString", "coordinates": [[55.3617109, 25.2577392], [55.3618699, 25.2578738], [55.3620321, 25.2579431], [55.3621619, 25.2579565], [55.36233, 25.2579458], [55.3625695, 25.2578849], [55.3623772, 25.2580365], [55.3622946, 25.2581912], [55.3622563, 25.2583833], [55.3623183, 25.2586446]]}}, {"type": "Feature", "properties": {"aeroway": "taxiway", "ref": "P1", "name": null, "surface": null, "id": 87186151}, "geometry": {"type": "LineString", "coordinates": [[55.3509687, 25.2663387], [55.3508356, 25.2664937], [55.3508034, 25.2666687], [55.3508356, 25.2668563], [55.3509462, 25.2669896], [55.3511167, 25.2670605], [55.3514034, 25.2670675]]}}, {"type": "Feature", "properties": {"aeroway": "taxiway", "ref": null, "name": null, "surface": null, "id": 87186189}, "geometry": {"type": "LineString", "coordinates": [[55.3694496, 25.2511019], [55.369449, 25.2513309], [55.3694779, 25.2514011], [55.3695239, 25.2515132], [55.3696564, 25.2516279], [55.3698062, 25.2516852], [55.3699444, 25.2516956], [55.3701244, 25.2516717]]}}, {"type": "Feature", "properties": {"aeroway": "taxiway", "ref": null, "name": null, "surface": null, "id": 87186208}, "geometry": {"type": "LineString", "coordinates": [[55.3786432, 25.2455163], [55.3784541, 25.2453736], [55.3783398, 25.2453336], [55.378185, 25.2453102], [55.3780191, 25.2453035], [55.377858, 25.2453517], [55.3779711, 25.2451868], [55.3780301, 25.2450601], [55.3780449, 25.2449634], [55.3780449, 25.2448567], [55.3780099, 25.2446743]]}}, {"type": "Feature", "properties": {"aeroway": "taxiway", "ref": "P4", "name": null, "surface": null, "id": 87186229}, "geometry": {"type": "LineString", "coordinates": [[55.363147, 25.2605546], [55.3632853, 25.2603722], [55.3632968, 25.2602941], [55.3632968, 25.2600857]]}}, {"type": "Feature", "properties": {"aeroway": "taxiway", "ref": "M5B", "name": null, "surface": null, "id": 87186259}, "geometry": {"type": "LineString", "coordinates": [[55.3600317, 25.2552338], [55.3603341, 25.2556863], [55.3605856, 25.2560549], [55.3608293, 25.2564122], [55.3609375, 25.2565915], [55.3610251, 25.2567229], [55.3612395, 25.2570406], [55.3614524, 25.2573584], [55.3617109, 25.2577392], [55.3620176, 25.2581912]]}}, {"type": "Feature", "properties": {"aeroway": "taxiway", "ref": "Y1", "name": null, "surface": null, "id": 87186267}, "geometry": {"type": "LineString", "coordinates": [[55.3496392, 25.2555414], [55.3495422, 25.2554586], [55.3494256, 25.2554065], [55.349333, 25.2553883], [55.3492337, 25.2553895], [55.3490654, 25.2554407], [55.3491645, 25.2553663], [55.3492412, 25.2552196], [55.3492592, 25.2551055], [55.3492304, 25.2549368]]}}, {"type": "Feature", "properties": {"aeroway": "parking_position", "ref": null, "name": null, "surface": null, "id": 87186278}, "geometry": {"type": "LineString", "coordinates": [[55.3905349, 25.2347112], [55.3908188, 25.2347507], [55.3909622, 25.2347536], [55.391108, 25.2347271]]}}, {"type": "Feature", "properties": {"aeroway": "taxiway", "ref": "M16", "name": null, "surface": null, "id": 87186294}, "geometry": {"type": "LineString", "coordinates": [[55.3883804, 25.2415287], [55.3881875, 25.2416192], [55.3879037, 25.2417252], [55.38758, 25.2418289], [55.3872481, 25.2419115], [55.3871258, 25.2419437], [55.3868547, 25.2419853], [55.3865653, 25.2420105], [55.3861799, 25.242023], [55.3859485, 25.2420312], [55.3857586, 25.2420405], [55.3851612, 25.2420365], [55.384578, 25.2420886], [55.3840451, 25.2421863], [55.3834547, 25.2423492], [55.3829378, 25.2425355]]}}, {"type": "Feature", "properties": {"aeroway": "taxiway", "ref": "K4", "name": null, "surface": null, "id": 87186346}, "geometry": {"type": "LineString", "coordinates": [[55.3628567, 25.2505377], [55.3630803, 25.2508697], [55.3632765, 25.2511742], [55.3638105, 25.2520029], [55.3640485, 25.2523723], [55.3643612, 25.2528338]]}}, {"type": "Feature", "properties": {"aeroway": "taxiway", "ref": null, "name": null, "surface": null, "id": 87186375}, "geometry": {"type": "LineString", "coordinates": [[55.3692992, 25.2480747], [55.3695627, 25.2479708], [55.3697037, 25.2479384], [55.3698586, 25.2479079], [55.3698945, 25.2479008], [55.370112, 25.2478708], [55.3698755, 25.2478632], [55.3697534, 25.2478294], [55.3696585, 25.2477774], [55.3695471, 25.2477032]]}}, {"type": "Feature", "properties": {"aeroway": "taxiway", "ref": "M15A", "name": null, "surface": null, "id": 87186392}, "geometry": {"type": "LineString", "coordinates": [[55.3833425, 25.2463534], [55.3831255, 25.24603], [55.3827941, 25.245531], [55.3825433, 25.2451493], [55.3823664, 25.2448751]]}}, {"type": "Feature", "properties": {"aeroway": "taxiway", "ref": null, "name": null, "surface": null, "id": 87186424}, "geometry": {"type": "LineString", "coordinates": [[55.3796351, 25.2468599], [55.3795362, 25.2467861], [55.3794182, 25.2467221], [55.3793268, 25.2467088], [55.3792265, 25.2467008], [55.3790418, 25.2467298], [55.3791291, 25.2466127], [55.3791645, 25.2465354], [55.3791881, 25.24645], [55.3791881, 25.2463593], [55.3791822, 25.2462793], [55.3791709, 25.2462174]]}}, {"type": "Feature", "properties": {"aeroway": "taxiway", "ref": null, "name": null, "surface": null, "id": 87186438}, "geometry": {"type": "LineString", "coordinates": [[55.3770528, 25.2433383], [55.3769395, 25.2431806], [55.3768165, 25.243113], [55.3766701, 25.2430713], [55.3764399, 25.2431001]]}}, {"type": "Feature", "properties": {"aeroway": "taxiway", "ref": null, "name": null, "surface": null, "id": 87186448}, "geometry": {"type": "LineString", "coordinates": [[55.3528415, 25.2617247], [55.3528031, 25.2615826], [55.3527977, 25.2614754], [55.3528199, 25.2613699], [55.3528671, 25.2612979], [55.3529646, 25.2611775], [55.3528111, 25.2612099], [55.3526548, 25.2611966], [55.352522, 25.2611619], [55.3523775, 25.2610087]]}}, {"type": "Feature", "properties": {"aeroway": "taxiway", "ref": "Z15", "name": null, "surface": null, "id": 87186466}, "geometry": {"type": "LineString", "coordinates": [[55.3717923, 25.2467022], [55.3721433, 25.2464136], [55.3723535, 25.2461669], [55.3725268, 25.2458868], [55.3727422, 25.2455535], [55.3728739, 25.2453984], [55.3729139, 25.2453166], [55.3731191, 25.2450689], [55.3734021, 25.2447863]]}}, {"type": "Feature", "properties": {"aeroway": "taxiway", "ref": "K21", "name": null, "surface": null, "id": 87186480}, "geometry": {"type": "LineString", "coordinates": [[55.3807387, 25.2417488], [55.3806108, 25.2419242], [55.3805739, 25.242016], [55.3805647, 25.2421327], [55.3806246, 25.2422786], [55.3808107, 25.24256], [55.3810724, 25.2429558], [55.3813695, 25.243405], [55.3816457, 25.2438177]]}}, {"type": "Feature", "properties": {"aeroway": "taxiway", "ref": "Z", "name": null, "surface": null, "id": 87186496}, "geometry": {"type": "LineString", "coordinates": [[55.3853494, 25.2391738], [55.3851403, 25.2388488], [55.3850513, 25.2387378], [55.3848726, 25.2386967], [55.3846767, 25.2386654], [55.3844158, 25.2386804], [55.384411, 25.238683], [55.3836841, 25.2390708], [55.3830577, 25.2394303], [55.3824464, 25.2397581], [55.3818274, 25.2400929], [55.3815687, 25.2402537], [55.3812531, 25.2404499], [55.3809861, 25.240615], [55.3807768, 25.2407493], [55.3805153, 25.240906], [55.3801731, 25.2410913], [55.3797863, 25.2413007], [55.3791997, 25.2416265], [55.3786018, 25.2419606], [55.3785098, 25.2420149], [55.3781074, 25.2422084], [55.3780234, 25.2422487], [55.3772812, 25.2426394], [55.3771307, 25.2427175], [55.3764399, 25.2431001], [55.3762464, 25.2432075], [55.3759277, 25.2433844], [55.3757271, 25.2434958], [55.3749735, 25.2439141], [55.3742463, 25.2443102], [55.3738856, 25.244514], [55.3736755, 25.2446326], [55.3734703, 25.2447485], [55.3734021, 25.2447863], [55.3727179, 25.2451659], [55.3719708, 25.2455804], [55.3716981, 25.2457317], [55.371028, 25.246104], [55.3704634, 25.2464177], [55.3696368, 25.246877], [55.3694687, 25.247084], [55.3694212, 25.2472259], [55.3693965, 25.2474461], [55.3694373, 25.2475232], [55.3695471, 25.2477032], [55.369664, 25.2478788]]}}, {"type": "Feature", "properties": {"aeroway": "taxiway", "ref": "K1", "name": null, "surface": null, "id": 87186511}, "geometry": {"type": "LineString", "coordinates": [[55.3573505, 25.2545284], [55.3571819, 25.2543999], [55.3569884, 25.2543415], [55.3569047, 25.2543491], [55.3567319, 25.2543647]]}}, {"type": "Feature", "properties": {"aeroway": "taxiway", "ref": "P1", "name": null, "surface": null, "id": 87186519}, "geometry": {"type": "LineString", "coordinates": [[55.3508356, 25.2668563], [55.3507158, 25.2667729], [55.3505868, 25.2667146], [55.3504439, 25.2667104], [55.3502368, 25.2667441]]}}, {"type": "Feature", "properties": {"aeroway": "taxiway", "ref": "Z1", "name": null, "surface": null, "id": 87186530}, "geometry": {"type": "LineString", "coordinates": [[55.3415563, 25.2630746], [55.3414932, 25.2629523], [55.3413415, 25.2627309], [55.3412002, 25.2625194], [55.3411236, 25.2624061], [55.340971, 25.2621718], [55.3407514, 25.2618261], [55.3405967, 25.2616069], [55.3402395, 25.2610395], [55.3400067, 25.2606698], [55.3398693, 25.2604515], [55.3396463, 25.2601161], [55.3393424, 25.259659], [55.339323, 25.2596298]]}}, {"type": "Feature", "properties": {"aeroway": "taxiway", "ref": "K1", "name": null, "surface": null, "id": 87186538}, "geometry": {"type": "LineString", "coordinates": [[55.3569113, 25.2532516], [55.3568646, 25.2533712], [55.3568324, 25.2535022], [55.3568163, 25.2536089], [55.3568405, 25.2537157], [55.3569049, 25.2537981], [55.3570121, 25.2539024], [55.3571302, 25.2539607], [55.357275, 25.2539825], [55.3574668, 25.253958], [55.3573524, 25.254104], [55.3572925, 25.2542623], [55.3572925, 25.2543832], [55.3573505, 25.2545284]]}}, {"type": "Feature", "properties": {"aeroway": "taxiway", "ref": null, "name": null, "surface": null, "id": 87186555}, "geometry": {"type": "LineString", "coordinates": [[55.3737361, 25.2539729], [55.3736306, 25.2538869], [55.3735344, 25.2538356], [55.3734461, 25.2538011]]}}, {"type": "Feature", "properties": {"aeroway": "taxiway", "ref": null, "name": null, "surface": null, "id": 87186572}, "geometry": {"type": "LineString", "coordinates": [[55.3709993, 25.2492042], [55.3709145, 25.2493876], [55.3708961, 25.2495243], [55.3709342, 25.2497864], [55.3707708, 25.2496677], [55.3705637, 25.2496037], [55.3704316, 25.2495744], [55.37016, 25.2496192]]}}, {"type": "Feature", "properties": {"aeroway": "taxiway", "ref": null, "name": null, "surface": null, "id": 87186600}, "geometry": {"type": "LineString", "coordinates": [[55.359733, 25.2547768], [55.3598841, 25.2549002], [55.3600316, 25.2549702], [55.3602454, 25.2550002], [55.3604856, 25.2549823], [55.3603339, 25.2551669], [55.360297, 25.2553136], [55.360286, 25.255487], [55.3603341, 25.2556863], [55.3601975, 25.2555503], [55.3600574, 25.255497], [55.3598657, 25.255467], [55.3595998, 25.2554733]]}}, {"type": "Feature", "properties": {"aeroway": "taxiway", "ref": "L4", "name": null, "surface": null, "id": 87186605}, "geometry": {"type": "LineString", "coordinates": [[55.3509265, 25.2565676], [55.3511002, 25.2565256], [55.3511837, 25.2565354], [55.3512039, 25.2565378], [55.3513526, 25.2565786], [55.3514337, 25.2566153], [55.3515428, 25.2567001], [55.3515056, 25.2565793], [55.3514871, 25.2564749], [55.3515103, 25.2563503], [55.3515644, 25.2562525], [55.3516868, 25.2561467]]}}, {"type": "Feature", "properties": {"aeroway": "taxiway", "ref": null, "name": null, "surface": null, "id": 87186612}, "geometry": {"type": "LineString", "coordinates": [[55.3946513, 25.2335388], [55.3947714, 25.2336424], [55.3948921, 25.233704], [55.3949963, 25.2337279], [55.3951424, 25.2337188], [55.3952784, 25.2336757], [55.3951294, 25.2338119], [55.3950889, 25.2339046], [55.3950737, 25.2340353], [55.3950851, 25.2341371], [55.3951535, 25.2342708]]}}, {"type": "Feature", "properties": {"aeroway": "taxiway", "ref": null, "name": null, "surface": null, "id": 87186623}, "geometry": {"type": "LineString", "coordinates": [[55.3859687, 25.2388577], [55.385794, 25.23898], [55.3856525, 25.2390841], [55.3855777, 25.2391469], [55.3855434, 25.2392388], [55.3855257, 25.2393455], [55.3855286, 25.2394175], [55.3855918, 25.2395279]]}}, {"type": "Feature", "properties": {"aeroway": "taxiway", "ref": null, "name": null, "surface": null, "id": 87186638}, "geometry": {"type": "LineString", "coordinates": [[55.3769161, 25.2509271], [55.3771185, 25.2509518], [55.37725, 25.2510015], [55.3773673, 25.2510904], [55.3774316, 25.2511657], [55.377485, 25.2512787], [55.377485, 25.251435], [55.3774706, 25.2515522], [55.3773648, 25.2517232]]}}, {"type": "Feature", "properties": {"aeroway": "taxiway", "ref": "Z6", "name": null, "surface": null, "id": 87186645}, "geometry": {"type": "LineString", "coordinates": [[55.3538127, 25.2549606], [55.3543045, 25.2547734], [55.3548575, 25.2546901], [55.3550235, 25.2546918], [55.3552584, 25.2546942], [55.355793, 25.2546859], [55.3560372, 25.2546651], [55.3563483, 25.2545769]]}}, {"type": "Feature", "properties": {"aeroway": "taxiway", "ref": "K3", "name": null, "surface": null, "id": 87186651}, "geometry": {"type": "LineString", "coordinates": [[55.3646754, 25.2532464], [55.3644233, 25.2530836], [55.3642343, 25.2530266], [55.3639819, 25.2530441], [55.3636223, 25.2530347], [55.3633973, 25.2529289], [55.3632083, 25.2527824], [55.3629849, 25.2524386], [55.3624518, 25.2516273], [55.3622605, 25.2513352], [55.3620279, 25.2509938]]}}, {"type": "Feature", "properties": {"aeroway": "taxiway", "ref": "U1", "name": null, "surface": null, "id": 87186652}, "geometry": {"type": "LineString", "coordinates": [[55.3513233, 25.2515055], [55.3515222, 25.2514398], [55.3517464, 25.2513658], [55.3519844, 25.2513202], [55.3520641, 25.2513169], [55.3523811, 25.2513039], [55.3525434, 25.2512919], [55.3527344, 25.2512778], [55.352976, 25.2512289], [55.353227, 25.2511419]]}}, {"type": "Feature", "properties": {"aeroway": "taxiway", "ref": "U", "name": null, "surface": null, "id": 87186656}, "geometry": {"type": "LineString", "coordinates": [[55.3669094, 25.2452462], [55.3668815, 25.2452058], [55.3667464, 25.24501], [55.3665625, 25.2448175], [55.3663353, 25.2446675], [55.3659964, 25.2445207], [55.3656394, 25.2444555], [55.3654613, 25.2444555], [55.3653113, 25.2444555], [55.3650012, 25.2445207], [55.3647668, 25.2446088], [55.3646898, 25.2446516], [55.3644158, 25.2448039], [55.3638012, 25.2451454], [55.3637039, 25.2451995], [55.3631891, 25.2454856], [55.3625784, 25.2458251], [55.3623058, 25.2459742], [55.3621613, 25.246054], [55.3620587, 25.2461129], [55.3619792, 25.2461581], [55.3618014, 25.2462577], [55.3610843, 25.2466594], [55.3604992, 25.2469806], [55.3600794, 25.2472206], [55.3596582, 25.2474534], [55.3590624, 25.2477753], [55.3584691, 25.2481089], [55.3578224, 25.2484314], [55.3572374, 25.2487853], [55.3570199, 25.2489373], [55.3566515, 25.2492091], [55.3562787, 25.2494552], [55.355922, 25.2496666], [55.3554452, 25.2499159], [55.3551172, 25.2500972], [55.3548098, 25.2502671], [55.3546931, 25.2503323], [55.3546019, 25.250382], [55.3542897, 25.2505546], [55.3541315, 25.250642], [55.3535242, 25.2509776], [55.353227, 25.2511419], [55.3529866, 25.2512717], [55.3527979, 25.2513974], [55.3525359, 25.2515718], [55.352349, 25.2517083], [55.3521609, 25.2518457], [55.3520553, 25.2519197], [55.3519129, 25.2520195], [55.3518724, 25.2520479], [55.3515302, 25.2522238], [55.3511309, 25.2524528], [55.350928, 25.2525758], [55.3503465, 25.2528926], [55.3498928, 25.2531437], [55.3493158, 25.2535046], [55.3490687, 25.2537446], [55.348966, 25.2539156], [55.3489068, 25.25409], [55.3489001, 25.2542083], [55.3489097, 25.2543406], [55.3489837, 25.2545219], [55.3490054, 25.254575], [55.3490789, 25.2547059], [55.3491848, 25.2548729]]}}, {"type": "Feature", "properties": {"aeroway": "taxiway", "ref": null, "name": null, "surface": null, "id": 87186678}, "geometry": {"type": "LineString", "coordinates": [[55.3810724, 25.2429558], [55.3812237, 25.2430789], [55.3813711, 25.2431581], [55.3815416, 25.2431956], [55.3817942, 25.2431695], [55.3816983, 25.2432998], [55.3816338, 25.2434665], [55.3816246, 25.2436041], [55.38162, 25.2436999], [55.3816457, 25.2438177]]}}, {"type": "Feature", "properties": {"aeroway": "taxiway", "ref": null, "name": null, "surface": null, "id": 87186705}, "geometry": {"type": "LineString", "coordinates": [[55.3760139, 25.2493349], [55.3760213, 25.2491894], [55.3760138, 25.2490988], [55.3759924, 25.2490369], [55.3759669, 25.2489897], [55.3758996, 25.2489026], [55.375778, 25.2488026], [55.3756121, 25.2487459], [55.3753994, 25.2487476]]}}, {"type": "Feature", "properties": {"aeroway": "taxiway", "ref": null, "name": null, "surface": null, "id": 87186715}, "geometry": {"type": "LineString", "coordinates": [[55.3631242, 25.2594725], [55.3630874, 25.2596222], [55.3630848, 25.2596952], [55.3631075, 25.2598187]]}}, {"type": "Feature", "properties": {"aeroway": "taxiway", "ref": "N2", "name": null, "surface": null, "id": 87186725}, "geometry": {"type": "LineString", "coordinates": [[55.3535926, 25.2628647], [55.3538843, 25.2632779], [55.3541515, 25.2637004], [55.3543923, 25.2640733], [55.3545737, 25.2643408]]}}, {"type": "Feature", "properties": {"aeroway": "taxiway", "ref": null, "name": null, "surface": null, "id": 87186730}, "geometry": {"type": "LineString", "coordinates": [[55.3460587, 25.2639895], [55.3458965, 25.2638724], [55.3457331, 25.2638265], [55.3455257, 25.2638712]]}}, {"type": "Feature", "properties": {"aeroway": "taxiway", "ref": null, "name": null, "surface": null, "id": 87186740}, "geometry": {"type": "LineString", "coordinates": [[55.3698651, 25.2481808], [55.3698293, 25.2480575], [55.3698384, 25.2479802], [55.3698586, 25.2479079], [55.3698755, 25.2478632], [55.3699168, 25.2477833], [55.370074, 25.2476521], [55.3699072, 25.2476997], [55.3697587, 25.2476987], [55.369656, 25.2476735], [55.3695448, 25.2476233], [55.3694856, 25.2475719], [55.3694373, 25.2475232]]}}, {"type": "Feature", "properties": {"aeroway": "taxiway", "ref": "M", "name": null, "surface": null, "id": 87186751}, "geometry": {"type": "LineString", "coordinates": [[55.3966214, 25.2364646], [55.3966711, 25.2365923], [55.3966846, 25.2367031], [55.3966612, 25.2367964], [55.3966226, 25.2368883], [55.3965605, 25.2369794], [55.3964313, 25.2370808], [55.3963618, 25.2371182], [55.395591, 25.2375533], [55.3955432, 25.2375794], [55.3948039, 25.2379841], [55.3938203, 25.2385225], [55.393751, 25.2385604], [55.3909978, 25.2400908], [55.3899324, 25.240686], [55.3887408, 25.241333], [55.3883804, 25.2415287], [55.3876928, 25.2419305], [55.38694, 25.2423492], [55.3867992, 25.2424313], [55.3864433, 25.2426224], [55.3859976, 25.2428697], [55.3854777, 25.2431567], [55.3850616, 25.2433879], [55.384724, 25.2435754], [55.384009, 25.2439672], [55.3833808, 25.244314], [55.3827488, 25.2446628], [55.3823664, 25.2448751]]}}, {"type": "Feature", "properties": {"aeroway": "taxiway", "ref": "L4", "name": null, "surface": null, "id": 95136128}, "geometry": {"type": "LineString", "coordinates": [[55.3515428, 25.2567001], [55.3515975, 25.2567826], [55.351814, 25.2571258], [55.3520512, 25.2574602], [55.3521275, 25.2575773], [55.3532393, 25.2592214], [55.353808, 25.2600898]]}}, {"type": "Feature", "properties": {"aeroway": "taxiway", "ref": "P6", "name": null, "surface": null, "id": 95136134}, "geometry": {"type": "LineString", "coordinates": [[55.3738465, 25.25415], [55.3739901, 25.2542636], [55.3741662, 25.2543297], [55.3744031, 25.2543385]]}}, {"type": "Feature", "properties": {"aeroway": "taxiway", "ref": "P6", "name": null, "surface": null, "id": 95136135}, "geometry": {"type": "LineString", "coordinates": [[55.3738465, 25.25415], [55.3739042, 25.2543025], [55.3738913, 25.2544734], [55.3738049, 25.2546707]]}}, {"type": "Feature", "properties": {"aeroway": "runway", "ref": "12L/30R", "name": null, "surface": "asphalt", "id": 95511342}, "geometry": {"type": "LineString", "coordinates": [[55.3504159, 25.2646315], [55.3507493, 25.2644464], [55.3513342, 25.2641217], [55.3530462, 25.2631687], [55.3535926, 25.2628647], [55.3541046, 25.2625839], [55.3571358, 25.2609012], [55.3607913, 25.258872], [55.3615128, 25.2584715], [55.3620176, 25.2581912], [55.3625695, 25.2578849], [55.3660274, 25.2559653], [55.3687136, 25.2544769], [55.3721221, 25.2525819], [55.3726235, 25.2523035], [55.3731229, 25.2520263], [55.3738346, 25.2516312], [55.3791618, 25.2486737], [55.3795392, 25.2484642], [55.3798623, 25.2482848], [55.3800139, 25.2482007], [55.3803922, 25.2479983], [55.3808343, 25.2477452], [55.3809094, 25.2477035]]}}, {"type": "Feature", "properties": {"aeroway": "terminal", "ref": null, "name": "\u0645\u0628\u0646\u0649 3", "surface": null, "id": 98425182}, "geometry": {"type": "Polygon", "coordinates": [[[55.3603857, 25.2454449], [55.3607994, 25.2452211], [55.3610581, 25.2450812], [55.3611392, 25.2450374], [55.3610837, 25.2449535], [55.3610725, 25.2449365], [55.3612523, 25.2448393], [55.3613811, 25.2450342], [55.3588269, 25.2464158], [55.3587647, 25.2463217], [55.3588514, 25.2462748], [55.3590893, 25.2461462], [55.3593736, 25.2459924], [55.3595752, 25.2458833], [55.3603857, 25.2454449]]]}}, {"type": "Feature", "properties": {"aeroway": "terminal", "ref": null, "name": "\u0645\u0628\u0646\u0649 1", "surface": null, "id": 98425196}, "geometry": {"type": "Polygon", "coordinates": [[[55.352101, 25.2501407], [55.353417, 25.2494103], [55.3534004, 25.2493858], [55.3552951, 25.2483344], [55.355317, 25.2483666], [55.3558728, 25.2480582], [55.3558496, 25.2480239], [55.3560244, 25.2479269], [55.3555369, 25.2472083], [55.3543276, 25.2478793], [55.3541202, 25.2479944], [55.3538433, 25.2481481], [55.3534615, 25.2483599], [55.3532399, 25.2484829], [55.3530718, 25.2485762], [55.3528321, 25.2487135], [55.3524317, 25.2489357], [55.3522284, 25.2490442], [55.3515709, 25.249409], [55.3511995, 25.2496151], [55.3502517, 25.2501105], [55.3500497, 25.250216], [55.3500223, 25.2502303], [55.3505208, 25.2510157], [55.351138, 25.250675], [55.3512748, 25.2508762], [55.3516782, 25.2506439], [55.3522196, 25.2503221], [55.3521946, 25.2502842], [55.352101, 25.2501407]]]}}, {"type": "Feature", "properties": {"aeroway": "terminal", "ref": null, "name": "\u0627\u0644\u0645\u0628\u0646\u0649 \u0662", "surface": null, "id": 98425234}, "geometry": {"type": "Polygon", "coordinates": [[[55.3556281, 25.2663855], [55.3552777, 25.2665801], [55.3546426, 25.2669328], [55.3540513, 25.2672612], [55.353895, 25.267348], [55.3539612, 25.2674454], [55.3543236, 25.2679792], [55.3543936, 25.2680823], [55.3548343, 25.2678376], [55.3551739, 25.267649], [55.355465, 25.2674874], [55.3561268, 25.2671199], [55.3560688, 25.2670345], [55.3586051, 25.265626], [55.3593122, 25.2652333], [55.3599686, 25.2648689], [55.3602476, 25.264714], [55.3603371, 25.2646643], [55.3599453, 25.2640873], [55.3594518, 25.2643613], [55.3593928, 25.2642744], [55.3581147, 25.2649841], [55.3581719, 25.2650684], [55.3556752, 25.2664548], [55.3556281, 25.2663855]]]}}, {"type": "Feature", "properties": {"aeroway": "hangar", "ref": null, "name": "Execujet Hangar", "surface": null, "id": 117085308}, "geometry": {"type": "Polygon", "coordinates": [[[55.37112, 25.2578895], [55.3714199, 25.258333], [55.3721401, 25.2579347], [55.3718429, 25.2574952], [55.3719031, 25.2574619], [55.3718713, 25.257415], [55.371659, 25.2575324], [55.3714468, 25.2576498], [55.371241, 25.2577635], [55.371036, 25.2578769], [55.3710458, 25.2578915], [55.371065, 25.2579199], [55.37112, 25.2578895]]]}}, {"type": "Feature", "properties": {"aeroway": "terminal", "ref": null, "name": "\u062c\u0646\u0627\u062d \u0627\u0644\u0637\u064a\u0631\u0627\u0646 \u0627\u0644\u0645\u0644\u0643\u064a", "surface": null, "id": 146030485}, "geometry": {"type": "Polygon", "coordinates": [[[55.3926807, 25.23251], [55.3927093, 25.2325657], [55.3930094, 25.2324397], [55.3933103, 25.2323232], [55.3936146, 25.2322143], [55.3939222, 25.2321132], [55.3942328, 25.2320199], [55.3945462, 25.2319346], [55.3948621, 25.2318573], [55.3951803, 25.231788], [55.3955005, 25.2317268], [55.3953342, 25.2308934], [55.3950052, 25.230955], [55.3946784, 25.2310256], [55.3943815, 25.2310983], [55.394087, 25.2311785], [55.3939609, 25.2308261], [55.3936225, 25.2309242], [55.3932869, 25.23103], [55.3929544, 25.2311434], [55.3926251, 25.2312643], [55.3922993, 25.2313926], [55.3923052, 25.2314036], [55.3921794, 25.2314519], [55.3921045, 25.2313107], [55.3920587, 25.2312244], [55.3918042, 25.2313349], [55.3918518, 25.2314247], [55.3919292, 25.2315704], [55.3917369, 25.2316535], [55.391731, 25.2316425], [55.3914665, 25.2317715], [55.3912072, 25.2319039], [55.3909505, 25.2320414], [55.3907034, 25.2321813], [55.3904577, 25.2323261], [55.3902794, 25.2324361], [55.3905155, 25.2327446], [55.3901972, 25.2329484], [55.3899376, 25.2331246], [55.3898463, 25.2331901], [55.3896834, 25.233307], [55.3894602, 25.2334689], [55.3900619, 25.2341133], [55.3902867, 25.2339481], [55.390543, 25.2337628], [55.3908051, 25.2335843], [55.3910729, 25.2334128], [55.391346, 25.2332483], [55.3916243, 25.2330911], [55.3919075, 25.2329412], [55.3921954, 25.2327988], [55.3924878, 25.2326641], [55.3924563, 25.2326053], [55.3924835, 25.2325937], [55.3925515, 25.2327217], [55.3925675, 25.232752], [55.3927367, 25.2326784], [55.39272, 25.232647], [55.3926534, 25.2325216], [55.3926807, 25.23251]]]}}, {"type": "Feature", "properties": {"aeroway": "terminal", "ref": null, "name": null, "surface": null, "id": 146030840}, "geometry": {"type": "Polygon", "coordinates": [[[55.3890483, 25.2341628], [55.388958, 25.2340706], [55.3889276, 25.2340395], [55.3890125, 25.2339696], [55.3890419, 25.2339996], [55.3892097, 25.2341709], [55.3892474, 25.2342022], [55.3892879, 25.2342299], [55.3893188, 25.234248], [55.3893651, 25.23427], [55.3894248, 25.23429], [55.3894869, 25.2343029], [55.3895504, 25.2343084], [55.3895554, 25.2342132], [55.3894989, 25.2342066], [55.3894398, 25.2341935], [55.3893977, 25.2341797], [55.3893688, 25.2341661], [55.3893212, 25.2341407], [55.3892811, 25.2341137], [55.3891116, 25.2339407], [55.3890831, 25.2339116], [55.3892373, 25.2337847], [55.3893257, 25.233712], [55.3889526, 25.2333409], [55.3888677, 25.2334101], [55.3885671, 25.2336585], [55.3884787, 25.2335672], [55.3883521, 25.233438], [55.3883169, 25.2334021], [55.3882529, 25.2333367], [55.3881758, 25.2333986], [55.3881943, 25.2334175], [55.3882756, 25.2335005], [55.3884038, 25.2336314], [55.3884908, 25.2337212], [55.3882438, 25.2339242], [55.388115, 25.23403], [55.3884881, 25.2344011], [55.3886144, 25.2343018], [55.3887213, 25.2342092], [55.388754, 25.234243], [55.3889177, 25.2344097], [55.3889439, 25.2344551], [55.3889628, 25.2344988], [55.3889796, 25.2345515], [55.3889892, 25.2346017], [55.3889931, 25.2346526], [55.3889911, 25.2347036], [55.3890897, 25.2347072], [55.3890919, 25.2346449], [55.3890864, 25.2345828], [55.3890734, 25.2345216], [55.389053, 25.2344621], [55.3890399, 25.234435], [55.389018, 25.2343934], [55.3889909, 25.234351], [55.3888258, 25.2341824], [55.3887937, 25.2341497], [55.3888513, 25.2341023], [55.3888827, 25.2341343], [55.3889712, 25.2342247], [55.3890483, 25.2341628]]]}}, {"type": "Feature", "properties": {"aeroway": "runway", "ref": "12R/30L", "name": null, "surface": "asphalt", "id": 152351328}, "geometry": {"type": "LineString", "coordinates": [[55.3948633, 25.2359239], [55.3947386, 25.235993], [55.3945762, 25.2360786], [55.3941946, 25.2362732], [55.3937322, 25.2365371], [55.388994, 25.2391779], [55.3880206, 25.2397176], [55.3867544, 25.2404196], [55.3862882, 25.2406781], [55.385809, 25.2409437], [55.3829378, 25.2425355], [55.3817942, 25.2431695], [55.3813695, 25.243405], [55.3809546, 25.243635], [55.3796158, 25.2443772], [55.3791458, 25.2446377], [55.3787448, 25.24486], [55.3783193, 25.2450959], [55.377858, 25.2453517], [55.3775393, 25.2455284], [55.3744462, 25.2472431], [55.374118, 25.247425], [55.3735392, 25.2477459], [55.3713792, 25.2489434], [55.3711122, 25.2490914], [55.3706441, 25.2493509], [55.37016, 25.2496192], [55.3658388, 25.2520147], [55.3647816, 25.2526008], [55.3643612, 25.2528338], [55.3639819, 25.2530441], [55.3631074, 25.2535289], [55.3604856, 25.2549823], [55.3600317, 25.2552338], [55.3595998, 25.2554733], [55.3588004, 25.2559164], [55.3584161, 25.2561294], [55.3582935, 25.2561974]]}}, {"type": "Feature", "properties": {"aeroway": "taxiway", "ref": "N6", "name": null, "surface": null, "id": 167279602}, "geometry": {"type": "LineString", "coordinates": [[55.3687136, 25.2544769], [55.3696276, 25.2541026], [55.3701345, 25.2539671], [55.3708949, 25.2538577], [55.3718396, 25.2538324], [55.3721755, 25.2538264], [55.3730665, 25.2538056], [55.3734058, 25.2538016], [55.3734461, 25.2538011], [55.3735237, 25.2538002], [55.3736203, 25.2537872]]}}, {"type": "Feature", "properties": {"aeroway": "apron", "ref": "Apron C", "name": null, "surface": null, "id": 177904177}, "geometry": {"type": "Polygon", "coordinates": [[[55.3410027, 25.2662877], [55.3404935, 25.265524], [55.340291, 25.265636], [55.3401606, 25.2657082], [55.3400025, 25.2657959], [55.3399677, 25.2658101], [55.3399328, 25.2658157], [55.3399007, 25.2658137], [55.3398675, 25.2658074], [55.3398346, 25.2657935], [55.3395187, 25.2655224], [55.3394899, 25.2654888], [55.3394732, 25.2654547], [55.3394638, 25.2654187], [55.3394635, 25.2653839], [55.3394715, 25.265346], [55.3395063, 25.2652696], [55.3395321, 25.2652297], [55.3395932, 25.2651609], [55.3396626, 25.2651072], [55.3400811, 25.264888], [55.3401271, 25.2648626], [55.3406911, 25.2645508], [55.3407359, 25.264526], [55.3413126, 25.2642072], [55.341354, 25.2641843], [55.3419252, 25.2638685], [55.3419744, 25.2638413], [55.3425415, 25.2635278], [55.3425832, 25.2635048], [55.3432066, 25.2631601], [55.3434658, 25.2630167], [55.3433876, 25.2629002], [55.3432333, 25.2626704], [55.3432266, 25.2626456], [55.3432276, 25.2626201], [55.3432351, 25.2625981], [55.3432483, 25.2625785], [55.3432665, 25.2625624], [55.3438092, 25.2622612], [55.3438528, 25.262237], [55.3444212, 25.2619215], [55.3444629, 25.2618984], [55.3450314, 25.2615829], [55.3450745, 25.2615589], [55.3456942, 25.261215], [55.3457188, 25.2612017], [55.3457464, 25.2611947], [55.345775, 25.2611944], [55.3458021, 25.2612005], [55.3458266, 25.2612127], [55.3458468, 25.2612301], [55.3470087, 25.2622031], [55.3470262, 25.2622243], [55.3470363, 25.2622492], [55.3470384, 25.2622756], [55.3470333, 25.2622984], [55.3470221, 25.2623194], [55.3470056, 25.2623372], [55.3469847, 25.2623508], [55.3462104, 25.2627797], [55.3456357, 25.263098], [55.3455905, 25.2631231], [55.3450148, 25.2634419], [55.3449779, 25.2634623], [55.3443548, 25.2638075], [55.3439914, 25.2640088], [55.3441821, 25.2643065], [55.3441982, 25.2643421], [55.3442067, 25.2643797], [55.3442073, 25.2644181], [55.3441999, 25.264456], [55.3441877, 25.2644865], [55.3441704, 25.2645148], [55.3441483, 25.2645403], [55.3441221, 25.2645624], [55.3440912, 25.2645795], [55.3433414, 25.2649942], [55.3432982, 25.2650181], [55.3426075, 25.2654001], [55.3425568, 25.2654282], [55.3418676, 25.2658093], [55.3418215, 25.2658348], [55.3410607, 25.2662555], [55.3410027, 25.2662877]]]}}, {"type": "Feature", "properties": {"aeroway": "apron", "ref": "Apron C", "name": null, "surface": null, "id": 177904190}, "geometry": {"type": "Polygon", "coordinates": [[[55.3391512, 25.2603495], [55.3392096, 25.2603744], [55.3392622, 25.260411], [55.3392821, 25.2604406], [55.3396353, 25.2609665], [55.3396683, 25.2610156], [55.3400169, 25.2615346], [55.3400476, 25.2615802], [55.3403901, 25.2620901], [55.3404224, 25.2621383], [55.3407803, 25.2626712], [55.3410145, 25.2630197], [55.341028, 25.2630553], [55.3410339, 25.2630905], [55.3410336, 25.2631442], [55.3410267, 25.2631983], [55.3407186, 25.2633697], [55.3403271, 25.2635875], [55.340222, 25.2634367], [55.3401478, 25.2633256], [55.3400414, 25.2631589], [55.3398942, 25.2628544], [55.339822, 25.2627421], [55.3395171, 25.2622933], [55.3394474, 25.2621882], [55.3391456, 25.2617336], [55.3390741, 25.2616259], [55.338774, 25.2611738], [55.3387048, 25.2610651], [55.3386816, 25.2610109], [55.3386662, 25.2609544], [55.338659, 25.2608966], [55.3386602, 25.2608385], [55.3386696, 25.2607809], [55.338688, 25.2607229], [55.3387147, 25.2606676], [55.3387495, 25.2606161], [55.3387915, 25.2605692], [55.3388401, 25.2605279], [55.3388944, 25.2604928], [55.3391512, 25.2603495]]]}}, {"type": "Feature", "properties": {"aeroway": "apron", "ref": "Apron C", "name": null, "surface": null, "id": 177904191}, "geometry": {"type": "Polygon", "coordinates": [[[55.3420896, 25.2675587], [55.3422007, 25.2674971], [55.3424669, 25.2673494], [55.3425734, 25.2672903], [55.34283, 25.2671479], [55.3429345, 25.2670899], [55.3431923, 25.2669468], [55.3433036, 25.2668851], [55.3435601, 25.2667428], [55.343672, 25.2666807], [55.343934, 25.2665353], [55.3440415, 25.2664756], [55.3442184, 25.2663775], [55.3442462, 25.2663566], [55.3442633, 25.2663273], [55.3442706, 25.2663097], [55.344275, 25.2662913], [55.3442764, 25.2662663], [55.3442725, 25.2662416], [55.3442636, 25.2662179], [55.3441308, 25.2660184], [55.3441094, 25.2659919], [55.3440825, 25.26597], [55.3440511, 25.2659536], [55.3440166, 25.2659435], [55.3439104, 25.2660025], [55.3435622, 25.2661961], [55.3435201, 25.2662196], [55.3431889, 25.2664037], [55.3431515, 25.2664245], [55.3428191, 25.2666094], [55.342785, 25.2666284], [55.3424414, 25.2668194], [55.3424166, 25.2668332], [55.3420697, 25.2670261], [55.3420428, 25.2670411], [55.3417121, 25.267225], [55.3418485, 25.2674342], [55.3420179, 25.2674658], [55.3420896, 25.2675587]]]}}, {"type": "Feature", "properties": {"aeroway": "terminal", "ref": null, "name": "Concourse A", "surface": null, "id": 231888210}, "geometry": {"type": "Polygon", "coordinates": [[[55.3698419, 25.2450698], [55.3700171, 25.2449727], [55.3700312, 25.2449644], [55.3705764, 25.2446635], [55.3705828, 25.2446593], [55.3710428, 25.2444044], [55.3712393, 25.2442955], [55.3714927, 25.2441552], [55.3715132, 25.244144], [55.3715225, 25.2441387], [55.371619, 25.2440852], [55.3718512, 25.2439565], [55.3722639, 25.2437275], [55.3722743, 25.2437221], [55.3730223, 25.2433076], [55.3730315, 25.2433027], [55.3733139, 25.2431462], [55.3735704, 25.243004], [55.3737001, 25.2429322], [55.3737693, 25.2428934], [55.3737767, 25.2428898], [55.3739464, 25.2427958], [55.3741374, 25.2426899], [55.3745214, 25.2424649], [55.374533, 25.2424571], [55.3752614, 25.2420314], [55.3752716, 25.2420248], [55.3753539, 25.2419772], [55.3752121, 25.2417327], [55.3752011, 25.2417169], [55.3751105, 25.241573], [55.3750269, 25.2414456], [55.3750195, 25.2414353], [55.3748402, 25.2411936], [55.3747482, 25.2412484], [55.374737, 25.2412544], [55.374013, 25.2416859], [55.3740003, 25.2416932], [55.3736041, 25.2419292], [55.373416, 25.2420334], [55.3732626, 25.2421183], [55.3732492, 25.2421258], [55.3731645, 25.2421727], [55.3730433, 25.2422399], [55.3727735, 25.2423894], [55.3725219, 25.2425288], [55.3725046, 25.2425387], [55.3717616, 25.24295], [55.3717481, 25.2429573], [55.3712728, 25.2432208], [55.3710769, 25.2433293], [55.371017, 25.243362], [55.3710074, 25.2433678], [55.3709503, 25.2433995], [55.3706982, 25.2435392], [55.3705122, 25.2436422], [55.3700634, 25.2438908], [55.3700494, 25.243899], [55.3695034, 25.2442011], [55.3694905, 25.2442077], [55.3693218, 25.2443017], [55.3694597, 25.2445053], [55.3694675, 25.2445174], [55.3696666, 25.2448109], [55.369675, 25.2448239], [55.3698419, 25.2450698]]]}}, {"type": "Feature", "properties": {"aeroway": "taxiway", "ref": null, "name": null, "surface": null, "id": 249210518}, "geometry": {"type": "LineString", "coordinates": [[55.3712507, 25.251047], [55.3714012, 25.2508914], [55.3714417, 25.2508014], [55.3714491, 25.2506847], [55.3714299, 25.2505253], [55.3715855, 25.2506247], [55.3717308, 25.2506536], [55.3718362, 25.2506647], [55.3720185, 25.2506238]]}}, {"type": "Feature", "properties": {"aeroway": "taxiway", "ref": "P7", "name": null, "surface": null, "id": 249210713}, "geometry": {"type": "LineString", "coordinates": [[55.3767437, 25.2535496], [55.3767901, 25.2536286], [55.3773039, 25.2544244], [55.3773316, 25.2544645], [55.3773706, 25.254515], [55.3774323, 25.2545684], [55.3774779, 25.2545927], [55.3775322, 25.2546166], [55.3775919, 25.2546577], [55.3776384, 25.2547053], [55.3776692, 25.2547512], [55.3781836, 25.2555168], [55.3786106, 25.2561525], [55.3786946, 25.2562776], [55.3792062, 25.2570391], [55.3794684, 25.2574294]]}}, {"type": "Feature", "properties": {"aeroway": "taxiway", "ref": null, "name": null, "surface": null, "id": 249210714}, "geometry": {"type": "LineString", "coordinates": [[55.3761471, 25.2533667], [55.3763252, 25.2533264], [55.3764808, 25.2533604], [55.3766136, 25.253415], [55.3767437, 25.2535496], [55.3766726, 25.2533859], [55.3766833, 25.2532209], [55.3767209, 25.2530996], [55.376838, 25.2529817]]}}, {"type": "Feature", "properties": {"aeroway": "taxiway", "ref": null, "name": null, "surface": null, "id": 249210715}, "geometry": {"type": "LineString", "coordinates": [[55.3739755, 25.2535922], [55.3738629, 25.2537202], [55.3738186, 25.2538269], [55.3738076, 25.2539569], [55.3738112, 25.2540369], [55.3738465, 25.25415], [55.3737412, 25.2540536], [55.3736527, 25.2540069], [55.3735237, 25.2539669], [55.3734205, 25.2539636], [55.3732693, 25.2539848]]}}, {"type": "Feature", "properties": {"aeroway": "taxiway", "ref": "P", "name": null, "surface": null, "id": 249210729}, "geometry": {"type": "LineString", "coordinates": [[55.3823166, 25.2499389], [55.3822247, 25.2499848], [55.3819546, 25.2501309], [55.3814942, 25.2503933], [55.3811554, 25.2505751], [55.3810801, 25.2506175], [55.3810124, 25.2506556], [55.3802823, 25.2510624], [55.3800434, 25.2511955], [55.379378, 25.2515663], [55.3788435, 25.2518642], [55.3787823, 25.2518983], [55.3786704, 25.2519607], [55.3786067, 25.2519962], [55.3780099, 25.2523287], [55.3779387, 25.2523684], [55.377847, 25.2524195], [55.377733, 25.252483], [55.376838, 25.2529817], [55.3761471, 25.2533667], [55.3755787, 25.2536834], [55.3751509, 25.2539218], [55.3748369, 25.2540968], [55.3744031, 25.2543385], [55.3743501, 25.2543679], [55.3741546, 25.2544765], [55.3739636, 25.2545825], [55.3738049, 25.2546707], [55.3736146, 25.2547743], [55.3735328, 25.2548188], [55.3732158, 25.2549963], [55.373162, 25.255026], [55.3729708, 25.2551317], [55.3727777, 25.2552385], [55.3725963, 25.2553387], [55.3720265, 25.2556537], [55.3716893, 25.25584], [55.3713389, 25.2560337], [55.3710012, 25.2562204], [55.3706492, 25.256415], [55.3703018, 25.256607], [55.3701315, 25.2567011], [55.3699556, 25.2567983], [55.3696114, 25.2569886], [55.3691643, 25.2572357], [55.3686788, 25.2575041], [55.3684403, 25.2576359], [55.3681128, 25.2578169], [55.3674992, 25.258156], [55.3672307, 25.2583044], [55.3668846, 25.2584957], [55.3665106, 25.2587025], [55.3662609, 25.2588405], [55.3657867, 25.2591026], [55.3657551, 25.2591201], [55.3656474, 25.2591796], [55.3653577, 25.2593397], [55.3650272, 25.2595224], [55.3644224, 25.2598567], [55.3638383, 25.2601795], [55.3637981, 25.2602013], [55.363147, 25.2605546], [55.3631249, 25.2605669], [55.3627234, 25.2607905], [55.3623744, 25.2609848], [55.3616442, 25.2613914], [55.3609724, 25.2617655], [55.3603573, 25.262108], [55.3600588, 25.2622742], [55.359748, 25.2624472], [55.3591213, 25.2627961], [55.3585138, 25.2631344], [55.3584717, 25.2631579], [55.3581068, 25.2633611], [55.3578945, 25.2634793], [55.3577115, 25.2635812], [55.3575473, 25.2636726], [55.3573356, 25.2637905], [55.3572834, 25.2638195], [55.3569201, 25.2640218], [55.3568001, 25.2640886], [55.356677, 25.2641572], [55.3565616, 25.2642215], [55.3561936, 25.2644264], [55.3560196, 25.2645232], [55.3558092, 25.2646403], [55.3554507, 25.26484], [55.3554313, 25.2648507], [55.3553211, 25.2649113], [55.3550457, 25.2650629], [55.3546457, 25.2652831], [55.3545068, 25.2653568], [55.3541117, 25.265577], [55.3540575, 25.2656068], [55.353909, 25.2656885], [55.3537286, 25.2657878], [55.3534445, 25.2659442], [55.3532071, 25.2660748], [55.3528307, 25.266282], [55.3522193, 25.2666185], [55.3519368, 25.266774], [55.3515996, 25.2669595], [55.3514034, 25.2670675], [55.3509878, 25.2672962], [55.3508889, 25.2673506], [55.3505607, 25.2675312]]}}, {"type": "Feature", "properties": {"aeroway": "taxiway", "ref": "P9", "name": null, "surface": null, "id": 249210730}, "geometry": {"type": "LineString", "coordinates": [[55.3824813, 25.2493833], [55.3825042, 25.2494779], [55.3825158, 25.2495256], [55.3825127, 25.2496631], [55.3824337, 25.2498249], [55.3823166, 25.2499389], [55.3824742, 25.2498755], [55.3826029, 25.2498683], [55.3827361, 25.2498944], [55.382843, 25.2499471], [55.3829449, 25.2500296]]}}, {"type": "Feature", "properties": {"aeroway": "taxiway", "ref": null, "name": null, "surface": null, "id": 249210742}, "geometry": {"type": "LineString", "coordinates": [[55.3811745, 25.2491215], [55.3812043, 25.2492616], [55.381208, 25.2494116], [55.381149, 25.2495417], [55.3810495, 25.2496617], [55.3812538, 25.2496354], [55.3814134, 25.2496755], [55.381522, 25.2497203], [55.3816226, 25.2497956]]}}, {"type": "Feature", "properties": {"aeroway": "taxiway", "ref": null, "name": null, "surface": null, "id": 249210743}, "geometry": {"type": "LineString", "coordinates": [[55.3824462, 25.2493337], [55.3823478, 25.2492903], [55.3822508, 25.2492387], [55.3821467, 25.2492055], [55.3819963, 25.2491967], [55.3818391, 25.2492389], [55.3818981, 25.2491722], [55.3819738, 25.2490775], [55.3820189, 25.2489663], [55.3820295, 25.2488778], [55.3820167, 25.2487865], [55.381983, 25.2486849]]}}, {"type": "Feature", "properties": {"aeroway": "taxiway", "ref": "P4", "name": null, "surface": null, "id": 249211227}, "geometry": {"type": "LineString", "coordinates": [[55.3633677, 25.2594686], [55.3632901, 25.2595544], [55.3632264, 25.2596483], [55.3631998, 25.2597356], [55.3631902, 25.2598135], [55.3632052, 25.2598915], [55.3632341, 25.2599973], [55.3631344, 25.2599214], [55.3630377, 25.2598787], [55.3629126, 25.2598467], [55.3628135, 25.2598382], [55.3626607, 25.2598574]]}}, {"type": "Feature", "properties": {"aeroway": "taxiway", "ref": "P5", "name": null, "surface": null, "id": 249211228}, "geometry": {"type": "LineString", "coordinates": [[55.3680578, 25.2568797], [55.3682773, 25.2568548], [55.3684114, 25.2568985], [55.3685951, 25.2570428], [55.3687493, 25.2571748], [55.368917, 25.257232], [55.3690605, 25.257233], [55.3691447, 25.2572143], [55.3692174, 25.2571981]]}}, {"type": "Feature", "properties": {"aeroway": "taxiway", "ref": "P5", "name": null, "surface": null, "id": 249211229}, "geometry": {"type": "LineString", "coordinates": [[55.3687084, 25.2565198], [55.3685951, 25.2566644], [55.3685509, 25.2568112], [55.3685616, 25.2569421], [55.3685951, 25.2570428], [55.3686541, 25.2571981], [55.3686528, 25.2573106], [55.3685991, 25.2574513], [55.3685254, 25.2575571], [55.3684403, 25.2576359]]}}, {"type": "Feature", "properties": {"aeroway": "taxiway", "ref": null, "name": null, "surface": null, "id": 249211368}, "geometry": {"type": "LineString", "coordinates": [[55.346942, 25.2645121], [55.3468412, 25.2646061], [55.3467845, 25.2647023], [55.3467528, 25.2648026], [55.3467387, 25.2649042], [55.3467899, 25.2650593], [55.3466709, 25.2649723], [55.346567, 25.2649169], [55.3464205, 25.2648914], [55.3462164, 25.2649027]]}}, {"type": "Feature", "properties": {"aeroway": "taxiway", "ref": "P3", "name": null, "surface": null, "id": 249211370}, "geometry": {"type": "LineString", "coordinates": [[55.3584964, 25.2621658], [55.3586912, 25.2621354], [55.3588441, 25.2621645], [55.3589701, 25.26223], [55.3590813, 25.2623285], [55.3591928, 25.2624338], [55.3593376, 25.262492], [55.3595254, 25.2625114], [55.359748, 25.2624472]]}}, {"type": "Feature", "properties": {"aeroway": "taxiway", "ref": "P3", "name": null, "surface": null, "id": 249211371}, "geometry": {"type": "LineString", "coordinates": [[55.3592052, 25.2617729], [55.3590855, 25.2619001], [55.3590304, 25.2620471], [55.3590291, 25.2622131], [55.3590813, 25.2623285], [55.3591242, 25.2624741], [55.3591257, 25.2626012], [55.359064, 25.2627467], [55.3589406, 25.2628922]]}}, {"type": "Feature", "properties": {"aeroway": "apron", "ref": null, "name": "Apron F", "surface": null, "id": 249211613}, "geometry": {"type": "Polygon", "coordinates": [[[55.349677, 25.2546742], [55.3497358, 25.2547565], [55.3498938, 25.2549962], [55.3503434, 25.2556711], [55.3505203, 25.2559332], [55.3505763, 25.2559839], [55.3506802, 25.2560272], [55.350743, 25.2560253], [55.3507984, 25.2560142], [55.3513539, 25.2557229], [55.3519681, 25.2553698], [55.3524266, 25.2551128], [55.3524793, 25.2550769], [55.3527699, 25.2548608], [55.35338, 25.2545265], [55.3541118, 25.2541255], [55.3548701, 25.25371], [55.3556031, 25.2533083], [55.3563367, 25.2529063], [55.3570481, 25.2525164], [55.3570945, 25.2524912], [55.3577718, 25.2521222], [55.3603949, 25.2506933], [55.3611077, 25.2502959], [55.3613813, 25.2501468], [55.3620654, 25.2497659], [55.3621144, 25.2497389], [55.362808, 25.249353], [55.3628527, 25.2493284], [55.3635409, 25.248947], [55.3635902, 25.2489198], [55.3642818, 25.2485367], [55.3643264, 25.2485122], [55.3649011, 25.2481961], [55.3649545, 25.2481667], [55.3655281, 25.2478457], [55.365569, 25.2478232], [55.3661088, 25.2475233], [55.3663547, 25.2474378], [55.3668142, 25.247278], [55.366988, 25.2471266], [55.3670596, 25.2469971], [55.3671509, 25.2468318], [55.367167, 25.2467435], [55.3671534, 25.2466169], [55.3671194, 25.2465216], [55.3667667, 25.2459293], [55.366453, 25.2461074], [55.3660482, 25.2463037], [55.366079, 25.2464379], [55.3662088, 25.2464806], [55.3663588, 25.2464692], [55.3654894, 25.2469459], [55.3653195, 25.2470391], [55.3648827, 25.2472786], [55.3646878, 25.2473855], [55.3642598, 25.2476202], [55.3640748, 25.2477216], [55.3635794, 25.2479933], [55.363391, 25.2480949], [55.3628362, 25.2483939], [55.3626487, 25.248495], [55.3620908, 25.2487957], [55.3619161, 25.2488899], [55.3618958, 25.2489012], [55.3613527, 25.2492035], [55.361157, 25.2493125], [55.3604296, 25.2497174], [55.3602501, 25.2498174], [55.3597249, 25.2501097], [55.3595365, 25.2502146], [55.35886, 25.2505912], [55.3586295, 25.2506615], [55.3575293, 25.2512426], [55.3573069, 25.2513671], [55.3570391, 25.2515247], [55.3568621, 25.2516246], [55.3563192, 25.2519213], [55.3561479, 25.2520176], [55.3540255, 25.2531856], [55.352309, 25.2541603], [55.3522807, 25.2542323], [55.3518715, 25.2544859], [55.3518029, 25.2545284], [55.3517504, 25.2545565], [55.3512528, 25.2548234], [55.351129, 25.2548898], [55.3508625, 25.2550328], [55.3503539, 25.2544238], [55.350288, 25.2543589], [55.3499288, 25.2545443], [55.3497422, 25.2546406], [55.349677, 25.2546742]]]}}, {"type": "Feature", "properties": {"aeroway": "taxiway", "ref": "U3", "name": null, "surface": null, "id": 249216913}, "geometry": {"type": "LineString", "coordinates": [[55.3562411, 25.2486002], [55.3566933, 25.2484144], [55.3569275, 25.2483726], [55.357101, 25.2483416], [55.3574853, 25.2483232], [55.3577441, 25.2483], [55.3578747, 25.2482903], [55.3581578, 25.2482349], [55.3584691, 25.2481089]]}}, {"type": "Feature", "properties": {"aeroway": "taxiway", "ref": "U4", "name": null, "surface": null, "id": 249216915}, "geometry": {"type": "LineString", "coordinates": [[55.3570199, 25.2489373], [55.3572136, 25.2487524], [55.3573093, 25.248655], [55.3574657, 25.248425], [55.3576421, 25.2481543], [55.3577742, 25.2479437], [55.3579729, 25.2476725], [55.3580705, 25.2475598], [55.3581547, 25.2474734], [55.3584087, 25.2473063]]}}, {"type": "Feature", "properties": {"aeroway": "taxiway", "ref": "U5", "name": null, "surface": null, "id": 249217350}, "geometry": {"type": "LineString", "coordinates": [[55.3637039, 25.2451995], [55.3633023, 25.2453479], [55.3631054, 25.2453729], [55.3629343, 25.2453947], [55.3625898, 25.245398], [55.3624193, 25.2453996], [55.3622914, 25.2454064], [55.3620545, 25.245419], [55.3619407, 25.2454453], [55.36178, 25.2454843], [55.361738, 25.2454966], [55.3616648, 25.2455243], [55.3614585, 25.2456026]]}}, {"type": "Feature", "properties": {"aeroway": "taxiway", "ref": "U6", "name": null, "surface": null, "id": 249217351}, "geometry": {"type": "LineString", "coordinates": [[55.3633772, 25.2445307], [55.3630576, 25.2447882], [55.3628608, 25.244999], [55.3627948, 25.2450696], [55.3626231, 25.2453414], [55.3625898, 25.245398], [55.3624491, 25.2456371], [55.3624032, 25.245715], [55.362256, 25.2458985], [55.3622047, 25.2459624], [55.3621398, 25.2460219], [55.3620464, 25.2460965], [55.3619792, 25.2461581]]}}, {"type": "Feature", "properties": {"aeroway": "taxiway", "ref": null, "name": null, "surface": null, "id": 249217394}, "geometry": {"type": "LineString", "coordinates": [[55.3694373, 25.2475232], [55.3694723, 25.2476233], [55.3694808, 25.2477183], [55.3694723, 25.2477992], [55.3694361, 25.2479194], [55.3693745, 25.2480112], [55.3692992, 25.2480747], [55.3694675, 25.2480428], [55.369604, 25.248057], [55.3697007, 25.2480898], [55.3697913, 25.2481401], [55.3698651, 25.2481808]]}}, {"type": "Feature", "properties": {"aeroway": "taxiway", "ref": "W", "name": null, "surface": null, "id": 264946147}, "geometry": {"type": "LineString", "coordinates": [[55.3682361, 25.2471687], [55.3687332, 25.2479712], [55.3686712, 25.2482566], [55.368583, 25.2483836], [55.3685079, 25.2484336]]}}, {"type": "Feature", "properties": {"aeroway": "parking_position", "ref": "F26L", "name": null, "surface": null, "id": 264956580}, "geometry": {"type": "LineString", "coordinates": [[55.3683691, 25.2475461], [55.3681987, 25.2475015], [55.3670572, 25.2471766], [55.3660567, 25.2468581]]}}, {"type": "Feature", "properties": {"aeroway": "parking_position", "ref": "F27", "name": null, "surface": null, "id": 264957950}, "geometry": {"type": "LineString", "coordinates": [[55.3662818, 25.2463797], [55.3670687, 25.2463492], [55.3676112, 25.2462632]]}}, {"type": "Feature", "properties": {"aeroway": "parking_position", "ref": "B27", "name": null, "surface": null, "id": 264957956}, "geometry": {"type": "LineString", "coordinates": [[55.3659251, 25.2460109], [55.3665451, 25.2455551], [55.3669094, 25.2452462], [55.3675997, 25.2446839]]}}, {"type": "Feature", "properties": {"aeroway": "parking_position", "ref": "B26L", "name": null, "surface": null, "id": 264958052}, "geometry": {"type": "LineString", "coordinates": [[55.3655774, 25.2456011], [55.3655237, 25.2448882], [55.3654613, 25.2444555], [55.3653747, 25.2437012]]}}, {"type": "Feature", "properties": {"aeroway": "parking_position", "ref": "B25", "name": null, "surface": null, "id": 264958086}, "geometry": {"type": "LineString", "coordinates": [[55.3650561, 25.245778], [55.3646689, 25.2451889], [55.3644158, 25.2448039], [55.3639839, 25.2441917]]}}, {"type": "Feature", "properties": {"aeroway": "parking_position", "ref": "F25", "name": null, "surface": null, "id": 264958713}, "geometry": {"type": "LineString", "coordinates": [[55.3654772, 25.2470736], [55.3659112, 25.2477308], [55.3661742, 25.248129], [55.3666594, 25.2489057]]}}, {"type": "Feature", "properties": {"aeroway": "parking_position", "ref": "F24", "name": null, "surface": null, "id": 264958921}, "geometry": {"type": "LineString", "coordinates": [[55.3660668, 25.2492022], [55.3655507, 25.248463], [55.3652779, 25.2480485], [55.3648495, 25.247423]]}}, {"type": "Feature", "properties": {"aeroway": "parking_position", "ref": "F23", "name": null, "surface": null, "id": 264959097}, "geometry": {"type": "LineString", "coordinates": [[55.364238, 25.2477626], [55.3646631, 25.2483913], [55.3649365, 25.2488036], [55.3654534, 25.2495484], [55.3655355, 25.2496877]]}}, {"type": "Feature", "properties": {"aeroway": "parking_position", "ref": "F22", "name": null, "surface": null, "id": 264959098}, "geometry": {"type": "LineString", "coordinates": [[55.3635621, 25.2481168], [55.3639836, 25.2487646], [55.3642627, 25.2491773], [55.3643146, 25.2492773], [55.3646455, 25.2497665], [55.3647744, 25.2499493]]}}, {"type": "Feature", "properties": {"aeroway": "parking_position", "ref": "F21", "name": null, "surface": null, "id": 264959144}, "geometry": {"type": "LineString", "coordinates": [[55.3628084, 25.2485339], [55.3632314, 25.2491858], [55.3634979, 25.2496028], [55.3636174, 25.2497891], [55.3638083, 25.2500509]]}}, {"type": "Feature", "properties": {"aeroway": "parking_position", "ref": "F20", "name": null, "surface": null, "id": 264959147}, "geometry": {"type": "LineString", "coordinates": [[55.3632449, 25.2507826], [55.3631956, 25.2506997], [55.3628021, 25.2500384], [55.3627793, 25.2500001], [55.3624937, 25.2495928], [55.3620359, 25.2489391]]}}, {"type": "Feature", "properties": {"aeroway": "parking_position", "ref": "F19", "name": null, "surface": null, "id": 264959243}, "geometry": {"type": "LineString", "coordinates": [[55.3625132, 25.2511892], [55.3620003, 25.2504351], [55.3617187, 25.2500205], [55.3612822, 25.2493588]]}}, {"type": "Feature", "properties": {"aeroway": "parking_position", "ref": "F18", "name": null, "surface": null, "id": 264959326}, "geometry": {"type": "LineString", "coordinates": [[55.3616066, 25.2516855], [55.3610929, 25.2509362], [55.3608082, 25.2505249], [55.3603489, 25.2498614]]}}, {"type": "Feature", "properties": {"aeroway": "parking_position", "ref": "F17", "name": null, "surface": null, "id": 264959371}, "geometry": {"type": "LineString", "coordinates": [[55.3608966, 25.2520731], [55.3603895, 25.2513271], [55.3601182, 25.2509096], [55.359689, 25.2502491]]}}, {"type": "Feature", "properties": {"aeroway": "parking_position", "ref": "B24", "name": null, "surface": null, "id": 264962087}, "geometry": {"type": "LineString", "coordinates": [[55.3644445, 25.246091], [55.3640601, 25.245526], [55.3638012, 25.2451454], [55.3633772, 25.2445307]]}}, {"type": "Feature", "properties": {"aeroway": "parking_position", "ref": "B23", "name": null, "surface": null, "id": 264962131}, "geometry": {"type": "LineString", "coordinates": [[55.3638276, 25.2464403], [55.3634422, 25.2458641], [55.3631891, 25.2454856], [55.3631054, 25.2453729], [55.3628608, 25.244999], [55.362777, 25.244866]]}}, {"type": "Feature", "properties": {"aeroway": "parking_position", "ref": "B22", "name": null, "surface": null, "id": 264962196}, "geometry": {"type": "LineString", "coordinates": [[55.3632107, 25.2467727], [55.3628286, 25.2462], [55.3625784, 25.2458251], [55.3624491, 25.2456371], [55.3622914, 25.2454064], [55.3621618, 25.2452097]]}}, {"type": "Feature", "properties": {"aeroway": "parking_position", "ref": "B21R", "name": null, "surface": null, "id": 264962275}, "geometry": {"type": "LineString", "coordinates": [[55.3624275, 25.2471996], [55.3620493, 25.2466268], [55.3618014, 25.2462577], [55.3613915, 25.2456401]]}}, {"type": "Feature", "properties": {"aeroway": "parking_position", "ref": "B20", "name": null, "surface": null, "id": 264962276}, "geometry": {"type": "LineString", "coordinates": [[55.3617194, 25.2476024], [55.3613335, 25.2470293], [55.3610843, 25.2466594], [55.3606669, 25.2460474]]}}, {"type": "Feature", "properties": {"aeroway": "parking_position", "ref": "B18L", "name": null, "surface": null, "id": 264962452}, "geometry": {"type": "LineString", "coordinates": [[55.3602909, 25.2483803], [55.3599083, 25.2478197], [55.3596582, 25.2474534], [55.3592498, 25.2468403]]}}, {"type": "Feature", "properties": {"aeroway": "parking_position", "ref": "B17", "name": null, "surface": null, "id": 264962605}, "geometry": {"type": "LineString", "coordinates": [[55.3597104, 25.2487498], [55.3593065, 25.2481486], [55.3590624, 25.2477753], [55.3586666, 25.2471644]]}}, {"type": "Feature", "properties": {"aeroway": "parking_position", "ref": "B16", "name": null, "surface": null, "id": 264962609}, "geometry": {"type": "LineString", "coordinates": [[55.3590854, 25.2490628], [55.3587314, 25.2485167], [55.3584691, 25.2481089], [55.3580705, 25.2475598], [55.3580365, 25.2475142]]}}, {"type": "Feature", "properties": {"aeroway": "parking_position", "ref": "B14", "name": null, "surface": null, "id": 264962672}, "geometry": {"type": "LineString", "coordinates": [[55.3578516, 25.2497057], [55.3574949, 25.2491712], [55.3572374, 25.2487853], [55.3572136, 25.2487524], [55.3569275, 25.2483726], [55.3568037, 25.2482099]]}}, {"type": "Feature", "properties": {"aeroway": "parking_position", "ref": "B15", "name": null, "surface": null, "id": 264962673}, "geometry": {"type": "LineString", "coordinates": [[55.3584953, 25.2493879], [55.3580907, 25.2488132], [55.3578224, 25.2484314], [55.3577441, 25.2483], [55.3576421, 25.2481543], [55.357443, 25.2478458]]}}, {"type": "Feature", "properties": {"aeroway": "parking_position", "ref": "B12", "name": null, "surface": null, "id": 264962992}, "geometry": {"type": "LineString", "coordinates": [[55.3572669, 25.2501326], [55.3568868, 25.2495622], [55.3566515, 25.2492091], [55.3562411, 25.2486002]]}}, {"type": "Feature", "properties": {"aeroway": "terminal", "ref": null, "name": null, "surface": null, "id": 264966382}, "geometry": {"type": "Polygon", "coordinates": [[[55.3576813, 25.250885], [55.3577362, 25.2509554], [55.3578843, 25.2509636], [55.3583991, 25.2517479], [55.3590967, 25.2513733], [55.3586295, 25.2506615], [55.3583712, 25.2508002], [55.3583162, 25.2507165], [55.3579638, 25.2509057], [55.357821, 25.2508883], [55.3577794, 25.2508308], [55.3576813, 25.250885]]]}}, {"type": "Feature", "properties": {"aeroway": "parking_position", "ref": "F13", "name": null, "surface": null, "id": 264966699}, "geometry": {"type": "LineString", "coordinates": [[55.3582439, 25.253528], [55.3577774, 25.252774], [55.3574854, 25.2523469], [55.3570148, 25.2516586]]}}, {"type": "Feature", "properties": {"aeroway": "parking_position", "ref": "F12", "name": null, "surface": null, "id": 264967239}, "geometry": {"type": "LineString", "coordinates": [[55.3575607, 25.253906], [55.3570477, 25.2531764], [55.3567572, 25.2527501], [55.3562933, 25.2520588]]}}, {"type": "Feature", "properties": {"aeroway": "parking_position", "ref": "F10", "name": null, "surface": null, "id": 264967295}, "geometry": {"type": "LineString", "coordinates": [[55.3567758, 25.2543404], [55.3562782, 25.2536016], [55.3559801, 25.2531797], [55.355571, 25.252553]]}}, {"type": "Feature", "properties": {"aeroway": "parking_position", "ref": "F9", "name": null, "surface": null, "id": 264967314}, "geometry": {"type": "LineString", "coordinates": [[55.3560296, 25.2547418], [55.355241, 25.2535884], [55.3547981, 25.2529183]]}}, {"type": "Feature", "properties": {"aeroway": "parking_position", "ref": "F8", "name": null, "surface": null, "id": 264967330}, "geometry": {"type": "LineString", "coordinates": [[55.3553076, 25.2551622], [55.3547841, 25.2544145], [55.3545087, 25.2539932], [55.3540781, 25.253334]]}}, {"type": "Feature", "properties": {"aeroway": "parking_position", "ref": "F7", "name": null, "surface": null, "id": 264967360}, "geometry": {"type": "LineString", "coordinates": [[55.3545642, 25.2555757], [55.3540366, 25.2548348], [55.3537559, 25.2544094], [55.3533173, 25.2537455]]}}, {"type": "Feature", "properties": {"aeroway": "parking_position", "ref": "F6", "name": null, "surface": null, "id": 264967375}, "geometry": {"type": "LineString", "coordinates": [[55.3538224, 25.2559893], [55.353308, 25.255239], [55.3530301, 25.2548107], [55.3525409, 25.2540844]]}}, {"type": "Feature", "properties": {"aeroway": "parking_position", "ref": "F5", "name": null, "surface": null, "id": 264967383}, "geometry": {"type": "LineString", "coordinates": [[55.3530611, 25.2564151], [55.3525473, 25.2556586], [55.3522745, 25.2552364], [55.3518382, 25.2546133]]}}, {"type": "Feature", "properties": {"aeroway": "parking_position", "ref": "F4", "name": null, "surface": null, "id": 264967409}, "geometry": {"type": "LineString", "coordinates": [[55.3524371, 25.256764], [55.3519378, 25.2559948], [55.3516417, 25.2555864], [55.3512025, 25.2549383]]}}, {"type": "Feature", "properties": {"aeroway": "parking_position", "ref": "F3", "name": null, "surface": null, "id": 264967413}, "geometry": {"type": "LineString", "coordinates": [[55.3515415, 25.2572696], [55.3515266, 25.2572368], [55.3511837, 25.2565354], [55.3511414, 25.2564407], [55.3509257, 25.2559825], [55.3506124, 25.2552925]]}}, {"type": "Feature", "properties": {"aeroway": "parking_position", "ref": "F2", "name": null, "surface": null, "id": 264967455}, "geometry": {"type": "LineString", "coordinates": [[55.350257, 25.2546375], [55.3497695, 25.2549334], [55.3493759, 25.2551493]]}}, {"type": "Feature", "properties": {"aeroway": "parking_position", "ref": "B1", "name": null, "surface": null, "id": 264967467}, "geometry": {"type": "LineString", "coordinates": [[55.3494951, 25.2525298], [55.3498928, 25.2531437], [55.3504273, 25.2539728]]}}, {"type": "Feature", "properties": {"aeroway": "parking_position", "ref": "B2", "name": null, "surface": null, "id": 264967498}, "geometry": {"type": "LineString", "coordinates": [[55.3499268, 25.252288], [55.3503465, 25.2528926], [55.350886, 25.2536987]]}}, {"type": "Feature", "properties": {"aeroway": "parking_position", "ref": "B3", "name": null, "surface": null, "id": 264967633}, "geometry": {"type": "LineString", "coordinates": [[55.3505179, 25.2519561], [55.350928, 25.2525758], [55.3514562, 25.2533901]]}}, {"type": "Feature", "properties": {"aeroway": "parking_position", "ref": "B4", "name": null, "surface": null, "id": 264968055}, "geometry": {"type": "LineString", "coordinates": [[55.3520978, 25.2530891], [55.3515302, 25.2522238], [55.351139, 25.2516165]]}}, {"type": "Feature", "properties": {"aeroway": "parking_position", "ref": "B6", "name": null, "surface": null, "id": 264968278}, "geometry": {"type": "LineString", "coordinates": [[55.3534126, 25.2523305], [55.3530385, 25.2517627], [55.3527979, 25.2513974], [55.3527344, 25.2512778], [55.3526273, 25.2511372], [55.3523826, 25.2507753]]}}, {"type": "Feature", "properties": {"aeroway": "parking_position", "ref": "B8", "name": null, "surface": null, "id": 264968292}, "geometry": {"type": "LineString", "coordinates": [[55.3541207, 25.2518793], [55.3537661, 25.2513433], [55.3535242, 25.2509776], [55.3531383, 25.2504005], [55.3530973, 25.2503824]]}}, {"type": "Feature", "properties": {"aeroway": "parking_position", "ref": "B11", "name": null, "surface": null, "id": 264968539}, "geometry": {"type": "LineString", "coordinates": [[55.3565476, 25.2506092], [55.3561505, 25.2500109], [55.355922, 25.2496666], [55.3555001, 25.2490358]]}}, {"type": "Feature", "properties": {"aeroway": "parking_position", "ref": "C47", "name": null, "surface": null, "id": 264970128}, "geometry": {"type": "LineString", "coordinates": [[55.3398693, 25.2604515], [55.3394661, 25.2606718], [55.3388645, 25.2610002]]}}, {"type": "Feature", "properties": {"aeroway": "parking_position", "ref": "C45", "name": null, "surface": null, "id": 264970158}, "geometry": {"type": "LineString", "coordinates": [[55.3405967, 25.2616069], [55.3402284, 25.2618102], [55.3396074, 25.2621524]]}}, {"type": "Feature", "properties": {"aeroway": "parking_position", "ref": "C32", "name": null, "surface": null, "id": 264970270}, "geometry": {"type": "LineString", "coordinates": [[55.3407581, 25.2652185], [55.340381, 25.2646578], [55.3401251, 25.2642774]]}}, {"type": "Feature", "properties": {"aeroway": "parking_position", "ref": "C33", "name": null, "surface": null, "id": 264970326}, "geometry": {"type": "LineString", "coordinates": [[55.3413804, 25.2648934], [55.3410008, 25.2643157], [55.3407474, 25.2639307]]}}, {"type": "Feature", "properties": {"aeroway": "parking_position", "ref": "C34", "name": null, "surface": null, "id": 264970492}, "geometry": {"type": "LineString", "coordinates": [[55.3413317, 25.2636051], [55.3415861, 25.2639926], [55.341943, 25.264537]]}}, {"type": "Feature", "properties": {"aeroway": "parking_position", "ref": "C35", "name": null, "surface": null, "id": 264970508}, "geometry": {"type": "LineString", "coordinates": [[55.3416261, 25.2627657], [55.3422046, 25.2636513], [55.3425695, 25.2642107]]}}, {"type": "Feature", "properties": {"aeroway": "parking_position", "ref": "C36", "name": null, "surface": null, "id": 264970517}, "geometry": {"type": "LineString", "coordinates": [[55.342205, 25.2623804], [55.3428352, 25.2633032], [55.3432257, 25.2638747]]}}, {"type": "Feature", "properties": {"aeroway": "taxiway", "ref": "Z3", "name": null, "surface": null, "id": 264970606}, "geometry": {"type": "LineString", "coordinates": [[55.3431664, 25.2618559], [55.3433329, 25.2616649], [55.3434716, 25.2614348], [55.3435741, 25.2612648], [55.3436936, 25.2610664], [55.3437057, 25.2610465], [55.3439763, 25.2605975], [55.3440798, 25.2604258], [55.3440946, 25.2604011], [55.3442275, 25.2602662], [55.3442657, 25.2602153]]}}, {"type": "Feature", "properties": {"aeroway": "parking_position", "ref": "C38", "name": null, "surface": null, "id": 264970617}, "geometry": {"type": "LineString", "coordinates": [[55.3437502, 25.2615297], [55.3440858, 25.2620373], [55.3444817, 25.2626363]]}}, {"type": "Feature", "properties": {"aeroway": "parking_position", "ref": "C39", "name": null, "surface": null, "id": 264970623}, "geometry": {"type": "LineString", "coordinates": [[55.3443691, 25.2611963], [55.3447064, 25.2616939], [55.3451193, 25.2623029]]}}, {"type": "Feature", "properties": {"aeroway": "parking_position", "ref": "C40", "name": null, "surface": null, "id": 264970636}, "geometry": {"type": "LineString", "coordinates": [[55.3449933, 25.2608538], [55.3453192, 25.2613548], [55.3457043, 25.2619466]]}}, {"type": "Feature", "properties": {"aeroway": "parking_position", "ref": "C42", "name": null, "surface": null, "id": 264970708}, "geometry": {"type": "LineString", "coordinates": [[55.3395485, 25.2633069], [55.3399505, 25.2638625], [55.3401721, 25.2642489]]}}, {"type": "Feature", "properties": {"aeroway": "parking_position", "ref": "C41", "name": null, "surface": null, "id": 264970721}, "geometry": {"type": "LineString", "coordinates": [[55.3389181, 25.2636868], [55.3392891, 25.2642363], [55.339526, 25.2646115]]}}, {"type": "Feature", "properties": {"aeroway": "parking_position", "ref": "C24", "name": null, "surface": null, "id": 264972201}, "geometry": {"type": "LineString", "coordinates": [[55.3410961, 25.265461], [55.341507, 25.2660671], [55.3417947, 25.2664915]]}}, {"type": "Feature", "properties": {"aeroway": "parking_position", "ref": "C25", "name": null, "surface": null, "id": 264972217}, "geometry": {"type": "LineString", "coordinates": [[55.3418471, 25.2650438], [55.342256, 25.2656545], [55.3425391, 25.2660774]]}}, {"type": "Feature", "properties": {"aeroway": "parking_position", "ref": "C26", "name": null, "surface": null, "id": 264972231}, "geometry": {"type": "LineString", "coordinates": [[55.3432848, 25.2656626], [55.3430051, 25.2652419], [55.3426008, 25.2646339]]}}, {"type": "Feature", "properties": {"aeroway": "parking_position", "ref": "C27", "name": null, "surface": null, "id": 264972237}, "geometry": {"type": "LineString", "coordinates": [[55.34403, 25.265248], [55.3437561, 25.2648282], [55.3433491, 25.2642046]]}}, {"type": "Feature", "properties": {"aeroway": "parking_position", "ref": "C29", "name": null, "surface": null, "id": 264972251}, "geometry": {"type": "LineString", "coordinates": [[55.3456337, 25.2637906], [55.3453298, 25.2633296], [55.344953, 25.2627589]]}}, {"type": "Feature", "properties": {"aeroway": "parking_position", "ref": "C30", "name": null, "surface": null, "id": 264972259}, "geometry": {"type": "LineString", "coordinates": [[55.3462432, 25.2634528], [55.3459413, 25.2629898], [55.3455752, 25.2624289]]}}, {"type": "Feature", "properties": {"aeroway": "parking_position", "ref": "C18", "name": null, "surface": null, "id": 264972353}, "geometry": {"type": "LineString", "coordinates": [[55.3421019, 25.2674622], [55.3418281, 25.2670672], [55.3415494, 25.266628]]}}, {"type": "Feature", "properties": {"aeroway": "parking_position", "ref": "C19", "name": null, "surface": null, "id": 264972428}, "geometry": {"type": "LineString", "coordinates": [[55.3424693, 25.267256], [55.3422039, 25.2668587], [55.3419141, 25.2664251]]}}, {"type": "Feature", "properties": {"aeroway": "parking_position", "ref": "C20", "name": null, "surface": null, "id": 264972430}, "geometry": {"type": "LineString", "coordinates": [[55.3428341, 25.2670474], [55.3425737, 25.2666535], [55.3422856, 25.2662184]]}}, {"type": "Feature", "properties": {"aeroway": "parking_position", "ref": "C21", "name": null, "surface": null, "id": 264972435}, "geometry": {"type": "LineString", "coordinates": [[55.343207, 25.2668461], [55.3429456, 25.2664472], [55.342659, 25.2660107]]}}, {"type": "Feature", "properties": {"aeroway": "parking_position", "ref": "C22", "name": null, "surface": null, "id": 264972447}, "geometry": {"type": "LineString", "coordinates": [[55.3435825, 25.2666326], [55.343313, 25.2662434], [55.3430151, 25.2658126]]}}, {"type": "Feature", "properties": {"aeroway": "parking_position", "ref": "C23", "name": null, "surface": null, "id": 264972449}, "geometry": {"type": "LineString", "coordinates": [[55.3439419, 25.266424], [55.343681, 25.2660392], [55.343387, 25.2656057]]}}, {"type": "Feature", "properties": {"aeroway": "taxiway", "ref": null, "name": null, "surface": null, "id": 264973577}, "geometry": {"type": "LineString", "coordinates": [[55.3857735, 25.2507537], [55.3844407, 25.2514938], [55.3843037, 25.2515178], [55.3842044, 25.2515154], [55.3840891, 25.251496], [55.3839874, 25.251455], [55.3839065, 25.251398], [55.3843001, 25.2519869], [55.3842715, 25.2518939], [55.3842715, 25.2518259], [55.3842876, 25.251741], [55.3843144, 25.2516585], [55.3843495, 25.2515957], [55.3843949, 25.2515445], [55.3844407, 25.2514938]]}}, {"type": "Feature", "properties": {"aeroway": "apron", "ref": null, "name": "Engine Run Facility", "surface": null, "id": 264974916}, "geometry": {"type": "Polygon", "coordinates": [[[55.3854053, 25.251471], [55.3849084, 25.2507398], [55.385831, 25.250227], [55.3863179, 25.2509435], [55.3863279, 25.2509581], [55.3854053, 25.251471]]]}}, {"type": "Feature", "properties": {"aeroway": "parking_position", "ref": null, "name": null, "surface": null, "id": 264974939}, "geometry": {"type": "LineString", "coordinates": [[55.3785689, 25.253495], [55.3781324, 25.2528489], [55.3779153, 25.2525366]]}}, {"type": "Feature", "properties": {"aeroway": "parking_position", "ref": null, "name": null, "surface": null, "id": 264974940}, "geometry": {"type": "LineString", "coordinates": [[55.3794889, 25.2529613], [55.3790532, 25.2523309], [55.3788874, 25.2520817], [55.3788429, 25.2520148]]}}, {"type": "Feature", "properties": {"aeroway": "parking_position", "ref": null, "name": null, "surface": null, "id": 264975054}, "geometry": {"type": "LineString", "coordinates": [[55.380417, 25.2524446], [55.3799342, 25.2517289], [55.3798421, 25.2516416], [55.3797455, 25.2515907], [55.3796231, 25.2515519], [55.3794997, 25.251547], [55.379378, 25.2515663]]}}, {"type": "Feature", "properties": {"aeroway": "parking_position", "ref": null, "name": null, "surface": null, "id": 264975110}, "geometry": {"type": "LineString", "coordinates": [[55.3813585, 25.25194], [55.380873, 25.2512268], [55.3807577, 25.2511128], [55.3806602, 25.2510643], [55.3805431, 25.2510351], [55.3804197, 25.2510279], [55.3802823, 25.2510624]]}}, {"type": "Feature", "properties": {"aeroway": "parking_position", "ref": null, "name": null, "surface": null, "id": 264975130}, "geometry": {"type": "LineString", "coordinates": [[55.3822731, 25.2514136], [55.3817421, 25.2507149], [55.3816321, 25.2506179], [55.3815034, 25.2505669], [55.3813988, 25.2505402], [55.3813156, 25.2505451], [55.3811554, 25.2505751]]}}, {"type": "Feature", "properties": {"aeroway": "parking_position", "ref": "C44", "name": null, "surface": null, "id": 264975725}, "geometry": {"type": "LineString", "coordinates": [[55.340971, 25.2621718], [55.3406009, 25.2623665], [55.3399773, 25.2626959]]}}, {"type": "Feature", "properties": {"aeroway": "parking_position", "ref": "C43", "name": null, "surface": null, "id": 264975740}, "geometry": {"type": "LineString", "coordinates": [[55.3413415, 25.2627309], [55.3409768, 25.2629279], [55.3403475, 25.2632684]]}}, {"type": "Feature", "properties": {"aeroway": "apron", "ref": "Apron C", "name": null, "surface": null, "id": 264975977}, "geometry": {"type": "Polygon", "coordinates": [[[55.3396582, 25.2630784], [55.3395405, 25.2631439], [55.3394174, 25.2632123], [55.3388804, 25.263511], [55.3387633, 25.2635761], [55.3387131, 25.263604], [55.3386504, 25.2636522], [55.3386137, 25.2637193], [55.3386047, 25.2637896], [55.3386178, 25.2638611], [55.3387272, 25.2640296], [55.3388726, 25.2642473], [55.3388906, 25.2642647], [55.3389131, 25.2642791], [55.3389412, 25.2642895], [55.3389716, 25.2642937], [55.3390025, 25.2642913], [55.3395857, 25.2639631], [55.3400592, 25.2637045], [55.3400857, 25.2636694], [55.3401048, 25.2636306], [55.340116, 25.2635892], [55.3401187, 25.2635467], [55.340113, 25.2635044], [55.3400989, 25.2634637], [55.3400254, 25.2633516], [55.3398827, 25.2631337], [55.3398484, 25.2631052], [55.339808, 25.2630842], [55.3397635, 25.2630718], [55.3397281, 25.2630686], [55.3396927, 25.2630708], [55.3396582, 25.2630784]]]}}, {"type": "Feature", "properties": {"aeroway": "parking_position", "ref": "F26R", "name": null, "surface": null, "id": 264976268}, "geometry": {"type": "LineString", "coordinates": [[55.3688121, 25.2483225], [55.3686712, 25.2482566], [55.3677285, 25.2477337], [55.3669145, 25.2473217], [55.3661005, 25.2468916]]}}, {"type": "Feature", "properties": {"aeroway": "taxiway", "ref": null, "name": null, "surface": null, "id": 265030099}, "geometry": {"type": "LineString", "coordinates": [[55.3682361, 25.2471687], [55.3682666, 25.2473281], [55.3682371, 25.2474422], [55.3681987, 25.2475015], [55.3681728, 25.2475416], [55.3681057, 25.2476047], [55.367961, 25.2476751]]}}, {"type": "Feature", "properties": {"aeroway": "taxiway", "ref": null, "name": null, "surface": null, "id": 265030128}, "geometry": {"type": "LineString", "coordinates": [[55.3688445, 25.247322], [55.3689533, 25.2472166], [55.3690069, 25.2471511], [55.3690472, 25.2470807], [55.3690686, 25.2469861], [55.3690606, 25.2469036], [55.3689807, 25.2467625]]}}, {"type": "Feature", "properties": {"aeroway": "parking_position", "ref": "E1", "name": null, "surface": null, "id": 265910820}, "geometry": {"type": "LineString", "coordinates": [[55.3509878, 25.2672962], [55.3516365, 25.2682497]]}}, {"type": "Feature", "properties": {"aeroway": "parking_position", "ref": "E2", "name": null, "surface": null, "id": 268208116}, "geometry": {"type": "LineString", "coordinates": [[55.3515996, 25.2669595], [55.3522387, 25.2679148]]}}, {"type": "Feature", "properties": {"aeroway": "apron", "ref": "Apron S", "name": null, "surface": null, "id": 268230090}, "geometry": {"type": "Polygon", "coordinates": [[[55.3937628, 25.2394801], [55.3939548, 25.2397705], [55.3940808, 25.2399611], [55.3944334, 25.2404944], [55.3947616, 25.2403921], [55.3950512, 25.2402465], [55.397433, 25.238946], [55.3976731, 25.239276], [55.3979977, 25.2392603], [55.3984361, 25.2390383], [55.3986118, 25.2392724], [55.398754, 25.2393792], [55.3988532, 25.2393865], [55.3989842, 25.2393578], [55.3991049, 25.2392885], [55.3995974, 25.2390056], [55.3997147, 25.2389382], [55.3999838, 25.2387836], [55.400295, 25.239168], [55.4003752, 25.2392949], [55.400405, 25.2393331], [55.4019428, 25.2392756], [55.4021803, 25.239242], [55.4023712, 25.239151], [55.4025292, 25.2390007], [55.402607, 25.2388624], [55.4026633, 25.2386731], [55.4026499, 25.2384718], [55.4024371, 25.2378159], [55.4023308, 25.2375923], [55.4019096, 25.2369809], [55.4014151, 25.2362097], [55.4013266, 25.2361758], [55.3991487, 25.2372918], [55.3990607, 25.2372433], [55.3988568, 25.2369657], [55.3984834, 25.2368259], [55.398438, 25.2368517], [55.3983223, 25.2369175], [55.3970563, 25.2376374], [55.3969396, 25.2377037], [55.3966059, 25.2378935], [55.3958472, 25.2383169], [55.3957204, 25.2383876], [55.395231, 25.2386608], [55.3951049, 25.2387311], [55.3946353, 25.2389995], [55.3945028, 25.2390725], [55.3940521, 25.2393207], [55.3939327, 25.2393865], [55.3937628, 25.2394801]]]}}, {"type": "Feature", "properties": {"aeroway": "parking_position", "ref": "E3", "name": null, "surface": null, "id": 268231332}, "geometry": {"type": "LineString", "coordinates": [[55.3522193, 25.2666185], [55.3528647, 25.2675942]]}}, {"type": "Feature", "properties": {"aeroway": "taxiway", "ref": null, "name": null, "surface": null, "id": 302036559}, "geometry": {"type": "LineString", "coordinates": [[55.3773606, 25.242137], [55.3775388, 25.2422656], [55.3776789, 25.2423176], [55.3778045, 25.2423257], [55.3779496, 25.2422935], [55.3780234, 25.2422487]]}}, {"type": "Feature", "properties": {"aeroway": "taxiway", "ref": null, "name": null, "surface": null, "id": 302036634}, "geometry": {"type": "LineString", "coordinates": [[55.377348, 25.2421269], [55.3773785, 25.2422885], [55.3773593, 25.2423815], [55.3773217, 25.2425198], [55.3772359, 25.2426266], [55.3771307, 25.2427175]]}}, {"type": "Feature", "properties": {"aeroway": "taxiway", "ref": "J2", "name": null, "surface": null, "id": 302036687}, "geometry": {"type": "LineString", "coordinates": [[55.3693965, 25.2474461], [55.3689807, 25.2467625], [55.3686759, 25.246306], [55.3685403, 25.2461029], [55.3684535, 25.2459728], [55.3682023, 25.2455967], [55.3681301, 25.2455008], [55.3677674, 25.2449358], [55.3676637, 25.2447801], [55.3675997, 25.2446839], [55.3674218, 25.2444679], [55.3673512, 25.2443544], [55.3671828, 25.2440944], [55.3671614, 25.2439731], [55.3671693, 25.243916], [55.3671775, 25.2438567], [55.367215, 25.2437791], [55.367288, 25.2437223], [55.3674244, 25.2436043]]}}, {"type": "Feature", "properties": {"aeroway": "parking_position", "ref": "D1", "name": null, "surface": null, "id": 302036722}, "geometry": {"type": "LineString", "coordinates": [[55.3688191, 25.2442496], [55.3679332, 25.2440862], [55.3671693, 25.243916]]}}, {"type": "Feature", "properties": {"aeroway": "taxiway", "ref": "Q", "name": null, "surface": null, "id": 302037025}, "geometry": {"type": "LineString", "coordinates": [[55.3756856, 25.2583538], [55.375441, 25.25799], [55.3754248, 25.2579658], [55.3752078, 25.257643], [55.3751841, 25.2576078], [55.3749726, 25.2572932], [55.3749513, 25.2572616], [55.3747394, 25.2569463], [55.3747231, 25.2569221], [55.3745068, 25.2566004], [55.3744856, 25.2565688], [55.3742686, 25.256246], [55.3741366, 25.25605], [55.3734803, 25.2550754], [55.3734137, 25.2550184], [55.3733601, 25.2549941], [55.3733091, 25.254982], [55.3732158, 25.2549963]]}}, {"type": "Feature", "properties": {"aeroway": "taxiway", "ref": null, "name": null, "surface": null, "id": 302037096}, "geometry": {"type": "LineString", "coordinates": [[55.3734803, 25.2550754], [55.3734513, 25.2549941], [55.3734459, 25.254948], [55.3734593, 25.2549141], [55.3734839, 25.2548647], [55.3735328, 25.2548188]]}}, {"type": "Feature", "properties": {"aeroway": "parking_position", "ref": "A1", "name": null, "surface": null, "id": 302359172}, "geometry": {"type": "LineString", "coordinates": [[55.3693087, 25.244844], [55.3686539, 25.2452157], [55.3681301, 25.2455008]]}}, {"type": "Feature", "properties": {"aeroway": "parking_position", "ref": "A2", "name": null, "surface": null, "id": 302359254}, "geometry": {"type": "LineString", "coordinates": [[55.369692, 25.2453685], [55.3694484, 25.246303], [55.3692832, 25.2469206]]}}, {"type": "Feature", "properties": {"aeroway": "parking_position", "ref": "A3", "name": null, "surface": null, "id": 302359257}, "geometry": {"type": "LineString", "coordinates": [[55.3702737, 25.2450078], [55.3707252, 25.2456673], [55.371028, 25.246104], [55.3714994, 25.2468642]]}}, {"type": "Feature", "properties": {"aeroway": "parking_position", "ref": "A4", "name": null, "surface": null, "id": 302359277}, "geometry": {"type": "LineString", "coordinates": [[55.3723535, 25.2461669], [55.3719708, 25.2455804], [55.3716722, 25.2451434], [55.3712091, 25.2444656]]}}, {"type": "Feature", "properties": {"aeroway": "parking_position", "ref": "A5", "name": null, "surface": null, "id": 302359278}, "geometry": {"type": "LineString", "coordinates": [[55.3729711, 25.2455433], [55.3728739, 25.2453984], [55.3727179, 25.2451659], [55.3724238, 25.2447276], [55.3719762, 25.2440604]]}}, {"type": "Feature", "properties": {"aeroway": "parking_position", "ref": "A6", "name": null, "surface": null, "id": 302359292}, "geometry": {"type": "LineString", "coordinates": [[55.3734703, 25.2447485], [55.3731754, 25.2443118], [55.3727272, 25.243648]]}}, {"type": "Feature", "properties": {"aeroway": "parking_position", "ref": "A7", "name": null, "surface": null, "id": 302359299}, "geometry": {"type": "LineString", "coordinates": [[55.3734809, 25.2432186], [55.3739478, 25.2438845], [55.3742463, 25.2443102], [55.3742853, 25.2443691], [55.374712, 25.2450138], [55.374752, 25.2450743]]}}, {"type": "Feature", "properties": {"aeroway": "parking_position", "ref": "A8", "name": null, "surface": null, "id": 302359303}, "geometry": {"type": "LineString", "coordinates": [[55.3742346, 25.2428085], [55.3746822, 25.2434782], [55.3749735, 25.2439141], [55.3752126, 25.244256], [55.3752465, 25.2443043], [55.3754954, 25.2446602]]}}, {"type": "Feature", "properties": {"aeroway": "parking_position", "ref": "A9", "name": null, "surface": null, "id": 302359305}, "geometry": {"type": "LineString", "coordinates": [[55.3749964, 25.2424058], [55.3754359, 25.2430613], [55.3757271, 25.2434958], [55.3757536, 25.2435358], [55.3761969, 25.2442041], [55.3762286, 25.2442519], [55.3762722, 25.2443275]]}}, {"type": "Feature", "properties": {"aeroway": "parking_position", "ref": "A10", "name": null, "surface": null, "id": 302359308}, "geometry": {"type": "LineString", "coordinates": [[55.3755838, 25.2420249], [55.3766489, 25.2424082], [55.3772359, 25.2426266], [55.3772812, 25.2426394]]}}, {"type": "Feature", "properties": {"aeroway": "parking_position", "ref": "D10", "name": null, "surface": null, "id": 302359310}, "geometry": {"type": "LineString", "coordinates": [[55.3753987, 25.2414839], [55.3760442, 25.2411262], [55.3765025, 25.2408723]]}}, {"type": "Feature", "properties": {"aeroway": "parking_position", "ref": "D9", "name": null, "surface": null, "id": 302359339}, "geometry": {"type": "LineString", "coordinates": [[55.374822, 25.2409089], [55.3749288, 25.240207], [55.3749517, 25.2396818]]}}, {"type": "Feature", "properties": {"aeroway": "parking_position", "ref": "D8", "name": null, "surface": null, "id": 302359340}, "geometry": {"type": "LineString", "coordinates": [[55.3741059, 25.2413044], [55.3737482, 25.2407534], [55.373441, 25.2402797]]}}, {"type": "Feature", "properties": {"aeroway": "parking_position", "ref": "D7", "name": null, "surface": null, "id": 302359341}, "geometry": {"type": "LineString", "coordinates": [[55.3733683, 25.2417411], [55.3729897, 25.2411741], [55.3726753, 25.240703]]}}, {"type": "Feature", "properties": {"aeroway": "parking_position", "ref": "D6", "name": null, "surface": null, "id": 302359361}, "geometry": {"type": "LineString", "coordinates": [[55.3726146, 25.2421753], [55.3722351, 25.2415927], [55.3719258, 25.2411173]]}}, {"type": "Feature", "properties": {"aeroway": "parking_position", "ref": "D5", "name": null, "surface": null, "id": 302359363}, "geometry": {"type": "LineString", "coordinates": [[55.3718635, 25.2425902], [55.37148, 25.2420115], [55.3711659, 25.2415373]]}}, {"type": "Feature", "properties": {"aeroway": "parking_position", "ref": "D4", "name": null, "surface": null, "id": 302359364}, "geometry": {"type": "LineString", "coordinates": [[55.3711098, 25.2429978], [55.3707309, 25.242427], [55.370416, 25.2419524]]}}, {"type": "Feature", "properties": {"aeroway": "parking_position", "ref": "D3", "name": null, "surface": null, "id": 302359365}, "geometry": {"type": "LineString", "coordinates": [[55.3701791, 25.2435412], [55.3697854, 25.2429515], [55.3694661, 25.2424733]]}}, {"type": "Feature", "properties": {"aeroway": "parking_position", "ref": "D2", "name": null, "surface": null, "id": 302359371}, "geometry": {"type": "LineString", "coordinates": [[55.3694415, 25.2439512], [55.3690488, 25.2433601], [55.3687219, 25.2428814]]}}, {"type": "Feature", "properties": {"aeroway": "taxiway", "ref": "J5", "name": null, "surface": null, "id": 302359409}, "geometry": {"type": "LineString", "coordinates": [[55.3827971, 25.2354967], [55.3829823, 25.2357693], [55.3833404, 25.2362965], [55.3837244, 25.2368616], [55.3837371, 25.2368804], [55.3841266, 25.2374537], [55.3843128, 25.2377278], [55.3845319, 25.2380503], [55.3845731, 25.238111], [55.3850513, 25.2387378]]}}, {"type": "Feature", "properties": {"aeroway": "parking_position", "ref": "G15", "name": null, "surface": null, "id": 302385915}, "geometry": {"type": "LineString", "coordinates": [[55.3833404, 25.2362965], [55.3829467, 25.2365133], [55.3823267, 25.2368547]]}}, {"type": "Feature", "properties": {"aeroway": "parking_position", "ref": "G14", "name": null, "surface": null, "id": 302385993}, "geometry": {"type": "LineString", "coordinates": [[55.3827183, 25.2374296], [55.3833245, 25.2370874], [55.3837244, 25.2368616]]}}, {"type": "Feature", "properties": {"aeroway": "parking_position", "ref": "G14", "name": null, "surface": null, "id": 302386008}, "geometry": {"type": "LineString", "coordinates": [[55.3843128, 25.2377278], [55.383767, 25.2377508], [55.3829812, 25.2377838]]}}, {"type": "Feature", "properties": {"aeroway": "parking_position", "ref": "G21", "name": null, "surface": null, "id": 302386018}, "geometry": {"type": "LineString", "coordinates": [[55.3845319, 25.2380503], [55.3848779, 25.2378522], [55.3854971, 25.2374976]]}}, {"type": "Feature", "properties": {"aeroway": "parking_position", "ref": "G20", "name": null, "surface": null, "id": 302386090}, "geometry": {"type": "LineString", "coordinates": [[55.3841266, 25.2374537], [55.3844863, 25.2372604], [55.3850921, 25.2369348]]}}, {"type": "Feature", "properties": {"aeroway": "parking_position", "ref": "G19", "name": null, "surface": null, "id": 302386098}, "geometry": {"type": "LineString", "coordinates": [[55.3837371, 25.2368804], [55.3841046, 25.2366834], [55.3847219, 25.2363525]]}}, {"type": "Feature", "properties": {"aeroway": "parking_position", "ref": "G18", "name": null, "surface": null, "id": 302386099}, "geometry": {"type": "LineString", "coordinates": [[55.3833404, 25.2362965], [55.3837172, 25.2360979], [55.384325, 25.2357775]]}}, {"type": "Feature", "properties": {"aeroway": "parking_position", "ref": "G17", "name": null, "surface": null, "id": 302386111}, "geometry": {"type": "LineString", "coordinates": [[55.3829823, 25.2357693], [55.3833593, 25.2355569], [55.3839495, 25.2352243]]}}, {"type": "Feature", "properties": {"aeroway": "parking_position", "ref": "E4", "name": null, "surface": null, "id": 302387023}, "geometry": {"type": "LineString", "coordinates": [[55.3528307, 25.266282], [55.3531383, 25.2667239], [55.3534212, 25.2671303]]}}, {"type": "Feature", "properties": {"aeroway": "parking_position", "ref": "E5", "name": null, "surface": null, "id": 302387061}, "geometry": {"type": "LineString", "coordinates": [[55.3532071, 25.2660748], [55.3535118, 25.266517], [55.3537837, 25.2669114]]}}, {"type": "Feature", "properties": {"aeroway": "parking_position", "ref": "E6", "name": null, "surface": null, "id": 302387102}, "geometry": {"type": "LineString", "coordinates": [[55.3537286, 25.2657878], [55.3540334, 25.2662279], [55.3542805, 25.2665839]]}}, {"type": "Feature", "properties": {"aeroway": "parking_position", "ref": "E7L", "name": null, "surface": null, "id": 302387131}, "geometry": {"type": "LineString", "coordinates": [[55.3541117, 25.265577], [55.3544174, 25.2660152], [55.3546709, 25.2663772]]}}, {"type": "Feature", "properties": {"aeroway": "parking_position", "ref": "E7R", "name": null, "surface": null, "id": 302387204}, "geometry": {"type": "LineString", "coordinates": [[55.3545068, 25.2653568], [55.3548049, 25.2658005], [55.3550464, 25.2661602]]}}, {"type": "Feature", "properties": {"aeroway": "apron", "ref": "Apron Q", "name": "Q Apron", "surface": null, "id": 302387743}, "geometry": {"type": "Polygon", "coordinates": [[[55.3748491, 25.2586301], [55.3753748, 25.2583584], [55.3755658, 25.2586471], [55.3760186, 25.2583875], [55.3758469, 25.2581547], [55.3763619, 25.257883], [55.3761999, 25.257641], [55.3761317, 25.2575391], [55.3759653, 25.2572904], [55.375899, 25.2571913], [55.3757332, 25.2569436], [55.375666, 25.2568432], [55.3755026, 25.256599], [55.3754346, 25.2564974], [55.375268, 25.2562484], [55.3752, 25.2561468], [55.3750346, 25.2558996], [55.374967, 25.2557987], [55.3748813, 25.2556706], [55.3747088, 25.2557669], [55.3743724, 25.2559547], [55.373508, 25.2564372], [55.3734758, 25.2565925], [55.3748491, 25.2586301]]]}}, {"type": "Feature", "properties": {"aeroway": "parking_position", "ref": "Q1", "name": null, "surface": null, "id": 302387806}, "geometry": {"type": "LineString", "coordinates": [[55.3738036, 25.256949], [55.3744856, 25.2565688]]}}, {"type": "Feature", "properties": {"aeroway": "parking_position", "ref": "Q2", "name": null, "surface": null, "id": 302387807}, "geometry": {"type": "LineString", "coordinates": [[55.374037, 25.2572959], [55.3747231, 25.2569221]]}}, {"type": "Feature", "properties": {"aeroway": "parking_position", "ref": "Q3", "name": null, "surface": null, "id": 302387828}, "geometry": {"type": "LineString", "coordinates": [[55.374273, 25.2576404], [55.3749513, 25.2572616]]}}, {"type": "Feature", "properties": {"aeroway": "parking_position", "ref": "Q4", "name": null, "surface": null, "id": 302387843}, "geometry": {"type": "LineString", "coordinates": [[55.374509, 25.2579897], [55.3751841, 25.2576078]]}}, {"type": "Feature", "properties": {"aeroway": "parking_position", "ref": "Q5", "name": null, "surface": null, "id": 302387845}, "geometry": {"type": "LineString", "coordinates": [[55.374728, 25.2583552], [55.3754248, 25.2579658]]}}, {"type": "Feature", "properties": {"aeroway": "parking_position", "ref": "Q6", "name": null, "surface": null, "id": 302387895}, "geometry": {"type": "LineString", "coordinates": [[55.3761146, 25.2576148], [55.375441, 25.25799]]}}, {"type": "Feature", "properties": {"aeroway": "parking_position", "ref": "Q7", "name": null, "surface": null, "id": 302387905}, "geometry": {"type": "LineString", "coordinates": [[55.375877, 25.2572644], [55.3752078, 25.257643]]}}, {"type": "Feature", "properties": {"aeroway": "parking_position", "ref": "Q8", "name": null, "surface": null, "id": 302387920}, "geometry": {"type": "LineString", "coordinates": [[55.3756463, 25.2569199], [55.3749726, 25.2572932]]}}, {"type": "Feature", "properties": {"aeroway": "parking_position", "ref": "Q9", "name": null, "surface": null, "id": 302387953}, "geometry": {"type": "LineString", "coordinates": [[55.3754076, 25.2565779], [55.3747394, 25.2569463]]}}, {"type": "Feature", "properties": {"aeroway": "parking_position", "ref": "Q10", "name": null, "surface": null, "id": 302387975}, "geometry": {"type": "LineString", "coordinates": [[55.3751849, 25.2562237], [55.3745068, 25.2566004]]}}, {"type": "Feature", "properties": {"aeroway": "parking_position", "ref": "Q11", "name": null, "surface": null, "id": 302387980}, "geometry": {"type": "LineString", "coordinates": [[55.3749543, 25.2558744], [55.3742686, 25.256246]]}}, {"type": "Feature", "properties": {"aeroway": "parking_position", "ref": "E44", "name": null, "surface": null, "id": 302389719}, "geometry": {"type": "LineString", "coordinates": [[55.3727777, 25.2552385], [55.3734166, 25.2561801]]}}, {"type": "Feature", "properties": {"aeroway": "parking_position", "ref": "E44R", "name": null, "surface": null, "id": 302389741}, "geometry": {"type": "LineString", "coordinates": [[55.3729708, 25.2551317], [55.3735453, 25.255986]]}}, {"type": "Feature", "properties": {"aeroway": "parking_position", "ref": "E44L", "name": null, "surface": null, "id": 302389745}, "geometry": {"type": "LineString", "coordinates": [[55.3725963, 25.2553387], [55.3731591, 25.2561898]]}}, {"type": "Feature", "properties": {"aeroway": "parking_position", "ref": "E45", "name": null, "surface": null, "id": 302389779}, "geometry": {"type": "LineString", "coordinates": [[55.3741546, 25.2544765], [55.3747925, 25.2554233]]}}, {"type": "Feature", "properties": {"aeroway": "parking_position", "ref": "E45L", "name": null, "surface": null, "id": 302389831}, "geometry": {"type": "LineString", "coordinates": [[55.3739636, 25.2545825], [55.3745458, 25.25545]]}}, {"type": "Feature", "properties": {"aeroway": "parking_position", "ref": "E45R", "name": null, "surface": null, "id": 302389836}, "geometry": {"type": "LineString", "coordinates": [[55.3743501, 25.2543679], [55.3749213, 25.255239]]}}, {"type": "Feature", "properties": {"aeroway": "apron", "ref": "Apron A", "name": null, "surface": null, "id": 302391337}, "geometry": {"type": "Polygon", "coordinates": [[[55.3756073, 25.2418486], [55.3759015, 25.2416896], [55.3762162, 25.2415199], [55.3763018, 25.241646], [55.3766413, 25.2421435], [55.3766542, 25.2422526], [55.3765684, 25.24234], [55.3758784, 25.2427198], [55.3757982, 25.2427639], [55.3750446, 25.2431787], [55.3750009, 25.2432027], [55.374298, 25.2435896], [55.3742483, 25.243617], [55.3735369, 25.2440085], [55.3734973, 25.2440303], [55.3727871, 25.2444212], [55.3727424, 25.2444458], [55.3720386, 25.2448331], [55.3719911, 25.2448593], [55.3712753, 25.2452533], [55.3710423, 25.2453815], [55.3702916, 25.2457947], [55.3701733, 25.2458598], [55.3695399, 25.2462084], [55.3694818, 25.2462299], [55.3693693, 25.2462022], [55.3691168, 25.2458135], [55.368941, 25.245543], [55.3687041, 25.2451784], [55.3685176, 25.2449101], [55.3688563, 25.2447238], [55.3691633, 25.2445549], [55.3692896, 25.24474], [55.3694069, 25.2448961], [55.3696243, 25.2451856], [55.3697118, 25.2453021], [55.3698415, 25.2452306], [55.3701927, 25.2450369], [55.3703926, 25.2449267], [55.3711458, 25.2445114], [55.3713385, 25.2444051], [55.3718932, 25.2440992], [55.372078, 25.2439973], [55.3734028, 25.2432668], [55.3735927, 25.2431622], [55.3741444, 25.2428579], [55.3743402, 25.24275], [55.3749105, 25.2424355], [55.3750955, 25.2423335], [55.3754739, 25.2421028], [55.375549, 25.2419126], [55.3756993, 25.2419709], [55.3756073, 25.2418486]]]}}, {"type": "Feature", "properties": {"aeroway": "parking_position", "ref": "G13", "name": null, "surface": null, "id": 302391852}, "geometry": {"type": "LineString", "coordinates": [[55.3836841, 25.2390708], [55.3833915, 25.2386403], [55.383067, 25.2381623]]}}, {"type": "Feature", "properties": {"aeroway": "parking_position", "ref": "G12", "name": null, "surface": null, "id": 302391874}, "geometry": {"type": "LineString", "coordinates": [[55.3830577, 25.2394303], [55.3827666, 25.2389852], [55.3824608, 25.238519]]}}, {"type": "Feature", "properties": {"aeroway": "parking_position", "ref": "G11", "name": null, "surface": null, "id": 302391883}, "geometry": {"type": "LineString", "coordinates": [[55.3824464, 25.2397581], [55.3821673, 25.239316], [55.3818122, 25.2387561]]}}, {"type": "Feature", "properties": {"aeroway": "parking_position", "ref": "G10", "name": null, "surface": null, "id": 302391886}, "geometry": {"type": "LineString", "coordinates": [[55.3818274, 25.2400929], [55.3815404, 25.239662], [55.3812298, 25.2391959]]}}, {"type": "Feature", "properties": {"aeroway": "parking_position", "ref": "G9", "name": null, "surface": null, "id": 302391910}, "geometry": {"type": "LineString", "coordinates": [[55.3812531, 25.2404499], [55.3809377, 25.2399946], [55.3806237, 25.2395404]]}}, {"type": "Feature", "properties": {"aeroway": "parking_position", "ref": "G1", "name": null, "surface": null, "id": 302392925}, "geometry": {"type": "LineString", "coordinates": [[55.3786018, 25.2419606], [55.3782659, 25.2414451], [55.3779752, 25.2409991]]}}, {"type": "Feature", "properties": {"aeroway": "parking_position", "ref": "G2", "name": null, "surface": null, "id": 302393001}, "geometry": {"type": "LineString", "coordinates": [[55.3791997, 25.2416265], [55.378879, 25.2411191], [55.3785801, 25.2406463]]}}, {"type": "Feature", "properties": {"aeroway": "parking_position", "ref": "G3", "name": null, "surface": null, "id": 302393024}, "geometry": {"type": "LineString", "coordinates": [[55.3797863, 25.2413007], [55.3794706, 25.2408046], [55.3791836, 25.2403537]]}}, {"type": "Feature", "properties": {"aeroway": "terminal", "ref": null, "name": "\u0643\u0648\u0646\u0643\u0648\u0631\u0633 \u062f\u064a", "surface": null, "id": 302538629}, "geometry": {"type": "Polygon", "coordinates": [[[55.3430127, 25.2586361], [55.3428382, 25.2587334], [55.3426552, 25.2588316], [55.3420831, 25.2591484], [55.3416893, 25.2593727], [55.341629, 25.2592885], [55.3415416, 25.2593411], [55.3414787, 25.2592537], [55.3412477, 25.2589256], [55.3412051, 25.258865], [55.3408801, 25.2590494], [55.3409566, 25.2591633], [55.3412288, 25.2595617], [55.341428, 25.2598648], [55.3414632, 25.2599171], [55.3415185, 25.259887], [55.341565, 25.2598617], [55.3421765, 25.2595281], [55.3426391, 25.2592758], [55.3426952, 25.2592453], [55.342865, 25.2591526], [55.3430139, 25.2590663], [55.3430971, 25.2590204], [55.3433939, 25.2588557], [55.3434524, 25.2588234], [55.3437106, 25.2586805], [55.3440523, 25.2584938], [55.3440996, 25.2584679], [55.3449476, 25.2580044], [55.3454338, 25.2577409], [55.3455565, 25.257676], [55.3457079, 25.257596], [55.3458155, 25.2575407], [55.3461099, 25.257369], [55.3466831, 25.2570345], [55.3472055, 25.2567294], [55.3473693, 25.2566334], [55.3473505, 25.2566041], [55.3472426, 25.2564353], [55.3469862, 25.2560345], [55.3468152, 25.2557671], [55.3467203, 25.2558195], [55.3464939, 25.2559444], [55.3465283, 25.2559972], [55.3467492, 25.2563353], [55.3468013, 25.2564103], [55.3466963, 25.2564698], [55.3467626, 25.2565662], [55.3463641, 25.2567887], [55.3457962, 25.2571076], [55.3456049, 25.2572144], [55.3454948, 25.2572759], [55.345455, 25.2572981], [55.3451692, 25.2572318], [55.3450535, 25.2572049], [55.3449382, 25.2571782], [55.3449718, 25.2570475], [55.34473, 25.2569932], [55.3445099, 25.25666], [55.3437572, 25.2570786], [55.3437026, 25.2569987], [55.3434963, 25.2571148], [55.343547, 25.2571963], [55.3430246, 25.2574933], [55.3432046, 25.2577475], [55.3432326, 25.2577871], [55.3431284, 25.258183], [55.3430997, 25.2582994], [55.3430675, 25.2584225], [55.3430127, 25.2586361]]]}}, {"type": "Feature", "properties": {"aeroway": "parking_position", "ref": "E43", "name": null, "surface": null, "id": 302539444}, "geometry": {"type": "LineString", "coordinates": [[55.3755787, 25.2536834], [55.3762328, 25.2546423]]}}, {"type": "Feature", "properties": {"aeroway": "apron", "ref": "Apron G", "name": null, "surface": null, "id": 302701138}, "geometry": {"type": "Polygon", "coordinates": [[[55.3833718, 25.2351681], [55.3834823, 25.2351344], [55.3837795, 25.2350438], [55.3839523, 25.2350561], [55.384065, 25.2351383], [55.3842947, 25.2354735], [55.3846854, 25.2360623], [55.3852267, 25.236862], [55.3857702, 25.2376754], [55.3853736, 25.2379635], [55.3850138, 25.2381878], [55.3852096, 25.2384882], [55.379076, 25.2419448], [55.3784591, 25.2420905], [55.3778986, 25.2416121], [55.377757, 25.2413889], [55.3778339, 25.2410677], [55.3777027, 25.240853], [55.3778492, 25.2407684], [55.3785342, 25.2403727], [55.3777564, 25.2391839], [55.3783196, 25.2388514], [55.3779119, 25.2381867], [55.3782606, 25.2377815], [55.3785235, 25.2377669], [55.3787906, 25.2377951], [55.3790299, 25.2377016], [55.3792677, 25.2376725], [55.3797027, 25.2376698], [55.3797532, 25.2376872], [55.379823, 25.2377114], [55.3801446, 25.2382278], [55.380217, 25.238344], [55.380503, 25.238803], [55.3805699, 25.2389104], [55.3807282, 25.2391646], [55.381046, 25.2390062], [55.3811608, 25.238949], [55.3816747, 25.2386929], [55.3817969, 25.2386319], [55.3822994, 25.2383815], [55.3824188, 25.238322], [55.3828311, 25.2381165], [55.382874, 25.2380437], [55.382874, 25.2379127], [55.3827989, 25.237772], [55.382277, 25.2370006], [55.3822031, 25.2368913], [55.3817582, 25.2362338], [55.3818601, 25.2359522], [55.3828365, 25.235365], [55.3833018, 25.2351939], [55.3833718, 25.2351681]]]}}, {"type": "Feature", "properties": {"aeroway": "taxiway", "ref": null, "name": null, "surface": null, "id": 324043534}, "geometry": {"type": "LineString", "coordinates": [[55.3689807, 25.2467625], [55.3690847, 25.2468441], [55.3691732, 25.2468999], [55.3692832, 25.2469206], [55.3693465, 25.2469262], [55.3694334, 25.246923], [55.3695343, 25.2469213], [55.3696368, 25.246877]]}}, {"type": "Feature", "properties": {"aeroway": "taxiway", "ref": "J4", "name": null, "surface": null, "id": 326771210}, "geometry": {"type": "LineString", "coordinates": [[55.3805153, 25.240906], [55.3803417, 25.2406688], [55.3796821, 25.2397367], [55.379473, 25.2394317], [55.3790972, 25.2388783], [55.3790724, 25.2388417], [55.3787251, 25.2383288], [55.3785578, 25.2380881]]}}, {"type": "Feature", "properties": {"aeroway": "parking_position", "ref": "G4", "name": null, "surface": null, "id": 326771211}, "geometry": {"type": "LineString", "coordinates": [[55.379473, 25.2394317], [55.3790809, 25.2396359], [55.3784307, 25.2399744]]}}, {"type": "Feature", "properties": {"aeroway": "parking_position", "ref": "G5", "name": null, "surface": null, "id": 326771212}, "geometry": {"type": "LineString", "coordinates": [[55.3790724, 25.2388417], [55.3786647, 25.239065], [55.3780507, 25.2394013]]}}, {"type": "Feature", "properties": {"aeroway": "parking_position", "ref": "G8", "name": null, "surface": null, "id": 326771213}, "geometry": {"type": "LineString", "coordinates": [[55.379473, 25.2394317], [55.3798512, 25.2392257], [55.3804937, 25.2388756]]}}, {"type": "Feature", "properties": {"aeroway": "parking_position", "ref": "G7", "name": null, "surface": null, "id": 326771214}, "geometry": {"type": "LineString", "coordinates": [[55.3790972, 25.2388783], [55.3794807, 25.2386671], [55.380102, 25.238325]]}}, {"type": "Feature", "properties": {"aeroway": "parking_position", "ref": "G6", "name": null, "surface": null, "id": 326771215}, "geometry": {"type": "LineString", "coordinates": [[55.3787251, 25.2383288], [55.3791094, 25.2381065], [55.3797318, 25.2377463]]}}, {"type": "Feature", "properties": {"aeroway": "parking_position", "ref": "H2", "name": null, "surface": null, "id": 326771216}, "geometry": {"type": "LineString", "coordinates": [[55.3904262, 25.234701], [55.389291, 25.2345178]]}}, {"type": "Feature", "properties": {"aeroway": "parking_position", "ref": "H1", "name": null, "surface": null, "id": 326771217}, "geometry": {"type": "LineString", "coordinates": [[55.3900572, 25.2353116], [55.3896154, 25.2355567], [55.3895211, 25.2356073], [55.3894184, 25.2355693], [55.3893017, 25.2354932], [55.3892269, 25.2353707], [55.3892143, 25.2351842]]}}, {"type": "Feature", "properties": {"aeroway": "parking_position", "ref": "H1", "name": null, "surface": null, "id": 326771218}, "geometry": {"type": "LineString", "coordinates": [[55.3899807, 25.235889], [55.3896154, 25.2355567], [55.3892143, 25.2351842]]}}, {"type": "Feature", "properties": {"aeroway": "parking_position", "ref": "H1", "name": null, "surface": null, "id": 326771219}, "geometry": {"type": "LineString", "coordinates": [[55.3892143, 25.2351842], [55.3888575, 25.2348975]]}}, {"type": "Feature", "properties": {"aeroway": "parking_position", "ref": "H1", "name": null, "surface": null, "id": 326771220}, "geometry": {"type": "LineString", "coordinates": [[55.3944698, 25.2330264], [55.3944317, 25.2329152], [55.3943755, 25.2328145], [55.3942931, 25.2327369], [55.3941923, 25.232685], [55.3940358, 25.232659], [55.3939034, 25.2326851], [55.3937946, 25.2327336], [55.393125, 25.2331106]]}}, {"type": "Feature", "properties": {"aeroway": "parking_position", "ref": "H4", "name": null, "surface": null, "id": 326771222}, "geometry": {"type": "LineString", "coordinates": [[55.3958102, 25.2321439], [55.3962485, 25.2318836], [55.3965943, 25.2316782]]}}, {"type": "Feature", "properties": {"aeroway": "parking_position", "ref": "E17", "name": null, "surface": null, "id": 326771992}, "geometry": {"type": "LineString", "coordinates": [[55.3609724, 25.2617655], [55.3616195, 25.2627418]]}}, {"type": "Feature", "properties": {"aeroway": "parking_position", "ref": "E18", "name": null, "surface": null, "id": 326771993}, "geometry": {"type": "LineString", "coordinates": [[55.3616442, 25.2613914], [55.3623169, 25.2623925]]}}, {"type": "Feature", "properties": {"aeroway": "parking_position", "ref": "E19", "name": null, "surface": null, "id": 326771994}, "geometry": {"type": "LineString", "coordinates": [[55.3623744, 25.2609848], [55.3630411, 25.2619583]]}}, {"type": "Feature", "properties": {"aeroway": "parking_position", "ref": "E20", "name": null, "surface": null, "id": 326771995}, "geometry": {"type": "LineString", "coordinates": [[55.3631249, 25.2605669], [55.3638216, 25.2616041]]}}, {"type": "Feature", "properties": {"aeroway": "parking_position", "ref": "E21", "name": null, "surface": null, "id": 326771996}, "geometry": {"type": "LineString", "coordinates": [[55.3637864, 25.2601844], [55.3637981, 25.2602013], [55.3644949, 25.2612232]]}}, {"type": "Feature", "properties": {"aeroway": "parking_position", "ref": "E22", "name": null, "surface": null, "id": 326771997}, "geometry": {"type": "LineString", "coordinates": [[55.3644224, 25.2598567], [55.3651171, 25.2608885]]}}, {"type": "Feature", "properties": {"aeroway": "parking_position", "ref": "E23", "name": null, "surface": null, "id": 326771999}, "geometry": {"type": "LineString", "coordinates": [[55.3650272, 25.2595224], [55.3657072, 25.2605174]]}}, {"type": "Feature", "properties": {"aeroway": "parking_position", "ref": "E24", "name": null, "surface": null, "id": 326772000}, "geometry": {"type": "LineString", "coordinates": [[55.3656474, 25.2591796], [55.3662785, 25.2601172]]}}, {"type": "Feature", "properties": {"aeroway": "parking_position", "ref": "E25", "name": null, "surface": null, "id": 326772001}, "geometry": {"type": "LineString", "coordinates": [[55.3662609, 25.2588405], [55.3669303, 25.2598261]]}}, {"type": "Feature", "properties": {"aeroway": "parking_position", "ref": "E26", "name": null, "surface": null, "id": 326772002}, "geometry": {"type": "LineString", "coordinates": [[55.3668846, 25.2584957], [55.367552, 25.2594985]]}}, {"type": "Feature", "properties": {"aeroway": "parking_position", "ref": "E27", "name": null, "surface": null, "id": 326772003}, "geometry": {"type": "LineString", "coordinates": [[55.3674992, 25.258156], [55.3681561, 25.2591444]]}}, {"type": "Feature", "properties": {"aeroway": "parking_position", "ref": "E28", "name": null, "surface": null, "id": 326772004}, "geometry": {"type": "LineString", "coordinates": [[55.3681128, 25.2578169], [55.3687784, 25.2588048]]}}, {"type": "Feature", "properties": {"aeroway": "parking_position", "ref": "E29", "name": null, "surface": null, "id": 326772005}, "geometry": {"type": "LineString", "coordinates": [[55.3686788, 25.2575041], [55.3693257, 25.258447]]}}, {"type": "Feature", "properties": {"aeroway": "taxiway", "ref": null, "name": null, "surface": null, "id": 326772006}, "geometry": {"type": "LineString", "coordinates": [[55.3685991, 25.2574513], [55.3686788, 25.2575041]]}}, {"type": "Feature", "properties": {"aeroway": "parking_position", "ref": "E30", "name": null, "surface": null, "id": 326772007}, "geometry": {"type": "LineString", "coordinates": [[55.3691447, 25.2572143], [55.3691643, 25.2572357], [55.3698432, 25.2581887]]}}, {"type": "Feature", "properties": {"aeroway": "parking_position", "ref": "E31", "name": null, "surface": null, "id": 326772008}, "geometry": {"type": "LineString", "coordinates": [[55.3696114, 25.2569886], [55.370149, 25.25782]]}}, {"type": "Feature", "properties": {"aeroway": "parking_position", "ref": "E32", "name": null, "surface": null, "id": 326772009}, "geometry": {"type": "LineString", "coordinates": [[55.3699556, 25.2567983], [55.3705647, 25.257769]]}}, {"type": "Feature", "properties": {"aeroway": "parking_position", "ref": "E33", "name": null, "surface": null, "id": 326772010}, "geometry": {"type": "LineString", "coordinates": [[55.3703018, 25.256607], [55.3709161, 25.257575]]}}, {"type": "Feature", "properties": {"aeroway": "parking_position", "ref": "E34", "name": null, "surface": null, "id": 326772011}, "geometry": {"type": "LineString", "coordinates": [[55.3706492, 25.256415], [55.3712728, 25.2574173]]}}, {"type": "Feature", "properties": {"aeroway": "parking_position", "ref": "E35", "name": null, "surface": null, "id": 326772012}, "geometry": {"type": "LineString", "coordinates": [[55.3710012, 25.2562204], [55.3716376, 25.2572038]]}}, {"type": "Feature", "properties": {"aeroway": "parking_position", "ref": "E36", "name": null, "surface": null, "id": 326772013}, "geometry": {"type": "LineString", "coordinates": [[55.3713389, 25.2560337], [55.3719755, 25.2570097]]}}, {"type": "Feature", "properties": {"aeroway": "parking_position", "ref": "E37", "name": null, "surface": null, "id": 326772014}, "geometry": {"type": "LineString", "coordinates": [[55.3716893, 25.25584], [55.3723645, 25.2568642]]}}, {"type": "Feature", "properties": {"aeroway": "parking_position", "ref": "E38", "name": null, "surface": null, "id": 326772015}, "geometry": {"type": "LineString", "coordinates": [[55.3720265, 25.2556537], [55.3726917, 25.2566774]]}}, {"type": "Feature", "properties": {"aeroway": "taxiway", "ref": "Z11", "name": null, "surface": null, "id": 326774309}, "geometry": {"type": "LineString", "coordinates": [[55.3631257, 25.2508448], [55.3632542, 25.2507176], [55.3636318, 25.2503437], [55.3638083, 25.2500509], [55.3638446, 25.2499645], [55.3643146, 25.2492773], [55.3644564, 25.2490698]]}}, {"type": "Feature", "properties": {"aeroway": "taxiway", "ref": "Z10", "name": null, "surface": null, "id": 326774310}, "geometry": {"type": "LineString", "coordinates": [[55.3627793, 25.2500001], [55.3628255, 25.2499885], [55.3636174, 25.2497891], [55.3646455, 25.2497665], [55.3652777, 25.2496521]]}}, {"type": "Feature", "properties": {"aeroway": "taxiway", "ref": "K2", "name": null, "surface": null, "id": 326774311}, "geometry": {"type": "LineString", "coordinates": [[55.3583947, 25.2527862], [55.3583708, 25.2526998], [55.3583521, 25.2526069], [55.3583802, 25.2525055], [55.3584446, 25.2524043]]}}, {"type": "Feature", "properties": {"aeroway": "parking_position", "ref": null, "name": null, "surface": null, "id": 447931799}, "geometry": {"type": "LineString", "coordinates": [[55.3810124, 25.2506556], [55.3809105, 25.2507513], [55.3808435, 25.2508629], [55.3808184, 25.2509599], [55.3808184, 25.2510715], [55.380873, 25.2512268]]}}, {"type": "Feature", "properties": {"aeroway": "parking_position", "ref": null, "name": null, "surface": null, "id": 447931800}, "geometry": {"type": "LineString", "coordinates": [[55.3800434, 25.2511955], [55.3799557, 25.2512996], [55.3799065, 25.251399], [55.3798886, 25.251513], [55.3798957, 25.2516319], [55.3799342, 25.2517289]]}}, {"type": "Feature", "properties": {"aeroway": "taxiway", "ref": "K1", "name": null, "surface": null, "id": 470856164}, "geometry": {"type": "LineString", "coordinates": [[55.3573505, 25.2545284], [55.3578568, 25.2552728], [55.3580003, 25.2554839], [55.3582093, 25.2558073], [55.3584161, 25.2561294]]}}, {"type": "Feature", "properties": {"aeroway": "taxiway", "ref": "K2", "name": null, "surface": null, "id": 470856165}, "geometry": {"type": "LineString", "coordinates": [[55.3587212, 25.2532499], [55.358953, 25.2535997], [55.3594775, 25.2543913], [55.359733, 25.2547768], [55.3600317, 25.2552338]]}}, {"type": "Feature", "properties": {"aeroway": "taxiway", "ref": "K2", "name": null, "surface": null, "id": 470856166}, "geometry": {"type": "LineString", "coordinates": [[55.3578823, 25.2527162], [55.3580629, 25.2526795], [55.3582546, 25.2527095], [55.3583947, 25.2527862], [55.3585288, 25.2529596], [55.3587212, 25.2532499]]}}, {"type": "Feature", "properties": {"aeroway": "taxiway", "ref": "M2", "name": null, "surface": null, "id": 470856168}, "geometry": {"type": "LineString", "coordinates": [[55.3525873, 25.2613864], [55.3528415, 25.2617247], [55.3530362, 25.2620278], [55.3532765, 25.2623915], [55.3535926, 25.2628647]]}}, {"type": "Feature", "properties": {"aeroway": "taxiway", "ref": "L3", "name": null, "surface": null, "id": 470856169}, "geometry": {"type": "LineString", "coordinates": [[55.3502843, 25.2579168], [55.3505254, 25.258269], [55.3523082, 25.2609063], [55.3523775, 25.2610087], [55.3525065, 25.2612131], [55.3525873, 25.2613864]]}}, {"type": "Feature", "properties": {"aeroway": "taxiway", "ref": "J1", "name": null, "surface": null, "id": 470856170}, "geometry": {"type": "LineString", "coordinates": [[55.3485357, 25.2553096], [55.3485992, 25.2554048], [55.3487426, 25.2556197], [55.3489237, 25.2558909], [55.3489694, 25.2559593], [55.3491963, 25.2562991], [55.3496159, 25.2569274], [55.3497712, 25.2571598], [55.3500241, 25.2575045], [55.3500683, 25.257579], [55.3502843, 25.2579168]]}}, {"type": "Feature", "properties": {"aeroway": "taxiway", "ref": "Y1", "name": null, "surface": null, "id": 507829991}, "geometry": {"type": "LineString", "coordinates": [[55.3490654, 25.2554407], [55.3489031, 25.2554642], [55.348804, 25.2554642], [55.3486778, 25.2554153], [55.3485357, 25.2553096]]}}, {"type": "Feature", "properties": {"aeroway": "parking_position", "ref": null, "name": null, "surface": null, "id": 507829992}, "geometry": {"type": "LineString", "coordinates": [[55.3908759, 25.2348608], [55.3907472, 25.2347694], [55.3905349, 25.2347112], [55.3904262, 25.234701]]}}, {"type": "Feature", "properties": {"aeroway": "taxiway", "ref": "N7", "name": null, "surface": null, "id": 507829993}, "geometry": {"type": "LineString", "coordinates": [[55.3721221, 25.2525819], [55.3723214, 25.2525461], [55.3725529, 25.2525512], [55.3726771, 25.2525891], [55.3727874, 25.2526438], [55.3729337, 25.2527667]]}}, {"type": "Feature", "properties": {"aeroway": "taxiway", "ref": null, "name": null, "surface": null, "id": 507829994}, "geometry": {"type": "LineString", "coordinates": [[55.3504032, 25.2639063], [55.3505668, 25.2640567], [55.3507894, 25.2641585], [55.3510737, 25.2641658], [55.3513342, 25.2641217], [55.3511462, 25.2643017], [55.3510576, 25.2644763], [55.3510389, 25.2646873], [55.3510737, 25.264925]]}}, {"type": "Feature", "properties": {"aeroway": "taxiway", "ref": null, "name": null, "surface": null, "id": 507829995}, "geometry": {"type": "LineString", "coordinates": [[55.3787568, 25.2473209], [55.3786173, 25.2472142], [55.3784484, 25.247185], [55.3783196, 25.2471923], [55.3781241, 25.2472308]]}}, {"type": "Feature", "properties": {"aeroway": "taxiway", "ref": null, "name": null, "surface": null, "id": 507829996}, "geometry": {"type": "LineString", "coordinates": [[55.3939529, 25.2359109], [55.3941017, 25.2360468], [55.3942399, 25.2360893], [55.3943284, 25.2361014], [55.394441, 25.2361002], [55.3945762, 25.2360786], [55.3944477, 25.2362239], [55.3943995, 25.236344], [55.3943941, 25.2364714], [55.3944531, 25.2366586]]}}, {"type": "Feature", "properties": {"aeroway": "taxiway", "ref": null, "name": null, "surface": null, "id": 507829997}, "geometry": {"type": "LineString", "coordinates": [[55.3956363, 25.2349953], [55.3956802, 25.2351236], [55.395691, 25.2352304], [55.3956521, 25.2353601], [55.3955756, 25.2354814], [55.3954403, 25.2356038], [55.395644, 25.2355337], [55.3957728, 25.2355324], [55.3958854, 25.2355628], [55.395994, 25.2356089], [55.3961212, 25.235717]]}}, {"type": "Feature", "properties": {"aeroway": "taxiway", "ref": null, "name": null, "surface": null, "id": 507829998}, "geometry": {"type": "LineString", "coordinates": [[55.3729337, 25.2527667], [55.3728828, 25.2525997], [55.3728881, 25.2523887], [55.3729686, 25.252197], [55.3731229, 25.2520263], [55.372937, 25.2520789], [55.3727749, 25.2520814], [55.372659, 25.2520561], [55.3725538, 25.2520238], [55.3724516, 25.2519707], [55.3723151, 25.251867]]}}, {"type": "Feature", "properties": {"aeroway": "taxiway", "ref": null, "name": null, "surface": null, "id": 507829999}, "geometry": {"type": "LineString", "coordinates": [[55.3819256, 25.2471493], [55.3820345, 25.2469982], [55.3820908, 25.2468163], [55.3820425, 25.2465834]]}}, {"type": "Feature", "properties": {"aeroway": "taxiway", "ref": null, "name": null, "surface": null, "id": 507830000}, "geometry": {"type": "LineString", "coordinates": [[55.3819256, 25.2471493], [55.3821337, 25.2471195], [55.3822839, 25.2471438], [55.3824899, 25.2472731]]}}, {"type": "Feature", "properties": {"aeroway": "taxiway", "ref": null, "name": null, "surface": null, "id": 507830001}, "geometry": {"type": "LineString", "coordinates": [[55.3815275, 25.2458144], [55.3813505, 25.2456833], [55.3811896, 25.2456591], [55.3809982, 25.2456407]]}}, {"type": "Feature", "properties": {"aeroway": "taxiway", "ref": "M15", "name": null, "surface": null, "id": 507830002}, "geometry": {"type": "LineString", "coordinates": [[55.3824899, 25.2472731], [55.3822787, 25.2469433], [55.3820425, 25.2465834], [55.3817337, 25.2461221], [55.3815275, 25.2458144], [55.3814927, 25.2456251], [55.3815383, 25.2454456], [55.3816349, 25.2452835]]}}, {"type": "Feature", "properties": {"aeroway": "taxiway", "ref": null, "name": null, "surface": null, "id": 507830003}, "geometry": {"type": "LineString", "coordinates": [[55.3831255, 25.24603], [55.383155, 25.246142], [55.3831532, 25.2462658], [55.3831113, 25.246398], [55.3830472, 25.2464893], [55.3828969, 25.2466001], [55.3831192, 25.2465419], [55.3832763, 25.2465422], [55.3834362, 25.2465956], [55.3835716, 25.2466936]]}}, {"type": "Feature", "properties": {"aeroway": "taxiway", "ref": null, "name": null, "surface": null, "id": 507830004}, "geometry": {"type": "LineString", "coordinates": [[55.3814413, 25.2478704], [55.3812647, 25.2477503], [55.3811091, 25.2477018], [55.3808343, 25.2477452], [55.3809616, 25.2475975], [55.3809911, 25.2474204], [55.3810019, 25.2472097]]}}, {"type": "Feature", "properties": {"aeroway": "taxiway", "ref": null, "name": null, "surface": null, "id": 507830005}, "geometry": {"type": "LineString", "coordinates": [[55.3793174, 25.2481288], [55.3793536, 25.2483131], [55.3793442, 25.2484005], [55.3793101, 25.2484944], [55.3792544, 25.2485715], [55.3791618, 25.2486737], [55.3793482, 25.2486468], [55.3795078, 25.2486573], [55.3796245, 25.2486989], [55.3797653, 25.2487935]]}}, {"type": "Feature", "properties": {"aeroway": "taxiway", "ref": null, "name": null, "surface": null, "id": 507830006}, "geometry": {"type": "LineString", "coordinates": [[55.3797653, 25.2487935], [55.3797331, 25.2486285], [55.3797411, 25.2485412], [55.3797707, 25.2484538], [55.379878, 25.2483046], [55.3799089, 25.248281], [55.3800139, 25.2482007], [55.3798827, 25.2482602], [55.3797841, 25.2482864], [55.3796232, 25.2482925], [55.3795025, 25.2482573], [55.3793804, 25.2481821], [55.3793174, 25.2481288]]}}, {"type": "Feature", "properties": {"aeroway": "taxiway", "ref": null, "name": null, "surface": null, "id": 507830007}, "geometry": {"type": "LineString", "coordinates": [[55.3803098, 25.2496037], [55.3804734, 25.249742], [55.3806424, 25.2497711], [55.3808862, 25.2497551]]}}, {"type": "Feature", "properties": {"aeroway": "taxiway", "ref": "N10", "name": null, "surface": null, "id": 507830008}, "geometry": {"type": "LineString", "coordinates": [[55.3822138, 25.2490287], [55.381983, 25.2486849], [55.3817863, 25.2483843], [55.3814413, 25.2478704]]}}, {"type": "Feature", "properties": {"aeroway": "taxiway", "ref": null, "name": null, "surface": null, "id": 507830009}, "geometry": {"type": "LineString", "coordinates": [[55.381983, 25.2486849], [55.3820818, 25.2487729], [55.3821746, 25.2488205], [55.3822738, 25.2488488], [55.3823751, 25.2488588], [55.3825671, 25.2488336], [55.3824818, 25.2489342], [55.3824374, 25.2489983], [55.3824112, 25.2490662], [55.3824157, 25.2491253], [55.3824115, 25.2491867], [55.3824286, 25.2492623], [55.3824462, 25.2493337]]}}, {"type": "Feature", "properties": {"aeroway": "taxiway", "ref": null, "name": null, "surface": null, "id": 507830010}, "geometry": {"type": "LineString", "coordinates": [[55.3839665, 25.2480466], [55.384073, 25.2479589], [55.384126, 25.2478716], [55.3841575, 25.247777], [55.3841668, 25.2476557], [55.3841359, 25.2475308]]}}, {"type": "Feature", "properties": {"aeroway": "taxiway", "ref": "R1", "name": null, "surface": null, "id": 507830011}, "geometry": {"type": "LineString", "coordinates": [[55.3846165, 25.2441355], [55.3845067, 25.2440266], [55.3843898, 25.2439704], [55.3842793, 25.2439452], [55.3841494, 25.2439424], [55.384009, 25.2439672]]}}, {"type": "Feature", "properties": {"aeroway": "taxiway", "ref": "R1", "name": null, "surface": null, "id": 507830012}, "geometry": {"type": "LineString", "coordinates": [[55.384724, 25.2435754], [55.3846481, 25.2436562], [55.3845954, 25.2437517], [55.3845627, 25.2438332], [55.3845556, 25.2439422], [55.3845777, 25.2440399], [55.3846165, 25.2441355], [55.3846821, 25.2442329], [55.3848242, 25.2444441], [55.385056, 25.2447917], [55.3855073, 25.2454686], [55.3855482, 25.2455499], [55.3855857, 25.245653], [55.3856058, 25.2457852], [55.3855938, 25.2459259]]}}, {"type": "Feature", "properties": {"aeroway": "taxiway", "ref": null, "name": null, "surface": null, "id": 507830013}, "geometry": {"type": "LineString", "coordinates": [[55.3997666, 25.2374989], [55.4000147, 25.2373654], [55.400138, 25.2373169], [55.4002721, 25.2372975], [55.400409, 25.237323], [55.4005364, 25.2373776], [55.400676, 25.2374972]]}}, {"type": "Feature", "properties": {"aeroway": "taxiway", "ref": "S", "name": null, "surface": null, "id": 507830014}, "geometry": {"type": "LineString", "coordinates": [[55.3998162, 25.2367528], [55.3999369, 25.236862], [55.4000053, 25.2369954], [55.4000106, 25.2371252], [55.3999918, 25.2372284], [55.3999355, 25.2373327], [55.3998846, 25.2374067], [55.3997666, 25.2374989], [55.399021, 25.2378957], [55.3989356, 25.2379427], [55.3984139, 25.2382297], [55.3983072, 25.2382884], [55.3976137, 25.23867], [55.3970222, 25.2389955], [55.3964009, 25.2393374], [55.3957831, 25.2396773], [55.3951621, 25.240019], [55.3946517, 25.2402998], [55.3945899, 25.2403338], [55.3942096, 25.2404108], [55.3936752, 25.2404333], [55.3917145, 25.2404697], [55.3909716, 25.240494], [55.3905344, 25.2405182], [55.3902179, 25.2405886], [55.3899324, 25.240686]]}}, {"type": "Feature", "properties": {"aeroway": "taxiway", "ref": null, "name": null, "surface": null, "id": 507830015}, "geometry": {"type": "LineString", "coordinates": [[55.3949583, 25.2374359], [55.3950182, 25.2375004], [55.3950842, 25.2375483], [55.3951588, 25.2375788], [55.3952345, 25.2375964], [55.3953023, 25.2376077], [55.3953702, 25.2376099], [55.3954582, 25.2376016], [55.3955432, 25.2375794]]}}, {"type": "Feature", "properties": {"aeroway": "taxiway", "ref": null, "name": null, "surface": null, "id": 507830016}, "geometry": {"type": "LineString", "coordinates": [[55.3944531, 25.2366586], [55.3943391, 25.2365381], [55.3942224, 25.2364798], [55.3940991, 25.236458], [55.3939355, 25.2364641], [55.3937322, 25.2365371], [55.3939193, 25.2363767], [55.3939904, 25.2362749], [55.3940119, 25.2361511], [55.3939985, 25.2360383], [55.3939529, 25.2359109]]}}, {"type": "Feature", "properties": {"aeroway": "taxiway", "ref": null, "name": null, "surface": null, "id": 507830017}, "geometry": {"type": "LineString", "coordinates": [[55.3934687, 25.2351915], [55.3933534, 25.2350775], [55.3932193, 25.235012], [55.393112, 25.234989], [55.3929766, 25.2349865], [55.3928393, 25.2350348]]}}, {"type": "Feature", "properties": {"aeroway": "taxiway", "ref": "K15A", "name": null, "surface": null, "id": 507830018}, "geometry": {"type": "LineString", "coordinates": [[55.3944531, 25.2366586], [55.3941946, 25.2362732], [55.3939529, 25.2359109], [55.3936485, 25.2354598], [55.3934687, 25.2351915], [55.3933977, 25.2350229], [55.3934098, 25.2349101], [55.3934459, 25.2347961], [55.3934942, 25.2347184], [55.3935788, 25.2346259]]}}, {"type": "Feature", "properties": {"aeroway": "taxiway", "ref": null, "name": null, "surface": null, "id": 507830019}, "geometry": {"type": "LineString", "coordinates": [[55.3966214, 25.2364646], [55.3967374, 25.2365712], [55.3968673, 25.2366401], [55.3970138, 25.2366697], [55.3971222, 25.2366584], [55.3972506, 25.2366206]]}}, {"type": "Feature", "properties": {"aeroway": "taxiway", "ref": null, "name": null, "surface": null, "id": 507830020}, "geometry": {"type": "LineString", "coordinates": [[55.3804601, 25.2464079], [55.3803207, 25.2463006], [55.3801467, 25.2462366], [55.3800257, 25.2462366], [55.3798638, 25.2462761], [55.3799756, 25.2461299], [55.3800228, 25.2459858], [55.3800228, 25.2458951], [55.3799642, 25.2457179]]}}, {"type": "Feature", "properties": {"aeroway": "taxiway", "ref": null, "name": null, "surface": null, "id": 507830021}, "geometry": {"type": "LineString", "coordinates": [[55.3791709, 25.2462174], [55.3792501, 25.2462766], [55.3793651, 25.246338], [55.3795332, 25.246362], [55.3796482, 25.246354], [55.3797861, 25.2463189], [55.3796748, 25.24641], [55.3796187, 25.2465033], [55.3795922, 25.2466261], [55.3795951, 25.2466954], [55.3796351, 25.2468599]]}}, {"type": "Feature", "properties": {"aeroway": "taxiway", "ref": "M13", "name": null, "surface": null, "id": 507830022}, "geometry": {"type": "LineString", "coordinates": [[55.3797653, 25.2487935], [55.3795392, 25.2484642], [55.3793174, 25.2481288], [55.3789948, 25.2476528], [55.3787568, 25.2473209], [55.3787541, 25.2471875], [55.3787434, 25.2470298], [55.378844, 25.2468378]]}}, {"type": "Feature", "properties": {"aeroway": "taxiway", "ref": null, "name": null, "surface": null, "id": 507830023}, "geometry": {"type": "LineString", "coordinates": [[55.3692042, 25.2562455], [55.3693036, 25.2561315], [55.3693476, 25.2560202], [55.3693691, 25.2559322], [55.3693691, 25.2558358], [55.3693434, 25.2557445], [55.3692993, 25.2556588], [55.369253, 25.2556], [55.3691974, 25.2555496], [55.3690903, 25.2554825], [55.3689371, 25.2554404]]}}, {"type": "Feature", "properties": {"aeroway": "taxiway", "ref": "N5A", "name": null, "surface": null, "id": 507830024}, "geometry": {"type": "LineString", "coordinates": [[55.3711538, 25.2551669], [55.3706619, 25.2553385], [55.3701737, 25.2554089], [55.3694607, 25.2554399], [55.3689371, 25.2554404], [55.3682749, 25.2554527], [55.3678962, 25.2554804], [55.3675255, 25.2555269], [55.3671609, 25.2556013], [55.366585, 25.2557582], [55.3660274, 25.2559653]]}}, {"type": "Feature", "properties": {"aeroway": "taxiway", "ref": null, "name": null, "surface": null, "id": 507830025}, "geometry": {"type": "LineString", "coordinates": [[55.3577526, 25.2594879], [55.3576416, 25.2594722], [55.3575469, 25.2594353], [55.3574629, 25.2593784], [55.3574058, 25.2593221], [55.35733, 25.2592171], [55.357295, 25.2590985], [55.3572921, 25.2589892], [55.3573126, 25.2588778], [55.3574499, 25.2586976]]}}, {"type": "Feature", "properties": {"aeroway": "taxiway", "ref": null, "name": null, "surface": null, "id": 507830026}, "geometry": {"type": "LineString", "coordinates": [[55.3532765, 25.2623915], [55.3533428, 25.2626067], [55.3533418, 25.2627098], [55.3533221, 25.2628168], [55.3532814, 25.2629058], [55.3532293, 25.2629907], [55.3531647, 25.2630693], [55.3530462, 25.2631687], [55.3531696, 25.2631273], [55.3533021, 25.2631002], [55.3534451, 25.2630939], [55.3535745, 25.2631193], [55.3536862, 25.2631543], [55.3538843, 25.2632779]]}}, {"type": "Feature", "properties": {"aeroway": "taxiway", "ref": null, "name": null, "surface": null, "id": 507830027}, "geometry": {"type": "LineString", "coordinates": [[55.3523775, 25.2610087], [55.3524129, 25.2611806], [55.35241, 25.2613006], [55.3523923, 25.2613833], [55.352351, 25.2614553], [55.3522796, 25.2615564], [55.3524247, 25.261538], [55.3525604, 25.2615647], [55.3526459, 25.2615993], [55.3528415, 25.2617247]]}}, {"type": "Feature", "properties": {"aeroway": "taxiway", "ref": "N1C", "name": null, "surface": null, "id": 507830028}, "geometry": {"type": "LineString", "coordinates": [[55.3514788, 25.2655145], [55.3516182, 25.2656624], [55.3517711, 25.2657328], [55.3519267, 25.2657376], [55.3521157, 25.2657031]]}}, {"type": "Feature", "properties": {"aeroway": "taxiway", "ref": null, "name": null, "surface": null, "id": 507830029}, "geometry": {"type": "LineString", "coordinates": [[55.3510737, 25.264925], [55.3509745, 25.2648523], [55.3508082, 25.2647577], [55.3506419, 25.264697], [55.3503978, 25.2647019], [55.3502325, 25.2647333], [55.3504059, 25.2644787], [55.3504541, 25.264338], [55.3504649, 25.2641682], [55.3504032, 25.2639063]]}}, {"type": "Feature", "properties": {"aeroway": "taxiway", "ref": null, "name": null, "surface": null, "id": 507830030}, "geometry": {"type": "LineString", "coordinates": [[55.349966, 25.2632635], [55.3497621, 25.2631398], [55.3496629, 25.2631155], [55.3494238, 25.2631344]]}}, {"type": "Feature", "properties": {"aeroway": "taxiway", "ref": "N1C", "name": null, "surface": null, "id": 507830031}, "geometry": {"type": "LineString", "coordinates": [[55.3513947, 25.2661026], [55.3515083, 25.2659608], [55.3515458, 25.2658153], [55.3514788, 25.2655145], [55.3513156, 25.2652718], [55.3510737, 25.264925], [55.3507493, 25.2644464]]}}, {"type": "Feature", "properties": {"aeroway": "taxiway", "ref": null, "name": null, "surface": null, "id": 507830032}, "geometry": {"type": "LineString", "coordinates": [[55.3623183, 25.2586446], [55.3621648, 25.2585086], [55.3619967, 25.2584579], [55.3617932, 25.2584206], [55.3616664, 25.2584313], [55.3615128, 25.2584715], [55.3616605, 25.2583006], [55.3617431, 25.2581165], [55.3617578, 25.2579298], [55.3617109, 25.2577392]]}}, {"type": "Feature", "properties": {"aeroway": "taxiway", "ref": null, "name": null, "surface": null, "id": 507830033}, "geometry": {"type": "LineString", "coordinates": [[55.395966, 25.2332884], [55.3961992, 25.2332421], [55.3963387, 25.2332615], [55.3964674, 25.2333088], [55.3965989, 25.2334277]]}}, {"type": "Feature", "properties": {"aeroway": "taxiway", "ref": "M21", "name": null, "surface": null, "id": 507830037}, "geometry": {"type": "LineString", "coordinates": [[55.3958753, 25.2353515], [55.3961188, 25.2352413], [55.396285, 25.2351819], [55.3964674, 25.2351588], [55.397484, 25.2351345], [55.3975993, 25.2351467], [55.3977267, 25.235194], [55.3978719, 25.2353263]]}}, {"type": "Feature", "properties": {"aeroway": "taxiway", "ref": "K18", "name": null, "surface": null, "id": 507830038}, "geometry": {"type": "LineString", "coordinates": [[55.3968159, 25.2337427], [55.396859, 25.2338644], [55.3968711, 25.2340136], [55.3968094, 25.2341701], [55.3963374, 25.2349477], [55.3962421, 25.2350715], [55.3960557, 25.2352401], [55.3958753, 25.2353515]]}}, {"type": "Feature", "properties": {"aeroway": "taxiway", "ref": null, "name": null, "surface": null, "id": 507830039}, "geometry": {"type": "LineString", "coordinates": [[55.3980996, 25.2356623], [55.3981411, 25.2357969], [55.3981492, 25.2359061], [55.398121, 25.2359898], [55.3980607, 25.236105], [55.3979403, 25.2362392]]}}, {"type": "Feature", "properties": {"aeroway": "taxiway", "ref": null, "name": null, "surface": null, "id": 507830040}, "geometry": {"type": "LineString", "coordinates": [[55.3866381, 25.2411199], [55.386546, 25.2409161], [55.3865728, 25.2406881], [55.3867544, 25.2404196], [55.3864789, 25.240443], [55.3863126, 25.2404188], [55.3861141, 25.2403217], [55.3859908, 25.240209]]}}, {"type": "Feature", "properties": {"aeroway": "taxiway", "ref": "M17", "name": null, "surface": null, "id": 507830041}, "geometry": {"type": "LineString", "coordinates": [[55.385809, 25.2409437], [55.3860658, 25.2408919], [55.3862187, 25.2409064], [55.3864387, 25.2409938], [55.3866381, 25.2411199]]}}, {"type": "Feature", "properties": {"aeroway": "taxiway", "ref": null, "name": null, "surface": null, "id": 507830042}, "geometry": {"type": "LineString", "coordinates": [[55.3863111, 25.2431369], [55.3864535, 25.2428228], [55.3865851, 25.242644], [55.3867992, 25.2424313]]}}, {"type": "Feature", "properties": {"aeroway": "taxiway", "ref": null, "name": null, "surface": null, "id": 507830043}, "geometry": {"type": "LineString", "coordinates": [[55.3862051, 25.2435896], [55.3861718, 25.2434423], [55.3861282, 25.2433553], [55.3860707, 25.2432753], [55.386002, 25.2432128], [55.3859058, 25.2431615], [55.385805, 25.2431324], [55.3857109, 25.2431183], [55.3855982, 25.2431265], [55.3854777, 25.2431567]]}}, {"type": "Feature", "properties": {"aeroway": "taxiway", "ref": "R", "name": null, "surface": null, "id": 507830044}, "geometry": {"type": "LineString", "coordinates": [[55.3864433, 25.2426224], [55.3863111, 25.2431369], [55.3862051, 25.2435896], [55.3858852, 25.2448123], [55.3855938, 25.2459259], [55.3853041, 25.2470673], [55.3850164, 25.2481889], [55.3847864, 25.2490858], [55.3847006, 25.2494036], [55.384655, 25.2495067], [55.3845785, 25.2496207], [55.3844592, 25.2497153], [55.3840971, 25.249924], [55.3838515, 25.2500717], [55.3837545, 25.25013], [55.3835848, 25.2502321], [55.3834802, 25.2503849], [55.3834373, 25.2505232], [55.3834664, 25.2507927]]}}, {"type": "Feature", "properties": {"aeroway": "taxiway", "ref": "M", "name": null, "surface": null, "id": 507830045}, "geometry": {"type": "LineString", "coordinates": [[55.3986801, 25.2360898], [55.398522, 25.2360359], [55.398353, 25.2360517], [55.3982055, 25.2361002], [55.3979403, 25.2362392], [55.3976174, 25.2364155], [55.3972506, 25.2366206], [55.3964313, 25.2370808]]}}, {"type": "Feature", "properties": {"aeroway": "taxiway", "ref": "T", "name": null, "surface": null, "id": 507830046}, "geometry": {"type": "LineString", "coordinates": [[55.3986801, 25.2360898], [55.3990605, 25.2363143], [55.3997718, 25.236725], [55.3998162, 25.2367528], [55.400354, 25.2370488], [55.4004435, 25.2371598], [55.400676, 25.2374972], [55.4007354, 25.2375896], [55.4008846, 25.2378215], [55.4009651, 25.2379508], [55.4013065, 25.2385223], [55.401401, 25.2386651], [55.4016495, 25.2390407]]}}, {"type": "Feature", "properties": {"aeroway": "taxiway", "ref": null, "name": null, "surface": null, "id": 507830047}, "geometry": {"type": "LineString", "coordinates": [[55.3476405, 25.2645976], [55.3475982, 25.2644811], [55.3475815, 25.2643647], [55.3476035, 25.2642669], [55.3476512, 25.2641755], [55.3477914, 25.2640464]]}}, {"type": "Feature", "properties": {"aeroway": "taxiway", "ref": null, "name": null, "surface": null, "id": 507830048}, "geometry": {"type": "LineString", "coordinates": [[55.3487379, 25.2662763], [55.34869, 25.2661483], [55.3486702, 25.2660224], [55.3486714, 25.265906], [55.3486913, 25.265797], [55.3487351, 25.265683], [55.3488116, 25.2655796], [55.3489929, 25.2654213], [55.3487985, 25.2654747], [55.3486508, 25.26549], [55.3485065, 25.2654827], [55.3483527, 25.2654384], [55.3482182, 25.2653795], [55.3480739, 25.2652697]]}}, {"type": "Feature", "properties": {"aeroway": "taxiway", "ref": "M1B", "name": null, "surface": null, "id": 507830049}, "geometry": {"type": "LineString", "coordinates": [[55.3470169, 25.2644772], [55.347152, 25.2644369], [55.347267, 25.2644239], [55.3473803, 25.2644423], [55.3475103, 25.2644991], [55.3476405, 25.2645976], [55.347843, 25.2649171], [55.3480739, 25.2652697], [55.3483885, 25.2657568]]}}, {"type": "Feature", "properties": {"aeroway": "taxiway", "ref": null, "name": null, "surface": null, "id": 507830050}, "geometry": {"type": "LineString", "coordinates": [[55.3708738, 25.2522359], [55.370906, 25.2519933], [55.3708649, 25.2518613], [55.3708103, 25.2517753], [55.370731, 25.2516989], [55.3706451, 25.2516468], [55.3705689, 25.2516122], [55.3704591, 25.2515896], [55.3703615, 25.251594], [55.3702387, 25.2516094]]}}, {"type": "Feature", "properties": {"aeroway": "taxiway", "ref": "M9", "name": null, "surface": null, "id": 507830051}, "geometry": {"type": "LineString", "coordinates": [[55.3720758, 25.2505924], [55.3718292, 25.250913], [55.3717553, 25.2510094], [55.3717065, 25.251063], [55.3711238, 25.2518783], [55.3708738, 25.2522359], [55.3700884, 25.2533002], [55.3697601, 25.2536649], [55.3694951, 25.2538942], [55.369017, 25.2542589], [55.3687136, 25.2544769]]}}, {"type": "Feature", "properties": {"aeroway": "taxiway", "ref": null, "name": null, "surface": null, "id": 507830052}, "geometry": {"type": "LineString", "coordinates": [[55.3544079, 25.2613499], [55.3542702, 25.2613169], [55.3541757, 25.2612756], [55.3541098, 25.2612291], [55.3540666, 25.2611905], [55.3540262, 25.2611444], [55.353978, 25.2610551], [55.3539464, 25.2609518], [55.3539439, 25.2608461], [55.353966, 25.2607418], [55.3540212, 25.2606441], [55.3541164, 25.2605443]]}}, {"type": "Feature", "properties": {"aeroway": "taxiway", "ref": null, "name": null, "surface": null, "id": 507830054}, "geometry": {"type": "LineString", "coordinates": [[55.3590813, 25.2623285], [55.3588202, 25.2619863], [55.3586644, 25.2617668], [55.358608, 25.2616495], [55.3585876, 25.2615221], [55.3586041, 25.2613559]]}}, {"type": "Feature", "properties": {"aeroway": "taxiway", "ref": null, "name": null, "surface": null, "id": 507830055}, "geometry": {"type": "LineString", "coordinates": [[55.3679875, 25.2538358], [55.3680225, 25.2537272], [55.368028, 25.2536307], [55.3680173, 25.2535361], [55.3679945, 25.2534573], [55.3679613, 25.253399], [55.3679093, 25.2533433], [55.3678281, 25.2532741], [55.367698, 25.253205], [55.3675639, 25.2531844], [55.3673962, 25.2531847]]}}, {"type": "Feature", "properties": {"aeroway": "taxiway", "ref": "M7A", "name": null, "surface": null, "id": 507830056}, "geometry": {"type": "LineString", "coordinates": [[55.3660274, 25.2559653], [55.3665099, 25.2555981], [55.3671777, 25.2549164], [55.3678188, 25.2540698], [55.3679875, 25.2538358], [55.3682533, 25.2534648], [55.3684625, 25.2531771], [55.3690231, 25.2524299], [55.3693382, 25.2521077]]}}, {"type": "Feature", "properties": {"aeroway": "taxiway", "ref": null, "name": null, "surface": null, "id": 507830058}, "geometry": {"type": "LineString", "coordinates": [[55.3627923, 25.2566732], [55.3625429, 25.256583], [55.3624802, 25.2565213], [55.3624114, 25.2564374], [55.3623821, 25.2563634], [55.3623712, 25.2562895], [55.3623758, 25.2561961], [55.3623927, 25.2561027], [55.3624404, 25.2559986], [55.3625065, 25.2558973]]}}, {"type": "Feature", "properties": {"aeroway": "taxiway", "ref": null, "name": null, "surface": null, "id": 507830059}, "geometry": {"type": "LineString", "coordinates": [[55.3612395, 25.2570406], [55.3611149, 25.2569427], [55.3609675, 25.2568921], [55.3608524, 25.2568814], [55.3607055, 25.2568993], [55.3607846, 25.2567747], [55.3608318, 25.2566253], [55.3608293, 25.2564122]]}}, {"type": "Feature", "properties": {"aeroway": "taxiway", "ref": null, "name": null, "surface": null, "id": 507830060}, "geometry": {"type": "LineString", "coordinates": [[55.3586469, 25.2564583], [55.3586081, 25.2562531], [55.3586483, 25.2560808], [55.3588004, 25.2559164], [55.3585651, 25.2559571], [55.3583291, 25.2558989], [55.3582093, 25.2558073]]}}, {"type": "Feature", "properties": {"aeroway": "taxiway", "ref": null, "name": null, "surface": null, "id": 507830061}, "geometry": {"type": "LineString", "coordinates": [[55.3469378, 25.2669868], [55.3468975, 25.2667709], [55.3469861, 25.2665793], [55.3471121, 25.2664653]]}}, {"type": "Feature", "properties": {"aeroway": "taxiway", "ref": null, "name": null, "surface": null, "id": 507830062}, "geometry": {"type": "LineString", "coordinates": [[55.3464872, 25.2663343], [55.3466722, 25.2664556], [55.3468519, 25.2664944], [55.3471121, 25.2664653]]}}, {"type": "Feature", "properties": {"aeroway": "parking_position", "ref": null, "name": null, "surface": null, "id": 507830063}, "geometry": {"type": "LineString", "coordinates": [[55.3819546, 25.2501309], [55.3817796, 25.2502661], [55.3817233, 25.2503631], [55.3816955, 25.2504917], [55.3817036, 25.2506106], [55.3817421, 25.2507149]]}}, {"type": "Feature", "properties": {"aeroway": "taxiway", "ref": "P8", "name": null, "surface": null, "id": 507830064}, "geometry": {"type": "LineString", "coordinates": [[55.3822247, 25.2499848], [55.382052, 25.2500125], [55.3819084, 25.2499992], [55.381789, 25.2499482], [55.381733, 25.249907], [55.3816622, 25.2498548]]}}, {"type": "Feature", "properties": {"aeroway": "taxiway", "ref": null, "name": null, "surface": null, "id": 507830065}, "geometry": {"type": "LineString", "coordinates": [[55.3817473, 25.2492808], [55.3815879, 25.2493029], [55.3814457, 25.2492883], [55.3813224, 25.2492422], [55.3811745, 25.2491215]]}}, {"type": "Feature", "properties": {"aeroway": "taxiway", "ref": "M12B", "name": null, "surface": null, "id": 507830066}, "geometry": {"type": "LineString", "coordinates": [[55.3754899, 25.2477382], [55.3753208, 25.2480244], [55.3748649, 25.2487959], [55.3746718, 25.2490094], [55.374229, 25.2493981]]}}, {"type": "Feature", "properties": {"aeroway": "taxiway", "ref": null, "name": null, "surface": null, "id": 507830067}, "geometry": {"type": "LineString", "coordinates": [[55.3745055, 25.2461666], [55.3742883, 25.2461031], [55.3741622, 25.2459963], [55.3740549, 25.2458289], [55.3740388, 25.2456761], [55.3740911, 25.2455184], [55.374185, 25.2453947], [55.374248, 25.2453411]]}}, {"type": "Feature", "properties": {"aeroway": "taxiway", "ref": "K9", "name": null, "surface": null, "id": 507830068}, "geometry": {"type": "LineString", "coordinates": [[55.3723821, 25.2463761], [55.3730142, 25.2462049], [55.374063, 25.2461758], [55.3745055, 25.2461666], [55.3754228, 25.2461419], [55.376308, 25.2459866], [55.3770161, 25.2457586], [55.3775393, 25.2455284]]}}, {"type": "Feature", "properties": {"aeroway": "taxiway", "ref": "M12B", "name": null, "surface": null, "id": 507830069}, "geometry": {"type": "LineString", "coordinates": [[55.3761531, 25.2483263], [55.3759459, 25.2483568], [55.375742, 25.2483131], [55.3755516, 25.2481821], [55.3754899, 25.248056], [55.3754899, 25.2477382], [55.3764743, 25.2463554], [55.3769973, 25.2459017], [55.3775393, 25.2455284]]}}, {"type": "Feature", "properties": {"aeroway": "taxiway", "ref": "N3A", "name": null, "surface": null, "id": 507830071}, "geometry": {"type": "LineString", "coordinates": [[55.3575491, 25.2626909], [55.3580958, 25.2621695], [55.3582889, 25.2619027], [55.3586041, 25.2613559], [55.3586778, 25.2612259], [55.3587878, 25.261046], [55.3590959, 25.2605423], [55.3594771, 25.2600203], [55.3599787, 25.2594866], [55.3607913, 25.258872]]}}, {"type": "Feature", "properties": {"aeroway": "taxiway", "ref": "M3A", "name": null, "surface": null, "id": 507830072}, "geometry": {"type": "LineString", "coordinates": [[55.3555884, 25.2597318], [55.3558706, 25.2596322], [55.3562021, 25.2595521], [55.3564019, 25.2595279], [55.3568639, 25.2595085], [55.3573447, 25.2594988], [55.3577526, 25.2594879], [55.3584418, 25.2594697], [55.359115, 25.2593872], [55.3596032, 25.2592926], [55.3607913, 25.258872]]}}, {"type": "Feature", "properties": {"aeroway": "parking_position", "ref": "C60", "name": null, "surface": null, "id": 507830074}, "geometry": {"type": "LineString", "coordinates": [[55.3485556, 25.2588622], [55.3483471, 25.2585599], [55.3482601, 25.2584338], [55.3480431, 25.2581191], [55.3477637, 25.2577142], [55.3474286, 25.2572282]]}}, {"type": "Feature", "properties": {"aeroway": "parking_position", "ref": "C59", "name": null, "surface": null, "id": 507830075}, "geometry": {"type": "LineString", "coordinates": [[55.3479175, 25.2592111], [55.3474554, 25.2584777], [55.3474358, 25.2584559], [55.3471558, 25.2580512], [55.3468117, 25.2575533]]}}, {"type": "Feature", "properties": {"aeroway": "parking_position", "ref": "C58", "name": null, "surface": null, "id": 507830076}, "geometry": {"type": "LineString", "coordinates": [[55.347327, 25.2595491], [55.3472601, 25.2594454], [55.3469007, 25.2589257], [55.3468168, 25.2587995], [55.3465371, 25.2583942], [55.3461814, 25.2578784]]}}, {"type": "Feature", "properties": {"aeroway": "parking_position", "ref": "C57", "name": null, "surface": null, "id": 507830077}, "geometry": {"type": "LineString", "coordinates": [[55.3467121, 25.2599009], [55.3462071, 25.2591379], [55.3459239, 25.2587341], [55.3455645, 25.2582204]]}}, {"type": "Feature", "properties": {"aeroway": "parking_position", "ref": "C56", "name": null, "surface": null, "id": 507830078}, "geometry": {"type": "LineString", "coordinates": [[55.3460928, 25.2602366], [55.3460725, 25.2602094], [55.3456052, 25.2595128], [55.3455841, 25.2594836], [55.345306, 25.2590766], [55.3449449, 25.2585479]]}}, {"type": "Feature", "properties": {"aeroway": "parking_position", "ref": "C55L", "name": null, "surface": null, "id": 507830079}, "geometry": {"type": "LineString", "coordinates": [[55.3455, 25.2605641], [55.3449769, 25.2598206], [55.344704, 25.2594102], [55.3444111, 25.25897]]}}, {"type": "Feature", "properties": {"aeroway": "parking_position", "ref": "C55", "name": null, "surface": null, "id": 507830080}, "geometry": {"type": "LineString", "coordinates": [[55.3453196, 25.2606672], [55.344812, 25.2599121], [55.3445357, 25.2595035], [55.3441241, 25.2588948]]}}, {"type": "Feature", "properties": {"aeroway": "parking_position", "ref": "C55R", "name": null, "surface": null, "id": 507830081}, "geometry": {"type": "LineString", "coordinates": [[55.3451608, 25.260758], [55.3446492, 25.2600024], [55.3443727, 25.2595939], [55.3439042, 25.258902]]}}, {"type": "Feature", "properties": {"aeroway": "parking_position", "ref": "C54L", "name": null, "surface": null, "id": 507830082}, "geometry": {"type": "LineString", "coordinates": [[55.3447212, 25.2610031], [55.344706, 25.2609805], [55.3442275, 25.2602662], [55.3442131, 25.2602446], [55.3439385, 25.2598346], [55.343585, 25.2593071]]}}, {"type": "Feature", "properties": {"aeroway": "parking_position", "ref": "C54", "name": null, "surface": null, "id": 507830083}, "geometry": {"type": "LineString", "coordinates": [[55.3445334, 25.2611061], [55.3444731, 25.2610306], [55.3440798, 25.2604258], [55.3440184, 25.2603525], [55.3437471, 25.2599407], [55.3433588, 25.2593519]]}}, {"type": "Feature", "properties": {"aeroway": "parking_position", "ref": "C54R", "name": null, "surface": null, "id": 507830084}, "geometry": {"type": "LineString", "coordinates": [[55.3443691, 25.2611963], [55.3442692, 25.2610348], [55.3439763, 25.2605975], [55.3438604, 25.2604402], [55.3435879, 25.2600289], [55.3431478, 25.2593654]]}}, {"type": "Feature", "properties": {"aeroway": "parking_position", "ref": "C53L", "name": null, "surface": null, "id": 507830085}, "geometry": {"type": "LineString", "coordinates": [[55.3439351, 25.2614301], [55.3436936, 25.2610664], [55.3436816, 25.261047], [55.3434204, 25.2606844], [55.3431512, 25.260271], [55.3428248, 25.2597709]]}}, {"type": "Feature", "properties": {"aeroway": "parking_position", "ref": "C53", "name": null, "surface": null, "id": 507830087}, "geometry": {"type": "LineString", "coordinates": [[55.3437502, 25.2615297], [55.3435741, 25.2612648], [55.3434161, 25.2610525], [55.3432389, 25.2607851], [55.3429623, 25.2603757], [55.3425926, 25.2598287]]}}, {"type": "Feature", "properties": {"aeroway": "parking_position", "ref": "C53R", "name": null, "surface": null, "id": 507830088}, "geometry": {"type": "LineString", "coordinates": [[55.343596, 25.2616169], [55.3434716, 25.2614348], [55.3432044, 25.2610569], [55.3430887, 25.2608685], [55.3428092, 25.2604606], [55.3423382, 25.2597728]]}}, {"type": "Feature", "properties": {"aeroway": "parking_position", "ref": "C52", "name": null, "surface": null, "id": 507830090}, "geometry": {"type": "LineString", "coordinates": [[55.3430489, 25.2619213], [55.3425494, 25.2611678], [55.3422756, 25.2607563], [55.3418711, 25.2601489]]}}, {"type": "Feature", "properties": {"aeroway": "parking_position", "ref": "C51", "name": null, "surface": null, "id": 507830091}, "geometry": {"type": "LineString", "coordinates": [[55.3415619, 25.2626621], [55.3414158, 25.2617969], [55.3413503, 25.2612693], [55.3412059, 25.2605758]]}}, {"type": "Feature", "properties": {"aeroway": "parking_position", "ref": "C51R", "name": null, "surface": null, "id": 507830093}, "geometry": {"type": "LineString", "coordinates": [[55.3405967, 25.2616069], [55.340886, 25.2611872], [55.341129, 25.260742]]}}, {"type": "Feature", "properties": {"aeroway": "parking_position", "ref": "C50", "name": null, "surface": null, "id": 507830094}, "geometry": {"type": "LineString", "coordinates": [[55.3400067, 25.2606698], [55.3403973, 25.2604539], [55.3411147, 25.2600567]]}}, {"type": "Feature", "properties": {"aeroway": "parking_position", "ref": "C48", "name": null, "surface": null, "id": 507830095}, "geometry": {"type": "LineString", "coordinates": [[55.3393424, 25.259659], [55.339723, 25.259442], [55.3397568, 25.2594193], [55.3402108, 25.2591567]]}}, {"type": "Feature", "properties": {"aeroway": "parking_position", "ref": "C49", "name": null, "surface": null, "id": 507830096}, "geometry": {"type": "LineString", "coordinates": [[55.3396463, 25.2601161], [55.3400285, 25.2599005], [55.3406346, 25.259557]]}}, {"type": "Feature", "properties": {"aeroway": "taxiway", "ref": null, "name": null, "surface": null, "id": 507830097}, "geometry": {"type": "LineString", "coordinates": [[55.3783264, 25.2435279], [55.3782069, 25.2434444], [55.3780741, 25.2433877], [55.3779377, 25.2433744], [55.3777599, 25.2433978], [55.3778308, 25.2433044], [55.3778861, 25.2431143], [55.3778898, 25.2430009], [55.3778612, 25.2428493]]}}, {"type": "Feature", "properties": {"aeroway": "taxiway", "ref": null, "name": null, "surface": null, "id": 507830098}, "geometry": {"type": "LineString", "coordinates": [[55.3774857, 25.243966], [55.3773257, 25.2438779], [55.3771746, 25.2438346], [55.3770714, 25.2438379], [55.376921, 25.2438669], [55.3770345, 25.2437045], [55.3770714, 25.2435511], [55.3770603, 25.2434444], [55.3770528, 25.2433383]]}}, {"type": "Feature", "properties": {"aeroway": "taxiway", "ref": null, "name": null, "surface": null, "id": 507830099}, "geometry": {"type": "LineString", "coordinates": [[55.3816457, 25.2438177], [55.3814725, 25.2436999], [55.3812744, 25.2436416], [55.38109, 25.2436291], [55.3809546, 25.243635], [55.381067, 25.243454], [55.3811223, 25.2432664], [55.3811131, 25.2431039], [55.3810724, 25.2429558]]}}, {"type": "Feature", "properties": {"aeroway": "taxiway", "ref": "M14A", "name": null, "surface": null, "id": 507830100}, "geometry": {"type": "LineString", "coordinates": [[55.3814413, 25.2478704], [55.3812179, 25.2475389], [55.3810019, 25.2472097], [55.3807877, 25.2468874], [55.3806641, 25.2467055], [55.3804601, 25.2464079], [55.3802303, 25.2460714], [55.3799642, 25.2457179]]}}, {"type": "Feature", "properties": {"aeroway": "parking_position", "ref": "G22", "name": null, "surface": null, "id": 507830101}, "geometry": {"type": "LineString", "coordinates": [[55.3892529, 25.2370309], [55.3888634, 25.2364419], [55.3884771, 25.2358576]]}}, {"type": "Feature", "properties": {"aeroway": "apron", "ref": "Apron H", "name": null, "surface": null, "id": 507830102}, "geometry": {"type": "Polygon", "coordinates": [[[55.3889143, 25.2356356], [55.3893473, 25.2362732], [55.3949784, 25.2331597], [55.3968429, 25.2321066], [55.3963198, 25.2313322], [55.3956641, 25.2316304], [55.3956747, 25.2316639], [55.395685, 25.2316976], [55.3956789, 25.2317323], [55.3956549, 25.2317621], [55.3956071, 25.2317808], [55.3955478, 25.2317888], [55.3954721, 25.2317933], [55.3953924, 25.2318037], [55.3951089, 25.2318542], [55.3945282, 25.231995], [55.3939716, 25.2321648], [55.3935425, 25.2322898], [55.3927569, 25.2326431], [55.3927896, 25.232704], [55.3925581, 25.2328027], [55.3925261, 25.2327434], [55.3920109, 25.2329436], [55.3916488, 25.2331559], [55.3913833, 25.2333063], [55.3907328, 25.2337176], [55.390124, 25.2342399], [55.3894604, 25.2341484], [55.3894337, 25.2341476], [55.3894072, 25.2341513], [55.3893828, 25.2341586], [55.3893688, 25.2341661], [55.3893977, 25.2341797], [55.3894398, 25.2341935], [55.3894989, 25.2342066], [55.3895554, 25.2342132], [55.3895504, 25.2343084], [55.3894869, 25.2343029], [55.3894248, 25.23429], [55.3893651, 25.23427], [55.3893188, 25.234248], [55.3892879, 25.2342299], [55.3890399, 25.234435], [55.389053, 25.2344621], [55.3890734, 25.2345216], [55.3890864, 25.2345828], [55.3890919, 25.2346449], [55.3890897, 25.2347072], [55.3889911, 25.2347036], [55.3889931, 25.2346526], [55.3889892, 25.2346017], [55.3889796, 25.2345515], [55.3889628, 25.2344988], [55.3885921, 25.2348054], [55.3885786, 25.2348172], [55.3885697, 25.2348322], [55.3885663, 25.2348514], [55.3885707, 25.2348704], [55.3886695, 25.2351515], [55.3887681, 25.2353844], [55.3889143, 25.2356356]]]}}, {"type": "Feature", "properties": {"aeroway": "taxiway", "ref": null, "name": null, "surface": null, "id": 507830103}, "geometry": {"type": "LineString", "coordinates": [[55.3951535, 25.2342708], [55.3950311, 25.2341543], [55.3949035, 25.2340953], [55.3947952, 25.2340684], [55.3946494, 25.2340693], [55.3945095, 25.2341116], [55.3946179, 25.2340053], [55.3946756, 25.2339028], [55.3947074, 25.2338183], [55.3946945, 25.2336715], [55.3946513, 25.2335388]]}}, {"type": "Feature", "properties": {"aeroway": "taxiway", "ref": null, "name": null, "surface": null, "id": 507830104}, "geometry": {"type": "LineString", "coordinates": [[55.3943014, 25.2346978], [55.3941795, 25.2346001], [55.3940492, 25.2345404], [55.3939087, 25.2345241], [55.3937535, 25.2345508], [55.3936371, 25.2345897], [55.3937682, 25.2344807], [55.3938476, 25.234378], [55.3938792, 25.2342712], [55.3938764, 25.234141], [55.3938294, 25.2340028]]}}, {"type": "Feature", "properties": {"aeroway": "taxiway", "ref": "Z16", "name": null, "surface": null, "id": 507830105}, "geometry": {"type": "LineString", "coordinates": [[55.3738856, 25.244514], [55.3742853, 25.2443691], [55.3746504, 25.2443126], [55.3751851, 25.2443033], [55.3752465, 25.2443043], [55.3759217, 25.244269], [55.3761969, 25.2442041], [55.3765279, 25.2440852]]}}, {"type": "Feature", "properties": {"aeroway": "taxiway", "ref": "Z17", "name": null, "surface": null, "id": 507830106}, "geometry": {"type": "LineString", "coordinates": [[55.3759277, 25.2433844], [55.3757536, 25.2435358], [55.375565, 25.2437328], [55.3752699, 25.2441574], [55.3752126, 25.244256], [55.3751851, 25.2443033], [55.3749695, 25.2446741], [55.374755, 25.2449604], [55.374712, 25.2450138], [55.3744166, 25.2452458]]}}, {"type": "Feature", "properties": {"aeroway": "parking_position", "ref": "A6", "name": null, "surface": null, "id": 507830107}, "geometry": {"type": "LineString", "coordinates": [[55.373925, 25.2454469], [55.3734703, 25.2447485]]}}, {"type": "Feature", "properties": {"aeroway": "taxiway", "ref": "K4", "name": null, "surface": null, "id": 507830108}, "geometry": {"type": "LineString", "coordinates": [[55.3632765, 25.2511742], [55.3632657, 25.250978], [55.363306, 25.25083], [55.3634226, 25.250698], [55.3632542, 25.2507176], [55.3631956, 25.2506997], [55.3630123, 25.2506505], [55.3628567, 25.2505377]]}}, {"type": "Feature", "properties": {"aeroway": "taxiway", "ref": "K4", "name": null, "surface": null, "id": 507830109}, "geometry": {"type": "LineString", "coordinates": [[55.3628567, 25.2505377], [55.3628875, 25.2506663], [55.3628889, 25.2508082], [55.362846, 25.2509259], [55.3627887, 25.2510299], [55.3630136, 25.2510363], [55.3631598, 25.2510884], [55.3632765, 25.2511742]]}}, {"type": "Feature", "properties": {"aeroway": "taxiway", "ref": "K4", "name": null, "surface": null, "id": 507830110}, "geometry": {"type": "LineString", "coordinates": [[55.3628057, 25.2504528], [55.3627655, 25.2503073], [55.3627749, 25.2501702], [55.3628021, 25.2500384], [55.3628255, 25.2499885], [55.3628474, 25.2499625]]}}, {"type": "Feature", "properties": {"aeroway": "taxiway", "ref": "K3", "name": null, "surface": null, "id": 507830111}, "geometry": {"type": "LineString", "coordinates": [[55.3619742, 25.2509234], [55.3619394, 25.2507779], [55.3619394, 25.2506178], [55.3619806, 25.2504431]]}}, {"type": "Feature", "properties": {"aeroway": "taxiway", "ref": "K3", "name": null, "surface": null, "id": 507830112}, "geometry": {"type": "LineString", "coordinates": [[55.3620279, 25.2509938], [55.3619742, 25.2509234], [55.3617999, 25.2507876], [55.3615934, 25.2507367], [55.3613834, 25.2507744]]}}, {"type": "Feature", "properties": {"aeroway": "taxiway", "ref": "K3", "name": null, "surface": null, "id": 507830113}, "geometry": {"type": "LineString", "coordinates": [[55.3620279, 25.2509938], [55.3621486, 25.2510836], [55.362272, 25.2511394], [55.3624195, 25.2511539], [55.3625731, 25.2511545], [55.3624624, 25.2513019], [55.3624222, 25.2514571], [55.3624518, 25.2516273]]}}, {"type": "Feature", "properties": {"aeroway": "taxiway", "ref": "K3", "name": null, "surface": null, "id": 507830114}, "geometry": {"type": "LineString", "coordinates": [[55.3624518, 25.2516273], [55.3622961, 25.2515226], [55.3621164, 25.2514911], [55.3619298, 25.2515124], [55.3620225, 25.2513795], [55.3620627, 25.2512437], [55.362052, 25.2511005], [55.3620279, 25.2509938]]}}, {"type": "Feature", "properties": {"aeroway": "taxiway", "ref": "K4", "name": null, "surface": null, "id": 507830115}, "geometry": {"type": "LineString", "coordinates": [[55.3622269, 25.2503065], [55.3625026, 25.2502927], [55.3626904, 25.2503655], [55.3628057, 25.2504528], [55.3628567, 25.2505377]]}}, {"type": "Feature", "properties": {"aeroway": "taxiway", "ref": "L2B", "name": null, "surface": null, "id": 507830116}, "geometry": {"type": "LineString", "coordinates": [[55.3469163, 25.259198], [55.3468868, 25.2590815], [55.3468895, 25.2589578], [55.3469007, 25.2589257], [55.3469378, 25.2588196], [55.3470535, 25.2586681]]}}, {"type": "Feature", "properties": {"aeroway": "taxiway", "ref": "L2B", "name": null, "surface": null, "id": 507830117}, "geometry": {"type": "LineString", "coordinates": [[55.3475271, 25.2594346], [55.3473777, 25.2594624], [55.3472601, 25.2594454], [55.3471926, 25.2594357], [55.3470612, 25.2593557], [55.3469861, 25.2593096]]}}, {"type": "Feature", "properties": {"aeroway": "taxiway", "ref": "L2B", "name": null, "surface": null, "id": 507830118}, "geometry": {"type": "LineString", "coordinates": [[55.3468604, 25.2598161], [55.346978, 25.2596783], [55.3470209, 25.2595643], [55.347029, 25.2594818], [55.3469861, 25.2593096], [55.3469163, 25.259198], [55.3467956, 25.2591034], [55.3466132, 25.2590355], [55.3464764, 25.2590427], [55.3463238, 25.2590731]]}}, {"type": "Feature", "properties": {"aeroway": "taxiway", "ref": "L1", "name": null, "surface": null, "id": 507830119}, "geometry": {"type": "LineString", "coordinates": [[55.3455591, 25.2599718], [55.3454572, 25.2598869], [55.3453352, 25.2598202], [55.3452158, 25.2597971], [55.3450844, 25.2598093], [55.3449769, 25.2598206]]}}, {"type": "Feature", "properties": {"aeroway": "taxiway", "ref": "L1", "name": null, "surface": null, "id": 507830120}, "geometry": {"type": "LineString", "coordinates": [[55.3461766, 25.2601948], [55.3460725, 25.2602094], [55.3459856, 25.2602216], [55.3458072, 25.2601901], [55.3456986, 25.2601295], [55.3456227, 25.2600659]]}}, {"type": "Feature", "properties": {"aeroway": "taxiway", "ref": "L1", "name": null, "surface": null, "id": 507830121}, "geometry": {"type": "LineString", "coordinates": [[55.3456566, 25.2594434], [55.3456052, 25.2595128], [55.3455779, 25.2595497], [55.3455296, 25.259637], [55.3455028, 25.2597777], [55.3455591, 25.2599718], [55.3456227, 25.2600659], [55.3457361, 25.2602338], [55.3458467, 25.260368]]}}, {"type": "Feature", "properties": {"aeroway": "taxiway", "ref": "Z2", "name": null, "surface": null, "id": 507830122}, "geometry": {"type": "LineString", "coordinates": [[55.3448126, 25.2609529], [55.344706, 25.2609805], [55.3445291, 25.2610294], [55.3444731, 25.2610306], [55.3442692, 25.2610348], [55.3437057, 25.2610465], [55.3436816, 25.261047], [55.3434161, 25.2610525], [55.3432044, 25.2610569], [55.3428903, 25.2610634], [55.3426481, 25.261113]]}}, {"type": "Feature", "properties": {"aeroway": "parking_position", "ref": "C37", "name": null, "surface": null, "id": 507830123}, "geometry": {"type": "LineString", "coordinates": [[55.3431664, 25.2618559], [55.3434955, 25.2623642], [55.3439097, 25.2630038]]}}, {"type": "Feature", "properties": {"aeroway": "parking_position", "ref": "C46", "name": null, "surface": null, "id": 507830124}, "geometry": {"type": "LineString", "coordinates": [[55.3402395, 25.2610395], [55.339857, 25.2612556], [55.3392372, 25.2616043]]}}, {"type": "Feature", "properties": {"aeroway": "parking_position", "ref": "C51L", "name": null, "surface": null, "id": 507830125}, "geometry": {"type": "LineString", "coordinates": [[55.3422349, 25.2623636], [55.3415936, 25.2611344], [55.3413507, 25.2606728]]}}, {"type": "Feature", "properties": {"aeroway": "taxiway", "ref": null, "name": null, "surface": null, "id": 507830126}, "geometry": {"type": "LineString", "coordinates": [[55.3494744, 25.2573246], [55.3495062, 25.2572877], [55.349543, 25.2572384], [55.3495726, 25.2572023], [55.349609, 25.2570903], [55.3496159, 25.2569274], [55.3497841, 25.2570025], [55.3499148, 25.2570188], [55.350023, 25.2570066], [55.3501518, 25.2569623]]}}, {"type": "Feature", "properties": {"aeroway": "taxiway", "ref": "Z4", "name": null, "surface": null, "id": 507830127}, "geometry": {"type": "LineString", "coordinates": [[55.3495137, 25.2583383], [55.3492418, 25.2584145], [55.3484337, 25.2584255], [55.3482601, 25.2584338], [55.3481027, 25.25843], [55.3476324, 25.2584364], [55.3474554, 25.2584777], [55.3473542, 25.2585012]]}}, {"type": "Feature", "properties": {"aeroway": "taxiway", "ref": "Z5", "name": null, "surface": null, "id": 507830128}, "geometry": {"type": "LineString", "coordinates": [[55.3479175, 25.2592111], [55.3480563, 25.2590549], [55.3483471, 25.2585599], [55.3484337, 25.2584255], [55.3485928, 25.2581603], [55.3487939, 25.257825], [55.348966, 25.2576067]]}}, {"type": "Feature", "properties": {"aeroway": "parking_position", "ref": "C61", "name": null, "surface": null, "id": 507830129}, "geometry": {"type": "LineString", "coordinates": [[55.3495539, 25.2572804], [55.3487559, 25.257154], [55.3478014, 25.2570027]]}}, {"type": "Feature", "properties": {"aeroway": "parking_position", "ref": "C62", "name": null, "surface": null, "id": 507830130}, "geometry": {"type": "LineString", "coordinates": [[55.3489694, 25.2559593], [55.3484737, 25.2562332], [55.3478229, 25.2565927]]}}, {"type": "Feature", "properties": {"aeroway": "parking_position", "ref": "C63", "name": null, "surface": null, "id": 507830131}, "geometry": {"type": "LineString", "coordinates": [[55.3485992, 25.2554048], [55.3481126, 25.2556724], [55.3474715, 25.256025]]}}, {"type": "Feature", "properties": {"aeroway": "parking_position", "ref": "C64", "name": null, "surface": null, "id": 507830132}, "geometry": {"type": "LineString", "coordinates": [[55.348227, 25.254816], [55.3477544, 25.2550794], [55.3471282, 25.2554283]]}}, {"type": "Feature", "properties": {"aeroway": "taxiway", "ref": null, "name": null, "surface": null, "id": 507830133}, "geometry": {"type": "LineString", "coordinates": [[55.3412515, 25.2618881], [55.341104, 25.2619318], [55.3409564, 25.2619099], [55.3407514, 25.2618261]]}}, {"type": "Feature", "properties": {"aeroway": "taxiway", "ref": "Z", "name": null, "surface": null, "id": 507830134}, "geometry": {"type": "LineString", "coordinates": [[55.3501518, 25.2569623], [55.3497712, 25.2571598], [55.3495539, 25.2572804], [55.3494744, 25.2573246], [55.3493546, 25.257391], [55.348966, 25.2576067], [55.3480431, 25.2581191], [55.3474358, 25.2584559], [55.3473542, 25.2585012], [55.3470535, 25.2586681], [55.3468168, 25.2587995], [55.3463238, 25.2590731], [55.3462071, 25.2591379], [55.3456566, 25.2594434], [55.3455841, 25.2594836], [55.3449769, 25.2598206], [55.344812, 25.2599121], [55.3446492, 25.2600024], [55.3442657, 25.2602153], [55.3442131, 25.2602446], [55.3440184, 25.2603525], [55.3438604, 25.2604402], [55.3434204, 25.2606844], [55.3432389, 25.2607851], [55.3430887, 25.2608685], [55.3426481, 25.261113], [55.3425494, 25.2611678], [55.3422268, 25.2613468], [55.3414158, 25.2617969], [55.3412515, 25.2618881], [55.3411496, 25.2620118], [55.3410825, 25.2621913], [55.3411236, 25.2624061]]}}, {"type": "Feature", "properties": {"aeroway": "taxiway", "ref": null, "name": null, "surface": null, "id": 507830135}, "geometry": {"type": "LineString", "coordinates": [[55.3514882, 25.2572978], [55.3516426, 25.2572736], [55.3518224, 25.2573174], [55.3519455, 25.2573677], [55.3520512, 25.2574602], [55.3520035, 25.2573061], [55.3520085, 25.2571773], [55.352064, 25.2570404], [55.3521728, 25.2569145]]}}, {"type": "Feature", "properties": {"aeroway": "taxiway", "ref": null, "name": null, "surface": null, "id": 507830136}, "geometry": {"type": "LineString", "coordinates": [[55.3498887, 25.2581395], [55.3500288, 25.2580176], [55.3500786, 25.257922], [55.3500996, 25.2578178], [55.3501114, 25.2577043], [55.3500683, 25.257579], [55.3501892, 25.257681], [55.3503181, 25.2577377], [55.3505014, 25.2577583], [55.3506475, 25.2577301]]}}, {"type": "Feature", "properties": {"aeroway": "apron", "ref": "Apron C", "name": null, "surface": "concrete", "id": 507830137}, "geometry": {"type": "Polygon", "coordinates": [[[55.3390501, 25.2595988], [55.339009, 25.259633], [55.3389734, 25.2596719], [55.3389431, 25.2597164], [55.33892, 25.2597642], [55.3392278, 25.2602161], [55.3394555, 25.2600882], [55.3408973, 25.2622429], [55.3499577, 25.257204], [55.3482318, 25.2546142], [55.3479602, 25.2546167], [55.3475201, 25.2548655], [55.347243, 25.2550239], [55.3471912, 25.2550535], [55.3470768, 25.2551438], [55.3469528, 25.2554401], [55.3469763, 25.2554768], [55.347041, 25.2555782], [55.3477807, 25.2567387], [55.347374, 25.2569756], [55.3472691, 25.2570354], [55.3467587, 25.2573158], [55.3466533, 25.2573732], [55.3461518, 25.2576473], [55.3460296, 25.2577055], [55.3459635, 25.2577358], [55.3458998, 25.2577616], [55.3458391, 25.2577926], [55.3455132, 25.2579717], [55.3453921, 25.2580382], [55.3449032, 25.2582979], [55.3447895, 25.2583583], [55.3440964, 25.2587263], [55.3438382, 25.2588686], [55.3431655, 25.2592452], [55.3430559, 25.2593048], [55.3423744, 25.2596838], [55.342265, 25.2597434], [55.3413226, 25.2602568], [55.3404509, 25.2589384], [55.3404198, 25.2589174], [55.340385, 25.258902], [55.3403476, 25.2588929], [55.3403123, 25.2588903], [55.3402771, 25.2588931], [55.340243, 25.2589014], [55.339971, 25.2590555], [55.3397669, 25.2591711], [55.3397405, 25.259202], [55.3397215, 25.2592272], [55.3390501, 25.2595988]]]}}, {"type": "Feature", "properties": {"aeroway": "parking_position", "ref": null, "name": null, "surface": null, "id": 507831559}, "geometry": {"type": "LineString", "coordinates": [[55.3952916, 25.2324294], [55.3951371, 25.2318712]]}}, {"type": "Feature", "properties": {"aeroway": "parking_position", "ref": null, "name": null, "surface": null, "id": 507831560}, "geometry": {"type": "LineString", "coordinates": [[55.3946523, 25.232786], [55.3944021, 25.2320702]]}}, {"type": "Feature", "properties": {"aeroway": "parking_position", "ref": null, "name": null, "surface": null, "id": 507831561}, "geometry": {"type": "LineString", "coordinates": [[55.393975, 25.2331544], [55.3937946, 25.2327336], [55.3936243, 25.2323201]]}}, {"type": "Feature", "properties": {"aeroway": "parking_position", "ref": null, "name": null, "surface": null, "id": 507831562}, "geometry": {"type": "LineString", "coordinates": [[55.3923243, 25.2340633], [55.391728, 25.2331668]]}}, {"type": "Feature", "properties": {"aeroway": "parking_position", "ref": null, "name": null, "surface": null, "id": 507831563}, "geometry": {"type": "LineString", "coordinates": [[55.3916811, 25.2344175], [55.3910172, 25.2335405]]}}, {"type": "Feature", "properties": {"aeroway": "parking_position", "ref": null, "name": null, "surface": null, "id": 507831564}, "geometry": {"type": "LineString", "coordinates": [[55.391108, 25.2347271], [55.3904526, 25.2339784]]}}, {"type": "Feature", "properties": {"aeroway": "parking_position", "ref": "S7", "name": null, "surface": null, "id": 507831565}, "geometry": {"type": "LineString", "coordinates": [[55.4004435, 25.2371598], [55.4014404, 25.2365785]]}}, {"type": "Feature", "properties": {"aeroway": "parking_position", "ref": "S6", "name": null, "surface": null, "id": 507831566}, "geometry": {"type": "LineString", "coordinates": [[55.4008846, 25.2378215], [55.401864, 25.2372526]]}}, {"type": "Feature", "properties": {"aeroway": "parking_position", "ref": "S5", "name": null, "surface": null, "id": 507831567}, "geometry": {"type": "LineString", "coordinates": [[55.4013065, 25.2385223], [55.4023388, 25.2379392]]}}, {"type": "Feature", "properties": {"aeroway": "parking_position", "ref": "S4", "name": null, "surface": null, "id": 507831568}, "geometry": {"type": "LineString", "coordinates": [[55.401401, 25.2386651], [55.4004022, 25.2392081]]}}, {"type": "Feature", "properties": {"aeroway": "parking_position", "ref": "S3", "name": null, "surface": null, "id": 507831569}, "geometry": {"type": "LineString", "coordinates": [[55.4009651, 25.2379508], [55.3998899, 25.2385239]]}}, {"type": "Feature", "properties": {"aeroway": "parking_position", "ref": "S1", "name": null, "surface": null, "id": 507831570}, "geometry": {"type": "LineString", "coordinates": [[55.3983072, 25.2382884], [55.3989136, 25.2391644]]}}, {"type": "Feature", "properties": {"aeroway": "parking_position", "ref": "S2", "name": null, "surface": null, "id": 507831571}, "geometry": {"type": "LineString", "coordinates": [[55.3989356, 25.2379427], [55.3995225, 25.2388102]]}}, {"type": "Feature", "properties": {"aeroway": "parking_position", "ref": "S8", "name": null, "surface": null, "id": 507831572}, "geometry": {"type": "LineString", "coordinates": [[55.399021, 25.2378957], [55.3983772, 25.2369688]]}}, {"type": "Feature", "properties": {"aeroway": "parking_position", "ref": "S9", "name": null, "surface": null, "id": 507831573}, "geometry": {"type": "LineString", "coordinates": [[55.3984139, 25.2382297], [55.3977589, 25.2372902]]}}, {"type": "Feature", "properties": {"aeroway": "parking_position", "ref": "S10", "name": null, "surface": null, "id": 507831574}, "geometry": {"type": "LineString", "coordinates": [[55.3976137, 25.23867], [55.3970307, 25.2377645]]}}, {"type": "Feature", "properties": {"aeroway": "parking_position", "ref": "S11", "name": null, "surface": null, "id": 507831575}, "geometry": {"type": "LineString", "coordinates": [[55.3970222, 25.2389955], [55.3964031, 25.2380994]]}}, {"type": "Feature", "properties": {"aeroway": "parking_position", "ref": "S12", "name": null, "surface": null, "id": 507831576}, "geometry": {"type": "LineString", "coordinates": [[55.3964009, 25.2393374], [55.3958184, 25.2384681]]}}, {"type": "Feature", "properties": {"aeroway": "parking_position", "ref": "S13", "name": null, "surface": null, "id": 507831577}, "geometry": {"type": "LineString", "coordinates": [[55.3957831, 25.2396773], [55.3951773, 25.2387908]]}}, {"type": "Feature", "properties": {"aeroway": "parking_position", "ref": "S14", "name": null, "surface": null, "id": 507831578}, "geometry": {"type": "LineString", "coordinates": [[55.3951621, 25.240019], [55.3945363, 25.2390892]]}}, {"type": "Feature", "properties": {"aeroway": "parking_position", "ref": null, "name": null, "surface": null, "id": 613147956}, "geometry": {"type": "LineString", "coordinates": [[55.3789324, 25.2530983], [55.3785338, 25.2525125]]}}, {"type": "Feature", "properties": {"aeroway": "parking_position", "ref": null, "name": null, "surface": null, "id": 613147957}, "geometry": {"type": "LineString", "coordinates": [[55.3780099, 25.2523287], [55.378131, 25.2523284], [55.3782722, 25.252351], [55.3783802, 25.2523848], [55.3784549, 25.2524411], [55.3785338, 25.2525125]]}}, {"type": "Feature", "properties": {"aeroway": "parking_position", "ref": null, "name": null, "surface": null, "id": 613147958}, "geometry": {"type": "LineString", "coordinates": [[55.3785338, 25.2525125], [55.3784921, 25.2524097], [55.3784879, 25.2523077], [55.3785171, 25.2521642], [55.3785589, 25.252066], [55.3786067, 25.2519962]]}}, {"type": "Feature", "properties": {"aeroway": "taxiway", "ref": null, "name": null, "surface": null, "id": 613147959}, "geometry": {"type": "LineString", "coordinates": [[55.3829449, 25.2500296], [55.3830582, 25.2501318], [55.3831666, 25.2501853], [55.3832952, 25.2502151], [55.3834286, 25.2502321], [55.3835848, 25.2502321]]}}, {"type": "Feature", "properties": {"aeroway": "parking_position", "ref": null, "name": null, "surface": null, "id": 613147960}, "geometry": {"type": "LineString", "coordinates": [[55.3776692, 25.2547512], [55.3776556, 25.2548541], [55.3776038, 25.2549352], [55.3775244, 25.2550039], [55.3774106, 25.2550507], [55.3773002, 25.2550507], [55.3772174, 25.2550476], [55.3771621, 25.2550632]]}}, {"type": "Feature", "properties": {"aeroway": "parking_position", "ref": null, "name": null, "surface": null, "id": 613147961}, "geometry": {"type": "LineString", "coordinates": [[55.3771621, 25.2550632], [55.3773795, 25.2549446]]}}, {"type": "Feature", "properties": {"aeroway": "parking_position", "ref": null, "name": null, "surface": null, "id": 613147962}, "geometry": {"type": "LineString", "coordinates": [[55.3776679, 25.2558249], [55.3778853, 25.2557063]]}}, {"type": "Feature", "properties": {"aeroway": "parking_position", "ref": null, "name": null, "surface": null, "id": 613147963}, "geometry": {"type": "LineString", "coordinates": [[55.3781836, 25.2555168], [55.3781613, 25.2556158], [55.3781096, 25.2556969], [55.3780302, 25.2557656], [55.3779163, 25.2558124], [55.3778059, 25.2558124], [55.3777231, 25.2558093], [55.3776679, 25.2558249]]}}, {"type": "Feature", "properties": {"aeroway": "parking_position", "ref": null, "name": null, "surface": null, "id": 613147964}, "geometry": {"type": "LineString", "coordinates": [[55.3781871, 25.2565872], [55.3784132, 25.2564633]]}}, {"type": "Feature", "properties": {"aeroway": "parking_position", "ref": null, "name": null, "surface": null, "id": 613147965}, "geometry": {"type": "LineString", "coordinates": [[55.3786946, 25.2562776], [55.3786951, 25.2563847], [55.3786433, 25.2564658], [55.378564, 25.2565345], [55.3784501, 25.2565813], [55.3783397, 25.2565813], [55.3782569, 25.2565781], [55.3781871, 25.2565872]]}}, {"type": "Feature", "properties": {"aeroway": "parking_position", "ref": null, "name": null, "surface": null, "id": 613147966}, "geometry": {"type": "LineString", "coordinates": [[55.3786946, 25.2573541], [55.378912, 25.2572355]]}}, {"type": "Feature", "properties": {"aeroway": "parking_position", "ref": null, "name": null, "surface": null, "id": 613147967}, "geometry": {"type": "LineString", "coordinates": [[55.3792062, 25.2570391], [55.379188, 25.257145], [55.3791362, 25.2572261], [55.3790569, 25.2572948], [55.378943, 25.2573416], [55.3788326, 25.2573416], [55.3787498, 25.2573385], [55.3786946, 25.2573541]]}}, {"type": "Feature", "properties": {"aeroway": "parking_position", "ref": null, "name": null, "surface": null, "id": 613147968}, "geometry": {"type": "LineString", "coordinates": [[55.3792062, 25.2570391], [55.379337, 25.2570459], [55.3794508, 25.2570272], [55.3795645, 25.256971], [55.3796473, 25.2568588], [55.3797093, 25.2567497], [55.3797892, 25.2566926], [55.3806169, 25.2562305]]}}, {"type": "Feature", "properties": {"aeroway": "parking_position", "ref": null, "name": null, "surface": null, "id": 613147969}, "geometry": {"type": "LineString", "coordinates": [[55.3781871, 25.2565872], [55.3775146, 25.2569736]]}}, {"type": "Feature", "properties": {"aeroway": "parking_position", "ref": null, "name": null, "surface": null, "id": 613147970}, "geometry": {"type": "LineString", "coordinates": [[55.3786946, 25.2573541], [55.3780822, 25.2577383]]}}, {"type": "Feature", "properties": {"aeroway": "parking_position", "ref": null, "name": null, "surface": null, "id": 613147971}, "geometry": {"type": "LineString", "coordinates": [[55.3776679, 25.2558249], [55.3770253, 25.2562053]]}}, {"type": "Feature", "properties": {"aeroway": "parking_position", "ref": null, "name": null, "surface": null, "id": 613147972}, "geometry": {"type": "LineString", "coordinates": [[55.3771621, 25.2550632], [55.3764812, 25.2554406]]}}, {"type": "Feature", "properties": {"aeroway": "parking_position", "ref": null, "name": null, "surface": null, "id": 613147973}, "geometry": {"type": "LineString", "coordinates": [[55.3786106, 25.2561525], [55.3787154, 25.2561988], [55.3788325, 25.2561942], [55.3789801, 25.2561297], [55.3790564, 25.2560285], [55.3791328, 25.2559088], [55.3792228, 25.2558432], [55.3801151, 25.2553011]]}}, {"type": "Feature", "properties": {"aeroway": "parking_position", "ref": null, "name": null, "surface": null, "id": 613147974}, "geometry": {"type": "LineString", "coordinates": [[55.377733, 25.252483], [55.3777568, 25.2526131], [55.3778143, 25.2527139], [55.3779114, 25.2527919], [55.3780228, 25.2528342], [55.3781324, 25.2528489]]}}, {"type": "Feature", "properties": {"aeroway": "parking_position", "ref": null, "name": null, "surface": null, "id": 613147975}, "geometry": {"type": "LineString", "coordinates": [[55.3781324, 25.2528489], [55.3781594, 25.2527497], [55.3781594, 25.2526554], [55.3781235, 25.252535], [55.3780659, 25.2524603], [55.3780048, 25.2524017], [55.3779387, 25.2523684]]}}, {"type": "Feature", "properties": {"aeroway": "parking_position", "ref": null, "name": null, "surface": null, "id": 613147976}, "geometry": {"type": "LineString", "coordinates": [[55.3786704, 25.2519607], [55.3786793, 25.2521011], [55.3787368, 25.2522019], [55.3788339, 25.2522799], [55.3789454, 25.2523222], [55.3790532, 25.2523309]]}}, {"type": "Feature", "properties": {"aeroway": "parking_position", "ref": null, "name": null, "surface": null, "id": 613147977}, "geometry": {"type": "LineString", "coordinates": [[55.3790532, 25.2523309], [55.379082, 25.2522376], [55.379082, 25.2521433], [55.379046, 25.252023], [55.3789885, 25.2519482], [55.3789274, 25.2518897], [55.3788435, 25.2518642]]}}, {"type": "Feature", "properties": {"aeroway": "taxiway", "ref": "P4A", "name": null, "surface": null, "id": 613147978}, "geometry": {"type": "LineString", "coordinates": [[55.3657551, 25.2591201], [55.3658249, 25.2590836], [55.3659202, 25.2589765], [55.365972, 25.2588473], [55.3659748, 25.2587099], [55.3659342, 25.2585878], [55.3658699, 25.2584959], [55.3658374, 25.2584688], [55.3657121, 25.2583911], [55.3655656, 25.2583543], [55.3654139, 25.2583624], [55.3652764, 25.2584185]]}}, {"type": "Feature", "properties": {"aeroway": "taxiway", "ref": "P4A", "name": null, "surface": null, "id": 613147979}, "geometry": {"type": "LineString", "coordinates": [[55.3660719, 25.2579784], [55.3659464, 25.2580722], [55.3658706, 25.2581922], [55.3658421, 25.2583281], [55.3658699, 25.2584959], [55.3659342, 25.2585878], [55.3660446, 25.2586834], [55.3661835, 25.2587413], [55.3663356, 25.2587551], [55.3665106, 25.2587025]]}}, {"type": "Feature", "properties": {"aeroway": "taxiway", "ref": "P2A", "name": null, "surface": null, "id": 613147980}, "geometry": {"type": "LineString", "coordinates": [[55.3571028, 25.2629383], [55.3569809, 25.2630401], [55.3569051, 25.2631602], [55.3568766, 25.263296], [55.3569045, 25.2634638], [55.3569378, 25.2635116], [55.3569687, 25.2635557], [55.3570791, 25.2636513], [55.357218, 25.2637092], [55.3573701, 25.2637231], [55.3575473, 25.2636726]]}}, {"type": "Feature", "properties": {"aeroway": "taxiway", "ref": "P2A", "name": null, "surface": null, "id": 613147981}, "geometry": {"type": "LineString", "coordinates": [[55.3568001, 25.2640886], [55.3568594, 25.2640515], [55.3569547, 25.2639444], [55.3570065, 25.2638152], [55.3570093, 25.2636778], [55.3569687, 25.2635557], [55.3569378, 25.2635116], [55.3569045, 25.2634638], [55.3568719, 25.2634367], [55.3567466, 25.2633591], [55.3566001, 25.2633223], [55.3564484, 25.2633303], [55.3562986, 25.263384]]}}, {"type": "Feature", "properties": {"aeroway": "taxiway", "ref": null, "name": null, "surface": null, "id": 613147982}, "geometry": {"type": "LineString", "coordinates": [[55.3809861, 25.240615], [55.3808724, 25.240736], [55.3807966, 25.2408561], [55.3807682, 25.2409919], [55.380796, 25.2411598]]}}, {"type": "Feature", "properties": {"aeroway": "taxiway", "ref": null, "name": null, "surface": null, "id": 613147983}, "geometry": {"type": "LineString", "coordinates": [[55.380796, 25.2411598], [55.3807635, 25.2411327], [55.3806381, 25.241055], [55.3804917, 25.2410182], [55.38034, 25.2410262], [55.3801731, 25.2410913]]}}, {"type": "Feature", "properties": {"aeroway": "taxiway", "ref": null, "name": null, "surface": null, "id": 613147984}, "geometry": {"type": "LineString", "coordinates": [[55.3801731, 25.2410913], [55.3802706, 25.2409621], [55.3803297, 25.2408463], [55.3803461, 25.2407245], [55.3803417, 25.2406688]]}}, {"type": "Feature", "properties": {"aeroway": "taxiway", "ref": null, "name": null, "surface": null, "id": 613147985}, "geometry": {"type": "LineString", "coordinates": [[55.3807768, 25.2407493], [55.3806152, 25.2407602], [55.3804807, 25.2407335], [55.3803417, 25.2406688]]}}, {"type": "Feature", "properties": {"aeroway": "taxiway", "ref": null, "name": null, "surface": null, "id": 613147986}, "geometry": {"type": "LineString", "coordinates": [[55.3805153, 25.240906], [55.3805923, 25.240968], [55.3806776, 25.2410155], [55.3807433, 25.241066], [55.380796, 25.2411598]]}}, {"type": "Feature", "properties": {"aeroway": "parking_position", "ref": null, "name": null, "surface": null, "id": 613147987}, "geometry": {"type": "LineString", "coordinates": [[55.3829823, 25.2357693], [55.3825967, 25.2359906]]}}, {"type": "Feature", "properties": {"aeroway": "taxiway", "ref": null, "name": null, "surface": null, "id": 613147988}, "geometry": {"type": "LineString", "coordinates": [[55.384411, 25.238683], [55.3845046, 25.2385961], [55.3845628, 25.2384887], [55.3846046, 25.2383688], [55.3845953, 25.2382341], [55.3845731, 25.238111]]}}, {"type": "Feature", "properties": {"aeroway": "taxiway", "ref": null, "name": null, "surface": null, "id": 637945275}, "geometry": {"type": "LineString", "coordinates": [[55.3808602, 25.2412517], [55.3809707, 25.2413473], [55.3811095, 25.2414052], [55.3812616, 25.2414191], [55.381437, 25.2413631]]}}, {"type": "Feature", "properties": {"aeroway": "taxiway", "ref": null, "name": null, "surface": null, "id": 637945276}, "geometry": {"type": "LineString", "coordinates": [[55.3808602, 25.2412517], [55.380796, 25.2411598]]}}, {"type": "Feature", "properties": {"aeroway": "taxiway", "ref": null, "name": null, "surface": null, "id": 637945277}, "geometry": {"type": "LineString", "coordinates": [[55.3807387, 25.2417488], [55.3808462, 25.2416404], [55.380898, 25.2415112], [55.3809008, 25.2413738], [55.3808602, 25.2412517]]}}, {"type": "Feature", "properties": {"aeroway": "taxiway", "ref": "W1", "name": null, "surface": null, "id": 640353888}, "geometry": {"type": "LineString", "coordinates": [[55.3674189, 25.2459846], [55.3673735, 25.2458629], [55.3673816, 25.245744], [55.3674379, 25.245613], [55.3675143, 25.2455305], [55.3675827, 25.245482], [55.367682, 25.2454359], [55.3678215, 25.2454104], [55.3679194, 25.2454213], [55.368032, 25.2454577], [55.3682023, 25.2455967]]}}, {"type": "Feature", "properties": {"aeroway": "taxiway", "ref": "W1", "name": null, "surface": null, "id": 640353889}, "geometry": {"type": "LineString", "coordinates": [[55.3669967, 25.2453727], [55.3671402, 25.2454844], [55.3673118, 25.2455354], [55.3674594, 25.2455208], [55.3675827, 25.245482], [55.3676954, 25.2453947], [55.3677571, 25.2453267], [55.3678027, 25.2451884], [55.367808, 25.2450671], [55.3677674, 25.2449358]]}}, {"type": "Feature", "properties": {"aeroway": "apron", "ref": null, "name": null, "surface": null, "id": 640353891}, "geometry": {"type": "Polygon", "coordinates": [[[55.3776258, 25.2530934], [55.3780925, 25.2537897], [55.3783742, 25.2536344], [55.3785726, 25.2539328], [55.3832182, 25.2513614], [55.3825477, 25.250374], [55.3776258, 25.2530934]]]}}, {"type": "Feature", "properties": {"aeroway": "terminal", "ref": null, "name": null, "surface": null, "id": 742271052}, "geometry": {"type": "Polygon", "coordinates": [[[55.3605596, 25.2474962], [55.3610696, 25.2472143], [55.3615426, 25.2479142], [55.3614365, 25.2479729], [55.3613629, 25.2478641], [55.3610479, 25.2480382], [55.3611264, 25.2481543], [55.3610619, 25.24819], [55.3609791, 25.2480674], [55.3608657, 25.2481301], [55.3608041, 25.248039], [55.3608931, 25.2479898], [55.3605596, 25.2474962]]]}}, {"type": "Feature", "properties": {"aeroway": "parking_position", "ref": "S15", "name": null, "surface": null, "id": 766890749}, "geometry": {"type": "LineString", "coordinates": [[55.3946517, 25.2402998], [55.3940701, 25.2394133]]}}, {"type": "Feature", "properties": {"aeroway": "parking_position", "ref": "B9", "name": null, "surface": null, "id": 766894885}, "geometry": {"type": "LineString", "coordinates": [[55.3538755, 25.2499449], [55.3542897, 25.2505546], [55.3545299, 25.2509166], [55.3549254, 25.2515129]]}}, {"type": "Feature", "properties": {"aeroway": "parking_position", "ref": "B10", "name": null, "surface": null, "id": 766894886}, "geometry": {"type": "LineString", "coordinates": [[55.3546962, 25.2494935], [55.3551172, 25.2500972], [55.3553566, 25.2504575], [55.3557595, 25.251047]]}}, {"type": "Feature", "properties": {"aeroway": "taxiway", "ref": "Z9", "name": null, "surface": null, "id": 947619267}, "geometry": {"type": "LineString", "coordinates": [[55.3596693, 25.2527432], [55.3599411, 25.2524348], [55.3600967, 25.2522165], [55.3602797, 25.2519163], [55.3604829, 25.2515712], [55.3606385, 25.2513625], [55.3607887, 25.2511976], [55.3609106, 25.2510371]]}}, {"type": "Feature", "properties": {"aeroway": "taxiway", "ref": "Z8", "name": null, "surface": null, "id": 947619268}, "geometry": {"type": "LineString", "coordinates": [[55.3591221, 25.2520285], [55.3594583, 25.2519593], [55.3596836, 25.2519254], [55.3601181, 25.2519108], [55.3602797, 25.2519163], [55.3604025, 25.2519205], [55.3609604, 25.2518962], [55.3613076, 25.2518487]]}}, {"type": "Feature", "properties": {"aeroway": "taxiway", "ref": "K1", "name": null, "surface": null, "id": 947619269}, "geometry": {"type": "LineString", "coordinates": [[55.3568571, 25.2542954], [55.3569424, 25.2541232], [55.3569478, 25.253934], [55.3569049, 25.2537981], [55.3568405, 25.2537157], [55.3567117, 25.2536283], [55.3565508, 25.2535701], [55.3563878, 25.2535403]]}}, {"type": "Feature", "properties": {"aeroway": "apron", "ref": "Apron D", "name": null, "surface": null, "id": 1059307706}, "geometry": {"type": "Polygon", "coordinates": [[[55.3695839, 25.2431066], [55.3704767, 25.2426249], [55.3719209, 25.2418272], [55.3726376, 25.2414314], [55.3726795, 25.2414082], [55.3733863, 25.2410178], [55.3734329, 25.2409921], [55.3741945, 25.2405714], [55.3743042, 25.2405108], [55.3745943, 25.2403506], [55.3747874, 25.2402826], [55.3750535, 25.2402705], [55.3751629, 25.240302], [55.3753131, 25.2403603], [55.3753429, 25.2403805], [55.3754419, 25.2404476], [55.3755685, 25.2405713], [55.3757718, 25.2408692], [55.3762162, 25.2415199], [55.3759015, 25.2416896], [55.3756073, 25.2418486], [55.3754328, 25.2416113], [55.3753228, 25.2414466], [55.3750494, 25.2410371], [55.3743304, 25.2414265], [55.374147, 25.2415258], [55.3735743, 25.241836], [55.3733861, 25.2419379], [55.3728175, 25.2422459], [55.3726363, 25.242344], [55.3720689, 25.2426513], [55.3718807, 25.2427532], [55.371309, 25.2430628], [55.3711236, 25.2431632], [55.3703649, 25.2435741], [55.3701736, 25.2436777], [55.369617, 25.2439792], [55.3694291, 25.2440809], [55.3691868, 25.2442747], [55.3691417, 25.2444708], [55.3691633, 25.2445549], [55.3688563, 25.2447238], [55.3685176, 25.2449101], [55.3684072, 25.244744], [55.3680282, 25.2441741], [55.3679864, 25.2441101], [55.3679864, 25.2440518], [55.3680175, 25.2439994], [55.36809, 25.2439546], [55.3683717, 25.2437947], [55.3695839, 25.2431066]]]}}, {"type": "Feature", "properties": {"aeroway": "apron", "ref": "Apron B", "name": null, "surface": null, "id": 1059547868}, "geometry": {"type": "Polygon", "coordinates": [[[55.364869, 25.2451097], [55.3637927, 25.2457235], [55.3631853, 25.2460698], [55.3631436, 25.2460936], [55.3626374, 25.2463822], [55.3624693, 25.2464781], [55.3617474, 25.2468854], [55.3617049, 25.2469094], [55.361101, 25.2472501], [55.3603715, 25.2476617], [55.3596948, 25.2480502], [55.3596534, 25.248074], [55.3590934, 25.2483955], [55.3590432, 25.2484243], [55.3584723, 25.2487521], [55.3578709, 25.2490974], [55.3578212, 25.249126], [55.3572414, 25.2494588], [55.356508, 25.2498682], [55.355763, 25.2502816], [55.3550735, 25.2506642], [55.3548762, 25.2507737], [55.354194, 25.2511522], [55.353507, 25.2515334], [55.3533614, 25.2516142], [55.3532655, 25.2516674], [55.3527453, 25.252002], [55.3526869, 25.2520085], [55.3520979, 25.2523558], [55.3520786, 25.25237], [55.351469, 25.2527057], [55.3508559, 25.2530468], [55.3502437, 25.2533874], [55.3496259, 25.2537312], [55.3492108, 25.2539689], [55.349677, 25.2546742], [55.3497422, 25.2546406], [55.3499288, 25.2545443], [55.350288, 25.2543589], [55.350221, 25.254267], [55.350304, 25.2542208], [55.3504224, 25.2541549], [55.3509093, 25.2538841], [55.351029, 25.2538175], [55.351525, 25.2535416], [55.3516397, 25.2534778], [55.3518373, 25.2533679], [55.3521312, 25.2531988], [55.3522472, 25.2531321], [55.3534187, 25.2524581], [55.3535288, 25.2523948], [55.3539432, 25.2521564], [55.3541742, 25.2520282], [55.3543044, 25.251956], [55.354923, 25.2516127], [55.3550375, 25.2515491], [55.3557467, 25.2511556], [55.3558709, 25.2510867], [55.3564889, 25.2507437], [55.3566124, 25.2506752], [55.356978, 25.2504723], [55.3572282, 25.2503255], [55.3573481, 25.2502552], [55.3596798, 25.2488873], [55.3598626, 25.24878], [55.3602861, 25.2485316], [55.3603219, 25.2485106], [55.3604677, 25.2484302], [55.3617162, 25.247742], [55.3618975, 25.2476421], [55.3624057, 25.247362], [55.3625901, 25.2472603], [55.3631821, 25.246934], [55.3633405, 25.2468467], [55.3633683, 25.2468312], [55.363802, 25.2465889], [55.3639889, 25.2464844], [55.3644152, 25.2462462], [55.3645975, 25.2461444], [55.3650281, 25.2459038], [55.365214, 25.2457999], [55.3652919, 25.2457564], [55.3654627, 25.2456829], [55.365531, 25.2456829], [55.3655501, 25.2456829], [55.3656294, 25.2456994], [55.3656558, 25.245727], [55.3657534, 25.2458612], [55.3658554, 25.2460124], [55.3659221, 25.2461113], [55.3659993, 25.2462234], [55.3660482, 25.2463037], [55.366453, 25.2461074], [55.3667667, 25.2459293], [55.3663677, 25.245334], [55.3663519, 25.2453186], [55.3662597, 25.2452288], [55.3660941, 25.2450677], [55.3658205, 25.2449653], [55.3654986, 25.244924], [55.3652009, 25.244975], [55.3651765, 25.2449849], [55.3649876, 25.2450616], [55.364869, 25.2451097]]]}}, {"type": "Feature", "properties": {"aeroway": "taxiway", "ref": "M17", "name": null, "surface": null, "id": 1059547869}, "geometry": {"type": "LineString", "coordinates": [[55.3876928, 25.2419305], [55.3875767, 25.2419628], [55.3874395, 25.2419677], [55.3873321, 25.241945], [55.3872481, 25.2419115], [55.387095, 25.2418039], [55.3869004, 25.2415031], [55.3866381, 25.2411199], [55.3862882, 25.2406781]]}}, {"type": "Feature", "properties": {"aeroway": "taxiway", "ref": null, "name": null, "surface": null, "id": 1059547871}, "geometry": {"type": "LineString", "coordinates": [[55.3859908, 25.240209], [55.3860524, 25.2404236], [55.3860363, 25.2406007], [55.3859505, 25.2407778], [55.385809, 25.2409437]]}}, {"type": "Feature", "properties": {"aeroway": "taxiway", "ref": "N7", "name": null, "surface": null, "id": 1059547872}, "geometry": {"type": "LineString", "coordinates": [[55.3726235, 25.2523035], [55.3729337, 25.2527667], [55.3731814, 25.253147], [55.3733894, 25.2534471], [55.3736203, 25.2537872], [55.3737361, 25.2539729], [55.3738465, 25.25415]]}}, {"type": "Feature", "properties": {"aeroway": "taxiway", "ref": null, "name": null, "surface": null, "id": 1059547874}, "geometry": {"type": "LineString", "coordinates": [[55.3723151, 25.251867], [55.3723624, 25.2520466], [55.372349, 25.2522383], [55.3722659, 25.2524154], [55.3721221, 25.2525819]]}}, {"type": "Feature", "properties": {"aeroway": "taxiway", "ref": "M12A", "name": null, "surface": null, "id": 1059547875}, "geometry": {"type": "LineString", "coordinates": [[55.3776578, 25.2474853], [55.377142, 25.2479023], [55.3768213, 25.2482091], [55.3764526, 25.2486159], [55.3761755, 25.2490581], [55.3760139, 25.2493349], [55.3757282, 25.2498068], [55.375354, 25.2503364], [55.3750075, 25.2507299], [55.3747236, 25.2509833], [55.374366, 25.2512801], [55.3738346, 25.2516312]]}}, {"type": "Feature", "properties": {"aeroway": "taxiway", "ref": "P9", "name": null, "surface": null, "id": 1059547877}, "geometry": {"type": "LineString", "coordinates": [[55.3822138, 25.2490287], [55.3824462, 25.2493337], [55.3824813, 25.2493833], [55.3825339, 25.2494567], [55.3829449, 25.2500296], [55.3834664, 25.2507927]]}}, {"type": "Feature", "properties": {"aeroway": "taxiway", "ref": "N8A", "name": null, "surface": null, "id": 1059547878}, "geometry": {"type": "LineString", "coordinates": [[55.3801923, 25.2501503], [55.3803313, 25.2499385], [55.3803527, 25.249793], [55.3803098, 25.2496037], [55.3801146, 25.2493073], [55.3797653, 25.2487935]]}}, {"type": "Feature", "properties": {"aeroway": "taxiway", "ref": "N9", "name": null, "surface": null, "id": 1059547879}, "geometry": {"type": "LineString", "coordinates": [[55.3807579, 25.2485436], [55.3809596, 25.2488409], [55.3811745, 25.2491215], [55.3813963, 25.2494708]]}}, {"type": "Feature", "properties": {"aeroway": "taxiway", "ref": "N11", "name": null, "surface": null, "id": 1059547880}, "geometry": {"type": "LineString", "coordinates": [[55.382914, 25.2486297], [55.3830141, 25.2485339], [55.3830605, 25.2484356], [55.3830899, 25.2483374], [55.3830899, 25.2482416], [55.383064, 25.2481427], [55.3830167, 25.2480414], [55.382845, 25.2477989], [55.3824899, 25.2472731]]}}, {"type": "Feature", "properties": {"aeroway": "taxiway", "ref": "R", "name": null, "surface": null, "id": 1059547881}, "geometry": {"type": "LineString", "coordinates": [[55.3853041, 25.2470673], [55.3852505, 25.247182], [55.3851472, 25.2473255], [55.384993, 25.2474592], [55.3848713, 25.2475331], [55.3846416, 25.2476727], [55.3844874, 25.2476684], [55.3843385, 25.2476447], [55.3842413, 25.2476023], [55.3841359, 25.2475308]]}}, {"type": "Feature", "properties": {"aeroway": "taxiway", "ref": "P8", "name": null, "surface": null, "id": 1059547882}, "geometry": {"type": "LineString", "coordinates": [[55.3813963, 25.2494708], [55.3816226, 25.2497956], [55.3816622, 25.2498548], [55.3816826, 25.2499409], [55.381691, 25.2499763], [55.381695, 25.2500636], [55.3816697, 25.2501726], [55.3816118, 25.2502771], [55.3814942, 25.2503933]]}}, {"type": "Feature", "properties": {"aeroway": "taxiway", "ref": "N12", "name": null, "surface": null, "id": 1059547883}, "geometry": {"type": "LineString", "coordinates": [[55.3841359, 25.2475308], [55.3839168, 25.2472032], [55.3835716, 25.2466936]]}}, {"type": "Feature", "properties": {"aeroway": "taxiway", "ref": null, "name": null, "surface": null, "id": 1059547884}, "geometry": {"type": "LineString", "coordinates": [[55.3830167, 25.2480414], [55.3830737, 25.2481141], [55.3831544, 25.2481824], [55.3832422, 25.248228], [55.3833347, 25.2482596], [55.3834369, 25.2482689], [55.3835817, 25.2482672]]}}, {"type": "Feature", "properties": {"aeroway": "taxiway", "ref": "M10A", "name": null, "surface": null, "id": 1059547885}, "geometry": {"type": "LineString", "coordinates": [[55.3716373, 25.2508326], [55.3717298, 25.2509712], [55.3717553, 25.2510094], [55.3718363, 25.2511308], [55.372058, 25.2514781], [55.3723151, 25.251867], [55.3726235, 25.2523035]]}}, {"type": "Feature", "properties": {"aeroway": "taxiway", "ref": "M", "name": null, "surface": null, "id": 1059547886}, "geometry": {"type": "LineString", "coordinates": [[55.3716373, 25.2508326], [55.37154, 25.2508866], [55.3712507, 25.251047], [55.3702387, 25.2516094], [55.3701937, 25.2516339], [55.3701244, 25.2516717], [55.3693382, 25.2521077], [55.3676181, 25.2530618], [55.3673962, 25.2531847], [55.3668933, 25.2534632], [55.3657411, 25.2541013], [55.3651068, 25.2544524], [55.3648887, 25.2545736], [55.3626926, 25.2557939], [55.3625065, 25.2558973], [55.3613748, 25.2565261], [55.3610919, 25.2566726], [55.3610251, 25.2567229], [55.3607055, 25.2568993], [55.3602513, 25.2571501], [55.3597485, 25.2574278], [55.3590234, 25.2578282], [55.3581757, 25.2582966], [55.3574499, 25.2586976], [55.3555884, 25.2597318], [55.3553995, 25.2598223], [55.3541164, 25.2605443], [55.3537921, 25.2607193], [55.3529646, 25.2611775], [55.3526687, 25.2613413], [55.3525873, 25.2613864], [55.3522796, 25.2615564], [55.3520802, 25.2616666], [55.3502709, 25.2626663], [55.3500581, 25.2627839], [55.3494238, 25.2631344], [55.3492374, 25.2632407], [55.3490901, 25.2633247], [55.3482993, 25.2637669], [55.3477914, 25.2640464], [55.3472307, 25.2643562], [55.3470169, 25.2644772], [55.346942, 25.2645121], [55.3465454, 25.2647216], [55.3462164, 25.2649027], [55.3461166, 25.2649576]]}}, {"type": "Feature", "properties": {"aeroway": "taxiway", "ref": null, "name": null, "surface": null, "id": 1059547887}, "geometry": {"type": "LineString", "coordinates": [[55.3707183, 25.2494621], [55.3709993, 25.2492042], [55.3713792, 25.2489434]]}}, {"type": "Feature", "properties": {"aeroway": "taxiway", "ref": "M10B", "name": null, "surface": null, "id": 1059547888}, "geometry": {"type": "LineString", "coordinates": [[55.3707183, 25.2494621], [55.3709342, 25.2497864], [55.3712021, 25.2501685], [55.3714299, 25.2505253], [55.3715135, 25.2506491], [55.3716373, 25.2508326]]}}, {"type": "Feature", "properties": {"aeroway": "taxiway", "ref": "M13A", "name": null, "surface": null, "id": 1059547889}, "geometry": {"type": "LineString", "coordinates": [[55.3791709, 25.2462174], [55.3794132, 25.2465248], [55.3796351, 25.2468599], [55.3798353, 25.2471647], [55.3800583, 25.2474987], [55.3803494, 25.2479383], [55.3803922, 25.2479983]]}}, {"type": "Feature", "properties": {"aeroway": "taxiway", "ref": "M13B", "name": null, "surface": null, "id": 1059547890}, "geometry": {"type": "LineString", "coordinates": [[55.3786432, 25.2455163], [55.3789322, 25.2459003], [55.3791709, 25.2462174]]}}, {"type": "Feature", "properties": {"aeroway": "taxiway", "ref": null, "name": null, "surface": null, "id": 1059547891}, "geometry": {"type": "LineString", "coordinates": [[55.3787448, 25.24486], [55.3786605, 25.2450201], [55.3786016, 25.2451635], [55.3785979, 25.2453736], [55.3786432, 25.2455163]]}}, {"type": "Feature", "properties": {"aeroway": "taxiway", "ref": "M14B", "name": null, "surface": null, "id": 1059547892}, "geometry": {"type": "LineString", "coordinates": [[55.3799642, 25.2457179], [55.3797605, 25.2454473], [55.3794716, 25.2450635]]}}, {"type": "Feature", "properties": {"aeroway": "taxiway", "ref": null, "name": null, "surface": null, "id": 1059547894}, "geometry": {"type": "LineString", "coordinates": [[55.3794716, 25.2450635], [55.3791458, 25.2446377]]}}, {"type": "Feature", "properties": {"aeroway": "taxiway", "ref": null, "name": null, "surface": null, "id": 1059547895}, "geometry": {"type": "LineString", "coordinates": [[55.3821499, 25.2445711], [55.382173, 25.2447003], [55.3821546, 25.2448545], [55.3821085, 25.2449462], [55.3820375, 25.2450577], [55.3822195, 25.2450259], [55.3823537, 25.2450453], [55.3824462, 25.2450884], [55.3825433, 25.2451493]]}}, {"type": "Feature", "properties": {"aeroway": "taxiway", "ref": null, "name": null, "surface": null, "id": 1059547896}, "geometry": {"type": "LineString", "coordinates": [[55.3821499, 25.2445711], [55.3823481, 25.244692], [55.3825186, 25.244717], [55.3827488, 25.2446628], [55.3826728, 25.244742], [55.3826058, 25.2448573], [55.3825723, 25.2449786], [55.3825535, 25.2450853], [55.3825433, 25.2451493]]}}, {"type": "Feature", "properties": {"aeroway": "taxiway", "ref": "M15B", "name": null, "surface": null, "id": 1059547897}, "geometry": {"type": "LineString", "coordinates": [[55.3816457, 25.2438177], [55.3819308, 25.2442437], [55.3821499, 25.2445711]]}}, {"type": "Feature", "properties": {"aeroway": "taxiway", "ref": "M", "name": null, "surface": null, "id": 1059547898}, "geometry": {"type": "LineString", "coordinates": [[55.3823664, 25.2448751], [55.3820375, 25.2450577], [55.3816349, 25.2452835], [55.3809982, 25.2456407], [55.3806165, 25.2458548], [55.3802303, 25.2460714], [55.3798638, 25.2462761], [55.3797861, 25.2463189], [55.3794132, 25.2465248], [55.3790418, 25.2467298], [55.378844, 25.2468378], [55.3781241, 25.2472308], [55.3776578, 25.2474853], [55.3761531, 25.2483263], [55.3753994, 25.2487476], [55.374229, 25.2493981], [55.3735946, 25.2497508], [55.373225, 25.2499562], [55.3722513, 25.2504963], [55.3720758, 25.2505924], [55.3720185, 25.2506238], [55.3717086, 25.2507935], [55.3716373, 25.2508326]]}}, {"type": "Feature", "properties": {"aeroway": "taxiway", "ref": null, "name": null, "surface": null, "id": 1059547899}, "geometry": {"type": "LineString", "coordinates": [[55.3823664, 25.2448751], [55.3821499, 25.2445711]]}}, {"type": "Feature", "properties": {"aeroway": "taxiway", "ref": null, "name": null, "surface": null, "id": 1059547900}, "geometry": {"type": "LineString", "coordinates": [[55.3835716, 25.2466936], [55.3833425, 25.2463534]]}}, {"type": "Feature", "properties": {"aeroway": "runway", "ref": "12L/30R", "name": null, "surface": "asphalt", "id": 1059547901}, "geometry": {"type": "LineString", "coordinates": [[55.3834414, 25.2462962], [55.3833425, 25.2463534], [55.3828969, 25.2466001], [55.3822787, 25.2469433], [55.3819256, 25.2471493], [55.3812179, 25.2475389], [55.3809094, 25.2477035]]}}, {"type": "Feature", "properties": {"aeroway": "taxiway", "ref": null, "name": null, "surface": null, "id": 1059547902}, "geometry": {"type": "LineString", "coordinates": [[55.3803922, 25.2479983], [55.3807579, 25.2485436]]}}, {"type": "Feature", "properties": {"aeroway": "taxiway", "ref": "R", "name": null, "surface": null, "id": 1059547903}, "geometry": {"type": "LineString", "coordinates": [[55.3859485, 25.2420312], [55.3860594, 25.2420372], [55.3861783, 25.2420678], [55.3862346, 25.2420939], [55.3863099, 25.2421486], [55.3863756, 25.2422208], [55.3864192, 25.2422853], [55.3864467, 25.2423475], [55.3864658, 25.2424267], [55.386468, 25.2425148], [55.3864433, 25.2426224]]}}, {"type": "Feature", "properties": {"aeroway": "taxiway", "ref": null, "name": null, "surface": null, "id": 1059547904}, "geometry": {"type": "LineString", "coordinates": [[55.3968159, 25.2337427], [55.3978719, 25.2353263], [55.3979036, 25.2353692], [55.3980996, 25.2356623], [55.398239, 25.2358005], [55.3983906, 25.2359218], [55.3986801, 25.2360898]]}}, {"type": "Feature", "properties": {"aeroway": "taxiway", "ref": "M18A", "name": null, "surface": null, "id": 1059547905}, "geometry": {"type": "LineString", "coordinates": [[55.3948039, 25.2379841], [55.3949011, 25.2378926], [55.3949563, 25.237799], [55.3949828, 25.2377278], [55.3949906, 25.2376524], [55.3949806, 25.2375302], [55.3949583, 25.2374359], [55.3947447, 25.237124], [55.3944531, 25.2366586]]}}, {"type": "Feature", "properties": {"aeroway": "taxiway", "ref": "M19", "name": null, "surface": null, "id": 1059547906}, "geometry": {"type": "LineString", "coordinates": [[55.3953826, 25.2362969], [55.3956008, 25.2366701], [55.395785, 25.2369532], [55.3958175, 25.2370233], [55.3958349, 25.2371029], [55.3958389, 25.2371717], [55.3958271, 25.2372616], [55.3958104, 25.237315], [55.3957866, 25.2373683], [55.395754, 25.2374135], [55.3957157, 25.2374545], [55.3956726, 25.2374954], [55.395591, 25.2375533]]}}, {"type": "Feature", "properties": {"aeroway": "taxiway", "ref": "K17", "name": null, "surface": null, "id": 1059547907}, "geometry": {"type": "LineString", "coordinates": [[55.3948857, 25.2338932], [55.3951535, 25.2342708], [55.3953169, 25.2345245], [55.3956363, 25.2349953], [55.3958753, 25.2353515], [55.3961212, 25.235717]]}}, {"type": "Feature", "properties": {"aeroway": "taxiway", "ref": "M20", "name": null, "surface": null, "id": 1059547908}, "geometry": {"type": "LineString", "coordinates": [[55.3961212, 25.235717], [55.396429, 25.2362106], [55.3966214, 25.2364646]]}}, {"type": "Feature", "properties": {"aeroway": "taxiway", "ref": "K18", "name": null, "surface": null, "id": 1059547909}, "geometry": {"type": "LineString", "coordinates": [[55.3966882, 25.2329123], [55.3966016, 25.2330261], [55.39656, 25.2331232], [55.3965533, 25.23327], [55.3965989, 25.2334277], [55.3967874, 25.2337096], [55.3968159, 25.2337427]]}}, {"type": "Feature", "properties": {"aeroway": "taxiway", "ref": "K13", "name": null, "surface": null, "id": 1059547910}, "geometry": {"type": "LineString", "coordinates": [[55.3829378, 25.2425355], [55.3836538, 25.2419241], [55.3839365, 25.2416307], [55.3841724, 25.2413441], [55.3843853, 25.2410527], [55.384739, 25.2404589], [55.3849279, 25.2401463], [55.3853186, 25.2394996], [55.3853741, 25.2394091], [55.3854401, 25.2393042], [55.3855777, 25.2391469], [55.3857326, 25.2389718]]}}, {"type": "Feature", "properties": {"aeroway": "taxiway", "ref": "K14", "name": null, "surface": null, "id": 1059547911}, "geometry": {"type": "LineString", "coordinates": [[55.3862882, 25.2406781], [55.3859908, 25.240209], [55.3857776, 25.2398094], [55.3855918, 25.2395279], [55.3854401, 25.2393042], [55.3853494, 25.2391738]]}}, {"type": "Feature", "properties": {"aeroway": "taxiway", "ref": null, "name": null, "surface": null, "id": 1059547912}, "geometry": {"type": "LineString", "coordinates": [[55.3906692, 25.2371435], [55.3906692, 25.2369888], [55.3906116, 25.2368686], [55.3905629, 25.2367646], [55.3903356, 25.2364166]]}}, {"type": "Feature", "properties": {"aeroway": "taxiway", "ref": "V1", "name": null, "surface": null, "id": 1059547913}, "geometry": {"type": "LineString", "coordinates": [[55.3903356, 25.2364166], [55.3900985, 25.2360608], [55.3899807, 25.235889], [55.3899162, 25.2357617], [55.3898987, 25.2356659], [55.3899046, 25.2355671], [55.3899658, 25.2354366], [55.3900572, 25.2353116]]}}, {"type": "Feature", "properties": {"aeroway": "taxiway", "ref": "V5", "name": null, "surface": null, "id": 1059547914}, "geometry": {"type": "LineString", "coordinates": [[55.3965943, 25.2316782], [55.3966907, 25.2316671], [55.396825, 25.2317465], [55.3969265, 25.2318705], [55.3970059, 25.2321846], [55.397063, 25.2324093], [55.3970548, 25.2325348], [55.3969908, 25.2326782], [55.3968826, 25.2328057], [55.3966882, 25.2329123]]}}, {"type": "Feature", "properties": {"aeroway": "taxiway", "ref": "V2", "name": null, "surface": null, "id": 1059547915}, "geometry": {"type": "LineString", "coordinates": [[55.3911031, 25.2351939], [55.3908759, 25.2348608]]}}, {"type": "Feature", "properties": {"aeroway": "taxiway", "ref": "V3", "name": null, "surface": null, "id": 1059547916}, "geometry": {"type": "LineString", "coordinates": [[55.3938845, 25.2332042], [55.3937147, 25.2333065], [55.3936225, 25.2335133], [55.3936188, 25.23364], [55.3936557, 25.2337467], [55.3936898, 25.2338013], [55.3938294, 25.2340028], [55.3940592, 25.2343505]]}}, {"type": "Feature", "properties": {"aeroway": "taxiway", "ref": "V4", "name": null, "surface": null, "id": 1059547917}, "geometry": {"type": "LineString", "coordinates": [[55.3945222, 25.2333502], [55.3945758, 25.2334355], [55.3946513, 25.2335388], [55.3948857, 25.2338932]]}}, {"type": "Feature", "properties": {"aeroway": "taxiway", "ref": "V4", "name": null, "surface": null, "id": 1059547918}, "geometry": {"type": "LineString", "coordinates": [[55.3945222, 25.2333502], [55.3944504, 25.2332675], [55.394356, 25.2331971], [55.3942341, 25.2331544], [55.3940642, 25.2331368], [55.3938845, 25.2332042]]}}, {"type": "Feature", "properties": {"aeroway": "taxiway", "ref": "K15", "name": null, "surface": null, "id": 1059547919}, "geometry": {"type": "LineString", "coordinates": [[55.3909715, 25.2366569], [55.3913613, 25.2359901], [55.3914046, 25.2359168], [55.3914193, 25.2358184]]}}, {"type": "Feature", "properties": {"aeroway": "taxiway", "ref": null, "name": null, "surface": null, "id": 1059547920}, "geometry": {"type": "LineString", "coordinates": [[55.3643612, 25.2528338], [55.3646754, 25.2532464], [55.3649468, 25.253657], [55.3651704, 25.2539953], [55.3653324, 25.2541011], [55.3654674, 25.2541418], [55.3657411, 25.2541013]]}}, {"type": "Feature", "properties": {"aeroway": "taxiway", "ref": "K7", "name": null, "surface": null, "id": 1059547921}, "geometry": {"type": "LineString", "coordinates": [[55.369664, 25.2478788], [55.3697037, 25.2479384], [55.3698651, 25.2481808], [55.3700948, 25.248517], [55.3703656, 25.2489135], [55.3706441, 25.2493509], [55.3707183, 25.2494621]]}}, {"type": "Feature", "properties": {"aeroway": "taxiway", "ref": null, "name": null, "surface": null, "id": 1059547922}, "geometry": {"type": "LineString", "coordinates": [[55.3771307, 25.2427175], [55.377009, 25.2428513], [55.3769592, 25.2430277], [55.3769761, 25.2431672], [55.3770528, 25.2433383], [55.3771484, 25.2434917], [55.3772696, 25.2436741]]}}, {"type": "Feature", "properties": {"aeroway": "taxiway", "ref": null, "name": null, "surface": null, "id": 1059547923}, "geometry": {"type": "LineString", "coordinates": [[55.3780234, 25.2422487], [55.377832, 25.2424587], [55.3777711, 25.2426144], [55.3777703, 25.2427332], [55.3778612, 25.2428493], [55.3780953, 25.2432088]]}}, {"type": "Feature", "properties": {"aeroway": "taxiway", "ref": "W", "name": null, "surface": null, "id": 1059547924}, "geometry": {"type": "LineString", "coordinates": [[55.3687332, 25.2479712], [55.3687832, 25.2480077], [55.3688929, 25.2480749], [55.3689814, 25.2481101], [55.3690876, 25.2481229], [55.3692099, 25.2481197]]}}, {"type": "Feature", "properties": {"aeroway": "taxiway", "ref": "W", "name": null, "surface": null, "id": 1059547925}, "geometry": {"type": "LineString", "coordinates": [[55.3693965, 25.2474461], [55.3692377, 25.2473118], [55.3691491, 25.2472913], [55.3690628, 25.2472831], [55.3688445, 25.247322], [55.368744, 25.2473712], [55.3684988, 25.2473582], [55.3683707, 25.2472978], [55.3682361, 25.2471687], [55.3679315, 25.2467273], [55.3678568, 25.2466189], [55.367776, 25.246502], [55.3676112, 25.2462632], [55.3674189, 25.2459846], [55.3669967, 25.2453727], [55.3669094, 25.2452462]]}}, {"type": "Feature", "properties": {"aeroway": "taxiway", "ref": "K6", "name": null, "surface": null, "id": 1059547926}, "geometry": {"type": "LineString", "coordinates": [[55.3637502, 25.2505421], [55.3639639, 25.2504906], [55.3641163, 25.2504433], [55.3643963, 25.2503565], [55.3650894, 25.2502425], [55.3660156, 25.2502105], [55.3662685, 25.2502018], [55.3668213, 25.2501864], [55.3683116, 25.2501448], [55.3690227, 25.2500064], [55.3696993, 25.2497987], [55.3699431, 25.2496911], [55.37016, 25.2496192]]}}, {"type": "Feature", "properties": {"aeroway": "taxiway", "ref": "L1", "name": null, "surface": null, "id": 1059547927}, "geometry": {"type": "LineString", "coordinates": [[55.3456227, 25.2600659], [55.3456476, 25.2601937], [55.3456423, 25.2603344], [55.3455913, 25.2604533], [55.3455, 25.2605641]]}}, {"type": "Feature", "properties": {"aeroway": "taxiway", "ref": "J2", "name": null, "surface": null, "id": 1059547928}, "geometry": {"type": "LineString", "coordinates": [[55.3674218, 25.2444679], [55.3672443, 25.2442897], [55.3667609, 25.2439418], [55.3662853, 25.2437773]]}}, {"type": "Feature", "properties": {"aeroway": "parking_position", "ref": "B26R", "name": null, "surface": null, "id": 1059547929}, "geometry": {"type": "LineString", "coordinates": [[55.3656957, 25.2437027], [55.3656417, 25.2448954], [55.3656001, 25.2455341]]}}, {"type": "Feature", "properties": {"aeroway": "parking_position", "ref": "C28", "name": null, "surface": null, "id": 1059547930}, "geometry": {"type": "LineString", "coordinates": [[55.3442978, 25.2630866], [55.3447024, 25.2636782], [55.3450305, 25.2641576], [55.3453943, 25.2639483]]}}, {"type": "Feature", "properties": {"aeroway": "taxiway", "ref": "N1B", "name": null, "surface": null, "id": 1059547931}, "geometry": {"type": "LineString", "coordinates": [[55.3483885, 25.2657568], [55.3487379, 25.2662763], [55.3489446, 25.2665808], [55.3490859, 25.2668059], [55.3491733, 25.2669168], [55.349282, 25.2669941], [55.3493607, 25.2670312], [55.3494429, 25.2670498], [55.349559, 25.2670598], [55.3497123, 25.2670346]]}}, {"type": "Feature", "properties": {"aeroway": "taxiway", "ref": "N1A", "name": null, "surface": null, "id": 1059547932}, "geometry": {"type": "LineString", "coordinates": [[55.3475501, 25.2662222], [55.3479152, 25.2667666], [55.3481094, 25.2670523], [55.3483097, 25.2673545], [55.3484583, 25.2674782], [55.3486235, 25.2675316], [55.3488712, 25.2675003]]}}, {"type": "Feature", "properties": {"aeroway": "taxiway", "ref": "N1", "name": null, "surface": null, "id": 1059547933}, "geometry": {"type": "LineString", "coordinates": [[55.3467217, 25.2666739], [55.3469378, 25.2669868], [55.3471583, 25.2673395], [55.3472789, 25.2675153], [55.347498, 25.2678388], [55.3475735, 25.2679135], [55.3476962, 25.2679775], [55.3478331, 25.2680031], [55.3479534, 25.2679861], [55.3480242, 25.2679668]]}}, {"type": "Feature", "properties": {"aeroway": "taxiway", "ref": "P4", "name": null, "surface": null, "id": 1059547934}, "geometry": {"type": "LineString", "coordinates": [[55.3630128, 25.2596604], [55.3631075, 25.2598187], [55.3632341, 25.2599973], [55.3632968, 25.2600857], [55.3634466, 25.2601847], [55.3636194, 25.2602003], [55.3637864, 25.2601844], [55.3638383, 25.2601795]]}}, {"type": "Feature", "properties": {"aeroway": "taxiway", "ref": null, "name": null, "surface": null, "id": 1059547935}, "geometry": {"type": "LineString", "coordinates": [[55.3626607, 25.2598574], [55.3627663, 25.2597464], [55.3628253, 25.259644], [55.3628324, 25.2595352], [55.3628253, 25.2594605], [55.362795, 25.2593547]]}}, {"type": "Feature", "properties": {"aeroway": "taxiway", "ref": "N4", "name": null, "surface": null, "id": 1059547936}, "geometry": {"type": "LineString", "coordinates": [[55.3620176, 25.2581912], [55.3623183, 25.2586446], [55.3625759, 25.2590263], [55.362795, 25.2593547], [55.3630128, 25.2596604]]}}, {"type": "Feature", "properties": {"aeroway": "taxiway", "ref": "M1C", "name": null, "surface": null, "id": 1059547937}, "geometry": {"type": "LineString", "coordinates": [[55.3507493, 25.2644464], [55.3504032, 25.2639063], [55.3502021, 25.2636092], [55.349966, 25.2632635], [55.3499472, 25.2631034], [55.3499687, 25.2629433], [55.3500581, 25.2627839]]}}, {"type": "Feature", "properties": {"aeroway": "taxiway", "ref": "P2", "name": null, "surface": null, "id": 1059547938}, "geometry": {"type": "LineString", "coordinates": [[55.3545737, 25.2643408], [55.3546872, 25.2645045], [55.3548107, 25.2646827], [55.3549258, 25.2647947], [55.3550408, 25.2648507], [55.3552443, 25.264888], [55.3554507, 25.26484]]}}, {"type": "Feature", "properties": {"aeroway": "taxiway", "ref": "P2", "name": null, "surface": null, "id": 1059547939}, "geometry": {"type": "LineString", "coordinates": [[55.3549605, 25.2641262], [55.3548373, 25.2642586], [55.3547753, 25.2643626], [55.3547665, 25.2645146], [55.3548107, 25.2646827]]}}, {"type": "Feature", "properties": {"aeroway": "taxiway", "ref": "N2", "name": null, "surface": null, "id": 1059547940}, "geometry": {"type": "LineString", "coordinates": [[55.3542198, 25.2645371], [55.3543506, 25.2644213], [55.3543978, 25.2643279], [55.3544096, 25.2642292], [55.3543923, 25.2640733], [55.3545305, 25.2641492], [55.3546456, 25.2641759], [55.3546898, 25.264181], [55.3547606, 25.2641892], [55.3549605, 25.2641262]]}}, {"type": "Feature", "properties": {"aeroway": "parking_position", "ref": "C31", "name": null, "surface": null, "id": 1059547941}, "geometry": {"type": "LineString", "coordinates": [[55.339526, 25.2646115], [55.3397687, 25.2649958], [55.3401773, 25.2656113]]}}, {"type": "Feature", "properties": {"aeroway": "parking_position", "ref": "B18R", "name": null, "surface": null, "id": 1059552606}, "geometry": {"type": "LineString", "coordinates": [[55.3595274, 25.2466729], [55.3600143, 25.2477617], [55.3602517, 25.2482925]]}}, {"type": "Feature", "properties": {"aeroway": "parking_position", "ref": "B21L", "name": null, "surface": null, "id": 1059566032}, "geometry": {"type": "LineString", "coordinates": [[55.3613585, 25.2456585], [55.3620197, 25.2466431], [55.3624046, 25.2472233]]}}, {"type": "Feature", "properties": {"aeroway": "parking_position", "ref": "B5", "name": null, "surface": null, "id": 1059566033}, "geometry": {"type": "LineString", "coordinates": [[55.351729, 25.2512311], [55.3527034, 25.2527285]]}}, {"type": "Feature", "properties": {"aeroway": "parking_position", "ref": "E14", "name": null, "surface": null, "id": 1059571433}, "geometry": {"type": "LineString", "coordinates": [[55.3591213, 25.2627961], [55.3597917, 25.2637868]]}}, {"type": "Feature", "properties": {"aeroway": "parking_position", "ref": "E15", "name": null, "surface": null, "id": 1059571434}, "geometry": {"type": "LineString", "coordinates": [[55.359748, 25.2624472], [55.3603885, 25.263423]]}}, {"type": "Feature", "properties": {"aeroway": "parking_position", "ref": "E16", "name": null, "surface": null, "id": 1059571435}, "geometry": {"type": "LineString", "coordinates": [[55.3603573, 25.262108], [55.3607877, 25.2627463], [55.3610658, 25.2631586]]}}, {"type": "Feature", "properties": {"aeroway": "parking_position", "ref": "E8", "name": null, "surface": null, "id": 1059571436}, "geometry": {"type": "LineString", "coordinates": [[55.3556174, 25.2659357], [55.3553364, 25.265506], [55.3550457, 25.2650629]]}}, {"type": "Feature", "properties": {"aeroway": "parking_position", "ref": "E9L", "name": null, "surface": null, "id": 1059571437}, "geometry": {"type": "LineString", "coordinates": [[55.3560058, 25.2657241], [55.3557222, 25.2652922], [55.3554313, 25.2648507]]}}, {"type": "Feature", "properties": {"aeroway": "parking_position", "ref": "E9R", "name": null, "surface": null, "id": 1059571438}, "geometry": {"type": "LineString", "coordinates": [[55.3563932, 25.2655243], [55.3561015, 25.2650821], [55.3558092, 25.2646403]]}}, {"type": "Feature", "properties": {"aeroway": "parking_position", "ref": "E10L", "name": null, "surface": null, "id": 1059571439}, "geometry": {"type": "LineString", "coordinates": [[55.3567352, 25.2652847], [55.3564771, 25.2648739], [55.3561936, 25.2644264]]}}, {"type": "Feature", "properties": {"aeroway": "parking_position", "ref": "E10R", "name": null, "surface": null, "id": 1059571440}, "geometry": {"type": "LineString", "coordinates": [[55.3571421, 25.2650903], [55.3568548, 25.2646647], [55.3565616, 25.2642215]]}}, {"type": "Feature", "properties": {"aeroway": "parking_position", "ref": "E13", "name": null, "surface": null, "id": 1059571441}, "geometry": {"type": "LineString", "coordinates": [[55.3590641, 25.2640577], [55.3587669, 25.2636053], [55.3584717, 25.2631579]]}}, {"type": "Feature", "properties": {"aeroway": "parking_position", "ref": "E12R", "name": null, "surface": null, "id": 1059571442}, "geometry": {"type": "LineString", "coordinates": [[55.3586839, 25.2642372], [55.3584015, 25.2638077], [55.3581068, 25.2633611]]}}, {"type": "Feature", "properties": {"aeroway": "parking_position", "ref": "E12L", "name": null, "surface": null, "id": 1059571443}, "geometry": {"type": "LineString", "coordinates": [[55.3582945, 25.264474], [55.3580038, 25.264028], [55.3577115, 25.2635812]]}}, {"type": "Feature", "properties": {"aeroway": "parking_position", "ref": "E11R", "name": null, "surface": null, "id": 1059571444}, "geometry": {"type": "LineString", "coordinates": [[55.3579115, 25.2646624], [55.3576278, 25.2642364], [55.3573356, 25.2637905]]}}, {"type": "Feature", "properties": {"aeroway": "parking_position", "ref": "E11L", "name": null, "surface": null, "id": 1059571445}, "geometry": {"type": "LineString", "coordinates": [[55.3575306, 25.2648861], [55.3572263, 25.2644589], [55.3569201, 25.2640218]]}}, {"type": "Feature", "properties": {"aeroway": "taxiway", "ref": null, "name": null, "surface": null, "id": 1076743356}, "geometry": {"type": "LineString", "coordinates": [[55.3587878, 25.261046], [55.3587619, 25.2611443], [55.3587561, 25.2612559], [55.3587909, 25.2613835], [55.3588263, 25.2614551], [55.3588741, 25.2615171], [55.3589661, 25.2615931], [55.3590519, 25.2616379], [55.3591484, 25.2616667], [55.3592342, 25.2616763], [55.35932, 25.2616731], [55.359418, 25.2616549]]}}, {"type": "Feature", "properties": {"aeroway": "runway", "ref": "12L/30R", "name": null, "surface": "asphalt", "id": 1076760102}, "geometry": {"type": "LineString", "coordinates": [[55.3466213, 25.2667249], [55.3467217, 25.2666739], [55.3471121, 25.2664653], [55.3475501, 25.2662222], [55.348112, 25.2659103], [55.3483885, 25.2657568], [55.3489929, 25.2654213], [55.3502325, 25.2647333], [55.3504159, 25.2646315]]}}, {"type": "Feature", "properties": {"aeroway": "runway", "ref": "12R/30L", "name": null, "surface": "asphalt", "id": 1077849652}, "geometry": {"type": "LineString", "coordinates": [[55.3958753, 25.2353515], [55.3954403, 25.2356038], [55.3950573, 25.2358194], [55.3948633, 25.2359239]]}}, {"type": "Feature", "properties": {"aeroway": "apron", "ref": "E26", "name": null, "surface": null, "id": 1178365303}, "geometry": {"type": "Polygon", "coordinates": [[[55.366861, 25.2590288], [55.3670973, 25.25939], [55.367377, 25.2593957], [55.3674703, 25.2595356], [55.3676589, 25.2594359], [55.3675593, 25.2592922], [55.3676737, 25.2590795], [55.3674347, 25.2587105], [55.366861, 25.2590288]]]}}, {"type": "Feature", "properties": {"aeroway": "apron", "ref": "E27", "name": null, "surface": null, "id": 1178365304}, "geometry": {"type": "Polygon", "coordinates": [[[55.3674785, 25.2586862], [55.3677127, 25.2590443], [55.3679924, 25.2590501], [55.3680856, 25.25919], [55.3682742, 25.2590903], [55.3681746, 25.2589466], [55.3682891, 25.2587339], [55.3680522, 25.2583679], [55.3674785, 25.2586862]]]}}, {"type": "Feature", "properties": {"aeroway": "apron", "ref": "E25", "name": null, "surface": null, "id": 1178365305}, "geometry": {"type": "Polygon", "coordinates": [[[55.3662421, 25.259372], [55.366482, 25.2597385], [55.3667617, 25.2597443], [55.3668549, 25.2598842], [55.3670435, 25.2597845], [55.3669439, 25.2596408], [55.3670584, 25.259428], [55.3668158, 25.2590539], [55.3662421, 25.259372]]]}}, {"type": "Feature", "properties": {"aeroway": "apron", "ref": "E24", "name": null, "surface": null, "id": 1178365306}, "geometry": {"type": "Polygon", "coordinates": [[[55.3656347, 25.2597089], [55.3658666, 25.2600636], [55.3661463, 25.2600694], [55.3662396, 25.2602093], [55.3664282, 25.2601096], [55.3663286, 25.2599659], [55.366443, 25.2597532], [55.3662084, 25.2593907], [55.3656347, 25.2597089]]]}}, {"type": "Feature", "properties": {"aeroway": "apron", "ref": "E23", "name": null, "surface": null, "id": 1178365307}, "geometry": {"type": "Polygon", "coordinates": [[[55.3650177, 25.2600511], [55.365248, 25.2604034], [55.3655277, 25.2604091], [55.365621, 25.260549], [55.3658096, 25.2604494], [55.36571, 25.2603057], [55.3658244, 25.2600929], [55.3655915, 25.2597329], [55.3650177, 25.2600511]]]}}, {"type": "Feature", "properties": {"aeroway": "apron", "ref": "E22", "name": null, "surface": null, "id": 1178365308}, "geometry": {"type": "Polygon", "coordinates": [[[55.3644033, 25.2603918], [55.3646489, 25.2607666], [55.3649286, 25.2607723], [55.3650218, 25.2609122], [55.3652104, 25.2608126], [55.3651108, 25.2606689], [55.3652252, 25.2604561], [55.364977, 25.2600736], [55.3644033, 25.2603918]]]}}, {"type": "Feature", "properties": {"aeroway": "apron", "ref": "E21", "name": null, "surface": null, "id": 1178365309}, "geometry": {"type": "Polygon", "coordinates": [[[55.3637952, 25.260729], [55.364029, 25.2610865], [55.3643087, 25.2610922], [55.364402, 25.2612321], [55.3645906, 25.2611325], [55.364491, 25.2609887], [55.3646054, 25.260776], [55.364369, 25.2604108], [55.3637952, 25.260729]]]}}, {"type": "Feature", "properties": {"aeroway": "apron", "ref": "F19", "name": null, "surface": null, "id": 1179679404}, "geometry": {"type": "Polygon", "coordinates": [[[55.3613527, 25.2492035], [55.3614481, 25.2493511], [55.3618149, 25.2493867], [55.3620654, 25.2497659], [55.3613572, 25.2501116], [55.3613201, 25.2501207], [55.3612921, 25.2501173], [55.3612647, 25.2500975], [55.3610846, 25.2498428], [55.3612549, 25.2494755], [55.361157, 25.2493125], [55.3613527, 25.2492035]]]}}, {"type": "Feature", "properties": {"aeroway": "apron", "ref": "F18", "name": null, "surface": null, "id": 1179679405}, "geometry": {"type": "Polygon", "coordinates": [[[55.3604296, 25.2497174], [55.3605354, 25.249864], [55.3609623, 25.2498847], [55.3611323, 25.2501103], [55.3611488, 25.2501403], [55.3611634, 25.2501753], [55.3611654, 25.2502171], [55.3611516, 25.2502347], [55.3611316, 25.2502484], [55.3611032, 25.250266], [55.3604243, 25.2506399], [55.3601969, 25.250301], [55.3603567, 25.2499651], [55.3602501, 25.2498174], [55.3604296, 25.2497174]]]}}, {"type": "Feature", "properties": {"aeroway": "apron", "ref": "F17", "name": null, "surface": null, "id": 1179679406}, "geometry": {"type": "Polygon", "coordinates": [[[55.3603814, 25.2506627], [55.3601466, 25.2503128], [55.3598182, 25.2502461], [55.3597249, 25.2501097], [55.3595365, 25.2502146], [55.3596306, 25.2503471], [55.3595569, 25.250636], [55.3598004, 25.2509855], [55.3603814, 25.2506627]]]}}, {"type": "Feature", "properties": {"aeroway": "apron", "ref": "F13", "name": null, "surface": null, "id": 1179679407}, "geometry": {"type": "Polygon", "coordinates": [[[55.3570391, 25.2515247], [55.3571311, 25.2516583], [55.3574818, 25.2516906], [55.3577718, 25.2521222], [55.3570945, 25.2524912], [55.3568117, 25.2520704], [55.3569591, 25.2517653], [55.3568621, 25.2516246], [55.3570391, 25.2515247]]]}}, {"type": "Feature", "properties": {"aeroway": "apron", "ref": "F12", "name": null, "surface": null, "id": 1179679408}, "geometry": {"type": "Polygon", "coordinates": [[[55.3563192, 25.2519213], [55.3561479, 25.2520176], [55.3562313, 25.252163], [55.3560742, 25.2525062], [55.3561303, 25.2525916], [55.3563367, 25.2529063], [55.3570481, 25.2525164], [55.3567725, 25.2520893], [55.3564349, 25.2520763], [55.3563192, 25.2519213]]]}}, {"type": "Feature", "properties": {"aeroway": "apron", "ref": "F10", "name": null, "surface": null, "id": 1179679409}, "geometry": {"type": "Polygon", "coordinates": [[[55.3555931, 25.2524191], [55.3556924, 25.2525652], [55.3561303, 25.2525916], [55.3563367, 25.2529063], [55.3556031, 25.2533083], [55.3553929, 25.2529869], [55.3555645, 25.25262], [55.3554736, 25.2524861], [55.3555931, 25.2524191]]]}}, {"type": "Feature", "properties": {"aeroway": "apron", "ref": "F9", "name": null, "surface": null, "id": 1179679410}, "geometry": {"type": "Polygon", "coordinates": [[[55.3548557, 25.2528143], [55.354955, 25.2529605], [55.3553929, 25.2529869], [55.3556031, 25.2533083], [55.3548701, 25.25371], [55.3546638, 25.253402], [55.3548271, 25.2530153], [55.3547362, 25.2528813], [55.3548557, 25.2528143]]]}}, {"type": "Feature", "properties": {"aeroway": "apron", "ref": "F8", "name": null, "surface": null, "id": 1179679411}, "geometry": {"type": "Polygon", "coordinates": [[[55.3541115, 25.2532373], [55.3542108, 25.2533835], [55.3546638, 25.253402], [55.3548701, 25.25371], [55.3541118, 25.2541255], [55.3539181, 25.2538298], [55.3540828, 25.2534383], [55.3539919, 25.2533043], [55.3541115, 25.2532373]]]}}, {"type": "Feature", "properties": {"aeroway": "apron", "ref": "F7", "name": null, "surface": null, "id": 1179679412}, "geometry": {"type": "Polygon", "coordinates": [[[55.3533809, 25.2536572], [55.3534802, 25.2538034], [55.3539181, 25.2538298], [55.3541118, 25.2541255], [55.35338, 25.2545265], [55.3531792, 25.254228], [55.3533523, 25.2538582], [55.3532614, 25.2537242], [55.3533809, 25.2536572]]]}}, {"type": "Feature", "properties": {"aeroway": "apron", "ref": "F6", "name": null, "surface": null, "id": 1179679413}, "geometry": {"type": "Polygon", "coordinates": [[[55.35338, 25.2545265], [55.3531792, 25.254228], [55.3531525, 25.2541878], [55.3527142, 25.2541633], [55.3526134, 25.2540247], [55.3524893, 25.2540914], [55.3525921, 25.2542369], [55.352418, 25.2545825], [55.3525566, 25.2547945], [55.3525801, 25.2548183], [55.3526024, 25.254836], [55.3526293, 25.2548474], [55.3526562, 25.2548587], [55.3526844, 25.2548632], [55.3527357, 25.2548638], [55.3527699, 25.2548608], [55.35338, 25.2545265]]]}}, {"type": "Feature", "properties": {"aeroway": "apron", "ref": "F5", "name": null, "surface": null, "id": 1179679414}, "geometry": {"type": "Polygon", "coordinates": [[[55.3518715, 25.2544859], [55.351981, 25.2546636], [55.3523517, 25.254724], [55.3525061, 25.2549199], [55.3525134, 25.254938], [55.3525214, 25.2549579], [55.3525217, 25.2550111], [55.3525114, 25.2550401], [55.3525011, 25.2550548], [55.3524793, 25.2550769], [55.3524266, 25.2551128], [55.3519681, 25.2553698], [55.3517547, 25.2550714], [55.3518709, 25.2547381], [55.3517504, 25.2545565], [55.3518715, 25.2544859]]]}}, {"type": "Feature", "properties": {"aeroway": "apron", "ref": "F4", "name": null, "surface": null, "id": 1179679415}, "geometry": {"type": "Polygon", "coordinates": [[[55.3512528, 25.2548234], [55.3513623, 25.255001], [55.3517447, 25.2550577], [55.3519681, 25.2553698], [55.3513539, 25.2557229], [55.3511776, 25.2554185], [55.3512521, 25.2550755], [55.351129, 25.2548898], [55.3512528, 25.2548234]]]}}, {"type": "Feature", "properties": {"aeroway": "apron", "ref": "F3", "name": null, "surface": null, "id": 1179679416}, "geometry": {"type": "Polygon", "coordinates": [[[55.351024, 25.2558927], [55.3510046, 25.2553906], [55.3507341, 25.2553799], [55.3506539, 25.2552358], [55.3505355, 25.2552897], [55.3505958, 25.2554428], [55.3503434, 25.2556711], [55.3505203, 25.2559332], [55.3505763, 25.2559839], [55.3506802, 25.2560272], [55.350743, 25.2560253], [55.3507984, 25.2560142], [55.351024, 25.2558927]]]}}, {"type": "Feature", "properties": {"aeroway": "apron", "ref": "C61", "name": null, "surface": null, "id": 1179679417}, "geometry": {"type": "Polygon", "coordinates": [[[55.3477684, 25.2569351], [55.3479292, 25.2569603], [55.3482241, 25.256736], [55.3485991, 25.2567972], [55.3486055, 25.2567649], [55.3486305, 25.2567921], [55.3486638, 25.25678], [55.3486779, 25.2568119], [55.3487012, 25.2568034], [55.3487106, 25.2568152], [55.3487652, 25.25678], [55.3487801, 25.2567875], [55.3488215, 25.256768], [55.3488516, 25.2568204], [55.3488801, 25.2568699], [55.3488732, 25.2569427], [55.3488452, 25.2570086], [55.3487831, 25.2570823], [55.3481444, 25.2574157], [55.3479338, 25.2570858], [55.3477452, 25.2570563], [55.3477684, 25.2569351]]]}}, {"type": "Feature", "properties": {"aeroway": "apron", "ref": "C60", "name": null, "surface": null, "id": 1179679418}, "geometry": {"type": "Polygon", "coordinates": [[[55.3480527, 25.2574815], [55.3478607, 25.2571851], [55.3475039, 25.2571412], [55.347374, 25.2569756], [55.3472691, 25.2570354], [55.3473856, 25.2572026], [55.3472635, 25.2574955], [55.3474729, 25.2578042], [55.3480527, 25.2574815]]]}}, {"type": "Feature", "properties": {"aeroway": "apron", "ref": "C59", "name": null, "surface": null, "id": 1179679419}, "geometry": {"type": "Polygon", "coordinates": [[[55.3474233, 25.2578367], [55.3472188, 25.2575234], [55.3468808, 25.2574987], [55.3467587, 25.2573158], [55.3466533, 25.2573732], [55.3467682, 25.2575481], [55.3466487, 25.257829], [55.3468525, 25.2581414], [55.3474233, 25.2578367]]]}}, {"type": "Feature", "properties": {"aeroway": "apron", "ref": "C58", "name": null, "surface": null, "id": 1179679420}, "geometry": {"type": "Polygon", "coordinates": [[[55.3468052, 25.258182], [55.3466113, 25.2578733], [55.3462681, 25.2578277], [55.3461518, 25.2576473], [55.3460296, 25.2577055], [55.3461517, 25.2578838], [55.3460334, 25.258182], [55.3462448, 25.2584871], [55.3468052, 25.258182]]]}}, {"type": "Feature", "properties": {"aeroway": "apron", "ref": "C57", "name": null, "surface": null, "id": 1179679421}, "geometry": {"type": "Polygon", "coordinates": [[[55.3461985, 25.2585205], [55.3459772, 25.2581925], [55.3456436, 25.2581486], [55.3455132, 25.2579717], [55.3453921, 25.2580382], [55.3455176, 25.2582118], [55.3454051, 25.2584994], [55.3456308, 25.2588338], [55.3461985, 25.2585205]]]}}, {"type": "Feature", "properties": {"aeroway": "apron", "ref": "C56", "name": null, "surface": null, "id": 1179679422}, "geometry": {"type": "Polygon", "coordinates": [[[55.3455711, 25.2588591], [55.3453571, 25.2585228], [55.3450356, 25.2585026], [55.3449032, 25.2582979], [55.3447895, 25.2583583], [55.3449196, 25.2585566], [55.3447776, 25.2588636], [55.3449066, 25.2590618], [55.3449333, 25.2590826], [55.3449593, 25.2590957], [55.3449975, 25.2591087], [55.3450313, 25.2591139], [55.3450652, 25.2591159], [55.3450998, 25.2591087], [55.3451301, 25.259097], [55.3455711, 25.2588591]]]}}, {"type": "Feature", "properties": {"aeroway": "apron", "ref": "C55", "name": null, "surface": null, "id": 1179679423}, "geometry": {"type": "Polygon", "coordinates": [[[55.3444248, 25.258833], [55.3444899, 25.2589288], [55.3447404, 25.2589945], [55.3448217, 25.2591112], [55.3447978, 25.2592729], [55.3447691, 25.2593006], [55.3441703, 25.2596316], [55.3438292, 25.2591268], [55.3438885, 25.2589461], [55.3438382, 25.2588686], [55.3440964, 25.2587263], [55.3442609, 25.2589717], [55.344379, 25.258906], [55.3443556, 25.2588715], [55.3444248, 25.258833]]]}}, {"type": "Feature", "properties": {"aeroway": "apron", "ref": "C54", "name": null, "surface": null, "id": 1179679424}, "geometry": {"type": "Polygon", "coordinates": [[[55.3441087, 25.2596722], [55.3439451, 25.2594269], [55.3437037, 25.2593589], [55.3436348, 25.2592588], [55.3435632, 25.2592991], [55.3435848, 25.2593305], [55.3434803, 25.2593893], [55.343373, 25.2592334], [55.3432165, 25.2593215], [55.3431655, 25.2592452], [55.3430559, 25.2593048], [55.3430985, 25.2593689], [55.3430445, 25.2595627], [55.3433819, 25.2600686], [55.3441087, 25.2596722]]]}}, {"type": "Feature", "properties": {"aeroway": "apron", "ref": "C53", "name": null, "surface": null, "id": 1179679425}, "geometry": {"type": "Polygon", "coordinates": [[[55.3433243, 25.2601019], [55.3431563, 25.2598539], [55.3429335, 25.2598037], [55.3428631, 25.2596999], [55.3427928, 25.2597389], [55.3428124, 25.2597678], [55.3427019, 25.2598291], [55.3425911, 25.2596657], [55.3424247, 25.259758], [55.3423744, 25.2596838], [55.342265, 25.2597434], [55.3423158, 25.2598184], [55.342246, 25.2600415], [55.3425699, 25.2605198], [55.3433243, 25.2601019]]]}}, {"type": "Feature", "properties": {"aeroway": "apron", "ref": "C52", "name": null, "surface": null, "id": 1179679426}, "geometry": {"type": "Polygon", "coordinates": [[[55.3425238, 25.2605466], [55.3422986, 25.2602032], [55.341971, 25.2601698], [55.3418756, 25.2600172], [55.3417625, 25.260075], [55.3418602, 25.2602312], [55.341725, 25.2605401], [55.3418613, 25.2607425], [55.3419049, 25.2607812], [55.3419585, 25.2608029], [55.3420008, 25.2608114], [55.342046, 25.2608029], [55.3425238, 25.2605466]]]}}, {"type": "Feature", "properties": {"aeroway": "apron", "ref": "C51", "name": null, "surface": null, "id": 1179679427}, "geometry": {"type": "Polygon", "coordinates": [[[55.3417516, 25.2608152], [55.3412951, 25.26061], [55.3412647, 25.260462], [55.3411378, 25.2604792], [55.3411429, 25.2605802], [55.3409234, 25.2606353], [55.3407711, 25.2609233], [55.3409957, 25.2612491], [55.3410388, 25.2612709], [55.3410934, 25.261287], [55.3411365, 25.261295], [55.3411809, 25.2612939], [55.3412215, 25.2612916], [55.3412609, 25.2612755], [55.3417189, 25.2610128], [55.341743, 25.2609955], [55.3417696, 25.2609554], [55.3417747, 25.2609175], [55.3417836, 25.2608647], [55.3417684, 25.2608338], [55.3417516, 25.2608152]]]}}, {"type": "Feature", "properties": {"aeroway": "apron", "ref": "C50", "name": null, "surface": null, "id": 1179679428}, "geometry": {"type": "Polygon", "coordinates": [[[55.3406268, 25.2607234], [55.3409235, 25.2605584], [55.3409947, 25.2601992], [55.3411221, 25.2601322], [55.3411488, 25.2600893], [55.3411307, 25.2600362], [55.3410716, 25.2600319], [55.3409295, 25.260092], [55.3405827, 25.2600143], [55.3402649, 25.260191], [55.3406268, 25.2607234]]]}}, {"type": "Feature", "properties": {"aeroway": "apron", "ref": "C49", "name": null, "surface": null, "id": 1179679429}, "geometry": {"type": "Polygon", "coordinates": [[[55.3407702, 25.2595566], [55.340639, 25.2596364], [55.3405471, 25.2599741], [55.340235, 25.2601464], [55.339867, 25.2596014], [55.3402047, 25.2594221], [55.3405531, 25.2595345], [55.3406914, 25.2594505], [55.3407702, 25.2595566]]]}}, {"type": "Feature", "properties": {"aeroway": "apron", "ref": "C48", "name": null, "surface": null, "id": 1179679430}, "geometry": {"type": "Polygon", "coordinates": [[[55.339867, 25.2596014], [55.3402047, 25.2594221], [55.3402596, 25.2592263], [55.3403575, 25.2591727], [55.3402804, 25.2590735], [55.3401885, 25.2591217], [55.339971, 25.2590555], [55.3397669, 25.2591711], [55.3397405, 25.259202], [55.3397215, 25.2592272], [55.3397096, 25.2592747], [55.3397085, 25.2593185], [55.339725, 25.2593713], [55.3397568, 25.2594193], [55.339867, 25.2596014]]]}}, {"type": "Feature", "properties": {"aeroway": "apron", "ref": "C47", "name": null, "surface": null, "id": 1179679431}, "geometry": {"type": "Polygon", "coordinates": [[[55.3387048, 25.2610651], [55.338774, 25.2611738], [55.3389637, 25.2610616], [55.3393088, 25.2611636], [55.3396353, 25.2609665], [55.3392821, 25.2604406], [55.3389698, 25.2606082], [55.3388912, 25.2609649], [55.3387048, 25.2610651]]]}}, {"type": "Feature", "properties": {"aeroway": "apron", "ref": "C35", "name": null, "surface": null, "id": 1179679432}, "geometry": {"type": "Polygon", "coordinates": [[[55.3425415, 25.2635278], [55.3427726, 25.2638701], [55.3426718, 25.2641087], [55.3427764, 25.2642608], [55.342593, 25.2643623], [55.342494, 25.2642186], [55.3422036, 25.264181], [55.3419744, 25.2638413], [55.3425415, 25.2635278]]]}}, {"type": "Feature", "properties": {"aeroway": "apron", "ref": "C34", "name": null, "surface": null, "id": 1179679433}, "geometry": {"type": "Polygon", "coordinates": [[[55.3421537, 25.2646054], [55.3420497, 25.2644515], [55.3421564, 25.2642075], [55.3419252, 25.2638685], [55.341354, 25.2641843], [55.3415874, 25.2645265], [55.3418689, 25.2645587], [55.3419693, 25.2647074], [55.3421537, 25.2646054]]]}}, {"type": "Feature", "properties": {"aeroway": "apron", "ref": "C33", "name": null, "surface": null, "id": 1179679434}, "geometry": {"type": "Polygon", "coordinates": [[[55.3413528, 25.2650485], [55.3415421, 25.2649437], [55.3414377, 25.264789], [55.3415326, 25.2645397], [55.3413126, 25.2642072], [55.3407359, 25.264526], [55.3409576, 25.2648614], [55.341248, 25.2648935], [55.3413528, 25.2650485]]]}}, {"type": "Feature", "properties": {"aeroway": "apron", "ref": "C32", "name": null, "surface": null, "id": 1179679435}, "geometry": {"type": "Polygon", "coordinates": [[[55.3406911, 25.2645508], [55.3409144, 25.264895], [55.3408136, 25.2651416], [55.3409187, 25.2652887], [55.3407398, 25.2653877], [55.3406328, 25.2652381], [55.3403453, 25.2652113], [55.3401271, 25.2648626], [55.3406911, 25.2645508]]]}}, {"type": "Feature", "properties": {"aeroway": "apron", "ref": "C31", "name": null, "surface": null, "id": 1179679436}, "geometry": {"type": "Polygon", "coordinates": [[[55.3400811, 25.264888], [55.340308, 25.2652217], [55.3401749, 25.2654754], [55.340291, 25.265636], [55.3401606, 25.2657082], [55.3400445, 25.2655478], [55.3396859, 25.2655371], [55.3395063, 25.2652696], [55.3395321, 25.2652297], [55.3395932, 25.2651609], [55.3396626, 25.2651072], [55.3400811, 25.264888]]]}}, {"type": "Feature", "properties": {"aeroway": "apron", "ref": "C36", "name": null, "surface": null, "id": 1179679437}, "geometry": {"type": "Polygon", "coordinates": [[[55.3432017, 25.2640255], [55.3431042, 25.2638855], [55.3428143, 25.2638487], [55.3425832, 25.2635048], [55.3432066, 25.2631601], [55.3434122, 25.2634595], [55.3432854, 25.263779], [55.343386, 25.2639235], [55.3432017, 25.2640255]]]}}, {"type": "Feature", "properties": {"aeroway": "apron", "ref": "C27", "name": null, "surface": null, "id": 1179679438}, "geometry": {"type": "Polygon", "coordinates": [[[55.3433414, 25.2649942], [55.3431083, 25.2646396], [55.3432482, 25.2643308], [55.3431439, 25.2641786], [55.3433327, 25.2640739], [55.3434326, 25.2642197], [55.3438832, 25.2642629], [55.3440912, 25.2645795], [55.3433414, 25.2649942]]]}}, {"type": "Feature", "properties": {"aeroway": "apron", "ref": "E1", "name": null, "surface": null, "id": 1179679439}, "geometry": {"type": "Polygon", "coordinates": [[[55.3509526, 25.2678577], [55.3511848, 25.2681953], [55.3514653, 25.2682092], [55.3516197, 25.2684335], [55.3517987, 25.2683336], [55.351648, 25.2680975], [55.3517586, 25.2678765], [55.3515244, 25.267536], [55.3509526, 25.2678577]]]}}, {"type": "Feature", "properties": {"aeroway": "apron", "ref": "E2", "name": null, "surface": null, "id": 1179679440}, "geometry": {"type": "Polygon", "coordinates": [[[55.3522418, 25.2680865], [55.352088, 25.2678649], [55.3518024, 25.2678602], [55.3515657, 25.2675087], [55.3521398, 25.2671926], [55.3523684, 25.2675321], [55.35225, 25.2677671], [55.3524075, 25.267994], [55.3522418, 25.2680865]]]}}, {"type": "Feature", "properties": {"aeroway": "apron", "ref": "C24", "name": null, "surface": null, "id": 1180199426}, "geometry": {"type": "Polygon", "coordinates": [[[55.3411091, 25.2653071], [55.3412064, 25.2654543], [55.3415784, 25.2654828], [55.3418215, 25.2658348], [55.3410607, 25.2662555], [55.3408448, 25.2659431], [55.3410203, 25.2655527], [55.3409255, 25.265409], [55.3411091, 25.2653071]]]}}, {"type": "Feature", "properties": {"aeroway": "apron", "ref": "C25", "name": null, "surface": null, "id": 1180199427}, "geometry": {"type": "Polygon", "coordinates": [[[55.3416699, 25.2649961], [55.3418494, 25.2648965], [55.3419459, 25.2650404], [55.3423115, 25.2650652], [55.3425568, 25.2654282], [55.3418676, 25.2658093], [55.3416229, 25.265451], [55.3417661, 25.2651396], [55.3416699, 25.2649961]]]}}, {"type": "Feature", "properties": {"aeroway": "apron", "ref": "C26", "name": null, "surface": null, "id": 1180199428}, "geometry": {"type": "Polygon", "coordinates": [[[55.3426075, 25.2654001], [55.3423657, 25.2650422], [55.3425059, 25.2647363], [55.3424073, 25.2645871], [55.3425891, 25.2644863], [55.3426795, 25.2646233], [55.3430574, 25.2646619], [55.3432982, 25.2650181], [55.3426075, 25.2654001]]]}}, {"type": "Feature", "properties": {"aeroway": "apron", "ref": "C28", "name": null, "surface": null, "id": 1180199429}, "geometry": {"type": "Polygon", "coordinates": [[[55.3443548, 25.2638075], [55.3441627, 25.2635203], [55.3442788, 25.2631976], [55.3441761, 25.2630421], [55.3443578, 25.2629439], [55.344452, 25.2630867], [55.3447506, 25.2631181], [55.3449779, 25.2634623], [55.3443548, 25.2638075]]]}}, {"type": "Feature", "properties": {"aeroway": "apron", "ref": "C29", "name": null, "surface": null, "id": 1180199430}, "geometry": {"type": "Polygon", "coordinates": [[[55.3447972, 25.2626998], [55.3449688, 25.2626085], [55.3450625, 25.2627527], [55.3453644, 25.2627812], [55.3455905, 25.2631231], [55.3450148, 25.2634419], [55.3447923, 25.263105], [55.3448976, 25.2628543], [55.3447972, 25.2626998]]]}}, {"type": "Feature", "properties": {"aeroway": "apron", "ref": "C30", "name": null, "surface": null, "id": 1180199431}, "geometry": {"type": "Polygon", "coordinates": [[[55.3456357, 25.263098], [55.3454065, 25.2627549], [55.345511, 25.2625188], [55.345407, 25.2623656], [55.345577, 25.2622712], [55.3456701, 25.2624084], [55.3459754, 25.2624333], [55.3462104, 25.2627797], [55.3456357, 25.263098]]]}}, {"type": "Feature", "properties": {"aeroway": "apron", "ref": "C46", "name": null, "surface": null, "id": 1200957907}, "geometry": {"type": "Polygon", "coordinates": [[[55.3390741, 25.2616259], [55.3391456, 25.2617336], [55.3393418, 25.2616187], [55.3396895, 25.2617241], [55.3400169, 25.2615346], [55.3396683, 25.2610156], [55.3393341, 25.2612103], [55.3392667, 25.2615154], [55.3390741, 25.2616259]]]}}, {"type": "Feature", "properties": {"aeroway": "apron", "ref": "C45", "name": null, "surface": null, "id": 1200957908}, "geometry": {"type": "Polygon", "coordinates": [[[55.3395171, 25.2622933], [55.339733, 25.2621781], [55.3400499, 25.2622776], [55.3403901, 25.2620901], [55.3400476, 25.2615802], [55.3397123, 25.2617627], [55.3396451, 25.2620782], [55.3394474, 25.2621882], [55.3395171, 25.2622933]]]}}, {"type": "Feature", "properties": {"aeroway": "apron", "ref": "C44", "name": null, "surface": null, "id": 1200957909}, "geometry": {"type": "Polygon", "coordinates": [[[55.3398942, 25.2628544], [55.3401043, 25.2627419], [55.3404656, 25.262849], [55.3407803, 25.2626712], [55.3404224, 25.2621383], [55.3400814, 25.2623263], [55.3400283, 25.2626324], [55.339822, 25.2627421], [55.3398942, 25.2628544]]]}}, {"type": "Feature", "properties": {"aeroway": "apron", "ref": "C43", "name": null, "surface": null, "id": 1200957910}, "geometry": {"type": "Polygon", "coordinates": [[[55.3410267, 25.2631983], [55.3410336, 25.2631442], [55.3410339, 25.2630905], [55.341028, 25.2630553], [55.3410145, 25.2630197], [55.3407803, 25.2626712], [55.3404656, 25.262849], [55.3403984, 25.2631901], [55.3401478, 25.2633256], [55.340222, 25.2634367], [55.3404762, 25.2633029], [55.3407186, 25.2633697], [55.3410267, 25.2631983]]]}}, {"type": "Feature", "properties": {"aeroway": "apron", "ref": "C42", "name": null, "surface": null, "id": 1200957911}, "geometry": {"type": "Polygon", "coordinates": [[[55.3395084, 25.2633668], [55.3393958, 25.2636936], [55.3395857, 25.2639631], [55.3400592, 25.2637045], [55.3400857, 25.2636694], [55.3401048, 25.2636306], [55.340116, 25.2635892], [55.3401187, 25.2635467], [55.340113, 25.2635044], [55.3400989, 25.2634637], [55.3400254, 25.2633516], [55.3396401, 25.2632934], [55.3395405, 25.2631439], [55.3394174, 25.2632123], [55.3395084, 25.2633668]]]}}, {"type": "Feature", "properties": {"aeroway": "apron", "ref": "C41", "name": null, "surface": null, "id": 1200957912}, "geometry": {"type": "Polygon", "coordinates": [[[55.3388622, 25.2637278], [55.3387272, 25.2640296], [55.3388726, 25.2642473], [55.3388906, 25.2642647], [55.3389131, 25.2642791], [55.3389412, 25.2642895], [55.3389716, 25.2642937], [55.3390025, 25.2642913], [55.3395857, 25.2639631], [55.3393958, 25.2636936], [55.3389763, 25.2636613], [55.3388804, 25.263511], [55.3387633, 25.2635761], [55.3388622, 25.2637278]]]}}, {"type": "Feature", "properties": {"aeroway": "apron", "ref": "C37", "name": null, "surface": null, "id": 1200957913}, "geometry": {"type": "Polygon", "coordinates": [[[55.3438595, 25.263091], [55.3440373, 25.2629927], [55.3439335, 25.2628419], [55.3440355, 25.2625945], [55.3438092, 25.2622612], [55.3432665, 25.2625624], [55.3432483, 25.2625785], [55.3432351, 25.2625981], [55.3432276, 25.2626201], [55.3432266, 25.2626456], [55.3432333, 25.2626704], [55.3433876, 25.2629002], [55.3437588, 25.2629423], [55.3438595, 25.263091]]]}}, {"type": "Feature", "properties": {"aeroway": "apron", "ref": "C38", "name": null, "surface": null, "id": 1200957914}, "geometry": {"type": "Polygon", "coordinates": [[[55.3446485, 25.2626548], [55.3445509, 25.2625126], [55.3446516, 25.2622505], [55.3444212, 25.2619215], [55.3438528, 25.262237], [55.3440801, 25.2625721], [55.34437, 25.2626074], [55.3444662, 25.2627556], [55.3446485, 25.2626548]]]}}, {"type": "Feature", "properties": {"aeroway": "apron", "ref": "C39", "name": null, "surface": null, "id": 1200957915}, "geometry": {"type": "Polygon", "coordinates": [[[55.3452625, 25.2623153], [55.3451616, 25.262157], [55.3452582, 25.2619134], [55.3450314, 25.2615829], [55.3444629, 25.2618984], [55.3446954, 25.262233], [55.3449765, 25.2622573], [55.3450817, 25.2624152], [55.3452625, 25.2623153]]]}}, {"type": "Feature", "properties": {"aeroway": "apron", "ref": "C40", "name": null, "surface": null, "id": 1200957916}, "geometry": {"type": "Polygon", "coordinates": [[[55.3458695, 25.2619798], [55.345777, 25.2618311], [55.3459004, 25.2615057], [55.3456942, 25.261215], [55.3450745, 25.2615589], [55.345298, 25.2618943], [55.3455797, 25.261924], [55.3456941, 25.2620767], [55.3458695, 25.2619798]]]}}, {"type": "Feature", "properties": {"aeroway": "apron", "ref": "C18", "name": null, "surface": null, "id": 1200957917}, "geometry": {"type": "Polygon", "coordinates": [[[55.3418485, 25.2674342], [55.3420179, 25.2674658], [55.3420896, 25.2675587], [55.3422007, 25.2674971], [55.3421368, 25.2674048], [55.3421828, 25.2672372], [55.3420428, 25.2670411], [55.3417121, 25.267225], [55.3418485, 25.2674342]]]}}, {"type": "Feature", "properties": {"aeroway": "apron", "ref": "C19", "name": null, "surface": null, "id": 1200957918}, "geometry": {"type": "Polygon", "coordinates": [[[55.3425734, 25.2672903], [55.3425095, 25.2671917], [55.3425517, 25.267036], [55.3424166, 25.2668332], [55.3420697, 25.2670261], [55.3422054, 25.2672218], [55.3423982, 25.2672537], [55.3424669, 25.2673494], [55.3425734, 25.2672903]]]}}, {"type": "Feature", "properties": {"aeroway": "apron", "ref": "C20", "name": null, "surface": null, "id": 1200957919}, "geometry": {"type": "Polygon", "coordinates": [[[55.3429345, 25.2670899], [55.3428733, 25.2669933], [55.3429215, 25.2668345], [55.342785, 25.2666284], [55.3424414, 25.2668194], [55.3425782, 25.2670245], [55.3427651, 25.2670562], [55.34283, 25.2671479], [55.3429345, 25.2670899]]]}}, {"type": "Feature", "properties": {"aeroway": "apron", "ref": "C21", "name": null, "surface": null, "id": 1200957920}, "geometry": {"type": "Polygon", "coordinates": [[[55.3433036, 25.2668851], [55.3432397, 25.2667913], [55.34329, 25.2666318], [55.3431515, 25.2664245], [55.3428191, 25.2666094], [55.3429558, 25.2668145], [55.3431283, 25.2668511], [55.3431923, 25.2669468], [55.3433036, 25.2668851]]]}}, {"type": "Feature", "properties": {"aeroway": "apron", "ref": "C22", "name": null, "surface": null, "id": 1200957921}, "geometry": {"type": "Polygon", "coordinates": [[[55.343672, 25.2666807], [55.3436124, 25.2665866], [55.3436567, 25.2664297], [55.3435201, 25.2662196], [55.3431889, 25.2664037], [55.3433245, 25.2666116], [55.343498, 25.2666517], [55.3435601, 25.2667428], [55.343672, 25.2666807]]]}}, {"type": "Feature", "properties": {"aeroway": "apron", "ref": "C23", "name": null, "surface": null, "id": 1200957922}, "geometry": {"type": "Polygon", "coordinates": [[[55.3440415, 25.2664756], [55.343969, 25.2663625], [55.3440321, 25.266172], [55.3439104, 25.2660025], [55.3435622, 25.2661961], [55.3437009, 25.2664044], [55.3438665, 25.2664347], [55.343934, 25.2665353], [55.3440415, 25.2664756]]]}}, {"type": "Feature", "properties": {"aeroway": "apron", "ref": "E3", "name": null, "surface": null, "id": 1200957923}, "geometry": {"type": "Polygon", "coordinates": [[[55.3530334, 25.2676448], [55.3528501, 25.2677471], [55.3526986, 25.2675232], [55.3524258, 25.2675205], [55.3521856, 25.2671672], [55.3527562, 25.2668508], [55.3529925, 25.2671882], [55.352882, 25.2674232], [55.3530334, 25.2676448]]]}}, {"type": "Feature", "properties": {"aeroway": "apron", "ref": "E4", "name": null, "surface": null, "id": 1200957924}, "geometry": {"type": "Polygon", "coordinates": [[[55.3534932, 25.2671533], [55.3534442, 25.2670751], [55.3535348, 25.2669268], [55.3535149, 25.2668974], [55.3533386, 25.2666381], [55.3530728, 25.2667853], [55.3530355, 25.2668471], [55.3530206, 25.2669066], [55.3530231, 25.2669639], [55.3530454, 25.2670122], [55.3531361, 25.2671391], [55.3533349, 25.2671403], [55.3533808, 25.2672065], [55.3534932, 25.2671533]]]}}, {"type": "Feature", "properties": {"aeroway": "apron", "ref": "E5", "name": null, "surface": null, "id": 1200957925}, "geometry": {"type": "Polygon", "coordinates": [[[55.3538726, 25.2669345], [55.3538081, 25.266837], [55.3538913, 25.2666819], [55.3537224, 25.2664281], [55.3533386, 25.2666381], [55.3535149, 25.2668974], [55.3537013, 25.2668987], [55.3537659, 25.2669942], [55.3538726, 25.2669345]]]}}, {"type": "Feature", "properties": {"aeroway": "apron", "ref": "E6", "name": null, "surface": null, "id": 1200957926}, "geometry": {"type": "Polygon", "coordinates": [[[55.3543871, 25.2666467], [55.3543137, 25.2665191], [55.3544044, 25.2663843], [55.3542392, 25.2661349], [55.3538591, 25.2663449], [55.3540218, 25.2665909], [55.3541994, 25.2665808], [55.354287, 25.2667027], [55.3543871, 25.2666467]]]}}, {"type": "Feature", "properties": {"aeroway": "apron", "ref": "E7L", "name": null, "surface": null, "id": 1200957927}, "geometry": {"type": "Polygon", "coordinates": [[[55.3547734, 25.2664281], [55.3547087, 25.2663258], [55.3547932, 25.2661821], [55.3546217, 25.2659237], [55.3542392, 25.2661349], [55.3544044, 25.2663843], [55.3546006, 25.2663865], [55.3546642, 25.2664917], [55.3547734, 25.2664281]]]}}, {"type": "Feature", "properties": {"aeroway": "apron", "ref": "E7R", "name": null, "surface": null, "id": 1200957928}, "geometry": {"type": "Polygon", "coordinates": [[[55.3550475, 25.2662753], [55.3551505, 25.266218], [55.3550913, 25.2661169], [55.3551894, 25.2659731], [55.3550329, 25.265744], [55.3549397, 25.2657496], [55.3546217, 25.2659237], [55.3547932, 25.2661821], [55.3549782, 25.2661753], [55.3550475, 25.2662753]]]}}, {"type": "Feature", "properties": {"aeroway": "apron", "ref": "E8", "name": null, "surface": null, "id": 1200957929}, "geometry": {"type": "Polygon", "coordinates": [[[55.35559, 25.2659729], [55.3556944, 25.2659147], [55.355639, 25.2658251], [55.3557019, 25.2656386], [55.3555542, 25.2654137], [55.3552733, 25.2655711], [55.3552294, 25.2656372], [55.355225, 25.2657206], [55.3552514, 25.2657722], [55.3553552, 25.2659256], [55.3554079, 25.2659666], [55.3554606, 25.2659918], [55.3555308, 25.2659931], [55.35559, 25.2659729]]]}}, {"type": "Feature", "properties": {"aeroway": "apron", "ref": "E9L", "name": null, "surface": null, "id": 1200957930}, "geometry": {"type": "Polygon", "coordinates": [[[55.355974, 25.2657589], [55.3560735, 25.2657034], [55.356015, 25.2655949], [55.3560808, 25.2654243], [55.3559316, 25.265202], [55.3555542, 25.2654137], [55.3557019, 25.2656386], [55.355917, 25.265665], [55.355974, 25.2657589]]]}}, {"type": "Feature", "properties": {"aeroway": "apron", "ref": "E9R", "name": null, "surface": null, "id": 1200957931}, "geometry": {"type": "Polygon", "coordinates": [[[55.3563532, 25.2655491], [55.3564641, 25.265488], [55.3563982, 25.2653938], [55.356464, 25.265206], [55.3563148, 25.2649877], [55.3559316, 25.265202], [55.3560808, 25.2654243], [55.3562914, 25.2654547], [55.3563532, 25.2655491]]]}}, {"type": "Feature", "properties": {"aeroway": "apron", "ref": "E10L", "name": null, "surface": null, "id": 1200957932}, "geometry": {"type": "Polygon", "coordinates": [[[55.3567344, 25.2653389], [55.3568392, 25.2652811], [55.3567815, 25.2651848], [55.3568444, 25.2650036], [55.3566981, 25.2647747], [55.3563148, 25.2649877], [55.356464, 25.265206], [55.3566645, 25.2652298], [55.3567344, 25.2653389]]]}}, {"type": "Feature", "properties": {"aeroway": "apron", "ref": "E10R", "name": null, "surface": null, "id": 1200957933}, "geometry": {"type": "Polygon", "coordinates": [[[55.3571162, 25.2651284], [55.3572236, 25.2650691], [55.3571589, 25.2649732], [55.3572247, 25.2647853], [55.357077, 25.2645657], [55.3566981, 25.2647747], [55.3568444, 25.2650036], [55.357055, 25.2650353], [55.3571162, 25.2651284]]]}}, {"type": "Feature", "properties": {"aeroway": "apron", "ref": "E11L", "name": null, "surface": null, "id": 1200957934}, "geometry": {"type": "Polygon", "coordinates": [[[55.3574997, 25.2649197], [55.3576054, 25.2648626], [55.3575392, 25.2647641], [55.357608, 25.2645803], [55.3574588, 25.264358], [55.357077, 25.2645657], [55.3572247, 25.2647853], [55.3574368, 25.264821], [55.3574997, 25.2649197]]]}}, {"type": "Feature", "properties": {"aeroway": "apron", "ref": "E11R", "name": null, "surface": null, "id": 1200957935}, "geometry": {"type": "Polygon", "coordinates": [[[55.3578818, 25.264713], [55.3579838, 25.2646561], [55.357921, 25.2645525], [55.3579839, 25.2643699], [55.3578376, 25.2641516], [55.3574588, 25.264358], [55.357608, 25.2645803], [55.3578215, 25.2646133], [55.3578818, 25.264713]]]}}, {"type": "Feature", "properties": {"aeroway": "apron", "ref": "E12L", "name": null, "surface": null, "id": 1200957936}, "geometry": {"type": "Polygon", "coordinates": [[[55.3582612, 25.2645012], [55.3583657, 25.2644443], [55.3583013, 25.2643408], [55.3583657, 25.2641543], [55.358218, 25.2639413], [55.3578376, 25.2641516], [55.3579839, 25.2643699], [55.3581989, 25.2644004], [55.3582612, 25.2645012]]]}}, {"type": "Feature", "properties": {"aeroway": "apron", "ref": "E12R", "name": null, "surface": null, "id": 1200957937}, "geometry": {"type": "Polygon", "coordinates": [[[55.3586457, 25.2642918], [55.3587483, 25.2642359], [55.3586817, 25.2641278], [55.3587489, 25.2639492], [55.3585997, 25.2637296], [55.358218, 25.2639413], [55.3583657, 25.2641543], [55.3585749, 25.2641874], [55.3586457, 25.2642918]]]}}, {"type": "Feature", "properties": {"aeroway": "apron", "ref": "E13", "name": null, "surface": null, "id": 1200957938}, "geometry": {"type": "Polygon", "coordinates": [[[55.3590275, 25.2640838], [55.3591224, 25.2640321], [55.3590649, 25.2639241], [55.3591293, 25.2637363], [55.3590035, 25.2635511], [55.3589201, 25.2635524], [55.3585997, 25.2637296], [55.3587489, 25.2639492], [55.3589596, 25.263977], [55.3590275, 25.2640838]]]}}, {"type": "Feature", "properties": {"aeroway": "apron", "ref": "E14", "name": null, "surface": null, "id": 1200966940}, "geometry": {"type": "Polygon", "coordinates": [[[55.3597116, 25.2638362], [55.3598973, 25.2637332], [55.3598308, 25.2636246], [55.359893, 25.2633622], [55.3596641, 25.26302], [55.3591067, 25.2633291], [55.3593402, 25.2636731], [55.3596408, 25.2637293], [55.3597116, 25.2638362]]]}}, {"type": "Feature", "properties": {"aeroway": "apron", "ref": "E15", "name": null, "surface": null, "id": 1200966941}, "geometry": {"type": "Polygon", "coordinates": [[[55.3603307, 25.2634929], [55.3603776, 25.2634669], [55.3605148, 25.263395], [55.360444, 25.2632857], [55.3605165, 25.2629998], [55.3602926, 25.2626714], [55.3597276, 25.2629848], [55.3599551, 25.2633247], [55.3602609, 25.2633888], [55.3603307, 25.2634929]]]}}, {"type": "Feature", "properties": {"aeroway": "apron", "ref": "E16", "name": null, "surface": null, "id": 1200966942}, "geometry": {"type": "Polygon", "coordinates": [[[55.3609431, 25.2631529], [55.3611262, 25.2630529], [55.3610537, 25.2629467], [55.3611297, 25.2626812], [55.3608922, 25.2623389], [55.3603654, 25.2626311], [55.360596, 25.2629889], [55.3608689, 25.263042], [55.3609431, 25.2631529]]]}}, {"type": "Feature", "properties": {"aeroway": "apron", "ref": "E17", "name": null, "surface": null, "id": 1200966943}, "geometry": {"type": "Polygon", "coordinates": [[[55.3615581, 25.2628092], [55.3617481, 25.2627077], [55.3616738, 25.2626015], [55.361755, 25.2623203], [55.361518, 25.2619919], [55.3609533, 25.2623051], [55.3611746, 25.262639], [55.3614924, 25.2626999], [55.3615581, 25.2628092]]]}}, {"type": "Feature", "properties": {"aeroway": "apron", "ref": "E18", "name": null, "surface": null, "id": 1200966944}, "geometry": {"type": "Polygon", "coordinates": [[[55.3622593, 25.2624781], [55.3624459, 25.2623797], [55.3623543, 25.2622406], [55.3624787, 25.2619189], [55.3622574, 25.2615819], [55.3615748, 25.2619604], [55.3617895, 25.2622859], [55.3621643, 25.2623359], [55.3622593, 25.2624781]]]}}, {"type": "Feature", "properties": {"aeroway": "apron", "ref": "E19", "name": null, "surface": null, "id": 1200966945}, "geometry": {"type": "Polygon", "coordinates": [[[55.363002, 25.2620719], [55.3631903, 25.2619704], [55.3630988, 25.2618298], [55.3632162, 25.2615002], [55.3630014, 25.2611692], [55.3623124, 25.2615513], [55.362527, 25.2618798], [55.3629157, 25.2619376], [55.363002, 25.2620719]]]}}, {"type": "Feature", "properties": {"aeroway": "apron", "ref": "E20", "name": null, "surface": null, "id": 1200966946}, "geometry": {"type": "Polygon", "coordinates": [[[55.3637465, 25.2616611], [55.363933, 25.2615596], [55.363838, 25.2614159], [55.3639641, 25.2610863], [55.3637451, 25.2607568], [55.363057, 25.2611384], [55.3632698, 25.261469], [55.363648, 25.2615174], [55.3637465, 25.2616611]]]}}, {"type": "Feature", "properties": {"aeroway": "apron", "ref": "E29", "name": null, "surface": null, "id": 1200966947}, "geometry": {"type": "Polygon", "coordinates": [[[55.3693126, 25.258416], [55.3694293, 25.258353], [55.369353, 25.2582413], [55.369454, 25.2580992], [55.369331, 25.2579166], [55.369216, 25.2577459], [55.3688186, 25.2579611], [55.3690023, 25.2582427], [55.3690544, 25.2583226], [55.3692362, 25.2583063], [55.3693126, 25.258416]]]}}, {"type": "Feature", "properties": {"aeroway": "apron", "ref": "E28L-E28R", "name": null, "surface": null, "id": 1200966948}, "geometry": {"type": "Polygon", "coordinates": [[[55.368745, 25.2588616], [55.368932, 25.2587574], [55.3688451, 25.2586344], [55.3690023, 25.2582427], [55.3688186, 25.2579611], [55.3680522, 25.2583679], [55.3683219, 25.2587796], [55.3686657, 25.258742], [55.368745, 25.2588616]]]}}, {"type": "Feature", "properties": {"aeroway": "apron", "ref": "E30", "name": null, "surface": null, "id": 1200966949}, "geometry": {"type": "Polygon", "coordinates": [[[55.3695723, 25.2582825], [55.3697121, 25.258303], [55.3700898, 25.2580911], [55.3696856, 25.257483], [55.369216, 25.2577459], [55.369331, 25.2579166], [55.369454, 25.2580992], [55.3695723, 25.2582825]]]}}, {"type": "Feature", "properties": {"aeroway": "apron", "ref": "E31", "name": null, "surface": null, "id": 1200966950}, "geometry": {"type": "Polygon", "coordinates": [[[55.3701333, 25.2580638], [55.3704601, 25.2578827], [55.3700577, 25.2572797], [55.3697272, 25.2574591], [55.3701333, 25.2580638]]]}}, {"type": "Feature", "properties": {"aeroway": "apron", "ref": "E32", "name": null, "surface": null, "id": 1200966951}, "geometry": {"type": "Polygon", "coordinates": [[[55.3707698, 25.257717], [55.3703656, 25.2571055], [55.3700577, 25.2572797], [55.3704601, 25.2578827], [55.3707698, 25.257717]]]}}, {"type": "Feature", "properties": {"aeroway": "apron", "ref": "E36", "name": null, "surface": null, "id": 1200966952}, "geometry": {"type": "Polygon", "coordinates": [[[55.3717615, 25.2571567], [55.3722563, 25.2568885], [55.3718559, 25.2562804], [55.3713554, 25.256552], [55.3717615, 25.2571567]]]}}, {"type": "Feature", "properties": {"aeroway": "apron", "ref": "E33- E34- E35", "name": null, "surface": null, "id": 1200966953}, "geometry": {"type": "Polygon", "coordinates": [[[55.3716991, 25.2571977], [55.3712987, 25.2565862], [55.3703807, 25.2570935], [55.3707944, 25.2577051], [55.3716991, 25.2571977]]]}}, {"type": "Feature", "properties": {"aeroway": "apron", "ref": "E37 - E38", "name": null, "surface": null, "id": 1200966954}, "geometry": {"type": "Polygon", "coordinates": [[[55.3723017, 25.2568561], [55.3729722, 25.2564854], [55.3725642, 25.2558858], [55.3718975, 25.2562531], [55.3723017, 25.2568561]]]}}, {"type": "Feature", "properties": {"aeroway": "apron", "ref": "E44L -- E44 -- E44R", "name": null, "surface": null, "id": 1200966955}, "geometry": {"type": "Polygon", "coordinates": [[[55.3734069, 25.256275], [55.3735407, 25.2562052], [55.3734178, 25.2560206], [55.3734878, 25.2559849], [55.3735502, 25.2560771], [55.3736578, 25.256019], [55.3735766, 25.2558977], [55.3736711, 25.2557474], [55.3734406, 25.255404], [55.37267, 25.2558294], [55.3729061, 25.2561745], [55.3730928, 25.2561676], [55.3731706, 25.2562805], [55.3732706, 25.2562257], [55.3732102, 25.2561352], [55.3732858, 25.2560943], [55.3734069, 25.256275]]]}}, {"type": "Feature", "properties": {"aeroway": "apron", "ref": "C62", "name": null, "surface": null, "id": 1200966956}, "geometry": {"type": "Polygon", "coordinates": [[[55.3478206, 25.2566636], [55.347752, 25.2565568], [55.3479, 25.2564831], [55.3479365, 25.2561823], [55.3483034, 25.2559766], [55.3486382, 25.2564812], [55.3482584, 25.2566927], [55.3479644, 25.2565859], [55.3478206, 25.2566636]]]}}, {"type": "Feature", "properties": {"aeroway": "apron", "ref": "C63", "name": null, "surface": null, "id": 1200966957}, "geometry": {"type": "Polygon", "coordinates": [[[55.3482691, 25.2559358], [55.3479, 25.2561299], [55.3476018, 25.2560193], [55.3474494, 25.2561144], [55.3473657, 25.2559999], [55.3475245, 25.2559125], [55.3475653, 25.2556117], [55.3479215, 25.255408], [55.3482691, 25.2559358]]]}}, {"type": "Feature", "properties": {"aeroway": "apron", "ref": "C64", "name": null, "surface": null, "id": 1200966958}, "geometry": {"type": "Polygon", "coordinates": [[[55.347243, 25.2550239], [55.3471812, 25.2553595], [55.3469763, 25.2554768], [55.347041, 25.2555782], [55.3472499, 25.2554584], [55.3475546, 25.2555632], [55.3478872, 25.255375], [55.3475888, 25.2549226], [55.3475575, 25.2548836], [55.3475201, 25.2548655], [55.347243, 25.2550239]]]}}, {"type": "Feature", "properties": {"aeroway": "apron", "ref": "B1", "name": null, "surface": null, "id": 1200966959}, "geometry": {"type": "Polygon", "coordinates": [[[55.350304, 25.2542208], [55.3504224, 25.2541549], [55.3503205, 25.2540082], [55.3504192, 25.253657], [55.3502437, 25.2533874], [55.3496259, 25.2537312], [55.3498055, 25.2540063], [55.3502067, 25.2540703], [55.350304, 25.2542208]]]}}, {"type": "Feature", "properties": {"aeroway": "apron", "ref": "B2", "name": null, "surface": null, "id": 1200966960}, "geometry": {"type": "Polygon", "coordinates": [[[55.3509093, 25.2538841], [55.351029, 25.2538175], [55.3509299, 25.2536764], [55.351035, 25.2533193], [55.3508559, 25.2530468], [55.3502437, 25.2533874], [55.3504192, 25.253657], [55.3508226, 25.2537365], [55.3509093, 25.2538841]]]}}, {"type": "Feature", "properties": {"aeroway": "apron", "ref": "B3", "name": null, "surface": null, "id": 1200966961}, "geometry": {"type": "Polygon", "coordinates": [[[55.351525, 25.2535416], [55.3516397, 25.2534778], [55.3515478, 25.2533309], [55.3516423, 25.2529816], [55.351469, 25.2527057], [55.3508559, 25.2530468], [55.351035, 25.2533193], [55.3514405, 25.2533989], [55.351525, 25.2535416]]]}}, {"type": "Feature", "properties": {"aeroway": "apron", "ref": "B4", "name": null, "surface": null, "id": 1200966962}, "geometry": {"type": "Polygon", "coordinates": [[[55.3521312, 25.2531988], [55.3522472, 25.2531321], [55.3521644, 25.2529928], [55.3522653, 25.2526395], [55.3522387, 25.2526012], [55.3520786, 25.25237], [55.351469, 25.2527057], [55.3516423, 25.2529816], [55.3520464, 25.2530607], [55.3521312, 25.2531988]]]}}, {"type": "Feature", "properties": {"aeroway": "apron", "ref": "B5", "name": null, "surface": null, "id": 1200966963}, "geometry": {"type": "Polygon", "coordinates": [[[55.3527331, 25.2528297], [55.3528425, 25.2527676], [55.3527567, 25.2526337], [55.3528532, 25.2522417], [55.3526869, 25.2520085], [55.3520786, 25.25237], [55.3522387, 25.2526012], [55.3526387, 25.2526842], [55.3527331, 25.2528297]]]}}, {"type": "Feature", "properties": {"aeroway": "apron", "ref": "B6", "name": null, "surface": null, "id": 1200966964}, "geometry": {"type": "Polygon", "coordinates": [[[55.3534187, 25.2524581], [55.3535288, 25.2523948], [55.353439, 25.2522475], [55.3535377, 25.2518633], [55.3533614, 25.2516142], [55.3527453, 25.252002], [55.3528961, 25.2522203], [55.3533232, 25.2523077], [55.3534187, 25.2524581]]]}}, {"type": "Feature", "properties": {"aeroway": "apron", "ref": "B8", "name": null, "surface": null, "id": 1200966965}, "geometry": {"type": "Polygon", "coordinates": [[[55.3541742, 25.2520282], [55.3543044, 25.251956], [55.3542051, 25.2518139], [55.354381, 25.2514394], [55.354194, 25.2511522], [55.353507, 25.2515334], [55.3537051, 25.2518256], [55.3540742, 25.2518663], [55.3541742, 25.2520282]]]}}, {"type": "Feature", "properties": {"aeroway": "apron", "ref": "B9", "name": null, "surface": null, "id": 1200966966}, "geometry": {"type": "Polygon", "coordinates": [[[55.354923, 25.2516127], [55.3548252, 25.2514627], [55.354381, 25.2514394], [55.354194, 25.2511522], [55.3548762, 25.2507737], [55.3549408, 25.2507921], [55.3549969, 25.25083], [55.3551256, 25.2510279], [55.3549454, 25.2513967], [55.3550375, 25.2515491], [55.354923, 25.2516127]]]}}, {"type": "Feature", "properties": {"aeroway": "apron", "ref": "B10", "name": null, "surface": null, "id": 1200966967}, "geometry": {"type": "Polygon", "coordinates": [[[55.3557467, 25.2511556], [55.3558709, 25.2510867], [55.3557758, 25.2509367], [55.3559517, 25.250566], [55.355763, 25.2502816], [55.3550735, 25.2506642], [55.3550612, 25.2507232], [55.3550762, 25.2507853], [55.355205, 25.2509794], [55.3556363, 25.2510027], [55.3557467, 25.2511556]]]}}, {"type": "Feature", "properties": {"aeroway": "apron", "ref": "B11", "name": null, "surface": null, "id": 1200966968}, "geometry": {"type": "Polygon", "coordinates": [[[55.3564889, 25.2507437], [55.3566124, 25.2506752], [55.3565118, 25.2505214], [55.3566856, 25.2501527], [55.356508, 25.2498682], [55.355763, 25.2502816], [55.3559517, 25.250566], [55.3563895, 25.2505952], [55.3564889, 25.2507437]]]}}, {"type": "Feature", "properties": {"aeroway": "apron", "ref": "B17", "name": null, "surface": null, "id": 1200966969}, "geometry": {"type": "Polygon", "coordinates": [[[55.3596798, 25.2488873], [55.3598626, 25.24878], [55.3597712, 25.2486326], [55.3598463, 25.2483493], [55.3596534, 25.248074], [55.3590934, 25.2483955], [55.3592798, 25.2486734], [55.3595974, 25.2487452], [55.3596798, 25.2488873]]]}}, {"type": "Feature", "properties": {"aeroway": "apron", "ref": "B16", "name": null, "surface": null, "id": 1200966970}, "geometry": {"type": "Polygon", "coordinates": [[[55.3590631, 25.2492129], [55.3592433, 25.2491081], [55.3591639, 25.2489839], [55.3592347, 25.2486947], [55.3590432, 25.2484243], [55.3584723, 25.2487521], [55.3586575, 25.249015], [55.3589773, 25.2490809], [55.3590631, 25.2492129]]]}}, {"type": "Feature", "properties": {"aeroway": "apron", "ref": "B15", "name": null, "surface": null, "id": 1200966971}, "geometry": {"type": "Polygon", "coordinates": [[[55.3584451, 25.2495623], [55.3586275, 25.2494652], [55.3585417, 25.2493197], [55.3586232, 25.2490363], [55.3584325, 25.2487889], [55.3578709, 25.2490974], [55.3580417, 25.2493624], [55.3583636, 25.2494322], [55.3584451, 25.2495623]]]}}, {"type": "Feature", "properties": {"aeroway": "apron", "ref": "B14", "name": null, "surface": null, "id": 1200966972}, "geometry": {"type": "Polygon", "coordinates": [[[55.35784, 25.249931], [55.3580267, 25.2498165], [55.3579237, 25.2496729], [55.3579966, 25.2493837], [55.3578212, 25.249126], [55.3572414, 25.2494588], [55.3573915, 25.2496942], [55.3577391, 25.2497777], [55.35784, 25.249931]]]}}, {"type": "Feature", "properties": {"aeroway": "apron", "ref": "B12", "name": null, "surface": null, "id": 1200966973}, "geometry": {"type": "Polygon", "coordinates": [[[55.3572282, 25.2503255], [55.3573481, 25.2502552], [55.3572392, 25.2501018], [55.3574151, 25.2497389], [55.3572414, 25.2494588], [55.356508, 25.2498682], [55.3566856, 25.2501527], [55.3571169, 25.2501678], [55.3572282, 25.2503255]]]}}, {"type": "Feature", "properties": {"aeroway": "apron", "ref": "B18L", "name": null, "surface": null, "id": 1200966974}, "geometry": {"type": "Polygon", "coordinates": [[[55.3602861, 25.2485316], [55.3604677, 25.2484302], [55.3603956, 25.2483163], [55.3606123, 25.2480077], [55.360475, 25.2477127], [55.3603715, 25.2476617], [55.3596948, 25.2480502], [55.3598956, 25.2483299], [55.3602046, 25.2483997], [55.3602861, 25.2485316]]]}}, {"type": "Feature", "properties": {"aeroway": "apron", "ref": "B20", "name": null, "surface": null, "id": 1200966975}, "geometry": {"type": "Polygon", "coordinates": [[[55.3617162, 25.247742], [55.3618975, 25.2476421], [55.361814, 25.2475109], [55.3619041, 25.2471848], [55.3617049, 25.2469094], [55.361101, 25.2472501], [55.3612947, 25.2475361], [55.3616273, 25.247606], [55.3617162, 25.247742]]]}}, {"type": "Feature", "properties": {"aeroway": "apron", "ref": "B21L", "name": null, "surface": null, "id": 1200966976}, "geometry": {"type": "Polygon", "coordinates": [[[55.3624057, 25.247362], [55.3625901, 25.2472603], [55.3624856, 25.2471149], [55.3626615, 25.2467423], [55.3624693, 25.2464781], [55.3617474, 25.2468854], [55.3619363, 25.247177], [55.3621594, 25.2471848], [55.3623225, 25.2472217], [55.3624057, 25.247362]]]}}, {"type": "Feature", "properties": {"aeroway": "apron", "ref": "B22", "name": null, "surface": null, "id": 1200966977}, "geometry": {"type": "Polygon", "coordinates": [[[55.3631821, 25.246934], [55.3633683, 25.2468312], [55.3632768, 25.2466977], [55.3633476, 25.2464182], [55.3631436, 25.2460936], [55.3626374, 25.2463822], [55.3626009, 25.2465055], [55.3626266, 25.2465676], [55.3627232, 25.246719], [55.3630987, 25.2468063], [55.3631821, 25.246934]]]}}, {"type": "Feature", "properties": {"aeroway": "apron", "ref": "B23", "name": null, "surface": null, "id": 1200966978}, "geometry": {"type": "Polygon", "coordinates": [[[55.363802, 25.2465889], [55.3639889, 25.2464844], [55.3638938, 25.2463425], [55.3639711, 25.246063], [55.3637608, 25.2457622], [55.3631853, 25.2460698], [55.3633981, 25.2463891], [55.3637114, 25.2464492], [55.363802, 25.2465889]]]}}, {"type": "Feature", "properties": {"aeroway": "apron", "ref": "B24", "name": null, "surface": null, "id": 1200966979}, "geometry": {"type": "Polygon", "coordinates": [[[55.3644152, 25.2462462], [55.3645975, 25.2461444], [55.3645075, 25.2460067], [55.3645804, 25.2457156], [55.3643766, 25.2454109], [55.3637927, 25.2457235], [55.3640118, 25.2460378], [55.3643315, 25.2461135], [55.3644152, 25.2462462]]]}}, {"type": "Feature", "properties": {"aeroway": "apron", "ref": "B25", "name": null, "surface": null, "id": 1200966980}, "geometry": {"type": "Polygon", "coordinates": [[[55.3650281, 25.2459038], [55.365214, 25.2457999], [55.3651126, 25.245669], [55.3651941, 25.2453643], [55.3649876, 25.2450616], [55.3644152, 25.2453915], [55.3646255, 25.2457001], [55.3649474, 25.2457738], [55.3650281, 25.2459038]]]}}, {"type": "Feature", "properties": {"aeroway": "apron", "ref": "B26L", "name": null, "surface": null, "id": 1200966981}, "geometry": {"type": "Polygon", "coordinates": [[[55.365531, 25.2456829], [55.3655246, 25.2455215], [55.3652156, 25.2452673], [55.3651765, 25.2449849], [55.3654986, 25.244924], [55.3658205, 25.2449653], [55.3660941, 25.2450677], [55.3660267, 25.2452964], [55.3658786, 25.2453896], [55.3656812, 25.2455041], [55.3656748, 25.2456826], [55.365531, 25.2456829]]]}}, {"type": "Feature", "properties": {"aeroway": "apron", "ref": "B27", "name": null, "surface": null, "id": 1200966982}, "geometry": {"type": "Polygon", "coordinates": [[[55.3659221, 25.2461113], [55.3660803, 25.2459873], [55.366453, 25.2461074], [55.3667667, 25.2459293], [55.3663519, 25.2453186], [55.3662597, 25.2452288], [55.3659323, 25.2454885], [55.3659795, 25.2459], [55.3658554, 25.2460124], [55.3659221, 25.2461113]]]}}, {"type": "Feature", "properties": {"aeroway": "apron", "ref": "F27", "name": null, "surface": null, "id": 1200966983}, "geometry": {"type": "Polygon", "coordinates": [[[55.366079, 25.2464379], [55.3660482, 25.2463037], [55.3663676, 25.2462663], [55.366453, 25.2461074], [55.3667667, 25.2459293], [55.3671194, 25.2465216], [55.3671534, 25.2466169], [55.366722, 25.2466573], [55.3665256, 25.2466134], [55.3663588, 25.2464692], [55.3662088, 25.2464806], [55.366079, 25.2464379]]]}}, {"type": "Feature", "properties": {"aeroway": "apron", "ref": "F26L", "name": null, "surface": null, "id": 1200966984}, "geometry": {"type": "Polygon", "coordinates": [[[55.3659795, 25.2468684], [55.366134, 25.2469403], [55.3661726, 25.2473362], [55.3663547, 25.2474378], [55.3668142, 25.247278], [55.366988, 25.2471266], [55.3670596, 25.2469971], [55.3671509, 25.2468318], [55.3665138, 25.2466239], [55.366164, 25.246785], [55.3660567, 25.2467365], [55.3659795, 25.2468684]]]}}, {"type": "Feature", "properties": {"aeroway": "apron", "ref": "F25", "name": null, "surface": null, "id": 1200966985}, "geometry": {"type": "Polygon", "coordinates": [[[55.3653195, 25.2470391], [55.3653894, 25.247144], [55.36531, 25.2474449], [55.365569, 25.2478232], [55.3661088, 25.2475233], [55.3659076, 25.2471442], [55.3655503, 25.2470509], [55.3654894, 25.2469459], [55.3653195, 25.2470391]]]}}, {"type": "Feature", "properties": {"aeroway": "apron", "ref": "F24", "name": null, "surface": null, "id": 1200966986}, "geometry": {"type": "Polygon", "coordinates": [[[55.3646878, 25.2473855], [55.3647693, 25.2475011], [55.3647006, 25.2477826], [55.3649545, 25.2481667], [55.3655281, 25.2478457], [55.3652714, 25.2474643], [55.3649538, 25.2473886], [55.3648827, 25.2472786], [55.3646878, 25.2473855]]]}}, {"type": "Feature", "properties": {"aeroway": "apron", "ref": "F23", "name": null, "surface": null, "id": 1200966987}, "geometry": {"type": "Polygon", "coordinates": [[[55.3649011, 25.2481961], [55.3646548, 25.2478], [55.3643351, 25.2477302], [55.3642598, 25.2476202], [55.3640748, 25.2477216], [55.3641484, 25.2478466], [55.3640733, 25.2481338], [55.3643264, 25.2485122], [55.3649011, 25.2481961]]]}}, {"type": "Feature", "properties": {"aeroway": "apron", "ref": "F22", "name": null, "surface": null, "id": 1200966988}, "geometry": {"type": "Polygon", "coordinates": [[[55.363391, 25.2480949], [55.3634842, 25.2482309], [55.3633404, 25.2485433], [55.3635902, 25.2489198], [55.3642818, 25.2485367], [55.36404, 25.2481513], [55.3636709, 25.24813], [55.3635794, 25.2479933], [55.363391, 25.2480949]]]}}, {"type": "Feature", "properties": {"aeroway": "apron", "ref": "F21", "name": null, "surface": null, "id": 1200966989}, "geometry": {"type": "Polygon", "coordinates": [[[55.3627439, 25.2486462], [55.3626045, 25.2489548], [55.3628527, 25.2493284], [55.3635409, 25.248947], [55.3632997, 25.2485686], [55.3629285, 25.2485414], [55.3628362, 25.2483939], [55.3626487, 25.248495], [55.3627439, 25.2486462]]]}}, {"type": "Feature", "properties": {"aeroway": "apron", "ref": "F20", "name": null, "surface": null, "id": 1200966990}, "geometry": {"type": "Polygon", "coordinates": [[[55.362553, 25.24898], [55.3621968, 25.2489567], [55.3620908, 25.2487957], [55.3618958, 25.2489012], [55.3619972, 25.2490596], [55.361862, 25.2493526], [55.3621144, 25.2497389], [55.362808, 25.249353], [55.362553, 25.24898]]]}}, {"type": "Feature", "properties": {"aeroway": "apron", "ref": "F2", "name": null, "surface": null, "id": 1200966991}, "geometry": {"type": "Polygon", "coordinates": [[[55.3503129, 25.2546678], [55.3502468, 25.2545668], [55.3501917, 25.2545992], [55.3499288, 25.2545443], [55.3497422, 25.2546406], [55.3497358, 25.2547565], [55.3498938, 25.2549962], [55.3501304, 25.2548707], [55.350233, 25.2547127], [55.3503129, 25.2546678]]]}}, {"type": "Feature", "properties": {"aeroway": "apron", "ref": "D2", "name": null, "surface": null, "id": 1200968557}, "geometry": {"type": "Polygon", "coordinates": [[[55.3694291, 25.2440809], [55.369617, 25.2439792], [55.3695364, 25.2438694], [55.3696845, 25.2435531], [55.3694549, 25.2432134], [55.3686974, 25.2436404], [55.3689077, 25.2439451], [55.3693605, 25.2439762], [55.3694291, 25.2440809]]]}}, {"type": "Feature", "properties": {"aeroway": "apron", "ref": "D3", "name": null, "surface": null, "id": 1200968558}, "geometry": {"type": "Polygon", "coordinates": [[[55.3701736, 25.2436777], [55.3703649, 25.2435741], [55.3702875, 25.2434521], [55.3704527, 25.2430756], [55.3703411, 25.2428893], [55.3702875, 25.2428388], [55.3702188, 25.2428175], [55.3701244, 25.2428349], [55.3694871, 25.2431843], [55.3697274, 25.2435336], [55.3700986, 25.2435666], [55.3701736, 25.2436777]]]}}, {"type": "Feature", "properties": {"aeroway": "apron", "ref": "D4", "name": null, "surface": null, "id": 1200968559}, "geometry": {"type": "Polygon", "coordinates": [[[55.3711236, 25.2431632], [55.371309, 25.2430628], [55.371223, 25.2429359], [55.3713603, 25.2426214], [55.3711393, 25.2422798], [55.3704767, 25.2426249], [55.3704291, 25.2426933], [55.3704312, 25.2427651], [55.3704527, 25.2428252], [55.3705771, 25.2430038], [55.3710406, 25.2430446], [55.3711236, 25.2431632]]]}}, {"type": "Feature", "properties": {"aeroway": "apron", "ref": "D5", "name": null, "surface": null, "id": 1200968560}, "geometry": {"type": "Polygon", "coordinates": [[[55.3718807, 25.2427532], [55.3720689, 25.2426513], [55.3719783, 25.2425108], [55.3721156, 25.2421945], [55.3718946, 25.2418664], [55.3711758, 25.2422566], [55.3714075, 25.2425904], [55.3717852, 25.2426098], [55.3718807, 25.2427532]]]}}, {"type": "Feature", "properties": {"aeroway": "apron", "ref": "D6", "name": null, "surface": null, "id": 1200968561}, "geometry": {"type": "Polygon", "coordinates": [[[55.3726363, 25.242344], [55.3728175, 25.2422459], [55.3727336, 25.2421071], [55.3728688, 25.2417869], [55.3726376, 25.2414314], [55.3719209, 25.2418272], [55.3721629, 25.2421828], [55.3725384, 25.2421964], [55.3726363, 25.242344]]]}}, {"type": "Feature", "properties": {"aeroway": "apron", "ref": "D7", "name": null, "surface": null, "id": 1200968562}, "geometry": {"type": "Polygon", "coordinates": [[[55.3733861, 25.2419379], [55.3735743, 25.241836], [55.3734739, 25.241684], [55.373622, 25.2413793], [55.3733863, 25.2410178], [55.3726795, 25.2414082], [55.3729139, 25.2417597], [55.3732851, 25.241781], [55.3733861, 25.2419379]]]}}, {"type": "Feature", "properties": {"aeroway": "apron", "ref": "D8", "name": null, "surface": null, "id": 1200968563}, "geometry": {"type": "Polygon", "coordinates": [[[55.374147, 25.2415258], [55.3743304, 25.2414265], [55.3742322, 25.2412667], [55.3743996, 25.2409135], [55.3741945, 25.2405714], [55.3734329, 25.2409921], [55.37367, 25.2413405], [55.3740455, 25.2413735], [55.374147, 25.2415258]]]}}, {"type": "Feature", "properties": {"aeroway": "apron", "ref": "D9", "name": null, "surface": null, "id": 1200968564}, "geometry": {"type": "Polygon", "coordinates": [[[55.3747207, 25.2411852], [55.3749503, 25.2410707], [55.3749675, 25.2409232], [55.3753086, 25.2407388], [55.3753429, 25.2403805], [55.3751629, 25.240302], [55.3750535, 25.2402705], [55.3747874, 25.2402826], [55.3745943, 25.2403506], [55.3743042, 25.2405108], [55.374386, 25.2406359], [55.3747486, 25.2409115], [55.3747207, 25.2411852]]]}}, {"type": "Feature", "properties": {"aeroway": "apron", "ref": "D10", "name": null, "surface": null, "id": 1200968565}, "geometry": {"type": "Polygon", "coordinates": [[[55.3753228, 25.2414466], [55.3754328, 25.2416113], [55.3755468, 25.2415637], [55.3759015, 25.2416896], [55.3762162, 25.2415199], [55.3757718, 25.2408692], [55.3754653, 25.241026], [55.3754417, 25.2413851], [55.3753228, 25.2414466]]]}}, {"type": "Feature", "properties": {"aeroway": "apron", "ref": "A10", "name": null, "surface": null, "id": 1200968566}, "geometry": {"type": "Polygon", "coordinates": [[[55.3754739, 25.2421028], [55.375549, 25.2419126], [55.3756993, 25.2419709], [55.3763018, 25.241646], [55.3766413, 25.2421435], [55.3766542, 25.2422526], [55.3765684, 25.24234], [55.3758784, 25.2427198], [55.3757421, 25.2425395], [55.3756412, 25.242163], [55.3754739, 25.2421028]]]}}, {"type": "Feature", "properties": {"aeroway": "apron", "ref": "A9", "name": null, "surface": null, "id": 1200968567}, "geometry": {"type": "Polygon", "coordinates": [[[55.3749105, 25.2424355], [55.3749782, 25.2425357], [55.374828, 25.242854], [55.3750446, 25.2431787], [55.3757982, 25.2427639], [55.3755983, 25.24246], [55.3751692, 25.2424328], [55.3750955, 25.2423335], [55.3749105, 25.2424355]]]}}, {"type": "Feature", "properties": {"aeroway": "apron", "ref": "A8", "name": null, "surface": null, "id": 1200968568}, "geometry": {"type": "Polygon", "coordinates": [[[55.3740727, 25.2432712], [55.374298, 25.2435896], [55.3750009, 25.2432027], [55.3747808, 25.2428753], [55.3744139, 25.2428578], [55.3743402, 25.24275], [55.3741444, 25.2428579], [55.3742122, 25.2429685], [55.3740727, 25.2432712]]]}}, {"type": "Feature", "properties": {"aeroway": "apron", "ref": "A7", "name": null, "surface": null, "id": 1200968569}, "geometry": {"type": "Polygon", "coordinates": [[[55.3733238, 25.2436866], [55.3735369, 25.2440085], [55.3742483, 25.243617], [55.3740298, 25.2432868], [55.3736671, 25.2432654], [55.3735927, 25.2431622], [55.3734028, 25.2432668], [55.3734697, 25.2433741], [55.3733238, 25.2436866]]]}}, {"type": "Feature", "properties": {"aeroway": "apron", "ref": "A6", "name": null, "surface": null, "id": 1200968570}, "geometry": {"type": "Polygon", "coordinates": [[[55.3727871, 25.2444212], [55.3725685, 25.244098], [55.3727166, 25.2437836], [55.3726372, 25.2436633], [55.3728303, 25.2435565], [55.3729075, 25.2436769], [55.3732852, 25.2437041], [55.3734973, 25.2440303], [55.3727871, 25.2444212]]]}}, {"type": "Feature", "properties": {"aeroway": "apron", "ref": "A5", "name": null, "surface": null, "id": 1200968571}, "geometry": {"type": "Polygon", "coordinates": [[[55.3718175, 25.2445192], [55.3720386, 25.2448331], [55.3727424, 25.2444458], [55.372532, 25.2441175], [55.3721587, 25.2440942], [55.372078, 25.2439973], [55.3718932, 25.2440992], [55.371957, 25.2442029], [55.3718175, 25.2445192]]]}}, {"type": "Feature", "properties": {"aeroway": "apron", "ref": "A4", "name": null, "surface": null, "id": 1200968572}, "geometry": {"type": "Polygon", "coordinates": [[[55.3710321, 25.2449869], [55.3711909, 25.2452179], [55.3712753, 25.2452533], [55.3719911, 25.2448593], [55.3717746, 25.244527], [55.3713948, 25.2445056], [55.3713385, 25.2444051], [55.3711458, 25.2445114], [55.3712124, 25.2446065], [55.3710321, 25.2449869]]]}}, {"type": "Feature", "properties": {"aeroway": "apron", "ref": "A3", "name": null, "surface": null, "id": 1200968573}, "geometry": {"type": "Polygon", "coordinates": [[[55.3701052, 25.2455362], [55.3702916, 25.2457947], [55.3710423, 25.2453815], [55.3710622, 25.2452878], [55.3709163, 25.2450529], [55.3704635, 25.2450335], [55.3703926, 25.2449267], [55.3701927, 25.2450369], [55.3702682, 25.2451364], [55.3701052, 25.2455362]]]}}, {"type": "Feature", "properties": {"aeroway": "apron", "ref": "A2", "name": null, "surface": null, "id": 1200968574}, "geometry": {"type": "Polygon", "coordinates": [[[55.3696243, 25.2451856], [55.369573, 25.2453809], [55.3691932, 25.2455187], [55.3691168, 25.2458135], [55.3693693, 25.2462022], [55.3694818, 25.2462299], [55.3695399, 25.2462084], [55.3701733, 25.2458598], [55.3700708, 25.2457148], [55.3697962, 25.245412], [55.3698415, 25.2452306], [55.3696243, 25.2451856]]]}}, {"type": "Feature", "properties": {"aeroway": "apron", "ref": "A1", "name": null, "surface": null, "id": 1200968575}, "geometry": {"type": "Polygon", "coordinates": [[[55.368941, 25.245543], [55.3692726, 25.2453538], [55.3692919, 25.2449696], [55.3694069, 25.2448961], [55.3692896, 25.24474], [55.3691953, 25.2447968], [55.3688563, 25.2447238], [55.3685176, 25.2449101], [55.368941, 25.245543]]]}}, {"type": "Feature", "properties": {"aeroway": "apron", "ref": "D1", "name": null, "surface": null, "id": 1200968576}, "geometry": {"type": "Polygon", "coordinates": [[[55.3684072, 25.244744], [55.3688542, 25.2444145], [55.3691417, 25.2444708], [55.3691868, 25.2442747], [55.368925, 25.2442126], [55.3687726, 25.2438827], [55.3683717, 25.2437947], [55.36809, 25.2439546], [55.3680175, 25.2439994], [55.3679864, 25.2440518], [55.3679864, 25.2441101], [55.3680282, 25.2441741], [55.3684072, 25.244744]]]}}, {"type": "Feature", "properties": {"aeroway": "apron", "ref": "G1", "name": null, "surface": null, "id": 1200968577}, "geometry": {"type": "Polygon", "coordinates": [[[55.3784865, 25.2412899], [55.3783342, 25.2410298], [55.3779651, 25.2409503], [55.3778492, 25.2407684], [55.3777027, 25.240853], [55.3778339, 25.2410677], [55.377757, 25.2413889], [55.3778986, 25.2416121], [55.3784865, 25.2412899]]]}}, {"type": "Feature", "properties": {"aeroway": "apron", "ref": "G2", "name": null, "surface": null, "id": 1200968578}, "geometry": {"type": "Polygon", "coordinates": [[[55.3785425, 25.2412608], [55.3791068, 25.2409561], [55.3789437, 25.240698], [55.3785747, 25.2406184], [55.3784588, 25.2404437], [55.3783472, 25.2405039], [55.3784588, 25.2406824], [55.3783773, 25.2410163], [55.3785425, 25.2412608]]]}}, {"type": "Feature", "properties": {"aeroway": "apron", "ref": "G3", "name": null, "surface": null, "id": 1200968579}, "geometry": {"type": "Polygon", "coordinates": [[[55.3789931, 25.2406785], [55.379154, 25.2409289], [55.3796454, 25.2406591], [55.3796862, 25.2406164], [55.3797055, 25.2405699], [55.3797119, 25.2405194], [55.3797076, 25.2404747], [55.3796883, 25.2404301], [55.3796518, 25.2403738], [55.3791905, 25.2402729], [55.3790768, 25.2401002], [55.3789566, 25.2401681], [55.3790703, 25.2403447], [55.3789931, 25.2406785]]]}}, {"type": "Feature", "properties": {"aeroway": "apron", "ref": "G4", "name": null, "surface": null, "id": 1200968580}, "geometry": {"type": "Polygon", "coordinates": [[[55.3783773, 25.2400672], [55.3785596, 25.2399701], [55.3789695, 25.2400536], [55.3791154, 25.2399701], [55.3791562, 25.2399177], [55.3791733, 25.2398614], [55.3791733, 25.2398032], [55.3791497, 25.239745], [55.3788794, 25.2393587], [55.378579, 25.2395276], [55.3784867, 25.2398575], [55.3782957, 25.2399662], [55.3783773, 25.2400672]]]}}, {"type": "Feature", "properties": {"aeroway": "apron", "ref": "G5", "name": null, "surface": null, "id": 1200968581}, "geometry": {"type": "Polygon", "coordinates": [[[55.3779975, 25.2395121], [55.3781863, 25.2394053], [55.3785489, 25.239481], [55.3788429, 25.2393218], [55.3785275, 25.2388541], [55.3784631, 25.2388366], [55.3783923, 25.2388386], [55.3783215, 25.2388657], [55.3782142, 25.2389317], [55.3781133, 25.2392966], [55.3779245, 25.2394034], [55.3779975, 25.2395121]]]}}, {"type": "Feature", "properties": {"aeroway": "apron", "ref": "G6", "name": null, "surface": null, "id": 1200968582}, "geometry": {"type": "Polygon", "coordinates": [[[55.3798214, 25.2378002], [55.3797532, 25.2376872], [55.3795982, 25.2377672], [55.3792628, 25.2376774], [55.3791175, 25.2376996], [55.3790493, 25.2377623], [55.3790215, 25.237833], [55.3790277, 25.237911], [55.3790562, 25.2379727], [55.3793211, 25.2383405], [55.3795853, 25.2382039], [55.3796712, 25.2378778], [55.3798214, 25.2378002]]]}}, {"type": "Feature", "properties": {"aeroway": "apron", "ref": "G7", "name": null, "surface": null, "id": 1200968583}, "geometry": {"type": "Polygon", "coordinates": [[[55.3796945, 25.2388986], [55.3799544, 25.2387562], [55.3800467, 25.2384282], [55.380217, 25.238344], [55.3801446, 25.2382278], [55.379978, 25.2383156], [55.3796068, 25.2382418], [55.3793512, 25.2383804], [55.3796945, 25.2388986]]]}}, {"type": "Feature", "properties": {"aeroway": "apron", "ref": "G8", "name": null, "surface": null, "id": 1200968584}, "geometry": {"type": "Polygon", "coordinates": [[[55.3800636, 25.2394868], [55.3803278, 25.2393464], [55.3804222, 25.238995], [55.3805699, 25.2389104], [55.380503, 25.238803], [55.3803578, 25.2388805], [55.3799909, 25.2388048], [55.379716, 25.2389376], [55.3800636, 25.2394868]]]}}, {"type": "Feature", "properties": {"aeroway": "apron", "ref": "G9", "name": null, "surface": null, "id": 1200968585}, "geometry": {"type": "Polygon", "coordinates": [[[55.3811989, 25.2397889], [55.3810294, 25.2395385], [55.3806668, 25.2394512], [55.3805488, 25.2392823], [55.3804243, 25.2393464], [55.3805466, 25.239523], [55.3804393, 25.2399616], [55.3805016, 25.2400257], [55.3805509, 25.2400587], [55.3806024, 25.2400703], [55.3806797, 25.2400761], [55.3811989, 25.2397889]]]}}, {"type": "Feature", "properties": {"aeroway": "apron", "ref": "G10", "name": null, "surface": null, "id": 1200968586}, "geometry": {"type": "Polygon", "coordinates": [[[55.3812475, 25.2397656], [55.3810823, 25.2395172], [55.3811638, 25.2391775], [55.381046, 25.2390062], [55.3811608, 25.238949], [55.3812754, 25.2391212], [55.3816466, 25.2392008], [55.3818183, 25.2394512], [55.3812475, 25.2397656]]]}}, {"type": "Feature", "properties": {"aeroway": "apron", "ref": "G11", "name": null, "surface": null, "id": 1200968587}, "geometry": {"type": "Polygon", "coordinates": [[[55.381859, 25.2394259], [55.381696, 25.2391794], [55.3817753, 25.2388398], [55.3816747, 25.2386929], [55.3817969, 25.2386319], [55.3818955, 25.2387796], [55.3822753, 25.238865], [55.382432, 25.2391096], [55.381859, 25.2394259]]]}}, {"type": "Feature", "properties": {"aeroway": "apron", "ref": "G12", "name": null, "surface": null, "id": 1200968588}, "geometry": {"type": "Polygon", "coordinates": [[[55.3824792, 25.2390849], [55.3830435, 25.2387724], [55.382874, 25.238522], [55.3825071, 25.2384346], [55.3824188, 25.238322], [55.3822994, 25.2383815], [55.382389, 25.2384987], [55.3823032, 25.2388403], [55.3824792, 25.2390849]]]}}, {"type": "Feature", "properties": {"aeroway": "apron", "ref": "G13", "name": null, "surface": null, "id": 1200968589}, "geometry": {"type": "Polygon", "coordinates": [[[55.3830864, 25.2387491], [55.3836786, 25.2384249], [55.3835241, 25.2381862], [55.3831143, 25.2380989], [55.3830113, 25.23793], [55.3828933, 25.2379921], [55.3830049, 25.2381687], [55.382919, 25.2384909], [55.3830864, 25.2387491]]]}}, {"type": "Feature", "properties": {"aeroway": "apron", "ref": "G14", "name": null, "surface": null, "id": 1200968590}, "geometry": {"type": "Polygon", "coordinates": [[[55.3834126, 25.2381066], [55.3839705, 25.2380872], [55.3835091, 25.2373904], [55.3833428, 25.2374894], [55.383095, 25.2377359], [55.3828783, 25.2377553], [55.3828826, 25.237866], [55.3831122, 25.237864], [55.3834126, 25.2381066]]]}}, {"type": "Feature", "properties": {"aeroway": "apron", "ref": "G15", "name": null, "surface": null, "id": 1200968591}, "geometry": {"type": "Polygon", "coordinates": [[[55.3826036, 25.2374525], [55.3826723, 25.2375554], [55.3828396, 25.2374642], [55.3832366, 25.2375418], [55.3835091, 25.2373904], [55.3831529, 25.2368586], [55.3828568, 25.2370216], [55.3827688, 25.2373555], [55.3826036, 25.2374525]]]}}, {"type": "Feature", "properties": {"aeroway": "apron", "ref": "G16", "name": null, "surface": null, "id": 1200968592}, "geometry": {"type": "Polygon", "coordinates": [[[55.382277, 25.2370006], [55.382462, 25.2369013], [55.3828375, 25.2369789], [55.3831207, 25.2368198], [55.3828547, 25.2364064], [55.3828118, 25.2363695], [55.3827538, 25.2363481], [55.382698, 25.2363404], [55.3826272, 25.236352], [55.3824993, 25.2364201], [55.382401, 25.2367841], [55.3822031, 25.2368913], [55.382277, 25.2370006]]]}}, {"type": "Feature", "properties": {"aeroway": "apron", "ref": "G17", "name": null, "surface": null, "id": 1200968593}, "geometry": {"type": "Polygon", "coordinates": [[[55.383559, 25.2358104], [55.3838358, 25.2356551], [55.3839367, 25.2353252], [55.3840998, 25.2352359], [55.3840204, 25.2351291], [55.3838573, 25.2352126], [55.3834823, 25.2351344], [55.3833018, 25.2351939], [55.3832651, 25.235265], [55.3832586, 25.2353213], [55.3832694, 25.235397], [55.383559, 25.2358104]]]}}, {"type": "Feature", "properties": {"aeroway": "apron", "ref": "G18", "name": null, "surface": null, "id": 1200968594}, "geometry": {"type": "Polygon", "coordinates": [[[55.3839474, 25.2363907], [55.3842049, 25.2362432], [55.3843058, 25.235888], [55.3844517, 25.2358007], [55.384383, 25.2356842], [55.3842328, 25.2357735], [55.3838723, 25.2356959], [55.3835784, 25.2358531], [55.3839474, 25.2363907]]]}}, {"type": "Feature", "properties": {"aeroway": "apron", "ref": "G19", "name": null, "surface": null, "id": 1200968595}, "geometry": {"type": "Polygon", "coordinates": [[[55.3839689, 25.2364257], [55.3843272, 25.2369633], [55.3846212, 25.2368022], [55.3847092, 25.2364781], [55.3848637, 25.2363927], [55.384795, 25.2362898], [55.3846255, 25.2363713], [55.3842199, 25.236284], [55.3839689, 25.2364257]]]}}, {"type": "Feature", "properties": {"aeroway": "apron", "ref": "G20", "name": null, "surface": null, "id": 1200968596}, "geometry": {"type": "Polygon", "coordinates": [[[55.3843637, 25.237008], [55.3846984, 25.2375204], [55.3849967, 25.2373632], [55.3850847, 25.2370293], [55.3852413, 25.2369517], [55.3851684, 25.236841], [55.3850139, 25.2369226], [55.3846427, 25.2368469], [55.3843637, 25.237008]]]}}, {"type": "Feature", "properties": {"aeroway": "apron", "ref": "G21", "name": null, "surface": null, "id": 1200968597}, "geometry": {"type": "Polygon", "coordinates": [[[55.3847371, 25.2375728], [55.3850225, 25.2379882], [55.3850589, 25.238027], [55.3851212, 25.2380483], [55.3851727, 25.2380483], [55.3852242, 25.2380328], [55.3853736, 25.2379635], [55.3854559, 25.237598], [55.3856297, 25.2374932], [55.3855568, 25.2373826], [55.3853872, 25.2374816], [55.385016, 25.2374059], [55.3847371, 25.2375728]]]}}, {"type": "Feature", "properties": {"aeroway": "apron", "ref": "S1", "name": null, "surface": null, "id": 1200969653}, "geometry": {"type": "Polygon", "coordinates": [[[55.3989842, 25.2393578], [55.3991049, 25.2392885], [55.3989914, 25.2391052], [55.3990837, 25.2387656], [55.3989099, 25.2385074], [55.3983064, 25.2388505], [55.3984361, 25.2390383], [55.3988648, 25.2391732], [55.3989842, 25.2393578]]]}}, {"type": "Feature", "properties": {"aeroway": "apron", "ref": "S2", "name": null, "surface": null, "id": 1200969654}, "geometry": {"type": "Polygon", "coordinates": [[[55.3995974, 25.2390056], [55.3997147, 25.2389382], [55.3996029, 25.2387597], [55.3997038, 25.2383929], [55.3995514, 25.2381561], [55.3989506, 25.2384841], [55.3991223, 25.2387423], [55.3994806, 25.2388238], [55.3995974, 25.2390056]]]}}, {"type": "Feature", "properties": {"aeroway": "apron", "ref": "S3", "name": null, "surface": null, "id": 1200969655}, "geometry": {"type": "Polygon", "coordinates": [[[55.3998154, 25.2385055], [55.3998282, 25.2385851], [55.3998626, 25.2386316], [55.4000257, 25.2385404], [55.4004033, 25.2386957], [55.4007445, 25.2385152], [55.4003153, 25.2378397], [55.3999806, 25.2380202], [55.3999634, 25.2384317], [55.3998154, 25.2385055]]]}}, {"type": "Feature", "properties": {"aeroway": "apron", "ref": "S4", "name": null, "surface": null, "id": 1200969656}, "geometry": {"type": "Polygon", "coordinates": [[[55.4003752, 25.2392949], [55.4004806, 25.2392527], [55.4008295, 25.2392986], [55.4009604, 25.2392986], [55.4011972, 25.2392411], [55.4007681, 25.238554], [55.4004355, 25.2387403], [55.4003969, 25.2391285], [55.400295, 25.239168], [55.4003752, 25.2392949]]]}}, {"type": "Feature", "properties": {"aeroway": "apron", "ref": "S5", "name": null, "surface": null, "id": 1200969657}, "geometry": {"type": "Polygon", "coordinates": [[[55.4019633, 25.23862], [55.4022787, 25.2384492], [55.4023023, 25.2380377], [55.4024289, 25.2379678], [55.402401, 25.2378281], [55.4022422, 25.2379057], [55.4019054, 25.2377543], [55.4015577, 25.2379407], [55.4019633, 25.23862]]]}}, {"type": "Feature", "properties": {"aeroway": "apron", "ref": "S6", "name": null, "surface": null, "id": 1200969658}, "geometry": {"type": "Polygon", "coordinates": [[[55.4015148, 25.2378863], [55.4018689, 25.2376961], [55.4018689, 25.2373429], [55.4020491, 25.2372419], [55.4019762, 25.2371255], [55.4017895, 25.2372186], [55.4014333, 25.2370731], [55.4011028, 25.2372497], [55.4015148, 25.2378863]]]}}, {"type": "Feature", "properties": {"aeroway": "apron", "ref": "S7", "name": null, "surface": null, "id": 1200969659}, "geometry": {"type": "Polygon", "coordinates": [[[55.4010621, 25.2372089], [55.4013968, 25.2370304], [55.4014032, 25.2366558], [55.4015985, 25.2365607], [55.4015191, 25.2364384], [55.4013346, 25.2365374], [55.4009891, 25.2363918], [55.4006436, 25.2365762], [55.4010621, 25.2372089]]]}}, {"type": "Feature", "properties": {"aeroway": "apron", "ref": "S8", "name": null, "surface": null, "id": 1200969660}, "geometry": {"type": "Polygon", "coordinates": [[[55.3990772, 25.2373526], [55.3988562, 25.2370459], [55.3985472, 25.2370051], [55.398438, 25.2368517], [55.3983223, 25.2369175], [55.3984249, 25.2370711], [55.3983391, 25.2374186], [55.3985022, 25.2376612], [55.3990772, 25.2373526]]]}}, {"type": "Feature", "properties": {"aeroway": "apron", "ref": "S9", "name": null, "surface": null, "id": 1200969661}, "geometry": {"type": "Polygon", "coordinates": [[[55.3978321, 25.2380261], [55.3984608, 25.2376845], [55.3982763, 25.2374108], [55.3979759, 25.2373642], [55.3978664, 25.2372089], [55.3977248, 25.2372943], [55.3978149, 25.2374263], [55.3976841, 25.2378048], [55.3978321, 25.2380261]]]}}, {"type": "Feature", "properties": {"aeroway": "apron", "ref": "S10", "name": null, "surface": null, "id": 1200969662}, "geometry": {"type": "Polygon", "coordinates": [[[55.3977098, 25.2381076], [55.3971283, 25.2384317], [55.3969545, 25.2381794], [55.3970382, 25.2378456], [55.3969396, 25.2377037], [55.3970563, 25.2376374], [55.3971605, 25.2377854], [55.3975532, 25.2378824], [55.3977098, 25.2381076]]]}}, {"type": "Feature", "properties": {"aeroway": "apron", "ref": "S11", "name": null, "surface": null, "id": 1200969663}, "geometry": {"type": "Polygon", "coordinates": [[[55.3963418, 25.2380641], [55.3964898, 25.2379806], [55.3965886, 25.2381262], [55.3969126, 25.2381806], [55.3970864, 25.2384426], [55.396507, 25.238759], [55.3963246, 25.2384853], [55.3964362, 25.2382039], [55.3963418, 25.2380641]]]}}, {"type": "Feature", "properties": {"aeroway": "apron", "ref": "S12", "name": null, "surface": null, "id": 1200969664}, "geometry": {"type": "Polygon", "coordinates": [[[55.3957204, 25.2383876], [55.3958472, 25.2383169], [55.3959703, 25.238495], [55.3963093, 25.2385222], [55.396481, 25.2387706], [55.3958844, 25.2390947], [55.3957128, 25.2388424], [55.3958308, 25.238561], [55.3957204, 25.2383876]]]}}, {"type": "Feature", "properties": {"aeroway": "apron", "ref": "S13", "name": null, "surface": null, "id": 1200969665}, "geometry": {"type": "Polygon", "coordinates": [[[55.395833, 25.2391142], [55.3952622, 25.2394266], [55.3951012, 25.2391821], [55.3951999, 25.2388735], [55.3951049, 25.2387311], [55.395231, 25.2386608], [55.3953373, 25.2388094], [55.3956634, 25.2388677], [55.395833, 25.2391142]]]}}, {"type": "Feature", "properties": {"aeroway": "apron", "ref": "S14", "name": null, "surface": null, "id": 1200969666}, "geometry": {"type": "Polygon", "coordinates": [[[55.3952193, 25.2394461], [55.3946807, 25.239745], [55.3944876, 25.2394441], [55.394597, 25.2392073], [55.3945028, 25.2390725], [55.3946353, 25.2389995], [55.3947408, 25.2391472], [55.3950133, 25.2391491], [55.3952193, 25.2394461]]]}}, {"type": "Feature", "properties": {"aeroway": "apron", "ref": "S15", "name": null, "surface": null, "id": 1200969667}, "geometry": {"type": "Polygon", "coordinates": [[[55.3946292, 25.2397624], [55.3944403, 25.2394732], [55.3941421, 25.2394383], [55.3940521, 25.2393207], [55.3939327, 25.2393865], [55.3940241, 25.239514], [55.3939548, 25.2397705], [55.3940808, 25.2399611], [55.3943438, 25.2399196], [55.3946292, 25.2397624]]]}}, {"type": "Feature", "properties": {"aeroway": "apron", "ref": "E45L  -- E45 -- E45R", "name": null, "surface": null, "id": 1200973453}, "geometry": {"type": "Polygon", "coordinates": [[[55.3740522, 25.2550628], [55.3742797, 25.2554063], [55.3744642, 25.2553985], [55.3745415, 25.2555188], [55.3746595, 25.2554606], [55.374593, 25.2553674], [55.3746595, 25.2553325], [55.3747775, 25.2555111], [55.3749148, 25.2554392], [55.3747904, 25.2552549], [55.3748612, 25.255218], [55.3749256, 25.255315], [55.375035, 25.2552549], [55.374962, 25.2551384], [55.3750479, 25.254988], [55.3748118, 25.2546421], [55.3740522, 25.2550628]]]}}, {"type": "Feature", "properties": {"aeroway": "apron", "ref": "E43", "name": null, "surface": null, "id": 1200973454}, "geometry": {"type": "Polygon", "coordinates": [[[55.3754598, 25.2542933], [55.3756594, 25.2545863], [55.3761122, 25.2546116], [55.3762173, 25.2547649], [55.3763975, 25.254664], [55.376301, 25.2545126], [55.3764662, 25.2541497], [55.3762581, 25.2538372], [55.3754598, 25.2542933]]]}}, {"type": "Feature", "properties": {"aeroway": "apron", "ref": "Q1", "name": null, "surface": null, "id": 1200973455}, "geometry": {"type": "Polygon", "coordinates": [[[55.3737304, 25.2569269], [55.373798, 25.2570317], [55.3739149, 25.2569667], [55.374078, 25.2570482], [55.3744063, 25.2568687], [55.3741745, 25.2565175], [55.373843, 25.2566999], [55.3738484, 25.2568648], [55.3737304, 25.2569269]]]}}, {"type": "Feature", "properties": {"aeroway": "apron", "ref": "Q2", "name": null, "surface": null, "id": 1200973456}, "geometry": {"type": "Polygon", "coordinates": [[[55.3739578, 25.2572627], [55.3740318, 25.2573752], [55.3741595, 25.2573092], [55.3743151, 25.2573946], [55.3746359, 25.2572132], [55.3744063, 25.2568687], [55.374078, 25.2570482], [55.3740801, 25.2572015], [55.3739578, 25.2572627]]]}}, {"type": "Feature", "properties": {"aeroway": "apron", "ref": "Q3", "name": null, "surface": null, "id": 1200973457}, "geometry": {"type": "Polygon", "coordinates": [[[55.3746359, 25.2572132], [55.374859, 25.2575586], [55.3745447, 25.257739], [55.3743848, 25.2576537], [55.3742625, 25.2577206], [55.3741971, 25.2576197], [55.3743204, 25.2575527], [55.3743183, 25.2574897], [55.3743151, 25.2573946], [55.3746359, 25.2572132]]]}}, {"type": "Feature", "properties": {"aeroway": "apron", "ref": "Q4", "name": null, "surface": null, "id": 1200973458}, "geometry": {"type": "Polygon", "coordinates": [[[55.3750929, 25.257912], [55.374859, 25.2575586], [55.3745447, 25.257739], [55.374549, 25.2579052], [55.3744288, 25.2579692], [55.3744953, 25.2580701], [55.3746166, 25.2580032], [55.3747764, 25.2580847], [55.3750929, 25.257912]]]}}, {"type": "Feature", "properties": {"aeroway": "apron", "ref": "Q5", "name": null, "surface": null, "id": 1200973459}, "geometry": {"type": "Polygon", "coordinates": [[[55.3753268, 25.2582564], [55.3750929, 25.257912], [55.3747764, 25.2580847], [55.3747818, 25.2582526], [55.3746605, 25.2583166], [55.374726, 25.2584165], [55.3748526, 25.2583515], [55.375006, 25.2584301], [55.3753268, 25.2582564]]]}}, {"type": "Feature", "properties": {"aeroway": "apron", "ref": "Q6", "name": null, "surface": null, "id": 1200973460}, "geometry": {"type": "Polygon", "coordinates": [[[55.3757699, 25.2580468], [55.3761089, 25.2578605], [55.3761004, 25.2576946], [55.3761999, 25.257641], [55.3761317, 25.2575391], [55.3760306, 25.2575927], [55.375874, 25.2575054], [55.3755371, 25.2576937], [55.3757699, 25.2580468]]]}}, {"type": "Feature", "properties": {"aeroway": "apron", "ref": "Q7", "name": null, "surface": null, "id": 1200973461}, "geometry": {"type": "Polygon", "coordinates": [[[55.3759653, 25.2572904], [55.375899, 25.2571913], [55.3757946, 25.2572464], [55.3756465, 25.2571629], [55.3753054, 25.2573473], [55.3755371, 25.2576937], [55.375874, 25.2575054], [55.3758665, 25.2573424], [55.3759653, 25.2572904]]]}}, {"type": "Feature", "properties": {"aeroway": "apron", "ref": "Q8", "name": null, "surface": null, "id": 1200973462}, "geometry": {"type": "Polygon", "coordinates": [[[55.3756465, 25.2571629], [55.3756358, 25.2569999], [55.3757332, 25.2569436], [55.375666, 25.2568432], [55.3755704, 25.256898], [55.3754137, 25.2568185], [55.3750768, 25.2570048], [55.3753054, 25.2573473], [55.3756465, 25.2571629]]]}}, {"type": "Feature", "properties": {"aeroway": "apron", "ref": "Q9", "name": null, "surface": null, "id": 1200973463}, "geometry": {"type": "Polygon", "coordinates": [[[55.3750768, 25.2570048], [55.3748451, 25.2566555], [55.3751798, 25.2564682], [55.3753375, 25.2565507], [55.3754346, 25.2564974], [55.3755026, 25.256599], [55.3754073, 25.2566506], [55.3754137, 25.2568185], [55.3750768, 25.2570048]]]}}, {"type": "Feature", "properties": {"aeroway": "apron", "ref": "Q10", "name": null, "surface": null, "id": 1200973464}, "geometry": {"type": "Polygon", "coordinates": [[[55.3751798, 25.2564682], [55.3751712, 25.2563013], [55.375268, 25.2562484], [55.3752, 25.2561468], [55.3751026, 25.2562013], [55.3749524, 25.2561227], [55.3746112, 25.2563061], [55.3748376, 25.2566442], [55.3748451, 25.2566555], [55.3751798, 25.2564682]]]}}, {"type": "Feature", "properties": {"aeroway": "apron", "ref": "Q11", "name": null, "surface": null, "id": 1200973465}, "geometry": {"type": "Polygon", "coordinates": [[[55.3749524, 25.2561227], [55.3749406, 25.2559529], [55.3750346, 25.2558996], [55.374967, 25.2557987], [55.3748741, 25.255853], [55.3747088, 25.2557669], [55.3743724, 25.2559547], [55.3746112, 25.2563061], [55.3749524, 25.2561227]]]}}, {"type": "Feature", "properties": {"aeroway": "taxiway", "ref": null, "name": null, "surface": null, "id": 1344840611}, "geometry": {"type": "LineString", "coordinates": [[55.3532393, 25.2592214], [55.3535727, 25.259581], [55.353872, 25.2597722], [55.3540494, 25.2598361], [55.354279, 25.2599184], [55.3545418, 25.2599451], [55.3548839, 25.2599499], [55.3553995, 25.2598223]]}}, {"type": "Feature", "properties": {"aeroway": "taxiway", "ref": "K13", "name": null, "surface": null, "id": 1413971100}, "geometry": {"type": "LineString", "coordinates": [[55.3849616, 25.2394012], [55.3850355, 25.2393376], [55.3850934, 25.2392713], [55.3851231, 25.2392241], [55.3851542, 25.2391488], [55.3851688, 25.2391], [55.3851743, 25.2390525], [55.3851706, 25.238973], [55.3851403, 25.2388488]]}}, {"type": "Feature", "properties": {"aeroway": "taxiway", "ref": "K13", "name": null, "surface": null, "id": 1413971101}, "geometry": {"type": "LineString", "coordinates": [[55.3851403, 25.2388488], [55.3852316, 25.2389219], [55.3853441, 25.2389743], [55.385467, 25.2390029], [55.3856025, 25.2390033], [55.3857326, 25.2389718]]}}, {"type": "Feature", "properties": {"aeroway": "stand", "ref": "D9", "id": 3066153952}, "geometry": {"type": "Point", "coordinates": [55.374822, 25.2409089]}}, {"type": "Feature", "properties": {"aeroway": "stand", "ref": "D8", "id": 3066154594}, "geometry": {"type": "Point", "coordinates": [55.3741059, 25.2413044]}}, {"type": "Feature", "properties": {"aeroway": "stand", "ref": "G18", "id": 3066437424}, "geometry": {"type": "Point", "coordinates": [55.384325, 25.2357775]}}, {"type": "Feature", "properties": {"aeroway": "stand", "ref": "G21", "id": 3066441682}, "geometry": {"type": "Point", "coordinates": [55.3854971, 25.2374976]}}, {"type": "Feature", "properties": {"aeroway": "stand", "ref": "G20", "id": 3066441683}, "geometry": {"type": "Point", "coordinates": [55.3850921, 25.2369348]}}, {"type": "Feature", "properties": {"aeroway": "stand", "ref": "G14", "id": 3066442767}, "geometry": {"type": "Point", "coordinates": [55.3829812, 25.2377838]}}, {"type": "Feature", "properties": {"aeroway": "stand", "ref": "G15", "id": 3066442839}, "geometry": {"type": "Point", "coordinates": [55.3823267, 25.2368547]}}, {"type": "Feature", "properties": {"aeroway": "stand", "ref": "G14", "id": 3066443044}, "geometry": {"type": "Point", "coordinates": [55.3827183, 25.2374296]}}, {"type": "Feature", "properties": {"aeroway": "stand", "ref": "G17", "id": 3066443361}, "geometry": {"type": "Point", "coordinates": [55.3839495, 25.2352243]}}, {"type": "Feature", "properties": {"aeroway": "stand", "ref": "G19", "id": 3066443742}, "geometry": {"type": "Point", "coordinates": [55.3847219, 25.2363525]}}, {"type": "Feature", "properties": {"aeroway": "stand", "ref": "G12", "id": 3066503071}, "geometry": {"type": "Point", "coordinates": [55.3824608, 25.238519]}}, {"type": "Feature", "properties": {"aeroway": "stand", "ref": "G13", "id": 3066503193}, "geometry": {"type": "Point", "coordinates": [55.383067, 25.2381623]}}, {"type": "Feature", "properties": {"aeroway": "stand", "ref": "G7", "id": 3334344561}, "geometry": {"type": "Point", "coordinates": [55.380102, 25.238325]}}, {"type": "Feature", "properties": {"aeroway": "stand", "ref": "G6", "id": 3334344563}, "geometry": {"type": "Point", "coordinates": [55.3797318, 25.2377463]}}, {"type": "Feature", "properties": {"aeroway": "stand", "ref": "H2", "id": 3334344564}, "geometry": {"type": "Point", "coordinates": [55.389291, 25.2345178]}}, {"type": "Feature", "properties": {"aeroway": "stand", "ref": "H1", "id": 3334344570}, "geometry": {"type": "Point", "coordinates": [55.3888575, 25.2348975]}}, {"type": "Feature", "properties": {"aeroway": "stand", "ref": "H3", "id": 3334344573}, "geometry": {"type": "Point", "coordinates": [55.393125, 25.2331106]}}, {"type": "Feature", "properties": {"aeroway": "stand", "ref": "G22", "id": 4972576576}, "geometry": {"type": "Point", "coordinates": [55.3884771, 25.2358576]}}, {"type": "Feature", "properties": {"aeroway": "stand", "ref": "S7", "id": 4972588503}, "geometry": {"type": "Point", "coordinates": [55.4014404, 25.2365785]}}, {"type": "Feature", "properties": {"aeroway": "stand", "ref": "S6", "id": 4972588504}, "geometry": {"type": "Point", "coordinates": [55.401864, 25.2372526]}}, {"type": "Feature", "properties": {"aeroway": "stand", "ref": "S5", "id": 4972588506}, "geometry": {"type": "Point", "coordinates": [55.4023388, 25.2379392]}}, {"type": "Feature", "properties": {"aeroway": "stand", "ref": "S3", "id": 4972588510}, "geometry": {"type": "Point", "coordinates": [55.3998899, 25.2385239]}}, {"type": "Feature", "properties": {"aeroway": "stand", "ref": "S8", "id": 4972588516}, "geometry": {"type": "Point", "coordinates": [55.3983772, 25.2369688]}}, {"type": "Feature", "properties": {"aeroway": "stand", "ref": "S9", "id": 4972588518}, "geometry": {"type": "Point", "coordinates": [55.3977589, 25.2372902]}}, {"type": "Feature", "properties": {"aeroway": "stand", "ref": "S10", "id": 4972588520}, "geometry": {"type": "Point", "coordinates": [55.3970307, 25.2377645]}}, {"type": "Feature", "properties": {"aeroway": "stand", "ref": "S11", "id": 4972588622}, "geometry": {"type": "Point", "coordinates": [55.3964031, 25.2380994]}}, {"type": "Feature", "properties": {"aeroway": "stand", "ref": "S12", "id": 4972588624}, "geometry": {"type": "Point", "coordinates": [55.3958184, 25.2384681]}}, {"type": "Feature", "properties": {"aeroway": "stand", "ref": "H4", "id": 9734766007}, "geometry": {"type": "Point", "coordinates": [55.3962485, 25.2318836]}}, {"type": "Feature", "properties": {"aeroway": "stand", "ref": null, "id": 87186278}, "geometry": {"type": "Point", "coordinates": [55.391108, 25.2347271]}}, {"type": "Feature", "properties": {"aeroway": "stand", "ref": "F26L", "id": 264956580}, "geometry": {"type": "Point", "coordinates": [55.3660567, 25.2468581]}}, {"type": "Feature", "properties": {"aeroway": "stand", "ref": "F27", "id": 264957950}, "geometry": {"type": "Point", "coordinates": [55.3676112, 25.2462632]}}, {"type": "Feature", "properties": {"aeroway": "stand", "ref": "B27", "id": 264957956}, "geometry": {"type": "Point", "coordinates": [55.3675997, 25.2446839]}}, {"type": "Feature", "properties": {"aeroway": "stand", "ref": "B26L", "id": 264958052}, "geometry": {"type": "Point", "coordinates": [55.3653747, 25.2437012]}}, {"type": "Feature", "properties": {"aeroway": "stand", "ref": "B25", "id": 264958086}, "geometry": {"type": "Point", "coordinates": [55.3639839, 25.2441917]}}, {"type": "Feature", "properties": {"aeroway": "stand", "ref": "F25", "id": 264958713}, "geometry": {"type": "Point", "coordinates": [55.3666594, 25.2489057]}}, {"type": "Feature", "properties": {"aeroway": "stand", "ref": "F24", "id": 264958921}, "geometry": {"type": "Point", "coordinates": [55.3648495, 25.247423]}}, {"type": "Feature", "properties": {"aeroway": "stand", "ref": "F23", "id": 264959097}, "geometry": {"type": "Point", "coordinates": [55.3655355, 25.2496877]}}, {"type": "Feature", "properties": {"aeroway": "stand", "ref": "F22", "id": 264959098}, "geometry": {"type": "Point", "coordinates": [55.3647744, 25.2499493]}}, {"type": "Feature", "properties": {"aeroway": "stand", "ref": "F21", "id": 264959144}, "geometry": {"type": "Point", "coordinates": [55.3638083, 25.2500509]}}, {"type": "Feature", "properties": {"aeroway": "stand", "ref": "F20", "id": 264959147}, "geometry": {"type": "Point", "coordinates": [55.3620359, 25.2489391]}}, {"type": "Feature", "properties": {"aeroway": "stand", "ref": "F19", "id": 264959243}, "geometry": {"type": "Point", "coordinates": [55.3612822, 25.2493588]}}, {"type": "Feature", "properties": {"aeroway": "stand", "ref": "F18", "id": 264959326}, "geometry": {"type": "Point", "coordinates": [55.3603489, 25.2498614]}}, {"type": "Feature", "properties": {"aeroway": "stand", "ref": "F17", "id": 264959371}, "geometry": {"type": "Point", "coordinates": [55.359689, 25.2502491]}}, {"type": "Feature", "properties": {"aeroway": "stand", "ref": "B24", "id": 264962087}, "geometry": {"type": "Point", "coordinates": [55.3633772, 25.2445307]}}, {"type": "Feature", "properties": {"aeroway": "stand", "ref": "B23", "id": 264962131}, "geometry": {"type": "Point", "coordinates": [55.362777, 25.244866]}}, {"type": "Feature", "properties": {"aeroway": "stand", "ref": "B22", "id": 264962196}, "geometry": {"type": "Point", "coordinates": [55.3621618, 25.2452097]}}, {"type": "Feature", "properties": {"aeroway": "stand", "ref": "B21R", "id": 264962275}, "geometry": {"type": "Point", "coordinates": [55.3613915, 25.2456401]}}, {"type": "Feature", "properties": {"aeroway": "stand", "ref": "B20", "id": 264962276}, "geometry": {"type": "Point", "coordinates": [55.3606669, 25.2460474]}}, {"type": "Feature", "properties": {"aeroway": "stand", "ref": "B18L", "id": 264962452}, "geometry": {"type": "Point", "coordinates": [55.3592498, 25.2468403]}}, {"type": "Feature", "properties": {"aeroway": "stand", "ref": "B17", "id": 264962605}, "geometry": {"type": "Point", "coordinates": [55.3586666, 25.2471644]}}, {"type": "Feature", "properties": {"aeroway": "stand", "ref": "B16", "id": 264962609}, "geometry": {"type": "Point", "coordinates": [55.3580365, 25.2475142]}}, {"type": "Feature", "properties": {"aeroway": "stand", "ref": "B14", "id": 264962672}, "geometry": {"type": "Point", "coordinates": [55.3568037, 25.2482099]}}, {"type": "Feature", "properties": {"aeroway": "stand", "ref": "B15", "id": 264962673}, "geometry": {"type": "Point", "coordinates": [55.357443, 25.2478458]}}, {"type": "Feature", "properties": {"aeroway": "stand", "ref": "B12", "id": 264962992}, "geometry": {"type": "Point", "coordinates": [55.3562411, 25.2486002]}}, {"type": "Feature", "properties": {"aeroway": "stand", "ref": "F13", "id": 264966699}, "geometry": {"type": "Point", "coordinates": [55.3570148, 25.2516586]}}, {"type": "Feature", "properties": {"aeroway": "stand", "ref": "F12", "id": 264967239}, "geometry": {"type": "Point", "coordinates": [55.3562933, 25.2520588]}}, {"type": "Feature", "properties": {"aeroway": "stand", "ref": "F10", "id": 264967295}, "geometry": {"type": "Point", "coordinates": [55.355571, 25.252553]}}, {"type": "Feature", "properties": {"aeroway": "stand", "ref": "F9", "id": 264967314}, "geometry": {"type": "Point", "coordinates": [55.3547981, 25.2529183]}}, {"type": "Feature", "properties": {"aeroway": "stand", "ref": "F8", "id": 264967330}, "geometry": {"type": "Point", "coordinates": [55.3540781, 25.253334]}}, {"type": "Feature", "properties": {"aeroway": "stand", "ref": "F7", "id": 264967360}, "geometry": {"type": "Point", "coordinates": [55.3533173, 25.2537455]}}, {"type": "Feature", "properties": {"aeroway": "stand", "ref": "F6", "id": 264967375}, "geometry": {"type": "Point", "coordinates": [55.3525409, 25.2540844]}}, {"type": "Feature", "properties": {"aeroway": "stand", "ref": "F5", "id": 264967383}, "geometry": {"type": "Point", "coordinates": [55.3518382, 25.2546133]}}, {"type": "Feature", "properties": {"aeroway": "stand", "ref": "F4", "id": 264967409}, "geometry": {"type": "Point", "coordinates": [55.3512025, 25.2549383]}}, {"type": "Feature", "properties": {"aeroway": "stand", "ref": "F3", "id": 264967413}, "geometry": {"type": "Point", "coordinates": [55.3506124, 25.2552925]}}, {"type": "Feature", "properties": {"aeroway": "stand", "ref": "F2", "id": 264967455}, "geometry": {"type": "Point", "coordinates": [55.3493759, 25.2551493]}}, {"type": "Feature", "properties": {"aeroway": "stand", "ref": "B1", "id": 264967467}, "geometry": {"type": "Point", "coordinates": [55.3504273, 25.2539728]}}, {"type": "Feature", "properties": {"aeroway": "stand", "ref": "B2", "id": 264967498}, "geometry": {"type": "Point", "coordinates": [55.350886, 25.2536987]}}, {"type": "Feature", "properties": {"aeroway": "stand", "ref": "B3", "id": 264967633}, "geometry": {"type": "Point", "coordinates": [55.3514562, 25.2533901]}}, {"type": "Feature", "properties": {"aeroway": "stand", "ref": "B4", "id": 264968055}, "geometry": {"type": "Point", "coordinates": [55.351139, 25.2516165]}}, {"type": "Feature", "properties": {"aeroway": "stand", "ref": "B6", "id": 264968278}, "geometry": {"type": "Point", "coordinates": [55.3523826, 25.2507753]}}, {"type": "Feature", "properties": {"aeroway": "stand", "ref": "B8", "id": 264968292}, "geometry": {"type": "Point", "coordinates": [55.3530973, 25.2503824]}}, {"type": "Feature", "properties": {"aeroway": "stand", "ref": "B11", "id": 264968539}, "geometry": {"type": "Point", "coordinates": [55.3555001, 25.2490358]}}, {"type": "Feature", "properties": {"aeroway": "stand", "ref": "C47", "id": 264970128}, "geometry": {"type": "Point", "coordinates": [55.3388645, 25.2610002]}}, {"type": "Feature", "properties": {"aeroway": "stand", "ref": "C45", "id": 264970158}, "geometry": {"type": "Point", "coordinates": [55.3396074, 25.2621524]}}, {"type": "Feature", "properties": {"aeroway": "stand", "ref": "C32", "id": 264970270}, "geometry": {"type": "Point", "coordinates": [55.3401251, 25.2642774]}}, {"type": "Feature", "properties": {"aeroway": "stand", "ref": "C33", "id": 264970326}, "geometry": {"type": "Point", "coordinates": [55.3407474, 25.2639307]}}, {"type": "Feature", "properties": {"aeroway": "stand", "ref": "C34", "id": 264970492}, "geometry": {"type": "Point", "coordinates": [55.341943, 25.264537]}}, {"type": "Feature", "properties": {"aeroway": "stand", "ref": "C35", "id": 264970508}, "geometry": {"type": "Point", "coordinates": [55.3425695, 25.2642107]}}, {"type": "Feature", "properties": {"aeroway": "stand", "ref": "C36", "id": 264970517}, "geometry": {"type": "Point", "coordinates": [55.3432257, 25.2638747]}}, {"type": "Feature", "properties": {"aeroway": "stand", "ref": "C38", "id": 264970617}, "geometry": {"type": "Point", "coordinates": [55.3444817, 25.2626363]}}, {"type": "Feature", "properties": {"aeroway": "stand", "ref": "C39", "id": 264970623}, "geometry": {"type": "Point", "coordinates": [55.3451193, 25.2623029]}}, {"type": "Feature", "properties": {"aeroway": "stand", "ref": "C40", "id": 264970636}, "geometry": {"type": "Point", "coordinates": [55.3457043, 25.2619466]}}, {"type": "Feature", "properties": {"aeroway": "stand", "ref": "C42", "id": 264970708}, "geometry": {"type": "Point", "coordinates": [55.3401721, 25.2642489]}}, {"type": "Feature", "properties": {"aeroway": "stand", "ref": "C41", "id": 264970721}, "geometry": {"type": "Point", "coordinates": [55.339526, 25.2646115]}}, {"type": "Feature", "properties": {"aeroway": "stand", "ref": "C24", "id": 264972201}, "geometry": {"type": "Point", "coordinates": [55.3417947, 25.2664915]}}, {"type": "Feature", "properties": {"aeroway": "stand", "ref": "C25", "id": 264972217}, "geometry": {"type": "Point", "coordinates": [55.3425391, 25.2660774]}}, {"type": "Feature", "properties": {"aeroway": "stand", "ref": "C26", "id": 264972231}, "geometry": {"type": "Point", "coordinates": [55.3426008, 25.2646339]}}, {"type": "Feature", "properties": {"aeroway": "stand", "ref": "C27", "id": 264972237}, "geometry": {"type": "Point", "coordinates": [55.3433491, 25.2642046]}}, {"type": "Feature", "properties": {"aeroway": "stand", "ref": "C29", "id": 264972251}, "geometry": {"type": "Point", "coordinates": [55.344953, 25.2627589]}}, {"type": "Feature", "properties": {"aeroway": "stand", "ref": "C30", "id": 264972259}, "geometry": {"type": "Point", "coordinates": [55.3455752, 25.2624289]}}, {"type": "Feature", "properties": {"aeroway": "stand", "ref": "C18", "id": 264972353}, "geometry": {"type": "Point", "coordinates": [55.3415494, 25.266628]}}, {"type": "Feature", "properties": {"aeroway": "stand", "ref": "C19", "id": 264972428}, "geometry": {"type": "Point", "coordinates": [55.3419141, 25.2664251]}}, {"type": "Feature", "properties": {"aeroway": "stand", "ref": "C20", "id": 264972430}, "geometry": {"type": "Point", "coordinates": [55.3422856, 25.2662184]}}, {"type": "Feature", "properties": {"aeroway": "stand", "ref": "C21", "id": 264972435}, "geometry": {"type": "Point", "coordinates": [55.342659, 25.2660107]}}, {"type": "Feature", "properties": {"aeroway": "stand", "ref": "C22", "id": 264972447}, "geometry": {"type": "Point", "coordinates": [55.3430151, 25.2658126]}}, {"type": "Feature", "properties": {"aeroway": "stand", "ref": "C23", "id": 264972449}, "geometry": {"type": "Point", "coordinates": [55.343387, 25.2656057]}}, {"type": "Feature", "properties": {"aeroway": "stand", "ref": null, "id": 264974939}, "geometry": {"type": "Point", "coordinates": [55.3779153, 25.2525366]}}, {"type": "Feature", "properties": {"aeroway": "stand", "ref": null, "id": 264974940}, "geometry": {"type": "Point", "coordinates": [55.3788429, 25.2520148]}}, {"type": "Feature", "properties": {"aeroway": "stand", "ref": null, "id": 264975054}, "geometry": {"type": "Point", "coordinates": [55.379378, 25.2515663]}}, {"type": "Feature", "properties": {"aeroway": "stand", "ref": null, "id": 264975110}, "geometry": {"type": "Point", "coordinates": [55.3802823, 25.2510624]}}, {"type": "Feature", "properties": {"aeroway": "stand", "ref": null, "id": 264975130}, "geometry": {"type": "Point", "coordinates": [55.3811554, 25.2505751]}}, {"type": "Feature", "properties": {"aeroway": "stand", "ref": "C44", "id": 264975725}, "geometry": {"type": "Point", "coordinates": [55.3399773, 25.2626959]}}, {"type": "Feature", "properties": {"aeroway": "stand", "ref": "C43", "id": 264975740}, "geometry": {"type": "Point", "coordinates": [55.3403475, 25.2632684]}}, {"type": "Feature", "properties": {"aeroway": "stand", "ref": "F26R", "id": 264976268}, "geometry": {"type": "Point", "coordinates": [55.3661005, 25.2468916]}}, {"type": "Feature", "properties": {"aeroway": "stand", "ref": "E1", "id": 265910820}, "geometry": {"type": "Point", "coordinates": [55.3516365, 25.2682497]}}, {"type": "Feature", "properties": {"aeroway": "stand", "ref": "E2", "id": 268208116}, "geometry": {"type": "Point", "coordinates": [55.3522387, 25.2679148]}}, {"type": "Feature", "properties": {"aeroway": "stand", "ref": "E3", "id": 268231332}, "geometry": {"type": "Point", "coordinates": [55.3528647, 25.2675942]}}, {"type": "Feature", "properties": {"aeroway": "stand", "ref": "D1", "id": 302036722}, "geometry": {"type": "Point", "coordinates": [55.3671693, 25.243916]}}, {"type": "Feature", "properties": {"aeroway": "stand", "ref": "A1", "id": 302359172}, "geometry": {"type": "Point", "coordinates": [55.3681301, 25.2455008]}}, {"type": "Feature", "properties": {"aeroway": "stand", "ref": "A2", "id": 302359254}, "geometry": {"type": "Point", "coordinates": [55.3692832, 25.2469206]}}, {"type": "Feature", "properties": {"aeroway": "stand", "ref": "A3", "id": 302359257}, "geometry": {"type": "Point", "coordinates": [55.3714994, 25.2468642]}}, {"type": "Feature", "properties": {"aeroway": "stand", "ref": "A4", "id": 302359277}, "geometry": {"type": "Point", "coordinates": [55.3712091, 25.2444656]}}, {"type": "Feature", "properties": {"aeroway": "stand", "ref": "A5", "id": 302359278}, "geometry": {"type": "Point", "coordinates": [55.3719762, 25.2440604]}}, {"type": "Feature", "properties": {"aeroway": "stand", "ref": "A6", "id": 302359292}, "geometry": {"type": "Point", "coordinates": [55.3727272, 25.243648]}}, {"type": "Feature", "properties": {"aeroway": "stand", "ref": "A7", "id": 302359299}, "geometry": {"type": "Point", "coordinates": [55.374752, 25.2450743]}}, {"type": "Feature", "properties": {"aeroway": "stand", "ref": "A8", "id": 302359303}, "geometry": {"type": "Point", "coordinates": [55.3754954, 25.2446602]}}, {"type": "Feature", "properties": {"aeroway": "stand", "ref": "A9", "id": 302359305}, "geometry": {"type": "Point", "coordinates": [55.3762722, 25.2443275]}}, {"type": "Feature", "properties": {"aeroway": "stand", "ref": "A10", "id": 302359308}, "geometry": {"type": "Point", "coordinates": [55.3772812, 25.2426394]}}, {"type": "Feature", "properties": {"aeroway": "stand", "ref": "D10", "id": 302359310}, "geometry": {"type": "Point", "coordinates": [55.3765025, 25.2408723]}}, {"type": "Feature", "properties": {"aeroway": "stand", "ref": "D9", "id": 302359339}, "geometry": {"type": "Point", "coordinates": [55.3749517, 25.2396818]}}, {"type": "Feature", "properties": {"aeroway": "stand", "ref": "D8", "id": 302359340}, "geometry": {"type": "Point", "coordinates": [55.373441, 25.2402797]}}, {"type": "Feature", "properties": {"aeroway": "stand", "ref": "D7", "id": 302359341}, "geometry": {"type": "Point", "coordinates": [55.3726753, 25.240703]}}, {"type": "Feature", "properties": {"aeroway": "stand", "ref": "D6", "id": 302359361}, "geometry": {"type": "Point", "coordinates": [55.3719258, 25.2411173]}}, {"type": "Feature", "properties": {"aeroway": "stand", "ref": "D5", "id": 302359363}, "geometry": {"type": "Point", "coordinates": [55.3711659, 25.2415373]}}, {"type": "Feature", "properties": {"aeroway": "stand", "ref": "D4", "id": 302359364}, "geometry": {"type": "Point", "coordinates": [55.370416, 25.2419524]}}, {"type": "Feature", "properties": {"aeroway": "stand", "ref": "D3", "id": 302359365}, "geometry": {"type": "Point", "coordinates": [55.3694661, 25.2424733]}}, {"type": "Feature", "properties": {"aeroway": "stand", "ref": "D2", "id": 302359371}, "geometry": {"type": "Point", "coordinates": [55.3687219, 25.2428814]}}, {"type": "Feature", "properties": {"aeroway": "stand", "ref": "G15", "id": 302385915}, "geometry": {"type": "Point", "coordinates": [55.3823267, 25.2368547]}}, {"type": "Feature", "properties": {"aeroway": "stand", "ref": "G14", "id": 302385993}, "geometry": {"type": "Point", "coordinates": [55.3837244, 25.2368616]}}, {"type": "Feature", "properties": {"aeroway": "stand", "ref": "G14", "id": 302386008}, "geometry": {"type": "Point", "coordinates": [55.3829812, 25.2377838]}}, {"type": "Feature", "properties": {"aeroway": "stand", "ref": "G21", "id": 302386018}, "geometry": {"type": "Point", "coordinates": [55.3854971, 25.2374976]}}, {"type": "Feature", "properties": {"aeroway": "stand", "ref": "G20", "id": 302386090}, "geometry": {"type": "Point", "coordinates": [55.3850921, 25.2369348]}}, {"type": "Feature", "properties": {"aeroway": "stand", "ref": "G19", "id": 302386098}, "geometry": {"type": "Point", "coordinates": [55.3847219, 25.2363525]}}, {"type": "Feature", "properties": {"aeroway": "stand", "ref": "G18", "id": 302386099}, "geometry": {"type": "Point", "coordinates": [55.384325, 25.2357775]}}, {"type": "Feature", "properties": {"aeroway": "stand", "ref": "G17", "id": 302386111}, "geometry": {"type": "Point", "coordinates": [55.3839495, 25.2352243]}}, {"type": "Feature", "properties": {"aeroway": "stand", "ref": "E4", "id": 302387023}, "geometry": {"type": "Point", "coordinates": [55.3534212, 25.2671303]}}, {"type": "Feature", "properties": {"aeroway": "stand", "ref": "E5", "id": 302387061}, "geometry": {"type": "Point", "coordinates": [55.3537837, 25.2669114]}}, {"type": "Feature", "properties": {"aeroway": "stand", "ref": "E6", "id": 302387102}, "geometry": {"type": "Point", "coordinates": [55.3542805, 25.2665839]}}, {"type": "Feature", "properties": {"aeroway": "stand", "ref": "E7L", "id": 302387131}, "geometry": {"type": "Point", "coordinates": [55.3546709, 25.2663772]}}, {"type": "Feature", "properties": {"aeroway": "stand", "ref": "E7R", "id": 302387204}, "geometry": {"type": "Point", "coordinates": [55.3550464, 25.2661602]}}, {"type": "Feature", "properties": {"aeroway": "stand", "ref": "Q1", "id": 302387806}, "geometry": {"type": "Point", "coordinates": [55.3744856, 25.2565688]}}, {"type": "Feature", "properties": {"aeroway": "stand", "ref": "Q2", "id": 302387807}, "geometry": {"type": "Point", "coordinates": [55.3747231, 25.2569221]}}, {"type": "Feature", "properties": {"aeroway": "stand", "ref": "Q3", "id": 302387828}, "geometry": {"type": "Point", "coordinates": [55.3749513, 25.2572616]}}, {"type": "Feature", "properties": {"aeroway": "stand", "ref": "Q4", "id": 302387843}, "geometry": {"type": "Point", "coordinates": [55.3751841, 25.2576078]}}, {"type": "Feature", "properties": {"aeroway": "stand", "ref": "Q5", "id": 302387845}, "geometry": {"type": "Point", "coordinates": [55.3754248, 25.2579658]}}, {"type": "Feature", "properties": {"aeroway": "stand", "ref": "Q6", "id": 302387895}, "geometry": {"type": "Point", "coordinates": [55.375441, 25.25799]}}, {"type": "Feature", "properties": {"aeroway": "stand", "ref": "Q7", "id": 302387905}, "geometry": {"type": "Point", "coordinates": [55.3752078, 25.257643]}}, {"type": "Feature", "properties": {"aeroway": "stand", "ref": "Q8", "id": 302387920}, "geometry": {"type": "Point", "coordinates": [55.3749726, 25.2572932]}}, {"type": "Feature", "properties": {"aeroway": "stand", "ref": "Q9", "id": 302387953}, "geometry": {"type": "Point", "coordinates": [55.3747394, 25.2569463]}}, {"type": "Feature", "properties": {"aeroway": "stand", "ref": "Q10", "id": 302387975}, "geometry": {"type": "Point", "coordinates": [55.3745068, 25.2566004]}}, {"type": "Feature", "properties": {"aeroway": "stand", "ref": "Q11", "id": 302387980}, "geometry": {"type": "Point", "coordinates": [55.3742686, 25.256246]}}, {"type": "Feature", "properties": {"aeroway": "stand", "ref": "E44", "id": 302389719}, "geometry": {"type": "Point", "coordinates": [55.3734166, 25.2561801]}}, {"type": "Feature", "properties": {"aeroway": "stand", "ref": "E44R", "id": 302389741}, "geometry": {"type": "Point", "coordinates": [55.3735453, 25.255986]}}, {"type": "Feature", "properties": {"aeroway": "stand", "ref": "E44L", "id": 302389745}, "geometry": {"type": "Point", "coordinates": [55.3731591, 25.2561898]}}, {"type": "Feature", "properties": {"aeroway": "stand", "ref": "E45", "id": 302389779}, "geometry": {"type": "Point", "coordinates": [55.3747925, 25.2554233]}}, {"type": "Feature", "properties": {"aeroway": "stand", "ref": "E45L", "id": 302389831}, "geometry": {"type": "Point", "coordinates": [55.3745458, 25.25545]}}, {"type": "Feature", "properties": {"aeroway": "stand", "ref": "E45R", "id": 302389836}, "geometry": {"type": "Point", "coordinates": [55.3749213, 25.255239]}}, {"type": "Feature", "properties": {"aeroway": "stand", "ref": "G13", "id": 302391852}, "geometry": {"type": "Point", "coordinates": [55.383067, 25.2381623]}}, {"type": "Feature", "properties": {"aeroway": "stand", "ref": "G12", "id": 302391874}, "geometry": {"type": "Point", "coordinates": [55.3824608, 25.238519]}}, {"type": "Feature", "properties": {"aeroway": "stand", "ref": "G11", "id": 302391883}, "geometry": {"type": "Point", "coordinates": [55.3818122, 25.2387561]}}, {"type": "Feature", "properties": {"aeroway": "stand", "ref": "G10", "id": 302391886}, "geometry": {"type": "Point", "coordinates": [55.3812298, 25.2391959]}}, {"type": "Feature", "properties": {"aeroway": "stand", "ref": "G9", "id": 302391910}, "geometry": {"type": "Point", "coordinates": [55.3806237, 25.2395404]}}, {"type": "Feature", "properties": {"aeroway": "stand", "ref": "G1", "id": 302392925}, "geometry": {"type": "Point", "coordinates": [55.3779752, 25.2409991]}}, {"type": "Feature", "properties": {"aeroway": "stand", "ref": "G2", "id": 302393001}, "geometry": {"type": "Point", "coordinates": [55.3785801, 25.2406463]}}, {"type": "Feature", "properties": {"aeroway": "stand", "ref": "G3", "id": 302393024}, "geometry": {"type": "Point", "coordinates": [55.3791836, 25.2403537]}}, {"type": "Feature", "properties": {"aeroway": "stand", "ref": "E43", "id": 302539444}, "geometry": {"type": "Point", "coordinates": [55.3762328, 25.2546423]}}, {"type": "Feature", "properties": {"aeroway": "stand", "ref": "G4", "id": 326771211}, "geometry": {"type": "Point", "coordinates": [55.3784307, 25.2399744]}}, {"type": "Feature", "properties": {"aeroway": "stand", "ref": "G5", "id": 326771212}, "geometry": {"type": "Point", "coordinates": [55.3780507, 25.2394013]}}, {"type": "Feature", "properties": {"aeroway": "stand", "ref": "G8", "id": 326771213}, "geometry": {"type": "Point", "coordinates": [55.3804937, 25.2388756]}}, {"type": "Feature", "properties": {"aeroway": "stand", "ref": "G7", "id": 326771214}, "geometry": {"type": "Point", "coordinates": [55.380102, 25.238325]}}, {"type": "Feature", "properties": {"aeroway": "stand", "ref": "G6", "id": 326771215}, "geometry": {"type": "Point", "coordinates": [55.3797318, 25.2377463]}}, {"type": "Feature", "properties": {"aeroway": "stand", "ref": "H2", "id": 326771216}, "geometry": {"type": "Point", "coordinates": [55.389291, 25.2345178]}}, {"type": "Feature", "properties": {"aeroway": "stand", "ref": "H1", "id": 326771217}, "geometry": {"type": "Point", "coordinates": [55.3892143, 25.2351842]}}, {"type": "Feature", "properties": {"aeroway": "stand", "ref": "H1", "id": 326771218}, "geometry": {"type": "Point", "coordinates": [55.3892143, 25.2351842]}}, {"type": "Feature", "properties": {"aeroway": "stand", "ref": "H1", "id": 326771219}, "geometry": {"type": "Point", "coordinates": [55.3888575, 25.2348975]}}, {"type": "Feature", "properties": {"aeroway": "stand", "ref": "H1", "id": 326771220}, "geometry": {"type": "Point", "coordinates": [55.393125, 25.2331106]}}, {"type": "Feature", "properties": {"aeroway": "stand", "ref": "H4", "id": 326771222}, "geometry": {"type": "Point", "coordinates": [55.3965943, 25.2316782]}}, {"type": "Feature", "properties": {"aeroway": "stand", "ref": "E17", "id": 326771992}, "geometry": {"type": "Point", "coordinates": [55.3616195, 25.2627418]}}, {"type": "Feature", "properties": {"aeroway": "stand", "ref": "E18", "id": 326771993}, "geometry": {"type": "Point", "coordinates": [55.3623169, 25.2623925]}}, {"type": "Feature", "properties": {"aeroway": "stand", "ref": "E19", "id": 326771994}, "geometry": {"type": "Point", "coordinates": [55.3630411, 25.2619583]}}, {"type": "Feature", "properties": {"aeroway": "stand", "ref": "E20", "id": 326771995}, "geometry": {"type": "Point", "coordinates": [55.3638216, 25.2616041]}}, {"type": "Feature", "properties": {"aeroway": "stand", "ref": "E21", "id": 326771996}, "geometry": {"type": "Point", "coordinates": [55.3644949, 25.2612232]}}, {"type": "Feature", "properties": {"aeroway": "stand", "ref": "E22", "id": 326771997}, "geometry": {"type": "Point", "coordinates": [55.3651171, 25.2608885]}}, {"type": "Feature", "properties": {"aeroway": "stand", "ref": "E23", "id": 326771999}, "geometry": {"type": "Point", "coordinates": [55.3657072, 25.2605174]}}, {"type": "Feature", "properties": {"aeroway": "stand", "ref": "E24", "id": 326772000}, "geometry": {"type": "Point", "coordinates": [55.3662785, 25.2601172]}}, {"type": "Feature", "properties": {"aeroway": "stand", "ref": "E25", "id": 326772001}, "geometry": {"type": "Point", "coordinates": [55.3669303, 25.2598261]}}, {"type": "Feature", "properties": {"aeroway": "stand", "ref": "E26", "id": 326772002}, "geometry": {"type": "Point", "coordinates": [55.367552, 25.2594985]}}, {"type": "Feature", "properties": {"aeroway": "stand", "ref": "E27", "id": 326772003}, "geometry": {"type": "Point", "coordinates": [55.3681561, 25.2591444]}}, {"type": "Feature", "properties": {"aeroway": "stand", "ref": "E28", "id": 326772004}, "geometry": {"type": "Point", "coordinates": [55.3687784, 25.2588048]}}, {"type": "Feature", "properties": {"aeroway": "stand", "ref": "E29", "id": 326772005}, "geometry": {"type": "Point", "coordinates": [55.3693257, 25.258447]}}, {"type": "Feature", "properties": {"aeroway": "stand", "ref": "E30", "id": 326772007}, "geometry": {"type": "Point", "coordinates": [55.3698432, 25.2581887]}}, {"type": "Feature", "properties": {"aeroway": "stand", "ref": "E31", "id": 326772008}, "geometry": {"type": "Point", "coordinates": [55.370149, 25.25782]}}, {"type": "Feature", "properties": {"aeroway": "stand", "ref": "E32", "id": 326772009}, "geometry": {"type": "Point", "coordinates": [55.3705647, 25.257769]}}, {"type": "Feature", "properties": {"aeroway": "stand", "ref": "E33", "id": 326772010}, "geometry": {"type": "Point", "coordinates": [55.3709161, 25.257575]}}, {"type": "Feature", "properties": {"aeroway": "stand", "ref": "E34", "id": 326772011}, "geometry": {"type": "Point", "coordinates": [55.3712728, 25.2574173]}}, {"type": "Feature", "properties": {"aeroway": "stand", "ref": "E35", "id": 326772012}, "geometry": {"type": "Point", "coordinates": [55.3716376, 25.2572038]}}, {"type": "Feature", "properties": {"aeroway": "stand", "ref": "E36", "id": 326772013}, "geometry": {"type": "Point", "coordinates": [55.3719755, 25.2570097]}}, {"type": "Feature", "properties": {"aeroway": "stand", "ref": "E37", "id": 326772014}, "geometry": {"type": "Point", "coordinates": [55.3723645, 25.2568642]}}, {"type": "Feature", "properties": {"aeroway": "stand", "ref": "E38", "id": 326772015}, "geometry": {"type": "Point", "coordinates": [55.3726917, 25.2566774]}}, {"type": "Feature", "properties": {"aeroway": "stand", "ref": null, "id": 447931799}, "geometry": {"type": "Point", "coordinates": [55.380873, 25.2512268]}}, {"type": "Feature", "properties": {"aeroway": "stand", "ref": null, "id": 447931800}, "geometry": {"type": "Point", "coordinates": [55.3799342, 25.2517289]}}, {"type": "Feature", "properties": {"aeroway": "stand", "ref": null, "id": 507829992}, "geometry": {"type": "Point", "coordinates": [55.3904262, 25.234701]}}, {"type": "Feature", "properties": {"aeroway": "stand", "ref": null, "id": 507830063}, "geometry": {"type": "Point", "coordinates": [55.3817421, 25.2507149]}}, {"type": "Feature", "properties": {"aeroway": "stand", "ref": "C60", "id": 507830074}, "geometry": {"type": "Point", "coordinates": [55.3474286, 25.2572282]}}, {"type": "Feature", "properties": {"aeroway": "stand", "ref": "C59", "id": 507830075}, "geometry": {"type": "Point", "coordinates": [55.3468117, 25.2575533]}}, {"type": "Feature", "properties": {"aeroway": "stand", "ref": "C58", "id": 507830076}, "geometry": {"type": "Point", "coordinates": [55.3461814, 25.2578784]}}, {"type": "Feature", "properties": {"aeroway": "stand", "ref": "C57", "id": 507830077}, "geometry": {"type": "Point", "coordinates": [55.3455645, 25.2582204]}}, {"type": "Feature", "properties": {"aeroway": "stand", "ref": "C56", "id": 507830078}, "geometry": {"type": "Point", "coordinates": [55.3449449, 25.2585479]}}, {"type": "Feature", "properties": {"aeroway": "stand", "ref": "C55L", "id": 507830079}, "geometry": {"type": "Point", "coordinates": [55.3444111, 25.25897]}}, {"type": "Feature", "properties": {"aeroway": "stand", "ref": "C55", "id": 507830080}, "geometry": {"type": "Point", "coordinates": [55.3441241, 25.2588948]}}, {"type": "Feature", "properties": {"aeroway": "stand", "ref": "C55R", "id": 507830081}, "geometry": {"type": "Point", "coordinates": [55.3439042, 25.258902]}}, {"type": "Feature", "properties": {"aeroway": "stand", "ref": "C54L", "id": 507830082}, "geometry": {"type": "Point", "coordinates": [55.343585, 25.2593071]}}, {"type": "Feature", "properties": {"aeroway": "stand", "ref": "C54", "id": 507830083}, "geometry": {"type": "Point", "coordinates": [55.3433588, 25.2593519]}}, {"type": "Feature", "properties": {"aeroway": "stand", "ref": "C54R", "id": 507830084}, "geometry": {"type": "Point", "coordinates": [55.3431478, 25.2593654]}}, {"type": "Feature", "properties": {"aeroway": "stand", "ref": "C53L", "id": 507830085}, "geometry": {"type": "Point", "coordinates": [55.3428248, 25.2597709]}}, {"type": "Feature", "properties": {"aeroway": "stand", "ref": "C53", "id": 507830087}, "geometry": {"type": "Point", "coordinates": [55.3425926, 25.2598287]}}, {"type": "Feature", "properties": {"aeroway": "stand", "ref": "C53R", "id": 507830088}, "geometry": {"type": "Point", "coordinates": [55.3423382, 25.2597728]}}, {"type": "Feature", "properties": {"aeroway": "stand", "ref": "C52", "id": 507830090}, "geometry": {"type": "Point", "coordinates": [55.3418711, 25.2601489]}}, {"type": "Feature", "properties": {"aeroway": "stand", "ref": "C51", "id": 507830091}, "geometry": {"type": "Point", "coordinates": [55.3412059, 25.2605758]}}, {"type": "Feature", "properties": {"aeroway": "stand", "ref": "C51R", "id": 507830093}, "geometry": {"type": "Point", "coordinates": [55.341129, 25.260742]}}, {"type": "Feature", "properties": {"aeroway": "stand", "ref": "C50", "id": 507830094}, "geometry": {"type": "Point", "coordinates": [55.3411147, 25.2600567]}}, {"type": "Feature", "properties": {"aeroway": "stand", "ref": "C48", "id": 507830095}, "geometry": {"type": "Point", "coordinates": [55.3402108, 25.2591567]}}, {"type": "Feature", "properties": {"aeroway": "stand", "ref": "C49", "id": 507830096}, "geometry": {"type": "Point", "coordinates": [55.3406346, 25.259557]}}, {"type": "Feature", "properties": {"aeroway": "stand", "ref": "G22", "id": 507830101}, "geometry": {"type": "Point", "coordinates": [55.3884771, 25.2358576]}}, {"type": "Feature", "properties": {"aeroway": "stand", "ref": "A6", "id": 507830107}, "geometry": {"type": "Point", "coordinates": [55.3734703, 25.2447485]}}, {"type": "Feature", "properties": {"aeroway": "stand", "ref": "C37", "id": 507830123}, "geometry": {"type": "Point", "coordinates": [55.3439097, 25.2630038]}}, {"type": "Feature", "properties": {"aeroway": "stand", "ref": "C46", "id": 507830124}, "geometry": {"type": "Point", "coordinates": [55.3392372, 25.2616043]}}, {"type": "Feature", "properties": {"aeroway": "stand", "ref": "C51L", "id": 507830125}, "geometry": {"type": "Point", "coordinates": [55.3413507, 25.2606728]}}, {"type": "Feature", "properties": {"aeroway": "stand", "ref": "C61", "id": 507830129}, "geometry": {"type": "Point", "coordinates": [55.3478014, 25.2570027]}}, {"type": "Feature", "properties": {"aeroway": "stand", "ref": "C62", "id": 507830130}, "geometry": {"type": "Point", "coordinates": [55.3478229, 25.2565927]}}, {"type": "Feature", "properties": {"aeroway": "stand", "ref": "C63", "id": 507830131}, "geometry": {"type": "Point", "coordinates": [55.3474715, 25.256025]}}, {"type": "Feature", "properties": {"aeroway": "stand", "ref": "C64", "id": 507830132}, "geometry": {"type": "Point", "coordinates": [55.3471282, 25.2554283]}}, {"type": "Feature", "properties": {"aeroway": "stand", "ref": null, "id": 507831559}, "geometry": {"type": "Point", "coordinates": [55.3951371, 25.2318712]}}, {"type": "Feature", "properties": {"aeroway": "stand", "ref": null, "id": 507831560}, "geometry": {"type": "Point", "coordinates": [55.3944021, 25.2320702]}}, {"type": "Feature", "properties": {"aeroway": "stand", "ref": null, "id": 507831561}, "geometry": {"type": "Point", "coordinates": [55.3936243, 25.2323201]}}, {"type": "Feature", "properties": {"aeroway": "stand", "ref": null, "id": 507831562}, "geometry": {"type": "Point", "coordinates": [55.391728, 25.2331668]}}, {"type": "Feature", "properties": {"aeroway": "stand", "ref": null, "id": 507831563}, "geometry": {"type": "Point", "coordinates": [55.3910172, 25.2335405]}}, {"type": "Feature", "properties": {"aeroway": "stand", "ref": null, "id": 507831564}, "geometry": {"type": "Point", "coordinates": [55.3904526, 25.2339784]}}, {"type": "Feature", "properties": {"aeroway": "stand", "ref": "S7", "id": 507831565}, "geometry": {"type": "Point", "coordinates": [55.4014404, 25.2365785]}}, {"type": "Feature", "properties": {"aeroway": "stand", "ref": "S6", "id": 507831566}, "geometry": {"type": "Point", "coordinates": [55.401864, 25.2372526]}}, {"type": "Feature", "properties": {"aeroway": "stand", "ref": "S5", "id": 507831567}, "geometry": {"type": "Point", "coordinates": [55.4023388, 25.2379392]}}, {"type": "Feature", "properties": {"aeroway": "stand", "ref": "S4", "id": 507831568}, "geometry": {"type": "Point", "coordinates": [55.4004022, 25.2392081]}}, {"type": "Feature", "properties": {"aeroway": "stand", "ref": "S3", "id": 507831569}, "geometry": {"type": "Point", "coordinates": [55.3998899, 25.2385239]}}, {"type": "Feature", "properties": {"aeroway": "stand", "ref": "S1", "id": 507831570}, "geometry": {"type": "Point", "coordinates": [55.3989136, 25.2391644]}}, {"type": "Feature", "properties": {"aeroway": "stand", "ref": "S2", "id": 507831571}, "geometry": {"type": "Point", "coordinates": [55.3995225, 25.2388102]}}, {"type": "Feature", "properties": {"aeroway": "stand", "ref": "S8", "id": 507831572}, "geometry": {"type": "Point", "coordinates": [55.3983772, 25.2369688]}}, {"type": "Feature", "properties": {"aeroway": "stand", "ref": "S9", "id": 507831573}, "geometry": {"type": "Point", "coordinates": [55.3977589, 25.2372902]}}, {"type": "Feature", "properties": {"aeroway": "stand", "ref": "S10", "id": 507831574}, "geometry": {"type": "Point", "coordinates": [55.3970307, 25.2377645]}}, {"type": "Feature", "properties": {"aeroway": "stand", "ref": "S11", "id": 507831575}, "geometry": {"type": "Point", "coordinates": [55.3964031, 25.2380994]}}, {"type": "Feature", "properties": {"aeroway": "stand", "ref": "S12", "id": 507831576}, "geometry": {"type": "Point", "coordinates": [55.3958184, 25.2384681]}}, {"type": "Feature", "properties": {"aeroway": "stand", "ref": "S13", "id": 507831577}, "geometry": {"type": "Point", "coordinates": [55.3951773, 25.2387908]}}, {"type": "Feature", "properties": {"aeroway": "stand", "ref": "S14", "id": 507831578}, "geometry": {"type": "Point", "coordinates": [55.3945363, 25.2390892]}}, {"type": "Feature", "properties": {"aeroway": "stand", "ref": null, "id": 613147956}, "geometry": {"type": "Point", "coordinates": [55.3785338, 25.2525125]}}, {"type": "Feature", "properties": {"aeroway": "stand", "ref": null, "id": 613147957}, "geometry": {"type": "Point", "coordinates": [55.3785338, 25.2525125]}}, {"type": "Feature", "properties": {"aeroway": "stand", "ref": null, "id": 613147958}, "geometry": {"type": "Point", "coordinates": [55.3786067, 25.2519962]}}, {"type": "Feature", "properties": {"aeroway": "stand", "ref": null, "id": 613147960}, "geometry": {"type": "Point", "coordinates": [55.3771621, 25.2550632]}}, {"type": "Feature", "properties": {"aeroway": "stand", "ref": null, "id": 613147961}, "geometry": {"type": "Point", "coordinates": [55.3773795, 25.2549446]}}, {"type": "Feature", "properties": {"aeroway": "stand", "ref": null, "id": 613147962}, "geometry": {"type": "Point", "coordinates": [55.3778853, 25.2557063]}}, {"type": "Feature", "properties": {"aeroway": "stand", "ref": null, "id": 613147963}, "geometry": {"type": "Point", "coordinates": [55.3776679, 25.2558249]}}, {"type": "Feature", "properties": {"aeroway": "stand", "ref": null, "id": 613147964}, "geometry": {"type": "Point", "coordinates": [55.3784132, 25.2564633]}}, {"type": "Feature", "properties": {"aeroway": "stand", "ref": null, "id": 613147965}, "geometry": {"type": "Point", "coordinates": [55.3781871, 25.2565872]}}, {"type": "Feature", "properties": {"aeroway": "stand", "ref": null, "id": 613147966}, "geometry": {"type": "Point", "coordinates": [55.378912, 25.2572355]}}, {"type": "Feature", "properties": {"aeroway": "stand", "ref": null, "id": 613147967}, "geometry": {"type": "Point", "coordinates": [55.3786946, 25.2573541]}}, {"type": "Feature", "properties": {"aeroway": "stand", "ref": null, "id": 613147968}, "geometry": {"type": "Point", "coordinates": [55.3806169, 25.2562305]}}, {"type": "Feature", "properties": {"aeroway": "stand", "ref": null, "id": 613147969}, "geometry": {"type": "Point", "coordinates": [55.3775146, 25.2569736]}}, {"type": "Feature", "properties": {"aeroway": "stand", "ref": null, "id": 613147970}, "geometry": {"type": "Point", "coordinates": [55.3780822, 25.2577383]}}, {"type": "Feature", "properties": {"aeroway": "stand", "ref": null, "id": 613147971}, "geometry": {"type": "Point", "coordinates": [55.3770253, 25.2562053]}}, {"type": "Feature", "properties": {"aeroway": "stand", "ref": null, "id": 613147972}, "geometry": {"type": "Point", "coordinates": [55.3764812, 25.2554406]}}, {"type": "Feature", "properties": {"aeroway": "stand", "ref": null, "id": 613147973}, "geometry": {"type": "Point", "coordinates": [55.3801151, 25.2553011]}}, {"type": "Feature", "properties": {"aeroway": "stand", "ref": null, "id": 613147974}, "geometry": {"type": "Point", "coordinates": [55.3781324, 25.2528489]}}, {"type": "Feature", "properties": {"aeroway": "stand", "ref": null, "id": 613147975}, "geometry": {"type": "Point", "coordinates": [55.3779387, 25.2523684]}}, {"type": "Feature", "properties": {"aeroway": "stand", "ref": null, "id": 613147976}, "geometry": {"type": "Point", "coordinates": [55.3790532, 25.2523309]}}, {"type": "Feature", "properties": {"aeroway": "stand", "ref": null, "id": 613147977}, "geometry": {"type": "Point", "coordinates": [55.3788435, 25.2518642]}}, {"type": "Feature", "properties": {"aeroway": "stand", "ref": null, "id": 613147987}, "geometry": {"type": "Point", "coordinates": [55.3825967, 25.2359906]}}, {"type": "Feature", "properties": {"aeroway": "stand", "ref": "S15", "id": 766890749}, "geometry": {"type": "Point", "coordinates": [55.3940701, 25.2394133]}}, {"type": "Feature", "properties": {"aeroway": "stand", "ref": "B9", "id": 766894885}, "geometry": {"type": "Point", "coordinates": [55.3549254, 25.2515129]}}, {"type": "Feature", "properties": {"aeroway": "stand", "ref": "B10", "id": 766894886}, "geometry": {"type": "Point", "coordinates": [55.3557595, 25.251047]}}, {"type": "Feature", "properties": {"aeroway": "stand", "ref": "B26R", "id": 1059547929}, "geometry": {"type": "Point", "coordinates": [55.3656001, 25.2455341]}}, {"type": "Feature", "properties": {"aeroway": "stand", "ref": "C28", "id": 1059547930}, "geometry": {"type": "Point", "coordinates": [55.3453943, 25.2639483]}}, {"type": "Feature", "properties": {"aeroway": "stand", "ref": "C31", "id": 1059547941}, "geometry": {"type": "Point", "coordinates": [55.3401773, 25.2656113]}}, {"type": "Feature", "properties": {"aeroway": "stand", "ref": "B18R", "id": 1059552606}, "geometry": {"type": "Point", "coordinates": [55.3602517, 25.2482925]}}, {"type": "Feature", "properties": {"aeroway": "stand", "ref": "B21L", "id": 1059566032}, "geometry": {"type": "Point", "coordinates": [55.3624046, 25.2472233]}}, {"type": "Feature", "properties": {"aeroway": "stand", "ref": "B5", "id": 1059566033}, "geometry": {"type": "Point", "coordinates": [55.3527034, 25.2527285]}}, {"type": "Feature", "properties": {"aeroway": "stand", "ref": "E14", "id": 1059571433}, "geometry": {"type": "Point", "coordinates": [55.3597917, 25.2637868]}}, {"type": "Feature", "properties": {"aeroway": "stand", "ref": "E15", "id": 1059571434}, "geometry": {"type": "Point", "coordinates": [55.3603885, 25.263423]}}, {"type": "Feature", "properties": {"aeroway": "stand", "ref": "E16", "id": 1059571435}, "geometry": {"type": "Point", "coordinates": [55.3610658, 25.2631586]}}, {"type": "Feature", "properties": {"aeroway": "stand", "ref": "E8", "id": 1059571436}, "geometry": {"type": "Point", "coordinates": [55.3550457, 25.2650629]}}, {"type": "Feature", "properties": {"aeroway": "stand", "ref": "E9L", "id": 1059571437}, "geometry": {"type": "Point", "coordinates": [55.3554313, 25.2648507]}}, {"type": "Feature", "properties": {"aeroway": "stand", "ref": "E9R", "id": 1059571438}, "geometry": {"type": "Point", "coordinates": [55.3558092, 25.2646403]}}, {"type": "Feature", "properties": {"aeroway": "stand", "ref": "E10L", "id": 1059571439}, "geometry": {"type": "Point", "coordinates": [55.3561936, 25.2644264]}}, {"type": "Feature", "properties": {"aeroway": "stand", "ref": "E10R", "id": 1059571440}, "geometry": {"type": "Point", "coordinates": [55.3565616, 25.2642215]}}, {"type": "Feature", "properties": {"aeroway": "stand", "ref": "E13", "id": 1059571441}, "geometry": {"type": "Point", "coordinates": [55.3584717, 25.2631579]}}, {"type": "Feature", "properties": {"aeroway": "stand", "ref": "E12R", "id": 1059571442}, "geometry": {"type": "Point", "coordinates": [55.3581068, 25.2633611]}}, {"type": "Feature", "properties": {"aeroway": "stand", "ref": "E12L", "id": 1059571443}, "geometry": {"type": "Point", "coordinates": [55.3577115, 25.2635812]}}, {"type": "Feature", "properties": {"aeroway": "stand", "ref": "E11R", "id": 1059571444}, "geometry": {"type": "Point", "coordinates": [55.3573356, 25.2637905]}}, {"type": "Feature", "properties": {"aeroway": "stand", "ref": "E11L", "id": 1059571445}, "geometry": {"type": "Point", "coordinates": [55.3569201, 25.2640218]}}]}