{"type": "FeatureCollection", "icao": "VIDP", "center": [77.1, 28.5562], "features": [{"type": "Feature", "properties": {"aeroway": "gate", "ref": "62", "name": null, "surface": null, "id": 1919989636}, "geometry": {"type": "Point", "coordinates": [77.0903028, 28.5491141]}}, {"type": "Feature", "properties": {"aeroway": "gate", "ref": "60", "name": null, "surface": null, "id": 1919989638}, "geometry": {"type": "Point", "coordinates": [77.0900409, 28.5494562]}}, {"type": "Feature", "properties": {"aeroway": "gate", "ref": "55", "name": null, "surface": null, "id": 1919989639}, "geometry": {"type": "Point", "coordinates": [77.0890865, 28.5497022]}}, {"type": "Feature", "properties": {"aeroway": "gate", "ref": "58", "name": null, "surface": null, "id": 1919989640}, "geometry": {"type": "Point", "coordinates": [77.089813, 28.5498147]}}, {"type": "Feature", "properties": {"aeroway": "gate", "ref": "56", "name": null, "surface": null, "id": 1919989642}, "geometry": {"type": "Point", "coordinates": [77.0895966, 28.5501627]}}, {"type": "Feature", "properties": {"aeroway": "gate", "ref": "51", "name": null, "surface": null, "id": 1919989653}, "geometry": {"type": "Point", "coordinates": [77.0885629, 28.5504876]}}, {"type": "Feature", "properties": {"aeroway": "gate", "ref": "54", "name": null, "surface": null, "id": 1919989655}, "geometry": {"type": "Point", "coordinates": [77.0893577, 28.5505192]}}, {"type": "Feature", "properties": {"aeroway": "gate", "ref": "49", "name": null, "surface": null, "id": 1919989665}, "geometry": {"type": "Point", "coordinates": [77.088353, 28.5508177]}}, {"type": "Feature", "properties": {"aeroway": "gate", "ref": "52", "name": null, "surface": null, "id": 1919989677}, "geometry": {"type": "Point", "coordinates": [77.0891087, 28.5508689]}}, {"type": "Feature", "properties": {"aeroway": "gate", "ref": "47", "name": null, "surface": null, "id": 1919989684}, "geometry": {"type": "Point", "coordinates": [77.0880835, 28.5511797]}}, {"type": "Feature", "properties": {"aeroway": "gate", "ref": "50", "name": null, "surface": null, "id": 1919989686}, "geometry": {"type": "Point", "coordinates": [77.0888985, 28.5511908]}}, {"type": "Feature", "properties": {"aeroway": "gate", "ref": "33", "name": null, "surface": null, "id": 1919989690}, "geometry": {"type": "Point", "coordinates": [77.0819769, 28.5513052]}}, {"type": "Feature", "properties": {"aeroway": "gate", "ref": "36", "name": null, "surface": null, "id": 1919989709}, "geometry": {"type": "Point", "coordinates": [77.0804263, 28.5515082]}}, {"type": "Feature", "properties": {"aeroway": "gate", "ref": "45", "name": null, "surface": null, "id": 1919989717}, "geometry": {"type": "Point", "coordinates": [77.0878658, 28.5515166]}}, {"type": "Feature", "properties": {"aeroway": "gate", "ref": "48", "name": null, "surface": null, "id": 1919989724}, "geometry": {"type": "Point", "coordinates": [77.0886633, 28.5515657]}}, {"type": "Feature", "properties": {"aeroway": "gate", "ref": "31", "name": null, "surface": null, "id": 1919989727}, "geometry": {"type": "Point", "coordinates": [77.0824157, 28.5515838]}}, {"type": "Feature", "properties": {"aeroway": "gate", "ref": "34", "name": null, "surface": null, "id": 1919989742}, "geometry": {"type": "Point", "coordinates": [77.0811923, 28.5516531]}}, {"type": "Feature", "properties": {"aeroway": "gate", "ref": "43", "name": null, "surface": null, "id": 1919989758}, "geometry": {"type": "Point", "coordinates": [77.0876247, 28.5518763]}}, {"type": "Feature", "properties": {"aeroway": "gate", "ref": "46", "name": null, "surface": null, "id": 1919989764}, "geometry": {"type": "Point", "coordinates": [77.0884355, 28.551917]}}, {"type": "Feature", "properties": {"aeroway": "gate", "ref": "29", "name": null, "surface": null, "id": 1919989767}, "geometry": {"type": "Point", "coordinates": [77.0832889, 28.552004]}}, {"type": "Feature", "properties": {"aeroway": "gate", "ref": "32", "name": null, "surface": null, "id": 1919989772}, "geometry": {"type": "Point", "coordinates": [77.081929, 28.5520298]}}, {"type": "Feature", "properties": {"aeroway": "gate", "ref": "44", "name": null, "surface": null, "id": 1919989781}, "geometry": {"type": "Point", "coordinates": [77.0880555, 28.5521877]}}, {"type": "Feature", "properties": {"aeroway": "gate", "ref": "41", "name": null, "surface": null, "id": 1919989783}, "geometry": {"type": "Point", "coordinates": [77.0869975, 28.5522178]}}, {"type": "Feature", "properties": {"aeroway": "gate", "ref": "30", "name": null, "surface": null, "id": 1919989789}, "geometry": {"type": "Point", "coordinates": [77.0826621, 28.5524097]}}, {"type": "Feature", "properties": {"aeroway": "gate", "ref": "27", "name": null, "surface": null, "id": 1919989792}, "geometry": {"type": "Point", "coordinates": [77.0840759, 28.5524259]}}, {"type": "Feature", "properties": {"aeroway": "gate", "ref": "42", "name": null, "surface": null, "id": 1919989803}, "geometry": {"type": "Point", "coordinates": [77.0878508, 28.5524882]}}, {"type": "Feature", "properties": {"aeroway": "gate", "ref": "39", "name": null, "surface": null, "id": 1919989808}, "geometry": {"type": "Point", "coordinates": [77.0863315, 28.5525615]}}, {"type": "Feature", "properties": {"aeroway": "gate", "ref": "37", "name": null, "surface": null, "id": 1919989818}, "geometry": {"type": "Point", "coordinates": [77.0855099, 28.5527505]}}, {"type": "Feature", "properties": {"aeroway": "gate", "ref": "28", "name": null, "surface": null, "id": 1919989824}, "geometry": {"type": "Point", "coordinates": [77.0833841, 28.5528025]}}, {"type": "Feature", "properties": {"aeroway": "gate", "ref": "26", "name": null, "surface": null, "id": 1919989836}, "geometry": {"type": "Point", "coordinates": [77.078761, 28.5537332]}}, {"type": "Feature", "properties": {"aeroway": "gate", "ref": "24", "name": null, "surface": null, "id": 1919989837}, "geometry": {"type": "Point", "coordinates": [77.0794867, 28.5541043]}}, {"type": "Feature", "properties": {"aeroway": "gate", "ref": "22", "name": null, "surface": null, "id": 1919989839}, "geometry": {"type": "Point", "coordinates": [77.080215, 28.5544776]}}, {"type": "Feature", "properties": {"aeroway": "gate", "ref": "20", "name": null, "surface": null, "id": 1919989840}, "geometry": {"type": "Point", "coordinates": [77.0809277, 28.554835]}}, {"type": "Feature", "properties": {"aeroway": "gate", "ref": "21", "name": null, "surface": null, "id": 1919989841}, "geometry": {"type": "Point", "coordinates": [77.0798575, 28.5550471]}}, {"type": "Feature", "properties": {"aeroway": "gate", "ref": "18", "name": null, "surface": null, "id": 1919989842}, "geometry": {"type": "Point", "coordinates": [77.0816171, 28.5551788]}}, {"type": "Feature", "properties": {"aeroway": "gate", "ref": "19", "name": null, "surface": null, "id": 1919989845}, "geometry": {"type": "Point", "coordinates": [77.0806602, 28.5554527]}}, {"type": "Feature", "properties": {"aeroway": "gate", "ref": "17", "name": null, "surface": null, "id": 1919989846}, "geometry": {"type": "Point", "coordinates": [77.0815216, 28.5558938]}}, {"type": "Feature", "properties": {"aeroway": "gate", "ref": "15", "name": null, "surface": null, "id": 1919989858}, "geometry": {"type": "Point", "coordinates": [77.0823206, 28.5562833]}}, {"type": "Feature", "properties": {"aeroway": "gate", "ref": "01", "name": null, "surface": null, "id": 1919989880}, "geometry": {"type": "Point", "coordinates": [77.0829034, 28.557365]}}, {"type": "Feature", "properties": {"aeroway": "gate", "ref": "03", "name": null, "surface": null, "id": 1919989881}, "geometry": {"type": "Point", "coordinates": [77.0831233, 28.558099]}}, {"type": "Feature", "properties": {"aeroway": "gate", "ref": "04", "name": null, "surface": null, "id": 1919989883}, "geometry": {"type": "Point", "coordinates": [77.0834694, 28.5590995]}}, {"type": "Feature", "properties": {"aeroway": "gate", "ref": "07", "name": null, "surface": null, "id": 1919989884}, "geometry": {"type": "Point", "coordinates": [77.0827531, 28.5592387]}}, {"type": "Feature", "properties": {"aeroway": "gate", "ref": "06", "name": null, "surface": null, "id": 1919989885}, "geometry": {"type": "Point", "coordinates": [77.0834575, 28.5598473]}}, {"type": "Feature", "properties": {"aeroway": "gate", "ref": "09", "name": null, "surface": null, "id": 1919989887}, "geometry": {"type": "Point", "coordinates": [77.0822619, 28.5599501]}}, {"type": "Feature", "properties": {"aeroway": "gate", "ref": "08", "name": null, "surface": null, "id": 1919989888}, "geometry": {"type": "Point", "coordinates": [77.0829806, 28.5601706]}}, {"type": "Feature", "properties": {"aeroway": "gate", "ref": "11", "name": null, "surface": null, "id": 1919989889}, "geometry": {"type": "Point", "coordinates": [77.0817745, 28.5606938]}}, {"type": "Feature", "properties": {"aeroway": "gate", "ref": "10", "name": null, "surface": null, "id": 1919989890}, "geometry": {"type": "Point", "coordinates": [77.0825608, 28.560808]}}, {"type": "Feature", "properties": {"aeroway": "gate", "ref": "13", "name": null, "surface": null, "id": 1919989891}, "geometry": {"type": "Point", "coordinates": [77.081342, 28.5613441]}}, {"type": "Feature", "properties": {"aeroway": "gate", "ref": "12", "name": null, "surface": null, "id": 1919989893}, "geometry": {"type": "Point", "coordinates": [77.0821227, 28.5614613]}}, {"type": "Feature", "properties": {"aeroway": "gate", "ref": "14", "name": null, "surface": null, "id": 1919989894}, "geometry": {"type": "Point", "coordinates": [77.0817184, 28.562126]}}, {"type": "Feature", "properties": {"aeroway": "parking_position", "ref": "Bay 86", "name": null, "surface": null, "id": 5497599493}, "geometry": {"type": "Point", "coordinates": [77.0861452, 28.5634556]}}, {"type": "Feature", "properties": {"aeroway": "parking_position", "ref": "Bay 87", "name": null, "surface": null, "id": 5497599494}, "geometry": {"type": "Point", "coordinates": [77.0855519, 28.5635747]}}, {"type": "Feature", "properties": {"aeroway": "parking_position", "ref": "Bay 88", "name": null, "surface": null, "id": 5497599495}, "geometry": {"type": "Point", "coordinates": [77.0848116, 28.5637208]}}, {"type": "Feature", "properties": {"aeroway": "parking_position", "ref": "Bay 49", "name": null, "surface": null, "id": 5497599496}, "geometry": {"type": "Point", "coordinates": [77.0868228, 28.5599501]}}, {"type": "Feature", "properties": {"aeroway": "parking_position", "ref": "Bay 48", "name": null, "surface": null, "id": 5497599497}, "geometry": {"type": "Point", "coordinates": [77.0874492, 28.5602112]}}, {"type": "Feature", "properties": {"aeroway": "parking_position", "ref": "Bay 47", "name": null, "surface": null, "id": 5497599498}, "geometry": {"type": "Point", "coordinates": [77.0881203, 28.5604695]}}, {"type": "Feature", "properties": {"aeroway": "parking_position", "ref": "Bay 46", "name": null, "surface": null, "id": 5497599499}, "geometry": {"type": "Point", "coordinates": [77.0886786, 28.5603915]}}, {"type": "Feature", "properties": {"aeroway": "parking_position", "ref": "Bay 44", "name": null, "surface": null, "id": 5497599500}, "geometry": {"type": "Point", "coordinates": [77.0890702, 28.5594714]}}, {"type": "Feature", "properties": {"aeroway": "parking_position", "ref": "Bay 45", "name": null, "surface": null, "id": 5497599501}, "geometry": {"type": "Point", "coordinates": [77.0890325, 28.5600058]}}, {"type": "Feature", "properties": {"aeroway": "parking_position", "ref": "Bay 43", "name": null, "surface": null, "id": 5497599502}, "geometry": {"type": "Point", "coordinates": [77.0889427, 28.5588404]}}, {"type": "Feature", "properties": {"aeroway": "parking_position", "ref": "Bay 42", "name": null, "surface": null, "id": 5497602248}, "geometry": {"type": "Point", "coordinates": [77.0888726, 28.5583211]}}, {"type": "Feature", "properties": {"aeroway": "parking_position", "ref": "Bay 41", "name": null, "surface": null, "id": 5497602249}, "geometry": {"type": "Point", "coordinates": [77.0888195, 28.5578811]}}, {"type": "Feature", "properties": {"aeroway": "windsock", "ref": null, "name": null, "surface": null, "id": 8372524109}, "geometry": {"type": "Point", "coordinates": [77.0915651, 28.5671943]}}, {"type": "Feature", "properties": {"aeroway": "windsock", "ref": null, "name": null, "surface": null, "id": 8372524110}, "geometry": {"type": "Point", "coordinates": [77.0924737, 28.5714426]}}, {"type": "Feature", "properties": {"aeroway": "windsock", "ref": null, "name": null, "surface": null, "id": 8372524111}, "geometry": {"type": "Point", "coordinates": [77.1078176, 28.5710372]}}, {"type": "Feature", "properties": {"aeroway": "windsock", "ref": null, "name": null, "surface": null, "id": 8372524112}, "geometry": {"type": "Point", "coordinates": [77.1184336, 28.558188]}}, {"type": "Feature", "properties": {"aeroway": "holding_position", "ref": null, "name": null, "surface": null, "id": 8373361403}, "geometry": {"type": "Point", "coordinates": [77.1118117, 28.5417918]}}, {"type": "Feature", "properties": {"aeroway": "holding_position", "ref": null, "name": null, "surface": null, "id": 8373361409}, "geometry": {"type": "Point", "coordinates": [77.1096236, 28.5422546]}}, {"type": "Feature", "properties": {"aeroway": "windsock", "ref": null, "name": null, "surface": null, "id": 8440415520}, "geometry": {"type": "Point", "coordinates": [77.0668159, 28.5480602]}}, {"type": "Feature", "properties": {"aeroway": "windsock", "ref": null, "name": null, "surface": null, "id": 8440415521}, "geometry": {"type": "Point", "coordinates": [77.0723909, 28.5468738]}}, {"type": "Feature", "properties": {"aeroway": "windsock", "ref": null, "name": null, "surface": null, "id": 8440415523}, "geometry": {"type": "Point", "coordinates": [77.0937963, 28.5422678]}}, {"type": "Feature", "properties": {"aeroway": "windsock", "ref": null, "name": null, "surface": null, "id": 8440415524}, "geometry": {"type": "Point", "coordinates": [77.1082013, 28.5368685]}}, {"type": "Feature", "properties": {"aeroway": "holding_position", "ref": null, "name": null, "surface": null, "id": 8628220315}, "geometry": {"type": "Point", "coordinates": [77.0902958, 28.5670089]}}, {"type": "Feature", "properties": {"aeroway": "holding_position", "ref": null, "name": null, "surface": null, "id": 8628220316}, "geometry": {"type": "Point", "coordinates": [77.0907954, 28.5648194]}}, {"type": "Feature", "properties": {"aeroway": "holding_position", "ref": null, "name": null, "surface": null, "id": 8628229767}, "geometry": {"type": "Point", "coordinates": [77.1086403, 28.5389197]}}, {"type": "Feature", "properties": {"aeroway": "holding_position", "ref": null, "name": null, "surface": null, "id": 8628229768}, "geometry": {"type": "Point", "coordinates": [77.1096156, 28.538707]}}, {"type": "Feature", "properties": {"aeroway": "holding_position", "ref": null, "name": null, "surface": null, "id": 8628229769}, "geometry": {"type": "Point", "coordinates": [77.1105756, 28.538503]}}, {"type": "Feature", "properties": {"aeroway": "holding_position", "ref": null, "name": null, "surface": null, "id": 8628251617}, "geometry": {"type": "Point", "coordinates": [77.0931305, 28.5642231]}}, {"type": "Feature", "properties": {"aeroway": "holding_position", "ref": null, "name": null, "surface": null, "id": 8628251620}, "geometry": {"type": "Point", "coordinates": [77.0841044, 28.566482]}}, {"type": "Feature", "properties": {"aeroway": "holding_position", "ref": null, "name": null, "surface": null, "id": 8628251621}, "geometry": {"type": "Point", "coordinates": [77.0864262, 28.5684081]}}, {"type": "Feature", "properties": {"aeroway": "holding_position", "ref": null, "name": null, "surface": null, "id": 8628251622}, "geometry": {"type": "Point", "coordinates": [77.0876694, 28.5696928]}}, {"type": "Feature", "properties": {"aeroway": "holding_position", "ref": null, "name": null, "surface": null, "id": 8628251623}, "geometry": {"type": "Point", "coordinates": [77.0897226, 28.5696629]}}, {"type": "Feature", "properties": {"aeroway": "holding_position", "ref": null, "name": null, "surface": null, "id": 8628251624}, "geometry": {"type": "Point", "coordinates": [77.0935339, 28.5712299]}}, {"type": "Feature", "properties": {"aeroway": "holding_position", "ref": null, "name": null, "surface": null, "id": 8628251629}, "geometry": {"type": "Point", "coordinates": [77.104649, 28.5397724]}}, {"type": "Feature", "properties": {"aeroway": "holding_position", "ref": null, "name": null, "surface": null, "id": 8628304243}, "geometry": {"type": "Point", "coordinates": [77.0686264, 28.5475238]}}, {"type": "Feature", "properties": {"aeroway": "holding_position", "ref": null, "name": null, "surface": null, "id": 8628304244}, "geometry": {"type": "Point", "coordinates": [77.0676525, 28.5477194]}}, {"type": "Feature", "properties": {"aeroway": "holding_position", "ref": null, "name": null, "surface": null, "id": 8628304245}, "geometry": {"type": "Point", "coordinates": [77.0658617, 28.5480906]}}, {"type": "Feature", "properties": {"aeroway": "holding_position", "ref": null, "name": null, "surface": null, "id": 8628304246}, "geometry": {"type": "Point", "coordinates": [77.0649192, 28.5483009]}}, {"type": "Feature", "properties": {"aeroway": "holding_position", "ref": null, "name": null, "surface": null, "id": 8628334179}, "geometry": {"type": "Point", "coordinates": [77.1049912, 28.5409965]}}, {"type": "Feature", "properties": {"aeroway": "holding_position", "ref": null, "name": null, "surface": null, "id": 10976052568}, "geometry": {"type": "Point", "coordinates": [77.1105997, 28.5420556]}}, {"type": "Feature", "properties": {"aeroway": "holding_position", "ref": null, "name": null, "surface": null, "id": 10980102454}, "geometry": {"type": "Point", "coordinates": [77.0887176, 28.5697127]}}, {"type": "Feature", "properties": {"aeroway": "parking_position", "ref": "178", "name": null, "surface": null, "id": 11425390592}, "geometry": {"type": "Point", "coordinates": [77.1077831, 28.5642703]}}, {"type": "Feature", "properties": {"aeroway": "parking_position", "ref": "177", "name": null, "surface": null, "id": 11425390593}, "geometry": {"type": "Point", "coordinates": [77.1078748, 28.5646186]}}, {"type": "Feature", "properties": {"aeroway": "parking_position", "ref": "176", "name": null, "surface": null, "id": 11425390594}, "geometry": {"type": "Point", "coordinates": [77.1079762, 28.5649832]}}, {"type": "Feature", "properties": {"aeroway": "parking_position", "ref": "175", "name": null, "surface": null, "id": 11425390595}, "geometry": {"type": "Point", "coordinates": [77.1080728, 28.565338]}}, {"type": "Feature", "properties": {"aeroway": "parking_position", "ref": "174", "name": null, "surface": null, "id": 11425390596}, "geometry": {"type": "Point", "coordinates": [77.1081681, 28.5656907]}}, {"type": "Feature", "properties": {"aeroway": "parking_position", "ref": "173", "name": null, "surface": null, "id": 11425390597}, "geometry": {"type": "Point", "coordinates": [77.1083822, 28.5664547]}}, {"type": "Feature", "properties": {"aeroway": "parking_position", "ref": "172", "name": null, "surface": null, "id": 11425390609}, "geometry": {"type": "Point", "coordinates": [77.1084819, 28.5668039]}}, {"type": "Feature", "properties": {"aeroway": "parking_position", "ref": "171", "name": null, "surface": null, "id": 11425390610}, "geometry": {"type": "Point", "coordinates": [77.1085874, 28.5671563]}}, {"type": "Feature", "properties": {"aeroway": "parking_position", "ref": "170", "name": null, "surface": null, "id": 11425390611}, "geometry": {"type": "Point", "coordinates": [77.1086865, 28.5675075]}}, {"type": "Feature", "properties": {"aeroway": "parking_position", "ref": "160R", "name": null, "surface": null, "id": 11425390619}, "geometry": {"type": "Point", "coordinates": [77.1095172, 28.5674013]}}, {"type": "Feature", "properties": {"aeroway": "parking_position", "ref": "160L", "name": null, "surface": null, "id": 11425390620}, "geometry": {"type": "Point", "coordinates": [77.1094175, 28.5670415]}}, {"type": "Feature", "properties": {"aeroway": "parking_position", "ref": "161R", "name": null, "surface": null, "id": 11425390621}, "geometry": {"type": "Point", "coordinates": [77.109324, 28.5666831]}}, {"type": "Feature", "properties": {"aeroway": "parking_position", "ref": "161L", "name": null, "surface": null, "id": 11425390622}, "geometry": {"type": "Point", "coordinates": [77.1092151, 28.5663359]}}, {"type": "Feature", "properties": {"aeroway": "parking_position", "ref": "162", "name": null, "surface": null, "id": 11425390623}, "geometry": {"type": "Point", "coordinates": [77.1091011, 28.5659787]}}, {"type": "Feature", "properties": {"aeroway": "parking_position", "ref": "163R", "name": null, "surface": null, "id": 11425390624}, "geometry": {"type": "Point", "coordinates": [77.1089684, 28.5655086]}}, {"type": "Feature", "properties": {"aeroway": "parking_position", "ref": "163L", "name": null, "surface": null, "id": 11425390625}, "geometry": {"type": "Point", "coordinates": [77.1088687, 28.5651438]}}, {"type": "Feature", "properties": {"aeroway": "parking_position", "ref": "164R", "name": null, "surface": null, "id": 11425390626}, "geometry": {"type": "Point", "coordinates": [77.1087855, 28.5647874]}}, {"type": "Feature", "properties": {"aeroway": "parking_position", "ref": "164L", "name": null, "surface": null, "id": 11425390627}, "geometry": {"type": "Point", "coordinates": [77.108693, 28.5644356]}}, {"type": "Feature", "properties": {"aeroway": "parking_position", "ref": "165", "name": null, "surface": null, "id": 11425390628}, "geometry": {"type": "Point", "coordinates": [77.1085959, 28.5640691]}}, {"type": "Feature", "properties": {"aeroway": "parking_position", "ref": "150", "name": null, "surface": null, "id": 11425390641}, "geometry": {"type": "Point", "coordinates": [77.1114825, 28.567468]}}, {"type": "Feature", "properties": {"aeroway": "parking_position", "ref": "151", "name": null, "surface": null, "id": 11425390642}, "geometry": {"type": "Point", "coordinates": [77.1113913, 28.5671005]}}, {"type": "Feature", "properties": {"aeroway": "parking_position", "ref": "152", "name": null, "surface": null, "id": 11425390643}, "geometry": {"type": "Point", "coordinates": [77.1112867, 28.5667495]}}, {"type": "Feature", "properties": {"aeroway": "parking_position", "ref": "153", "name": null, "surface": null, "id": 11425390644}, "geometry": {"type": "Point", "coordinates": [77.1111875, 28.5663961]}}, {"type": "Feature", "properties": {"aeroway": "parking_position", "ref": "154", "name": null, "surface": null, "id": 11425390645}, "geometry": {"type": "Point", "coordinates": [77.1110882, 28.5660404]}}, {"type": "Feature", "properties": {"aeroway": "parking_position", "ref": "155", "name": null, "surface": null, "id": 11425390646}, "geometry": {"type": "Point", "coordinates": [77.1108138, 28.5650755]}}, {"type": "Feature", "properties": {"aeroway": "parking_position", "ref": "156", "name": null, "surface": null, "id": 11425390647}, "geometry": {"type": "Point", "coordinates": [77.1107213, 28.5647183]}}, {"type": "Feature", "properties": {"aeroway": "parking_position", "ref": "157", "name": null, "surface": null, "id": 11425390648}, "geometry": {"type": "Point", "coordinates": [77.1106258, 28.5643638]}}, {"type": "Feature", "properties": {"aeroway": "parking_position", "ref": "158", "name": null, "surface": null, "id": 11425390649}, "geometry": {"type": "Point", "coordinates": [77.1105242, 28.5640012]}}, {"type": "Feature", "properties": {"aeroway": "parking_position", "ref": "159", "name": null, "surface": null, "id": 11425390650}, "geometry": {"type": "Point", "coordinates": [77.1104286, 28.5636575]}}, {"type": "Feature", "properties": {"aeroway": "parking_position", "ref": "149B", "name": null, "surface": null, "id": 11425390651}, "geometry": {"type": "Point", "coordinates": [77.1118465, 28.5633274]}}, {"type": "Feature", "properties": {"aeroway": "parking_position", "ref": "149A", "name": null, "surface": null, "id": 11425390652}, "geometry": {"type": "Point", "coordinates": [77.1119451, 28.5636819]}}, {"type": "Feature", "properties": {"aeroway": "parking_position", "ref": "149", "name": null, "surface": null, "id": 11425390653}, "geometry": {"type": "Point", "coordinates": [77.1120467, 28.5640337]}}, {"type": "Feature", "properties": {"aeroway": "parking_position", "ref": "148", "name": null, "surface": null, "id": 11425390654}, "geometry": {"type": "Point", "coordinates": [77.1121453, 28.5643854]}}, {"type": "Feature", "properties": {"aeroway": "parking_position", "ref": "252", "name": null, "surface": null, "id": 11425390664}, "geometry": {"type": "Point", "coordinates": [77.1025497, 28.5596036]}}, {"type": "Feature", "properties": {"aeroway": "parking_position", "ref": "253", "name": null, "surface": null, "id": 11425390668}, "geometry": {"type": "Point", "coordinates": [77.1018031, 28.5597842]}}, {"type": "Feature", "properties": {"aeroway": "parking_position", "ref": "254", "name": null, "surface": null, "id": 11425408371}, "geometry": {"type": "Point", "coordinates": [77.1006323, 28.5600377]}}, {"type": "Feature", "properties": {"aeroway": "parking_position", "ref": "255", "name": null, "surface": null, "id": 11425408372}, "geometry": {"type": "Point", "coordinates": [77.0998763, 28.5602093]}}, {"type": "Feature", "properties": {"aeroway": "parking_position", "ref": "256", "name": null, "surface": null, "id": 11425408376}, "geometry": {"type": "Point", "coordinates": [77.0987258, 28.5604753]}}, {"type": "Feature", "properties": {"aeroway": "parking_position", "ref": "257", "name": null, "surface": null, "id": 11425408377}, "geometry": {"type": "Point", "coordinates": [77.097973, 28.5606347]}}, {"type": "Feature", "properties": {"aeroway": "parking_position", "ref": "260", "name": null, "surface": null, "id": 11425408379}, "geometry": {"type": "Point", "coordinates": [77.1031121, 28.5573334]}}, {"type": "Feature", "properties": {"aeroway": "parking_position", "ref": "261", "name": null, "surface": null, "id": 11425408380}, "geometry": {"type": "Point", "coordinates": [77.1017744, 28.5576149]}}, {"type": "Feature", "properties": {"aeroway": "parking_position", "ref": "262", "name": null, "surface": null, "id": 11425408381}, "geometry": {"type": "Point", "coordinates": [77.1010589, 28.557772]}}, {"type": "Feature", "properties": {"aeroway": "parking_position", "ref": "263", "name": null, "surface": null, "id": 11425408382}, "geometry": {"type": "Point", "coordinates": [77.099778, 28.5581128]}}, {"type": "Feature", "properties": {"aeroway": "parking_position", "ref": "264", "name": null, "surface": null, "id": 11425408383}, "geometry": {"type": "Point", "coordinates": [77.0990549, 28.5582615]}}, {"type": "Feature", "properties": {"aeroway": "parking_position", "ref": "265", "name": null, "surface": null, "id": 11425408384}, "geometry": {"type": "Point", "coordinates": [77.0976731, 28.5585757]}}, {"type": "Feature", "properties": {"aeroway": "windsock", "ref": null, "name": null, "surface": null, "id": 11738557324}, "geometry": {"type": "Point", "coordinates": [77.0707018, 28.5510371]}}, {"type": "Feature", "properties": {"aeroway": "windsock", "ref": null, "name": null, "surface": null, "id": 11941920723}, "geometry": {"type": "Point", "coordinates": [77.1031947, 28.5436743]}}, {"type": "Feature", "properties": {"aeroway": "windsock", "ref": null, "name": null, "surface": null, "id": 11941938391}, "geometry": {"type": "Point", "coordinates": [77.1082953, 28.5425751]}}, {"type": "Feature", "properties": {"aeroway": "parking_position", "ref": "123", "name": null, "surface": null, "id": 13138337836}, "geometry": {"type": "Point", "coordinates": [77.1176853, 28.5675022]}}, {"type": "Feature", "properties": {"aeroway": "parking_position", "ref": "124", "name": null, "surface": null, "id": 13138337837}, "geometry": {"type": "Point", "coordinates": [77.1176787, 28.5671346]}}, {"type": "Feature", "properties": {"aeroway": "parking_position", "ref": "125", "name": null, "surface": null, "id": 13138337838}, "geometry": {"type": "Point", "coordinates": [77.1176721, 28.5667676]}}, {"type": "Feature", "properties": {"aeroway": "parking_position", "ref": "126", "name": null, "surface": null, "id": 13138337843}, "geometry": {"type": "Point", "coordinates": [77.1173164, 28.5670423]}}, {"type": "Feature", "properties": {"aeroway": "parking_position", "ref": "127", "name": null, "surface": null, "id": 13138337844}, "geometry": {"type": "Point", "coordinates": [77.1169105, 28.5671313]}}, {"type": "Feature", "properties": {"aeroway": "parking_position", "ref": "128", "name": null, "surface": null, "id": 13138337845}, "geometry": {"type": "Point", "coordinates": [77.1165174, 28.5672175]}}, {"type": "Feature", "properties": {"aeroway": "parking_position", "ref": "129", "name": null, "surface": null, "id": 13138337846}, "geometry": {"type": "Point", "coordinates": [77.1161116, 28.5673064]}}, {"type": "Feature", "properties": {"aeroway": "parking_position", "ref": "130", "name": null, "surface": null, "id": 13138337847}, "geometry": {"type": "Point", "coordinates": [77.1157133, 28.5673938]}}, {"type": "Feature", "properties": {"aeroway": "parking_position", "ref": "131", "name": null, "surface": null, "id": 13138337848}, "geometry": {"type": "Point", "coordinates": [77.1153072, 28.5674828]}}, {"type": "Feature", "properties": {"aeroway": "parking_position", "ref": "132", "name": null, "surface": null, "id": 13138337849}, "geometry": {"type": "Point", "coordinates": [77.1149021, 28.5675716]}}, {"type": "Feature", "properties": {"aeroway": "parking_position", "ref": "121", "name": null, "surface": null, "id": 13138342306}, "geometry": {"type": "Point", "coordinates": [77.114442, 28.5659346]}}, {"type": "Feature", "properties": {"aeroway": "parking_position", "ref": "119", "name": null, "surface": null, "id": 13138342307}, "geometry": {"type": "Point", "coordinates": [77.1148475, 28.5658464]}}, {"type": "Feature", "properties": {"aeroway": "parking_position", "ref": "117", "name": null, "surface": null, "id": 13138342308}, "geometry": {"type": "Point", "coordinates": [77.1152512, 28.5657586]}}, {"type": "Feature", "properties": {"aeroway": "parking_position", "ref": "115", "name": null, "surface": null, "id": 13138342309}, "geometry": {"type": "Point", "coordinates": [77.1156485, 28.5656721]}}, {"type": "Feature", "properties": {"aeroway": "parking_position", "ref": "113", "name": null, "surface": null, "id": 13138342310}, "geometry": {"type": "Point", "coordinates": [77.1160501, 28.5655848]}}, {"type": "Feature", "properties": {"aeroway": "parking_position", "ref": "111", "name": null, "surface": null, "id": 13138342311}, "geometry": {"type": "Point", "coordinates": [77.1164499, 28.5654978]}}, {"type": "Feature", "properties": {"aeroway": "parking_position", "ref": "109", "name": null, "surface": null, "id": 13138342312}, "geometry": {"type": "Point", "coordinates": [77.1170184, 28.5653741]}}, {"type": "Feature", "properties": {"aeroway": "parking_position", "ref": "107", "name": null, "surface": null, "id": 13138342313}, "geometry": {"type": "Point", "coordinates": [77.1174292, 28.5652847]}}, {"type": "Feature", "properties": {"aeroway": "parking_position", "ref": "105", "name": null, "surface": null, "id": 13138342314}, "geometry": {"type": "Point", "coordinates": [77.1178179, 28.5652002]}}, {"type": "Feature", "properties": {"aeroway": "parking_position", "ref": "103", "name": null, "surface": null, "id": 13138342315}, "geometry": {"type": "Point", "coordinates": [77.1182219, 28.5651123]}}, {"type": "Feature", "properties": {"aeroway": "parking_position", "ref": "101", "name": null, "surface": null, "id": 13138342316}, "geometry": {"type": "Point", "coordinates": [77.1186341, 28.5650226]}}, {"type": "Feature", "properties": {"aeroway": "parking_position", "ref": "122", "name": null, "surface": null, "id": 13138342327}, "geometry": {"type": "Point", "coordinates": [77.1141376, 28.5648034]}}, {"type": "Feature", "properties": {"aeroway": "parking_position", "ref": "120", "name": null, "surface": null, "id": 13138342328}, "geometry": {"type": "Point", "coordinates": [77.1145281, 28.5647203]}}, {"type": "Feature", "properties": {"aeroway": "parking_position", "ref": "118", "name": null, "surface": null, "id": 13138342329}, "geometry": {"type": "Point", "coordinates": [77.1149311, 28.5646262]}}, {"type": "Feature", "properties": {"aeroway": "parking_position", "ref": "116", "name": null, "surface": null, "id": 13138342330}, "geometry": {"type": "Point", "coordinates": [77.1153207, 28.5645428]}}, {"type": "Feature", "properties": {"aeroway": "parking_position", "ref": "114", "name": null, "surface": null, "id": 13138342331}, "geometry": {"type": "Point", "coordinates": [77.1157286, 28.5644461]}}, {"type": "Feature", "properties": {"aeroway": "parking_position", "ref": "112", "name": null, "surface": null, "id": 13138342332}, "geometry": {"type": "Point", "coordinates": [77.1161414, 28.564388]}}, {"type": "Feature", "properties": {"aeroway": "parking_position", "ref": "110", "name": null, "surface": null, "id": 13138342334}, "geometry": {"type": "Point", "coordinates": [77.116703, 28.5642483]}}, {"type": "Feature", "properties": {"aeroway": "parking_position", "ref": "108", "name": null, "surface": null, "id": 13138342335}, "geometry": {"type": "Point", "coordinates": [77.1171022, 28.5641535]}}, {"type": "Feature", "properties": {"aeroway": "parking_position", "ref": "106", "name": null, "surface": null, "id": 13138342336}, "geometry": {"type": "Point", "coordinates": [77.1175014, 28.564064]}}, {"type": "Feature", "properties": {"aeroway": "parking_position", "ref": "104", "name": null, "surface": null, "id": 13138342337}, "geometry": {"type": "Point", "coordinates": [77.1179144, 28.563988]}}, {"type": "Feature", "properties": {"aeroway": "parking_position", "ref": "102", "name": null, "surface": null, "id": 13138342338}, "geometry": {"type": "Point", "coordinates": [77.1183021, 28.5639022]}}, {"type": "Feature", "properties": {"aeroway": "gate", "ref": "121", "name": null, "surface": null, "id": 13138342356}, "geometry": {"type": "Point", "coordinates": [77.1145912, 28.5656387]}}, {"type": "Feature", "properties": {"aeroway": "gate", "ref": "119", "name": null, "surface": null, "id": 13138342357}, "geometry": {"type": "Point", "coordinates": [77.1149932, 28.5655518]}}, {"type": "Feature", "properties": {"aeroway": "gate", "ref": "117", "name": null, "surface": null, "id": 13138342358}, "geometry": {"type": "Point", "coordinates": [77.115393, 28.5654653]}}, {"type": "Feature", "properties": {"aeroway": "gate", "ref": "115", "name": null, "surface": null, "id": 13140305329}, "geometry": {"type": "Point", "coordinates": [77.1157942, 28.5653786]}}, {"type": "Feature", "properties": {"aeroway": "gate", "ref": "113", "name": null, "surface": null, "id": 13140305330}, "geometry": {"type": "Point", "coordinates": [77.116196, 28.5652917]}}, {"type": "Feature", "properties": {"aeroway": "gate", "ref": "111", "name": null, "surface": null, "id": 13140305331}, "geometry": {"type": "Point", "coordinates": [77.1166014, 28.565204]}}, {"type": "Feature", "properties": {"aeroway": "gate", "ref": "109", "name": null, "surface": null, "id": 13140305332}, "geometry": {"type": "Point", "coordinates": [77.1171698, 28.5650811]}}, {"type": "Feature", "properties": {"aeroway": "gate", "ref": "107", "name": null, "surface": null, "id": 13140305333}, "geometry": {"type": "Point", "coordinates": [77.1175683, 28.564995]}}, {"type": "Feature", "properties": {"aeroway": "gate", "ref": "105", "name": null, "surface": null, "id": 13140305334}, "geometry": {"type": "Point", "coordinates": [77.1179701, 28.5649081]}}, {"type": "Feature", "properties": {"aeroway": "gate", "ref": "103", "name": null, "surface": null, "id": 13140305335}, "geometry": {"type": "Point", "coordinates": [77.1183875, 28.564838]}}, {"type": "Feature", "properties": {"aeroway": "gate", "ref": "101", "name": null, "surface": null, "id": 13140305336}, "geometry": {"type": "Point", "coordinates": [77.1187612, 28.5648766]}}, {"type": "Feature", "properties": {"aeroway": "gate", "ref": "122", "name": null, "surface": null, "id": 13140305361}, "geometry": {"type": "Point", "coordinates": [77.1140978, 28.5652783]}}, {"type": "Feature", "properties": {"aeroway": "gate", "ref": "120", "name": null, "surface": null, "id": 13140305362}, "geometry": {"type": "Point", "coordinates": [77.1144673, 28.5651958]}}, {"type": "Feature", "properties": {"aeroway": "gate", "ref": "118", "name": null, "surface": null, "id": 13140305363}, "geometry": {"type": "Point", "coordinates": [77.1148647, 28.565107]}}, {"type": "Feature", "properties": {"aeroway": "gate", "ref": "116", "name": null, "surface": null, "id": 13140305364}, "geometry": {"type": "Point", "coordinates": [77.1152723, 28.5650159]}}, {"type": "Feature", "properties": {"aeroway": "gate", "ref": "114", "name": null, "surface": null, "id": 13140305365}, "geometry": {"type": "Point", "coordinates": [77.1156668, 28.5649277]}}, {"type": "Feature", "properties": {"aeroway": "gate", "ref": "112", "name": null, "surface": null, "id": 13140305366}, "geometry": {"type": "Point", "coordinates": [77.1160708, 28.5648374]}}, {"type": "Feature", "properties": {"aeroway": "gate", "ref": "102", "name": null, "surface": null, "id": 13140305367}, "geometry": {"type": "Point", "coordinates": [77.1182416, 28.5643325]}}, {"type": "Feature", "properties": {"aeroway": "gate", "ref": "104", "name": null, "surface": null, "id": 13140305368}, "geometry": {"type": "Point", "coordinates": [77.1178415, 28.5644417]}}, {"type": "Feature", "properties": {"aeroway": "gate", "ref": "106", "name": null, "surface": null, "id": 13140305369}, "geometry": {"type": "Point", "coordinates": [77.1174398, 28.5645315]}}, {"type": "Feature", "properties": {"aeroway": "gate", "ref": "108", "name": null, "surface": null, "id": 13140305370}, "geometry": {"type": "Point", "coordinates": [77.1170382, 28.5646212]}}, {"type": "Feature", "properties": {"aeroway": "gate", "ref": "110", "name": null, "surface": null, "id": 13140305371}, "geometry": {"type": "Point", "coordinates": [77.116638, 28.5647107]}}, {"type": "Feature", "properties": {"aeroway": "parking_position", "ref": "137", "name": null, "surface": null, "id": 13140340506}, "geometry": {"type": "Point", "coordinates": [77.1137162, 28.5631921]}}, {"type": "Feature", "properties": {"aeroway": "parking_position", "ref": "136R", "name": null, "surface": null, "id": 13140340507}, "geometry": {"type": "Point", "coordinates": [77.1141199, 28.563103]}}, {"type": "Feature", "properties": {"aeroway": "parking_position", "ref": "136L", "name": null, "surface": null, "id": 13140340508}, "geometry": {"type": "Point", "coordinates": [77.1145203, 28.5630146]}}, {"type": "Feature", "properties": {"aeroway": "parking_position", "ref": "135R", "name": null, "surface": null, "id": 13140340509}, "geometry": {"type": "Point", "coordinates": [77.1149229, 28.5629258]}}, {"type": "Feature", "properties": {"aeroway": "parking_position", "ref": "135L", "name": null, "surface": null, "id": 13140340510}, "geometry": {"type": "Point", "coordinates": [77.1153233, 28.5628374]}}, {"type": "Feature", "properties": {"aeroway": "parking_position", "ref": "134R", "name": null, "surface": null, "id": 13140340511}, "geometry": {"type": "Point", "coordinates": [77.115727, 28.5627483]}}, {"type": "Feature", "properties": {"aeroway": "parking_position", "ref": "134L", "name": null, "surface": null, "id": 13140340512}, "geometry": {"type": "Point", "coordinates": [77.1161296, 28.5626594]}}, {"type": "Feature", "properties": {"aeroway": "parking_position", "ref": "133R", "name": null, "surface": null, "id": 13140340513}, "geometry": {"type": "Point", "coordinates": [77.1165289, 28.5625713]}}, {"type": "Feature", "properties": {"aeroway": "parking_position", "ref": "133L", "name": null, "surface": null, "id": 13140340514}, "geometry": {"type": "Point", "coordinates": [77.1169287, 28.562483]}}, {"type": "Feature", "properties": {"aeroway": "parking_position", "ref": "140", "name": null, "surface": null, "id": 13140340724}, "geometry": {"type": "Point", "coordinates": [77.1130337, 28.5674716]}}, {"type": "Feature", "properties": {"aeroway": "parking_position", "ref": "141", "name": null, "surface": null, "id": 13140340725}, "geometry": {"type": "Point", "coordinates": [77.1129318, 28.5671173]}}, {"type": "Feature", "properties": {"aeroway": "parking_position", "ref": "142", "name": null, "surface": null, "id": 13140340726}, "geometry": {"type": "Point", "coordinates": [77.1128334, 28.5667682]}}, {"type": "Feature", "properties": {"aeroway": "parking_position", "ref": "143", "name": null, "surface": null, "id": 13140340727}, "geometry": {"type": "Point", "coordinates": [77.1127345, 28.5664069]}}, {"type": "Feature", "properties": {"aeroway": "parking_position", "ref": "144", "name": null, "surface": null, "id": 13140340728}, "geometry": {"type": "Point", "coordinates": [77.1125944, 28.565924]}}, {"type": "Feature", "properties": {"aeroway": "parking_position", "ref": "145", "name": null, "surface": null, "id": 13140340729}, "geometry": {"type": "Point", "coordinates": [77.1124925, 28.565573]}}, {"type": "Feature", "properties": {"aeroway": "parking_position", "ref": "146", "name": null, "surface": null, "id": 13140340730}, "geometry": {"type": "Point", "coordinates": [77.1123966, 28.5652162]}}, {"type": "Feature", "properties": {"aeroway": "parking_position", "ref": "147", "name": null, "surface": null, "id": 13140340731}, "geometry": {"type": "Point", "coordinates": [77.1122945, 28.564863]}}, {"type": "Feature", "properties": {"aeroway": "holding_position", "ref": null, "name": null, "surface": null, "id": 13140341192}, "geometry": {"type": "Point", "coordinates": [77.1181464, 28.5605887]}}, {"type": "Feature", "properties": {"aeroway": "holding_position", "ref": null, "name": null, "surface": null, "id": 13140341196}, "geometry": {"type": "Point", "coordinates": [77.1162204, 28.5610281]}}, {"type": "Feature", "properties": {"aeroway": "holding_position", "ref": null, "name": null, "surface": null, "id": 13140341221}, "geometry": {"type": "Point", "coordinates": [77.1172295, 28.5607867]}}, {"type": "Feature", "properties": {"aeroway": "holding_position", "ref": null, "name": null, "surface": null, "id": 13140363725}, "geometry": {"type": "Point", "coordinates": [77.1174787, 28.5688917]}}, {"type": "Feature", "properties": {"aeroway": "holding_position", "ref": null, "name": null, "surface": null, "id": 13140363750}, "geometry": {"type": "Point", "coordinates": [77.1164608, 28.56882]}}, {"type": "Feature", "properties": {"aeroway": "holding_position", "ref": null, "name": null, "surface": null, "id": 13140363981}, "geometry": {"type": "Point", "coordinates": [77.1099162, 28.569178]}}, {"type": "Feature", "properties": {"aeroway": "holding_position", "ref": null, "name": null, "surface": null, "id": 13140431430}, "geometry": {"type": "Point", "coordinates": [77.1086279, 28.5709936]}}, {"type": "Feature", "properties": {"aeroway": "parking_position", "ref": null, "name": null, "surface": null, "id": 13140500591}, "geometry": {"type": "Point", "coordinates": [77.1172291, 28.555712]}}, {"type": "Feature", "properties": {"aeroway": "parking_position", "ref": null, "name": null, "surface": null, "id": 13140500592}, "geometry": {"type": "Point", "coordinates": [77.1172969, 28.5559504]}}, {"type": "Feature", "properties": {"aeroway": "parking_position", "ref": null, "name": null, "surface": null, "id": 13140500593}, "geometry": {"type": "Point", "coordinates": [77.1173673, 28.5561835]}}, {"type": "Feature", "properties": {"aeroway": "parking_position", "ref": null, "name": null, "surface": null, "id": 13140529287}, "geometry": {"type": "Point", "coordinates": [77.1185181, 28.5558662]}}, {"type": "Feature", "properties": {"aeroway": "parking_position", "ref": null, "name": null, "surface": null, "id": 13140529288}, "geometry": {"type": "Point", "coordinates": [77.1183695, 28.5553337]}}, {"type": "Feature", "properties": {"aeroway": "parking_position", "ref": null, "name": null, "surface": null, "id": 13140529289}, "geometry": {"type": "Point", "coordinates": [77.1182032, 28.5547865]}}, {"type": "Feature", "properties": {"aeroway": "parking_position", "ref": null, "name": null, "surface": null, "id": 13140529290}, "geometry": {"type": "Point", "coordinates": [77.1193831, 28.5550591]}}, {"type": "Feature", "properties": {"aeroway": "parking_position", "ref": null, "name": null, "surface": null, "id": 13140529291}, "geometry": {"type": "Point", "coordinates": [77.1194823, 28.5554031]}}, {"type": "Feature", "properties": {"aeroway": "parking_position", "ref": null, "name": null, "surface": null, "id": 13140529292}, "geometry": {"type": "Point", "coordinates": [77.119544, 28.555674]}}, {"type": "Feature", "properties": {"aeroway": "holding_position", "ref": null, "name": null, "surface": null, "id": 13140529686}, "geometry": {"type": "Point", "coordinates": [77.1221528, 28.5575953]}}, {"type": "Feature", "properties": {"aeroway": "holding_position", "ref": null, "name": null, "surface": null, "id": 13140673277}, "geometry": {"type": "Point", "coordinates": [77.0978488, 28.5694668]}}, {"type": "Feature", "properties": {"aeroway": "holding_position", "ref": null, "name": null, "surface": null, "id": 13140716858}, "geometry": {"type": "Point", "coordinates": [77.0959404, 28.5657648]}}, {"type": "Feature", "properties": {"aeroway": "gate", "ref": "23", "name": null, "surface": null, "id": 13376507273}, "geometry": {"type": "Point", "coordinates": [77.0876807, 28.5598837]}}, {"type": "Feature", "properties": {"aeroway": "windsock", "ref": null, "name": null, "surface": null, "id": 13435892893}, "geometry": {"type": "Point", "coordinates": [77.0769907, 28.5496004]}}, {"type": "Feature", "properties": {"aeroway": "windsock", "ref": null, "name": null, "surface": null, "id": 13577466019}, "geometry": {"type": "Point", "coordinates": [77.0922606, 28.5460588]}}, {"type": "Feature", "properties": {"aeroway": "gate", "ref": "53", "name": null, "surface": null, "id": 13907186595}, "geometry": {"type": "Point", "coordinates": [77.0888314, 28.5500544]}}, {"type": "Feature", "properties": {"aeroway": "holding_position", "ref": null, "name": null, "surface": null, "id": 13909753237}, "geometry": {"type": "Point", "coordinates": [77.0685762, 28.5510747]}}, {"type": "Feature", "properties": {"aeroway": "holding_position", "ref": null, "name": null, "surface": null, "id": 13909753239}, "geometry": {"type": "Point", "coordinates": [77.0695434, 28.5508663]}}, {"type": "Feature", "properties": {"aeroway": "holding_position", "ref": null, "name": null, "surface": null, "id": 13909753240}, "geometry": {"type": "Point", "coordinates": [77.0721515, 28.550303]}}, {"type": "Feature", "properties": {"aeroway": "holding_position", "ref": null, "name": null, "surface": null, "id": 13912102129}, "geometry": {"type": "Point", "coordinates": [77.1175894, 28.5586917]}}, {"type": "Feature", "properties": {"aeroway": "runway", "ref": "09/27", "name": null, "surface": "asphalt", "id": 35261611}, "geometry": {"type": "LineString", "coordinates": [[77.1153364, 28.569943], [77.1148669, 28.5699566], [77.1098583, 28.5700659], [77.1096619, 28.5700682], [77.1092779, 28.5700726], [77.108703, 28.5700838], [77.108234, 28.5700906], [77.1040313, 28.5702011], [77.0998048, 28.570296], [77.0985147, 28.5703225], [77.0983473, 28.5703227], [77.0977643, 28.5703359], [77.0973366, 28.5703489], [77.0950777, 28.5704048], [77.0941852, 28.570422], [77.0928754, 28.5704503], [77.089868, 28.5705193], [77.0892695, 28.5705318], [77.0892353, 28.5705319], [77.0889766, 28.570539], [77.0881138, 28.5705565]]}}, {"type": "Feature", "properties": {"aeroway": "terminal", "ref": null, "name": null, "surface": null, "id": 35261858}, "geometry": {"type": "Polygon", "coordinates": [[[77.0867303, 28.5591702], [77.08665, 28.5591385], [77.0865816, 28.5591115], [77.0864356, 28.5592056], [77.0863619, 28.5592532], [77.086275, 28.5593092], [77.087053, 28.5596272], [77.0876807, 28.5598837], [77.0881035, 28.5600565], [77.0885823, 28.5597202], [77.088504, 28.5592937], [77.0884653, 28.5590833], [77.0883612, 28.5585164], [77.088308, 28.5582268], [77.0882641, 28.5579878], [77.0882075, 28.5580245], [77.0879618, 28.5581837], [77.0879851, 28.5583133], [77.0878813, 28.5583803], [77.0877492, 28.5584655], [77.0877672, 28.5584864], [77.0867303, 28.5591702]]]}}, {"type": "Feature", "properties": {"aeroway": "hangar", "ref": null, "name": null, "surface": null, "id": 38234253}, "geometry": {"type": "Polygon", "coordinates": [[[77.1200431, 28.5667197], [77.1200364, 28.5670627], [77.1195642, 28.5670557], [77.1195709, 28.5667127], [77.1200431, 28.5667197]]]}}, {"type": "Feature", "properties": {"aeroway": "hangar", "ref": null, "name": null, "surface": null, "id": 38234257}, "geometry": {"type": "Polygon", "coordinates": [[[77.1195597, 28.567222], [77.1200318, 28.5672196], [77.1200339, 28.5675438], [77.1195618, 28.5675462], [77.1195597, 28.567222]]]}}, {"type": "Feature", "properties": {"aeroway": "hangar", "ref": null, "name": null, "surface": null, "id": 38234275}, "geometry": {"type": "Polygon", "coordinates": [[[77.1195613, 28.5676479], [77.1200333, 28.5676439], [77.1200373, 28.5680057], [77.1195653, 28.5680097], [77.1195613, 28.5676479]]]}}, {"type": "Feature", "properties": {"aeroway": "terminal", "ref": null, "name": "Terminal 3", "surface": null, "id": 51419058}, "geometry": {"type": "Polygon", "coordinates": [[[77.0845331, 28.5566941], [77.083292, 28.5560523], [77.0831983, 28.5561759], [77.0823555, 28.5557391], [77.0824487, 28.5556175], [77.0821954, 28.5554747], [77.0837844, 28.5530793], [77.0840435, 28.5532084], [77.0841453, 28.5530542], [77.0849944, 28.5534977], [77.0849067, 28.5536337], [77.0861481, 28.5542582], [77.0860628, 28.5543881], [77.0860226, 28.5544476], [77.0859709, 28.5545254], [77.0858838, 28.5546561], [77.0858348, 28.5547273], [77.0857895, 28.554799], [77.085688, 28.5549494], [77.0856404, 28.5550206], [77.0855994, 28.5550857], [77.0854989, 28.5552321], [77.0854153, 28.5553635], [77.0853526, 28.555458], [77.0852292, 28.5556441], [77.0851153, 28.5557975], [77.0850424, 28.5559259], [77.0849973, 28.5559925], [77.084949, 28.5560661], [77.0848968, 28.5561354], [77.0848585, 28.5561939], [77.084812, 28.5562784], [77.0847324, 28.5563934], [77.084713, 28.5564177], [77.0845923, 28.5566009], [77.0845331, 28.5566941]]]}}, {"type": "Feature", "properties": {"aeroway": "terminal", "ref": null, "name": "Terminal 3 Domestic", "surface": null, "id": 51419062}, "geometry": {"type": "Polygon", "coordinates": [[[77.0805707, 28.5512137], [77.0811755, 28.5510745], [77.0816506, 28.5513195], [77.0823483, 28.5516794], [77.0831228, 28.5520788], [77.0839361, 28.5524983], [77.0850499, 28.5530727], [77.0854904, 28.5529713], [77.0863969, 28.5527625], [77.0869857, 28.552629], [77.0873882, 28.5525368], [77.0877108, 28.5520489], [77.0879314, 28.551715], [77.0881652, 28.5513615], [77.08839, 28.5510214], [77.0886429, 28.5506389], [77.0888971, 28.5502543], [77.0891016, 28.549945], [77.0896492, 28.5491166], [77.0902253, 28.5489841], [77.0902115, 28.5490049], [77.0900609, 28.5492321], [77.0898551, 28.5495426], [77.0896157, 28.5499036], [77.0893815, 28.550257], [77.0891677, 28.5505794], [77.0889229, 28.5509486], [77.088699, 28.5512864], [77.0884531, 28.5516572], [77.0877339, 28.5527421], [77.0876485, 28.5528709], [77.0849944, 28.5534977], [77.0841453, 28.5530542], [77.0836391, 28.5527936], [77.0828559, 28.5523903], [77.0820966, 28.5519994], [77.0814022, 28.5516418], [77.0805707, 28.5512137]]]}}, {"type": "Feature", "properties": {"aeroway": "terminal", "ref": null, "name": "Terminal 3 (International)", "surface": null, "id": 51419112}, "geometry": {"type": "Polygon", "coordinates": [[[77.0810714, 28.562194], [77.0813715, 28.5623509], [77.0816627, 28.5619094], [77.082114, 28.561225], [77.0825722, 28.5605302], [77.0829856, 28.5599034], [77.0832758, 28.5594633], [77.0838847, 28.55854], [77.0837524, 28.5580842], [77.0836723, 28.5578085], [77.0831983, 28.5561759], [77.0823555, 28.5557391], [77.0813735, 28.5552298], [77.0810014, 28.5550369], [77.0802286, 28.5546361], [77.0793647, 28.5541881], [77.0787522, 28.5538705], [77.0785841, 28.5537833], [77.0787368, 28.5543203], [77.0799427, 28.5549414], [77.0807596, 28.5553622], [77.0815924, 28.5557911], [77.0822608, 28.5561354], [77.0828338, 28.5564305], [77.0830897, 28.5573143], [77.0833127, 28.5580849], [77.0834315, 28.5584951], [77.0827585, 28.5595148], [77.0822987, 28.5602114], [77.0818282, 28.5609241], [77.0813584, 28.5616359], [77.0810477, 28.5621066], [77.0810714, 28.562194]]]}}, {"type": "Feature", "properties": {"aeroway": "terminal", "ref": null, "name": "Freight Terminal", "surface": null, "id": 51419271}, "geometry": {"type": "Polygon", "coordinates": [[[77.0970614, 28.557282], [77.1003083, 28.5565361], [77.1003775, 28.5567685], [77.1011116, 28.5565999], [77.1010393, 28.5563571], [77.1036757, 28.5557609], [77.1039545, 28.5567126], [77.0984711, 28.5579546], [77.098399, 28.5577125], [77.0972603, 28.5579741], [77.0971381, 28.5575638], [77.0968931, 28.5576201], [77.0968097, 28.5573399], [77.0970614, 28.557282]]]}}, {"type": "Feature", "properties": {"aeroway": "apron", "ref": null, "name": null, "surface": "concrete:plates", "id": 51419317}, "geometry": {"type": "Polygon", "coordinates": [[[77.097071, 28.5582982], [77.0984711, 28.5579546], [77.1039545, 28.5567126], [77.1040682, 28.5566944], [77.1040879, 28.5567649], [77.1043535, 28.5567055], [77.1047815, 28.558138], [77.1044506, 28.5582384], [77.1044231, 28.5581541], [77.1043832, 28.5580321], [77.1043454, 28.5579165], [77.0974162, 28.5595011], [77.097392, 28.5594167], [77.097071, 28.5582982]]]}}, {"type": "Feature", "properties": {"aeroway": "apron", "ref": null, "name": null, "surface": "concrete:plates", "id": 51419339}, "geometry": {"type": "Polygon", "coordinates": [[[77.0786679, 28.5635579], [77.0774524, 28.563856], [77.0764337, 28.5640914], [77.0766435, 28.5647918], [77.0774961, 28.5645948], [77.0776935, 28.5652538], [77.0790877, 28.5649415], [77.0790357, 28.56477], [77.0787229, 28.5637391], [77.0786679, 28.5635579]]]}}, {"type": "Feature", "properties": {"aeroway": "taxiway", "ref": null, "name": null, "surface": null, "id": 181573667}, "geometry": {"type": "LineString", "coordinates": [[77.1083645, 28.539738], [77.1084764, 28.5397029], [77.1085314, 28.5396716], [77.1086029, 28.539624], [77.1086543, 28.5395682], [77.1086908, 28.5395117], [77.108722, 28.5394498], [77.1087385, 28.5393879], [77.1087407, 28.5393123], [77.1087309, 28.5392175], [77.1086403, 28.5389197], [77.1085386, 28.5385682], [77.1085017, 28.5384815], [77.108439, 28.5383865], [77.1083648, 28.5383096], [77.1082888, 28.5382556], [77.1082158, 28.5382115], [77.1081223, 28.5381672], [77.1080257, 28.5381343], [77.1079153, 28.5381158], [77.1077603, 28.5381104]]}}, {"type": "Feature", "properties": {"aeroway": "taxiway", "ref": null, "name": null, "surface": null, "id": 181573671}, "geometry": {"type": "LineString", "coordinates": [[77.1087811, 28.537891], [77.1089324, 28.5379138], [77.1090505, 28.5379426], [77.1091538, 28.5379853], [77.1092361, 28.5380324], [77.1093165, 28.5380927], [77.1093782, 28.5381556], [77.109437, 28.5382247], [77.1094817, 28.5383028], [77.1095211, 28.5383894], [77.1096156, 28.538707], [77.1097039, 28.539015], [77.1097102, 28.5391066], [77.1097109, 28.5391704], [77.1096865, 28.5392486], [77.1096577, 28.5393062], [77.1096162, 28.5393645], [77.1095717, 28.5394095], [77.1095291, 28.5394411], [77.1094609, 28.5394819], [77.1093686, 28.5395217]]}}, {"type": "Feature", "properties": {"aeroway": "taxiway", "ref": null, "name": null, "surface": null, "id": 181573672}, "geometry": {"type": "LineString", "coordinates": [[77.0719695, 28.5516899], [77.0721201, 28.5516752], [77.0722047, 28.5516798], [77.0722971, 28.5516976], [77.0723747, 28.5517217], [77.0724497, 28.5517626], [77.072504, 28.5518093], [77.0725598, 28.5518687], [77.0726014, 28.5519419]]}}, {"type": "Feature", "properties": {"aeroway": "taxiway", "ref": null, "name": null, "surface": null, "id": 181573673}, "geometry": {"type": "LineString", "coordinates": [[77.0970224, 28.5425908], [77.097012, 28.5425147], [77.0970145, 28.5424601], [77.0970257, 28.5424122], [77.0970415, 28.5423587], [77.0970711, 28.5422998], [77.0971091, 28.5422469], [77.0971516, 28.5422035], [77.0972016, 28.5421617], [77.0972662, 28.5421292], [77.0973848, 28.5421054]]}}, {"type": "Feature", "properties": {"aeroway": "taxiway", "ref": null, "name": null, "surface": null, "id": 181573674}, "geometry": {"type": "LineString", "coordinates": [[77.0672027, 28.5485788], [77.0669682, 28.5487833], [77.0669122, 28.5488229], [77.0668497, 28.5488522], [77.0667774, 28.5488721], [77.0655563, 28.5491327], [77.0654815, 28.5491356], [77.0653984, 28.5491267], [77.065331, 28.5491063], [77.0652514, 28.5490729], [77.0651733, 28.5490275], [77.0651156, 28.5489745], [77.0650699, 28.5489131], [77.0650445, 28.5488546], [77.0650063, 28.5486025]]}}, {"type": "Feature", "properties": {"aeroway": "taxiway", "ref": null, "name": null, "surface": null, "id": 181573676}, "geometry": {"type": "LineString", "coordinates": [[77.0991387, 28.5417254], [77.0992468, 28.5416819], [77.099326, 28.5416275], [77.099389, 28.5415554], [77.0994314, 28.5414853], [77.0994577, 28.5414113], [77.0994711, 28.5413301], [77.099469, 28.5412533], [77.0994493, 28.5411819], [77.0994119, 28.5411023], [77.0993702, 28.5410479], [77.0993143, 28.540991], [77.099249, 28.5409476], [77.0991646, 28.540905], [77.0985239, 28.5407371], [77.098206, 28.5406684], [77.0979436, 28.5406287], [77.0976837, 28.5405956], [77.0974434, 28.5405767], [77.0971947, 28.5405677], [77.0969214, 28.5405649], [77.096622, 28.5405816], [77.0963034, 28.5406096], [77.0960838, 28.5406436], [77.0957042, 28.5407011]]}}, {"type": "Feature", "properties": {"aeroway": "taxiway", "ref": null, "name": null, "surface": null, "id": 181573680}, "geometry": {"type": "LineString", "coordinates": [[77.0684093, 28.5504851], [77.0684123, 28.5503825], [77.0684376, 28.5502976], [77.0684753, 28.5502199], [77.0685235, 28.5501563], [77.0685801, 28.5501057], [77.0686544, 28.5500579], [77.0688274, 28.5499954]]}}, {"type": "Feature", "properties": {"aeroway": "taxiway", "ref": null, "name": null, "surface": null, "id": 181573687}, "geometry": {"type": "LineString", "coordinates": [[77.0732142, 28.5523103], [77.0731095, 28.5523222], [77.0729993, 28.5523139], [77.0729322, 28.5522959], [77.072856, 28.5522695], [77.0727986, 28.5522359], [77.0727459, 28.5521903], [77.072695, 28.5521343], [77.0726513, 28.5520684], [77.0726225, 28.5520166], [77.0726014, 28.5519419]]}}, {"type": "Feature", "properties": {"aeroway": "taxiway", "ref": null, "name": null, "surface": null, "id": 181573689}, "geometry": {"type": "LineString", "coordinates": [[77.0679533, 28.5488295], [77.0679147, 28.5487475], [77.067874, 28.5486963], [77.0678267, 28.5486506], [77.0677715, 28.5486076], [77.067703, 28.548573], [77.0676206, 28.5485461], [77.0675513, 28.5485331], [77.0674764, 28.5485322], [77.067373, 28.5485433]]}}, {"type": "Feature", "properties": {"aeroway": "taxiway", "ref": null, "name": null, "surface": null, "id": 181573692}, "geometry": {"type": "LineString", "coordinates": [[77.0916034, 28.5415779], [77.0920083, 28.5415072], [77.092264, 28.5414671], [77.0925328, 28.5414394], [77.0928079, 28.5414222], [77.0932391, 28.5414146], [77.0935146, 28.5414268], [77.0938331, 28.5414624], [77.0941152, 28.5415017], [77.094418, 28.5415544], [77.0951485, 28.5417398], [77.0965429, 28.5420941]]}}, {"type": "Feature", "properties": {"aeroway": "taxiway", "ref": null, "name": null, "surface": null, "id": 181573695}, "geometry": {"type": "LineString", "coordinates": [[77.0692636, 28.5481359], [77.0691255, 28.5482007], [77.0690746, 28.548236], [77.0690272, 28.5482849], [77.0689951, 28.5483249], [77.0689655, 28.5483748], [77.0689418, 28.5484246], [77.0689264, 28.5484763], [77.0689233, 28.5485398], [77.0689283, 28.5486318]]}}, {"type": "Feature", "properties": {"aeroway": "taxiway", "ref": null, "name": null, "surface": null, "id": 181573697}, "geometry": {"type": "LineString", "coordinates": [[77.0697972, 28.5517884], [77.069798, 28.5519068], [77.0697828, 28.5519733], [77.0697575, 28.5520385], [77.0697218, 28.5520981], [77.0696715, 28.5521546], [77.0696111, 28.5522098], [77.0695416, 28.5522428], [77.0694373, 28.5522823]]}}, {"type": "Feature", "properties": {"aeroway": "taxiway", "ref": null, "name": null, "surface": null, "id": 181573700}, "geometry": {"type": "LineString", "coordinates": [[77.0991646, 28.540905], [77.100745, 28.5413151], [77.1008051, 28.5413291], [77.1008656, 28.5413352], [77.1009609, 28.5413356]]}}, {"type": "Feature", "properties": {"aeroway": "taxiway", "ref": null, "name": null, "surface": null, "id": 181573702}, "geometry": {"type": "LineString", "coordinates": [[77.0824616, 28.5492604], [77.0825575, 28.5492512], [77.0826349, 28.549255], [77.0827224, 28.5492734], [77.0827938, 28.5493058], [77.0828727, 28.5493449], [77.0829371, 28.5493991], [77.0829837, 28.5494514], [77.0830318, 28.5495342], [77.0830644, 28.5496377], [77.0831755, 28.55001], [77.0832945, 28.5504085], [77.0833114, 28.5504722], [77.0833425, 28.5505311], [77.0834, 28.5506052], [77.0834507, 28.5506535], [77.0835118, 28.5506925], [77.0850638, 28.5514948], [77.085125, 28.551521], [77.0851992, 28.5515447], [77.0852898, 28.551559], [77.0853728, 28.5515571], [77.0854475, 28.5515459], [77.0867129, 28.5512581], [77.0868177, 28.5512196], [77.0868862, 28.5511823], [77.0869547, 28.5511296], [77.0870087, 28.5510662], [77.087936, 28.5496699], [77.0879645, 28.5496117], [77.0879801, 28.5495566], [77.0879888, 28.5494901], [77.0879904, 28.5494354], [77.087981, 28.5493761], [77.0879633, 28.5493078]]}}, {"type": "Feature", "properties": {"aeroway": "taxiway", "ref": null, "name": null, "surface": null, "id": 181573703}, "geometry": {"type": "LineString", "coordinates": [[77.0980046, 28.5460972], [77.0979961, 28.5460183], [77.0980007, 28.5459413], [77.0980221, 28.5458693], [77.0980526, 28.5458076], [77.098098, 28.5457431], [77.0981652, 28.5456826], [77.0982442, 28.5456332], [77.0983491, 28.5455944]]}}, {"type": "Feature", "properties": {"aeroway": "taxiway", "ref": "S4", "name": null, "surface": null, "id": 181573704}, "geometry": {"type": "LineString", "coordinates": [[77.0700148, 28.5525558], [77.0699023, 28.552175], [77.0697972, 28.5517884], [77.0695434, 28.5508663], [77.0693807, 28.5502749], [77.0692741, 28.5498964], [77.069168, 28.549492], [77.0689519, 28.5487162], [77.0689283, 28.5486318], [77.0688178, 28.5482311], [77.0686995, 28.547804], [77.0686264, 28.5475238], [77.0685658, 28.5473156], [77.0685356, 28.5472033], [77.0685204, 28.5471042], [77.0685191, 28.5470266], [77.0685344, 28.5469322], [77.0685609, 28.5468328], [77.0686029, 28.5467468], [77.0686497, 28.5466736], [77.0687108, 28.5466051], [77.0687837, 28.5465471], [77.0688657, 28.5464977], [77.0689669, 28.5464479]]}}, {"type": "Feature", "properties": {"aeroway": "taxiway", "ref": "C", "name": null, "surface": null, "id": 181573705}, "geometry": {"type": "LineString", "coordinates": [[77.0694373, 28.5522823], [77.0699023, 28.552175], [77.0703368, 28.5520747], [77.0719695, 28.5516899], [77.0724981, 28.5515676], [77.0730033, 28.5514508], [77.0755441, 28.5508652], [77.0760263, 28.5507532], [77.0764867, 28.5506552], [77.0765308, 28.5506425], [77.0766548, 28.5506124], [77.0770726, 28.5505184], [77.0774609, 28.5504315], [77.0781964, 28.5502467], [77.0785458, 28.5501821], [77.0790816, 28.5500574], [77.0813124, 28.5495418], [77.0824616, 28.5492604], [77.0829236, 28.5491548], [77.0834011, 28.5490457], [77.0871604, 28.5481784], [77.0875997, 28.5480773], [77.0880565, 28.5479722], [77.0911198, 28.5472632], [77.0920511, 28.5470513], [77.0941735, 28.5465697], [77.0956531, 28.546234], [77.0974122, 28.545811], [77.0978846, 28.5456988], [77.0983491, 28.5455944], [77.1008227, 28.545025], [77.1029489, 28.5445355], [77.1048847, 28.544087], [77.105328, 28.5439838], [77.1057903, 28.5438727], [77.109431, 28.5430495], [77.1098348, 28.5429553], [77.1102474, 28.5428597], [77.1103904, 28.5428257], [77.1107992, 28.5427346], [77.1112179, 28.5426374], [77.1115492, 28.5425446]]}}, {"type": "Feature", "properties": {"aeroway": "taxiway", "ref": null, "name": null, "surface": null, "id": 181573706}, "geometry": {"type": "LineString", "coordinates": [[77.0770641, 28.5447031], [77.0765124, 28.5448486], [77.0762301, 28.5449406], [77.0758311, 28.5450926], [77.0755935, 28.5452001], [77.0752476, 28.545378], [77.0749111, 28.5455833], [77.0746037, 28.5457982], [77.0739943, 28.5463062], [77.0727471, 28.5473512], [77.0726986, 28.5473845], [77.0726431, 28.547411], [77.072552, 28.547441]]}}, {"type": "Feature", "properties": {"aeroway": "taxiway", "ref": null, "name": null, "surface": null, "id": 181573707}, "geometry": {"type": "LineString", "coordinates": [[77.0916986, 28.5475499], [77.0917182, 28.5476128], [77.0918347, 28.5480121], [77.0918947, 28.5482177], [77.0918957, 28.5482779], [77.09189, 28.5483421], [77.0918738, 28.5484027], [77.0918408, 28.5484708], [77.0916356, 28.5487802], [77.0902243, 28.550913], [77.0898557, 28.5511886], [77.0897874, 28.5512509], [77.0890454, 28.5523759]]}}, {"type": "Feature", "properties": {"aeroway": "taxiway", "ref": null, "name": null, "surface": null, "id": 181573708}, "geometry": {"type": "LineString", "coordinates": [[77.0970974, 28.5421513], [77.09698, 28.5421658], [77.0969118, 28.5421694], [77.0968479, 28.542165], [77.0967791, 28.5421543], [77.0965429, 28.5420941]]}}, {"type": "Feature", "properties": {"aeroway": "taxiway", "ref": null, "name": null, "surface": null, "id": 181573709}, "geometry": {"type": "LineString", "coordinates": [[77.0781964, 28.5502467], [77.0783192, 28.5502413], [77.0784069, 28.5502537], [77.0784706, 28.5502729], [77.0785467, 28.5503038], [77.0786134, 28.5503485], [77.0786625, 28.5503941], [77.0787064, 28.5504487], [77.0787599, 28.5505277], [77.0787797, 28.5505914], [77.0789041, 28.5510065], [77.0790182, 28.5513963], [77.0790887, 28.5516516], [77.0791279, 28.5517262], [77.0791828, 28.5517932], [77.079246, 28.5518436], [77.079329, 28.5518912], [77.0823192, 28.5534565], [77.0823997, 28.5535159], [77.082457, 28.5535957], [77.0824955, 28.5537114], [77.0824933, 28.5538191], [77.0824667, 28.5539074], [77.0824179, 28.5539806], [77.0823491, 28.5540393], [77.0822502, 28.5540817], [77.0821647, 28.554102], [77.082046, 28.5541049], [77.0819451, 28.554083], [77.0818543, 28.5540463], [77.0788622, 28.5524939], [77.0787838, 28.5524635], [77.0786916, 28.5524425], [77.0786152, 28.5524386], [77.0785258, 28.5524483], [77.0780603, 28.5525521], [77.0776216, 28.5526517], [77.0771386, 28.5527613]]}}, {"type": "Feature", "properties": {"aeroway": "taxiway", "ref": null, "name": null, "surface": null, "id": 181573710}, "geometry": {"type": "LineString", "coordinates": [[77.0701052, 28.5479595], [77.0701781, 28.5479301], [77.0702309, 28.5478971], [77.070282, 28.5478583], [77.0715269, 28.5468063], [77.0721073, 28.5463352], [77.0723874, 28.5461379], [77.0726739, 28.5459578], [77.0730144, 28.5457709], [77.0732251, 28.54566], [77.0736322, 28.5455065], [77.0741827, 28.5453245]]}}, {"type": "Feature", "properties": {"aeroway": "taxiway", "ref": null, "name": null, "surface": null, "id": 181573711}, "geometry": {"type": "LineString", "coordinates": [[77.0874754, 28.5476487], [77.0875106, 28.5477313], [77.087548, 28.5477909], [77.0876026, 28.547846], [77.0876643, 28.5478975], [77.0877411, 28.5479358], [77.0878155, 28.5479628], [77.0879002, 28.5479784], [77.0879784, 28.5479803], [77.0880565, 28.5479722]]}}, {"type": "Feature", "properties": {"aeroway": "taxiway", "ref": "A", "name": null, "surface": null, "id": 181573712}, "geometry": {"type": "LineString", "coordinates": [[77.0772449, 28.5513872], [77.0777012, 28.5512839], [77.0784075, 28.5511226], [77.0789041, 28.5510065], [77.0793744, 28.5508826], [77.0827277, 28.5501144], [77.0831755, 28.55001], [77.0836385, 28.5499021], [77.0859873, 28.5493552], [77.0874148, 28.5490288], [77.0878418, 28.5489293], [77.0878502, 28.5489274], [77.0883064, 28.5488225], [77.0910596, 28.5481888], [77.0913719, 28.548118], [77.0918347, 28.5480121], [77.0923353, 28.5478975], [77.092889, 28.5477655], [77.0937882, 28.5475661], [77.0944244, 28.5474156], [77.0956326, 28.5471298], [77.0961112, 28.5470228], [77.0972913, 28.5467504], [77.0976731, 28.5466635], [77.0977034, 28.5466567], [77.0986275, 28.5464406], [77.1055555, 28.5448433], [77.1096423, 28.5438965], [77.1100757, 28.5437975], [77.1104953, 28.5437016], [77.110597, 28.5436784], [77.1110148, 28.5435825], [77.1113656, 28.5435028], [77.1115015, 28.5434705], [77.1117801, 28.5434044]]}}, {"type": "Feature", "properties": {"aeroway": "taxiway", "ref": null, "name": null, "surface": null, "id": 181573713}, "geometry": {"type": "LineString", "coordinates": [[77.0866998, 28.5448459], [77.0866819, 28.5447669], [77.0866832, 28.5447133], [77.0866886, 28.5446558], [77.0867119, 28.5445837], [77.0867399, 28.5445298], [77.0867869, 28.5444695], [77.0868353, 28.5444235], [77.0868927, 28.5443822], [77.0869529, 28.5443515], [77.08701, 28.5443269]]}}, {"type": "Feature", "properties": {"aeroway": "taxiway", "ref": null, "name": null, "surface": null, "id": 181573714}, "geometry": {"type": "LineString", "coordinates": [[77.0693821, 28.5522934], [77.0693198, 28.5523201], [77.0692733, 28.5523442], [77.0692222, 28.552372], [77.0691508, 28.55242], [77.0691057, 28.5524654], [77.0690683, 28.5525087], [77.0690422, 28.552567], [77.0690238, 28.5526267], [77.0690139, 28.5526947], [77.0690171, 28.552783]]}}, {"type": "Feature", "properties": {"aeroway": "taxiway", "ref": null, "name": null, "surface": null, "id": 181573715}, "geometry": {"type": "LineString", "coordinates": [[77.105328, 28.5439838], [77.1054072, 28.5439768], [77.10547, 28.5439781], [77.1055389, 28.5439896], [77.1056134, 28.5440078], [77.1056671, 28.5440309], [77.1057172, 28.5440588], [77.1057685, 28.5440937], [77.1058124, 28.5441359], [77.1058521, 28.5441842], [77.1058796, 28.5442256], [77.10591, 28.5442938]]}}, {"type": "Feature", "properties": {"aeroway": "taxiway", "ref": null, "name": null, "surface": null, "id": 181573716}, "geometry": {"type": "LineString", "coordinates": [[77.0935665, 28.5429244], [77.0934478, 28.5429327], [77.0933683, 28.5429267], [77.0933032, 28.5429179], [77.0930552, 28.5428523], [77.0916987, 28.5424935], [77.0908527, 28.5422727], [77.0905854, 28.542226], [77.0902916, 28.5421877], [77.0898984, 28.5421586], [77.0895924, 28.5421522], [77.0892789, 28.5421615], [77.0890306, 28.5421818], [77.0887356, 28.5422226], [77.0883043, 28.5422826]]}}, {"type": "Feature", "properties": {"aeroway": "apron", "ref": null, "name": null, "surface": "concrete:plates", "id": 181573717}, "geometry": {"type": "Polygon", "coordinates": [[[77.0886423, 28.552552], [77.0881117, 28.55229], [77.0902899, 28.5489687], [77.0911236, 28.5487845], [77.0886423, 28.552552]]]}}, {"type": "Feature", "properties": {"aeroway": "taxiway", "ref": null, "name": null, "surface": null, "id": 181573718}, "geometry": {"type": "LineString", "coordinates": [[77.0916987, 28.5424935], [77.0918088, 28.5425512], [77.0918772, 28.5426079], [77.0919264, 28.5426774], [77.0919669, 28.5427411], [77.091999, 28.5428261], [77.0920068, 28.5429126], [77.0919977, 28.5429961], [77.0919716, 28.5430667], [77.0919322, 28.5431469], [77.0918692, 28.5432113], [77.0917786, 28.5432705], [77.0916547, 28.5433218]]}}, {"type": "Feature", "properties": {"aeroway": "taxiway", "ref": null, "name": null, "surface": null, "id": 181573719}, "geometry": {"type": "LineString", "coordinates": [[77.0951485, 28.5417398], [77.0952674, 28.5417867], [77.0953322, 28.5418322], [77.0953906, 28.5418941], [77.0954404, 28.5419688], [77.0954714, 28.5420339], [77.0954887, 28.5420943], [77.0954919, 28.5421787], [77.0954705, 28.5422768], [77.0954378, 28.5423508], [77.0953931, 28.5424166], [77.0953249, 28.5424778], [77.0952441, 28.5425297], [77.0951095, 28.542579]]}}, {"type": "Feature", "properties": {"aeroway": "taxiway", "ref": null, "name": null, "surface": null, "id": 181573720}, "geometry": {"type": "LineString", "coordinates": [[77.0715269, 28.5468063], [77.0714377, 28.5469017], [77.071392, 28.5469863], [77.0713696, 28.5470526], [77.0713619, 28.5471252], [77.0713662, 28.5471856], [77.071383, 28.54727], [77.0714149, 28.5473317], [77.0714584, 28.5473964], [77.0715137, 28.547453], [77.0715795, 28.5475029], [77.0716566, 28.5475373], [77.0717564, 28.5475668], [77.0718268, 28.5475737], [77.0719158, 28.5475765]]}}, {"type": "Feature", "properties": {"aeroway": "taxiway", "ref": null, "name": null, "surface": null, "id": 181573721}, "geometry": {"type": "LineString", "coordinates": [[77.0700406, 28.5526402], [77.0700453, 28.5527014], [77.070045, 28.5527516], [77.0700291, 28.5528196], [77.0700007, 28.552895], [77.0699573, 28.5529673], [77.0698993, 28.5530197], [77.0698349, 28.5530706], [77.0697352, 28.5531223], [77.0696374, 28.5531439]]}}, {"type": "Feature", "properties": {"aeroway": "taxiway", "ref": null, "name": null, "surface": null, "id": 181573722}, "geometry": {"type": "LineString", "coordinates": [[77.0773543, 28.5517718], [77.0775026, 28.5522502], [77.0776216, 28.5526517], [77.0777357, 28.5530364], [77.0785916, 28.555932], [77.0787077, 28.5563206], [77.0788264, 28.556718], [77.0797561, 28.5598623], [77.0798767, 28.5602659], [77.0799984, 28.5606732], [77.0807148, 28.5630848], [77.0807596, 28.5631744], [77.0808182, 28.563247], [77.0809019, 28.5633097], [77.0809828, 28.5633433], [77.0810618, 28.5633673], [77.0811574, 28.5633818], [77.0812772, 28.563374]]}}, {"type": "Feature", "properties": {"aeroway": "taxiway", "ref": "Z", "name": null, "surface": null, "id": 181573723}, "geometry": {"type": "LineString", "coordinates": [[77.110297, 28.5393229], [77.1098237, 28.5394242], [77.1093686, 28.5395217], [77.1088523, 28.5396329], [77.1083645, 28.539738], [77.1053312, 28.540402], [77.1048614, 28.5405017], [77.1044043, 28.5405999], [77.1009609, 28.5413356], [77.0991387, 28.5417254], [77.0973848, 28.5421054], [77.0970974, 28.5421513], [77.0968054, 28.5422128], [77.0964142, 28.5422952], [77.0951095, 28.542579], [77.0935665, 28.5429244], [77.0931091, 28.5430195], [77.0916547, 28.5433218], [77.0911665, 28.5434264], [77.08701, 28.5443269], [77.0861337, 28.5445096], [77.0748646, 28.5469422], [77.0744718, 28.5470185], [77.074164, 28.5470856], [77.0738676, 28.5471577], [77.072552, 28.547441], [77.0719158, 28.5475765], [77.0714256, 28.5476802], [77.0701052, 28.5479595], [77.0692636, 28.5481359], [77.0688178, 28.5482311], [77.0683731, 28.548331], [77.0682644, 28.5483511]]}}, {"type": "Feature", "properties": {"aeroway": "taxiway", "ref": "Z8", "name": null, "surface": null, "id": 181573725}, "geometry": {"type": "LineString", "coordinates": [[77.066517, 28.548729], [77.0663712, 28.5487293], [77.0662709, 28.5487105], [77.0661881, 28.54868], [77.0661147, 28.5486395], [77.0660518, 28.5485899], [77.0660091, 28.5485382], [77.0659765, 28.548489], [77.0659513, 28.5484279], [77.0658617, 28.5480906], [77.0657787, 28.547801], [77.0657646, 28.5477254], [77.0657625, 28.5476557], [77.0657724, 28.5475691], [77.0657955, 28.5474783], [77.0658271, 28.5474009], [77.0658657, 28.5473319], [77.0659384, 28.5472276], [77.0660053, 28.5471562], [77.0660941, 28.5470965], [77.0661911, 28.5470286]]}}, {"type": "Feature", "properties": {"aeroway": "taxiway", "ref": "A", "name": null, "surface": null, "id": 181573726}, "geometry": {"type": "LineString", "coordinates": [[77.075991, 28.5484583], [77.0758578, 28.5485019], [77.0757984, 28.5485291], [77.0757344, 28.5485665], [77.0756886, 28.5486071], [77.0756499, 28.5486497], [77.0756018, 28.5487126], [77.0755723, 28.5487777], [77.0755416, 28.5489012], [77.0755555, 28.549024], [77.0759198, 28.5503455], [77.0760263, 28.5507532], [77.0761448, 28.5511411], [77.0761714, 28.5512302], [77.0762865, 28.5516094], [77.076402, 28.5520038], [77.0765346, 28.5524494], [77.0767727, 28.5532549], [77.0776351, 28.5561689], [77.0778665, 28.5569587], [77.0787835, 28.5600565], [77.0790269, 28.5608788], [77.0797532, 28.563326]]}}, {"type": "Feature", "properties": {"aeroway": "taxiway", "ref": null, "name": null, "surface": null, "id": 181573727}, "geometry": {"type": "LineString", "coordinates": [[77.0861337, 28.5445096], [77.0862316, 28.5445078], [77.0863119, 28.5445173], [77.0863872, 28.544532], [77.0864517, 28.5445613], [77.0865216, 28.5446011], [77.0865841, 28.5446546], [77.0866276, 28.5447054], [77.0866661, 28.5447691], [77.0866998, 28.5448459], [77.0867171, 28.5449086], [77.0870397, 28.5460742], [77.0871644, 28.5465248], [77.0874754, 28.5476487], [77.0875997, 28.5480773], [77.0877139, 28.5484711], [77.0877355, 28.5485413], [77.0878502, 28.5489274], [77.0879633, 28.5493078]]}}, {"type": "Feature", "properties": {"aeroway": "runway", "ref": "11R/29L", "name": null, "surface": "asphalt", "id": 181573728}, "geometry": {"type": "LineString", "coordinates": [[77.0950424, 28.5408433], [77.0916034, 28.5415779], [77.0883043, 28.5422826], [77.0865694, 28.542638], [77.0770641, 28.5447031], [77.0741827, 28.5453245], [77.0719136, 28.5458138]]}}, {"type": "Feature", "properties": {"aeroway": "taxiway", "ref": null, "name": null, "surface": null, "id": 181578758}, "geometry": {"type": "LineString", "coordinates": [[77.0739973, 28.5468798], [77.0740535, 28.5469251], [77.074101, 28.5469546], [77.0741617, 28.5469848], [77.074224, 28.5470068], [77.0742873, 28.5470214], [77.0743662, 28.5470271], [77.0744718, 28.5470185]]}}, {"type": "Feature", "properties": {"aeroway": "taxiway", "ref": null, "name": null, "surface": null, "id": 181578759}, "geometry": {"type": "LineString", "coordinates": [[77.0738676, 28.5471577], [77.0739435, 28.5471512], [77.0740081, 28.5471529], [77.0740715, 28.5471614], [77.0741348, 28.5471765], [77.0741849, 28.5471968], [77.0742417, 28.5472249], [77.0742848, 28.5472493], [77.0743387, 28.5472824]]}}, {"type": "Feature", "properties": {"aeroway": "taxiway", "ref": null, "name": null, "surface": null, "id": 181578760}, "geometry": {"type": "LineString", "coordinates": [[77.0700148, 28.5525558], [77.0700105, 28.5524765], [77.0700213, 28.5523974], [77.0700389, 28.5523471], [77.0700734, 28.552277], [77.0701128, 28.5522209], [77.0701662, 28.5521699], [77.0702274, 28.552128], [77.0703368, 28.5520747]]}}, {"type": "Feature", "properties": {"aeroway": "taxiway", "ref": null, "name": null, "surface": null, "id": 181578761}, "geometry": {"type": "LineString", "coordinates": [[77.0694373, 28.5522823], [77.0695452, 28.5522727], [77.0696459, 28.5522807], [77.0697207, 28.5522984], [77.0697938, 28.5523288], [77.0698637, 28.5523724], [77.0699296, 28.5524312], [77.0699769, 28.55249], [77.0700148, 28.5525558]]}}, {"type": "Feature", "properties": {"aeroway": "taxiway", "ref": null, "name": null, "surface": null, "id": 181578762}, "geometry": {"type": "LineString", "coordinates": [[77.0686995, 28.547804], [77.0687364, 28.547892], [77.0687785, 28.547952], [77.068827, 28.5480049], [77.0688859, 28.5480511], [77.0689508, 28.5480903], [77.069021, 28.548122], [77.0691065, 28.5481383], [77.0692636, 28.5481359]]}}, {"type": "Feature", "properties": {"aeroway": "taxiway", "ref": null, "name": null, "surface": null, "id": 181578763}, "geometry": {"type": "LineString", "coordinates": [[77.0683731, 28.548331], [77.0684491, 28.5482994], [77.0685209, 28.548257], [77.0685821, 28.548204], [77.0686267, 28.5481451], [77.0686549, 28.5481077], [77.0686809, 28.548059], [77.0687026, 28.547996], [77.068711, 28.547951], [77.0687131, 28.5478975], [77.0686995, 28.547804]]}}, {"type": "Feature", "properties": {"aeroway": "taxiway", "ref": null, "name": null, "surface": null, "id": 181578764}, "geometry": {"type": "LineString", "coordinates": [[77.0703368, 28.5520747], [77.0702494, 28.5520771], [77.070155, 28.552065], [77.0700687, 28.5520432], [77.0699969, 28.5520042], [77.0699273, 28.5519585], [77.069865, 28.551897], [77.0698232, 28.5518372], [77.0697972, 28.5517884]]}}, {"type": "Feature", "properties": {"aeroway": "taxiway", "ref": null, "name": null, "surface": null, "id": 181578765}, "geometry": {"type": "LineString", "coordinates": [[77.0689283, 28.5486318], [77.0688847, 28.5485464], [77.0688428, 28.5484936], [77.0687914, 28.5484415], [77.0687277, 28.5483973], [77.0686678, 28.5483656], [77.0685975, 28.548345], [77.0685336, 28.5483324], [77.0684639, 28.5483282], [77.0683731, 28.548331]]}}, {"type": "Feature", "properties": {"aeroway": "taxiway", "ref": null, "name": null, "surface": null, "id": 181578766}, "geometry": {"type": "LineString", "coordinates": [[77.0746137, 28.5476143], [77.0745758, 28.5475562], [77.0745619, 28.54753], [77.0745482, 28.5475042], [77.0745307, 28.5474556], [77.07452, 28.547401], [77.0745167, 28.5473482], [77.0745266, 28.5472832], [77.0745421, 28.5472306], [77.0745665, 28.5471793], [77.0745983, 28.5471261], [77.0746395, 28.547077], [77.0746831, 28.5470377], [77.0747366, 28.5469994], [77.0747924, 28.5469703], [77.0748646, 28.5469422]]}}, {"type": "Feature", "properties": {"aeroway": "taxiway", "ref": null, "name": null, "surface": null, "id": 181587234}, "geometry": {"type": "LineString", "coordinates": [[77.0782276, 28.5564287], [77.0783691, 28.5563798], [77.0784824, 28.5563031], [77.0785349, 28.5562431], [77.0785685, 28.5561738], [77.0785887, 28.5561057], [77.078596, 28.5560359], [77.0785916, 28.555932]]}}, {"type": "Feature", "properties": {"aeroway": "taxiway", "ref": null, "name": null, "surface": null, "id": 181587236}, "geometry": {"type": "LineString", "coordinates": [[77.079121, 28.5562276], [77.0790525, 28.5562647], [77.0789886, 28.55631], [77.07893, 28.5563556], [77.0788824, 28.5564142], [77.0788474, 28.5564802], [77.0788271, 28.5565566], [77.0788212, 28.5566289], [77.0788264, 28.556718]]}}, {"type": "Feature", "properties": {"aeroway": "taxiway", "ref": null, "name": null, "surface": null, "id": 181587237}, "geometry": {"type": "LineString", "coordinates": [[77.0767145, 28.5515127], [77.0766241, 28.5515557], [77.076566, 28.5515934], [77.0765208, 28.5516322], [77.0764796, 28.5516786], [77.0764473, 28.5517277], [77.0764239, 28.5517804], [77.0764035, 28.5518445], [77.0763949, 28.5519077], [77.076402, 28.5520038]]}}, {"type": "Feature", "properties": {"aeroway": "taxiway", "ref": null, "name": null, "surface": null, "id": 181587238}, "geometry": {"type": "LineString", "coordinates": [[77.0767727, 28.5532549], [77.0767691, 28.5531401], [77.0767874, 28.5530584], [77.0768232, 28.5529869], [77.0768704, 28.5529226], [77.0769117, 28.5528789], [77.0769581, 28.5528411], [77.0770418, 28.5527948], [77.0771386, 28.5527613]]}}, {"type": "Feature", "properties": {"aeroway": "taxiway", "ref": null, "name": null, "surface": null, "id": 181587239}, "geometry": {"type": "LineString", "coordinates": [[77.0780603, 28.5525521], [77.0779542, 28.5525548], [77.0778707, 28.5525481], [77.0777886, 28.5525268], [77.0777086, 28.5524903], [77.0776343, 28.5524366], [77.0775792, 28.5523813], [77.077539, 28.5523214], [77.0775026, 28.5522502]]}}, {"type": "Feature", "properties": {"aeroway": "taxiway", "ref": null, "name": null, "surface": null, "id": 181587240}, "geometry": {"type": "LineString", "coordinates": [[77.0777357, 28.5530364], [77.0777084, 28.5529785], [77.0776693, 28.5529297], [77.0776076, 28.5528797], [77.0775575, 28.5528432], [77.0774832, 28.5528068], [77.0774344, 28.5527893], [77.0773614, 28.5527772], [77.0771386, 28.5527613]]}}, {"type": "Feature", "properties": {"aeroway": "taxiway", "ref": null, "name": null, "surface": null, "id": 181587241}, "geometry": {"type": "LineString", "coordinates": [[77.0775026, 28.5522502], [77.0775121, 28.5523277], [77.0775112, 28.5523813], [77.0775001, 28.5524516], [77.0774747, 28.5525194], [77.0774238, 28.5525911], [77.077382, 28.5526361], [77.0773252, 28.5526829], [77.0772531, 28.5527255], [77.0771386, 28.5527613]]}}, {"type": "Feature", "properties": {"aeroway": "taxiway", "ref": null, "name": null, "surface": null, "id": 181587242}, "geometry": {"type": "LineString", "coordinates": [[77.0761714, 28.5512302], [77.0762021, 28.5512772], [77.0762365, 28.5513304], [77.0762741, 28.5513685], [77.0763148, 28.5514093], [77.0763691, 28.5514448], [77.0764339, 28.551475], [77.0764942, 28.5514947], [77.0765619, 28.5515072], [77.0766268, 28.5515143], [77.0767145, 28.5515127]]}}, {"type": "Feature", "properties": {"aeroway": "taxiway", "ref": null, "name": null, "surface": null, "id": 181587243}, "geometry": {"type": "LineString", "coordinates": [[77.0764867, 28.5506552], [77.0764247, 28.5506769], [77.0763711, 28.5507032], [77.0763287, 28.5507295], [77.0762878, 28.5507605], [77.0762538, 28.550796], [77.0762186, 28.5508421], [77.0761897, 28.5508845], [77.0761692, 28.5509328], [77.0761555, 28.5509842], [77.076143, 28.5510359], [77.0761431, 28.5510875], [77.0761448, 28.5511411]]}}, {"type": "Feature", "properties": {"aeroway": "taxiway", "ref": null, "name": null, "surface": null, "id": 181587244}, "geometry": {"type": "LineString", "coordinates": [[77.1044043, 28.5405999], [77.1045059, 28.5405917], [77.1045925, 28.5406082], [77.1046783, 28.5406236], [77.104752, 28.5406554], [77.1048144, 28.5406972], [77.1048745, 28.5407493], [77.1049202, 28.5408116], [77.1049616, 28.5408905]]}}, {"type": "Feature", "properties": {"aeroway": "taxiway", "ref": null, "name": null, "surface": null, "id": 181587245}, "geometry": {"type": "LineString", "coordinates": [[77.0777012, 28.5512839], [77.077621, 28.5513114], [77.0775419, 28.5513476], [77.0774778, 28.551401], [77.0774355, 28.5514492], [77.0773948, 28.5515134], [77.0773679, 28.5515776], [77.077353, 28.5516285], [77.0773467, 28.5516866], [77.0773543, 28.5517718]]}}, {"type": "Feature", "properties": {"aeroway": "taxiway", "ref": null, "name": null, "surface": null, "id": 181587246}, "geometry": {"type": "LineString", "coordinates": [[77.0758306, 28.5517078], [77.0758938, 28.5516867], [77.0759393, 28.5516698], [77.0759953, 28.5516373], [77.0760408, 28.5515955], [77.0760822, 28.551555], [77.0761197, 28.5515037], [77.0761424, 28.5514548], [77.0761638, 28.5513927], [77.0761735, 28.5513422], [77.0761743, 28.5512899], [77.0761714, 28.5512302]]}}, {"type": "Feature", "properties": {"aeroway": "taxiway", "ref": null, "name": null, "surface": null, "id": 181587247}, "geometry": {"type": "LineString", "coordinates": [[77.0768035, 28.5514911], [77.0768731, 28.5514633], [77.0769137, 28.5514425], [77.0769685, 28.5514068], [77.0770177, 28.5513648], [77.0770553, 28.5513202], [77.0770893, 28.5512656], [77.077114, 28.5512153], [77.0771305, 28.5511596], [77.077139, 28.5511042], [77.0771387, 28.5510624], [77.0771332, 28.5509955]]}}, {"type": "Feature", "properties": {"aeroway": "taxiway", "ref": null, "name": null, "surface": null, "id": 181587248}, "geometry": {"type": "LineString", "coordinates": [[77.0777357, 28.5530364], [77.0777321, 28.5529689], [77.077738, 28.5528957], [77.0777475, 28.5528475], [77.0777694, 28.5527907], [77.077806, 28.5527259], [77.0778493, 28.5526811], [77.0779053, 28.5526284], [77.0779724, 28.5525886], [77.0780603, 28.5525521]]}}, {"type": "Feature", "properties": {"aeroway": "taxiway", "ref": null, "name": null, "surface": null, "id": 181587249}, "geometry": {"type": "LineString", "coordinates": [[77.0761448, 28.5511411], [77.0761142, 28.5510889], [77.0760877, 28.5510495], [77.076052, 28.5510132], [77.076013, 28.550975], [77.0759615, 28.5509401], [77.0759149, 28.5509123], [77.0758641, 28.5508902], [77.0758062, 28.550872], [77.0757498, 28.5508588], [77.0756934, 28.5508542], [77.0756344, 28.5508531], [77.0755441, 28.5508652]]}}, {"type": "Feature", "properties": {"aeroway": "taxiway", "ref": null, "name": null, "surface": null, "id": 181587250}, "geometry": {"type": "LineString", "coordinates": [[77.1047568, 28.5401215], [77.1047574, 28.5402013], [77.1047492, 28.5402567], [77.1047266, 28.5403312], [77.1046895, 28.5403973], [77.104639, 28.5404615], [77.1045755, 28.5405167], [77.104503, 28.5405615], [77.1044043, 28.5405999]]}}, {"type": "Feature", "properties": {"aeroway": "taxiway", "ref": null, "name": null, "surface": null, "id": 181587251}, "geometry": {"type": "LineString", "coordinates": [[77.0983491, 28.5455944], [77.0982522, 28.5456043], [77.0981801, 28.5455977], [77.0981111, 28.5455834], [77.0980393, 28.5455619], [77.097984, 28.5455337], [77.0979203, 28.5454938], [77.0978782, 28.5454574], [77.0978323, 28.5454037], [77.0977771, 28.5453108]]}}, {"type": "Feature", "properties": {"aeroway": "taxiway", "ref": null, "name": null, "surface": null, "id": 181587252}, "geometry": {"type": "LineString", "coordinates": [[77.1049616, 28.5408905], [77.1049666, 28.5408191], [77.1049763, 28.5407672], [77.1049895, 28.5407105], [77.1050087, 28.5406551], [77.1050372, 28.540602], [77.1050798, 28.5405496], [77.1051258, 28.5405072], [77.1051785, 28.540469], [77.1052484, 28.5404345], [77.1053312, 28.540402]]}}, {"type": "Feature", "properties": {"aeroway": "taxiway", "ref": null, "name": null, "surface": null, "id": 181587253}, "geometry": {"type": "LineString", "coordinates": [[77.1053312, 28.540402], [77.105229, 28.5404114], [77.1051473, 28.540406], [77.1050731, 28.5403906], [77.1050065, 28.5403664], [77.1049452, 28.5403341], [77.1048833, 28.5402905], [77.1048252, 28.5402399], [77.1047867, 28.5401909], [77.1047568, 28.5401215]]}}, {"type": "Feature", "properties": {"aeroway": "taxiway", "ref": null, "name": null, "surface": null, "id": 181587254}, "geometry": {"type": "LineString", "coordinates": [[77.0974122, 28.545811], [77.0975164, 28.5457991], [77.0975896, 28.5458008], [77.0976741, 28.545816], [77.097756, 28.5458438], [77.097826, 28.5458793], [77.0978844, 28.5459266], [77.0979276, 28.5459712], [77.0979689, 28.5460307], [77.0980046, 28.5460972]]}}, {"type": "Feature", "properties": {"aeroway": "taxiway", "ref": null, "name": null, "surface": null, "id": 181587255}, "geometry": {"type": "LineString", "coordinates": [[77.0759198, 28.5503455], [77.0759452, 28.5504059], [77.075975, 28.5504536], [77.076012, 28.5504999], [77.0760514, 28.5505415], [77.0760968, 28.5505747], [77.076151, 28.5506021], [77.0762134, 28.5506286], [77.076272, 28.5506453], [77.0763345, 28.5506536], [77.0763989, 28.5506557], [77.0764867, 28.5506552]]}}, {"type": "Feature", "properties": {"aeroway": "taxiway", "ref": null, "name": null, "surface": null, "id": 181587256}, "geometry": {"type": "LineString", "coordinates": [[77.076402, 28.5520038], [77.0763445, 28.5519169], [77.0763024, 28.551863], [77.0762585, 28.5518211], [77.0762107, 28.551785], [77.0761605, 28.551757], [77.0761047, 28.551735], [77.0760411, 28.5517155], [77.0759686, 28.5517043], [77.0759014, 28.5517031], [77.0758306, 28.5517078]]}}, {"type": "Feature", "properties": {"aeroway": "taxiway", "ref": null, "name": null, "surface": null, "id": 181587257}, "geometry": {"type": "LineString", "coordinates": [[77.0755441, 28.5508652], [77.075629, 28.5508367], [77.0756881, 28.550815], [77.0757398, 28.5507881], [77.0757841, 28.5507536], [77.0758235, 28.5507187], [77.0758559, 28.5506738], [77.075888, 28.5506182], [77.0759052, 28.5505715], [77.075924, 28.5505193], [77.0759293, 28.5504673], [77.075931, 28.5504219], [77.0759198, 28.5503455]]}}, {"type": "Feature", "properties": {"aeroway": "taxiway", "ref": null, "name": null, "surface": null, "id": 181587258}, "geometry": {"type": "LineString", "coordinates": [[77.0977771, 28.5453108], [77.0977841, 28.5453971], [77.0977753, 28.5454694], [77.0977586, 28.5455396], [77.0977183, 28.545606], [77.0976782, 28.5456589], [77.0976186, 28.5457177], [77.0975519, 28.5457571], [77.0974967, 28.54578], [77.0974122, 28.545811]]}}, {"type": "Feature", "properties": {"aeroway": "taxiway", "ref": null, "name": null, "surface": null, "id": 181587259}, "geometry": {"type": "LineString", "coordinates": [[77.0776351, 28.5561689], [77.0776941, 28.5562597], [77.0777469, 28.5563144], [77.0778226, 28.55637], [77.0778961, 28.5564068], [77.0779793, 28.5564303], [77.0780474, 28.5564429], [77.0781424, 28.5564431], [77.0782276, 28.5564287], [77.0787077, 28.5563206], [77.079121, 28.5562276], [77.0792315, 28.5562045], [77.0793243, 28.5561913], [77.0794337, 28.5561949], [77.0795088, 28.5562092], [77.0795953, 28.5562434], [77.0813575, 28.5571719], [77.0814748, 28.5572689], [77.0815503, 28.5573805], [77.0817682, 28.5581426], [77.0817696, 28.558253], [77.0817305, 28.5583757], [77.080631, 28.5600176], [77.080575, 28.5600674], [77.0804962, 28.5601148], [77.0804255, 28.5601357], [77.0803487, 28.5601511], [77.0798767, 28.5602659], [77.0794006, 28.5603816]]}}, {"type": "Feature", "properties": {"aeroway": "taxiway", "ref": "D7", "name": null, "surface": null, "id": 187990134}, "geometry": {"type": "LineString", "coordinates": [[77.0910356, 28.5636957], [77.0909886, 28.5639246], [77.0908517, 28.5645567], [77.0907954, 28.5648194], [77.0907274, 28.5651338], [77.090547, 28.5659326], [77.0904686, 28.5662519], [77.0902958, 28.5670089], [77.090162, 28.5676269], [77.0901447, 28.5677077], [77.0899773, 28.568554]]}}, {"type": "Feature", "properties": {"aeroway": "taxiway", "ref": null, "name": null, "surface": null, "id": 187990136}, "geometry": {"type": "LineString", "coordinates": [[77.0861091, 28.5669545], [77.0859371, 28.5670069], [77.0858613, 28.5670425], [77.0858018, 28.567082], [77.0857393, 28.5671419], [77.0856909, 28.5672035], [77.0856567, 28.5672758], [77.0856368, 28.5673303], [77.0856302, 28.5673857], [77.0856262, 28.5674331], [77.0856347, 28.5674918], [77.0856718, 28.5676053], [77.085729, 28.5676855], [77.0860518, 28.56802], [77.0864262, 28.5684081], [77.0865481, 28.5685349], [77.0869109, 28.5689126], [77.0875368, 28.5695564], [77.0876694, 28.5696928], [77.0880686, 28.5701088], [77.0881877, 28.5702192], [77.0883009, 28.5703038], [77.0884192, 28.5703828], [77.0885074, 28.5704337], [77.0885956, 28.5704779], [77.0886837, 28.5705126], [77.0887658, 28.5705285], [77.0889766, 28.570539]]}}, {"type": "Feature", "properties": {"aeroway": "apron", "ref": "Apron 31", "name": null, "surface": "concrete:plates", "id": 187990159}, "geometry": {"type": "Polygon", "coordinates": [[[77.0840785, 28.5600837], [77.0832207, 28.5596411], [77.0811969, 28.5626677], [77.0812323, 28.5627526], [77.0816519, 28.5629807], [77.0819988, 28.5628807], [77.0824755, 28.5624974], [77.0840785, 28.5600837]]]}}, {"type": "Feature", "properties": {"aeroway": "taxiway", "ref": null, "name": null, "surface": null, "id": 187990165}, "geometry": {"type": "LineString", "coordinates": [[77.0907518, 28.5611775], [77.0906553, 28.5612158], [77.0905935, 28.561254], [77.0905479, 28.5612958], [77.0905134, 28.5613327], [77.0904811, 28.5613926], [77.0904629, 28.5614425], [77.0904469, 28.5615047], [77.0904445, 28.5615588], [77.0904529, 28.5616125], [77.090471, 28.5616793], [77.0905901, 28.5620767], [77.0908262, 28.5628665], [77.0909291, 28.5632183], [77.0910345, 28.5635501], [77.091046, 28.5635698], [77.0910698, 28.5636152], [77.0911137, 28.5636744], [77.0911828, 28.5637307], [77.0912551, 28.5637743], [77.0913347, 28.5637996], [77.0914321, 28.5638236], [77.0917001, 28.5638894], [77.0931305, 28.5642231], [77.0933856, 28.5642965], [77.0941948, 28.5644923], [77.0945698, 28.5645577], [77.0949388, 28.5645991], [77.0950092, 28.5646061], [77.0954153, 28.5646252], [77.0956778, 28.5646199], [77.0959391, 28.5646108], [77.0961124, 28.5646012], [77.0962955, 28.5645735], [77.096608, 28.5645296]]}}, {"type": "Feature", "properties": {"aeroway": "apron", "ref": null, "name": null, "surface": "concrete:plates", "id": 187990175}, "geometry": {"type": "Polygon", "coordinates": [[[77.0894276, 28.5598573], [77.0895789, 28.5605956], [77.0895717, 28.5606494], [77.0895356, 28.5606795], [77.08885, 28.5611436], [77.088777, 28.5611783], [77.0887072, 28.5612035], [77.0886086, 28.5612177], [77.0885361, 28.561215], [77.0884438, 28.5611927], [77.0861458, 28.560265], [77.0864315, 28.5596941], [77.0867039, 28.5595976], [77.0877671, 28.5600253], [77.087794, 28.5600455], [77.0878201, 28.5600763], [77.0878429, 28.5601197], [77.0878727, 28.5602327], [77.0879029, 28.5602915], [77.0879443, 28.5603448], [77.0880019, 28.5603806], [77.0880715, 28.5604023], [77.088149, 28.5604087], [77.0882219, 28.5604024], [77.0882878, 28.560386], [77.0883422, 28.5603561], [77.0889823, 28.5599557], [77.0890728, 28.559921], [77.0891669, 28.5598959], [77.0894276, 28.5598573]]]}}, {"type": "Feature", "properties": {"aeroway": "taxiway", "ref": null, "name": null, "surface": null, "id": 187990180}, "geometry": {"type": "LineString", "coordinates": [[77.0797532, 28.563326], [77.0798067, 28.5634186], [77.0798779, 28.5634891], [77.0799508, 28.5635393], [77.0800401, 28.5635729], [77.0801165, 28.5635945], [77.0802005, 28.5636039], [77.080306, 28.5636002], [77.0803594, 28.5635877], [77.0812772, 28.563374], [77.0822275, 28.5631546], [77.083492, 28.5628595], [77.0837211, 28.562806], [77.0846941, 28.5625745], [77.085992, 28.5622792], [77.0861882, 28.5622335], [77.0876102, 28.5619021], [77.0882458, 28.5617628], [77.0885298, 28.5616939], [77.0886581, 28.5616603], [77.0890549, 28.5615663], [77.089524, 28.5614665], [77.0899673, 28.5613593], [77.0901854, 28.5613099], [77.0903979, 28.5612569], [77.0907518, 28.5611775], [77.0911804, 28.5610757], [77.0914103, 28.5610181], [77.0920047, 28.560869], [77.096156, 28.5599276], [77.0968541, 28.5597692], [77.097195, 28.5596833], [77.0972156, 28.5596786], [77.1027383, 28.55841], [77.1029547, 28.5583624], [77.1037049, 28.5581879], [77.1043832, 28.5580321]]}}, {"type": "Feature", "properties": {"aeroway": "taxiway", "ref": null, "name": null, "surface": null, "id": 187990192}, "geometry": {"type": "LineString", "coordinates": [[77.0966147, 28.5601694], [77.0966193, 28.5600991], [77.0966322, 28.5600288], [77.0966471, 28.5599839], [77.0966703, 28.5599391], [77.0967026, 28.5598973], [77.096739, 28.5598628], [77.0967798, 28.5598261], [77.0968541, 28.5597692]]}}, {"type": "Feature", "properties": {"aeroway": "taxiway", "ref": null, "name": null, "surface": null, "id": 187990200}, "geometry": {"type": "LineString", "coordinates": [[77.0917001, 28.5638894], [77.0915106, 28.5638649], [77.0914087, 28.5638613], [77.0913144, 28.5638653], [77.0911524, 28.5638876]]}}, {"type": "Feature", "properties": {"aeroway": "taxiway", "ref": null, "name": null, "surface": null, "id": 187990213}, "geometry": {"type": "LineString", "coordinates": [[77.0825265, 28.5657247], [77.0826619, 28.5657695], [77.0827569, 28.565782], [77.0828567, 28.565779], [77.0829415, 28.5657645], [77.0837107, 28.5656033], [77.0839886, 28.5655393], [77.0842305, 28.5654835], [77.0868829, 28.5648708], [77.0902799, 28.5640899], [77.090775, 28.5639751], [77.0909886, 28.5639246], [77.0911524, 28.5638876], [77.0914321, 28.5638236], [77.0915057, 28.5638067], [77.0918417, 28.5637284], [77.0921841, 28.5636375], [77.0933387, 28.5633822], [77.0963223, 28.5626916], [77.0969657, 28.5625501], [77.097361, 28.5624612], [77.0976087, 28.5623999], [77.0978214, 28.5623503], [77.0995612, 28.5619521], [77.1012277, 28.5615545], [77.1022758, 28.5613126], [77.1036427, 28.5609971], [77.104597, 28.5607896], [77.1050898, 28.560676], [77.1070683, 28.5602128], [77.1074705, 28.5601204], [77.1086624, 28.5598496]]}}, {"type": "Feature", "properties": {"aeroway": "taxiway", "ref": null, "name": null, "surface": null, "id": 187990220}, "geometry": {"type": "LineString", "coordinates": [[77.0910345, 28.5635501], [77.0910371, 28.5635946], [77.0910385, 28.5636301], [77.0910356, 28.5636957], [77.0910126, 28.5637587], [77.0909874, 28.5638059], [77.0909547, 28.5638544], [77.0909086, 28.5639012], [77.0908529, 28.5639395], [77.090775, 28.5639751]]}}, {"type": "Feature", "properties": {"aeroway": "apron", "ref": null, "name": null, "surface": "concrete:plates", "id": 187990225}, "geometry": {"type": "Polygon", "coordinates": [[[77.1072284, 28.5753129], [77.107547, 28.5759344], [77.1076807, 28.5763939], [77.1080489, 28.5769273], [77.1083479, 28.5768251], [77.1085584, 28.5767164], [77.1082433, 28.5762599], [77.1080996, 28.5760463], [77.1089176, 28.5756062], [77.1091281, 28.5758975], [77.1093333, 28.5761948], [77.1104471, 28.5755896], [77.1105919, 28.575609], [77.1108563, 28.5759655], [77.1110168, 28.5760153], [77.1111521, 28.5759683], [77.1131002, 28.5749705], [77.11333, 28.5752801], [77.113499, 28.5752883], [77.113657, 28.5752433], [77.1143491, 28.5749052], [77.1143847, 28.5749638], [77.1149207, 28.5747052], [77.1156132, 28.574346], [77.1158578, 28.5747097], [77.1159324, 28.5748124], [77.1163542, 28.5745964], [77.1162763, 28.574485], [77.1164724, 28.5743814], [77.1162282, 28.5740301], [77.1169239, 28.5736571], [77.1172569, 28.5735003], [77.1170105, 28.5731029], [77.1168249, 28.5731988], [77.1162392, 28.5722965], [77.1156373, 28.5726215], [77.1151362, 28.5728921], [77.1140126, 28.5734987], [77.1134905, 28.5727836], [77.1143818, 28.5722878], [77.1144342, 28.5723641], [77.1145218, 28.5723175], [77.1152363, 28.5719377], [77.1151953, 28.5718793], [77.1150199, 28.5716304], [77.1157019, 28.5712596], [77.1158606, 28.5714881], [77.1170976, 28.5708444], [77.1169683, 28.5703877], [77.1169517, 28.5703592], [77.1168958, 28.5703911], [77.1168708, 28.5703643], [77.1168356, 28.5703865], [77.1168174, 28.5703595], [77.1167875, 28.5703787], [77.1167584, 28.570346], [77.1166985, 28.5703499], [77.1165727, 28.5704337], [77.1164154, 28.5705342], [77.1101464, 28.5740596], [77.1072284, 28.5753129]]]}}, {"type": "Feature", "properties": {"aeroway": "parking_position", "ref": null, "name": null, "surface": null, "id": 187990227}, "geometry": {"type": "LineString", "coordinates": [[77.0886955, 28.5613063], [77.0885975, 28.5614217], [77.0885501, 28.5614703], [77.0884512, 28.5615189], [77.0883366, 28.5615519], [77.0881869, 28.5615456]]}}, {"type": "Feature", "properties": {"aeroway": "taxiway", "ref": null, "name": null, "surface": null, "id": 187990230}, "geometry": {"type": "LineString", "coordinates": [[77.089524, 28.5614665], [77.0896225, 28.5614077], [77.0896986, 28.5613477], [77.0897569, 28.5612902], [77.0898, 28.561239], [77.0898347, 28.5611789], [77.0898639, 28.5611236], [77.0898806, 28.5610721], [77.0898864, 28.5610182], [77.0898793, 28.5609591]]}}, {"type": "Feature", "properties": {"aeroway": "taxiway", "ref": null, "name": null, "surface": null, "id": 187990233}, "geometry": {"type": "LineString", "coordinates": [[77.080306, 28.5636002], [77.0802078, 28.5636449], [77.0801225, 28.5637026], [77.0800634, 28.5637648], [77.0800206, 28.5638283], [77.0799955, 28.5638979], [77.0799812, 28.5639678], [77.079977, 28.5640696]]}}, {"type": "Feature", "properties": {"aeroway": "taxiway", "ref": null, "name": null, "surface": null, "id": 187990235}, "geometry": {"type": "LineString", "coordinates": [[77.0846941, 28.5625745], [77.0848337, 28.5625155], [77.0849354, 28.5624484], [77.0850153, 28.5623808], [77.0850797, 28.5623055], [77.0855254, 28.5617677], [77.0857687, 28.5614669], [77.086009, 28.561164], [77.0860661, 28.561092], [77.0861512, 28.5610011], [77.0862404, 28.5609311], [77.0863045, 28.5608864], [77.0863383, 28.560864], [77.0863699, 28.5608526], [77.0864037, 28.5608504], [77.0864474, 28.5608529], [77.086491, 28.560864], [77.0877667, 28.5613769], [77.0881869, 28.5615456], [77.0883027, 28.5615881], [77.088405, 28.5616201], [77.0884899, 28.5616452], [77.0885654, 28.5616607], [77.0886581, 28.5616603]]}}, {"type": "Feature", "properties": {"aeroway": "taxiway", "ref": null, "name": null, "surface": null, "id": 187990236}, "geometry": {"type": "LineString", "coordinates": [[77.0903979, 28.5612569], [77.0903554, 28.5612547], [77.0903005, 28.5612426], [77.0902253, 28.5612271], [77.0901614, 28.5612068], [77.0900945, 28.5611776], [77.0900389, 28.5611475], [77.08997, 28.5611008]]}}, {"type": "Feature", "properties": {"aeroway": "apron", "ref": null, "name": null, "surface": "concrete:plates", "id": 187990237}, "geometry": {"type": "Polygon", "coordinates": [[[77.0815038, 28.5634541], [77.0897631, 28.5615336], [77.0897743, 28.5615656], [77.0897021, 28.5616021], [77.0896494, 28.5616534], [77.0896109, 28.5617118], [77.0895942, 28.5617537], [77.0895901, 28.5618048], [77.0898557, 28.5626941], [77.0826674, 28.5643855], [77.0826581, 28.5643507], [77.0826155, 28.5643598], [77.0826064, 28.5643285], [77.0825589, 28.5643403], [77.0825515, 28.564308], [77.0825052, 28.5643205], [77.082487, 28.5642596], [77.082448, 28.5642733], [77.0824221, 28.5642223], [77.0823404, 28.5642459], [77.0823214, 28.5641949], [77.082276, 28.5642047], [77.0822608, 28.5641539], [77.0822159, 28.5641622], [77.0822022, 28.5641084], [77.0821505, 28.5641197], [77.0821393, 28.5640889], [77.082056, 28.5641117], [77.082038, 28.5640431], [77.0819865, 28.5640495], [77.0819782, 28.5640079], [77.0819265, 28.5640193], [77.0819155, 28.5639722], [77.0818723, 28.5639829], [77.0818547, 28.5639319], [77.081815, 28.5639419], [77.0817993, 28.5638847], [77.0817434, 28.5638933], [77.0817314, 28.5638451], [77.0816891, 28.5638521], [77.0816686, 28.5638009], [77.0816321, 28.5638088], [77.0816089, 28.5637595], [77.0815038, 28.5634541]]]}}, {"type": "Feature", "properties": {"aeroway": "parking_position", "ref": null, "name": null, "surface": null, "id": 187990238}, "geometry": {"type": "LineString", "coordinates": [[77.0890549, 28.5615663], [77.0889276, 28.5615467], [77.0888407, 28.5615103], [77.0887833, 28.5614634], [77.0887025, 28.5613698]]}}, {"type": "Feature", "properties": {"aeroway": "parking_position", "ref": null, "name": null, "surface": null, "id": 187990239}, "geometry": {"type": "LineString", "coordinates": [[77.0885298, 28.5616939], [77.0885654, 28.5616607], [77.0886133, 28.561611], [77.0886904, 28.5615328], [77.0887102, 28.5614391], [77.0887025, 28.5613698], [77.0886955, 28.5613063], [77.0885351, 28.5607024]]}}, {"type": "Feature", "properties": {"aeroway": "taxiway", "ref": null, "name": null, "surface": null, "id": 187990243}, "geometry": {"type": "LineString", "coordinates": [[77.0807148, 28.5630848], [77.0807191, 28.5631866], [77.0807005, 28.5632852], [77.0806759, 28.5633496], [77.0806392, 28.5634033], [77.0805829, 28.5634685], [77.0805291, 28.5635152], [77.0804534, 28.5635526], [77.0803594, 28.5635877]]}}, {"type": "Feature", "properties": {"aeroway": "taxiway", "ref": null, "name": null, "surface": null, "id": 187990244}, "geometry": {"type": "LineString", "coordinates": [[77.1111104, 28.5592881], [77.1110392, 28.5593235], [77.1109906, 28.5593499], [77.110947, 28.5593819], [77.1108211, 28.5594857], [77.10971, 28.5604605], [77.1094954, 28.5606485], [77.1092644, 28.560853], [77.1087745, 28.5612496], [77.1085588, 28.5613989], [77.1082896, 28.5615674], [77.1079844, 28.561733], [77.1076936, 28.5618671], [77.1075139, 28.5619447], [77.1072361, 28.5620454], [77.1067513, 28.5621956]]}}, {"type": "Feature", "properties": {"aeroway": "taxiway", "ref": null, "name": null, "surface": null, "id": 187990247}, "geometry": {"type": "LineString", "coordinates": [[77.0839886, 28.5655393], [77.0838882, 28.5655717], [77.0838021, 28.5656331], [77.0837391, 28.5657093], [77.083705, 28.5657662], [77.0836877, 28.565795], [77.0836563, 28.5658802], [77.0836517, 28.5659793], [77.0836627, 28.5660932], [77.0836955, 28.5661831], [77.0837453, 28.5662604], [77.0838828, 28.5663753]]}}, {"type": "Feature", "properties": {"aeroway": "taxiway", "ref": null, "name": null, "surface": null, "id": 187990248}, "geometry": {"type": "LineString", "coordinates": [[77.0904529, 28.5616125], [77.0904218, 28.5615512], [77.0903873, 28.561507], [77.0903545, 28.5614683], [77.0903147, 28.5614393], [77.090305, 28.5614311], [77.090281, 28.5614159], [77.0902529, 28.5613999], [77.0902094, 28.561384], [77.090136, 28.5613638], [77.0900655, 28.5613573], [77.0899673, 28.5613593]]}}, {"type": "Feature", "properties": {"aeroway": "taxiway", "ref": null, "name": null, "surface": null, "id": 187990250}, "geometry": {"type": "LineString", "coordinates": [[77.0995612, 28.5619521], [77.0994272, 28.5620067], [77.099334, 28.5620902], [77.0992686, 28.5621971], [77.0992316, 28.5623042], [77.0992266, 28.5624], [77.0992326, 28.5624951], [77.099263, 28.5625918], [77.099312, 28.56269], [77.0993934, 28.562772], [77.0995691, 28.5628701]]}}, {"type": "Feature", "properties": {"aeroway": "taxiway", "ref": null, "name": null, "surface": null, "id": 187990251}, "geometry": {"type": "LineString", "coordinates": [[77.0877667, 28.5613769], [77.0878412, 28.5614264], [77.0878758, 28.5614584], [77.0878924, 28.5614928], [77.0878952, 28.5615259], [77.0878921, 28.5615656], [77.0878799, 28.5616077], [77.0878625, 28.5616585], [77.0878378, 28.561723], [77.0877989, 28.5617794], [77.0877559, 28.5618237], [77.0876923, 28.561866], [77.0876102, 28.5619021]]}}, {"type": "Feature", "properties": {"aeroway": "taxiway", "ref": null, "name": null, "surface": null, "id": 187990252}, "geometry": {"type": "LineString", "coordinates": [[77.097194, 28.5621026], [77.0972247, 28.5621827], [77.0972591, 28.5622259], [77.0972971, 28.5622704], [77.0973478, 28.5623212], [77.0974202, 28.5623514], [77.0976087, 28.5623999], [77.097828, 28.5624528], [77.0995691, 28.5628701], [77.1000346, 28.5629868], [77.1005554, 28.5630921], [77.1008439, 28.5631344], [77.1011773, 28.5631747], [77.1015553, 28.5631933], [77.1018956, 28.5631943], [77.1022208, 28.5631707], [77.1027436, 28.5630979]]}}, {"type": "Feature", "properties": {"aeroway": "taxiway", "ref": null, "name": null, "surface": null, "id": 187990253}, "geometry": {"type": "LineString", "coordinates": [[77.1092641, 28.5597107], [77.109395, 28.559721], [77.1095305, 28.5597551], [77.1096218, 28.5597938], [77.1097118, 28.5598554], [77.1097664, 28.5599096], [77.1097991, 28.5599773], [77.1098196, 28.5600397], [77.1098329, 28.5601144], [77.1098279, 28.5601944], [77.1098104, 28.5602894], [77.1097728, 28.5603743], [77.10971, 28.5604605]]}}, {"type": "Feature", "properties": {"aeroway": "taxiway", "ref": null, "name": null, "surface": null, "id": 187990257}, "geometry": {"type": "LineString", "coordinates": [[77.0933387, 28.5633822], [77.0932869, 28.5634077], [77.0932092, 28.5634619], [77.0931513, 28.5635383], [77.0930971, 28.5636203], [77.0930623, 28.5637127], [77.0930481, 28.5637882], [77.0930438, 28.56387], [77.0930612, 28.5639492], [77.0930929, 28.5640298], [77.0931391, 28.5641015], [77.0931983, 28.564172], [77.0932878, 28.5642322], [77.0933856, 28.5642965]]}}, {"type": "Feature", "properties": {"aeroway": "taxiway", "ref": null, "name": null, "surface": null, "id": 187990259}, "geometry": {"type": "LineString", "coordinates": [[77.0969657, 28.5625501], [77.0970453, 28.5625051], [77.0970984, 28.562462], [77.0971494, 28.5624], [77.0971817, 28.5623373], [77.0972062, 28.5622732], [77.0972077, 28.5622025], [77.097194, 28.5621026], [77.097, 28.5614453], [77.0967456, 28.5606072], [77.0966455, 28.5602755], [77.0966147, 28.5601694], [77.0965841, 28.5601198], [77.0965494, 28.5600776], [77.0965081, 28.5600358], [77.0964647, 28.5600033], [77.0964194, 28.5599795], [77.0963721, 28.5599613], [77.0963191, 28.5599423], [77.096266, 28.5599343], [77.096156, 28.5599276]]}}, {"type": "Feature", "properties": {"aeroway": "taxiway", "ref": null, "name": null, "surface": null, "id": 187998048}, "geometry": {"type": "LineString", "coordinates": [[77.0822275, 28.5631546], [77.0823227, 28.5631153], [77.0823781, 28.5630837], [77.0824474, 28.5630272], [77.0825125, 28.56295], [77.0829868, 28.5622362], [77.0842018, 28.5604077]]}}, {"type": "Feature", "properties": {"aeroway": "taxiway", "ref": null, "name": null, "surface": null, "id": 187998049}, "geometry": {"type": "LineString", "coordinates": [[77.0794006, 28.5603816], [77.0793092, 28.5604121], [77.0792222, 28.560454], [77.0791385, 28.5605236], [77.0790847, 28.5605959], [77.0790442, 28.5606779], [77.0790255, 28.5607644], [77.0790269, 28.5608788]]}}, {"type": "Feature", "properties": {"aeroway": "taxiway", "ref": null, "name": null, "surface": null, "id": 187998051}, "geometry": {"type": "LineString", "coordinates": [[77.0799984, 28.5606732], [77.0799408, 28.5605566], [77.0798638, 28.5604855], [77.079777, 28.5604229], [77.0796828, 28.5603888], [77.0795815, 28.5603703], [77.0795065, 28.5603705], [77.0794006, 28.5603816]]}}, {"type": "Feature", "properties": {"aeroway": "taxiway", "ref": null, "name": null, "surface": null, "id": 187998052}, "geometry": {"type": "LineString", "coordinates": [[77.0797561, 28.5598623], [77.0797644, 28.5599653], [77.0797589, 28.5600554], [77.0797308, 28.5601344], [77.0796851, 28.5602009], [77.0796503, 28.560243], [77.0795806, 28.5603018], [77.0795077, 28.5603388], [77.0794006, 28.5603816]]}}, {"type": "Feature", "properties": {"aeroway": "taxiway", "ref": null, "name": null, "surface": null, "id": 187998054}, "geometry": {"type": "LineString", "coordinates": [[77.0799984, 28.5606732], [77.0799836, 28.5605624], [77.0799972, 28.5604858], [77.080023, 28.5604083], [77.0800768, 28.5603231], [77.0801444, 28.5602537], [77.0802372, 28.5601948], [77.0803487, 28.5601511]]}}, {"type": "Feature", "properties": {"aeroway": "taxiway", "ref": null, "name": null, "surface": null, "id": 187998056}, "geometry": {"type": "LineString", "coordinates": [[77.0910596, 28.5481888], [77.0911448, 28.5481803], [77.0912293, 28.5481818], [77.0912999, 28.5481964], [77.0913675, 28.5482164], [77.0914354, 28.5482471], [77.0914934, 28.5482886], [77.0915407, 28.5483287], [77.0915933, 28.5483917], [77.0916285, 28.5484525], [77.0916515, 28.5485104], [77.0916647, 28.5485777], [77.0916646, 28.5486475], [77.0916539, 28.5487125], [77.0916356, 28.5487802]]}}, {"type": "Feature", "properties": {"aeroway": "taxiway", "ref": null, "name": null, "surface": null, "id": 187998057}, "geometry": {"type": "LineString", "coordinates": [[77.0803487, 28.5601511], [77.0802134, 28.5601665], [77.0801273, 28.5601575], [77.0800622, 28.560142], [77.0799732, 28.560101], [77.0798984, 28.56006], [77.0798442, 28.5600063], [77.0798001, 28.5599429], [77.0797561, 28.5598623]]}}, {"type": "Feature", "properties": {"aeroway": "taxiway", "ref": null, "name": null, "surface": null, "id": 187998059}, "geometry": {"type": "LineString", "coordinates": [[77.083492, 28.5628595], [77.0833542, 28.5628511], [77.0832198, 28.5628095], [77.0830993, 28.5627435], [77.0830301, 28.5626672], [77.0829689, 28.5625665], [77.0829471, 28.5624329], [77.082959, 28.5623618], [77.0829868, 28.5622362]]}}, {"type": "Feature", "properties": {"aeroway": "taxiway", "ref": null, "name": null, "surface": null, "id": 187998463}, "geometry": {"type": "LineString", "coordinates": [[77.0827277, 28.5501144], [77.08284, 28.5501069], [77.0829218, 28.5501146], [77.0830061, 28.550136], [77.0830798, 28.5501665], [77.0831536, 28.5502156], [77.0832056, 28.5502651], [77.0832554, 28.55033], [77.0832945, 28.5504085]]}}, {"type": "Feature", "properties": {"aeroway": "taxiway", "ref": null, "name": null, "surface": null, "id": 187998465}, "geometry": {"type": "LineString", "coordinates": [[77.0883064, 28.5488225], [77.0882298, 28.5488506], [77.0881647, 28.5488844], [77.0881013, 28.548932], [77.0880493, 28.5489895], [77.0880099, 28.5490479], [77.0879832, 28.5491037], [77.0879658, 28.5491728], [77.0879585, 28.5492333], [77.0879633, 28.5493078]]}}, {"type": "Feature", "properties": {"aeroway": "taxiway", "ref": null, "name": null, "surface": null, "id": 187998466}, "geometry": {"type": "LineString", "coordinates": [[77.0793744, 28.5508826], [77.0792896, 28.550912], [77.079232, 28.5509374], [77.0791753, 28.5509739], [77.0791219, 28.5510206], [77.0790795, 28.5510733], [77.0790445, 28.5511288], [77.0790193, 28.5511903], [77.0790044, 28.5512508], [77.079001, 28.5513108], [77.0790182, 28.5513963]]}}, {"type": "Feature", "properties": {"aeroway": "taxiway", "ref": null, "name": null, "surface": null, "id": 187998467}, "geometry": {"type": "LineString", "coordinates": [[77.0836385, 28.5499021], [77.08354, 28.5499382], [77.0834706, 28.5499789], [77.0834134, 28.5500272], [77.083359, 28.5500884], [77.0833198, 28.5501509], [77.0832982, 28.5502143], [77.0832845, 28.5502768], [77.0832945, 28.5504085]]}}, {"type": "Feature", "properties": {"aeroway": "taxiway", "ref": null, "name": null, "surface": null, "id": 187998468}, "geometry": {"type": "LineString", "coordinates": [[77.0874148, 28.5490288], [77.0875072, 28.5490252], [77.0875879, 28.5490328], [77.0876713, 28.5490533], [77.0877393, 28.5490819], [77.087793, 28.5491131], [77.0878513, 28.5491583], [77.0878934, 28.5492013], [77.0879351, 28.5492546], [77.0879633, 28.5493078]]}}, {"type": "Feature", "properties": {"aeroway": "taxiway", "ref": null, "name": null, "surface": null, "id": 187998469}, "geometry": {"type": "LineString", "coordinates": [[77.0784075, 28.5511226], [77.0785047, 28.5511069], [77.0785793, 28.5511054], [77.0786449, 28.5511112], [77.0787047, 28.5511265], [77.0787614, 28.5511463], [77.0788198, 28.5511753], [77.0788765, 28.5512152], [77.0789368, 28.5512693], [77.0789772, 28.5513217], [77.0790182, 28.5513963]]}}, {"type": "Feature", "properties": {"aeroway": "apron", "ref": null, "name": null, "surface": "concrete:plates", "id": 226544263}, "geometry": {"type": "Polygon", "coordinates": [[[77.0823369, 28.5583468], [77.08251, 28.5583348], [77.083158, 28.5586767], [77.0831832, 28.5586927], [77.0831953, 28.5587167], [77.083199, 28.5587476], [77.0831896, 28.5587717], [77.0810284, 28.5620365], [77.0808417, 28.5613374], [77.0807014, 28.5608122], [77.0823369, 28.5583468]]]}}, {"type": "Feature", "properties": {"aeroway": "apron", "ref": null, "name": null, "surface": "concrete:plates", "id": 226544264}, "geometry": {"type": "Polygon", "coordinates": [[[77.0852112, 28.5520661], [77.0854164, 28.5527545], [77.0854357, 28.5527891], [77.0854681, 28.552814], [77.0855126, 28.5528215], [77.0855593, 28.5528195], [77.087305, 28.552406], [77.0886215, 28.5504567], [77.0892795, 28.5494824], [77.0888045, 28.5492575], [77.087245, 28.5515942], [77.0852112, 28.5520661]]]}}, {"type": "Feature", "properties": {"aeroway": "apron", "ref": "Apron 33A", "name": null, "surface": "concrete:plates", "id": 226544265}, "geometry": {"type": "Polygon", "coordinates": [[[77.08241, 28.5547665], [77.081966, 28.5554516], [77.0785872, 28.5536979], [77.0790178, 28.5530136], [77.08241, 28.5547665]]]}}, {"type": "Feature", "properties": {"aeroway": "hangar", "ref": null, "name": null, "surface": null, "id": 240057630}, "geometry": {"type": "Polygon", "coordinates": [[[77.1055405, 28.5580125], [77.1050734, 28.5581244], [77.1046204, 28.5565577], [77.1040682, 28.5566944], [77.1038417, 28.5559608], [77.1048893, 28.5556872], [77.1055405, 28.5580125]]]}}, {"type": "Feature", "properties": {"aeroway": "hangar", "ref": null, "name": null, "surface": null, "id": 240057776}, "geometry": {"type": "Polygon", "coordinates": [[[77.1090867, 28.5579437], [77.1080112, 28.5582029], [77.1079092, 28.5578872], [77.1089929, 28.5576186], [77.1090867, 28.5579437]]]}}, {"type": "Feature", "properties": {"aeroway": "hangar", "ref": null, "name": null, "surface": null, "id": 240057791}, "geometry": {"type": "Polygon", "coordinates": [[[77.1078495, 28.5583358], [77.1072605, 28.5584735], [77.1072754, 28.5585228], [77.1072141, 28.5585372], [77.1070488, 28.5579917], [77.1076992, 28.5578397], [77.1078495, 28.5583358]]]}}, {"type": "Feature", "properties": {"aeroway": "taxiway", "ref": null, "name": null, "surface": null, "id": 263293651}, "geometry": {"type": "LineString", "coordinates": [[77.0788264, 28.556718], [77.078787, 28.556643], [77.0787481, 28.5565896], [77.0787049, 28.5565439], [77.0786299, 28.5564931], [77.0785601, 28.5564538], [77.0784702, 28.5564301], [77.078398, 28.5564183], [77.0783272, 28.556418], [77.0782276, 28.5564287], [77.0781493, 28.5564564], [77.0780801, 28.556489], [77.0780032, 28.556547], [77.0779445, 28.5566028], [77.0778968, 28.556679], [77.0778676, 28.5567607], [77.0778547, 28.5568512], [77.0778665, 28.5569587]]}}, {"type": "Feature", "properties": {"aeroway": "taxiway", "ref": null, "name": null, "surface": null, "id": 263293656}, "geometry": {"type": "LineString", "coordinates": [[77.0785916, 28.555932], [77.078642, 28.5560236], [77.078713, 28.5561003], [77.0787849, 28.5561541], [77.0788483, 28.5561923], [77.0789278, 28.5562164], [77.0790175, 28.5562254], [77.079121, 28.5562276]]}}, {"type": "Feature", "properties": {"aeroway": "taxiway", "ref": null, "name": null, "surface": null, "id": 263293657}, "geometry": {"type": "LineString", "coordinates": [[77.0771386, 28.5527613], [77.0770368, 28.5527711], [77.076935, 28.5527714], [77.0768519, 28.5527587], [77.0767743, 28.552729], [77.0766965, 28.5526826], [77.0766401, 28.5526272], [77.0765842, 28.5525492], [77.0765346, 28.5524494]]}}, {"type": "Feature", "properties": {"aeroway": "taxiway", "ref": null, "name": null, "surface": null, "id": 263293658}, "geometry": {"type": "LineString", "coordinates": [[77.0794006, 28.5603816], [77.0793136, 28.5603916], [77.0792374, 28.5603921], [77.0791498, 28.5603805], [77.0790541, 28.5603517], [77.0789573, 28.5602949], [77.0788961, 28.5602412], [77.0788355, 28.5601651], [77.0787835, 28.5600565]]}}, {"type": "Feature", "properties": {"aeroway": "taxiway", "ref": null, "name": null, "surface": null, "id": 313547206}, "geometry": {"type": "LineString", "coordinates": [[77.0918408, 28.5484708], [77.0921209, 28.5480514], [77.0921659, 28.5480005], [77.0922098, 28.5479635], [77.0922686, 28.5479281], [77.0923353, 28.5478975]]}}, {"type": "Feature", "properties": {"aeroway": "taxiway", "ref": null, "name": null, "surface": null, "id": 313547207}, "geometry": {"type": "LineString", "coordinates": [[77.0902243, 28.550913], [77.0901464, 28.5510334], [77.0901297, 28.5510878], [77.0901286, 28.5511281], [77.090132, 28.5511624], [77.0901456, 28.5512076], [77.0901655, 28.5512389], [77.090196, 28.5512629]]}}, {"type": "Feature", "properties": {"aeroway": "parking_position", "ref": null, "name": null, "surface": null, "id": 313547208}, "geometry": {"type": "LineString", "coordinates": [[77.0899544, 28.5513201], [77.0899961, 28.5512942], [77.0900359, 28.551278], [77.0900848, 28.551267], [77.0901331, 28.5512646], [77.090196, 28.5512629]]}}, {"type": "Feature", "properties": {"aeroway": "taxiway", "ref": null, "name": null, "surface": null, "id": 313547209}, "geometry": {"type": "LineString", "coordinates": [[77.0923353, 28.5478975], [77.0923792, 28.5478984], [77.0924252, 28.5479102], [77.0924686, 28.5479277], [77.0924991, 28.5479479], [77.0925294, 28.5479755], [77.0925485, 28.5480045], [77.0925654, 28.5480365], [77.0925726, 28.5480746], [77.0925747, 28.5481087], [77.0925686, 28.5481375], [77.0925557, 28.5481807]]}}, {"type": "Feature", "properties": {"aeroway": "taxiway", "ref": null, "name": null, "surface": null, "id": 313547210}, "geometry": {"type": "LineString", "coordinates": [[77.0830318, 28.5495342], [77.0830276, 28.5494559], [77.0830372, 28.5493906], [77.08306, 28.5493155], [77.083096, 28.54925], [77.0831416, 28.5491883], [77.0832046, 28.5491344], [77.0832841, 28.5490881], [77.0834011, 28.5490457]]}}, {"type": "Feature", "properties": {"aeroway": "taxiway", "ref": null, "name": null, "surface": null, "id": 313547211}, "geometry": {"type": "LineString", "coordinates": [[77.0980213, 28.5461511], [77.0980302, 28.5462274], [77.0980254, 28.5463102], [77.0980078, 28.5463797], [77.0979684, 28.5464588], [77.0979059, 28.5465368], [77.0978434, 28.5465858], [77.0977895, 28.5466191], [77.0977034, 28.5466567]]}}, {"type": "Feature", "properties": {"aeroway": "taxiway", "ref": null, "name": null, "surface": null, "id": 313547212}, "geometry": {"type": "LineString", "coordinates": [[77.0787599, 28.5505277], [77.0787609, 28.5504508], [77.0787671, 28.5503922], [77.0787872, 28.5503265], [77.0788138, 28.5502712], [77.0788471, 28.5502214], [77.0788903, 28.5501735], [77.0789543, 28.5501214], [77.0790162, 28.5500859], [77.0790816, 28.5500574]]}}, {"type": "Feature", "properties": {"aeroway": "taxiway", "ref": null, "name": null, "surface": null, "id": 313547213}, "geometry": {"type": "LineString", "coordinates": [[77.092889, 28.5477655], [77.0928535, 28.5477814], [77.0928206, 28.5477995], [77.0927899, 28.5478271], [77.0927635, 28.5478608], [77.0925557, 28.5481807], [77.0917048, 28.5494547], [77.0908762, 28.5507498], [77.0905338, 28.5512374], [77.090437, 28.5513899]]}}, {"type": "Feature", "properties": {"aeroway": "taxiway", "ref": null, "name": null, "surface": null, "id": 313547215}, "geometry": {"type": "LineString", "coordinates": [[77.0905338, 28.5512374], [77.0904888, 28.5512822], [77.0904561, 28.5512994], [77.0904142, 28.551314], [77.0903783, 28.5513178], [77.0903355, 28.5513175], [77.0902847, 28.5513083]]}}, {"type": "Feature", "properties": {"aeroway": "parking_position", "ref": null, "name": null, "surface": null, "id": 313547216}, "geometry": {"type": "LineString", "coordinates": [[77.0900085, 28.5521137], [77.0898427, 28.5515936], [77.0898411, 28.551549], [77.0898523, 28.5514893], [77.0898711, 28.5514496], [77.0899544, 28.5513201], [77.0901464, 28.5510334]]}}, {"type": "Feature", "properties": {"aeroway": "taxiway", "ref": null, "name": null, "surface": null, "id": 313547217}, "geometry": {"type": "LineString", "coordinates": [[77.0897874, 28.5512509], [77.0898573, 28.5512052], [77.0899046, 28.5511863], [77.0899592, 28.5511793], [77.0900154, 28.5511827], [77.0900592, 28.551196], [77.090196, 28.5512629], [77.0902847, 28.5513083]]}}, {"type": "Feature", "properties": {"aeroway": "taxiway", "ref": null, "name": null, "surface": null, "id": 313547221}, "geometry": {"type": "LineString", "coordinates": [[77.0784075, 28.5511226], [77.0785099, 28.5510914], [77.0785925, 28.5510453], [77.0786651, 28.5509885], [77.078714, 28.5509297], [77.0787529, 28.5508643], [77.0787792, 28.5507974], [77.0787912, 28.5507333], [77.0787913, 28.550669], [77.0787797, 28.5505914], [77.0788119, 28.550663], [77.0788616, 28.5507407], [77.078916, 28.5507923], [77.0789833, 28.5508354], [77.0790473, 28.5508637], [77.0791331, 28.5508898], [77.0791942, 28.5508943], [77.0792751, 28.5508942], [77.0793744, 28.5508826]]}}, {"type": "Feature", "properties": {"aeroway": "taxiway", "ref": null, "name": null, "surface": null, "id": 313547223}, "geometry": {"type": "LineString", "coordinates": [[77.0827277, 28.5501144], [77.0828311, 28.5500708], [77.0828836, 28.5500351], [77.0829332, 28.5499947], [77.0829891, 28.5499326], [77.0830283, 28.5498616], [77.0830534, 28.5497938], [77.0830633, 28.549726], [77.0830644, 28.5496377], [77.0831031, 28.5497032], [77.0831544, 28.549762], [77.0832162, 28.5498155], [77.0832867, 28.5498581], [77.0833657, 28.5498925], [77.0834507, 28.5499101], [77.0835152, 28.5499129], [77.0836385, 28.5499021]]}}, {"type": "Feature", "properties": {"aeroway": "hangar", "ref": null, "name": null, "surface": null, "id": 355425709}, "geometry": {"type": "Polygon", "coordinates": [[[77.1171064, 28.5731429], [77.1173187, 28.5735277], [77.1180252, 28.5732271], [77.1178129, 28.5728423], [77.1171064, 28.5731429]]]}}, {"type": "Feature", "properties": {"aeroway": "taxiway", "ref": null, "name": null, "surface": null, "id": 379844111}, "geometry": {"type": "LineString", "coordinates": [[77.104597, 28.5607896], [77.1044158, 28.5607807], [77.1043223, 28.5607658], [77.1042395, 28.560732], [77.1041814, 28.5606947], [77.1041286, 28.5606479], [77.1040724, 28.5605909], [77.1040083, 28.5604722]]}}, {"type": "Feature", "properties": {"aeroway": "taxiway", "ref": null, "name": null, "surface": null, "id": 379844112}, "geometry": {"type": "LineString", "coordinates": [[77.1034796, 28.5586863], [77.1034835, 28.5584989], [77.1035039, 28.5584333], [77.1035436, 28.5583592], [77.103579, 28.5583088], [77.1036343, 28.5582486], [77.1037049, 28.5581879]]}}, {"type": "Feature", "properties": {"aeroway": "apron", "ref": null, "name": null, "surface": "concrete:plates", "id": 379844113}, "geometry": {"type": "Polygon", "coordinates": [[[77.1029861, 28.5587921], [77.0971494, 28.5601417], [77.0973936, 28.5609503], [77.1012039, 28.5600683], [77.1013968, 28.560113], [77.1030561, 28.5597202], [77.1032615, 28.5596716], [77.1029861, 28.5587921]]]}}, {"type": "Feature", "properties": {"aeroway": "taxiway", "ref": null, "name": null, "surface": null, "id": 379844114}, "geometry": {"type": "LineString", "coordinates": [[77.1029547, 28.5583624], [77.1031553, 28.5583821], [77.1032474, 28.5584185], [77.1033324, 28.5584706], [77.1034007, 28.5585343], [77.1034796, 28.5586863], [77.1038303, 28.5598547], [77.1040083, 28.5604722], [77.1040167, 28.5605992], [77.1040081, 28.5606744], [77.1039759, 28.5607555], [77.1039238, 28.5608297], [77.1038569, 28.5608943], [77.1037829, 28.5609429], [77.1036427, 28.5609971]]}}, {"type": "Feature", "properties": {"aeroway": "apron", "ref": null, "name": null, "surface": "concrete:plates", "id": 379844564}, "geometry": {"type": "Polygon", "coordinates": [[[77.1045617, 28.5750597], [77.105157, 28.574947], [77.1024419, 28.573319], [77.1021908, 28.5736407], [77.1045617, 28.5750597]]]}}, {"type": "Feature", "properties": {"aeroway": "apron", "ref": null, "name": null, "surface": "concrete:plates", "id": 379844566}, "geometry": {"type": "Polygon", "coordinates": [[[77.102169, 28.5729015], [77.1055342, 28.5748446], [77.1058025, 28.5744863], [77.1024377, 28.5725427], [77.102169, 28.5729015]]]}}, {"type": "Feature", "properties": {"aeroway": "apron", "ref": null, "name": null, "surface": "concrete", "id": 379844567}, "geometry": {"type": "Polygon", "coordinates": [[[77.1027075, 28.5757398], [77.1017471, 28.577087], [77.1027324, 28.5776472], [77.1029694, 28.5773671], [77.1031565, 28.5764517], [77.103226, 28.5763563], [77.1033026, 28.5759823], [77.1030371, 28.5759057], [77.1027075, 28.5757398]]]}}, {"type": "Feature", "properties": {"aeroway": "hangar", "ref": null, "name": null, "surface": null, "id": 379844568}, "geometry": {"type": "Polygon", "coordinates": [[[77.1015148, 28.5773678], [77.1025195, 28.5779343], [77.1027174, 28.5776637], [77.1017127, 28.5770972], [77.1015148, 28.5773678]]]}}, {"type": "Feature", "properties": {"aeroway": "hangar", "ref": null, "name": null, "surface": null, "id": 379844569}, "geometry": {"type": "Polygon", "coordinates": [[[77.1014478, 28.5768871], [77.1023984, 28.5755836], [77.1026836, 28.575744], [77.101733, 28.5770475], [77.1014478, 28.5768871]]]}}, {"type": "Feature", "properties": {"aeroway": "hangar", "ref": null, "name": null, "surface": null, "id": 379897798}, "geometry": {"type": "Polygon", "coordinates": [[[77.1065495, 28.5763082], [77.1066044, 28.5762865], [77.1066436, 28.5763629], [77.1075285, 28.5760129], [77.1074981, 28.5759537], [77.107547, 28.5759344], [77.1072284, 28.5753129], [77.1071329, 28.5753506], [77.1071751, 28.5754329], [77.1063818, 28.5757467], [77.1063439, 28.5756729], [77.1062438, 28.5757125], [77.1065495, 28.5763082]]]}}, {"type": "Feature", "properties": {"aeroway": "hangar", "ref": null, "name": null, "surface": null, "id": 379897799}, "geometry": {"type": "Polygon", "coordinates": [[[77.1082433, 28.5762599], [77.1082764, 28.5762423], [77.108323, 28.5763097], [77.1085312, 28.5761988], [77.1085395, 28.5762109], [77.1091281, 28.5758975], [77.1093333, 28.5761948], [77.1093627, 28.5762373], [77.1087787, 28.5765482], [77.1088062, 28.576588], [77.1086087, 28.5766931], [77.1086487, 28.5767511], [77.1086002, 28.5767769], [77.1085584, 28.5767164], [77.1082433, 28.5762599]]]}}, {"type": "Feature", "properties": {"aeroway": "hangar", "ref": null, "name": null, "surface": null, "id": 379897800}, "geometry": {"type": "Polygon", "coordinates": [[[77.11051, 28.5750185], [77.1101162, 28.5744612], [77.1105171, 28.574239], [77.1109106, 28.5747962], [77.11051, 28.5750185]]]}}, {"type": "Feature", "properties": {"aeroway": "hangar", "ref": null, "name": null, "surface": null, "id": 379897802}, "geometry": {"type": "Polygon", "coordinates": [[[77.1098911, 28.5753628], [77.1094963, 28.5748047], [77.109898, 28.5745821], [77.1102916, 28.5751404], [77.1098911, 28.5753628]]]}}, {"type": "Feature", "properties": {"aeroway": "hangar", "ref": null, "name": null, "surface": null, "id": 379897803}, "geometry": {"type": "Polygon", "coordinates": [[[77.1164724, 28.5743814], [77.1168228, 28.5741935], [77.1171681, 28.5740084], [77.1169239, 28.5736571], [77.1162282, 28.5740301], [77.1164724, 28.5743814]]]}}, {"type": "Feature", "properties": {"aeroway": "hangar", "ref": null, "name": null, "surface": null, "id": 379897804}, "geometry": {"type": "Polygon", "coordinates": [[[77.1149207, 28.5747052], [77.1151653, 28.5750689], [77.1158578, 28.5747097], [77.1156132, 28.574346], [77.1149207, 28.5747052]]]}}, {"type": "Feature", "properties": {"aeroway": "hangar", "ref": null, "name": null, "surface": null, "id": 379897805}, "geometry": {"type": "Polygon", "coordinates": [[[77.1111362, 28.5746708], [77.1107414, 28.5741125], [77.1111429, 28.5738913], [77.1115376, 28.5744495], [77.1111362, 28.5746708]]]}}, {"type": "Feature", "properties": {"aeroway": "taxiway", "ref": null, "name": null, "surface": null, "id": 610505505}, "geometry": {"type": "LineString", "coordinates": [[77.0916986, 28.5475499], [77.0916928, 28.5474806], [77.0916954, 28.5474168], [77.0917112, 28.5473492], [77.09174, 28.5472853], [77.0917801, 28.5472214], [77.0918317, 28.547163], [77.0918848, 28.5471236], [77.0919554, 28.5470852], [77.0920511, 28.5470513]]}}, {"type": "Feature", "properties": {"aeroway": "taxiway", "ref": null, "name": null, "surface": null, "id": 610505506}, "geometry": {"type": "LineString", "coordinates": [[77.0913719, 28.548118], [77.0914681, 28.5480808], [77.091534, 28.5480424], [77.0915807, 28.5480072], [77.0916269, 28.5479616], [77.091667, 28.5479082], [77.0917007, 28.5478483], [77.0917188, 28.5477791], [77.0917267, 28.547728], [77.0917182, 28.5476128]]}}, {"type": "Feature", "properties": {"aeroway": "taxiway", "ref": null, "name": null, "surface": null, "id": 610505507}, "geometry": {"type": "LineString", "coordinates": [[77.0917182, 28.5476128], [77.0917567, 28.5476898], [77.0918001, 28.5477481], [77.091856, 28.5477984], [77.091925, 28.547847], [77.0920004, 28.54788], [77.0920824, 28.5479021], [77.0921557, 28.5479117], [77.0922274, 28.5479119], [77.0923353, 28.5478975]]}}, {"type": "Feature", "properties": {"aeroway": "taxiway", "ref": null, "name": null, "surface": null, "id": 610505509}, "geometry": {"type": "LineString", "coordinates": [[77.0911198, 28.5472632], [77.0912091, 28.5472511], [77.0912778, 28.547253], [77.0913583, 28.5472654], [77.091426, 28.5472868], [77.0914968, 28.5473203], [77.0915668, 28.5473719], [77.0916255, 28.5474287], [77.0916658, 28.5474818], [77.0916986, 28.5475499]]}}, {"type": "Feature", "properties": {"aeroway": "taxiway", "ref": null, "name": null, "surface": null, "id": 610505510}, "geometry": {"type": "LineString", "coordinates": [[77.0877139, 28.5484711], [77.0877066, 28.5483672], [77.0877163, 28.5483054], [77.0877443, 28.5482233], [77.0877882, 28.5481498], [77.0878476, 28.5480892], [77.0879061, 28.5480396], [77.0879685, 28.548007], [77.0880565, 28.5479722]]}}, {"type": "Feature", "properties": {"aeroway": "taxiway", "ref": null, "name": null, "surface": null, "id": 610505511}, "geometry": {"type": "LineString", "coordinates": [[77.0877139, 28.5484711], [77.0876702, 28.5483867], [77.0876251, 28.5483309], [77.0875647, 28.5482811], [77.0875105, 28.5482475], [77.087454, 28.5482162], [77.087389, 28.5481949], [77.0873191, 28.5481803], [77.0872431, 28.5481753], [77.0871604, 28.5481784]]}}, {"type": "Feature", "properties": {"aeroway": "taxiway", "ref": null, "name": null, "surface": null, "id": 610505512}, "geometry": {"type": "LineString", "coordinates": [[77.0874148, 28.5490288], [77.0874905, 28.5489981], [77.0875531, 28.5489582], [77.0876097, 28.5489093], [77.0876636, 28.5488504], [77.0877026, 28.5487886], [77.0877243, 28.5487255], [77.0877372, 28.5486721], [77.0877367, 28.5486168], [77.0877355, 28.5485413]]}}, {"type": "Feature", "properties": {"aeroway": "taxiway", "ref": null, "name": null, "surface": null, "id": 610505513}, "geometry": {"type": "LineString", "coordinates": [[77.0877355, 28.5485413], [77.0877636, 28.5485947], [77.0877935, 28.548635], [77.087843, 28.5486948], [77.0879105, 28.5487481], [77.087968, 28.5487776], [77.088042, 28.5488064], [77.0881172, 28.5488246], [77.0881956, 28.5488312], [77.0883064, 28.5488225]]}}, {"type": "Feature", "properties": {"aeroway": "taxiway", "ref": null, "name": null, "surface": null, "id": 610505514}, "geometry": {"type": "LineString", "coordinates": [[77.0874754, 28.5476487], [77.0874913, 28.5477464], [77.087494, 28.547815], [77.08748, 28.5478737], [77.0874583, 28.5479331], [77.0874257, 28.5479908], [77.0873725, 28.548054], [77.0873078, 28.5481083], [77.0872325, 28.5481517], [77.0871604, 28.5481784]]}}, {"type": "Feature", "properties": {"aeroway": "runway", "ref": null, "name": null, "surface": "asphalt", "id": 626283739}, "geometry": {"type": "LineString", "coordinates": [[77.1068741, 28.5383008], [77.10375, 28.5389722], [77.0957042, 28.5407011], [77.0950424, 28.5408433]]}}, {"type": "Feature", "properties": {"aeroway": "taxiway", "ref": "A3", "name": null, "surface": null, "id": 626283744}, "geometry": {"type": "LineString", "coordinates": [[77.0935319, 28.570847], [77.093488, 28.570728], [77.0934507, 28.5706669], [77.0933985, 28.570598], [77.09332, 28.5705462], [77.0932538, 28.5705102], [77.0931701, 28.5704842], [77.0930602, 28.5704648], [77.0928754, 28.5704503]]}}, {"type": "Feature", "properties": {"aeroway": "runway", "ref": "10/28", "name": null, "surface": "asphalt", "id": 626283747}, "geometry": {"type": "LineString", "coordinates": [[77.1225627, 28.5585512], [77.1219841, 28.5586842], [77.1210891, 28.5588868], [77.1195192, 28.5592512], [77.1178736, 28.5596331], [77.1173936, 28.5597406], [77.1164423, 28.5599602], [77.1154144, 28.5601978], [77.1119997, 28.5609849], [77.1067513, 28.5621956], [77.1027472, 28.5631165], [77.1023494, 28.5632138], [77.101639, 28.5633757], [77.096608, 28.5645296], [77.0962772, 28.5646094], [77.096064, 28.564659], [77.0954223, 28.5648085], [77.0923018, 28.5655121], [77.0915575, 28.5657008], [77.0909073, 28.5658491], [77.090547, 28.5659326], [77.0861091, 28.5669545], [77.0855547, 28.5670819], [77.0853817, 28.5671203], [77.0848508, 28.5672434]]}}, {"type": "Feature", "properties": {"aeroway": "runway", "ref": null, "name": null, "surface": "concrete:plates", "id": 626283749}, "geometry": {"type": "LineString", "coordinates": [[77.065506, 28.5471776], [77.0656504, 28.5471472], [77.0661911, 28.5470286], [77.0680088, 28.5466396], [77.0689669, 28.5464479], [77.0698469, 28.5462447]]}}, {"type": "Feature", "properties": {"aeroway": "taxiway", "ref": null, "name": null, "surface": null, "id": 626285205}, "geometry": {"type": "LineString", "coordinates": [[77.1022314, 28.573257], [77.1022083, 28.573266], [77.1021884, 28.573279], [77.1021722, 28.5732942], [77.1020146, 28.5735223], [77.1020097, 28.5735394], [77.1020084, 28.5735572], [77.1020121, 28.5735772]]}}, {"type": "Feature", "properties": {"aeroway": "taxiway", "ref": null, "name": null, "surface": null, "id": 626285206}, "geometry": {"type": "LineString", "coordinates": [[77.101831, 28.5732682], [77.1018561, 28.5732888], [77.1018687, 28.5733097], [77.1020121, 28.5735772], [77.1020242, 28.5736], [77.1020412, 28.5736207], [77.10206, 28.5736367], [77.1045724, 28.5751394], [77.1046034, 28.5751524], [77.104635, 28.5751543], [77.105269, 28.5750283]]}}, {"type": "Feature", "properties": {"aeroway": "taxiway", "ref": null, "name": null, "surface": null, "id": 626285207}, "geometry": {"type": "LineString", "coordinates": [[77.1061496, 28.5744713], [77.106123, 28.5744891], [77.1061078, 28.5744932], [77.1060932, 28.5744981], [77.1060798, 28.5745004], [77.1060569, 28.5744991], [77.1060357, 28.5744952], [77.1026921, 28.5725573]]}}, {"type": "Feature", "properties": {"aeroway": "taxiway", "ref": null, "name": null, "surface": null, "id": 626285208}, "geometry": {"type": "LineString", "coordinates": [[77.1064233, 28.575123], [77.1065801, 28.5751044], [77.1066901, 28.5750881], [77.1075267, 28.5748281], [77.1081807, 28.5745924], [77.1095083, 28.5740394], [77.1100268, 28.5737982], [77.1114801, 28.5730149], [77.1116778, 28.5729024], [77.1119381, 28.5727622], [77.1120526, 28.5726855], [77.1120637, 28.5726794], [77.1123988, 28.5724948], [77.1125093, 28.5724362], [77.1127243, 28.5723222], [77.112876, 28.5722418], [77.114108, 28.5715795], [77.1141993, 28.5715304], [77.1144963, 28.5713797], [77.1145938, 28.5713283], [77.1146134, 28.5713192], [77.1156888, 28.57072], [77.1157531, 28.5706786], [77.1158909, 28.5706013], [77.1159853, 28.5705513]]}}, {"type": "Feature", "properties": {"aeroway": "taxiway", "ref": null, "name": null, "surface": null, "id": 626285209}, "geometry": {"type": "LineString", "coordinates": [[77.113657, 28.5738337], [77.1136232, 28.5738255], [77.1136001, 28.5738236], [77.1135685, 28.5738243], [77.113544, 28.5738294], [77.1135205, 28.5738367], [77.1130597, 28.5740876], [77.1130041, 28.5741179], [77.1129259, 28.5741605], [77.112841, 28.5742067], [77.1109221, 28.5752535], [77.110883, 28.5752619], [77.1107494, 28.5752673], [77.1107085, 28.5752791], [77.109487, 28.5759483], [77.1094559, 28.5759569], [77.1094274, 28.5759569], [77.1094087, 28.5759522], [77.1093846, 28.575935], [77.1090858, 28.575527]]}}, {"type": "Feature", "properties": {"aeroway": "taxiway", "ref": null, "name": null, "surface": null, "id": 626285210}, "geometry": {"type": "LineString", "coordinates": [[77.1160207, 28.5730744], [77.1160311, 28.5731109], [77.1160355, 28.5731414], [77.1160317, 28.5731675], [77.1160145, 28.5731855], [77.1156269, 28.573396], [77.1155945, 28.5734083], [77.1155595, 28.5734139], [77.1152329, 28.5734323], [77.1151955, 28.5734392], [77.1151668, 28.573451], [77.1140774, 28.5740469], [77.1140617, 28.5740524], [77.1140116, 28.5740664], [77.1139589, 28.5740812], [77.1139404, 28.5740864], [77.1139317, 28.5740892], [77.1139242, 28.5740935], [77.113252, 28.5744618], [77.1132281, 28.5744749], [77.1131979, 28.5744842], [77.1131658, 28.5744881], [77.1131397, 28.5744868], [77.1131181, 28.5744803], [77.1130865, 28.5744576]]}}, {"type": "Feature", "properties": {"aeroway": "taxiway", "ref": null, "name": null, "surface": null, "id": 626285211}, "geometry": {"type": "LineString", "coordinates": [[77.1120526, 28.5726855], [77.1120285, 28.5727186], [77.1120188, 28.5727468], [77.1120166, 28.5727828], [77.1120216, 28.5728122], [77.1120373, 28.5728402], [77.112715, 28.5738015], [77.1128924, 28.574053], [77.1129002, 28.5740724], [77.1129058, 28.5740864], [77.1129259, 28.5741605], [77.1129462, 28.5742356], [77.1129576, 28.5742653], [77.1130865, 28.5744576], [77.1131646, 28.5745742], [77.1132049, 28.5746184], [77.1132477, 28.5746493], [77.1136008, 28.5748534], [77.1136383, 28.5748678], [77.1136796, 28.5748733], [77.1137136, 28.5748718], [77.1137463, 28.5748593], [77.1142706, 28.5745734], [77.1143023, 28.5745522], [77.1143177, 28.5745328], [77.1143185, 28.5745139], [77.1143111, 28.5744959], [77.1142593, 28.5744236], [77.1140602, 28.5741345], [77.1140116, 28.5740664], [77.1139885, 28.5740341], [77.1139769, 28.5740179], [77.1139196, 28.5739376], [77.1139018, 28.5739225], [77.113881, 28.5739114], [77.1136771, 28.573843], [77.113657, 28.5738337], [77.1136425, 28.5738198], [77.1135744, 28.5737229], [77.1133269, 28.5733705], [77.1129427, 28.5728237], [77.1129083, 28.5727746], [77.112903, 28.5727671], [77.1128636, 28.5727097], [77.1128046, 28.5726271], [77.112686, 28.5724583], [77.1126628, 28.5724428], [77.112637, 28.5724313], [77.1126157, 28.5724252], [77.1125906, 28.5724208], [77.1125699, 28.5724213], [77.1125454, 28.5724252], [77.1125093, 28.5724362]]}}, {"type": "Feature", "properties": {"aeroway": "taxiway", "ref": null, "name": null, "surface": null, "id": 626285212}, "geometry": {"type": "LineString", "coordinates": [[77.1145938, 28.5713283], [77.1145377, 28.571372], [77.1145162, 28.5714021], [77.1143108, 28.5717647], [77.1141997, 28.5719609], [77.1141641, 28.5719929], [77.1130014, 28.5726328], [77.1129543, 28.5726592], [77.1128636, 28.5727097], [77.1126959, 28.5728035], [77.1126563, 28.5728197], [77.1125965, 28.5728223], [77.1125363, 28.5728228], [77.112478, 28.572811], [77.1124265, 28.5727879], [77.1123855, 28.5727663], [77.1123557, 28.5727356], [77.112337, 28.5727081], [77.1123288, 28.5726852], [77.1123251, 28.5726538], [77.1123266, 28.5726224], [77.1123356, 28.5725864], [77.1123497, 28.5725523], [77.1123646, 28.5725294], [77.1123988, 28.5724948]]}}, {"type": "Feature", "properties": {"aeroway": "taxiway", "ref": null, "name": null, "surface": null, "id": 626285213}, "geometry": {"type": "LineString", "coordinates": [[77.1054318, 28.5750443], [77.1053614, 28.5750331], [77.105269, 28.5750283], [77.1049234, 28.5754511], [77.1048321, 28.5755226], [77.1046657, 28.575628], [77.1038132, 28.5761497], [77.1037485, 28.5761762], [77.1036262, 28.5762081], [77.1035752, 28.5762133], [77.1032979, 28.5761889], [77.1032458, 28.57619], [77.1030983, 28.5762204], [77.1030775, 28.5762379], [77.1026437, 28.5768396]]}}, {"type": "Feature", "properties": {"aeroway": "taxiway", "ref": null, "name": null, "surface": null, "id": 626285215}, "geometry": {"type": "LineString", "coordinates": [[77.0904686, 28.5662519], [77.0905115, 28.5661506], [77.0905636, 28.5660626], [77.0906298, 28.5660041], [77.0906951, 28.5659492], [77.0907657, 28.5659023], [77.0909073, 28.5658491]]}}, {"type": "Feature", "properties": {"aeroway": "taxiway", "ref": null, "name": null, "surface": null, "id": 626285216}, "geometry": {"type": "LineString", "coordinates": [[77.0907274, 28.5651338], [77.0907252, 28.565246], [77.0907438, 28.565332], [77.0907843, 28.5654256], [77.0908551, 28.5655205], [77.09091, 28.5655695], [77.0909947, 28.5656387], [77.091094, 28.5656856], [77.0911842, 28.5657126], [77.0912595, 28.5657212], [77.0913165, 28.565717], [77.0915575, 28.5657008]]}}, {"type": "Feature", "properties": {"aeroway": "taxiway", "ref": null, "name": null, "surface": null, "id": 626285217}, "geometry": {"type": "LineString", "coordinates": [[77.0902799, 28.5640899], [77.090347, 28.5640834], [77.0904313, 28.5640937], [77.0905072, 28.5641147], [77.0905956, 28.5641486], [77.0906602, 28.5641817], [77.090719, 28.5642323], [77.0907689, 28.5642924], [77.0908113, 28.564358], [77.0908366, 28.5644312], [77.0908517, 28.5645567]]}}, {"type": "Feature", "properties": {"aeroway": "taxiway", "ref": null, "name": null, "surface": null, "id": 626285219}, "geometry": {"type": "LineString", "coordinates": [[77.0856347, 28.5674918], [77.0855308, 28.5672903], [77.085487, 28.5672291], [77.0854302, 28.5671645], [77.0853817, 28.5671203], [77.0852879, 28.567069], [77.0852169, 28.5670253]]}}, {"type": "Feature", "properties": {"aeroway": "parking_position", "ref": null, "name": null, "surface": null, "id": 626285220}, "geometry": {"type": "LineString", "coordinates": [[77.0902847, 28.5513083], [77.0902816, 28.5514346], [77.0903528, 28.551683], [77.0904566, 28.5520208]]}}, {"type": "Feature", "properties": {"aeroway": "parking_position", "ref": null, "name": null, "surface": null, "id": 626285221}, "geometry": {"type": "LineString", "coordinates": [[77.0902847, 28.5513083], [77.090437, 28.5513899], [77.0910432, 28.5516931]]}}, {"type": "Feature", "properties": {"aeroway": "taxiway", "ref": null, "name": null, "surface": null, "id": 626287093}, "geometry": {"type": "LineString", "coordinates": [[77.0771151, 28.5509317], [77.0771087, 28.5508658], [77.0771076, 28.5508125], [77.0771209, 28.550747], [77.0771398, 28.5506916], [77.0771853, 28.5506169], [77.0772215, 28.5505708], [77.0772688, 28.5505283], [77.0773279, 28.5504855], [77.0773898, 28.5504545], [77.0774609, 28.5504315]]}}, {"type": "Feature", "properties": {"aeroway": "taxiway", "ref": null, "name": null, "surface": null, "id": 626287394}, "geometry": {"type": "LineString", "coordinates": [[77.1133269, 28.5733705], [77.1133358, 28.5733911], [77.1133379, 28.5734145], [77.1133337, 28.5734394], [77.1133207, 28.5734644], [77.1132969, 28.5734831], [77.112715, 28.5738015], [77.1126072, 28.5738596], [77.1125828, 28.5738662], [77.112563, 28.5738659], [77.1125357, 28.5738585], [77.1125183, 28.5738456], [77.1118734, 28.5729237], [77.1118503, 28.5729075], [77.1118209, 28.5728963], [77.1117888, 28.5728937], [77.1117533, 28.5728946], [77.1117247, 28.5728958], [77.1116778, 28.5729024]]}}, {"type": "Feature", "properties": {"aeroway": "taxiway", "ref": null, "name": null, "surface": null, "id": 901366699}, "geometry": {"type": "LineString", "coordinates": [[77.0970224, 28.5425908], [77.0970483, 28.5426843], [77.0973738, 28.5438574], [77.0977771, 28.5453108], [77.0978846, 28.5456988], [77.0980046, 28.5460972]]}}, {"type": "Feature", "properties": {"aeroway": "hangar", "ref": null, "name": null, "surface": null, "id": 901366713}, "geometry": {"type": "Polygon", "coordinates": [[[77.1046203, 28.5538609], [77.1075815, 28.5531777], [77.107401, 28.5525741], [77.1044398, 28.5532574], [77.1046203, 28.5538609]]]}}, {"type": "Feature", "properties": {"aeroway": "taxiway", "ref": null, "name": null, "surface": null, "id": 901366717}, "geometry": {"type": "LineString", "coordinates": [[77.0907644, 28.5618147], [77.0915835, 28.5616181], [77.0964906, 28.5604998]]}}, {"type": "Feature", "properties": {"aeroway": "taxiway", "ref": null, "name": null, "surface": null, "id": 901366718}, "geometry": {"type": "LineString", "coordinates": [[77.0907644, 28.5618147], [77.0907085, 28.5618333], [77.0906731, 28.5618631], [77.0906458, 28.561891], [77.0906218, 28.5619191], [77.090606, 28.5619458], [77.0905931, 28.5619753], [77.0905865, 28.5620101], [77.0905901, 28.5620767]]}}, {"type": "Feature", "properties": {"aeroway": "taxiway", "ref": null, "name": null, "surface": null, "id": 901366719}, "geometry": {"type": "LineString", "coordinates": [[77.0964906, 28.5604998], [77.0965536, 28.560468], [77.0965786, 28.5604487], [77.0965978, 28.5604244], [77.0966174, 28.5603965], [77.0966327, 28.5603561], [77.0966394, 28.560327], [77.0966455, 28.5602755]]}}, {"type": "Feature", "properties": {"aeroway": "taxiway", "ref": null, "name": null, "surface": null, "id": 901366720}, "geometry": {"type": "LineString", "coordinates": [[77.0964906, 28.5604998], [77.0965683, 28.5605022], [77.0966087, 28.5605102], [77.0966463, 28.5605232], [77.0966739, 28.5605403], [77.0966957, 28.5605575], [77.0967207, 28.5605773], [77.0967456, 28.5606072]]}}, {"type": "Feature", "properties": {"aeroway": "taxiway", "ref": null, "name": null, "surface": null, "id": 901366721}, "geometry": {"type": "LineString", "coordinates": [[77.090471, 28.5616793], [77.0905145, 28.561747], [77.090556, 28.5617782], [77.0905899, 28.5617975], [77.0906435, 28.5618151], [77.0906985, 28.5618218], [77.0907644, 28.5618147]]}}, {"type": "Feature", "properties": {"aeroway": "apron", "ref": null, "name": null, "surface": "concrete:plates", "id": 901366722}, "geometry": {"type": "Polygon", "coordinates": [[[77.0911502, 28.5624499], [77.0964567, 28.5612138], [77.0963322, 28.5607775], [77.0910242, 28.5620123], [77.0911502, 28.5624499]]]}}, {"type": "Feature", "properties": {"aeroway": "taxiway", "ref": null, "name": null, "surface": null, "id": 901366735}, "geometry": {"type": "LineString", "coordinates": [[77.1049616, 28.5408905], [77.1049838, 28.54097], [77.1049912, 28.5409965], [77.1053117, 28.5421542], [77.1056793, 28.5434822], [77.1057903, 28.5438727], [77.10591, 28.5442938]]}}, {"type": "Feature", "properties": {"aeroway": "taxiway", "ref": null, "name": null, "surface": null, "id": 901366736}, "geometry": {"type": "LineString", "coordinates": [[77.105328, 28.5439838], [77.1054567, 28.5439372], [77.1055366, 28.5438834], [77.1055999, 28.5438224], [77.1056371, 28.5437705], [77.1056657, 28.5437063], [77.1056821, 28.543647], [77.1056895, 28.5435773], [77.1056793, 28.5434822]]}}, {"type": "Feature", "properties": {"aeroway": "taxiway", "ref": null, "name": null, "surface": null, "id": 901366738}, "geometry": {"type": "LineString", "coordinates": [[77.0975366, 28.5468735], [77.0975307, 28.5468329], [77.0975359, 28.5467924], [77.0975487, 28.5467615], [77.0975672, 28.5467356], [77.0975962, 28.5467077], [77.0976264, 28.5466856], [77.0976731, 28.5466635]]}}, {"type": "Feature", "properties": {"aeroway": "taxiway", "ref": null, "name": null, "surface": null, "id": 901366739}, "geometry": {"type": "LineString", "coordinates": [[77.0974644, 28.5492766], [77.0969734, 28.5476465]]}}, {"type": "Feature", "properties": {"aeroway": "taxiway", "ref": null, "name": null, "surface": null, "id": 901366740}, "geometry": {"type": "LineString", "coordinates": [[77.0974644, 28.5492766], [77.0974959, 28.5493233], [77.0975348, 28.5493467], [77.097592, 28.5493626], [77.097648, 28.5493641]]}}, {"type": "Feature", "properties": {"aeroway": "taxiway", "ref": null, "name": null, "surface": null, "id": 901366741}, "geometry": {"type": "LineString", "coordinates": [[77.0973719, 28.5494252], [77.0974128, 28.5494032], [77.0974418, 28.5493762], [77.0974595, 28.5493298], [77.0974644, 28.5492766]]}}, {"type": "Feature", "properties": {"aeroway": "taxiway", "ref": null, "name": null, "surface": null, "id": 901366742}, "geometry": {"type": "LineString", "coordinates": [[77.0975366, 28.5468735], [77.0975124, 28.5468333], [77.0974957, 28.5468103], [77.0974684, 28.546787], [77.0974315, 28.5467675], [77.0973924, 28.5467547], [77.0973474, 28.5467493], [77.0972913, 28.5467504]]}}, {"type": "Feature", "properties": {"aeroway": "taxiway", "ref": null, "name": null, "surface": null, "id": 901366743}, "geometry": {"type": "LineString", "coordinates": [[77.0959416, 28.5472578], [77.09605, 28.5476201], [77.0965892, 28.5494218], [77.0966314, 28.5494777], [77.0966782, 28.5495164], [77.0967353, 28.549543], [77.0967966, 28.5495516], [77.0968792, 28.5495466], [77.0973719, 28.5494252], [77.097648, 28.5493641], [77.0980748, 28.5492562], [77.0981372, 28.549221], [77.0981759, 28.5491744], [77.0981913, 28.5491189], [77.0981874, 28.5490634], [77.0976505, 28.5472568], [77.0975366, 28.5468735]]}}, {"type": "Feature", "properties": {"aeroway": "taxiway", "ref": null, "name": null, "surface": null, "id": 901366744}, "geometry": {"type": "LineString", "coordinates": [[77.0959416, 28.5472578], [77.0959358, 28.5472081], [77.0959402, 28.5471649], [77.0959668, 28.5471168], [77.096, 28.5470802], [77.0960536, 28.5470467], [77.0961112, 28.5470228]]}}, {"type": "Feature", "properties": {"aeroway": "taxiway", "ref": null, "name": null, "surface": null, "id": 901366745}, "geometry": {"type": "LineString", "coordinates": [[77.0956326, 28.5471298], [77.0957185, 28.5471195], [77.0957866, 28.5471287], [77.0958412, 28.5471504], [77.0958842, 28.5471767], [77.0959175, 28.5472135], [77.0959416, 28.5472578]]}}, {"type": "Feature", "properties": {"aeroway": "parking_position", "ref": null, "name": null, "surface": null, "id": 901366767}, "geometry": {"type": "LineString", "coordinates": [[77.086491, 28.560864], [77.08634, 28.5607672], [77.0862827, 28.5606925], [77.0862526, 28.5605493], [77.086266, 28.5604621]]}}, {"type": "Feature", "properties": {"aeroway": "parking_position", "ref": null, "name": null, "surface": null, "id": 901366768}, "geometry": {"type": "LineString", "coordinates": [[77.0866764, 28.55968], [77.0865893, 28.559846], [77.086266, 28.5604621], [77.0857687, 28.5614669]]}}, {"type": "Feature", "properties": {"aeroway": "taxiway", "ref": null, "name": null, "surface": null, "id": 901366769}, "geometry": {"type": "LineString", "coordinates": [[77.071392, 28.5469863], [77.0713566, 28.5470713], [77.0713315, 28.5471531], [77.0713212, 28.5472326], [77.0713276, 28.547303], [77.071347, 28.5473972], [77.0713706, 28.547481], [77.0714256, 28.5476802], [77.0715543, 28.5481469], [77.07189, 28.5493374], [77.0720103, 28.5497795], [77.0721438, 28.5502698], [77.0721515, 28.550303], [77.0724981, 28.5515676], [77.0726014, 28.5519419]]}}, {"type": "Feature", "properties": {"aeroway": "taxiway", "ref": null, "name": null, "surface": null, "id": 901366770}, "geometry": {"type": "LineString", "coordinates": [[77.0766548, 28.5506124], [77.0768837, 28.5505255], [77.0769894, 28.5504722], [77.0770811, 28.5504232], [77.0771934, 28.550348], [77.077274, 28.5502871], [77.0782438, 28.5494714], [77.0791876, 28.5486447], [77.0797443, 28.5481986], [77.0800835, 28.5479661], [77.0804772, 28.5477478], [77.0806796, 28.547639], [77.0810752, 28.5474658], [77.0814943, 28.5473172], [77.0821843, 28.5471303]]}}, {"type": "Feature", "properties": {"aeroway": "taxiway", "ref": null, "name": null, "surface": null, "id": 901366771}, "geometry": {"type": "LineString", "coordinates": [[77.0813124, 28.5495418], [77.081471, 28.549474], [77.0816022, 28.5494034], [77.0817271, 28.5493082], [77.0828199, 28.5484031], [77.0839419, 28.5474566], [77.0842963, 28.5471794], [77.084621, 28.5469671], [77.0849223, 28.5467882], [77.0854277, 28.5465513], [77.0858903, 28.5463806], [77.086069, 28.5463252], [77.0863864, 28.5462341]]}}, {"type": "Feature", "properties": {"aeroway": "taxiway", "ref": null, "name": null, "surface": null, "id": 901366772}, "geometry": {"type": "LineString", "coordinates": [[77.0929436, 28.5448189], [77.0932464, 28.5447786], [77.0934697, 28.5447548], [77.0936356, 28.5447421], [77.0936612, 28.5447401], [77.0938643, 28.5447323], [77.0941967, 28.5447329], [77.0945476, 28.5447504], [77.0948533, 28.5447885], [77.0952004, 28.5448471], [77.0955582, 28.5449256], [77.096608, 28.545206], [77.0976371, 28.5454708], [77.0977451, 28.5455291], [77.0977586, 28.5455396], [77.0978055, 28.545576], [77.0978523, 28.545631], [77.0978846, 28.5456988]]}}, {"type": "Feature", "properties": {"aeroway": "taxiway", "ref": null, "name": null, "surface": null, "id": 901366773}, "geometry": {"type": "LineString", "coordinates": [[77.0980046, 28.5460972], [77.0980213, 28.5461511], [77.0980567, 28.5462228], [77.0980968, 28.5462813], [77.0981492, 28.5463327], [77.0982037, 28.546373], [77.0982678, 28.5464085], [77.0983526, 28.5464385], [77.0984292, 28.5464541], [77.0985115, 28.5464568], [77.0986275, 28.5464406]]}}, {"type": "Feature", "properties": {"aeroway": "taxiway", "ref": null, "name": null, "surface": null, "id": 901366776}, "geometry": {"type": "LineString", "coordinates": [[77.1120018, 28.5500939], [77.1123913, 28.5513982]]}}, {"type": "Feature", "properties": {"aeroway": "taxiway", "ref": "C", "name": null, "surface": "asphalt", "id": 901366777}, "geometry": {"type": "LineString", "coordinates": [[77.1123913, 28.5513982], [77.1125556, 28.5519408], [77.1141268, 28.5572258]]}}, {"type": "Feature", "properties": {"aeroway": "taxiway", "ref": null, "name": null, "surface": null, "id": 901366778}, "geometry": {"type": "LineString", "coordinates": [[77.1132921, 28.5511889], [77.1134566, 28.5517382], [77.1150301, 28.5570161]]}}, {"type": "Feature", "properties": {"aeroway": "taxiway", "ref": null, "name": null, "surface": null, "id": 901366779}, "geometry": {"type": "LineString", "coordinates": [[77.1128983, 28.5498818], [77.1132921, 28.5511889]]}}, {"type": "Feature", "properties": {"aeroway": "taxiway", "ref": null, "name": null, "surface": null, "id": 901366780}, "geometry": {"type": "LineString", "coordinates": [[77.1087309, 28.5392175], [77.1088523, 28.5396329], [77.1092195, 28.5408373], [77.1093564, 28.5413046], [77.1094671, 28.5416956], [77.1096236, 28.5422546], [77.1097309, 28.5425871], [77.1098348, 28.5429553], [77.109943, 28.5433269], [77.1099595, 28.5434145], [77.1100757, 28.5437975], [77.110193, 28.5441843]]}}, {"type": "Feature", "properties": {"aeroway": "taxiway", "ref": null, "name": null, "surface": null, "id": 901366782}, "geometry": {"type": "LineString", "coordinates": [[77.1039051, 28.5424578], [77.1040521, 28.5424566], [77.104147, 28.5424692], [77.1042417, 28.5424959], [77.1043277, 28.5425368], [77.104421, 28.5426159], [77.1044771, 28.5426959], [77.1045231, 28.5428013], [77.1048847, 28.544087]]}}, {"type": "Feature", "properties": {"aeroway": "taxiway", "ref": null, "name": null, "surface": null, "id": 901366784}, "geometry": {"type": "LineString", "coordinates": [[77.1097039, 28.539015], [77.1098237, 28.5394242], [77.1101931, 28.5406379], [77.1103237, 28.5410954], [77.11045, 28.5415299], [77.1105997, 28.5420556], [77.1106824, 28.5423393], [77.1107992, 28.5427346], [77.1109076, 28.5431003], [77.1109308, 28.5432141], [77.1110148, 28.5435825], [77.1110883, 28.5439049], [77.1111118, 28.5440148]]}}, {"type": "Feature", "properties": {"aeroway": "taxiway", "ref": null, "name": null, "surface": null, "id": 901366786}, "geometry": {"type": "LineString", "coordinates": [[77.10375, 28.5389722], [77.1039323, 28.5389742], [77.1040336, 28.5389923], [77.1041095, 28.5390149], [77.1041995, 28.5390506], [77.1042933, 28.5391044], [77.1043657, 28.5391593], [77.1044263, 28.5392145], [77.1044831, 28.5392852], [77.1045261, 28.5393604], [77.1045647, 28.539455], [77.104649, 28.5397724], [77.1047568, 28.5401215], [77.1048614, 28.5405017], [77.1049616, 28.5408905]]}}, {"type": "Feature", "properties": {"aeroway": "taxiway", "ref": null, "name": null, "surface": null, "id": 901366787}, "geometry": {"type": "LineString", "coordinates": [[77.0976402, 28.5438012], [77.0980155, 28.5437829], [77.098324, 28.5437681], [77.098669, 28.5437727], [77.0990382, 28.5437926], [77.0993738, 28.5438336], [77.099806, 28.5439128], [77.1009924, 28.5442139], [77.1024521, 28.5445552], [77.1025712, 28.5445681], [77.1027039, 28.5445658], [77.1029489, 28.5445355]]}}, {"type": "Feature", "properties": {"aeroway": "runway", "ref": "11L/29R", "name": null, "surface": "asphalt", "id": 901366788}, "geometry": {"type": "LineString", "coordinates": [[77.1045961, 28.542306], [77.1039051, 28.5424578], [77.0976402, 28.5438012], [77.0973738, 28.5438574], [77.0936149, 28.5446732], [77.0929436, 28.5448189], [77.0875473, 28.5459653], [77.0870397, 28.5460742], [77.0863864, 28.5462341], [77.0853267, 28.5464565], [77.0821843, 28.5471303], [77.075991, 28.5484583], [77.0747433, 28.5487257]]}}, {"type": "Feature", "properties": {"aeroway": "taxiway", "ref": null, "name": null, "surface": null, "id": 901370471}, "geometry": {"type": "LineString", "coordinates": [[77.0898869, 28.5689627], [77.0895764, 28.5689706], [77.089401, 28.5689749], [77.0890821, 28.5689799], [77.0883357, 28.5689971], [77.0878169, 28.569011], [77.0872055, 28.5690227], [77.0871309, 28.5690189], [77.0870594, 28.569002], [77.0869904, 28.5689686], [77.0869109, 28.5689126]]}}, {"type": "Feature", "properties": {"aeroway": "hangar", "ref": null, "name": null, "surface": null, "id": 930420270}, "geometry": {"type": "Polygon", "coordinates": [[[77.1151953, 28.5718793], [77.1150199, 28.5716304], [77.1157019, 28.5712596], [77.1158774, 28.5715087], [77.1151953, 28.5718793]]]}}, {"type": "Feature", "properties": {"aeroway": "hangar", "ref": null, "name": null, "surface": null, "id": 930420271}, "geometry": {"type": "Polygon", "coordinates": [[[77.1091464, 28.5580303], [77.109643, 28.5579085], [77.1094842, 28.5574092], [77.1089877, 28.557531], [77.1091464, 28.5580303]]]}}, {"type": "Feature", "properties": {"aeroway": "taxiway", "ref": null, "name": null, "surface": null, "id": 930420273}, "geometry": {"type": "LineString", "coordinates": [[77.0771332, 28.5509955], [77.0771535, 28.5510382], [77.0771826, 28.551086], [77.0772289, 28.5511402], [77.077282, 28.5511874], [77.0773389, 28.5512233], [77.0774096, 28.5512549], [77.0774848, 28.5512751], [77.0775567, 28.5512892], [77.077624, 28.5512931], [77.0777012, 28.5512839]]}}, {"type": "Feature", "properties": {"aeroway": "taxiway", "ref": null, "name": null, "surface": null, "id": 930420274}, "geometry": {"type": "LineString", "coordinates": [[77.0765308, 28.5506425], [77.0766058, 28.550636], [77.0766727, 28.5506373], [77.0767545, 28.5506414], [77.0768255, 28.5506637], [77.0768852, 28.5506896], [77.0769392, 28.5507236], [77.0769895, 28.5507629], [77.0770415, 28.5508103], [77.0770876, 28.550875], [77.0771151, 28.5509317], [77.0771332, 28.5509955], [77.0772449, 28.5513872], [77.0773543, 28.5517718]]}}, {"type": "Feature", "properties": {"aeroway": "taxiway", "ref": null, "name": null, "surface": null, "id": 930420275}, "geometry": {"type": "LineString", "coordinates": [[77.0773543, 28.5517718], [77.0773207, 28.5517134], [77.0772861, 28.5516611], [77.077248, 28.5516226], [77.0772081, 28.5515861], [77.0771614, 28.5515549], [77.0771045, 28.5515254], [77.0770408, 28.5515012], [77.0769776, 28.5514865], [77.0769096, 28.5514789], [77.0768601, 28.5514798], [77.0768035, 28.5514911]]}}, {"type": "Feature", "properties": {"aeroway": "taxiway", "ref": "Z9A", "name": null, "surface": null, "id": 930420276}, "geometry": {"type": "LineString", "coordinates": [[77.0682644, 28.5483511], [77.0678504, 28.5484412], [77.067373, 28.5485433], [77.0672027, 28.5485788], [77.066517, 28.548729], [77.0655362, 28.5489303], [77.0654429, 28.5489364], [77.0653638, 28.5489208], [77.0652878, 28.5488982], [77.0652148, 28.5488603], [77.065147, 28.548814], [77.0650939, 28.5487654], [77.0650363, 28.5486898], [77.0650063, 28.5486025]]}}, {"type": "Feature", "properties": {"aeroway": "taxiway", "ref": null, "name": null, "surface": null, "id": 930420277}, "geometry": {"type": "LineString", "coordinates": [[77.067737, 28.548017], [77.0677769, 28.5481141], [77.0678151, 28.5481726], [77.0678724, 28.5482253], [77.067942, 28.5482754], [77.0680142, 28.5483086], [77.0680822, 28.5483324], [77.0681763, 28.5483459], [77.0682644, 28.5483511]]}}, {"type": "Feature", "properties": {"aeroway": "hangar", "ref": null, "name": "IndiGo Hangar", "surface": null, "id": 930421799}, "geometry": {"type": "Polygon", "coordinates": [[[77.1107091, 28.5570752], [77.110582, 28.5566632], [77.1104845, 28.5563471], [77.1114235, 28.5561123], [77.1114702, 28.5562545], [77.1115602, 28.5562322], [77.1115781, 28.5562938], [77.1116526, 28.556275], [77.1118218, 28.5567977], [77.1107091, 28.5570752]]]}}, {"type": "Feature", "properties": {"aeroway": "taxiway", "ref": null, "name": null, "surface": null, "id": 930567055}, "geometry": {"type": "LineString", "coordinates": [[77.0965429, 28.5420941], [77.0967836, 28.5421984], [77.0968054, 28.5422128], [77.0968283, 28.5422279], [77.0968739, 28.5422686], [77.0969109, 28.5423103], [77.0969354, 28.5423468], [77.0969594, 28.5423958], [77.0970224, 28.5425908]]}}, {"type": "Feature", "properties": {"aeroway": "taxiway", "ref": null, "name": null, "surface": null, "id": 930567056}, "geometry": {"type": "LineString", "coordinates": [[77.0964142, 28.5422952], [77.0965152, 28.5422863], [77.0965765, 28.5422845], [77.0966446, 28.5422933], [77.0967274, 28.5423131], [77.0967969, 28.5423407], [77.0968552, 28.5423744], [77.0969118, 28.5424179], [77.0969586, 28.5424676], [77.0969873, 28.5425161], [77.0970224, 28.5425908]]}}, {"type": "Feature", "properties": {"aeroway": "taxiway", "ref": null, "name": null, "surface": null, "id": 976100010}, "geometry": {"type": "LineString", "coordinates": [[77.0687107, 28.5526637], [77.068771, 28.5526124], [77.0688085, 28.5525656], [77.0688327, 28.552519], [77.0688576, 28.5524651], [77.0688696, 28.5524143], [77.0688719, 28.5523452], [77.0688877, 28.5522302]]}}, {"type": "Feature", "properties": {"aeroway": "taxiway", "ref": null, "name": null, "surface": null, "id": 976100011}, "geometry": {"type": "LineString", "coordinates": [[77.0684646, 28.5527668], [77.0685857, 28.5527631], [77.0686562, 28.5527732], [77.068725, 28.5527888], [77.0687855, 28.5528065], [77.0688515, 28.5528249], [77.0688966, 28.5528345], [77.0689572, 28.5528641], [77.0690141, 28.5528933], [77.0690722, 28.5529278]]}}, {"type": "Feature", "properties": {"aeroway": "taxiway", "ref": null, "name": null, "surface": null, "id": 976100012}, "geometry": {"type": "LineString", "coordinates": [[77.0683851, 28.5527795], [77.0682619, 28.5528294], [77.0681776, 28.5528892], [77.0681075, 28.5529677], [77.0679429, 28.5532292], [77.0678854, 28.5532951], [77.067822, 28.5533486], [77.0677446, 28.5533949], [77.0676633, 28.5534241], [77.0675658, 28.5534466], [77.0674719, 28.5534469], [77.0673744, 28.5534335], [77.0672964, 28.5534102], [77.0672215, 28.5533737], [77.0671499, 28.5533215], [77.0670904, 28.5532572], [77.0670464, 28.5531909], [77.0670141, 28.55312]]}}, {"type": "Feature", "properties": {"aeroway": "apron", "ref": null, "name": null, "surface": "concrete:plates", "id": 976100017}, "geometry": {"type": "Polygon", "coordinates": [[[77.0838478, 28.5617905], [77.0842485, 28.5619982], [77.0843099, 28.5620301], [77.0845249, 28.5619361], [77.084695, 28.5620288], [77.0848197, 28.5618526], [77.0848847, 28.5613714], [77.0849134, 28.5612927], [77.0852512, 28.5607944], [77.0852336, 28.5607339], [77.0847378, 28.5604718], [77.0838478, 28.5617905]]]}}, {"type": "Feature", "properties": {"aeroway": "apron", "ref": null, "name": null, "surface": "concrete:plates", "id": 976100018}, "geometry": {"type": "Polygon", "coordinates": [[[77.0803103, 28.5596721], [77.0812709, 28.5581839], [77.0810795, 28.5575326], [77.0794331, 28.5566767], [77.0803103, 28.5596721]]]}}, {"type": "Feature", "properties": {"aeroway": "apron", "ref": null, "name": null, "surface": "concrete:plates", "id": 976100019}, "geometry": {"type": "Polygon", "coordinates": [[[77.087353, 28.5496574], [77.0839937, 28.5504232], [77.085329, 28.5511126], [77.0865753, 28.5508198], [77.087353, 28.5496574]]]}}, {"type": "Feature", "properties": {"aeroway": "taxiway", "ref": null, "name": null, "surface": null, "id": 1051534031}, "geometry": {"type": "LineString", "coordinates": [[77.0892353, 28.5705319], [77.0891334, 28.5705047], [77.0890383, 28.570477], [77.0889608, 28.5704412], [77.0888935, 28.5703914], [77.0888448, 28.5703449], [77.0888068, 28.5702943], [77.0887645, 28.5702324], [77.0887443, 28.5701739], [77.0887364, 28.5701189], [77.0887176, 28.5697127], [77.0887077, 28.569308], [77.0886909, 28.5692283], [77.0886597, 28.5691563], [77.0886201, 28.5691086], [77.0885707, 28.5690689], [77.0885268, 28.5690433], [77.0884675, 28.5690207], [77.0884093, 28.5690064], [77.0883357, 28.5689971]]}}, {"type": "Feature", "properties": {"aeroway": "taxiway", "ref": null, "name": null, "surface": null, "id": 1181446211}, "geometry": {"type": "LineString", "coordinates": [[77.1116475, 28.5412083], [77.111608, 28.5411337], [77.1115585, 28.5410769], [77.1114951, 28.5410246], [77.1114139, 28.54098], [77.111334, 28.5409477], [77.1112402, 28.5409298], [77.1111087, 28.5409131]]}}, {"type": "Feature", "properties": {"aeroway": "taxiway", "ref": null, "name": null, "surface": null, "id": 1181446212}, "geometry": {"type": "LineString", "coordinates": [[77.1110305, 28.5409298], [77.1111552, 28.5408563], [77.1112224, 28.5408017], [77.1112719, 28.5407427], [77.1113049, 28.5406892], [77.1113366, 28.5406223], [77.1113531, 28.5405633], [77.1113594, 28.5405065], [77.1113543, 28.5404418], [77.1113398, 28.5403557]]}}, {"type": "Feature", "properties": {"aeroway": "taxiway", "ref": null, "name": null, "surface": null, "id": 1181446701}, "geometry": {"type": "LineString", "coordinates": [[77.1094671, 28.5416956], [77.1094246, 28.5416232], [77.1093915, 28.5415793], [77.1093495, 28.5415361], [77.1092975, 28.5414952], [77.1092427, 28.5414629], [77.1091755, 28.5414338], [77.1091169, 28.5414151], [77.1090254, 28.5414066], [77.1088755, 28.5414054]]}}, {"type": "Feature", "properties": {"aeroway": "taxiway", "ref": null, "name": null, "surface": null, "id": 1181446702}, "geometry": {"type": "LineString", "coordinates": [[77.1088755, 28.5414054], [77.1089665, 28.5413624], [77.1090097, 28.5413391], [77.1090493, 28.5413106], [77.1091027, 28.5412657], [77.1091511, 28.5412107], [77.1091882, 28.5411468], [77.1092125, 28.5410902], [77.1092285, 28.5410345], [77.1092342, 28.5409784], [77.1092324, 28.5409194], [77.1092195, 28.5408373]]}}, {"type": "Feature", "properties": {"aeroway": "taxiway", "ref": null, "name": null, "surface": null, "id": 1181447613}, "geometry": {"type": "LineString", "coordinates": [[77.1098185, 28.5412031], [77.1099406, 28.5411969], [77.1100305, 28.5412047], [77.110113, 28.5412109], [77.1101961, 28.5412463], [77.110261, 28.54129], [77.1103228, 28.5413391], [77.1103666, 28.5413907], [77.1104013, 28.5414464], [77.11045, 28.5415299]]}}, {"type": "Feature", "properties": {"aeroway": "taxiway", "ref": null, "name": null, "surface": null, "id": 1181735508}, "geometry": {"type": "LineString", "coordinates": [[77.0726225, 28.5520166], [77.0726336, 28.5520762], [77.0726337, 28.5521341], [77.0726265, 28.5521883], [77.0726048, 28.55226], [77.0725703, 28.5523267], [77.0725238, 28.5523868], [77.072459, 28.552447], [77.0723957, 28.5524836], [77.0722925, 28.55253]]}}, {"type": "Feature", "properties": {"aeroway": "taxiway", "ref": null, "name": null, "surface": null, "id": 1181736824}, "geometry": {"type": "LineString", "coordinates": [[77.0726014, 28.5519419], [77.0726026, 28.5518793], [77.0726108, 28.5518168], [77.0726241, 28.5517589], [77.0726484, 28.5516955], [77.0726874, 28.5516379], [77.0727459, 28.5515826], [77.0728157, 28.551533], [77.0728985, 28.5514911], [77.0730033, 28.5514508]]}}, {"type": "Feature", "properties": {"aeroway": "taxiway", "ref": null, "name": null, "surface": null, "id": 1181738223}, "geometry": {"type": "LineString", "coordinates": [[77.0692222, 28.552372], [77.0689414, 28.5525242], [77.0687107, 28.5526637], [77.0686501, 28.5526988], [77.0685872, 28.5527263], [77.0684646, 28.5527668], [77.0683851, 28.5527795], [77.0670499, 28.55311]]}}, {"type": "Feature", "properties": {"aeroway": "taxiway", "ref": null, "name": null, "surface": null, "id": 1181738224}, "geometry": {"type": "LineString", "coordinates": [[77.0683851, 28.5527795], [77.0682554, 28.5527934], [77.0681482, 28.5527801], [77.0680421, 28.5527444], [77.067748, 28.5525941], [77.0676602, 28.5525635], [77.0675744, 28.5525462], [77.067481, 28.5525413], [77.0673941, 28.5525529], [77.0672973, 28.5525776], [77.0672166, 28.5526196], [77.0671407, 28.5526751], [77.0670874, 28.5527303], [77.0670445, 28.5527954], [77.0670135, 28.5528725], [77.0670001, 28.5529545], [77.067001, 28.5530313], [77.0670141, 28.55312]]}}, {"type": "Feature", "properties": {"aeroway": "taxiway", "ref": null, "name": null, "surface": null, "id": 1181763333}, "geometry": {"type": "LineString", "coordinates": [[77.0682644, 28.5483511], [77.0681612, 28.548408], [77.0680921, 28.5484545], [77.0680424, 28.5485089], [77.0680052, 28.5485603], [77.0679778, 28.548624], [77.0679597, 28.5486821], [77.0679548, 28.5487508], [77.0679533, 28.5488295]]}}, {"type": "Feature", "properties": {"aeroway": "taxiway", "ref": null, "name": null, "surface": null, "id": 1181934250}, "geometry": {"type": "LineString", "coordinates": [[77.110597, 28.5436784], [77.1107062, 28.5436832], [77.1107964, 28.5436993], [77.1108769, 28.54373], [77.1109529, 28.5437733], [77.1110184, 28.5438316], [77.1110691, 28.5439035], [77.1111118, 28.5440148]]}}, {"type": "Feature", "properties": {"aeroway": "taxiway", "ref": null, "name": null, "surface": null, "id": 1181944627}, "geometry": {"type": "LineString", "coordinates": [[77.1098185, 28.5412031], [77.1099326, 28.5411572], [77.1100034, 28.5411159], [77.1100708, 28.5410567], [77.1101312, 28.5409889], [77.1101653, 28.540925], [77.1101895, 28.5408587], [77.1101998, 28.5407964], [77.1102027, 28.5407317], [77.1101931, 28.5406379]]}}, {"type": "Feature", "properties": {"aeroway": "taxiway", "ref": null, "name": null, "surface": null, "id": 1181945191}, "geometry": {"type": "LineString", "coordinates": [[77.1121099, 28.5428528], [77.1120691, 28.542751], [77.112019, 28.5426841], [77.1119514, 28.5426277], [77.1118817, 28.5425878], [77.1118031, 28.5425567], [77.11173, 28.5425402], [77.1116525, 28.5425363], [77.1115492, 28.5425446]]}}, {"type": "Feature", "properties": {"aeroway": "taxiway", "ref": null, "name": null, "surface": null, "id": 1181945244}, "geometry": {"type": "LineString", "coordinates": [[77.1110883, 28.5439049], [77.1110841, 28.5438273], [77.1111009, 28.5437601], [77.1111279, 28.5436995], [77.1111652, 28.5436438], [77.11121, 28.5435963], [77.1112734, 28.5435455], [77.1113656, 28.5435028]]}}, {"type": "Feature", "properties": {"aeroway": "taxiway", "ref": null, "name": null, "surface": null, "id": 1181945371}, "geometry": {"type": "LineString", "coordinates": [[77.1115015, 28.5434705], [77.1113871, 28.5434838], [77.1112808, 28.543478], [77.1112, 28.5434604], [77.1111302, 28.5434274], [77.1110737, 28.5433904], [77.1110151, 28.5433408], [77.1109685, 28.5432854], [77.1109308, 28.5432141]]}}, {"type": "Feature", "properties": {"aeroway": "taxiway", "ref": null, "name": null, "surface": null, "id": 1181945397}, "geometry": {"type": "LineString", "coordinates": [[77.110597, 28.5436784], [77.1106918, 28.5436414], [77.1107759, 28.5435927], [77.1108313, 28.5435421], [77.1108755, 28.5434857], [77.1109043, 28.5434313], [77.1109265, 28.5433671], [77.1109375, 28.5433009], [77.1109308, 28.5432141]]}}, {"type": "Feature", "properties": {"aeroway": "taxiway", "ref": null, "name": null, "surface": null, "id": 1181945507}, "geometry": {"type": "LineString", "coordinates": [[77.1109076, 28.5431003], [77.1109029, 28.5430162], [77.1109101, 28.5429434], [77.1109318, 28.542882], [77.1109656, 28.5428209], [77.1110109, 28.5427606], [77.111068, 28.5427104], [77.111138, 28.542668], [77.1112179, 28.5426374]]}}, {"type": "Feature", "properties": {"aeroway": "taxiway", "ref": null, "name": null, "surface": null, "id": 1181945551}, "geometry": {"type": "LineString", "coordinates": [[77.1112179, 28.5426374], [77.1111492, 28.5426408], [77.1111044, 28.5426398], [77.1110214, 28.542631], [77.1109426, 28.5426059], [77.1108822, 28.5425782], [77.1108249, 28.5425388], [77.1107772, 28.5424959], [77.1107374, 28.5424498], [77.1107171, 28.5424138], [77.1106824, 28.5423393]]}}, {"type": "Feature", "properties": {"aeroway": "taxiway", "ref": null, "name": null, "surface": null, "id": 1181945559}, "geometry": {"type": "LineString", "coordinates": [[77.1103904, 28.5428257], [77.1104795, 28.5427868], [77.1105413, 28.5427472], [77.110592, 28.5426993], [77.1106314, 28.5426517], [77.110661, 28.5426038], [77.1106849, 28.5425382], [77.1106964, 28.5424825], [77.1106939, 28.5424201], [77.1106824, 28.5423393]]}}, {"type": "Feature", "properties": {"aeroway": "taxiway", "ref": null, "name": null, "surface": null, "id": 1181945671}, "geometry": {"type": "LineString", "coordinates": [[77.1103904, 28.5428257], [77.1104812, 28.5428236], [77.1105661, 28.542833], [77.1106412, 28.5428549], [77.1107205, 28.5428893], [77.1107779, 28.5429303], [77.1108217, 28.5429699], [77.110866, 28.5430229], [77.1109076, 28.5431003]]}}, {"type": "Feature", "properties": {"aeroway": "taxiway", "ref": null, "name": null, "surface": null, "id": 1181966544}, "geometry": {"type": "LineString", "coordinates": [[77.0682037, 28.5497199], [77.068237, 28.5497824], [77.0682877, 28.5498406], [77.0683486, 28.5498991], [77.0684265, 28.5499525], [77.0685361, 28.5499894], [77.0686248, 28.5500012], [77.0687068, 28.5500051], [77.0688274, 28.5499954]]}}, {"type": "Feature", "properties": {"aeroway": "taxiway", "ref": null, "name": null, "surface": null, "id": 1181966545}, "geometry": {"type": "LineString", "coordinates": [[77.069168, 28.549492], [77.0692095, 28.5495714], [77.0692534, 28.5496273], [77.0693306, 28.5496933], [77.0694084, 28.5497422], [77.0695009, 28.5497724], [77.0695769, 28.5497894], [77.0697444, 28.5497977]]}}, {"type": "Feature", "properties": {"aeroway": "taxiway", "ref": null, "name": null, "surface": null, "id": 1181966546}, "geometry": {"type": "LineString", "coordinates": [[77.0693807, 28.5502749], [77.0693943, 28.5501685], [77.0694132, 28.5500892], [77.0694442, 28.5500223], [77.0695006, 28.5499546], [77.0695535, 28.5499042], [77.0696241, 28.5498558], [77.0697444, 28.5497977]]}}, {"type": "Feature", "properties": {"aeroway": "taxiway", "ref": null, "name": null, "surface": null, "id": 1181999109}, "geometry": {"type": "LineString", "coordinates": [[77.0830318, 28.5495342], [77.0829236, 28.5491548], [77.0829116, 28.5491128], [77.0828813, 28.5490311], [77.0828012, 28.5489151], [77.0827342, 28.5488106], [77.082706, 28.5487213], [77.0827049, 28.5486284], [77.0827298, 28.5485388], [77.0827606, 28.5484781], [77.0828199, 28.5484031]]}}, {"type": "Feature", "properties": {"aeroway": "taxiway", "ref": null, "name": null, "surface": null, "id": 1181999192}, "geometry": {"type": "LineString", "coordinates": [[77.0782438, 28.5494714], [77.0781893, 28.5495382], [77.0781577, 28.5495955], [77.0781352, 28.5496603], [77.0781275, 28.5497229], [77.078132, 28.5497984], [77.0781541, 28.5498809], [77.0782055, 28.549977], [77.0782873, 28.550056], [77.0783599, 28.5501009], [77.0784319, 28.5501279], [77.0785458, 28.5501821], [77.0786015, 28.5502222], [77.0786463, 28.5502668], [77.0786826, 28.5503171], [77.0787132, 28.5503758], [77.0787326, 28.5504303], [77.0787599, 28.5505277]]}}, {"type": "Feature", "properties": {"aeroway": "taxiway", "ref": null, "name": null, "surface": null, "id": 1181999325}, "geometry": {"type": "LineString", "coordinates": [[77.0771151, 28.5509317], [77.0770924, 28.5508514], [77.0770641, 28.5507648], [77.0770511, 28.5506885], [77.0770505, 28.5506107], [77.0770726, 28.5505184], [77.077125, 28.5504321], [77.0771597, 28.5503887], [77.0771934, 28.550348]]}}, {"type": "Feature", "properties": {"aeroway": "taxiway", "ref": null, "name": null, "surface": null, "id": 1182004782}, "geometry": {"type": "LineString", "coordinates": [[77.0871644, 28.5465248], [77.0871548, 28.5464301], [77.087164, 28.5463343], [77.0871906, 28.5462522], [77.0872391, 28.5461741], [77.0872886, 28.5461146], [77.087361, 28.5460566], [77.0874224, 28.5460172], [77.0875473, 28.5459653]]}}, {"type": "Feature", "properties": {"aeroway": "taxiway", "ref": null, "name": null, "surface": null, "id": 1182004783}, "geometry": {"type": "LineString", "coordinates": [[77.0871644, 28.5465248], [77.0871273, 28.5464317], [77.0870879, 28.5463673], [77.0870366, 28.5463118], [77.086967, 28.5462667], [77.0868955, 28.5462281], [77.0868234, 28.5462078], [77.0867325, 28.5461909], [77.0866172, 28.5461936], [77.0863864, 28.5462341]]}}, {"type": "Feature", "properties": {"aeroway": "taxiway", "ref": null, "name": null, "surface": null, "id": 1182005226}, "geometry": {"type": "LineString", "coordinates": [[77.0720103, 28.5497795], [77.0719592, 28.5496782], [77.0719076, 28.5495852], [77.0718218, 28.549518], [77.0717351, 28.5494748], [77.0716256, 28.5494456], [77.0715404, 28.5494352], [77.0714568, 28.5494404], [77.0713488, 28.5494518]]}}, {"type": "Feature", "properties": {"aeroway": "taxiway", "ref": null, "name": null, "surface": null, "id": 1182005227}, "geometry": {"type": "LineString", "coordinates": [[77.0721438, 28.5502698], [77.0721405, 28.550129], [77.0721612, 28.5500185], [77.0721942, 28.5499242], [77.0722525, 28.5498231], [77.0723737, 28.5496694], [77.072534, 28.5495097], [77.0727098, 28.5493662], [77.0728939, 28.5492469], [77.0730919, 28.5491452], [77.0732921, 28.5490616], [77.0735949, 28.5489698]]}}, {"type": "Feature", "properties": {"aeroway": "taxiway", "ref": null, "name": null, "surface": null, "id": 1182029374}, "geometry": {"type": "LineString", "coordinates": [[77.1009924, 28.5442139], [77.1010458, 28.5442366], [77.1011054, 28.5442683], [77.1011559, 28.5443111], [77.1011929, 28.5443555], [77.1012244, 28.5444078], [77.101247, 28.5444569], [77.1012618, 28.5445282], [77.1012492, 28.5446439], [77.1012131, 28.5447343], [77.1011409, 28.5448246], [77.1010687, 28.5448944], [77.1009839, 28.544953], [77.1008227, 28.545025]]}}, {"type": "Feature", "properties": {"aeroway": "taxiway", "ref": null, "name": null, "surface": null, "id": 1182043895}, "geometry": {"type": "LineString", "coordinates": [[77.110193, 28.5441843], [77.1101465, 28.5440875], [77.1100821, 28.544013], [77.1100027, 28.5439536], [77.1099298, 28.5439178], [77.1098429, 28.5438943], [77.109756, 28.5438867], [77.1096423, 28.5438965]]}}, {"type": "Feature", "properties": {"aeroway": "taxiway", "ref": null, "name": null, "surface": null, "id": 1182043967}, "geometry": {"type": "LineString", "coordinates": [[77.1096423, 28.5438965], [77.1097442, 28.5438565], [77.109822, 28.5438072], [77.1098718, 28.543759], [77.1099139, 28.5437019], [77.109942, 28.543638], [77.1099649, 28.5435741], [77.1099713, 28.5435012], [77.1099595, 28.5434145]]}}, {"type": "Feature", "properties": {"aeroway": "taxiway", "ref": null, "name": null, "surface": null, "id": 1182044082}, "geometry": {"type": "LineString", "coordinates": [[77.1099595, 28.5434145], [77.1100032, 28.543508], [77.1100479, 28.5435618], [77.1100925, 28.543601], [77.1101551, 28.5436436], [77.1102342, 28.5436806], [77.1103043, 28.5436985], [77.1103924, 28.5437086], [77.1104953, 28.5437016]]}}, {"type": "Feature", "properties": {"aeroway": "taxiway", "ref": null, "name": null, "surface": null, "id": 1182044284}, "geometry": {"type": "LineString", "coordinates": [[77.110193, 28.5441843], [77.1101755, 28.5440811], [77.1101863, 28.5440106], [77.1102098, 28.5439448], [77.1102405, 28.5438861], [77.1102829, 28.5438315], [77.1103334, 28.5437839], [77.1104128, 28.5437356], [77.1104953, 28.5437016]]}}, {"type": "Feature", "properties": {"aeroway": "taxiway", "ref": null, "name": null, "surface": null, "id": 1182044357}, "geometry": {"type": "LineString", "coordinates": [[77.109943, 28.5433269], [77.1099012, 28.543252], [77.1098451, 28.5431821], [77.1097745, 28.5431221], [77.109707, 28.5430881], [77.1096228, 28.5430588], [77.1095462, 28.5430501], [77.1094795, 28.5430495], [77.109431, 28.5430495]]}}, {"type": "Feature", "properties": {"aeroway": "taxiway", "ref": null, "name": null, "surface": null, "id": 1182044455}, "geometry": {"type": "LineString", "coordinates": [[77.109431, 28.5430495], [77.1094825, 28.5430245], [77.1095319, 28.5429974], [77.1095915, 28.5429555], [77.1096344, 28.5429155], [77.1096734, 28.5428623], [77.1097069, 28.5428009], [77.1097251, 28.5427416], [77.1097318, 28.542698], [77.1097322, 28.5426489], [77.1097309, 28.5425871]]}}, {"type": "Feature", "properties": {"aeroway": "taxiway", "ref": null, "name": null, "surface": null, "id": 1182044492}, "geometry": {"type": "LineString", "coordinates": [[77.1097309, 28.5425871], [77.1097492, 28.5426327], [77.1097868, 28.5426918], [77.1098298, 28.5427412], [77.1098898, 28.5427846], [77.1099521, 28.5428147], [77.1100304, 28.5428411], [77.1100927, 28.5428514], [77.1101609, 28.5428542], [77.1102474, 28.5428597]]}}, {"type": "Feature", "properties": {"aeroway": "taxiway", "ref": null, "name": null, "surface": null, "id": 1182045385}, "geometry": {"type": "LineString", "coordinates": [[77.109943, 28.5433269], [77.1099367, 28.5432449], [77.1099404, 28.5431921], [77.1099588, 28.5431251], [77.1099851, 28.543064], [77.1100178, 28.5430195], [77.110059, 28.5429715], [77.1100999, 28.5429367], [77.1101511, 28.5429011], [77.1102474, 28.5428597]]}}, {"type": "Feature", "properties": {"aeroway": "taxiway", "ref": null, "name": null, "surface": null, "id": 1182045900}, "geometry": {"type": "LineString", "coordinates": [[77.1104781, 28.5450877], [77.1105944, 28.5454574]]}}, {"type": "Feature", "properties": {"aeroway": "taxiway", "ref": null, "name": null, "surface": null, "id": 1182045902}, "geometry": {"type": "LineString", "coordinates": [[77.1113777, 28.5448708], [77.1114925, 28.5452422]]}}, {"type": "Feature", "properties": {"aeroway": "taxiway", "ref": null, "name": null, "surface": null, "id": 1182244634}, "geometry": {"type": "LineString", "coordinates": [[77.0974202, 28.5623514], [77.0975181, 28.5623672], [77.0976033, 28.5623692], [77.0976881, 28.5623614], [77.0978214, 28.5623503]]}}, {"type": "Feature", "properties": {"aeroway": "taxiway", "ref": null, "name": null, "surface": null, "id": 1182244635}, "geometry": {"type": "LineString", "coordinates": [[77.097361, 28.5624612], [77.0974776, 28.562447], [77.0975678, 28.5624353], [77.0976584, 28.5624383], [77.0977381, 28.5624418], [77.097828, 28.5624528]]}}, {"type": "Feature", "properties": {"aeroway": "taxiway", "ref": null, "name": null, "surface": null, "id": 1182244777}, "geometry": {"type": "LineString", "coordinates": [[77.0913347, 28.5637996], [77.0914043, 28.5638093], [77.0914527, 28.563811], [77.0915057, 28.5638067]]}}, {"type": "Feature", "properties": {"aeroway": "taxiway", "ref": null, "name": null, "surface": null, "id": 1182399574}, "geometry": {"type": "LineString", "coordinates": [[77.0875368, 28.5695564], [77.0874846, 28.5694835], [77.0874647, 28.5694127], [77.0874589, 28.5693397], [77.0874701, 28.5692694], [77.0874991, 28.5692015], [77.0875433, 28.569142], [77.0875973, 28.5690897], [77.087655, 28.5690531], [77.0877279, 28.5690252], [77.0878169, 28.569011]]}}, {"type": "Feature", "properties": {"aeroway": "taxiway", "ref": null, "name": null, "surface": null, "id": 1182399824}, "geometry": {"type": "LineString", "coordinates": [[77.0887077, 28.569308], [77.0887367, 28.5692309], [77.0887584, 28.5691708], [77.0887918, 28.5691249], [77.088829, 28.5690877], [77.0888765, 28.5690475], [77.0889326, 28.5690198], [77.0889952, 28.5689951], [77.0890821, 28.5689799]]}}, {"type": "Feature", "properties": {"aeroway": "taxiway", "ref": "D7", "name": null, "surface": null, "id": 1182399825}, "geometry": {"type": "LineString", "coordinates": [[77.0896157, 28.5702043], [77.0895829, 28.5702937], [77.0895496, 28.5703636], [77.0895197, 28.5704149], [77.0894873, 28.5704518], [77.0894459, 28.5704842], [77.0893964, 28.5705078], [77.0893568, 28.5705198], [77.0892695, 28.5705318]]}}, {"type": "Feature", "properties": {"aeroway": "taxiway", "ref": "D7", "name": null, "surface": null, "id": 1182399984}, "geometry": {"type": "LineString", "coordinates": [[77.0897977, 28.5693734], [77.0897939, 28.5692842], [77.0897873, 28.5692298], [77.0897677, 28.5691703], [77.0897327, 28.5691126], [77.0896984, 28.5690742], [77.0896649, 28.5690473], [77.0896014, 28.5690108], [77.0895543, 28.5689959], [77.0894991, 28.5689811], [77.089401, 28.5689749]]}}, {"type": "Feature", "properties": {"aeroway": "taxiway", "ref": "D7", "name": null, "surface": null, "id": 1182399985}, "geometry": {"type": "LineString", "coordinates": [[77.0898297, 28.5692239], [77.0898617, 28.5691418], [77.0898993, 28.5690919], [77.0899383, 28.5690498], [77.0899859, 28.5690187], [77.090021, 28.5689985], [77.0900705, 28.5689786], [77.0901151, 28.5689657], [77.0901932, 28.5689554]]}}, {"type": "Feature", "properties": {"aeroway": "taxiway", "ref": "H3", "name": null, "surface": null, "id": 1182400038}, "geometry": {"type": "LineString", "coordinates": [[77.0895764, 28.5689706], [77.0896665, 28.5689577], [77.0897376, 28.5689347], [77.0898083, 28.5688943], [77.0898637, 28.5688484], [77.0898942, 28.5688104], [77.0899181, 28.5687702], [77.089941, 28.5687279]]}}, {"type": "Feature", "properties": {"aeroway": "taxiway", "ref": "H3", "name": null, "surface": null, "id": 1182400282}, "geometry": {"type": "LineString", "coordinates": [[77.0903334, 28.5689532], [77.0902598, 28.5689317], [77.0901825, 28.5689074], [77.0901176, 28.5688715], [77.090068, 28.5688363], [77.0900236, 28.5687838], [77.0899969, 28.5687287], [77.0899775, 28.56867], [77.0899709, 28.5686178], [77.0899773, 28.568554]]}}, {"type": "Feature", "properties": {"aeroway": "taxiway", "ref": null, "name": null, "surface": null, "id": 1182410986}, "geometry": {"type": "LineString", "coordinates": [[77.0916807, 28.5682177], [77.0915302, 28.5681908], [77.0913711, 28.5681321], [77.0909757, 28.5679638]]}}, {"type": "Feature", "properties": {"aeroway": "taxiway", "ref": null, "name": null, "surface": null, "id": 1182438110}, "geometry": {"type": "LineString", "coordinates": [[77.1118734, 28.5729237], [77.1118696, 28.5729047], [77.1118726, 28.5728824], [77.1118856, 28.5728527], [77.1119004, 28.5728158], [77.1119148, 28.5727915], [77.1119381, 28.5727622]]}}, {"type": "Feature", "properties": {"aeroway": "taxiway", "ref": null, "name": null, "surface": null, "id": 1182438111}, "geometry": {"type": "LineString", "coordinates": [[77.1129462, 28.5742356], [77.1129481, 28.5742015], [77.1129532, 28.5741794], [77.1129635, 28.5741572], [77.1129782, 28.5741403], [77.1130041, 28.5741179]]}}, {"type": "Feature", "properties": {"aeroway": "taxiway", "ref": null, "name": null, "surface": null, "id": 1182438112}, "geometry": {"type": "LineString", "coordinates": [[77.1128924, 28.574053], [77.1129089, 28.5740723], [77.1129363, 28.5740861], [77.1129678, 28.574096], [77.1129929, 28.5740992], [77.1130244, 28.5740983], [77.1130597, 28.5740876]]}}, {"type": "Feature", "properties": {"aeroway": "taxiway", "ref": null, "name": null, "surface": null, "id": 1182438113}, "geometry": {"type": "LineString", "coordinates": [[77.112841, 28.5742067], [77.1128726, 28.5741815], [77.1128853, 28.5741628], [77.112897, 28.5741414], [77.1129015, 28.5741216], [77.1129022, 28.5740983], [77.1129002, 28.5740724]]}}, {"type": "Feature", "properties": {"aeroway": "taxiway", "ref": null, "name": null, "surface": null, "id": 1182438343}, "geometry": {"type": "LineString", "coordinates": [[77.112337, 28.5727081], [77.1123202, 28.572691], [77.1122975, 28.5726804], [77.1122762, 28.5726738], [77.1122441, 28.5726699], [77.112124, 28.5726702], [77.112096, 28.5726722], [77.1120637, 28.5726794]]}}, {"type": "Feature", "properties": {"aeroway": "taxiway", "ref": null, "name": null, "surface": null, "id": 1182438473}, "geometry": {"type": "LineString", "coordinates": [[77.112686, 28.5724583], [77.1126784, 28.5724357], [77.1126753, 28.572412], [77.1126772, 28.5723938], [77.1126822, 28.5723756], [77.1126904, 28.5723591], [77.1126998, 28.5723442], [77.1127243, 28.5723222]]}}, {"type": "Feature", "properties": {"aeroway": "taxiway", "ref": null, "name": null, "surface": null, "id": 1182438553}, "geometry": {"type": "LineString", "coordinates": [[77.1135205, 28.5738367], [77.113552, 28.57382], [77.1135681, 28.5738048], [77.1135801, 28.5737864], [77.1135845, 28.57377], [77.1135836, 28.573752], [77.1135744, 28.5737229]]}}, {"type": "Feature", "properties": {"aeroway": "taxiway", "ref": null, "name": null, "surface": null, "id": 1182438736}, "geometry": {"type": "LineString", "coordinates": [[77.1139196, 28.5739376], [77.1130621, 28.5727191], [77.1130391, 28.5726864], [77.1130014, 28.5726328], [77.1128266, 28.5723844], [77.112819, 28.5723601], [77.1128172, 28.5723337], [77.1128216, 28.5723122], [77.1128285, 28.5722924], [77.1128423, 28.5722698], [77.112876, 28.5722418]]}}, {"type": "Feature", "properties": {"aeroway": "taxiway", "ref": null, "name": null, "surface": null, "id": 1182438737}, "geometry": {"type": "LineString", "coordinates": [[77.1129543, 28.5726592], [77.1129124, 28.5726575], [77.1128892, 28.5726585], [77.1128649, 28.5726571], [77.1128485, 28.5726529], [77.1128257, 28.5726436], [77.1128046, 28.5726271]]}}, {"type": "Feature", "properties": {"aeroway": "taxiway", "ref": null, "name": null, "surface": null, "id": 1182438738}, "geometry": {"type": "LineString", "coordinates": [[77.1129543, 28.5726592], [77.1129251, 28.5726821], [77.1129112, 28.5727001], [77.1128995, 28.5727246], [77.1128966, 28.5727443], [77.112903, 28.5727671]]}}, {"type": "Feature", "properties": {"aeroway": "taxiway", "ref": null, "name": null, "surface": null, "id": 1182439063}, "geometry": {"type": "LineString", "coordinates": [[77.1141997, 28.5719609], [77.114095, 28.5721452], [77.1140747, 28.5721725], [77.1140475, 28.5721949], [77.1131051, 28.5726955], [77.1130621, 28.5727191], [77.1129474, 28.5727822], [77.1129417, 28.5727898], [77.1129378, 28.572798], [77.1129378, 28.5728069], [77.1129427, 28.5728237]]}}, {"type": "Feature", "properties": {"aeroway": "taxiway", "ref": null, "name": null, "surface": null, "id": 1182439064}, "geometry": {"type": "LineString", "coordinates": [[77.1129474, 28.5727822], [77.1129371, 28.5727845], [77.112928, 28.5727846], [77.1129188, 28.5727821], [77.1129083, 28.5727746]]}}, {"type": "Feature", "properties": {"aeroway": "taxiway", "ref": null, "name": null, "surface": null, "id": 1182439065}, "geometry": {"type": "LineString", "coordinates": [[77.1131051, 28.5726955], [77.1130906, 28.5727007], [77.1130743, 28.5727025], [77.1130617, 28.572701], [77.1130487, 28.5726949], [77.1130391, 28.5726864]]}}, {"type": "Feature", "properties": {"aeroway": "taxiway", "ref": null, "name": null, "surface": null, "id": 1182439712}, "geometry": {"type": "LineString", "coordinates": [[77.1140774, 28.5740469], [77.1140614, 28.574051], [77.1140499, 28.5740526], [77.1140299, 28.5740536], [77.1140189, 28.5740523], [77.1140083, 28.5740497], [77.1139998, 28.5740454], [77.1139885, 28.5740341]]}}, {"type": "Feature", "properties": {"aeroway": "taxiway", "ref": null, "name": null, "surface": null, "id": 1182439713}, "geometry": {"type": "LineString", "coordinates": [[77.1139589, 28.5740812], [77.1139732, 28.5740734], [77.1139787, 28.5740676], [77.1139828, 28.5740609], [77.1139848, 28.5740527], [77.1139853, 28.574044], [77.1139843, 28.5740372], [77.1139769, 28.5740179]]}}, {"type": "Feature", "properties": {"aeroway": "taxiway", "ref": null, "name": null, "surface": null, "id": 1182439714}, "geometry": {"type": "LineString", "coordinates": [[77.1139242, 28.5740935], [77.1139498, 28.5740921], [77.1139824, 28.5740977], [77.114018, 28.5741079], [77.1140416, 28.5741198], [77.1140602, 28.5741345]]}}, {"type": "Feature", "properties": {"aeroway": "taxiway", "ref": null, "name": null, "surface": null, "id": 1182440465}, "geometry": {"type": "LineString", "coordinates": [[77.1142593, 28.5744236], [77.1143783, 28.574482], [77.1144493, 28.5745051], [77.1145146, 28.574521], [77.1145967, 28.5745265], [77.1146759, 28.5745206], [77.1147466, 28.5745035], [77.1147973, 28.5744833], [77.1163611, 28.5736337], [77.1167811, 28.5734056], [77.1167974, 28.573386], [77.1168027, 28.5733612], [77.1167928, 28.5733333], [77.1163144, 28.5726349]]}}, {"type": "Feature", "properties": {"aeroway": "taxiway", "ref": null, "name": null, "surface": null, "id": 1182440466}, "geometry": {"type": "LineString", "coordinates": [[77.1151668, 28.573451], [77.1159185, 28.573045], [77.1159378, 28.5730232], [77.1159434, 28.5729991], [77.1159413, 28.5729746], [77.1159327, 28.5729482], [77.1158418, 28.5728107], [77.1158248, 28.572799], [77.1158058, 28.5727946], [77.1157888, 28.5727962], [77.115766, 28.5728051], [77.1154112, 28.5729997]]}}, {"type": "Feature", "properties": {"aeroway": "taxiway", "ref": null, "name": null, "surface": null, "id": 1182440467}, "geometry": {"type": "LineString", "coordinates": [[77.1110796, 28.5758667], [77.1129857, 28.5748296], [77.11301, 28.5748064], [77.1130322, 28.5747739], [77.1131646, 28.5745742], [77.1132099, 28.5745058], [77.113225, 28.5744852], [77.113252, 28.5744618]]}}, {"type": "Feature", "properties": {"aeroway": "taxiway", "ref": null, "name": null, "surface": null, "id": 1182440468}, "geometry": {"type": "LineString", "coordinates": [[77.1159327, 28.5729482], [77.1160207, 28.5730744], [77.1161228, 28.5732209], [77.116372, 28.5735783], [77.1163783, 28.5735944], [77.116377, 28.5736149], [77.1163611, 28.5736337]]}}, {"type": "Feature", "properties": {"aeroway": "taxiway", "ref": null, "name": null, "surface": null, "id": 1182440469}, "geometry": {"type": "LineString", "coordinates": [[77.1159185, 28.573045], [77.1159477, 28.5730455], [77.1159761, 28.5730499], [77.1159957, 28.5730566], [77.1160207, 28.5730744]]}}, {"type": "Feature", "properties": {"aeroway": "taxiway", "ref": null, "name": null, "surface": null, "id": 1182440470}, "geometry": {"type": "LineString", "coordinates": [[77.1160145, 28.5731855], [77.1160355, 28.573183], [77.1160645, 28.573188], [77.1160936, 28.5731985], [77.1161228, 28.5732209]]}}, {"type": "Feature", "properties": {"aeroway": "taxiway", "ref": null, "name": null, "surface": null, "id": 1182441802}, "geometry": {"type": "LineString", "coordinates": [[77.1057331, 28.5750535], [77.1057005, 28.5750701], [77.1056722, 28.5750794], [77.1056412, 28.5750867], [77.1056069, 28.5750891]]}}, {"type": "Feature", "properties": {"aeroway": "taxiway", "ref": null, "name": null, "surface": null, "id": 1182441803}, "geometry": {"type": "LineString", "coordinates": [[77.1064233, 28.575123], [77.1062459, 28.5751294], [77.1060665, 28.5751221], [77.1059425, 28.5750989], [77.1058965, 28.5750861], [77.1058633, 28.5750612], [77.1058473, 28.5750306], [77.1058373, 28.5750031], [77.1058295, 28.5749773], [77.1058251, 28.5749536], [77.1058288, 28.5749306], [77.1058414, 28.574904]]}}, {"type": "Feature", "properties": {"aeroway": "taxiway", "ref": null, "name": null, "surface": null, "id": 1182441804}, "geometry": {"type": "LineString", "coordinates": [[77.1056385, 28.5752695], [77.1056281, 28.5752272], [77.1056107, 28.5751827], [77.1055947, 28.5751524], [77.1055788, 28.5751246], [77.1055656, 28.5751022], [77.1055466, 28.5750897], [77.1054867, 28.5750649]]}}, {"type": "Feature", "properties": {"aeroway": "taxiway", "ref": null, "name": null, "surface": null, "id": 1182441805}, "geometry": {"type": "LineString", "coordinates": [[77.1060357, 28.5744952], [77.1060499, 28.5745068], [77.1060592, 28.5745172], [77.1060647, 28.5745264], [77.1060704, 28.5745478], [77.1060672, 28.57457], [77.1060626, 28.5745914]]}}, {"type": "Feature", "properties": {"aeroway": "taxiway", "ref": null, "name": null, "surface": null, "id": 1182573688}, "geometry": {"type": "LineString", "coordinates": [[77.1056842, 28.5756398], [77.1056919, 28.5756185], [77.1057071, 28.5755952], [77.1057233, 28.5755776], [77.1057416, 28.5755632], [77.1065392, 28.5751285], [77.1066901, 28.5750881]]}}, {"type": "Feature", "properties": {"aeroway": "taxiway", "ref": null, "name": null, "surface": null, "id": 1182573689}, "geometry": {"type": "LineString", "coordinates": [[77.1156888, 28.57072], [77.1157109, 28.5707206], [77.1157289, 28.5707264], [77.1157462, 28.570738], [77.115831, 28.5708451], [77.1160851, 28.5712106], [77.1161002, 28.571219], [77.116118, 28.5712258], [77.116136, 28.5712278], [77.1162932, 28.5711411], [77.116378, 28.5710942], [77.116518, 28.571017], [77.1166004, 28.5709716], [77.1167368, 28.5708963]]}}, {"type": "Feature", "properties": {"aeroway": "taxiway", "ref": null, "name": null, "surface": null, "id": 1182573690}, "geometry": {"type": "LineString", "coordinates": [[77.1157462, 28.570738], [77.1157436, 28.5707191], [77.1157445, 28.570701], [77.1157531, 28.5706786]]}}, {"type": "Feature", "properties": {"aeroway": "taxiway", "ref": null, "name": null, "surface": null, "id": 1182573691}, "geometry": {"type": "LineString", "coordinates": [[77.115831, 28.5708451], [77.1158617, 28.5708644], [77.1158849, 28.5708681], [77.1159165, 28.5708597], [77.1160871, 28.5707651], [77.1162671, 28.5706652], [77.1164076, 28.5705873]]}}, {"type": "Feature", "properties": {"aeroway": "taxiway", "ref": null, "name": null, "surface": null, "id": 1182573692}, "geometry": {"type": "LineString", "coordinates": [[77.114108, 28.5715795], [77.1141329, 28.5715753], [77.1141581, 28.5715786], [77.1141823, 28.5715904], [77.1143108, 28.5717647], [77.1145828, 28.5721573], [77.1145994, 28.5721646], [77.1146198, 28.5721668], [77.114639, 28.5721607], [77.1149669, 28.5719858], [77.1149829, 28.5719674], [77.1149867, 28.57195], [77.1149784, 28.5719267], [77.1145908, 28.5713844], [77.1145931, 28.5713634], [77.1146011, 28.571342], [77.1146134, 28.5713192]]}}, {"type": "Feature", "properties": {"aeroway": "taxiway", "ref": null, "name": null, "surface": null, "id": 1182573693}, "geometry": {"type": "LineString", "coordinates": [[77.1141823, 28.5715904], [77.1141795, 28.5715719], [77.1141837, 28.571552], [77.1141993, 28.5715304]]}}, {"type": "Feature", "properties": {"aeroway": "taxiway", "ref": null, "name": null, "surface": null, "id": 1182573694}, "geometry": {"type": "LineString", "coordinates": [[77.1145908, 28.5713844], [77.1145618, 28.571371], [77.1145377, 28.571372], [77.1145257, 28.5713725], [77.1144963, 28.5713797]]}}, {"type": "Feature", "properties": {"aeroway": "apron", "ref": null, "name": null, "surface": "concrete:plates", "id": 1182641375}, "geometry": {"type": "Polygon", "coordinates": [[[77.089409, 28.5597798], [77.0891344, 28.5598225], [77.0890039, 28.5598598], [77.0888689, 28.5599224], [77.0887354, 28.5597665], [77.0887065, 28.5596879], [77.088395, 28.5578843], [77.0887342, 28.5576593], [77.0890211, 28.557626], [77.089409, 28.5597798]]]}}, {"type": "Feature", "properties": {"aeroway": "apron", "ref": null, "name": null, "surface": "concrete:plates", "id": 1182641376}, "geometry": {"type": "Polygon", "coordinates": [[[77.0898632, 28.5596934], [77.0902797, 28.5595962], [77.0903282, 28.5595029], [77.0899246, 28.5573893], [77.0898245, 28.5573093], [77.0897791, 28.5573159], [77.0894392, 28.5573649], [77.0898632, 28.5596934]]]}}, {"type": "Feature", "properties": {"aeroway": "apron", "ref": null, "name": null, "surface": "concrete:plates", "id": 1182641377}, "geometry": {"type": "Polygon", "coordinates": [[[77.0898927, 28.5597734], [77.0902761, 28.5596877], [77.0903683, 28.5597309], [77.0904248, 28.5600484], [77.0903904, 28.5601123], [77.0902975, 28.5601265], [77.0899661, 28.5601771], [77.0898927, 28.5597734]]]}}, {"type": "Feature", "properties": {"aeroway": "taxiway", "ref": null, "name": null, "surface": null, "id": 1182643549}, "geometry": {"type": "LineString", "coordinates": [[77.085992, 28.5622792], [77.0859004, 28.562291], [77.0858092, 28.5622806], [77.0857212, 28.5622552], [77.0856376, 28.562209], [77.0855764, 28.562161], [77.0855206, 28.5620978], [77.0854959, 28.5620272], [77.0854841, 28.5619584], [77.0854852, 28.5619009], [77.0854959, 28.5618359], [77.0855254, 28.5617677]]}}, {"type": "Feature", "properties": {"aeroway": "terminal", "ref": null, "name": null, "surface": null, "id": 1182645562}, "geometry": {"type": "Polygon", "coordinates": [[[77.0876061, 28.5580323], [77.0873901, 28.5577736], [77.0871656, 28.5579287], [77.087191, 28.5579573], [77.0871026, 28.5580109], [77.0870866, 28.5579833], [77.087, 28.5580431], [77.0869484, 28.5579861], [77.0866348, 28.5581857], [77.0866648, 28.5582206], [77.0865918, 28.5582684], [77.086616, 28.5582949], [77.0865845, 28.5583156], [77.0866132, 28.5583484], [77.0865202, 28.5584145], [77.0864914, 28.5583779], [77.086298, 28.5585067], [77.086404, 28.5586311], [77.0865117, 28.5587575], [77.0867515, 28.558585], [77.0867951, 28.5586359], [77.0867072, 28.5587062], [77.0867758, 28.5587886], [77.0875158, 28.5582884], [77.0874089, 28.5581635], [77.0876061, 28.5580323]]]}}, {"type": "Feature", "properties": {"aeroway": "apron", "ref": null, "name": null, "surface": "concrete:plates", "id": 1182840962}, "geometry": {"type": "Polygon", "coordinates": [[[77.0968553, 28.5493502], [77.0972289, 28.5492617], [77.0972729, 28.5491997], [77.0967603, 28.5475138], [77.0964423, 28.5475931], [77.0964487, 28.5476263], [77.09628, 28.5476662], [77.0967856, 28.5493133], [77.0968553, 28.5493502]]]}}, {"type": "Feature", "properties": {"aeroway": "apron", "ref": null, "name": null, "surface": "concrete:plates", "id": 1182840963}, "geometry": {"type": "Polygon", "coordinates": [[[77.097652, 28.549174], [77.098023, 28.5490862], [77.0980679, 28.5490228], [77.0975625, 28.547375], [77.0975076, 28.547388], [77.0974971, 28.5473413], [77.0970674, 28.5474399], [77.0975797, 28.5491334], [77.097652, 28.549174]]]}}, {"type": "Feature", "properties": {"aeroway": "apron", "ref": null, "name": null, "surface": "concrete:plates", "id": 1182840964}, "geometry": {"type": "Polygon", "coordinates": [[[77.0978231, 28.5473114], [77.0981244, 28.5472425], [77.0987558, 28.5493815], [77.098531, 28.5494353], [77.0984548, 28.5494527], [77.0978231, 28.5473114]]]}}, {"type": "Feature", "properties": {"aeroway": "apron", "ref": null, "name": null, "surface": "concrete:plates", "id": 1182840965}, "geometry": {"type": "Polygon", "coordinates": [[[77.0954408, 28.5478754], [77.0959715, 28.5477566], [77.0965974, 28.5498871], [77.096392, 28.5499338], [77.0960732, 28.5500063], [77.0954408, 28.5478754]]]}}, {"type": "Feature", "properties": {"aeroway": "taxiway", "ref": null, "name": null, "surface": null, "id": 1183367828}, "geometry": {"type": "LineString", "coordinates": [[77.10591, 28.5442938], [77.1059225, 28.5443477], [77.1059261, 28.5444163], [77.105922, 28.5444839], [77.1058994, 28.5445577], [77.105863, 28.5446259], [77.1058197, 28.5446837], [77.1057644, 28.5447383], [77.1057038, 28.5447823], [77.1056456, 28.5448158], [77.1055555, 28.5448433]]}}, {"type": "Feature", "properties": {"aeroway": "taxiway", "ref": null, "name": null, "surface": null, "id": 1183367829}, "geometry": {"type": "LineString", "coordinates": [[77.1117801, 28.5434044], [77.1118627, 28.5433759], [77.1119556, 28.5433315], [77.112036, 28.5432667], [77.1120932, 28.5431841], [77.1121233, 28.5431147], [77.112136, 28.5430231], [77.1121312, 28.5429373], [77.1121099, 28.5428528], [77.1119002, 28.5420993], [77.1118117, 28.5417918], [77.1116475, 28.5412083], [77.1115658, 28.540892], [77.11154, 28.5408206], [77.1115139, 28.5407502], [77.1113398, 28.5403557], [77.1111327, 28.539842], [77.1106585, 28.5387763]]}}, {"type": "Feature", "properties": {"aeroway": "taxiway", "ref": null, "name": null, "surface": null, "id": 1183367830}, "geometry": {"type": "LineString", "coordinates": [[77.1115492, 28.5425446], [77.1116878, 28.5424917], [77.1117758, 28.5424284], [77.1118282, 28.5423652], [77.1118752, 28.5422912], [77.1118961, 28.5422192], [77.1119002, 28.5420993]]}}, {"type": "Feature", "properties": {"aeroway": "taxiway", "ref": null, "name": null, "surface": null, "id": 1183367831}, "geometry": {"type": "LineString", "coordinates": [[77.0688339, 28.5519774], [77.0688787, 28.5520776], [77.0689073, 28.5521378], [77.0689551, 28.5521897], [77.0689871, 28.552225], [77.0690522, 28.5522564], [77.069123, 28.5522813], [77.0692098, 28.5522974], [77.0692863, 28.5522986], [77.0693821, 28.5522934], [77.0694373, 28.5522823]]}}, {"type": "Feature", "properties": {"aeroway": "taxiway", "ref": "S5", "name": null, "surface": null, "id": 1183367832}, "geometry": {"type": "LineString", "coordinates": [[77.0680088, 28.5466396], [77.0678907, 28.5467038], [77.0677808, 28.5467804], [77.0677147, 28.546848], [77.0676607, 28.5469166], [77.0676194, 28.5469852], [77.067584, 28.547084], [77.0675592, 28.5471668], [77.0675513, 28.5472498], [77.0675538, 28.5473298], [77.0675688, 28.5474107], [77.0676525, 28.5477194], [77.067737, 28.548017], [77.0678504, 28.5484412], [77.0679533, 28.5488295], [77.0679963, 28.5489735], [77.0682037, 28.5497199], [77.0683077, 28.5501034], [77.0684093, 28.5504851], [77.0685762, 28.5510747], [77.0686871, 28.5514814], [77.0688339, 28.5519774], [77.0688877, 28.5522302], [77.0689414, 28.5525242], [77.0690171, 28.552783]]}}, {"type": "Feature", "properties": {"aeroway": "taxiway", "ref": null, "name": null, "surface": null, "id": 1183367833}, "geometry": {"type": "LineString", "coordinates": [[77.0690171, 28.552783], [77.069031, 28.5528308], [77.0690505, 28.5528813], [77.0690722, 28.5529278], [77.0691582, 28.5529916], [77.069248, 28.5530675], [77.069348, 28.5531159], [77.069457, 28.5531482], [77.0695593, 28.5531525], [77.0696374, 28.5531439]]}}, {"type": "Feature", "properties": {"aeroway": "taxiway", "ref": null, "name": null, "surface": null, "id": 1183367834}, "geometry": {"type": "LineString", "coordinates": [[77.0705733, 28.5529287], [77.0704639, 28.552926], [77.0704016, 28.5529172], [77.0703357, 28.5529018], [77.0702707, 28.5528746], [77.070204, 28.5528348], [77.07015, 28.5527921], [77.0701053, 28.5527455], [77.0700682, 28.5526934], [77.0700406, 28.5526402], [77.0700148, 28.5525558]]}}, {"type": "Feature", "properties": {"aeroway": "taxiway", "ref": "Z9", "name": null, "surface": null, "id": 1183367835}, "geometry": {"type": "LineString", "coordinates": [[77.0650063, 28.5486025], [77.0649192, 28.5483009], [77.0649067, 28.548254], [77.0649006, 28.5481994], [77.0648982, 28.5481331], [77.0649119, 28.548072], [77.0649343, 28.5480199], [77.0652979, 28.5474577], [77.0653557, 28.5473792], [77.0654223, 28.5473139], [77.0654762, 28.5472596], [77.0655442, 28.5472109], [77.0656504, 28.5471472]]}}, {"type": "Feature", "properties": {"aeroway": "taxiway", "ref": null, "name": null, "surface": null, "id": 1183367836}, "geometry": {"type": "LineString", "coordinates": [[77.0797532, 28.563326], [77.079977, 28.5640696], [77.0800501, 28.5643438], [77.0800895, 28.5644396], [77.0801595, 28.5645326], [77.0802381, 28.5646142], [77.0803314, 28.5646682], [77.0811779, 28.5650756], [77.0825265, 28.5657247], [77.0838828, 28.5663753], [77.0841044, 28.566482], [77.0852169, 28.5670253], [77.0852798, 28.567048], [77.0853565, 28.5670682], [77.0854395, 28.5670811], [77.0855547, 28.5670819]]}}, {"type": "Feature", "properties": {"aeroway": "taxiway", "ref": null, "name": null, "surface": null, "id": 1183367837}, "geometry": {"type": "LineString", "coordinates": [[77.1092538, 28.5377895], [77.1094356, 28.5377892], [77.1095399, 28.5378099], [77.1096294, 28.537838], [77.10971, 28.5378707], [77.1103313, 28.5381995], [77.1104171, 28.5382564], [77.1104749, 28.538311], [77.1105171, 28.5383642], [77.1105493, 28.5384281], [77.1105756, 28.538503], [77.1106585, 28.5387763], [77.1106678, 28.5388688], [77.1106631, 28.5389389], [77.110655, 28.5390155], [77.110634, 28.5390771], [77.1105919, 28.5391455], [77.110542, 28.5392002], [77.1104682, 28.5392555], [77.1103874, 28.5392949], [77.110297, 28.5393229]]}}, {"type": "Feature", "properties": {"aeroway": "apron", "ref": "Apron 33B", "name": null, "surface": "concrete:plates", "id": 1183367838}, "geometry": {"type": "Polygon", "coordinates": [[[77.0832415, 28.553499], [77.0836576, 28.5528871], [77.080536, 28.5512523], [77.079702, 28.5514459], [77.07964, 28.5514859], [77.0795526, 28.5516091], [77.0832415, 28.553499]]]}}, {"type": "Feature", "properties": {"aeroway": "apron", "ref": null, "name": null, "surface": "concrete:plates", "id": 1183401803}, "geometry": {"type": "Polygon", "coordinates": [[[77.0851445, 28.5520578], [77.0826028, 28.5507499], [77.0819752, 28.5509], [77.0817009, 28.5512846], [77.0845543, 28.5527552], [77.0845939, 28.5527655], [77.0846412, 28.5527642], [77.0846791, 28.5527533], [77.0847094, 28.552728], [77.0851445, 28.5520578]]]}}, {"type": "Feature", "properties": {"aeroway": "apron", "ref": null, "name": null, "surface": "concrete:plates", "id": 1183401804}, "geometry": {"type": "Polygon", "coordinates": [[[77.0819348, 28.5569384], [77.0790677, 28.5554504], [77.0789044, 28.5548715], [77.07877, 28.5543954], [77.0823179, 28.5562255], [77.0823514, 28.5562477], [77.082369, 28.5562815], [77.0823688, 28.556318], [77.0823549, 28.5563477], [77.0819348, 28.5569384]]]}}, {"type": "Feature", "properties": {"aeroway": "apron", "ref": null, "name": null, "surface": "concrete:plates", "id": 1183401805}, "geometry": {"type": "Polygon", "coordinates": [[[77.0823484, 28.558308], [77.0819505, 28.5569542], [77.0827576, 28.5567733], [77.0827972, 28.5567754], [77.0828281, 28.5567928], [77.0828478, 28.5568171], [77.0832213, 28.5580711], [77.0832251, 28.5581072], [77.0832135, 28.5581352], [77.0831856, 28.5581586], [77.0831531, 28.5581752], [77.0825192, 28.5582957], [77.0823484, 28.558308]]]}}, {"type": "Feature", "properties": {"aeroway": "hangar", "ref": null, "name": null, "surface": null, "id": 1183407502}, "geometry": {"type": "Polygon", "coordinates": [[[77.0963881, 28.5506222], [77.096877, 28.5505095], [77.0967628, 28.5501275], [77.0962739, 28.5502402], [77.096342, 28.550468], [77.0963881, 28.5506222]]]}}, {"type": "Feature", "properties": {"aeroway": "hangar", "ref": null, "name": null, "surface": null, "id": 1183407503}, "geometry": {"type": "Polygon", "coordinates": [[[77.0971827, 28.5504391], [77.0977003, 28.5503198], [77.0975863, 28.5499377], [77.0970686, 28.550057], [77.0971827, 28.5504391]]]}}, {"type": "Feature", "properties": {"aeroway": "runway", "ref": null, "name": null, "surface": "asphalt", "id": 1359417262}, "geometry": {"type": "LineString", "coordinates": [[77.1168831, 28.569907], [77.1163024, 28.5699206], [77.116208, 28.5699207], [77.1158341, 28.5699308], [77.115798, 28.569932], [77.1153364, 28.569943]]}}, {"type": "Feature", "properties": {"aeroway": "taxiway", "ref": "T4", "name": null, "surface": null, "id": 1374971749}, "geometry": {"type": "LineString", "coordinates": [[77.0739973, 28.5468798], [77.074164, 28.5470856], [77.0743387, 28.5472824], [77.074547, 28.5475348], [77.0746137, 28.5476143], [77.0748873, 28.5479346]]}}, {"type": "Feature", "properties": {"aeroway": "taxiway", "ref": "Z2", "name": null, "surface": null, "id": 1374972005}, "geometry": {"type": "LineString", "coordinates": [[77.0739943, 28.5463062], [77.0739446, 28.5463636], [77.0739114, 28.5464171], [77.0738855, 28.5464835], [77.0738725, 28.5465426], [77.0738703, 28.5466009], [77.0738726, 28.5466562], [77.0738865, 28.5467116], [77.0739072, 28.5467648], [77.0739413, 28.5468296], [77.0739973, 28.5468798]]}}, {"type": "Feature", "properties": {"aeroway": "taxiway", "ref": "E3", "name": null, "surface": "concrete", "id": 1429256795}, "geometry": {"type": "LineString", "coordinates": [[77.1139214, 28.5670863], [77.1141374, 28.5670402], [77.1143187, 28.5670021], [77.1144509, 28.5669743], [77.1170269, 28.5664004], [77.1180394, 28.5661749], [77.1181271, 28.5661564], [77.1181644, 28.5661513], [77.1182053, 28.5661523], [77.1182531, 28.5661615], [77.1182975, 28.566179], [77.1183337, 28.5662005], [77.1183699, 28.5662374], [77.1183909, 28.5662743], [77.1184049, 28.5663164], [77.1184096, 28.5663594], [77.1184313, 28.5677459], [77.1184321, 28.5678142]]}}, {"type": "Feature", "properties": {"aeroway": "taxiway", "ref": "E2", "name": null, "surface": "concrete", "id": 1429256803}, "geometry": {"type": "LineString", "coordinates": [[77.1188012, 28.5656281], [77.1185296, 28.5656888], [77.1169247, 28.5660489], [77.1143514, 28.5666231], [77.1142196, 28.5666517], [77.1140394, 28.5666907], [77.1138817, 28.566726], [77.1138245, 28.5667388]]}}, {"type": "Feature", "properties": {"aeroway": "taxiway", "ref": "E2", "name": null, "surface": "concrete", "id": 1429256804}, "geometry": {"type": "LineString", "coordinates": [[77.1188012, 28.5656281], [77.1188038, 28.5657529], [77.1188066, 28.5658896], [77.1188442, 28.567742], [77.1188442, 28.5678096]]}}, {"type": "Feature", "properties": {"aeroway": "taxiway", "ref": "E2", "name": null, "surface": "concrete", "id": 1429256805}, "geometry": {"type": "LineString", "coordinates": [[77.1185296, 28.5656888], [77.1185777, 28.5656903], [77.118625, 28.5657014], [77.1186691, 28.565718], [77.1187085, 28.5657401], [77.11874, 28.5657664], [77.1187668, 28.5657955], [77.118781, 28.5658218], [77.1187936, 28.5658495], [77.1188066, 28.5658896]]}}, {"type": "Feature", "properties": {"aeroway": "taxiway", "ref": "E4", "name": null, "surface": "concrete", "id": 1429256809}, "geometry": {"type": "LineString", "coordinates": [[77.118126, 28.5632535], [77.117919, 28.5632994], [77.1162292, 28.5636738], [77.1136758, 28.5642397], [77.1135137, 28.5642749], [77.113394, 28.5643008], [77.1133677, 28.5643066], [77.1131492, 28.564354], [77.1131444, 28.5643551]]}}, {"type": "Feature", "properties": {"aeroway": "taxiway", "ref": "E4", "name": null, "surface": "concrete", "id": 1429256810}, "geometry": {"type": "LineString", "coordinates": [[77.1177212, 28.5617447], [77.117723, 28.5617644], [77.1180826, 28.563023], [77.1180921, 28.5630722], [77.118097, 28.5630977], [77.118126, 28.5632535]]}}, {"type": "Feature", "properties": {"aeroway": "taxiway", "ref": "E4", "name": null, "surface": "concrete", "id": 1429256811}, "geometry": {"type": "LineString", "coordinates": [[77.1180921, 28.5630722], [77.1180868, 28.563118], [77.1180705, 28.5631657], [77.1180379, 28.563215], [77.1180035, 28.5632515], [77.1179619, 28.5632818], [77.117919, 28.5632994]]}}, {"type": "Feature", "properties": {"aeroway": "terminal", "ref": null, "name": "Terminal 1", "surface": null, "id": 1429256812}, "geometry": {"type": "Polygon", "coordinates": [[[77.1197388, 28.5649774], [77.1197473, 28.5649222], [77.1198045, 28.5649271], [77.1196674, 28.5659523], [77.1205609, 28.5660357], [77.1208022, 28.5660574], [77.1208729, 28.5660638], [77.1211266, 28.5640841], [77.1212126, 28.563413], [77.120018, 28.5618799], [77.1196696, 28.5621084], [77.1196394, 28.5620688], [77.1187765, 28.5625924], [77.1186676, 28.5626609], [77.1186995, 28.5627023], [77.1194037, 28.5636165], [77.1192828, 28.5636913], [77.1192674, 28.5636709], [77.1192298, 28.5636946], [77.1191179, 28.5637631], [77.1190819, 28.563714], [77.1187088, 28.5639387], [77.1187638, 28.564008], [77.1186915, 28.5640521], [77.1182416, 28.5643325], [77.1181852, 28.5643649], [77.1178415, 28.5644417], [77.1174398, 28.5645315], [77.1170382, 28.5646212], [77.116638, 28.5647107], [77.1165406, 28.5647324], [77.1160708, 28.5648374], [77.1156668, 28.5649277], [77.1152723, 28.5650159], [77.1148647, 28.565107], [77.1144673, 28.5651958], [77.1140978, 28.5652783], [77.1140139, 28.5652971], [77.1141385, 28.5657366], [77.1145754, 28.5656421], [77.1145912, 28.5656387], [77.114606, 28.5656355], [77.1149932, 28.5655518], [77.115393, 28.5654653], [77.1157942, 28.5653786], [77.116196, 28.5652917], [77.1166014, 28.565204], [77.116672, 28.5651888], [77.1171698, 28.5650811], [77.1175683, 28.564995], [77.1179701, 28.5649081], [77.1183244, 28.5648315], [77.1183875, 28.564838], [77.1187612, 28.5648766], [77.1189346, 28.5648944], [77.1195736, 28.5649604], [77.1197388, 28.5649774]]]}}, {"type": "Feature", "properties": {"aeroway": "taxiway", "ref": "E6", "name": null, "surface": "concrete", "id": 1429438329}, "geometry": {"type": "LineString", "coordinates": [[77.1173186, 28.5618345], [77.1173259, 28.5618557], [77.1175933, 28.5627953], [77.1175976, 28.5628249], [77.117596, 28.5628682], [77.1175837, 28.5629101], [77.1175621, 28.5629521], [77.1175236, 28.5629886], [77.117482, 28.563017], [77.1174404, 28.5630332], [77.1173696, 28.5630508], [77.1172756, 28.5630698], [77.1166184, 28.5632151], [77.1161266, 28.5633239], [77.1135761, 28.563888], [77.1134511, 28.5639165], [77.1132696, 28.5639579], [77.1130486, 28.5640064]]}}, {"type": "Feature", "properties": {"aeroway": "taxiway", "ref": "E7", "name": null, "surface": "concrete", "id": 1429438341}, "geometry": {"type": "LineString", "coordinates": [[77.1129371, 28.5628002], [77.1129499, 28.5628218], [77.1132179, 28.5637742], [77.1132696, 28.5639579], [77.1133191, 28.564134], [77.1133677, 28.5643066], [77.1133697, 28.5643136], [77.1134137, 28.56447], [77.1139903, 28.5665163], [77.1140394, 28.5666907], [77.1140698, 28.5667998], [77.1140949, 28.5668885], [77.1141374, 28.5670402], [77.1141801, 28.5671922], [77.1143381, 28.5677894], [77.1143577, 28.5678603]]}}, {"type": "Feature", "properties": {"aeroway": "taxiway", "ref": "E9", "name": null, "surface": "concrete", "id": 1429438342}, "geometry": {"type": "LineString", "coordinates": [[77.1125006, 28.5628944], [77.1125069, 28.5629214], [77.1127837, 28.5638781], [77.1128815, 28.5642248], [77.1129482, 28.5644615], [77.1129724, 28.5645474], [77.1135559, 28.5666168], [77.1136344, 28.5668957], [77.1136561, 28.566972], [77.113749, 28.5673016], [77.1138784, 28.5677959], [77.1138964, 28.5678655]]}}, {"type": "Feature", "properties": {"aeroway": "taxiway", "ref": "E3", "name": null, "surface": "concrete", "id": 1429438343}, "geometry": {"type": "LineString", "coordinates": [[77.1139214, 28.5670863], [77.1138524, 28.5671169], [77.1138117, 28.567148], [77.1137816, 28.5671853], [77.1137657, 28.5672241], [77.1137551, 28.5672614], [77.113749, 28.5673016]]}}, {"type": "Feature", "properties": {"aeroway": "taxiway", "ref": "E3", "name": null, "surface": "concrete", "id": 1429438344}, "geometry": {"type": "LineString", "coordinates": [[77.1139214, 28.5670863], [77.1138557, 28.5670934], [77.1138008, 28.5670871], [77.1137495, 28.5670685], [77.1137052, 28.567039], [77.1136787, 28.5670079], [77.1136561, 28.566972]]}}, {"type": "Feature", "properties": {"aeroway": "taxiway", "ref": null, "name": null, "surface": "concrete", "id": 1429438345}, "geometry": {"type": "LineString", "coordinates": [[77.1140949, 28.5668885], [77.1140885, 28.5669256], [77.1140726, 28.5669645], [77.1140442, 28.5670033], [77.1140124, 28.567036], [77.1139841, 28.5670577], [77.1139214, 28.5670863]]}}, {"type": "Feature", "properties": {"aeroway": "taxiway", "ref": null, "name": null, "surface": "concrete", "id": 1429438346}, "geometry": {"type": "LineString", "coordinates": [[77.1139214, 28.5670863], [77.1139863, 28.5670859], [77.1140233, 28.5670953], [77.1140757, 28.567117], [77.114108, 28.5671373], [77.1141388, 28.5671589], [77.1141801, 28.5671922]]}}, {"type": "Feature", "properties": {"aeroway": "taxiway", "ref": null, "name": null, "surface": "concrete", "id": 1429438347}, "geometry": {"type": "LineString", "coordinates": [[77.1143187, 28.5670021], [77.1142857, 28.5670293], [77.1142521, 28.5670604], [77.1142238, 28.5670961], [77.1142008, 28.5671381], [77.1141801, 28.5671922]]}}, {"type": "Feature", "properties": {"aeroway": "taxiway", "ref": null, "name": null, "surface": "concrete", "id": 1429438348}, "geometry": {"type": "LineString", "coordinates": [[77.1140949, 28.5668885], [77.1141237, 28.5669222], [77.1141608, 28.5669517], [77.1142139, 28.5669797], [77.1142635, 28.5669953], [77.1143187, 28.5670021]]}}, {"type": "Feature", "properties": {"aeroway": "taxiway", "ref": "E2", "name": null, "surface": "concrete", "id": 1429438349}, "geometry": {"type": "LineString", "coordinates": [[77.1138245, 28.5667388], [77.1137721, 28.5667595], [77.1137265, 28.5667901], [77.1136889, 28.5668278], [77.1136648, 28.5668608], [77.1136554, 28.566891], [77.1136541, 28.5669008], [77.1136561, 28.566972]]}}, {"type": "Feature", "properties": {"aeroway": "taxiway", "ref": "E2", "name": null, "surface": "concrete", "id": 1429438350}, "geometry": {"type": "LineString", "coordinates": [[77.1135559, 28.5666168], [77.1135828, 28.5666592], [77.1136203, 28.5666922], [77.1136632, 28.5667181], [77.1137035, 28.5667346], [77.1137518, 28.5667417], [77.1138245, 28.5667388]]}}, {"type": "Feature", "properties": {"aeroway": "taxiway", "ref": null, "name": null, "surface": "concrete", "id": 1429438351}, "geometry": {"type": "LineString", "coordinates": [[77.1142196, 28.5666517], [77.1142031, 28.566664], [77.1141712, 28.5666967], [77.1141358, 28.5667371], [77.1141111, 28.5667822], [77.114107, 28.5667917], [77.114098, 28.5668232], [77.1140962, 28.5668543], [77.1140949, 28.5668885]]}}, {"type": "Feature", "properties": {"aeroway": "taxiway", "ref": null, "name": null, "surface": "concrete", "id": 1429438352}, "geometry": {"type": "LineString", "coordinates": [[77.1140949, 28.5668885], [77.1140663, 28.5668356], [77.1140398, 28.5668124], [77.1140342, 28.5668077], [77.1139971, 28.5667821], [77.1139382, 28.5667535], [77.1138874, 28.5667392], [77.1138853, 28.5667392], [77.1138245, 28.5667388]]}}, {"type": "Feature", "properties": {"aeroway": "taxiway", "ref": null, "name": null, "surface": "concrete", "id": 1429438353}, "geometry": {"type": "LineString", "coordinates": [[77.1139903, 28.5665163], [77.1139883, 28.5665562], [77.1139826, 28.5665903], [77.1139725, 28.5666144], [77.113944, 28.5666573], [77.1139136, 28.566693], [77.113879, 28.5667162], [77.1138245, 28.5667388]]}}, {"type": "Feature", "properties": {"aeroway": "taxiway", "ref": null, "name": null, "surface": "concrete", "id": 1429438354}, "geometry": {"type": "LineString", "coordinates": [[77.1139903, 28.5665163], [77.1140106, 28.5665521], [77.1140316, 28.5665746], [77.1140596, 28.5665951], [77.1140935, 28.5666177], [77.114125, 28.566632], [77.11416, 28.5666444], [77.1141834, 28.5666495], [77.1142196, 28.5666517]]}}, {"type": "Feature", "properties": {"aeroway": "taxiway", "ref": "F", "name": null, "surface": "concrete", "id": 1429438361}, "geometry": {"type": "LineString", "coordinates": [[77.1110504, 28.5632204], [77.1110579, 28.5632416], [77.1114991, 28.564782], [77.1116216, 28.5652169], [77.111718, 28.5655593], [77.1123502, 28.5678193], [77.1123697, 28.567889]]}}, {"type": "Feature", "properties": {"aeroway": "taxiway", "ref": "E6", "name": null, "surface": "concrete", "id": 1429438363}, "geometry": {"type": "LineString", "coordinates": [[77.1130486, 28.5640064], [77.1129893, 28.5640106], [77.1129274, 28.5640012], [77.112876, 28.563981], [77.1128406, 28.5639593], [77.1128106, 28.5639251], [77.1127837, 28.5638781]]}}, {"type": "Feature", "properties": {"aeroway": "taxiway", "ref": "E6", "name": null, "surface": "concrete", "id": 1429438364}, "geometry": {"type": "LineString", "coordinates": [[77.1130486, 28.5640064], [77.1129963, 28.5640336], [77.1129503, 28.5640694], [77.1129131, 28.564116], [77.1128919, 28.5641657], [77.1128815, 28.5642248]]}}, {"type": "Feature", "properties": {"aeroway": "taxiway", "ref": "E4", "name": null, "surface": "concrete", "id": 1429438365}, "geometry": {"type": "LineString", "coordinates": [[77.1131444, 28.5643551], [77.1130933, 28.5643568], [77.113042, 28.5643475], [77.1129889, 28.5643304], [77.1129429, 28.5643008], [77.1129075, 28.5642651], [77.1128815, 28.5642248]]}}, {"type": "Feature", "properties": {"aeroway": "taxiway", "ref": "E4", "name": null, "surface": "concrete", "id": 1429438366}, "geometry": {"type": "LineString", "coordinates": [[77.1131444, 28.5643551], [77.1131001, 28.5643796], [77.1130554, 28.5644153], [77.1130293, 28.5644443], [77.1130168, 28.5644582], [77.1129944, 28.5644957], [77.1129724, 28.5645474]]}}, {"type": "Feature", "properties": {"aeroway": "taxiway", "ref": null, "name": null, "surface": "concrete", "id": 1429438367}, "geometry": {"type": "LineString", "coordinates": [[77.1131444, 28.5643551], [77.1132091, 28.5643282], [77.1132498, 28.5642961], [77.1132802, 28.5642604], [77.1133087, 28.5642104], [77.1133209, 28.5641729], [77.1133191, 28.564134]]}}, {"type": "Feature", "properties": {"aeroway": "taxiway", "ref": null, "name": null, "surface": "concrete", "id": 1429438368}, "geometry": {"type": "LineString", "coordinates": [[77.1130486, 28.5640064], [77.1131154, 28.5640035], [77.1131632, 28.5640089], [77.1132171, 28.5640292], [77.1132525, 28.5640495], [77.1132818, 28.5640711], [77.1132987, 28.5640941], [77.1133191, 28.564134]]}}, {"type": "Feature", "properties": {"aeroway": "taxiway", "ref": null, "name": null, "surface": "concrete", "id": 1429438369}, "geometry": {"type": "LineString", "coordinates": [[77.1130486, 28.5640064], [77.1131072, 28.5639812], [77.1131364, 28.5639527], [77.1131626, 28.5639216], [77.1131842, 28.5638891], [77.1132011, 28.5638513], [77.1132104, 28.5638147], [77.1132179, 28.5637742]]}}, {"type": "Feature", "properties": {"aeroway": "taxiway", "ref": null, "name": null, "surface": "concrete", "id": 1429438370}, "geometry": {"type": "LineString", "coordinates": [[77.1132179, 28.5637742], [77.1132447, 28.5638112], [77.1132771, 28.5638437], [77.1133048, 28.5638667], [77.113351, 28.5638938], [77.1133849, 28.5639073], [77.1134142, 28.5639141], [77.1134511, 28.5639165]]}}, {"type": "Feature", "properties": {"aeroway": "taxiway", "ref": null, "name": null, "surface": "concrete", "id": 1429438371}, "geometry": {"type": "LineString", "coordinates": [[77.1134511, 28.5639165], [77.1134167, 28.5639374], [77.1133875, 28.5639609], [77.1133642, 28.5639917], [77.113342, 28.5640235], [77.1133257, 28.5640614], [77.1133187, 28.5640942], [77.1133191, 28.564134]]}}, {"type": "Feature", "properties": {"aeroway": "taxiway", "ref": null, "name": null, "surface": "concrete", "id": 1429438373}, "geometry": {"type": "LineString", "coordinates": [[77.1133191, 28.564134], [77.1133385, 28.5641732], [77.1133642, 28.564205], [77.1133945, 28.5642275], [77.1134354, 28.564247], [77.1134681, 28.5642614], [77.1134724, 28.5642627], [77.1135137, 28.5642749]]}}, {"type": "Feature", "properties": {"aeroway": "taxiway", "ref": null, "name": null, "surface": "concrete", "id": 1429438374}, "geometry": {"type": "LineString", "coordinates": [[77.1135137, 28.5642749], [77.1134822, 28.5642987], [77.1134456, 28.5643398], [77.1134212, 28.5643844], [77.1134131, 28.5644219], [77.1134137, 28.56447]]}}, {"type": "Feature", "properties": {"aeroway": "taxiway", "ref": null, "name": null, "surface": "concrete", "id": 1429438375}, "geometry": {"type": "LineString", "coordinates": [[77.1131492, 28.564354], [77.1132088, 28.5643512], [77.113255, 28.5643593], [77.1132703, 28.5643653], [77.1132966, 28.5643755], [77.1133305, 28.5643931], [77.1133644, 28.5644188], [77.113389, 28.5644418], [77.1134137, 28.56447]]}}, {"type": "Feature", "properties": {"aeroway": "taxiway", "ref": null, "name": null, "surface": "concrete", "id": 1429438378}, "geometry": {"type": "LineString", "coordinates": [[77.1080495, 28.5679401], [77.1080357, 28.5678862], [77.1069901, 28.5641698], [77.1069796, 28.5641321]]}}, {"type": "Feature", "properties": {"aeroway": "taxiway", "ref": "F3", "name": null, "surface": "concrete", "id": 1429438384}, "geometry": {"type": "LineString", "coordinates": [[77.1108373, 28.5679044], [77.1108168, 28.5678396], [77.1102652, 28.5658642], [77.1102212, 28.5657088], [77.1101791, 28.5655602], [77.1101332, 28.5653984], [77.1096156, 28.5635708], [77.1096081, 28.5635503]]}}, {"type": "Feature", "properties": {"aeroway": "taxiway", "ref": "F5", "name": null, "surface": "concrete", "id": 1429438385}, "geometry": {"type": "LineString", "coordinates": [[77.1092072, 28.5636436], [77.1092162, 28.563662], [77.1097333, 28.5654862], [77.1097768, 28.5656397], [77.1098638, 28.5659469], [77.1103926, 28.5678464], [77.11041, 28.5679132]]}}, {"type": "Feature", "properties": {"aeroway": "taxiway", "ref": "F2", "name": null, "surface": "concrete", "id": 1429438387}, "geometry": {"type": "LineString", "coordinates": [[77.111481, 28.5654311], [77.1111923, 28.5654948], [77.1104899, 28.5656495], [77.110417, 28.5656656], [77.1102212, 28.5657088], [77.1100224, 28.5657526]]}}, {"type": "Feature", "properties": {"aeroway": "taxiway", "ref": "F2", "name": null, "surface": "concrete", "id": 1429438388}, "geometry": {"type": "LineString", "coordinates": [[77.111481, 28.5654311], [77.1115212, 28.5654135], [77.1115643, 28.5653837], [77.1115951, 28.5653431], [77.1116151, 28.5653012], [77.1116228, 28.5652606], [77.1116216, 28.5652169]]}}, {"type": "Feature", "properties": {"aeroway": "taxiway", "ref": "F2", "name": null, "surface": "concrete", "id": 1429438389}, "geometry": {"type": "LineString", "coordinates": [[77.111481, 28.5654311], [77.1115294, 28.5654328], [77.1115726, 28.56544], [77.1116135, 28.5654543], [77.1116544, 28.5654789], [77.1116812, 28.5655025], [77.1117022, 28.5655271], [77.111718, 28.5655593]]}}, {"type": "Feature", "properties": {"aeroway": "apron", "ref": null, "name": null, "surface": "concrete:plates", "id": 1429438392}, "geometry": {"type": "Polygon", "coordinates": [[[77.120364, 28.5662435], [77.1201198, 28.5662088], [77.1200652, 28.566201], [77.1198292, 28.5661868], [77.1194912, 28.566175], [77.1194952, 28.5661372], [77.1190934, 28.5660952], [77.1190487, 28.5660905], [77.1190682, 28.5676892], [77.1191749, 28.5676883], [77.1191752, 28.5678066], [77.1188442, 28.5678096], [77.1184321, 28.5678142], [77.1182582, 28.5678141], [77.1145608, 28.5678602], [77.1143577, 28.5678603], [77.1138964, 28.5678655], [77.1137028, 28.5678714], [77.1126982, 28.5678841], [77.1123697, 28.567889], [77.1120422, 28.5678915], [77.1110517, 28.5679062], [77.1108373, 28.5679044], [77.1106277, 28.5679106], [77.11041, 28.5679132], [77.1102052, 28.5679152], [77.1082702, 28.5679374], [77.1080495, 28.5679401], [77.1078251, 28.5679476], [77.1078055, 28.5679038], [77.1077868, 28.5678372], [77.1067688, 28.5642203], [77.1067572, 28.5641821], [77.1069796, 28.5641321], [77.1071729, 28.5640887], [77.1090029, 28.5636892], [77.1092072, 28.5636436], [77.1094094, 28.5635942], [77.1096081, 28.5635503], [77.1098016, 28.5635078], [77.1107594, 28.5632848], [77.1110504, 28.5632204], [77.1113469, 28.5631516], [77.1123123, 28.5629375], [77.1125006, 28.5628944], [77.1129371, 28.5628002], [77.1131263, 28.5627601], [77.1171289, 28.5618752], [77.1173186, 28.5618345], [77.1177212, 28.5617447], [77.1179116, 28.5617036], [77.1180479, 28.5616735], [77.1181862, 28.5616454], [77.1183482, 28.562043], [77.1184446, 28.5621704], [77.1187765, 28.5625924], [77.1186676, 28.5626609], [77.1186995, 28.5627023], [77.1194037, 28.5636165], [77.1192828, 28.5636913], [77.1192674, 28.5636709], [77.1192298, 28.5636946], [77.1191179, 28.5637631], [77.1190819, 28.563714], [77.1187088, 28.5639387], [77.1187638, 28.564008], [77.1186915, 28.5640521], [77.1182416, 28.5643325], [77.1181852, 28.5643649], [77.1178415, 28.5644417], [77.1174398, 28.5645315], [77.1170382, 28.5646212], [77.116638, 28.5647107], [77.1165406, 28.5647324], [77.1160708, 28.5648374], [77.1156668, 28.5649277], [77.1152723, 28.5650159], [77.1148647, 28.565107], [77.1144673, 28.5651958], [77.1140978, 28.5652783], [77.1140139, 28.5652971], [77.1141385, 28.5657366], [77.1145754, 28.5656421], [77.1145912, 28.5656387], [77.114606, 28.5656355], [77.1149932, 28.5655518], [77.115393, 28.5654653], [77.1157942, 28.5653786], [77.116196, 28.5652917], [77.1166014, 28.565204], [77.116672, 28.5651888], [77.1171698, 28.5650811], [77.1175683, 28.564995], [77.1179701, 28.5649081], [77.1183244, 28.5648315], [77.1183875, 28.564838], [77.1187612, 28.5648766], [77.1189346, 28.5648944], [77.1195736, 28.5649604], [77.1197388, 28.5649774], [77.1197473, 28.5649222], [77.1198045, 28.5649271], [77.1196674, 28.5659523], [77.1205609, 28.5660357], [77.1205424, 28.5661914], [77.1203734, 28.5661738], [77.120364, 28.5662435]]]}}, {"type": "Feature", "properties": {"aeroway": "taxiway", "ref": "F2", "name": null, "surface": "concrete", "id": 1429438397}, "geometry": {"type": "LineString", "coordinates": [[77.1100224, 28.5657526], [77.1099721, 28.5657549], [77.1099172, 28.565744], [77.1098765, 28.565727], [77.1098411, 28.5657052], [77.109804, 28.5656741], [77.1097768, 28.5656397]]}}, {"type": "Feature", "properties": {"aeroway": "taxiway", "ref": "F2", "name": null, "surface": "concrete", "id": 1429438398}, "geometry": {"type": "LineString", "coordinates": [[77.1100224, 28.5657526], [77.1099756, 28.5657718], [77.1099433, 28.5657975], [77.1099094, 28.565834], [77.1098878, 28.5658679], [77.1098724, 28.5659058], [77.1098638, 28.5659469]]}}, {"type": "Feature", "properties": {"aeroway": "taxiway", "ref": null, "name": null, "surface": "concrete", "id": 1429438399}, "geometry": {"type": "LineString", "coordinates": [[77.1101791, 28.5655602], [77.1101653, 28.5656027], [77.1101443, 28.5656479], [77.1101046, 28.5656909], [77.1100649, 28.5657258], [77.1100224, 28.5657526]]}}, {"type": "Feature", "properties": {"aeroway": "taxiway", "ref": null, "name": null, "surface": "concrete", "id": 1429438400}, "geometry": {"type": "LineString", "coordinates": [[77.1100224, 28.5657526], [77.1100809, 28.5657524], [77.11013, 28.5657647], [77.110179, 28.5657893], [77.110221, 28.5658221], [77.1102652, 28.5658642]]}}, {"type": "Feature", "properties": {"aeroway": "taxiway", "ref": null, "name": null, "surface": "concrete", "id": 1429438401}, "geometry": {"type": "LineString", "coordinates": [[77.110417, 28.5656656], [77.1103616, 28.5657044], [77.1103241, 28.5657421], [77.1102919, 28.5657892], [77.1102731, 28.5658316], [77.1102652, 28.5658642]]}}, {"type": "Feature", "properties": {"aeroway": "taxiway", "ref": null, "name": null, "surface": "concrete", "id": 1429438402}, "geometry": {"type": "LineString", "coordinates": [[77.1101791, 28.5655602], [77.1102176, 28.5655945], [77.1102619, 28.5656191], [77.110311, 28.5656437], [77.110353, 28.565656], [77.110417, 28.5656656]]}}, {"type": "Feature", "properties": {"aeroway": "taxiway", "ref": "G", "name": null, "surface": "asphalt", "id": 1429438413}, "geometry": {"type": "LineString", "coordinates": [[77.1182195, 28.560923], [77.1182083, 28.5609858], [77.1181845, 28.5610433], [77.1181459, 28.5610974], [77.1180966, 28.5611455], [77.118035, 28.561188], [77.1179726, 28.5612117], [77.117908, 28.5612304], [77.1178425, 28.5612462], [77.1177794, 28.561261], [77.1177111, 28.5612747], [77.1174547, 28.5613376], [77.1173909, 28.5613501], [77.1173332, 28.5613641], [77.1170694, 28.5614227], [77.1170049, 28.5614406], [77.1167328, 28.5615022], [77.1160398, 28.561663], [77.1159586, 28.5616809], [77.1130288, 28.562358], [77.1126242, 28.5624512], [77.1121664, 28.562556], [77.1119247, 28.5626115], [77.1118064, 28.5626381], [77.1112615, 28.5627649], [77.1109438, 28.5628371], [77.1105846, 28.5629201], [77.1100867, 28.5630351], [77.1096805, 28.5631271], [77.1095013, 28.5631696], [77.1093025, 28.5632137], [77.1091391, 28.5632519], [77.1089047, 28.5633063], [77.1074706, 28.5636395], [77.106874, 28.5637774], [77.1058034, 28.5640204], [77.0991572, 28.565554]]}}, {"type": "Feature", "properties": {"aeroway": "taxiway", "ref": null, "name": null, "surface": "asphalt", "id": 1429438414}, "geometry": {"type": "LineString", "coordinates": [[77.1172379, 28.5615662], [77.117293, 28.56175], [77.1173186, 28.5618345]]}}, {"type": "Feature", "properties": {"aeroway": "taxiway", "ref": null, "name": null, "surface": "asphalt", "id": 1429438415}, "geometry": {"type": "LineString", "coordinates": [[77.1176412, 28.5614768], [77.1176965, 28.5616588], [77.1177212, 28.5617447]]}}, {"type": "Feature", "properties": {"aeroway": "taxiway", "ref": null, "name": null, "surface": "asphalt", "id": 1429438416}, "geometry": {"type": "LineString", "coordinates": [[77.1173909, 28.5613501], [77.1173562, 28.5613638], [77.1173244, 28.5613826], [77.1173083, 28.5613945], [77.1172817, 28.561418], [77.1172649, 28.5614435], [77.1172515, 28.561473], [77.1172433, 28.5615041], [77.1172404, 28.5615359], [77.1172379, 28.5615662]]}}, {"type": "Feature", "properties": {"aeroway": "taxiway", "ref": null, "name": null, "surface": "asphalt", "id": 1429438417}, "geometry": {"type": "LineString", "coordinates": [[77.1176412, 28.5614768], [77.1176175, 28.5614408], [77.1175996, 28.5614161], [77.1175785, 28.5613986], [77.1175511, 28.561379], [77.1175176, 28.5613648], [77.117487, 28.5613569], [77.1174638, 28.5613519], [77.117431, 28.5613479], [77.1173909, 28.5613501]]}}, {"type": "Feature", "properties": {"aeroway": "taxiway", "ref": null, "name": null, "surface": "asphalt", "id": 1429438418}, "geometry": {"type": "LineString", "coordinates": [[77.117358, 28.5612351], [77.1173596, 28.561272], [77.1173576, 28.5612999], [77.1173482, 28.5613291], [77.1173332, 28.5613641], [77.1173244, 28.5613826]]}}, {"type": "Feature", "properties": {"aeroway": "taxiway", "ref": null, "name": null, "surface": "asphalt", "id": 1429438419}, "geometry": {"type": "LineString", "coordinates": [[77.117358, 28.5612351], [77.1173783, 28.5612728], [77.1174027, 28.5613019], [77.1174221, 28.5613176], [77.1174547, 28.5613376], [77.117487, 28.5613569]]}}, {"type": "Feature", "properties": {"aeroway": "taxiway", "ref": null, "name": null, "surface": "asphalt", "id": 1429438420}, "geometry": {"type": "LineString", "coordinates": [[77.1177794, 28.561261], [77.1177398, 28.5612809], [77.1177185, 28.5612953], [77.117691, 28.561321], [77.1176666, 28.5613531], [77.1176505, 28.5613835], [77.1176417, 28.5614196], [77.11764, 28.5614414], [77.1176412, 28.5614768]]}}, {"type": "Feature", "properties": {"aeroway": "taxiway", "ref": null, "name": null, "surface": "asphalt", "id": 1429438421}, "geometry": {"type": "LineString", "coordinates": [[77.1172379, 28.5615662], [77.1172238, 28.5615398], [77.117205, 28.5615163], [77.1171821, 28.5614959], [77.1171575, 28.5614766], [77.1171218, 28.5614603], [77.1170839, 28.5614464], [77.1170477, 28.5614403], [77.1170049, 28.5614406]]}}, {"type": "Feature", "properties": {"aeroway": "taxiway", "ref": null, "name": null, "surface": "asphalt", "id": 1429438422}, "geometry": {"type": "LineString", "coordinates": [[77.1173024, 28.5611353], [77.1172957, 28.5611857], [77.1172788, 28.561232], [77.1172478, 28.5612873], [77.117212, 28.5613281], [77.11717, 28.5613642], [77.1171249, 28.5613948], [77.1170694, 28.5614227]]}}, {"type": "Feature", "properties": {"aeroway": "taxiway", "ref": null, "name": null, "surface": "asphalt", "id": 1429438423}, "geometry": {"type": "LineString", "coordinates": [[77.11735, 28.5611252], [77.1173863, 28.5611653], [77.1174299, 28.5612001], [77.1174847, 28.5612312], [77.117536, 28.5612531], [77.1175855, 28.5612668], [77.1176296, 28.561272], [77.1176724, 28.5612743], [77.1177111, 28.5612747]]}}, {"type": "Feature", "properties": {"aeroway": "taxiway", "ref": null, "name": null, "surface": "asphalt", "id": 1429438424}, "geometry": {"type": "LineString", "coordinates": [[77.1173274, 28.5611299], [77.117358, 28.5612351]]}}, {"type": "Feature", "properties": {"aeroway": "taxiway", "ref": "E7", "name": null, "surface": "asphalt", "id": 1429438425}, "geometry": {"type": "LineString", "coordinates": [[77.1129371, 28.5628002], [77.1128707, 28.5625726], [77.1128564, 28.5625487], [77.1128372, 28.5625224], [77.1128045, 28.5624955], [77.1127662, 28.5624705], [77.1127175, 28.5624537], [77.1126773, 28.5624479], [77.1126242, 28.5624512]]}}, {"type": "Feature", "properties": {"aeroway": "taxiway", "ref": "E9", "name": null, "surface": "asphalt", "id": 1429438426}, "geometry": {"type": "LineString", "coordinates": [[77.1126242, 28.5624512], [77.1125648, 28.5624703], [77.1125283, 28.5624872], [77.1124998, 28.5625084], [77.1124682, 28.5625421], [77.1124499, 28.5625794], [77.1124398, 28.5626103], [77.1124398, 28.5626457], [77.1124482, 28.5627044], [77.1125006, 28.5628944]]}}, {"type": "Feature", "properties": {"aeroway": "taxiway", "ref": "E7", "name": null, "surface": "asphalt", "id": 1429438427}, "geometry": {"type": "LineString", "coordinates": [[77.1130288, 28.562358], [77.1129705, 28.5623825], [77.1129436, 28.5623987], [77.1129181, 28.5624231], [77.1128928, 28.5624583], [77.1128742, 28.5624975], [77.1128707, 28.5625726]]}}, {"type": "Feature", "properties": {"aeroway": "taxiway", "ref": "E9", "name": null, "surface": "asphalt", "id": 1429438428}, "geometry": {"type": "LineString", "coordinates": [[77.1124482, 28.5627044], [77.1124069, 28.5626275], [77.1123808, 28.5626021], [77.1123406, 28.562577], [77.1123013, 28.5625581], [77.1122482, 28.5625503], [77.1121664, 28.562556]]}}, {"type": "Feature", "properties": {"aeroway": "taxiway", "ref": null, "name": null, "surface": "asphalt", "id": 1429438429}, "geometry": {"type": "LineString", "coordinates": [[77.1179347, 28.559847], [77.1179835, 28.5600432], [77.1181464, 28.5605887], [77.1181979, 28.5607577], [77.1182122, 28.5608097], [77.1182173, 28.5608336], [77.1182205, 28.5608595], [77.1182238, 28.560897], [77.1182195, 28.560923]]}}, {"type": "Feature", "properties": {"aeroway": "taxiway", "ref": null, "name": null, "surface": "asphalt", "id": 1429438430}, "geometry": {"type": "LineString", "coordinates": [[77.116057, 28.5604908], [77.1162204, 28.5610281], [77.1162834, 28.5612437]]}}, {"type": "Feature", "properties": {"aeroway": "taxiway", "ref": null, "name": null, "surface": "concrete", "id": 1429438431}, "geometry": {"type": "LineString", "coordinates": [[77.1162834, 28.5612437], [77.1162945, 28.5612897], [77.1163017, 28.5613347], [77.1162997, 28.5613656]]}}, {"type": "Feature", "properties": {"aeroway": "taxiway", "ref": null, "name": null, "surface": "concrete", "id": 1429438432}, "geometry": {"type": "LineString", "coordinates": [[77.1162834, 28.5612437], [77.1163046, 28.5612911], [77.1163185, 28.5613235], [77.1163341, 28.5613465], [77.1163599, 28.5613762]]}}, {"type": "Feature", "properties": {"aeroway": "taxiway", "ref": null, "name": null, "surface": "asphalt", "id": 1429438433}, "geometry": {"type": "LineString", "coordinates": [[77.1162997, 28.5613656], [77.116293, 28.5613989], [77.1162802, 28.5614483], [77.1162599, 28.5614885], [77.1162289, 28.5615344], [77.116193, 28.5615745], [77.1161517, 28.5616081], [77.116104, 28.5616355], [77.1160398, 28.561663]]}}, {"type": "Feature", "properties": {"aeroway": "taxiway", "ref": null, "name": null, "surface": "asphalt", "id": 1429438434}, "geometry": {"type": "LineString", "coordinates": [[77.1163599, 28.5613762], [77.1163818, 28.5614005], [77.1164198, 28.5614303], [77.116463, 28.5614564], [77.1165085, 28.5614794], [77.1165634, 28.5614938], [77.1166054, 28.5614999], [77.1166503, 28.5615025], [77.1167328, 28.5615022]]}}, {"type": "Feature", "properties": {"aeroway": "taxiway", "ref": null, "name": null, "surface": "asphalt", "id": 1429438435}, "geometry": {"type": "LineString", "coordinates": [[77.1170652, 28.5602534], [77.1172295, 28.5607867], [77.1172901, 28.5610087]]}}, {"type": "Feature", "properties": {"aeroway": "taxiway", "ref": null, "name": null, "surface": "concrete", "id": 1429438436}, "geometry": {"type": "LineString", "coordinates": [[77.1172901, 28.5610087], [77.1173274, 28.5611299]]}}, {"type": "Feature", "properties": {"aeroway": "taxiway", "ref": null, "name": null, "surface": "concrete", "id": 1429438437}, "geometry": {"type": "LineString", "coordinates": [[77.1173024, 28.5611353], [77.1173052, 28.5610969], [77.117304, 28.5610782], [77.1172901, 28.5610087]]}}, {"type": "Feature", "properties": {"aeroway": "taxiway", "ref": null, "name": null, "surface": "concrete", "id": 1429438438}, "geometry": {"type": "LineString", "coordinates": [[77.11735, 28.5611252], [77.1173303, 28.5610973], [77.1173152, 28.5610653], [77.1172901, 28.5610087]]}}, {"type": "Feature", "properties": {"aeroway": "taxiway", "ref": null, "name": null, "surface": "asphalt", "id": 1429438442}, "geometry": {"type": "LineString", "coordinates": [[77.1173936, 28.5597406], [77.1174801, 28.5597417], [77.1175434, 28.5597441], [77.1176087, 28.5597545], [77.1176744, 28.5597733], [77.1177352, 28.5597966], [77.1177931, 28.5598299], [77.117844, 28.5598605], [77.1178807, 28.559894]]}}, {"type": "Feature", "properties": {"aeroway": "taxiway", "ref": null, "name": null, "surface": "concrete", "id": 1429438443}, "geometry": {"type": "LineString", "coordinates": [[77.1170837, 28.5600467], [77.1170688, 28.5600899], [77.1170615, 28.5601488], [77.11706, 28.5601853], [77.1170652, 28.5602534]]}}, {"type": "Feature", "properties": {"aeroway": "taxiway", "ref": null, "name": null, "surface": "concrete", "id": 1429438444}, "geometry": {"type": "LineString", "coordinates": [[77.1169291, 28.560077], [77.1169628, 28.560107], [77.1169905, 28.560136], [77.1170162, 28.5601665], [77.1170395, 28.5602039], [77.1170652, 28.5602534]]}}, {"type": "Feature", "properties": {"aeroway": "taxiway", "ref": null, "name": null, "surface": "concrete", "id": 1429438445}, "geometry": {"type": "LineString", "coordinates": [[77.1160787, 28.5602721], [77.1160576, 28.5603291], [77.1160522, 28.5603833], [77.1160549, 28.5604327], [77.116057, 28.5604908]]}}, {"type": "Feature", "properties": {"aeroway": "taxiway", "ref": null, "name": null, "surface": "concrete", "id": 1429438446}, "geometry": {"type": "LineString", "coordinates": [[77.1159265, 28.5603161], [77.115966, 28.560353], [77.1159965, 28.5603904], [77.1160251, 28.5604319], [77.116057, 28.5604908]]}}, {"type": "Feature", "properties": {"aeroway": "taxiway", "ref": "D", "name": null, "surface": "asphalt", "id": 1429441127}, "geometry": {"type": "LineString", "coordinates": [[77.1109883, 28.5684833], [77.1107519, 28.5684893], [77.1105409, 28.5684957], [77.110405, 28.5684976], [77.1103202, 28.5684995], [77.109693, 28.5685136], [77.1082289, 28.5685466], [77.099302, 28.56875], [77.0980601, 28.5687763], [77.0977, 28.5687866], [77.0974852, 28.5687881], [77.097299, 28.5687969], [77.0969554, 28.5688034], [77.0952882, 28.5688118], [77.0934793, 28.5688812], [77.0921745, 28.5689121], [77.090426, 28.568954], [77.0903334, 28.5689532]]}}, {"type": "Feature", "properties": {"aeroway": "taxiway", "ref": "E3", "name": null, "surface": "asphalt", "id": 1429441128}, "geometry": {"type": "LineString", "coordinates": [[77.1184321, 28.5678142], [77.1184332, 28.567972]]}}, {"type": "Feature", "properties": {"aeroway": "taxiway", "ref": null, "name": null, "surface": "asphalt", "id": 1429441129}, "geometry": {"type": "LineString", "coordinates": [[77.118434, 28.5681049], [77.1184401, 28.5681303], [77.1184533, 28.5681597], [77.1184736, 28.5681901], [77.1184919, 28.5682133], [77.1185143, 28.5682311], [77.1185407, 28.5682499], [77.11856, 28.5682615], [77.1185834, 28.5682704], [77.118617, 28.568279]]}}, {"type": "Feature", "properties": {"aeroway": "taxiway", "ref": null, "name": null, "surface": "asphalt", "id": 1429441130}, "geometry": {"type": "LineString", "coordinates": [[77.118434, 28.5681049], [77.1184302, 28.5681269], [77.1184209, 28.5681539], [77.1184078, 28.5681817], [77.1183917, 28.568206], [77.1183724, 28.568227], [77.1183524, 28.5682432], [77.1183277, 28.5682581], [77.1183062, 28.5682683], [77.1182861, 28.5682764], [77.1182638, 28.5682825], [77.1182399, 28.5682896]]}}, {"type": "Feature", "properties": {"aeroway": "taxiway", "ref": "E7", "name": null, "surface": "asphalt", "id": 1429441132}, "geometry": {"type": "LineString", "coordinates": [[77.1143577, 28.5678603], [77.1144517, 28.5681974], [77.1144635, 28.5682402], [77.1144776, 28.5682724], [77.1144929, 28.568304], [77.114516, 28.5683331], [77.1145326, 28.5683488], [77.1145509, 28.5683593], [77.114589, 28.5683786], [77.1146235, 28.5683893], [77.1146584, 28.5684008]]}}, {"type": "Feature", "properties": {"aeroway": "taxiway", "ref": "E9", "name": null, "surface": "asphalt", "id": 1429441133}, "geometry": {"type": "LineString", "coordinates": [[77.1138964, 28.5678655], [77.1139308, 28.5679736], [77.1139879, 28.5681844], [77.1139926, 28.5682316], [77.1139903, 28.568251], [77.1139825, 28.5682814], [77.1139634, 28.5683209], [77.1139335, 28.568356], [77.1139008, 28.5683817], [77.1138685, 28.5684041], [77.1138277, 28.5684194]]}}, {"type": "Feature", "properties": {"aeroway": "taxiway", "ref": "E9", "name": null, "surface": "asphalt", "id": 1429441134}, "geometry": {"type": "LineString", "coordinates": [[77.1142513, 28.5684152], [77.1141916, 28.5684104], [77.1141319, 28.5683934], [77.1140756, 28.5683588], [77.1140457, 28.5683286], [77.1140217, 28.568292], [77.1140064, 28.56825], [77.1139981, 28.5682201], [77.1139879, 28.5681844]]}}, {"type": "Feature", "properties": {"aeroway": "taxiway", "ref": "E7", "name": null, "surface": "asphalt", "id": 1429441135}, "geometry": {"type": "LineString", "coordinates": [[77.1144517, 28.5681974], [77.1144481, 28.5682551], [77.1144351, 28.568281], [77.1144112, 28.56832], [77.1143799, 28.5683518], [77.1143406, 28.5683854], [77.1142513, 28.5684152]]}}, {"type": "Feature", "properties": {"aeroway": "taxiway", "ref": "D1", "name": null, "surface": "asphalt", "id": 1429441138}, "geometry": {"type": "LineString", "coordinates": [[77.1179805, 28.5683258], [77.1179581, 28.5683315], [77.1179405, 28.5683364], [77.1179241, 28.5683404], [77.1178987, 28.568349], [77.1178792, 28.5683606], [77.1178558, 28.5683777], [77.1178284, 28.5684076], [77.1177969, 28.5684481], [77.1176787, 28.5686133], [77.117653, 28.5686485], [77.1174787, 28.5688917], [77.1173225, 28.569109], [77.1172538, 28.5692071], [77.1171912, 28.5692871], [77.117121, 28.5693662], [77.1170442, 28.5694501], [77.1169583, 28.569533], [77.1168891, 28.5695977], [77.116768, 28.5697002], [77.1166893, 28.5697608], [77.1166107, 28.5698051], [77.1165285, 28.5698449], [77.1164371, 28.5698754], [77.116373, 28.5698924], [77.1163038, 28.5699048], [77.116208, 28.5699207]]}}, {"type": "Feature", "properties": {"aeroway": "taxiway", "ref": "D1", "name": null, "surface": "asphalt", "id": 1429441139}, "geometry": {"type": "LineString", "coordinates": [[77.1174875, 28.568336], [77.1175396, 28.5683446], [77.1175671, 28.5683554], [77.117595, 28.5683716], [77.1176167, 28.5683879], [77.1176375, 28.5684053], [77.1176594, 28.568429], [77.1176742, 28.5684549], [77.1176848, 28.568487], [77.1176914, 28.5685197], [77.1176925, 28.5685513], [77.1176787, 28.5686133]]}}, {"type": "Feature", "properties": {"aeroway": "taxiway", "ref": "D2", "name": null, "surface": "asphalt", "id": 1429441140}, "geometry": {"type": "LineString", "coordinates": [[77.1163024, 28.5699206], [77.1163038, 28.5699048], [77.1163123, 28.5698039], [77.1163215, 28.5697268], [77.116341, 28.569603], [77.1163586, 28.5695038], [77.1163817, 28.5693326], [77.1164153, 28.5691259], [77.1164555, 28.5688524], [77.1164608, 28.56882], [77.1164782, 28.5687138], [77.1164956, 28.5686076], [77.1165093, 28.568511], [77.1165183, 28.5684869], [77.1165356, 28.5684573], [77.1165552, 28.5684338], [77.1165753, 28.5684121], [77.116595, 28.5683974], [77.1166271, 28.5683791], [77.1166563, 28.5683681], [77.1167023, 28.5683548]]}}, {"type": "Feature", "properties": {"aeroway": "taxiway", "ref": "D2", "name": null, "surface": "asphalt", "id": 1429441141}, "geometry": {"type": "LineString", "coordinates": [[77.1161138, 28.5683683], [77.1161805, 28.568377], [77.1162341, 28.5683907], [77.1162842, 28.5684136], [77.1163245, 28.5684401], [77.1163709, 28.5684748], [77.1164083, 28.5685165], [77.1164389, 28.568564], [77.1164605, 28.5686119], [77.1164713, 28.5686543], [77.1164782, 28.5687138]]}}, {"type": "Feature", "properties": {"aeroway": "taxiway", "ref": "D2", "name": null, "surface": "asphalt", "id": 1429441142}, "geometry": {"type": "LineString", "coordinates": [[77.1163586, 28.5695038], [77.1163339, 28.5695765], [77.1163001, 28.5696464], [77.1162559, 28.5697108], [77.1162055, 28.5697626], [77.1161484, 28.5698094], [77.1160813, 28.569848], [77.1160231, 28.5698771], [77.1159483, 28.5699017], [77.1158705, 28.5699187], [77.115798, 28.569932]]}}, {"type": "Feature", "properties": {"aeroway": "taxiway", "ref": null, "name": null, "surface": "asphalt", "id": 1429441143}, "geometry": {"type": "LineString", "coordinates": [[77.1163024, 28.5699206], [77.1162978, 28.5699606], [77.1162965, 28.5700278], [77.1162965, 28.5701137], [77.1162904, 28.5702134]]}}, {"type": "Feature", "properties": {"aeroway": "taxiway", "ref": null, "name": null, "surface": "asphalt", "id": 1429441144}, "geometry": {"type": "LineString", "coordinates": [[77.1158341, 28.5699308], [77.1159096, 28.5699361], [77.1159571, 28.5699396], [77.1159947, 28.5699454], [77.1160353, 28.5699546], [77.1160779, 28.569968], [77.116116, 28.5699868], [77.1161623, 28.5700167], [77.1161941, 28.5700426], [77.1162203, 28.5700731], [77.1162452, 28.5701068], [77.1162675, 28.5701471], [77.1162836, 28.5701818], [77.1162904, 28.5702134], [77.1162926, 28.5702452], [77.1162844, 28.5702821], [77.1162729, 28.5703217], [77.1162566, 28.5703472], [77.1162358, 28.5703797], [77.1162007, 28.5704217], [77.1161618, 28.5704493], [77.1161055, 28.5704835], [77.1160026, 28.5705415], [77.1159853, 28.5705513]]}}, {"type": "Feature", "properties": {"aeroway": "taxiway", "ref": null, "name": null, "surface": "asphalt", "id": 1429441154}, "geometry": {"type": "LineString", "coordinates": [[77.1080495, 28.5679401], [77.1082289, 28.5685466]]}}, {"type": "Feature", "properties": {"aeroway": "taxiway", "ref": "F", "name": null, "surface": "asphalt", "id": 1429441155}, "geometry": {"type": "LineString", "coordinates": [[77.1123697, 28.567889], [77.1124221, 28.5680879], [77.1124474, 28.5681676], [77.112459, 28.568203], [77.1124762, 28.5682431], [77.1125045, 28.5682896], [77.1125417, 28.5683306], [77.1125821, 28.5683651], [77.1126251, 28.5683928], [77.112676, 28.5684169], [77.1127748, 28.5684414]]}}, {"type": "Feature", "properties": {"aeroway": "taxiway", "ref": "F", "name": null, "surface": "asphalt", "id": 1429441156}, "geometry": {"type": "LineString", "coordinates": [[77.1124221, 28.5680879], [77.1124218, 28.5681281], [77.1124191, 28.5681662], [77.1123979, 28.5682342], [77.1123679, 28.5682933], [77.1123223, 28.5683451], [77.1122768, 28.5683868], [77.1122279, 28.5684117], [77.112177, 28.5684332], [77.112094, 28.5684581]]}}, {"type": "Feature", "properties": {"aeroway": "taxiway", "ref": "F3", "name": null, "surface": "asphalt", "id": 1429441157}, "geometry": {"type": "LineString", "coordinates": [[77.1108373, 28.5679044], [77.1109355, 28.5682447], [77.1109455, 28.5683076], [77.110957, 28.5683493], [77.1109735, 28.5683791], [77.1110017, 28.5684091], [77.1110402, 28.5684444], [77.1110874, 28.5684671], [77.1111518, 28.5684795]]}}, {"type": "Feature", "properties": {"aeroway": "taxiway", "ref": "F3", "name": null, "surface": "asphalt", "id": 1429441158}, "geometry": {"type": "LineString", "coordinates": [[77.1109355, 28.5682447], [77.1109339, 28.568299], [77.1109242, 28.5683428], [77.1109107, 28.5683746], [77.110893, 28.5684035], [77.1108785, 28.5684249], [77.1108454, 28.5684523], [77.1108078, 28.5684706], [77.1107519, 28.5684893]]}}, {"type": "Feature", "properties": {"aeroway": "taxiway", "ref": "F5", "name": null, "surface": "asphalt", "id": 1429441159}, "geometry": {"type": "LineString", "coordinates": [[77.11041, 28.5679132], [77.1105056, 28.5682757], [77.1105081, 28.5683234], [77.1104991, 28.5683611], [77.1104787, 28.5684006], [77.1104506, 28.5684378], [77.110405, 28.5684976]]}}, {"type": "Feature", "properties": {"aeroway": "taxiway", "ref": "F5", "name": null, "surface": "asphalt", "id": 1429441160}, "geometry": {"type": "LineString", "coordinates": [[77.1105056, 28.5682757], [77.1105201, 28.5683149], [77.1105301, 28.568349], [77.1105437, 28.5683806], [77.1105746, 28.5684199], [77.1106189, 28.5684506], [77.1106596, 28.5684747], [77.1107519, 28.5684893]]}}, {"type": "Feature", "properties": {"aeroway": "taxiway", "ref": "D3", "name": null, "surface": "asphalt", "id": 1429441165}, "geometry": {"type": "LineString", "coordinates": [[77.110405, 28.5684976], [77.1103287, 28.5686035], [77.1100437, 28.5689992], [77.1099162, 28.569178], [77.1098198, 28.5693108], [77.1095827, 28.5696454], [77.1092779, 28.5700726]]}}, {"type": "Feature", "properties": {"aeroway": "taxiway", "ref": null, "name": null, "surface": "asphalt", "id": 1429441166}, "geometry": {"type": "LineString", "coordinates": [[77.109693, 28.5685136], [77.1098104, 28.568531], [77.1098713, 28.5685584], [77.1099283, 28.5685852], [77.1099796, 28.5686303], [77.1100138, 28.5686722], [77.1100468, 28.5687306], [77.1100658, 28.5687791], [77.110072, 28.5688319], [77.1100737, 28.5688833], [77.1100636, 28.568934], [77.1100437, 28.5689992]]}}, {"type": "Feature", "properties": {"aeroway": "taxiway", "ref": "D3", "name": null, "surface": "asphalt", "id": 1429441167}, "geometry": {"type": "LineString", "coordinates": [[77.1095827, 28.5696454], [77.1095542, 28.5696956], [77.1095411, 28.5697334], [77.109538, 28.5697767], [77.1095372, 28.5698146], [77.1095441, 28.5698511], [77.1095588, 28.5698904], [77.1095803, 28.5699289], [77.1096065, 28.5699627], [77.109652, 28.5699999], [77.1096889, 28.5700216], [77.1097282, 28.57004], [77.1098583, 28.5700659]]}}, {"type": "Feature", "properties": {"aeroway": "taxiway", "ref": "D3", "name": null, "surface": "asphalt", "id": 1429441168}, "geometry": {"type": "LineString", "coordinates": [[77.1098198, 28.5693108], [77.1097417, 28.5693935], [77.10966, 28.5694738], [77.1095867, 28.569544], [77.1094999, 28.569613], [77.1094023, 28.569686], [77.1093145, 28.5697424], [77.1091997, 28.5698101], [77.1090648, 28.5698776], [77.1088951, 28.5699496], [77.1087638, 28.5699931], [77.1086629, 28.5700212], [77.1085607, 28.5700441], [77.1084341, 28.5700666], [77.108234, 28.5700906]]}}, {"type": "Feature", "properties": {"aeroway": "taxiway", "ref": null, "name": null, "surface": "concrete", "id": 1429441169}, "geometry": {"type": "LineString", "coordinates": [[77.1178807, 28.559894], [77.1179119, 28.5599255], [77.1179363, 28.5599576], [77.1179546, 28.5599861], [77.1179668, 28.5600102], [77.1179835, 28.5600432]]}}, {"type": "Feature", "properties": {"aeroway": "taxiway", "ref": null, "name": null, "surface": "asphalt", "id": 1429441170}, "geometry": {"type": "LineString", "coordinates": [[77.1178736, 28.5596331], [77.1179347, 28.559847]]}}, {"type": "Feature", "properties": {"aeroway": "taxiway", "ref": null, "name": null, "surface": "asphalt", "id": 1429441171}, "geometry": {"type": "LineString", "coordinates": [[77.1170837, 28.5600467], [77.1171051, 28.5600024], [77.1171238, 28.5599633], [77.1171537, 28.5599201], [77.1171809, 28.5598894], [77.1172111, 28.55986], [77.1172437, 28.5598314], [77.1172893, 28.5597999], [77.1173447, 28.5597728], [77.1173936, 28.5597406]]}}, {"type": "Feature", "properties": {"aeroway": "taxiway", "ref": null, "name": null, "surface": "asphalt", "id": 1429441172}, "geometry": {"type": "LineString", "coordinates": [[77.1169291, 28.560077], [77.1168924, 28.5600488], [77.1168407, 28.560018], [77.1167849, 28.5599897], [77.1167305, 28.5599747], [77.1166773, 28.5599616], [77.1166058, 28.559955], [77.1165482, 28.5599534], [77.1164946, 28.5599599], [77.1164437, 28.5599702]]}}, {"type": "Feature", "properties": {"aeroway": "taxiway", "ref": null, "name": null, "surface": "asphalt", "id": 1429441173}, "geometry": {"type": "LineString", "coordinates": [[77.1164437, 28.5599702], [77.1163529, 28.5599946], [77.1162799, 28.5600316], [77.1162109, 28.5600866], [77.1161559, 28.5601398], [77.1161155, 28.5601981], [77.1160787, 28.5602721]]}}, {"type": "Feature", "properties": {"aeroway": "taxiway", "ref": null, "name": null, "surface": "asphalt", "id": 1429441174}, "geometry": {"type": "LineString", "coordinates": [[77.1159265, 28.5603161], [77.1158749, 28.5602743], [77.1158072, 28.5602336], [77.11572, 28.5602032], [77.1156365, 28.560187], [77.1155617, 28.5601874], [77.1154872, 28.5601909], [77.1154144, 28.5601978]]}}, {"type": "Feature", "properties": {"aeroway": "taxiway", "ref": null, "name": null, "surface": "asphalt", "id": 1429441640}, "geometry": {"type": "LineString", "coordinates": [[77.1069796, 28.5641321], [77.106874, 28.5637774]]}}, {"type": "Feature", "properties": {"aeroway": "taxiway", "ref": null, "name": null, "surface": "asphalt", "id": 1429441641}, "geometry": {"type": "LineString", "coordinates": [[77.110684, 28.5625004], [77.1107253, 28.5625203], [77.1107669, 28.5625419], [77.1108085, 28.5625717], [77.1108485, 28.5626055], [77.1108794, 28.5626434], [77.110904, 28.562684], [77.1109194, 28.5627259], [77.1109438, 28.5628371]]}}, {"type": "Feature", "properties": {"aeroway": "taxiway", "ref": "F", "name": null, "surface": "asphalt", "id": 1429441642}, "geometry": {"type": "LineString", "coordinates": [[77.1112615, 28.5627649], [77.111213, 28.5627902], [77.1111858, 28.5628078], [77.1111457, 28.5628342], [77.111113, 28.5628649], [77.1110819, 28.5629026], [77.1110586, 28.5629413], [77.1110442, 28.5629804], [77.1110295, 28.5630171], [77.1110268, 28.5630536], [77.1110211, 28.5631206]]}}, {"type": "Feature", "properties": {"aeroway": "taxiway", "ref": "F", "name": null, "surface": "asphalt", "id": 1429441643}, "geometry": {"type": "LineString", "coordinates": [[77.1110211, 28.5631206], [77.1109958, 28.5630837], [77.1109733, 28.5630523], [77.1109367, 28.5630154], [77.1109002, 28.5629859], [77.1108511, 28.5629581], [77.1107988, 28.5629388], [77.1107504, 28.5629234], [77.1107066, 28.5629175], [77.1106501, 28.5629148], [77.1105846, 28.5629201]]}}, {"type": "Feature", "properties": {"aeroway": "taxiway", "ref": null, "name": null, "surface": "asphalt", "id": 1429441644}, "geometry": {"type": "LineString", "coordinates": [[77.1067513, 28.5621956], [77.1069856, 28.5621614], [77.1071383, 28.5621365], [77.1072827, 28.5621194], [77.1074583, 28.5620978], [77.1076477, 28.5620825], [77.1078636, 28.562072], [77.108093, 28.5620691], [77.1083047, 28.562075], [77.108526, 28.5620868], [77.1087968, 28.5621164], [77.1090803, 28.5621574], [77.1093111, 28.5621955], [77.1097219, 28.5622918], [77.1100881, 28.5623825], [77.110684, 28.5625004], [77.1110195, 28.5625823], [77.1111223, 28.5626049], [77.1112229, 28.5626214], [77.1113329, 28.562632], [77.1114375, 28.5626367], [77.1115327, 28.5626367], [77.1116253, 28.562632], [77.1117071, 28.5626261], [77.1118064, 28.5626381]]}}, {"type": "Feature", "properties": {"aeroway": "taxiway", "ref": null, "name": null, "surface": "asphalt", "id": 1429441645}, "geometry": {"type": "LineString", "coordinates": [[77.1100881, 28.5623825], [77.1101764, 28.5624188], [77.110221, 28.5624501], [77.1102627, 28.5624885], [77.1102982, 28.5625279], [77.1103239, 28.5625721], [77.1103499, 28.5626402], [77.1103554, 28.5626895], [77.1103556, 28.5627296], [77.1103508, 28.5627696], [77.1103335, 28.5628197], [77.1103131, 28.5628647], [77.1102811, 28.5629095], [77.1102423, 28.5629503], [77.1101968, 28.5629837], [77.1101488, 28.5630092], [77.1100867, 28.5630351]]}}, {"type": "Feature", "properties": {"aeroway": "taxiway", "ref": null, "name": null, "surface": "asphalt", "id": 1429441646}, "geometry": {"type": "LineString", "coordinates": [[77.1023494, 28.5632138], [77.1026407, 28.563163], [77.1028973, 28.5631257], [77.1031583, 28.56309], [77.1033513, 28.5630745], [77.1035682, 28.563069], [77.1037816, 28.5630625], [77.1040232, 28.5630747], [77.1042386, 28.5630882], [77.1044304, 28.5631049], [77.1046716, 28.5631376], [77.1048587, 28.563169], [77.105087, 28.5632143], [77.1054364, 28.5633006], [77.1057906, 28.5633869], [77.1059546, 28.5634223], [77.1060356, 28.5634453], [77.1065761, 28.5635747], [77.1067257, 28.5636099], [77.1068791, 28.5636375], [77.1070207, 28.5636515], [77.1071356, 28.5636543], [77.1072482, 28.5636533], [77.1073544, 28.5636485], [77.1074706, 28.5636395]]}}, {"type": "Feature", "properties": {"aeroway": "taxiway", "ref": null, "name": null, "surface": "asphalt", "id": 1429441647}, "geometry": {"type": "LineString", "coordinates": [[77.1057906, 28.5633869], [77.1058712, 28.5634231], [77.1059337, 28.5634734], [77.1059709, 28.5635179], [77.1060091, 28.5635812], [77.1060332, 28.563648], [77.1060332, 28.563718], [77.1060237, 28.5637817], [77.1060024, 28.5638392], [77.1059663, 28.5638982], [77.105922, 28.5639448], [77.1058749, 28.563981], [77.1058034, 28.5640204]]}}, {"type": "Feature", "properties": {"aeroway": "taxiway", "ref": null, "name": null, "surface": null, "id": 1429449874}, "geometry": {"type": "LineString", "coordinates": [[77.1060287, 28.5763164], [77.1057264, 28.57574], [77.105705, 28.5756943], [77.1056842, 28.5756398], [77.1056666, 28.5755557], [77.1056429, 28.5753147], [77.1056385, 28.5752695], [77.1056442, 28.5752266], [77.1056589, 28.5751745], [77.1056746, 28.5751308], [77.1056999, 28.5750974], [77.1057331, 28.5750535], [77.1058414, 28.574904], [77.1060626, 28.5745914], [77.1061496, 28.5744713], [77.1063379, 28.5742036]]}}, {"type": "Feature", "properties": {"aeroway": "taxiway", "ref": null, "name": null, "surface": "asphalt", "id": 1429449875}, "geometry": {"type": "LineString", "coordinates": [[77.1092779, 28.5700726], [77.1090268, 28.5704336], [77.1089895, 28.5704867], [77.1086279, 28.5709936], [77.1077848, 28.5721724], [77.1077104, 28.5722781]]}}, {"type": "Feature", "properties": {"aeroway": "taxiway", "ref": null, "name": null, "surface": "asphalt", "id": 1429449876}, "geometry": {"type": "LineString", "coordinates": [[77.108703, 28.5700838], [77.1087578, 28.5701007], [77.108814, 28.5701194], [77.1088592, 28.5701425], [77.1088975, 28.5701734], [77.1089315, 28.570205], [77.1089599, 28.5702412], [77.1089834, 28.5702771], [77.1089976, 28.5703152], [77.1090043, 28.5703551], [77.1090029, 28.5704068], [77.1089895, 28.5704867]]}}, {"type": "Feature", "properties": {"aeroway": "taxiway", "ref": null, "name": null, "surface": "asphalt", "id": 1429449877}, "geometry": {"type": "LineString", "coordinates": [[77.1096619, 28.5700682], [77.1096115, 28.5700744], [77.1095507, 28.5700799], [77.1094959, 28.5700877], [77.1094541, 28.5700963], [77.1094114, 28.5701113], [77.1093755, 28.5701247], [77.1093405, 28.5701421], [77.1092992, 28.5701653], [77.1092622, 28.5701925], [77.1092322, 28.5702176], [77.1092047, 28.5702461], [77.1091676, 28.5702827], [77.1091281, 28.5703254], [77.1090835, 28.5703753], [77.1090268, 28.5704336]]}}, {"type": "Feature", "properties": {"aeroway": "taxiway", "ref": null, "name": null, "surface": "concrete", "id": 1429449878}, "geometry": {"type": "LineString", "coordinates": [[77.1077104, 28.5722781], [77.1072391, 28.5729432], [77.1070942, 28.573143]]}}, {"type": "Feature", "properties": {"aeroway": "taxiway", "ref": null, "name": null, "surface": "asphalt", "id": 1429449880}, "geometry": {"type": "LineString", "coordinates": [[77.1077848, 28.5721724], [77.1077663, 28.5722016], [77.1077645, 28.5722336], [77.1077612, 28.5723065]]}}, {"type": "Feature", "properties": {"aeroway": "taxiway", "ref": null, "name": null, "surface": "concrete", "id": 1429449881}, "geometry": {"type": "LineString", "coordinates": [[77.1114801, 28.5730149], [77.1113852, 28.5729984], [77.1109709, 28.5729258], [77.1108523, 28.5729116], [77.1107414, 28.5729091], [77.1081066, 28.5727681], [77.1078152, 28.5727507], [77.107716, 28.5727499], [77.1076336, 28.5727648], [77.1075342, 28.5727917], [77.1074443, 28.5728256], [77.1073551, 28.5728632], [77.1072937, 28.572899], [77.1072391, 28.5729432]]}}, {"type": "Feature", "properties": {"aeroway": "taxiway", "ref": null, "name": null, "surface": "concrete", "id": 1429449882}, "geometry": {"type": "LineString", "coordinates": [[77.1077612, 28.5723065], [77.1077643, 28.5723427], [77.1077705, 28.5723886], [77.1077895, 28.5724391], [77.1078161, 28.5725005], [77.107865, 28.5725685], [77.1079279, 28.5726332], [77.1079875, 28.5726873], [77.1080471, 28.5727278], [77.1081066, 28.5727681]]}}, {"type": "Feature", "properties": {"aeroway": "taxiway", "ref": null, "name": null, "surface": "asphalt", "id": 1429449890}, "geometry": {"type": "LineString", "coordinates": [[77.1070942, 28.573143], [77.1063607, 28.5741739], [77.1063379, 28.5742036]]}}, {"type": "Feature", "properties": {"aeroway": "taxiway", "ref": null, "name": null, "surface": null, "id": 1429449936}, "geometry": {"type": "LineString", "coordinates": [[77.0968175, 28.5680882], [77.0916807, 28.5682177], [77.0909728, 28.5682356]]}}, {"type": "Feature", "properties": {"aeroway": "apron", "ref": null, "name": null, "surface": "concrete:plates", "id": 1429459819}, "geometry": {"type": "Polygon", "coordinates": [[[77.1175842, 28.5563165], [77.1171185, 28.5564171], [77.1169269, 28.5564598], [77.116751, 28.5564999], [77.1166493, 28.5565254], [77.1166167, 28.5564178], [77.1166857, 28.5564018], [77.1164847, 28.5557321], [77.1167034, 28.5556814], [77.1167402, 28.5556729], [77.1168688, 28.5556431], [77.1173598, 28.5555294], [77.1175712, 28.5562665], [77.1175842, 28.5563165]]]}}, {"type": "Feature", "properties": {"aeroway": "hangar", "ref": null, "name": null, "surface": null, "id": 1429459820}, "geometry": {"type": "Polygon", "coordinates": [[[77.1173598, 28.5555294], [77.1171913, 28.5549611], [77.1166904, 28.5550769], [77.1168688, 28.5556431], [77.1173598, 28.5555294]]]}}, {"type": "Feature", "properties": {"aeroway": "taxiway", "ref": null, "name": null, "surface": "concrete", "id": 1429459826}, "geometry": {"type": "LineString", "coordinates": [[77.116709, 28.5556973], [77.1169269, 28.5564598]]}}, {"type": "Feature", "properties": {"aeroway": "taxiway", "ref": null, "name": null, "surface": "concrete", "id": 1429459830}, "geometry": {"type": "LineString", "coordinates": [[77.1191167, 28.5561078], [77.1182733, 28.5532304]]}}, {"type": "Feature", "properties": {"aeroway": "apron", "ref": null, "name": null, "surface": "concrete:plates", "id": 1429459832}, "geometry": {"type": "Polygon", "coordinates": [[[77.1185595, 28.5527419], [77.1191622, 28.5547806], [77.1191783, 28.5548112], [77.1191997, 28.5548324], [77.1192333, 28.5548478], [77.1192668, 28.5548478], [77.1195162, 28.5547865], [77.1198258, 28.5558247], [77.119376, 28.5559289], [77.1193467, 28.5559397], [77.1193236, 28.5559532], [77.1192943, 28.5559776], [77.1192666, 28.5560114], [77.1192426, 28.5560788], [77.1191167, 28.5561078], [77.118999, 28.5561349], [77.1189531, 28.5561048], [77.1189121, 28.5560894], [77.1188661, 28.5560771], [77.1188115, 28.5560702], [77.1187642, 28.5560815], [77.1182688, 28.556197], [77.1177966, 28.5545695], [77.1177597, 28.5545779], [77.1176975, 28.5543731], [77.1181137, 28.5542768], [77.1180782, 28.5541585], [77.1180963, 28.5541551], [77.1180533, 28.5540263], [77.1180344, 28.5539795], [77.1177694, 28.5531509], [77.1177653, 28.553137], [77.1177607, 28.5531247], [77.1177486, 28.5530866], [77.1177452, 28.5530751], [77.1177057, 28.552953], [77.1185595, 28.5527419]]]}}, {"type": "Feature", "properties": {"aeroway": "hangar", "ref": null, "name": null, "surface": null, "id": 1429459833}, "geometry": {"type": "Polygon", "coordinates": [[[77.1180344, 28.5539795], [77.1172392, 28.5541759], [77.116974, 28.5533473], [77.1177694, 28.5531509], [77.1180344, 28.5539795]]]}}, {"type": "Feature", "properties": {"aeroway": "taxiway", "ref": null, "name": null, "surface": "concrete", "id": 1429459865}, "geometry": {"type": "LineString", "coordinates": [[77.1191167, 28.5561078], [77.1191723, 28.5563097], [77.1191902, 28.5563519], [77.119346, 28.5568688], [77.1193839, 28.5569951], [77.1194328, 28.5571548]]}}, {"type": "Feature", "properties": {"aeroway": "taxiway", "ref": null, "name": null, "surface": "concrete", "id": 1429459866}, "geometry": {"type": "LineString", "coordinates": [[77.1188515, 28.5566525], [77.1172965, 28.5570123], [77.1169305, 28.5570942], [77.116442, 28.5572097], [77.1155865, 28.5574101], [77.1151715, 28.5575035], [77.1147648, 28.5575964], [77.1146637, 28.5576204], [77.1142696, 28.5577102]]}}, {"type": "Feature", "properties": {"aeroway": "taxiway", "ref": null, "name": null, "surface": "asphalt", "id": 1429459867}, "geometry": {"type": "LineString", "coordinates": [[77.1169269, 28.5564598], [77.1169465, 28.5565226], [77.1169587, 28.5565662], [77.1170476, 28.5568676]]}}, {"type": "Feature", "properties": {"aeroway": "taxiway", "ref": null, "name": null, "surface": "asphalt", "id": 1429459868}, "geometry": {"type": "LineString", "coordinates": [[77.1170476, 28.5568676], [77.1170526, 28.556897], [77.1170509, 28.5569344], [77.1170447, 28.5569672], [77.1170309, 28.5570031], [77.1170099, 28.5570325], [77.1169834, 28.557058], [77.1169565, 28.5570761], [77.1169305, 28.5570942]]}}, {"type": "Feature", "properties": {"aeroway": "taxiway", "ref": null, "name": null, "surface": "asphalt", "id": 1429459869}, "geometry": {"type": "LineString", "coordinates": [[77.1170476, 28.5568676], [77.1170666, 28.5569077], [77.1170869, 28.556936], [77.117109, 28.556958], [77.1171353, 28.5569751], [77.1171625, 28.5569881], [77.1171893, 28.5570001], [77.1172198, 28.5570081], [77.1172472, 28.5570125], [77.1172692, 28.5570132], [77.1172965, 28.5570123]]}}, {"type": "Feature", "properties": {"aeroway": "taxiway", "ref": null, "name": null, "surface": "asphalt", "id": 1429459870}, "geometry": {"type": "LineString", "coordinates": [[77.1191429, 28.5565261], [77.1191171, 28.5565507], [77.11908, 28.5565803], [77.1190366, 28.5566042], [77.1189859, 28.5566199], [77.1189485, 28.5566275], [77.1189077, 28.5566368], [77.1188515, 28.5566525]]}}, {"type": "Feature", "properties": {"aeroway": "taxiway", "ref": null, "name": null, "surface": "concrete", "id": 1429459871}, "geometry": {"type": "LineString", "coordinates": [[77.1191902, 28.5563519], [77.119188, 28.5563856], [77.1191869, 28.5564103], [77.1191822, 28.5564356], [77.1191759, 28.5564577], [77.1191684, 28.5564805], [77.119154, 28.5565051], [77.1191429, 28.5565261]]}}, {"type": "Feature", "properties": {"aeroway": "taxiway", "ref": null, "name": null, "surface": "asphalt", "id": 1429459872}, "geometry": {"type": "LineString", "coordinates": [[77.1191738, 28.5567223], [77.1191485, 28.5567052], [77.1191154, 28.5566915], [77.1190763, 28.5566762], [77.1190312, 28.5566652], [77.1189948, 28.5566572], [77.1189538, 28.5566512], [77.118911, 28.5566486], [77.1188515, 28.5566525]]}}, {"type": "Feature", "properties": {"aeroway": "taxiway", "ref": null, "name": null, "surface": "concrete", "id": 1429459873}, "geometry": {"type": "LineString", "coordinates": [[77.119346, 28.5568688], [77.1193155, 28.5568244], [77.1192916, 28.5568055], [77.1192699, 28.5567855], [77.1192372, 28.5567623], [77.1192044, 28.556737], [77.1191738, 28.5567223]]}}, {"type": "Feature", "properties": {"aeroway": "taxiway", "ref": null, "name": null, "surface": "asphalt", "id": 1429459883}, "geometry": {"type": "LineString", "coordinates": [[77.1201638, 28.5571986], [77.11989, 28.557262], [77.1194852, 28.5573544], [77.1190581, 28.5574543], [77.1177172, 28.5577655], [77.1169989, 28.5579289], [77.1167741, 28.557984], [77.116333, 28.5580825], [77.1158294, 28.5581988], [77.1154042, 28.558302], [77.1150015, 28.5583888], [77.1148825, 28.558417], [77.1146201, 28.558478], [77.1145163, 28.5585039], [77.1141207, 28.558591]]}}, {"type": "Feature", "properties": {"aeroway": "taxiway", "ref": null, "name": null, "surface": "asphalt", "id": 1429459884}, "geometry": {"type": "LineString", "coordinates": [[77.1194328, 28.5571548], [77.1194852, 28.5573544]]}}, {"type": "Feature", "properties": {"aeroway": "taxiway", "ref": null, "name": null, "surface": "asphalt", "id": 1429459885}, "geometry": {"type": "LineString", "coordinates": [[77.1193542, 28.5571719], [77.1193488, 28.557206], [77.1193277, 28.5572532], [77.1192928, 28.5573027], [77.1192534, 28.5573442], [77.1192163, 28.5573762], [77.1191784, 28.5574021], [77.1191156, 28.557432], [77.1190581, 28.5574543]]}}, {"type": "Feature", "properties": {"aeroway": "taxiway", "ref": null, "name": null, "surface": "concrete", "id": 1429459886}, "geometry": {"type": "LineString", "coordinates": [[77.1193839, 28.5569951], [77.1193815, 28.5570599], [77.1193716, 28.5571169], [77.1193542, 28.5571719]]}}, {"type": "Feature", "properties": {"aeroway": "taxiway", "ref": null, "name": null, "surface": "asphalt", "id": 1429459887}, "geometry": {"type": "LineString", "coordinates": [[77.1194842, 28.5571416], [77.1195197, 28.5571682], [77.1195574, 28.5571952], [77.1196308, 28.5572288], [77.1196873, 28.5572469], [77.1197547, 28.5572579], [77.1198082, 28.5572638], [77.11989, 28.557262]]}}, {"type": "Feature", "properties": {"aeroway": "taxiway", "ref": null, "name": null, "surface": "concrete", "id": 1429459888}, "geometry": {"type": "LineString", "coordinates": [[77.1193839, 28.5569951], [77.1194126, 28.5570522], [77.1194388, 28.5570904], [77.1194633, 28.557118], [77.1194842, 28.5571416]]}}, {"type": "Feature", "properties": {"aeroway": "taxiway", "ref": null, "name": null, "surface": "concrete", "id": 1429459889}, "geometry": {"type": "LineString", "coordinates": [[77.1201638, 28.5571986], [77.12139, 28.5568929], [77.1214779, 28.5568745], [77.1215315, 28.5568693], [77.1216031, 28.5568732], [77.1217088, 28.5568915], [77.1217789, 28.5569151], [77.1218534, 28.556957], [77.1219145, 28.5570028], [77.1219651, 28.5570577], [77.1219994, 28.5571127], [77.1220292, 28.5571755], [77.122053, 28.5572593], [77.1221528, 28.5575953], [77.122306, 28.5581113], [77.1223183, 28.5581614], [77.1223242, 28.5582098], [77.1223202, 28.5582719], [77.1223084, 28.5583376], [77.1222868, 28.5584049], [77.1222554, 28.5584653], [77.122216, 28.5585102], [77.1221669, 28.5585569], [77.1221113, 28.5586013], [77.1220518, 28.5586399], [77.1219841, 28.5586842]]}}, {"type": "Feature", "properties": {"aeroway": "taxiway", "ref": null, "name": null, "surface": "concrete", "id": 1429459891}, "geometry": {"type": "LineString", "coordinates": [[77.1174313, 28.5581299], [77.1175894, 28.5586917], [77.1177294, 28.5591894]]}}, {"type": "Feature", "properties": {"aeroway": "taxiway", "ref": null, "name": null, "surface": "asphalt", "id": 1429459892}, "geometry": {"type": "LineString", "coordinates": [[77.1177294, 28.5591894], [77.1178736, 28.5596331]]}}, {"type": "Feature", "properties": {"aeroway": "taxiway", "ref": null, "name": null, "surface": "asphalt", "id": 1429459893}, "geometry": {"type": "LineString", "coordinates": [[77.1177294, 28.5591894], [77.1177277, 28.5592713], [77.1177096, 28.5593507], [77.1176962, 28.5594102], [77.1176775, 28.5594558], [77.117649, 28.5595051], [77.1176008, 28.5595697], [77.1175456, 28.5596267], [77.1174719, 28.5596801], [77.1173936, 28.5597406]]}}, {"type": "Feature", "properties": {"aeroway": "taxiway", "ref": null, "name": null, "surface": "asphalt", "id": 1429459894}, "geometry": {"type": "LineString", "coordinates": [[77.1177172, 28.5577655], [77.1176384, 28.5577959], [77.117583, 28.5578194], [77.1175385, 28.557848], [77.1175035, 28.5578809], [77.1174779, 28.5579108]]}}, {"type": "Feature", "properties": {"aeroway": "taxiway", "ref": null, "name": null, "surface": "asphalt", "id": 1429459895}, "geometry": {"type": "LineString", "coordinates": [[77.1172473, 28.5579701], [77.1172058, 28.5579516], [77.1171632, 28.5579392], [77.1171123, 28.5579332], [77.1170607, 28.5579284], [77.1169989, 28.5579289]]}}, {"type": "Feature", "properties": {"aeroway": "taxiway", "ref": null, "name": null, "surface": "concrete", "id": 1429459896}, "geometry": {"type": "LineString", "coordinates": [[77.1174313, 28.5581299], [77.1174059, 28.5580879], [77.1173619, 28.5580475], [77.1173286, 28.558016], [77.1172921, 28.5579921], [77.1172473, 28.5579701]]}}, {"type": "Feature", "properties": {"aeroway": "taxiway", "ref": null, "name": null, "surface": "concrete", "id": 1429459897}, "geometry": {"type": "LineString", "coordinates": [[77.1174779, 28.5579108], [77.1174463, 28.5579616], [77.1174284, 28.5580067], [77.1174233, 28.5580488], [77.117425, 28.5580863], [77.1174313, 28.5581299]]}}, {"type": "Feature", "properties": {"aeroway": "taxiway", "ref": null, "name": null, "surface": "asphalt", "id": 1429464133}, "geometry": {"type": "LineString", "coordinates": [[77.1150301, 28.5570161], [77.1150657, 28.5571477], [77.1151715, 28.5575035], [77.1152726, 28.5578455], [77.1152966, 28.5579296], [77.1154042, 28.558302]]}}, {"type": "Feature", "properties": {"aeroway": "taxiway", "ref": null, "name": null, "surface": "asphalt", "id": 1429464134}, "geometry": {"type": "LineString", "coordinates": [[77.1142696, 28.5577102], [77.1143746, 28.5580612], [77.1143959, 28.5581383], [77.1144277, 28.5582401], [77.114452, 28.5583049], [77.1144785, 28.5583496], [77.1145161, 28.5583986], [77.1145538, 28.5584379], [77.1146201, 28.558478]]}}, {"type": "Feature", "properties": {"aeroway": "taxiway", "ref": null, "name": null, "surface": "asphalt", "id": 1429464135}, "geometry": {"type": "LineString", "coordinates": [[77.1143959, 28.5581383], [77.1144051, 28.5582015], [77.1143917, 28.5582933], [77.1143683, 28.5583716], [77.1143191, 28.5584494], [77.1142579, 28.5585073], [77.1141967, 28.5585537], [77.1141207, 28.558591]]}}, {"type": "Feature", "properties": {"aeroway": "taxiway", "ref": null, "name": null, "surface": "asphalt", "id": 1429464136}, "geometry": {"type": "LineString", "coordinates": [[77.1143746, 28.5580612], [77.1143241, 28.5579794], [77.1142762, 28.5579279], [77.1142167, 28.5578811], [77.1141522, 28.5578464], [77.1140748, 28.5578178], [77.1140148, 28.5578064], [77.1139523, 28.5578028], [77.1138759, 28.5578026]]}}, {"type": "Feature", "properties": {"aeroway": "taxiway", "ref": null, "name": null, "surface": "asphalt", "id": 1429464137}, "geometry": {"type": "LineString", "coordinates": [[77.1141646, 28.5573549], [77.1141673, 28.5574022], [77.1141605, 28.5574781], [77.1141443, 28.5575457], [77.1141123, 28.5576124], [77.1140687, 28.5576694], [77.1140132, 28.5577226], [77.1139504, 28.5577652], [77.1138759, 28.5578026]]}}, {"type": "Feature", "properties": {"aeroway": "taxiway", "ref": null, "name": null, "surface": "asphalt", "id": 1429464138}, "geometry": {"type": "LineString", "coordinates": [[77.1141646, 28.5573549], [77.1142005, 28.557414], [77.114241, 28.5574685], [77.1142999, 28.5575223], [77.1143705, 28.5575663], [77.1144521, 28.5575993], [77.1145254, 28.557617], [77.1145942, 28.5576211], [77.1146637, 28.5576204]]}}, {"type": "Feature", "properties": {"aeroway": "taxiway", "ref": null, "name": null, "surface": "asphalt", "id": 1429464139}, "geometry": {"type": "LineString", "coordinates": [[77.1146637, 28.5576204], [77.1145958, 28.5576548], [77.1145366, 28.5576935], [77.1144872, 28.557735], [77.1144443, 28.5577876], [77.1144062, 28.557855], [77.1143865, 28.5579038], [77.1143763, 28.5579547], [77.1143746, 28.5580612]]}}, {"type": "Feature", "properties": {"aeroway": "taxiway", "ref": null, "name": null, "surface": "asphalt", "id": 1429464140}, "geometry": {"type": "LineString", "coordinates": [[77.1143959, 28.5581383], [77.114428, 28.5582], [77.1144522, 28.5582379], [77.1144936, 28.5582827], [77.114555, 28.5583311], [77.1146065, 28.5583597], [77.1146584, 28.5583835], [77.1147185, 28.5584002], [77.1147735, 28.5584083], [77.1148293, 28.5584119], [77.1148825, 28.558417]]}}, {"type": "Feature", "properties": {"aeroway": "taxiway", "ref": null, "name": null, "surface": "asphalt", "id": 1429464141}, "geometry": {"type": "LineString", "coordinates": [[77.1150657, 28.5571477], [77.1150701, 28.5572171], [77.1150585, 28.5572827], [77.1150398, 28.5573443], [77.1150069, 28.5574155], [77.1149588, 28.5574764], [77.114893, 28.5575314], [77.1148263, 28.5575689], [77.1147648, 28.5575964]]}}, {"type": "Feature", "properties": {"aeroway": "taxiway", "ref": null, "name": null, "surface": "asphalt", "id": 1429464143}, "geometry": {"type": "LineString", "coordinates": [[77.1150657, 28.5571477], [77.1151004, 28.5572088], [77.1151402, 28.5572608], [77.1151803, 28.5572984], [77.1152298, 28.5573354], [77.1152936, 28.5573703], [77.1153601, 28.5573935], [77.1154367, 28.5574098], [77.1155, 28.5574105], [77.1155865, 28.5574101]]}}, {"type": "Feature", "properties": {"aeroway": "taxiway", "ref": null, "name": null, "surface": "asphalt", "id": 1429464144}, "geometry": {"type": "LineString", "coordinates": [[77.1155865, 28.5574101], [77.1155089, 28.5574385], [77.1154631, 28.5574672], [77.1154115, 28.5575071], [77.115355, 28.5575665], [77.1153181, 28.5576222], [77.1152931, 28.5576817], [77.1152794, 28.5577397], [77.1152726, 28.5578455]]}}, {"type": "Feature", "properties": {"aeroway": "taxiway", "ref": null, "name": null, "surface": "asphalt", "id": 1429464145}, "geometry": {"type": "LineString", "coordinates": [[77.1147648, 28.5575964], [77.1148436, 28.557595], [77.1149022, 28.5575964], [77.1149552, 28.5576053], [77.1150107, 28.5576227], [77.1150639, 28.5576438], [77.1151116, 28.5576707], [77.1151503, 28.5576982], [77.115191, 28.557734], [77.1152251, 28.5577709], [77.1152726, 28.5578455]]}}, {"type": "Feature", "properties": {"aeroway": "taxiway", "ref": null, "name": null, "surface": "asphalt", "id": 1429464146}, "geometry": {"type": "LineString", "coordinates": [[77.1152966, 28.5579296], [77.1153035, 28.5579954], [77.1152933, 28.5580704], [77.1152737, 28.5581566], [77.1152194, 28.5582372], [77.1151579, 28.5583011], [77.1150959, 28.5583447], [77.1150015, 28.5583888]]}}, {"type": "Feature", "properties": {"aeroway": "taxiway", "ref": null, "name": null, "surface": "asphalt", "id": 1429464147}, "geometry": {"type": "LineString", "coordinates": [[77.1152966, 28.5579296], [77.1153349, 28.5579959], [77.1153803, 28.5580627], [77.1154352, 28.5581056], [77.1154947, 28.5581454], [77.1155572, 28.5581727], [77.1156168, 28.5581929], [77.1156866, 28.5581995], [77.1157431, 28.558203], [77.1158294, 28.5581988]]}}, {"type": "Feature", "properties": {"aeroway": "taxiway", "ref": null, "name": null, "surface": "asphalt", "id": 1429464148}, "geometry": {"type": "LineString", "coordinates": [[77.1138876, 28.5601146], [77.113752, 28.5602102], [77.113575, 28.5603202], [77.1133943, 28.5604223], [77.1131862, 28.5605315], [77.113038, 28.5606034], [77.1128925, 28.5606698], [77.1127355, 28.5607357], [77.1126087, 28.5607832], [77.112453, 28.5608405], [77.1123231, 28.5608837], [77.1121805, 28.5609275], [77.1119997, 28.5609849]]}}, {"type": "Feature", "properties": {"aeroway": "taxiway", "ref": null, "name": null, "surface": "concrete", "id": 1429464149}, "geometry": {"type": "LineString", "coordinates": [[77.1138876, 28.5601146], [77.1140828, 28.5599758], [77.1142579, 28.5598377], [77.1143966, 28.5597226], [77.1146446, 28.5595047], [77.1149882, 28.5592047], [77.1153813, 28.558867], [77.1154209, 28.5588083], [77.115451, 28.5587491], [77.1154705, 28.5586745], [77.1154793, 28.5586015]]}}, {"type": "Feature", "properties": {"aeroway": "taxiway", "ref": null, "name": null, "surface": "asphalt", "id": 1429464150}, "geometry": {"type": "LineString", "coordinates": [[77.1154793, 28.5586015], [77.1154803, 28.558566], [77.1154793, 28.5585362], [77.1154698, 28.5585074], [77.1154518, 28.5584414], [77.1154042, 28.558302]]}}, {"type": "Feature", "properties": {"aeroway": "taxiway", "ref": null, "name": null, "surface": "concrete", "id": 1429464151}, "geometry": {"type": "LineString", "coordinates": [[77.1161, 28.5582392], [77.1153813, 28.558867]]}}, {"type": "Feature", "properties": {"aeroway": "taxiway", "ref": null, "name": null, "surface": "asphalt", "id": 1429464152}, "geometry": {"type": "LineString", "coordinates": [[77.116333, 28.5580825], [77.1162676, 28.5581141], [77.1161912, 28.5581626], [77.1161, 28.5582392]]}}, {"type": "Feature", "properties": {"aeroway": "taxiway", "ref": null, "name": null, "surface": "concrete", "id": 1429464153}, "geometry": {"type": "LineString", "coordinates": [[77.1147855, 28.558546], [77.1148401, 28.5585649], [77.1148893, 28.5585955], [77.1149482, 28.5586364], [77.1149925, 28.5586912], [77.1150294, 28.5587464], [77.1150569, 28.558798], [77.1150728, 28.558871], [77.1150782, 28.5589441], [77.1150693, 28.5590047], [77.1150534, 28.5590622], [77.115038, 28.5591162], [77.1149882, 28.5592047]]}}, {"type": "Feature", "properties": {"aeroway": "taxiway", "ref": null, "name": null, "surface": "asphalt", "id": 1429464154}, "geometry": {"type": "LineString", "coordinates": [[77.1146201, 28.558478], [77.1146596, 28.5584951], [77.1146962, 28.5585138], [77.1147342, 28.558531], [77.1147855, 28.558546]]}}, {"type": "Feature", "properties": {"aeroway": "taxiway", "ref": null, "name": null, "surface": "asphalt", "id": 1429464155}, "geometry": {"type": "LineString", "coordinates": [[77.1145163, 28.5585039], [77.1145911, 28.5585054], [77.1146482, 28.5585097], [77.1146962, 28.5585138]]}}, {"type": "Feature", "properties": {"aeroway": "apron", "ref": null, "name": null, "surface": "concrete", "id": 1429464172}, "geometry": {"type": "Polygon", "coordinates": [[[77.1226214, 28.5587464], [77.1220402, 28.558879], [77.1211321, 28.5590881], [77.1211521, 28.5591717], [77.1220662, 28.5593979], [77.1221867, 28.5593695], [77.1227627, 28.5592376], [77.1226493, 28.5588432], [77.1226214, 28.5587464]]]}}, {"type": "Feature", "properties": {"aeroway": "taxiway", "ref": "F5", "name": null, "surface": "asphalt", "id": 1429464175}, "geometry": {"type": "LineString", "coordinates": [[77.1092072, 28.5636436], [77.1091417, 28.5634274]]}}, {"type": "Feature", "properties": {"aeroway": "taxiway", "ref": "F3", "name": null, "surface": "asphalt", "id": 1429464176}, "geometry": {"type": "LineString", "coordinates": [[77.1095464, 28.5633438], [77.1096081, 28.5635503]]}}, {"type": "Feature", "properties": {"aeroway": "taxiway", "ref": "F5", "name": null, "surface": "asphalt", "id": 1429464177}, "geometry": {"type": "LineString", "coordinates": [[77.1093025, 28.5632137], [77.1092379, 28.5632431], [77.1092017, 28.5632681], [77.1091719, 28.5633057], [77.1091548, 28.5633424], [77.1091429, 28.5633742], [77.1091417, 28.5634274]]}}, {"type": "Feature", "properties": {"aeroway": "taxiway", "ref": "F3", "name": null, "surface": "asphalt", "id": 1429464178}, "geometry": {"type": "LineString", "coordinates": [[77.1095464, 28.5633438], [77.1095112, 28.5632936], [77.1094779, 28.5632612], [77.1094379, 28.5632362], [77.1094001, 28.5632228], [77.1093566, 28.5632143], [77.1093025, 28.5632137]]}}, {"type": "Feature", "properties": {"aeroway": "taxiway", "ref": "F5", "name": null, "surface": "asphalt", "id": 1429464179}, "geometry": {"type": "LineString", "coordinates": [[77.1091417, 28.5634274], [77.1091123, 28.5633848], [77.1090765, 28.5633507], [77.1090449, 28.5633346], [77.1090034, 28.5633156], [77.1089527, 28.5633076], [77.1089047, 28.5633063]]}}, {"type": "Feature", "properties": {"aeroway": "taxiway", "ref": "F3", "name": null, "surface": "asphalt", "id": 1429464180}, "geometry": {"type": "LineString", "coordinates": [[77.1096805, 28.5631271], [77.1096433, 28.5631482], [77.109622, 28.5631628], [77.10959, 28.5631877], [77.1095667, 28.563219], [77.1095547, 28.5632478], [77.1095477, 28.5632793], [77.1095464, 28.5633438]]}}, {"type": "Feature", "properties": {"aeroway": "taxiway", "ref": null, "name": null, "surface": "asphalt", "id": 1429473398}, "geometry": {"type": "LineString", "coordinates": [[77.1128983, 28.5498818], [77.1127405, 28.5493441], [77.1125553, 28.5487345], [77.1116656, 28.5458295], [77.1114925, 28.5452422]]}}, {"type": "Feature", "properties": {"aeroway": "taxiway", "ref": null, "name": null, "surface": "asphalt", "id": 1429473399}, "geometry": {"type": "LineString", "coordinates": [[77.1120018, 28.5500939], [77.1118342, 28.5495414], [77.1107685, 28.5460376], [77.1105944, 28.5454574]]}}, {"type": "Feature", "properties": {"aeroway": "taxiway", "ref": null, "name": null, "surface": "asphalt", "id": 1429473423}, "geometry": {"type": "LineString", "coordinates": [[77.1104781, 28.5450877], [77.1102588, 28.5443364]]}}, {"type": "Feature", "properties": {"aeroway": "taxiway", "ref": null, "name": null, "surface": "asphalt", "id": 1429473424}, "geometry": {"type": "LineString", "coordinates": [[77.1113777, 28.5448708], [77.1111587, 28.5441322]]}}, {"type": "Feature", "properties": {"aeroway": "taxiway", "ref": null, "name": null, "surface": null, "id": 1429473438}, "geometry": {"type": "LineString", "coordinates": [[77.1111118, 28.5440148], [77.1111587, 28.5441322]]}}, {"type": "Feature", "properties": {"aeroway": "taxiway", "ref": null, "name": null, "surface": null, "id": 1429473439}, "geometry": {"type": "LineString", "coordinates": [[77.110193, 28.5441843], [77.1102588, 28.5443364]]}}, {"type": "Feature", "properties": {"aeroway": "taxiway", "ref": "F", "name": null, "surface": "asphalt", "id": 1429475952}, "geometry": {"type": "LineString", "coordinates": [[77.1109438, 28.5628371], [77.1110211, 28.5631206], [77.1110504, 28.5632204]]}}, {"type": "Feature", "properties": {"aeroway": "taxiway", "ref": "E2", "name": null, "surface": "asphalt", "id": 1429475953}, "geometry": {"type": "LineString", "coordinates": [[77.1188442, 28.5678096], [77.1188481, 28.5679681]]}}, {"type": "Feature", "properties": {"aeroway": "taxiway", "ref": null, "name": null, "surface": "asphalt", "id": 1429475954}, "geometry": {"type": "LineString", "coordinates": [[77.1184332, 28.567972], [77.118434, 28.5681049]]}}, {"type": "Feature", "properties": {"aeroway": "taxiway", "ref": "D4", "name": null, "surface": "asphalt", "id": 1429480976}, "geometry": {"type": "LineString", "coordinates": [[77.0974852, 28.5687881], [77.0975712, 28.5689543], [77.0977074, 28.5692147], [77.0978488, 28.5694668], [77.0980777, 28.5699135], [77.0981456, 28.570042], [77.0981762, 28.5700986], [77.0982109, 28.5701551], [77.0982451, 28.5701995], [77.0982857, 28.5702315], [77.0983258, 28.5702579], [77.098373, 28.5702834], [77.0984325, 28.5703046], [77.0985147, 28.5703225]]}}, {"type": "Feature", "properties": {"aeroway": "taxiway", "ref": "D4", "name": null, "surface": null, "id": 1429480977}, "geometry": {"type": "LineString", "coordinates": [[77.0980777, 28.5699135], [77.0980925, 28.5699599], [77.0980954, 28.570026], [77.0980895, 28.5700768], [77.098072, 28.5701327], [77.098054, 28.5701711], [77.0980136, 28.5702224], [77.0979547, 28.5702716], [77.0978916, 28.5703065], [77.0978396, 28.5703209], [77.0977643, 28.5703359]]}}, {"type": "Feature", "properties": {"aeroway": "taxiway", "ref": "D4", "name": null, "surface": "asphalt", "id": 1429480978}, "geometry": {"type": "LineString", "coordinates": [[77.0980601, 28.5687763], [77.0979674, 28.5687952], [77.0978988, 28.5688205], [77.0978428, 28.5688545], [77.0977996, 28.5688906], [77.0977612, 28.5689369], [77.0977317, 28.5689842], [77.0977075, 28.5690459], [77.0976996, 28.569091], [77.0976975, 28.5691385], [77.0977074, 28.5692147]]}}, {"type": "Feature", "properties": {"aeroway": "taxiway", "ref": "D4", "name": null, "surface": "asphalt", "id": 1429480979}, "geometry": {"type": "LineString", "coordinates": [[77.097299, 28.5687969], [77.0973471, 28.5688091], [77.0973915, 28.5688221], [77.0974445, 28.5688455], [77.0974906, 28.5688755], [77.0975412, 28.568921], [77.0975712, 28.5689543]]}}, {"type": "Feature", "properties": {"aeroway": "taxiway", "ref": "D5", "name": null, "surface": null, "id": 1429480986}, "geometry": {"type": "LineString", "coordinates": [[77.0983473, 28.5703227], [77.0980875, 28.5703159], [77.0978916, 28.5703065], [77.0976573, 28.5702889], [77.0973971, 28.5702558], [77.0971148, 28.5702076], [77.0968418, 28.5701486], [77.096579, 28.5700825], [77.0963054, 28.5699934], [77.0960954, 28.5699223], [77.0958989, 28.5698407], [77.0956512, 28.5697326], [77.0953779, 28.569603], [77.0950557, 28.5694484], [77.0948194, 28.5693347], [77.094304, 28.5690855], [77.0941483, 28.5690192], [77.0940205, 28.5689733], [77.0938956, 28.5689418], [77.0937753, 28.5689126], [77.0936486, 28.568898], [77.0934793, 28.5688812]]}}, {"type": "Feature", "properties": {"aeroway": "taxiway", "ref": "D5", "name": null, "surface": null, "id": 1429480987}, "geometry": {"type": "LineString", "coordinates": [[77.0952882, 28.5688118], [77.0951809, 28.5688372], [77.0951136, 28.5688657], [77.0950487, 28.5689117], [77.0949963, 28.5689643], [77.0949564, 28.5690257], [77.0949339, 28.5690936], [77.0949314, 28.5691528], [77.0949364, 28.5692141], [77.0949564, 28.5692733], [77.0949813, 28.5693237], [77.0950113, 28.5693719], [77.0950557, 28.5694484]]}}, {"type": "Feature", "properties": {"aeroway": "taxiway", "ref": "D6", "name": null, "surface": "concrete", "id": 1429480993}, "geometry": {"type": "LineString", "coordinates": [[77.0932859, 28.5701008], [77.0931362, 28.57005], [77.0929631, 28.5699827], [77.0921834, 28.5696101], [77.0920222, 28.5695325], [77.0910689, 28.5690809]]}}, {"type": "Feature", "properties": {"aeroway": "taxiway", "ref": "D6", "name": null, "surface": "asphalt", "id": 1429480994}, "geometry": {"type": "LineString", "coordinates": [[77.0950777, 28.5704048], [77.0948101, 28.5703903], [77.094587, 28.570376], [77.0943848, 28.5703547], [77.0941854, 28.570328], [77.0939966, 28.5702944], [77.0938025, 28.5702526], [77.0935977, 28.570199], [77.0934256, 28.5701499], [77.0932859, 28.5701008]]}}, {"type": "Feature", "properties": {"aeroway": "taxiway", "ref": "D6", "name": null, "surface": "asphalt", "id": 1429480995}, "geometry": {"type": "LineString", "coordinates": [[77.0921745, 28.5689121], [77.0921055, 28.5689322], [77.0920492, 28.5689591], [77.0919869, 28.5690013], [77.0919402, 28.5690453], [77.091904, 28.5690948], [77.0918846, 28.5691382], [77.091872, 28.5691769], [77.0918666, 28.5692137], [77.0918641, 28.5692565], [77.0918662, 28.5692939], [77.0918722, 28.5693308]]}}, {"type": "Feature", "properties": {"aeroway": "taxiway", "ref": "D6", "name": null, "surface": "concrete", "id": 1429480996}, "geometry": {"type": "LineString", "coordinates": [[77.0918722, 28.5693308], [77.0918864, 28.569371], [77.0919055, 28.5694074], [77.0919274, 28.5694407], [77.091959, 28.5694774], [77.0920222, 28.5695325]]}}, {"type": "Feature", "properties": {"aeroway": "taxiway", "ref": "D6", "name": null, "surface": "asphalt", "id": 1429480997}, "geometry": {"type": "LineString", "coordinates": [[77.0910689, 28.5690809], [77.0909687, 28.5690469], [77.0908599, 28.5690156], [77.0907503, 28.5689917], [77.0906434, 28.5689735], [77.0905519, 28.5689637], [77.090426, 28.568954]]}}, {"type": "Feature", "properties": {"aeroway": "taxiway", "ref": "D4", "name": null, "surface": null, "id": 1429480998}, "geometry": {"type": "LineString", "coordinates": [[77.0974852, 28.5687881], [77.0973984, 28.56862], [77.0972572, 28.5683517], [77.0968588, 28.5675839], [77.0966908, 28.5672604], [77.0963434, 28.5665642], [77.0960677, 28.5660201]]}}, {"type": "Feature", "properties": {"aeroway": "taxiway", "ref": "D4", "name": null, "surface": null, "id": 1429480999}, "geometry": {"type": "LineString", "coordinates": [[77.0972572, 28.5683517], [77.097279, 28.5684504], [77.0972646, 28.5685284], [77.0972391, 28.5686019], [77.0971903, 28.5686778], [77.09711, 28.5687409], [77.0970318, 28.5687784], [77.0969554, 28.5688034]]}}, {"type": "Feature", "properties": {"aeroway": "taxiway", "ref": "D4", "name": null, "surface": null, "id": 1429481000}, "geometry": {"type": "LineString", "coordinates": [[77.0973984, 28.56862], [77.0974454, 28.5686715], [77.0974959, 28.568714], [77.0975572, 28.56875], [77.0976255, 28.5687732], [77.0977, 28.5687866]]}}, {"type": "Feature", "properties": {"aeroway": "taxiway", "ref": null, "name": null, "surface": "concrete", "id": 1429481001}, "geometry": {"type": "LineString", "coordinates": [[77.0974564, 28.5661723], [77.0968086, 28.5667322], [77.0967681, 28.5667783]]}}, {"type": "Feature", "properties": {"aeroway": "taxiway", "ref": null, "name": null, "surface": "asphalt", "id": 1429481002}, "geometry": {"type": "LineString", "coordinates": [[77.0967681, 28.5667783], [77.0967454, 28.5668039], [77.0967104, 28.5668615], [77.0966902, 28.566902], [77.0966695, 28.5669625], [77.0966563, 28.5670167], [77.0966531, 28.5670692], [77.0966569, 28.5671121], [77.0966658, 28.5671644], [77.0966763, 28.5672072], [77.0966908, 28.5672604]]}}, {"type": "Feature", "properties": {"aeroway": "taxiway", "ref": null, "name": null, "surface": "asphalt", "id": 1429481003}, "geometry": {"type": "LineString", "coordinates": [[77.0978097, 28.5658648], [77.0974564, 28.5661723]]}}, {"type": "Feature", "properties": {"aeroway": "taxiway", "ref": "G", "name": null, "surface": null, "id": 1429481004}, "geometry": {"type": "LineString", "coordinates": [[77.0991572, 28.565554], [77.0978097, 28.5658648], [77.0974181, 28.5659546], [77.0966679, 28.5661271]]}}, {"type": "Feature", "properties": {"aeroway": "taxiway", "ref": "H2", "name": null, "surface": null, "id": 1429481005}, "geometry": {"type": "LineString", "coordinates": [[77.0966679, 28.5661271], [77.0965439, 28.5661531], [77.0964576, 28.5661743], [77.0963889, 28.5661803], [77.0963288, 28.5661779], [77.0962709, 28.5661623], [77.0962309, 28.566144], [77.0961748, 28.5661156], [77.0961271, 28.5660778], [77.0960677, 28.5660201]]}}, {"type": "Feature", "properties": {"aeroway": "taxiway", "ref": "D4", "name": null, "surface": null, "id": 1429481006}, "geometry": {"type": "LineString", "coordinates": [[77.0966679, 28.5661271], [77.0965495, 28.5661594], [77.0965084, 28.566182], [77.0964721, 28.5662047], [77.0964303, 28.566241], [77.0964066, 28.5662685], [77.0963576, 28.5663388], [77.0963412, 28.5663936], [77.096333, 28.5664613], [77.0963347, 28.566511], [77.0963434, 28.5665642]]}}, {"type": "Feature", "properties": {"aeroway": "taxiway", "ref": "H2", "name": null, "surface": null, "id": 1429481007}, "geometry": {"type": "LineString", "coordinates": [[77.0960677, 28.5660201], [77.0960239, 28.5659309], [77.0959404, 28.5657648], [77.0958744, 28.5656387], [77.0956834, 28.565251], [77.0955726, 28.5650309], [77.0955201, 28.5649202], [77.0954658, 28.5648516], [77.0954223, 28.5648085], [77.0953435, 28.5647527], [77.0952696, 28.5647067], [77.0951771, 28.5646661], [77.0950739, 28.5646282], [77.0949388, 28.5645991]]}}, {"type": "Feature", "properties": {"aeroway": "taxiway", "ref": null, "name": null, "surface": "asphalt", "id": 1429481008}, "geometry": {"type": "LineString", "coordinates": [[77.101639, 28.5633757], [77.1011845, 28.5635072], [77.1009175, 28.5636051], [77.1006951, 28.5636947], [77.1005012, 28.5637823], [77.1003179, 28.5638746], [77.1000874, 28.5640056]]}}, {"type": "Feature", "properties": {"aeroway": "taxiway", "ref": null, "name": null, "surface": "concrete", "id": 1429481009}, "geometry": {"type": "LineString", "coordinates": [[77.1000874, 28.5640056], [77.0998654, 28.5641416], [77.0996099, 28.5643212], [77.0993178, 28.5645437], [77.0987963, 28.5649982], [77.0985869, 28.5651825]]}}, {"type": "Feature", "properties": {"aeroway": "taxiway", "ref": null, "name": null, "surface": "concrete", "id": 1429481010}, "geometry": {"type": "LineString", "coordinates": [[77.0987963, 28.5649982], [77.0987535, 28.5650588], [77.0987343, 28.5651015], [77.0987236, 28.5651579], [77.0987194, 28.5652085], [77.0987215, 28.5652509]]}}, {"type": "Feature", "properties": {"aeroway": "taxiway", "ref": null, "name": null, "surface": "asphalt", "id": 1429481011}, "geometry": {"type": "LineString", "coordinates": [[77.0987215, 28.5652509], [77.0987363, 28.5653237], [77.098766, 28.5653811], [77.0988251, 28.565452], [77.0989052, 28.5655073], [77.0989959, 28.5655409], [77.0990608, 28.5655533], [77.0991572, 28.565554]]}}, {"type": "Feature", "properties": {"aeroway": "taxiway", "ref": null, "name": null, "surface": null, "id": 1429481012}, "geometry": {"type": "LineString", "coordinates": [[77.0985869, 28.5651825], [77.0980538, 28.565646], [77.0978097, 28.5658648]]}}, {"type": "Feature", "properties": {"aeroway": "taxiway", "ref": null, "name": null, "surface": "asphalt", "id": 1429481013}, "geometry": {"type": "LineString", "coordinates": [[77.0980538, 28.565646], [77.0978716, 28.5657627], [77.097703, 28.5658512], [77.0975762, 28.5659018], [77.0974181, 28.5659546]]}}, {"type": "Feature", "properties": {"aeroway": "taxiway", "ref": null, "name": null, "surface": null, "id": 1429633218}, "geometry": {"type": "LineString", "coordinates": [[77.0993648, 28.5722814], [77.0997516, 28.5722802], [77.0998816, 28.5722911], [77.1000367, 28.5723318], [77.1002398, 28.5724085], [77.101831, 28.5732682], [77.1018774, 28.5732873], [77.1019277, 28.5732965], [77.1019733, 28.5733001], [77.1020202, 28.5732959], [77.1022314, 28.573257], [77.1023265, 28.5732379], [77.1023634, 28.5732325], [77.1023922, 28.5732327], [77.1024197, 28.5732386], [77.1024555, 28.5732559], [77.1054318, 28.5750443], [77.1054566, 28.5750537], [77.1054867, 28.5750649], [77.1056069, 28.5750891], [77.1056688, 28.5750953], [77.1056999, 28.5750974], [77.1060665, 28.5751221], [77.1062459, 28.5751294], [77.1064233, 28.575123]]}}, {"type": "Feature", "properties": {"aeroway": "taxiway", "ref": "A3", "name": null, "surface": null, "id": 1429633220}, "geometry": {"type": "LineString", "coordinates": [[77.0941852, 28.570422], [77.0939552, 28.5704392], [77.0938364, 28.5704718], [77.0937642, 28.5705026], [77.0936818, 28.5705652], [77.0936238, 28.570626], [77.09357, 28.5707211], [77.0935319, 28.570847], [77.0935339, 28.5712299], [77.093559, 28.5718451]]}}, {"type": "Feature", "properties": {"aeroway": "taxiway", "ref": null, "name": null, "surface": null, "id": 1429633221}, "geometry": {"type": "LineString", "coordinates": [[77.0993648, 28.5722814], [77.0972348, 28.572323], [77.0968521, 28.5723305], [77.0945419, 28.5724015], [77.0942894, 28.5724056], [77.0942104, 28.5724053], [77.0941176, 28.572398], [77.0939981, 28.5723803], [77.0939183, 28.5723494], [77.0938464, 28.5723198], [77.0937687, 28.5722736], [77.093701, 28.5722259], [77.0936462, 28.5721633], [77.0936182, 28.5721032], [77.0935925, 28.5720396], [77.0935739, 28.571972], [77.0935645, 28.5719125], [77.093559, 28.5718451]]}}, {"type": "Feature", "properties": {"aeroway": "hangar", "ref": null, "name": null, "surface": null, "id": 1429646720}, "geometry": {"type": "Polygon", "coordinates": [[[77.1081403, 28.5550475], [77.1079552, 28.5544417], [77.1074509, 28.554561], [77.1076387, 28.5551639], [77.1081403, 28.5550475]]]}}, {"type": "Feature", "properties": {"aeroway": "hangar", "ref": null, "name": null, "surface": null, "id": 1429646722}, "geometry": {"type": "Polygon", "coordinates": [[[77.1081152, 28.5544039], [77.1086064, 28.5542877], [77.108796, 28.5548953], [77.1083007, 28.5550102], [77.1081152, 28.5544039]]]}}, {"type": "Feature", "properties": {"aeroway": "hangar", "ref": null, "name": null, "surface": null, "id": 1429646724}, "geometry": {"type": "Polygon", "coordinates": [[[77.1094557, 28.5547422], [77.1092707, 28.5541306], [77.1087693, 28.5542492], [77.1089578, 28.5548578], [77.1094557, 28.5547422]]]}}, {"type": "Feature", "properties": {"aeroway": "hangar", "ref": null, "name": null, "surface": null, "id": 1429646727}, "geometry": {"type": "Polygon", "coordinates": [[[77.1097113, 28.5540264], [77.1101867, 28.553914], [77.1103833, 28.554527], [77.1098962, 28.55464], [77.1097113, 28.5540264]]]}}, {"type": "Feature", "properties": {"aeroway": "apron", "ref": null, "name": null, "surface": "concrete:plates", "id": 1429646729}, "geometry": {"type": "Polygon", "coordinates": [[[77.1107383, 28.5552092], [77.110517, 28.5545218], [77.1105093, 28.5544977], [77.1103833, 28.554527], [77.1098962, 28.55464], [77.1097218, 28.5546805], [77.1096085, 28.5547068], [77.1094557, 28.5547422], [77.1089578, 28.5548578], [77.108796, 28.5548953], [77.1083007, 28.5550102], [77.1081403, 28.5550475], [77.1076387, 28.5551639], [77.1074717, 28.5552026], [77.1081251, 28.5574023], [77.1096205, 28.5570417], [77.1096002, 28.5569775], [77.1095627, 28.5568591], [77.1098516, 28.5569035], [77.1100096, 28.55705], [77.1100766, 28.5571241], [77.1103523, 28.558044], [77.1104725, 28.5580187], [77.1105785, 28.5579948], [77.1103138, 28.5570734], [77.1103094, 28.5569303], [77.1103565, 28.5567704], [77.1104595, 28.5566908], [77.1105169, 28.5566779], [77.110582, 28.5566632], [77.1104845, 28.5563471], [77.1114235, 28.5561123], [77.1114646, 28.556102], [77.1114963, 28.5560941], [77.111366, 28.555694], [77.1114359, 28.5556767], [77.1112529, 28.5550843], [77.1107383, 28.5552092]]]}}, {"type": "Feature", "properties": {"aeroway": "apron", "ref": null, "name": null, "surface": "asphalt", "id": 1429646730}, "geometry": {"type": "Polygon", "coordinates": [[[77.1103523, 28.558044], [77.1102514, 28.5580684], [77.1099857, 28.5571752], [77.1099672, 28.5571444], [77.1099136, 28.5570992], [77.1098892, 28.5570803], [77.1098313, 28.5570354], [77.1098085, 28.5570177], [77.1097261, 28.556996], [77.1096395, 28.5569833], [77.1096002, 28.5569775], [77.1095627, 28.5568591], [77.1098516, 28.5569035], [77.1100096, 28.55705], [77.1100766, 28.5571241], [77.1103523, 28.558044]]]}}, {"type": "Feature", "properties": {"aeroway": "apron", "ref": null, "name": null, "surface": "asphalt", "id": 1429646731}, "geometry": {"type": "Polygon", "coordinates": [[[77.1104595, 28.5566908], [77.1104961, 28.5568006], [77.1104403, 28.5568354], [77.110419, 28.556877], [77.1104119, 28.5569831], [77.1104119, 28.5570662], [77.1104284, 28.557139], [77.1106741, 28.5579701], [77.1105785, 28.5579948], [77.1103138, 28.5570734], [77.1103094, 28.5569303], [77.1103565, 28.5567704], [77.1104595, 28.5566908]]]}}, {"type": "Feature", "properties": {"aeroway": "taxiway", "ref": "Link 32", "name": null, "surface": "concrete", "id": 1429646736}, "geometry": {"type": "LineString", "coordinates": [[77.1108016, 28.5591327], [77.1107614, 28.5589673], [77.1107203, 28.558832], [77.1105688, 28.5583332], [77.110488, 28.558062], [77.1104725, 28.5580187], [77.1101652, 28.5570116], [77.1100476, 28.5566285]]}}, {"type": "Feature", "properties": {"aeroway": "taxiway", "ref": null, "name": null, "surface": null, "id": 1429646749}, "geometry": {"type": "LineString", "coordinates": [[77.1108211, 28.5594857], [77.1108354, 28.5594515], [77.110844, 28.5594137], [77.110848, 28.559346]]}}, {"type": "Feature", "properties": {"aeroway": "taxiway", "ref": "Link 32", "name": null, "surface": "asphalt", "id": 1429646750}, "geometry": {"type": "LineString", "coordinates": [[77.110848, 28.559346], [77.1108406, 28.5592838], [77.1108325, 28.5592405], [77.1108172, 28.5591828], [77.1108016, 28.5591327]]}}, {"type": "Feature", "properties": {"aeroway": "taxiway", "ref": "C", "name": null, "surface": "concrete", "id": 1429646751}, "geometry": {"type": "LineString", "coordinates": [[77.1142696, 28.5577102], [77.1138759, 28.5578026], [77.1110589, 28.5584497]]}}, {"type": "Feature", "properties": {"aeroway": "taxiway", "ref": "C", "name": null, "surface": "asphalt", "id": 1429646752}, "geometry": {"type": "LineString", "coordinates": [[77.1141268, 28.5572258], [77.1141646, 28.5573549], [77.1142696, 28.5577102]]}}, {"type": "Feature", "properties": {"aeroway": "taxiway", "ref": "C", "name": null, "surface": "asphalt", "id": 1429646753}, "geometry": {"type": "LineString", "coordinates": [[77.1110589, 28.5584497], [77.1109511, 28.5584755], [77.1108498, 28.5584969], [77.1107775, 28.558497], [77.1107149, 28.5584835]]}}, {"type": "Feature", "properties": {"aeroway": "taxiway", "ref": "C", "name": null, "surface": "asphalt", "id": 1429646754}, "geometry": {"type": "LineString", "coordinates": [[77.1110589, 28.5584497], [77.1109876, 28.5584774], [77.1109284, 28.558506], [77.1108629, 28.5585564], [77.1108195, 28.558601], [77.1107942, 28.5586386]]}}, {"type": "Feature", "properties": {"aeroway": "taxiway", "ref": "C", "name": null, "surface": "concrete", "id": 1429646755}, "geometry": {"type": "LineString", "coordinates": [[77.1107149, 28.5584835], [77.1106653, 28.558459], [77.1106198, 28.5584213], [77.1105927, 28.558381], [77.1105688, 28.5583332]]}}, {"type": "Feature", "properties": {"aeroway": "taxiway", "ref": "C", "name": null, "surface": "concrete", "id": 1429646756}, "geometry": {"type": "LineString", "coordinates": [[77.1107942, 28.5586386], [77.1107737, 28.5586673], [77.1107424, 28.5587181], [77.11073, 28.5587706], [77.1107203, 28.558832]]}}, {"type": "Feature", "properties": {"aeroway": "taxiway", "ref": "K", "name": null, "surface": "asphalt", "id": 1429646757}, "geometry": {"type": "LineString", "coordinates": [[77.1141207, 28.558591], [77.111256, 28.5592539], [77.1111104, 28.5592881], [77.110848, 28.559346]]}}, {"type": "Feature", "properties": {"aeroway": "taxiway", "ref": "Link 32", "name": null, "surface": "asphalt", "id": 1429646758}, "geometry": {"type": "LineString", "coordinates": [[77.1108536, 28.5591226], [77.110889, 28.5591528], [77.1109253, 28.5591777], [77.1109736, 28.5592048], [77.1110354, 28.559228], [77.1111005, 28.5592458], [77.1111664, 28.559253], [77.111256, 28.5592539]]}}, {"type": "Feature", "properties": {"aeroway": "taxiway", "ref": "Link 32", "name": null, "surface": "concrete", "id": 1429646759}, "geometry": {"type": "LineString", "coordinates": [[77.1107614, 28.5589673], [77.1107898, 28.5590336], [77.1108136, 28.5590726], [77.1108362, 28.559101], [77.1108536, 28.5591226]]}}, {"type": "Feature", "properties": {"aeroway": "taxiway", "ref": "K", "name": null, "surface": "asphalt", "id": 1429646760}, "geometry": {"type": "LineString", "coordinates": [[77.110848, 28.559346], [77.110454, 28.5594389], [77.1092641, 28.5597107], [77.1086624, 28.5598496]]}}, {"type": "Feature", "properties": {"aeroway": "taxiway", "ref": "Link 32", "name": null, "surface": "asphalt", "id": 1429646761}, "geometry": {"type": "LineString", "coordinates": [[77.1107462, 28.559162], [77.1107263, 28.5592085], [77.1106949, 28.5592646], [77.1106433, 28.5593219], [77.1105888, 28.5593683], [77.1105263, 28.5594054], [77.110454, 28.5594389]]}}, {"type": "Feature", "properties": {"aeroway": "taxiway", "ref": "Link 32", "name": null, "surface": "concrete", "id": 1429646762}, "geometry": {"type": "LineString", "coordinates": [[77.1107614, 28.5589673], [77.1107631, 28.5590461], [77.1107588, 28.5590856], [77.1107526, 28.5591249], [77.1107462, 28.559162]]}}, {"type": "Feature", "properties": {"aeroway": "taxiway", "ref": "F4", "name": null, "surface": null, "id": 1488895502}, "geometry": {"type": "LineString", "coordinates": [[77.1106783, 28.5681088], [77.1106277, 28.5679106], [77.1106062, 28.5678418], [77.1100224, 28.5657526], [77.1099311, 28.5654428], [77.1094144, 28.5636167], [77.1094094, 28.5635942], [77.1093626, 28.5634111], [77.1094379, 28.5632362], [77.1095013, 28.5631696]]}}, {"type": "Feature", "properties": {"aeroway": "taxiway", "ref": "F4", "name": null, "surface": null, "id": 1488895503}, "geometry": {"type": "LineString", "coordinates": [[77.1093626, 28.5634111], [77.1092017, 28.5632681], [77.1091391, 28.5632519]]}}, {"type": "Feature", "properties": {"aeroway": "taxiway", "ref": "F4", "name": null, "surface": null, "id": 1488895504}, "geometry": {"type": "LineString", "coordinates": [[77.1106783, 28.5681088], [77.1107654, 28.5682474], [77.1107892, 28.5682944], [77.1108785, 28.5684249]]}}, {"type": "Feature", "properties": {"aeroway": "taxiway", "ref": "D7", "name": null, "surface": null, "id": 1488896262}, "geometry": {"type": "LineString", "coordinates": [[77.0898869, 28.5689627], [77.0898297, 28.5692239], [77.0897977, 28.5693734], [77.0897226, 28.5696629], [77.0896157, 28.5702043], [77.089605, 28.5702788], [77.0896009, 28.5703251], [77.089599, 28.5703546], [77.0895984, 28.5703855], [77.0896033, 28.5704056], [77.0896223, 28.5704373], [77.089644, 28.5704597], [77.0896761, 28.5704786], [77.08971, 28.5704956], [77.0897543, 28.5705038], [77.0898005, 28.5705105], [77.089868, 28.5705193]]}}, {"type": "Feature", "properties": {"aeroway": "taxiway", "ref": null, "name": null, "surface": null, "id": 1488896263}, "geometry": {"type": "LineString", "coordinates": [[77.0903334, 28.5689532], [77.0901932, 28.5689554], [77.0898869, 28.5689627]]}}, {"type": "Feature", "properties": {"aeroway": "taxiway", "ref": "H3", "name": null, "surface": null, "id": 1488896264}, "geometry": {"type": "LineString", "coordinates": [[77.0899773, 28.568554], [77.089941, 28.5687279], [77.0898869, 28.5689627]]}}, {"type": "Feature", "properties": {"aeroway": "hangar", "ref": null, "name": null, "surface": null, "id": 1498980219}, "geometry": {"type": "Polygon", "coordinates": [[[77.0989386, 28.5489288], [77.0988094, 28.5484921], [77.0991742, 28.5484089], [77.0993033, 28.5488456], [77.0989386, 28.5489288]]]}}, {"type": "Feature", "properties": {"aeroway": "hangar", "ref": null, "name": null, "surface": null, "id": 1498980220}, "geometry": {"type": "Polygon", "coordinates": [[[77.0988094, 28.5484921], [77.0986853, 28.5480724], [77.0990502, 28.5479892], [77.0991742, 28.5484089], [77.0988094, 28.5484921]]]}}, {"type": "Feature", "properties": {"aeroway": "hangar", "ref": null, "name": null, "surface": null, "id": 1498980221}, "geometry": {"type": "Polygon", "coordinates": [[[77.0986853, 28.5480724], [77.098562, 28.5476554], [77.0989269, 28.5475721], [77.0990502, 28.5479892], [77.0986853, 28.5480724]]]}}, {"type": "Feature", "properties": {"aeroway": "hangar", "ref": null, "name": null, "surface": null, "id": 1498980222}, "geometry": {"type": "Polygon", "coordinates": [[[77.098562, 28.5476554], [77.0984328, 28.5472181], [77.0987977, 28.5471349], [77.0989269, 28.5475721], [77.098562, 28.5476554]]]}}, {"type": "Feature", "properties": {"aeroway": "taxiway", "ref": "A", "name": null, "surface": null, "id": 1507596964}, "geometry": {"type": "LineString", "coordinates": [[77.0696374, 28.5531439], [77.0697352, 28.5531223], [77.0705733, 28.5529287], [77.0722925, 28.55253], [77.0732142, 28.5523103], [77.0758306, 28.5517078], [77.0762865, 28.5516094], [77.0767145, 28.5515127], [77.0768035, 28.5514911], [77.0772449, 28.5513872]]}}, {"type": "Feature", "properties": {"aeroway": "runway", "ref": null, "name": null, "surface": "asphalt", "id": 1522241121}, "geometry": {"type": "LineString", "coordinates": [[77.1088755, 28.5414054], [77.1056949, 28.542074], [77.1053117, 28.5421542], [77.1045961, 28.542306]]}}, {"type": "Feature", "properties": {"aeroway": "runway", "ref": null, "name": null, "surface": "asphalt", "id": 1522241124}, "geometry": {"type": "LineString", "coordinates": [[77.0711682, 28.549489], [77.0713488, 28.5494518], [77.07189, 28.5493374], [77.0735949, 28.5489698], [77.0747433, 28.5487257]]}}, {"type": "Feature", "properties": {"aeroway": "taxiway", "ref": null, "name": null, "surface": null, "id": 1523937945}, "geometry": {"type": "LineString", "coordinates": [[77.1050898, 28.560676], [77.1051821, 28.5606726], [77.1052878, 28.5606884], [77.1053686, 28.5607201], [77.1054338, 28.5607581], [77.1054866, 28.5607967], [77.1055341, 28.5608538], [77.1055854, 28.5609327], [77.1056108, 28.5610039], [77.1056178, 28.5610909], [77.1056031, 28.5611752], [77.1055663, 28.5612708], [77.1055164, 28.5613365]]}}, {"type": "Feature", "properties": {"aeroway": "taxiway", "ref": null, "name": null, "surface": null, "id": 1523937946}, "geometry": {"type": "LineString", "coordinates": [[77.1070683, 28.5602128], [77.1069095, 28.5602715], [77.1068113, 28.5603118], [77.10674, 28.5603439], [77.1066315, 28.560406], [77.106526, 28.5604704], [77.1064214, 28.5605493], [77.1055164, 28.5613365], [77.1045988, 28.5621348], [77.1043821, 28.5622906], [77.1040933, 28.5624806], [77.1037985, 28.5626531], [77.103509, 28.5627966], [77.1032744, 28.5628977], [77.102971, 28.563015], [77.1027436, 28.5630979]]}}, {"type": "Feature", "properties": {"aeroway": "runway", "ref": null, "name": null, "surface": "concrete:plates", "id": 1523997114}, "geometry": {"type": "LineString", "coordinates": [[77.068052, 28.550145], [77.0683077, 28.5501034], [77.0688274, 28.5499954], [77.0692741, 28.5498964], [77.0697444, 28.5497977], [77.0711682, 28.549489]]}}, {"type": "Feature", "properties": {"aeroway": "runway", "ref": null, "name": null, "surface": "asphalt", "id": 1523997115}, "geometry": {"type": "LineString", "coordinates": [[77.0698469, 28.5462447], [77.0719136, 28.5458138]]}}, {"type": "Feature", "properties": {"aeroway": "runway", "ref": null, "name": null, "surface": "concrete:plates", "id": 1523997116}, "geometry": {"type": "LineString", "coordinates": [[77.1094816, 28.5377405], [77.1092538, 28.5377895], [77.1087811, 28.537891], [77.1077603, 28.5381104], [77.1068741, 28.5383008]]}}, {"type": "Feature", "properties": {"aeroway": "runway", "ref": null, "name": null, "surface": "concrete:plates", "id": 1523997117}, "geometry": {"type": "LineString", "coordinates": [[77.1118545, 28.540758], [77.11154, 28.5408206], [77.1111087, 28.5409131], [77.1110305, 28.5409298], [77.1103237, 28.5410954], [77.1098185, 28.5412031], [77.1093564, 28.5413046], [77.1088755, 28.5414054]]}}, {"type": "Feature", "properties": {"aeroway": "apron", "ref": null, "name": null, "surface": "concrete:plates", "id": 1525790938}, "geometry": {"type": "Polygon", "coordinates": [[[77.0929839, 28.548711], [77.093143, 28.5487947], [77.0932049, 28.5488333], [77.0932587, 28.5488687], [77.0911547, 28.5520466], [77.0910979, 28.5520885], [77.090462, 28.5522333], [77.089546, 28.5524501], [77.0893985, 28.5524784], [77.0894415, 28.5521917], [77.0894441, 28.5521745], [77.0896882, 28.5518117], [77.0905813, 28.5515973], [77.0925957, 28.5485579], [77.0926822, 28.5485497], [77.0929839, 28.548711]]]}}, {"type": "Feature", "properties": {"aeroway": "taxiway", "ref": null, "name": null, "surface": null, "id": 1526392857}, "geometry": {"type": "LineString", "coordinates": [[77.1190581, 28.5574543], [77.1191735, 28.5574456], [77.1192569, 28.5574546], [77.1193402, 28.5574796], [77.1194093, 28.5575117], [77.1194744, 28.5575617], [77.1195293, 28.5576206], [77.1195862, 28.5577027]]}}, {"type": "Feature", "properties": {"aeroway": "taxiway", "ref": null, "name": null, "surface": null, "id": 1526392858}, "geometry": {"type": "LineString", "coordinates": [[77.1194852, 28.5573544], [77.1195862, 28.5577027]]}}, {"type": "Feature", "properties": {"aeroway": "taxiway", "ref": null, "name": null, "surface": null, "id": 1526392859}, "geometry": {"type": "LineString", "coordinates": [[77.11989, 28.557262], [77.1197976, 28.55731], [77.1197325, 28.5573546], [77.1196675, 28.5574171], [77.1196187, 28.5574992], [77.1195923, 28.5575921], [77.1195862, 28.5577027]]}}, {"type": "Feature", "properties": {"aeroway": "taxiway", "ref": null, "name": null, "surface": null, "id": 1526392860}, "geometry": {"type": "LineString", "coordinates": [[77.1195862, 28.5577027], [77.119885, 28.5587044], [77.1198931, 28.5587758], [77.119887, 28.5588543], [77.1198708, 28.5589383], [77.1198159, 28.5590365], [77.1197325, 28.5591311], [77.1196228, 28.5592061], [77.1195192, 28.5592512]]}}, {"type": "Feature", "properties": {"aeroway": "apron", "ref": null, "name": null, "surface": "asphalt", "id": 1526392864}, "geometry": {"type": "Polygon", "coordinates": [[[77.1226493, 28.5588432], [77.1227204, 28.5588258], [77.1228511, 28.5592666], [77.1228467, 28.5592962], [77.122822, 28.5593124], [77.1222489, 28.5594381], [77.1221766, 28.5594758], [77.1220799, 28.5594954], [77.1220201, 28.5594992], [77.1219477, 28.559488], [77.1210271, 28.5592546], [77.1211521, 28.5591717], [77.1220662, 28.5593979], [77.1221867, 28.5593695], [77.1227627, 28.5592376], [77.1226493, 28.5588432]]]}}, {"type": "Feature", "properties": {"aeroway": "taxiway", "ref": "F4", "name": null, "surface": null, "id": 1526392870}, "geometry": {"type": "LineString", "coordinates": [[77.1105746, 28.5684199], [77.1106616, 28.568262], [77.1106783, 28.5681088]]}}, {"type": "Feature", "properties": {"aeroway": "taxiway", "ref": "D", "name": null, "surface": "asphalt", "id": 1526392871}, "geometry": {"type": "LineString", "coordinates": [[77.1188481, 28.5679681], [77.1188501, 28.5680624], [77.1188489, 28.5680993], [77.1188396, 28.5681414], [77.1188197, 28.5681793], [77.1187929, 28.5682142], [77.1187567, 28.5682439], [77.118703, 28.5682675], [77.1186563, 28.5682777], [77.118617, 28.568279], [77.1185921, 28.5682798], [77.1182399, 28.5682896], [77.1179805, 28.5683258], [77.1174875, 28.568336], [77.1174184, 28.568338], [77.1170078, 28.5683465], [77.1167023, 28.5683548], [77.1161138, 28.5683683], [77.1160371, 28.5683686], [77.1148027, 28.5684026], [77.1146584, 28.5684008], [77.1142513, 28.5684152], [77.1138277, 28.5684194], [77.1130128, 28.5684356], [77.1127748, 28.5684414], [77.112094, 28.5684581], [77.1114827, 28.5684701], [77.1111518, 28.5684795], [77.1109883, 28.5684833]]}}, {"type": "Feature", "properties": {"aeroway": "taxiway", "ref": null, "name": null, "surface": null, "id": 1527516613}, "geometry": {"type": "LineString", "coordinates": [[77.1103287, 28.5686035], [77.1103674, 28.5685731], [77.1104144, 28.568544], [77.1104552, 28.5685237], [77.1105014, 28.5685075], [77.1105409, 28.5684957]]}}, {"type": "Feature", "properties": {"aeroway": "taxiway", "ref": null, "name": null, "surface": null, "id": 1527516614}, "geometry": {"type": "LineString", "coordinates": [[77.1104506, 28.5684378], [77.1104252, 28.5684559], [77.1103942, 28.5684739], [77.1103557, 28.5684893], [77.1103202, 28.5684995]]}}, {"type": "Feature", "properties": {"aeroway": "apron", "ref": null, "name": null, "surface": "concrete:plates", "id": 1527530872}, "geometry": {"type": "Polygon", "coordinates": [[[77.1187406, 28.5685419], [77.1187097, 28.5685666], [77.1187225, 28.5687167], [77.1193229, 28.5687246], [77.1193296, 28.5686616], [77.1195268, 28.5686557], [77.1195357, 28.5687167], [77.1197911, 28.5687187], [77.1197615, 28.5680424], [77.1195605, 28.5680449], [77.1195653, 28.5680097], [77.1195613, 28.5676479], [77.1195618, 28.5675462], [77.1195597, 28.567222], [77.1195642, 28.5670557], [77.1195709, 28.5667127], [77.1195664, 28.5666404], [77.1201044, 28.5666586], [77.1201198, 28.5662088], [77.1200652, 28.566201], [77.1198292, 28.5661868], [77.1194912, 28.566175], [77.1194952, 28.5661372], [77.1190934, 28.5660952], [77.1190487, 28.5660905], [77.1190682, 28.5676892], [77.1191749, 28.5676883], [77.1191752, 28.5678066], [77.1191592, 28.5681824], [77.1190422, 28.5681824], [77.1190383, 28.5682714], [77.118972, 28.5682749], [77.1189662, 28.5683519], [77.1189076, 28.5683519], [77.1189037, 28.5684085], [77.1188472, 28.5684102], [77.1188374, 28.5685523], [77.1187406, 28.5685419]]]}}, {"type": "Feature", "properties": {"aeroway": "taxiway", "ref": null, "name": null, "surface": null, "id": 1527530873}, "geometry": {"type": "LineString", "coordinates": [[77.1158909, 28.5706013], [77.1159081, 28.570598], [77.1159289, 28.5705973], [77.1159505, 28.5705984], [77.1159658, 28.570604], [77.1159794, 28.570613], [77.1160871, 28.5707651], [77.1163026, 28.5710718], [77.1163143, 28.5710861], [77.1163309, 28.5710981], [77.1163524, 28.5711006], [77.116378, 28.5710942]]}}, {"type": "Feature", "properties": {"aeroway": "taxiway", "ref": null, "name": null, "surface": null, "id": 1527530874}, "geometry": {"type": "LineString", "coordinates": [[77.1160026, 28.5705415], [77.1159937, 28.5705542], [77.1159864, 28.5705643], [77.1159805, 28.5705789], [77.1159792, 28.5705934], [77.1159792, 28.5706061], [77.1159794, 28.570613]]}}, {"type": "Feature", "properties": {"aeroway": "taxiway", "ref": null, "name": null, "surface": null, "id": 1527530875}, "geometry": {"type": "LineString", "coordinates": [[77.1167368, 28.5708963], [77.1167502, 28.5708837], [77.1167628, 28.5708648], [77.1167589, 28.570846], [77.1165922, 28.5706053], [77.1165659, 28.5705908], [77.1165288, 28.5705814], [77.1164703, 28.5705762], [77.1164352, 28.5705788], [77.1164076, 28.5705873]]}}, {"type": "Feature", "properties": {"aeroway": "taxiway", "ref": null, "name": null, "surface": null, "id": 1527530876}, "geometry": {"type": "LineString", "coordinates": [[77.1162932, 28.5711411], [77.1163066, 28.5711262], [77.1163124, 28.5711125], [77.1163114, 28.5710984], [77.1163095, 28.5710881], [77.1163026, 28.5710718]]}}, {"type": "Feature", "properties": {"aeroway": "taxiway", "ref": null, "name": null, "surface": null, "id": 1527530877}, "geometry": {"type": "LineString", "coordinates": [[77.116518, 28.571017], [77.1165333, 28.5710029], [77.1165426, 28.5709835], [77.1165392, 28.5709626], [77.1165316, 28.570944], [77.1163533, 28.5706912], [77.1163423, 28.5706763], [77.1163253, 28.5706659], [77.1163058, 28.5706584], [77.1162846, 28.5706604], [77.1162671, 28.5706652]]}}, {"type": "Feature", "properties": {"aeroway": "taxiway", "ref": null, "name": null, "surface": null, "id": 1527530878}, "geometry": {"type": "LineString", "coordinates": [[77.1165316, 28.570944], [77.1165469, 28.5709584], [77.1165607, 28.5709673], [77.1165752, 28.5709727], [77.1165878, 28.5709729], [77.1166004, 28.5709716]]}}, {"type": "Feature", "properties": {"aeroway": "taxiway", "ref": null, "name": null, "surface": null, "id": 1527775119}, "geometry": {"type": "LineString", "coordinates": [[77.0956834, 28.565251], [77.0956651, 28.5651798], [77.0956589, 28.5651054], [77.0956666, 28.5650418], [77.0956913, 28.5649728], [77.0957236, 28.5649078], [77.095756, 28.564847], [77.095813, 28.5647888], [77.0958823, 28.5647387], [77.0959716, 28.5646941], [77.096064, 28.564659]]}}, {"type": "Feature", "properties": {"aeroway": "taxiway", "ref": null, "name": null, "surface": null, "id": 1527838246}, "geometry": {"type": "LineString", "coordinates": [[77.0892569, 28.5576119], [77.0896596, 28.5597774], [77.0897966, 28.5605144], [77.0898793, 28.5609591], [77.0898961, 28.5610046], [77.0899168, 28.5610433], [77.0899407, 28.5610718], [77.08997, 28.5611008], [77.0901854, 28.5613099], [77.090305, 28.5614311], [77.0903545, 28.5614683], [77.0903873, 28.561507], [77.0904218, 28.5615512]]}}, {"type": "Feature", "properties": {"aeroway": "terminal", "ref": null, "name": "Terminal 3", "surface": null, "id": 8632270}, "geometry": {"type": "MultiPolygon", "coordinates": [[[[77.0845331, 28.5566941], [77.083292, 28.5560523], [77.0831983, 28.5561759], [77.0823555, 28.5557391], [77.0824487, 28.5556175], [77.0821954, 28.5554747], [77.0837844, 28.5530793], [77.0840435, 28.5532084], [77.0841453, 28.5530542], [77.0849944, 28.5534977], [77.0849067, 28.5536337], [77.0861481, 28.5542582], [77.0860628, 28.5543881], [77.0860226, 28.5544476], [77.0859709, 28.5545254], [77.0858838, 28.5546561], [77.0858348, 28.5547273], [77.0857895, 28.554799], [77.085688, 28.5549494], [77.0856404, 28.5550206], [77.0855994, 28.5550857], [77.0854989, 28.5552321], [77.0854153, 28.5553635], [77.0853526, 28.555458], [77.0852292, 28.5556441], [77.0851153, 28.5557975], [77.0850424, 28.5559259], [77.0849973, 28.5559925], [77.084949, 28.5560661], [77.0848968, 28.5561354], [77.0848585, 28.5561939], [77.084812, 28.5562784], [77.0847324, 28.5563934], [77.084713, 28.5564177], [77.0845923, 28.5566009], [77.0845331, 28.5566941]]], [[[77.0810714, 28.562194], [77.0813715, 28.5623509], [77.0816627, 28.5619094], [77.082114, 28.561225], [77.0825722, 28.5605302], [77.0829856, 28.5599034], [77.0832758, 28.5594633], [77.0838847, 28.55854], [77.0837524, 28.5580842], [77.0836723, 28.5578085], [77.0831983, 28.5561759], [77.0823555, 28.5557391], [77.0813735, 28.5552298], [77.0810014, 28.5550369], [77.0802286, 28.5546361], [77.0793647, 28.5541881], [77.0787522, 28.5538705], [77.0785841, 28.5537833], [77.0787368, 28.5543203], [77.0799427, 28.5549414], [77.0807596, 28.5553622], [77.0815924, 28.5557911], [77.0822608, 28.5561354], [77.0828338, 28.5564305], [77.0830897, 28.5573143], [77.0833127, 28.5580849], [77.0834315, 28.5584951], [77.0827585, 28.5595148], [77.0822987, 28.5602114], [77.0818282, 28.5609241], [77.0813584, 28.5616359], [77.0810477, 28.5621066], [77.0810714, 28.562194]]], [[[77.0805707, 28.5512137], [77.0811755, 28.5510745], [77.0816506, 28.5513195], [77.0823483, 28.5516794], [77.0831228, 28.5520788], [77.0839361, 28.5524983], [77.0850499, 28.5530727], [77.0854904, 28.5529713], [77.0863969, 28.5527625], [77.0869857, 28.552629], [77.0873882, 28.5525368], [77.0877108, 28.5520489], [77.0879314, 28.551715], [77.0881652, 28.5513615], [77.08839, 28.5510214], [77.0886429, 28.5506389], [77.0888971, 28.5502543], [77.0891016, 28.549945], [77.0896492, 28.5491166], [77.0902253, 28.5489841], [77.0902115, 28.5490049], [77.0900609, 28.5492321], [77.0898551, 28.5495426], [77.0896157, 28.5499036], [77.0893815, 28.550257], [77.0891677, 28.5505794], [77.0889229, 28.5509486], [77.088699, 28.5512864], [77.0884531, 28.5516572], [77.0877339, 28.5527421], [77.0876485, 28.5528709], [77.0849944, 28.5534977], [77.0841453, 28.5530542], [77.0836391, 28.5527936], [77.0828559, 28.5523903], [77.0820966, 28.5519994], [77.0814022, 28.5516418], [77.0805707, 28.5512137]]]]}}, {"type": "Feature", "properties": {"aeroway": "stand", "ref": "Bay 86", "id": 5497599493}, "geometry": {"type": "Point", "coordinates": [77.0861452, 28.5634556]}}, {"type": "Feature", "properties": {"aeroway": "stand", "ref": "Bay 87", "id": 5497599494}, "geometry": {"type": "Point", "coordinates": [77.0855519, 28.5635747]}}, {"type": "Feature", "properties": {"aeroway": "stand", "ref": "Bay 88", "id": 5497599495}, "geometry": {"type": "Point", "coordinates": [77.0848116, 28.5637208]}}, {"type": "Feature", "properties": {"aeroway": "stand", "ref": "Bay 49", "id": 5497599496}, "geometry": {"type": "Point", "coordinates": [77.0868228, 28.5599501]}}, {"type": "Feature", "properties": {"aeroway": "stand", "ref": "Bay 48", "id": 5497599497}, "geometry": {"type": "Point", "coordinates": [77.0874492, 28.5602112]}}, {"type": "Feature", "properties": {"aeroway": "stand", "ref": "Bay 47", "id": 5497599498}, "geometry": {"type": "Point", "coordinates": [77.0881203, 28.5604695]}}, {"type": "Feature", "properties": {"aeroway": "stand", "ref": "Bay 46", "id": 5497599499}, "geometry": {"type": "Point", "coordinates": [77.0886786, 28.5603915]}}, {"type": "Feature", "properties": {"aeroway": "stand", "ref": "Bay 44", "id": 5497599500}, "geometry": {"type": "Point", "coordinates": [77.0890702, 28.5594714]}}, {"type": "Feature", "properties": {"aeroway": "stand", "ref": "Bay 45", "id": 5497599501}, "geometry": {"type": "Point", "coordinates": [77.0890325, 28.5600058]}}, {"type": "Feature", "properties": {"aeroway": "stand", "ref": "Bay 43", "id": 5497599502}, "geometry": {"type": "Point", "coordinates": [77.0889427, 28.5588404]}}, {"type": "Feature", "properties": {"aeroway": "stand", "ref": "Bay 42", "id": 5497602248}, "geometry": {"type": "Point", "coordinates": [77.0888726, 28.5583211]}}, {"type": "Feature", "properties": {"aeroway": "stand", "ref": "Bay 41", "id": 5497602249}, "geometry": {"type": "Point", "coordinates": [77.0888195, 28.5578811]}}, {"type": "Feature", "properties": {"aeroway": "stand", "ref": "178", "id": 11425390592}, "geometry": {"type": "Point", "coordinates": [77.1077831, 28.5642703]}}, {"type": "Feature", "properties": {"aeroway": "stand", "ref": "177", "id": 11425390593}, "geometry": {"type": "Point", "coordinates": [77.1078748, 28.5646186]}}, {"type": "Feature", "properties": {"aeroway": "stand", "ref": "176", "id": 11425390594}, "geometry": {"type": "Point", "coordinates": [77.1079762, 28.5649832]}}, {"type": "Feature", "properties": {"aeroway": "stand", "ref": "175", "id": 11425390595}, "geometry": {"type": "Point", "coordinates": [77.1080728, 28.565338]}}, {"type": "Feature", "properties": {"aeroway": "stand", "ref": "174", "id": 11425390596}, "geometry": {"type": "Point", "coordinates": [77.1081681, 28.5656907]}}, {"type": "Feature", "properties": {"aeroway": "stand", "ref": "173", "id": 11425390597}, "geometry": {"type": "Point", "coordinates": [77.1083822, 28.5664547]}}, {"type": "Feature", "properties": {"aeroway": "stand", "ref": "172", "id": 11425390609}, "geometry": {"type": "Point", "coordinates": [77.1084819, 28.5668039]}}, {"type": "Feature", "properties": {"aeroway": "stand", "ref": "171", "id": 11425390610}, "geometry": {"type": "Point", "coordinates": [77.1085874, 28.5671563]}}, {"type": "Feature", "properties": {"aeroway": "stand", "ref": "170", "id": 11425390611}, "geometry": {"type": "Point", "coordinates": [77.1086865, 28.5675075]}}, {"type": "Feature", "properties": {"aeroway": "stand", "ref": "160R", "id": 11425390619}, "geometry": {"type": "Point", "coordinates": [77.1095172, 28.5674013]}}, {"type": "Feature", "properties": {"aeroway": "stand", "ref": "160L", "id": 11425390620}, "geometry": {"type": "Point", "coordinates": [77.1094175, 28.5670415]}}, {"type": "Feature", "properties": {"aeroway": "stand", "ref": "161R", "id": 11425390621}, "geometry": {"type": "Point", "coordinates": [77.109324, 28.5666831]}}, {"type": "Feature", "properties": {"aeroway": "stand", "ref": "161L", "id": 11425390622}, "geometry": {"type": "Point", "coordinates": [77.1092151, 28.5663359]}}, {"type": "Feature", "properties": {"aeroway": "stand", "ref": "162", "id": 11425390623}, "geometry": {"type": "Point", "coordinates": [77.1091011, 28.5659787]}}, {"type": "Feature", "properties": {"aeroway": "stand", "ref": "163R", "id": 11425390624}, "geometry": {"type": "Point", "coordinates": [77.1089684, 28.5655086]}}, {"type": "Feature", "properties": {"aeroway": "stand", "ref": "163L", "id": 11425390625}, "geometry": {"type": "Point", "coordinates": [77.1088687, 28.5651438]}}, {"type": "Feature", "properties": {"aeroway": "stand", "ref": "164R", "id": 11425390626}, "geometry": {"type": "Point", "coordinates": [77.1087855, 28.5647874]}}, {"type": "Feature", "properties": {"aeroway": "stand", "ref": "164L", "id": 11425390627}, "geometry": {"type": "Point", "coordinates": [77.108693, 28.5644356]}}, {"type": "Feature", "properties": {"aeroway": "stand", "ref": "165", "id": 11425390628}, "geometry": {"type": "Point", "coordinates": [77.1085959, 28.5640691]}}, {"type": "Feature", "properties": {"aeroway": "stand", "ref": "150", "id": 11425390641}, "geometry": {"type": "Point", "coordinates": [77.1114825, 28.567468]}}, {"type": "Feature", "properties": {"aeroway": "stand", "ref": "151", "id": 11425390642}, "geometry": {"type": "Point", "coordinates": [77.1113913, 28.5671005]}}, {"type": "Feature", "properties": {"aeroway": "stand", "ref": "152", "id": 11425390643}, "geometry": {"type": "Point", "coordinates": [77.1112867, 28.5667495]}}, {"type": "Feature", "properties": {"aeroway": "stand", "ref": "153", "id": 11425390644}, "geometry": {"type": "Point", "coordinates": [77.1111875, 28.5663961]}}, {"type": "Feature", "properties": {"aeroway": "stand", "ref": "154", "id": 11425390645}, "geometry": {"type": "Point", "coordinates": [77.1110882, 28.5660404]}}, {"type": "Feature", "properties": {"aeroway": "stand", "ref": "155", "id": 11425390646}, "geometry": {"type": "Point", "coordinates": [77.1108138, 28.5650755]}}, {"type": "Feature", "properties": {"aeroway": "stand", "ref": "156", "id": 11425390647}, "geometry": {"type": "Point", "coordinates": [77.1107213, 28.5647183]}}, {"type": "Feature", "properties": {"aeroway": "stand", "ref": "157", "id": 11425390648}, "geometry": {"type": "Point", "coordinates": [77.1106258, 28.5643638]}}, {"type": "Feature", "properties": {"aeroway": "stand", "ref": "158", "id": 11425390649}, "geometry": {"type": "Point", "coordinates": [77.1105242, 28.5640012]}}, {"type": "Feature", "properties": {"aeroway": "stand", "ref": "159", "id": 11425390650}, "geometry": {"type": "Point", "coordinates": [77.1104286, 28.5636575]}}, {"type": "Feature", "properties": {"aeroway": "stand", "ref": "149B", "id": 11425390651}, "geometry": {"type": "Point", "coordinates": [77.1118465, 28.5633274]}}, {"type": "Feature", "properties": {"aeroway": "stand", "ref": "149A", "id": 11425390652}, "geometry": {"type": "Point", "coordinates": [77.1119451, 28.5636819]}}, {"type": "Feature", "properties": {"aeroway": "stand", "ref": "149", "id": 11425390653}, "geometry": {"type": "Point", "coordinates": [77.1120467, 28.5640337]}}, {"type": "Feature", "properties": {"aeroway": "stand", "ref": "148", "id": 11425390654}, "geometry": {"type": "Point", "coordinates": [77.1121453, 28.5643854]}}, {"type": "Feature", "properties": {"aeroway": "stand", "ref": "252", "id": 11425390664}, "geometry": {"type": "Point", "coordinates": [77.1025497, 28.5596036]}}, {"type": "Feature", "properties": {"aeroway": "stand", "ref": "253", "id": 11425390668}, "geometry": {"type": "Point", "coordinates": [77.1018031, 28.5597842]}}, {"type": "Feature", "properties": {"aeroway": "stand", "ref": "254", "id": 11425408371}, "geometry": {"type": "Point", "coordinates": [77.1006323, 28.5600377]}}, {"type": "Feature", "properties": {"aeroway": "stand", "ref": "255", "id": 11425408372}, "geometry": {"type": "Point", "coordinates": [77.0998763, 28.5602093]}}, {"type": "Feature", "properties": {"aeroway": "stand", "ref": "256", "id": 11425408376}, "geometry": {"type": "Point", "coordinates": [77.0987258, 28.5604753]}}, {"type": "Feature", "properties": {"aeroway": "stand", "ref": "257", "id": 11425408377}, "geometry": {"type": "Point", "coordinates": [77.097973, 28.5606347]}}, {"type": "Feature", "properties": {"aeroway": "stand", "ref": "260", "id": 11425408379}, "geometry": {"type": "Point", "coordinates": [77.1031121, 28.5573334]}}, {"type": "Feature", "properties": {"aeroway": "stand", "ref": "261", "id": 11425408380}, "geometry": {"type": "Point", "coordinates": [77.1017744, 28.5576149]}}, {"type": "Feature", "properties": {"aeroway": "stand", "ref": "262", "id": 11425408381}, "geometry": {"type": "Point", "coordinates": [77.1010589, 28.557772]}}, {"type": "Feature", "properties": {"aeroway": "stand", "ref": "263", "id": 11425408382}, "geometry": {"type": "Point", "coordinates": [77.099778, 28.5581128]}}, {"type": "Feature", "properties": {"aeroway": "stand", "ref": "264", "id": 11425408383}, "geometry": {"type": "Point", "coordinates": [77.0990549, 28.5582615]}}, {"type": "Feature", "properties": {"aeroway": "stand", "ref": "265", "id": 11425408384}, "geometry": {"type": "Point", "coordinates": [77.0976731, 28.5585757]}}, {"type": "Feature", "properties": {"aeroway": "stand", "ref": "123", "id": 13138337836}, "geometry": {"type": "Point", "coordinates": [77.1176853, 28.5675022]}}, {"type": "Feature", "properties": {"aeroway": "stand", "ref": "124", "id": 13138337837}, "geometry": {"type": "Point", "coordinates": [77.1176787, 28.5671346]}}, {"type": "Feature", "properties": {"aeroway": "stand", "ref": "125", "id": 13138337838}, "geometry": {"type": "Point", "coordinates": [77.1176721, 28.5667676]}}, {"type": "Feature", "properties": {"aeroway": "stand", "ref": "126", "id": 13138337843}, "geometry": {"type": "Point", "coordinates": [77.1173164, 28.5670423]}}, {"type": "Feature", "properties": {"aeroway": "stand", "ref": "127", "id": 13138337844}, "geometry": {"type": "Point", "coordinates": [77.1169105, 28.5671313]}}, {"type": "Feature", "properties": {"aeroway": "stand", "ref": "128", "id": 13138337845}, "geometry": {"type": "Point", "coordinates": [77.1165174, 28.5672175]}}, {"type": "Feature", "properties": {"aeroway": "stand", "ref": "129", "id": 13138337846}, "geometry": {"type": "Point", "coordinates": [77.1161116, 28.5673064]}}, {"type": "Feature", "properties": {"aeroway": "stand", "ref": "130", "id": 13138337847}, "geometry": {"type": "Point", "coordinates": [77.1157133, 28.5673938]}}, {"type": "Feature", "properties": {"aeroway": "stand", "ref": "131", "id": 13138337848}, "geometry": {"type": "Point", "coordinates": [77.1153072, 28.5674828]}}, {"type": "Feature", "properties": {"aeroway": "stand", "ref": "132", "id": 13138337849}, "geometry": {"type": "Point", "coordinates": [77.1149021, 28.5675716]}}, {"type": "Feature", "properties": {"aeroway": "stand", "ref": "121", "id": 13138342306}, "geometry": {"type": "Point", "coordinates": [77.114442, 28.5659346]}}, {"type": "Feature", "properties": {"aeroway": "stand", "ref": "119", "id": 13138342307}, "geometry": {"type": "Point", "coordinates": [77.1148475, 28.5658464]}}, {"type": "Feature", "properties": {"aeroway": "stand", "ref": "117", "id": 13138342308}, "geometry": {"type": "Point", "coordinates": [77.1152512, 28.5657586]}}, {"type": "Feature", "properties": {"aeroway": "stand", "ref": "115", "id": 13138342309}, "geometry": {"type": "Point", "coordinates": [77.1156485, 28.5656721]}}, {"type": "Feature", "properties": {"aeroway": "stand", "ref": "113", "id": 13138342310}, "geometry": {"type": "Point", "coordinates": [77.1160501, 28.5655848]}}, {"type": "Feature", "properties": {"aeroway": "stand", "ref": "111", "id": 13138342311}, "geometry": {"type": "Point", "coordinates": [77.1164499, 28.5654978]}}, {"type": "Feature", "properties": {"aeroway": "stand", "ref": "109", "id": 13138342312}, "geometry": {"type": "Point", "coordinates": [77.1170184, 28.5653741]}}, {"type": "Feature", "properties": {"aeroway": "stand", "ref": "107", "id": 13138342313}, "geometry": {"type": "Point", "coordinates": [77.1174292, 28.5652847]}}, {"type": "Feature", "properties": {"aeroway": "stand", "ref": "105", "id": 13138342314}, "geometry": {"type": "Point", "coordinates": [77.1178179, 28.5652002]}}, {"type": "Feature", "properties": {"aeroway": "stand", "ref": "103", "id": 13138342315}, "geometry": {"type": "Point", "coordinates": [77.1182219, 28.5651123]}}, {"type": "Feature", "properties": {"aeroway": "stand", "ref": "101", "id": 13138342316}, "geometry": {"type": "Point", "coordinates": [77.1186341, 28.5650226]}}, {"type": "Feature", "properties": {"aeroway": "stand", "ref": "122", "id": 13138342327}, "geometry": {"type": "Point", "coordinates": [77.1141376, 28.5648034]}}, {"type": "Feature", "properties": {"aeroway": "stand", "ref": "120", "id": 13138342328}, "geometry": {"type": "Point", "coordinates": [77.1145281, 28.5647203]}}, {"type": "Feature", "properties": {"aeroway": "stand", "ref": "118", "id": 13138342329}, "geometry": {"type": "Point", "coordinates": [77.1149311, 28.5646262]}}, {"type": "Feature", "properties": {"aeroway": "stand", "ref": "116", "id": 13138342330}, "geometry": {"type": "Point", "coordinates": [77.1153207, 28.5645428]}}, {"type": "Feature", "properties": {"aeroway": "stand", "ref": "114", "id": 13138342331}, "geometry": {"type": "Point", "coordinates": [77.1157286, 28.5644461]}}, {"type": "Feature", "properties": {"aeroway": "stand", "ref": "112", "id": 13138342332}, "geometry": {"type": "Point", "coordinates": [77.1161414, 28.564388]}}, {"type": "Feature", "properties": {"aeroway": "stand", "ref": "110", "id": 13138342334}, "geometry": {"type": "Point", "coordinates": [77.116703, 28.5642483]}}, {"type": "Feature", "properties": {"aeroway": "stand", "ref": "108", "id": 13138342335}, "geometry": {"type": "Point", "coordinates": [77.1171022, 28.5641535]}}, {"type": "Feature", "properties": {"aeroway": "stand", "ref": "106", "id": 13138342336}, "geometry": {"type": "Point", "coordinates": [77.1175014, 28.564064]}}, {"type": "Feature", "properties": {"aeroway": "stand", "ref": "104", "id": 13138342337}, "geometry": {"type": "Point", "coordinates": [77.1179144, 28.563988]}}, {"type": "Feature", "properties": {"aeroway": "stand", "ref": "102", "id": 13138342338}, "geometry": {"type": "Point", "coordinates": [77.1183021, 28.5639022]}}, {"type": "Feature", "properties": {"aeroway": "stand", "ref": "137", "id": 13140340506}, "geometry": {"type": "Point", "coordinates": [77.1137162, 28.5631921]}}, {"type": "Feature", "properties": {"aeroway": "stand", "ref": "136R", "id": 13140340507}, "geometry": {"type": "Point", "coordinates": [77.1141199, 28.563103]}}, {"type": "Feature", "properties": {"aeroway": "stand", "ref": "136L", "id": 13140340508}, "geometry": {"type": "Point", "coordinates": [77.1145203, 28.5630146]}}, {"type": "Feature", "properties": {"aeroway": "stand", "ref": "135R", "id": 13140340509}, "geometry": {"type": "Point", "coordinates": [77.1149229, 28.5629258]}}, {"type": "Feature", "properties": {"aeroway": "stand", "ref": "135L", "id": 13140340510}, "geometry": {"type": "Point", "coordinates": [77.1153233, 28.5628374]}}, {"type": "Feature", "properties": {"aeroway": "stand", "ref": "134R", "id": 13140340511}, "geometry": {"type": "Point", "coordinates": [77.115727, 28.5627483]}}, {"type": "Feature", "properties": {"aeroway": "stand", "ref": "134L", "id": 13140340512}, "geometry": {"type": "Point", "coordinates": [77.1161296, 28.5626594]}}, {"type": "Feature", "properties": {"aeroway": "stand", "ref": "133R", "id": 13140340513}, "geometry": {"type": "Point", "coordinates": [77.1165289, 28.5625713]}}, {"type": "Feature", "properties": {"aeroway": "stand", "ref": "133L", "id": 13140340514}, "geometry": {"type": "Point", "coordinates": [77.1169287, 28.562483]}}, {"type": "Feature", "properties": {"aeroway": "stand", "ref": "140", "id": 13140340724}, "geometry": {"type": "Point", "coordinates": [77.1130337, 28.5674716]}}, {"type": "Feature", "properties": {"aeroway": "stand", "ref": "141", "id": 13140340725}, "geometry": {"type": "Point", "coordinates": [77.1129318, 28.5671173]}}, {"type": "Feature", "properties": {"aeroway": "stand", "ref": "142", "id": 13140340726}, "geometry": {"type": "Point", "coordinates": [77.1128334, 28.5667682]}}, {"type": "Feature", "properties": {"aeroway": "stand", "ref": "143", "id": 13140340727}, "geometry": {"type": "Point", "coordinates": [77.1127345, 28.5664069]}}, {"type": "Feature", "properties": {"aeroway": "stand", "ref": "144", "id": 13140340728}, "geometry": {"type": "Point", "coordinates": [77.1125944, 28.565924]}}, {"type": "Feature", "properties": {"aeroway": "stand", "ref": "145", "id": 13140340729}, "geometry": {"type": "Point", "coordinates": [77.1124925, 28.565573]}}, {"type": "Feature", "properties": {"aeroway": "stand", "ref": "146", "id": 13140340730}, "geometry": {"type": "Point", "coordinates": [77.1123966, 28.5652162]}}, {"type": "Feature", "properties": {"aeroway": "stand", "ref": "147", "id": 13140340731}, "geometry": {"type": "Point", "coordinates": [77.1122945, 28.564863]}}, {"type": "Feature", "properties": {"aeroway": "stand", "ref": null, "id": 13140500591}, "geometry": {"type": "Point", "coordinates": [77.1172291, 28.555712]}}, {"type": "Feature", "properties": {"aeroway": "stand", "ref": null, "id": 13140500592}, "geometry": {"type": "Point", "coordinates": [77.1172969, 28.5559504]}}, {"type": "Feature", "properties": {"aeroway": "stand", "ref": null, "id": 13140500593}, "geometry": {"type": "Point", "coordinates": [77.1173673, 28.5561835]}}, {"type": "Feature", "properties": {"aeroway": "stand", "ref": null, "id": 13140529287}, "geometry": {"type": "Point", "coordinates": [77.1185181, 28.5558662]}}, {"type": "Feature", "properties": {"aeroway": "stand", "ref": null, "id": 13140529288}, "geometry": {"type": "Point", "coordinates": [77.1183695, 28.5553337]}}, {"type": "Feature", "properties": {"aeroway": "stand", "ref": null, "id": 13140529289}, "geometry": {"type": "Point", "coordinates": [77.1182032, 28.5547865]}}, {"type": "Feature", "properties": {"aeroway": "stand", "ref": null, "id": 13140529290}, "geometry": {"type": "Point", "coordinates": [77.1193831, 28.5550591]}}, {"type": "Feature", "properties": {"aeroway": "stand", "ref": null, "id": 13140529291}, "geometry": {"type": "Point", "coordinates": [77.1194823, 28.5554031]}}, {"type": "Feature", "properties": {"aeroway": "stand", "ref": null, "id": 13140529292}, "geometry": {"type": "Point", "coordinates": [77.119544, 28.555674]}}, {"type": "Feature", "properties": {"aeroway": "stand", "ref": null, "id": 187990227}, "geometry": {"type": "Point", "coordinates": [77.0881869, 28.5615456]}}, {"type": "Feature", "properties": {"aeroway": "stand", "ref": null, "id": 187990238}, "geometry": {"type": "Point", "coordinates": [77.0887025, 28.5613698]}}, {"type": "Feature", "properties": {"aeroway": "stand", "ref": null, "id": 187990239}, "geometry": {"type": "Point", "coordinates": [77.0885351, 28.5607024]}}, {"type": "Feature", "properties": {"aeroway": "stand", "ref": null, "id": 313547208}, "geometry": {"type": "Point", "coordinates": [77.090196, 28.5512629]}}, {"type": "Feature", "properties": {"aeroway": "stand", "ref": null, "id": 313547216}, "geometry": {"type": "Point", "coordinates": [77.0901464, 28.5510334]}}, {"type": "Feature", "properties": {"aeroway": "stand", "ref": null, "id": 626285220}, "geometry": {"type": "Point", "coordinates": [77.0904566, 28.5520208]}}, {"type": "Feature", "properties": {"aeroway": "stand", "ref": null, "id": 626285221}, "geometry": {"type": "Point", "coordinates": [77.0910432, 28.5516931]}}, {"type": "Feature", "properties": {"aeroway": "stand", "ref": null, "id": 901366767}, "geometry": {"type": "Point", "coordinates": [77.086266, 28.5604621]}}, {"type": "Feature", "properties": {"aeroway": "stand", "ref": null, "id": 901366768}, "geometry": {"type": "Point", "coordinates": [77.0857687, 28.5614669]}}, {"type": "Feature", "properties": {"aeroway": null, "supplement": true, "amenity": "fire_station", "emergency": null, "man_made": null, "name": "Sector 6 Fire Station", "operator": null, "id": 4438230893, "osm_type": "node"}, "geometry": {"type": "Point", "coordinates": [77.0640235, 28.5973177]}}, {"type": "Feature", "properties": {"aeroway": null, "supplement": true, "amenity": null, "emergency": null, "man_made": "storage_tank", "name": null, "operator": null, "id": 10920161319, "osm_type": "node"}, "geometry": {"type": "Point", "coordinates": [77.1151895, 28.511211]}}, {"type": "Feature", "properties": {"aeroway": "fuel", "supplement": true, "amenity": null, "emergency": null, "man_made": null, "name": null, "operator": null, "id": 14038657914, "osm_type": "node"}, "geometry": {"type": "Point", "coordinates": [77.0899748, 28.5489345]}}, {"type": "Feature", "properties": {"aeroway": "fuel", "supplement": true, "amenity": null, "emergency": null, "man_made": null, "name": null, "operator": null, "id": 14038657915, "osm_type": "node"}, "geometry": {"type": "Point", "coordinates": [77.0899279, 28.5489716]}}, {"type": "Feature", "properties": {"aeroway": "fuel", "supplement": true, "amenity": null, "emergency": null, "man_made": null, "name": null, "operator": null, "id": 14038657916, "osm_type": "node"}, "geometry": {"type": "Point", "coordinates": [77.0898762, 28.5489521]}}, {"type": "Feature", "properties": {"aeroway": null, "supplement": true, "amenity": null, "emergency": null, "man_made": "storage_tank", "name": null, "operator": "Military Engineering Services", "id": 14046202036, "osm_type": "node"}, "geometry": {"type": "Point", "coordinates": [77.1263681, 28.5939126]}}, {"type": "Feature", "properties": {"aeroway": null, "supplement": true, "amenity": null, "emergency": null, "man_made": "storage_tank", "name": null, "operator": null, "id": 349977579, "osm_type": "way"}, "geometry": {"type": "Point", "coordinates": [77.0742948, 28.5594171]}}, {"type": "Feature", "properties": {"aeroway": null, "supplement": true, "amenity": null, "emergency": null, "man_made": "storage_tank", "name": null, "operator": null, "id": 349977596, "osm_type": "way"}, "geometry": {"type": "Point", "coordinates": [77.0735455, 28.5601692]}}, {"type": "Feature", "properties": {"aeroway": null, "supplement": true, "amenity": null, "emergency": null, "man_made": "storage_tank", "name": null, "operator": null, "id": 349977601, "osm_type": "way"}, "geometry": {"type": "Point", "coordinates": [77.0734668, 28.5615517]}}, {"type": "Feature", "properties": {"aeroway": null, "supplement": true, "amenity": null, "emergency": null, "man_made": "storage_tank", "name": null, "operator": null, "id": 349977605, "osm_type": "way"}, "geometry": {"type": "Point", "coordinates": [77.0734054, 28.5615669]}}, {"type": "Feature", "properties": {"aeroway": null, "supplement": true, "amenity": null, "emergency": null, "man_made": "storage_tank", "name": null, "operator": null, "id": 349977608, "osm_type": "way"}, "geometry": {"type": "Point", "coordinates": [77.0749583, 28.5592522]}}, {"type": "Feature", "properties": {"aeroway": null, "supplement": true, "amenity": null, "emergency": null, "man_made": "storage_tank", "name": null, "operator": null, "id": 349977611, "osm_type": "way"}, "geometry": {"type": "Point", "coordinates": [77.0746708, 28.5593391]}}, {"type": "Feature", "properties": {"aeroway": null, "supplement": true, "amenity": null, "emergency": null, "man_made": "storage_tank", "name": null, "operator": null, "id": 349977614, "osm_type": "way"}, "geometry": {"type": "Point", "coordinates": [77.074492, 28.5597268]}}, {"type": "Feature", "properties": {"aeroway": null, "supplement": true, "amenity": null, "emergency": null, "man_made": "storage_tank", "name": null, "operator": null, "id": 349977617, "osm_type": "way"}, "geometry": {"type": "Point", "coordinates": [77.0747621, 28.5596349]}}, {"type": "Feature", "properties": {"aeroway": null, "supplement": true, "amenity": null, "emergency": null, "man_made": "storage_tank", "name": null, "operator": null, "id": 349977626, "osm_type": "way"}, "geometry": {"type": "Point", "coordinates": [77.0737888, 28.5613081]}}, {"type": "Feature", "properties": {"aeroway": null, "supplement": true, "amenity": null, "emergency": null, "man_made": "storage_tank", "name": null, "operator": null, "id": 349977633, "osm_type": "way"}, "geometry": {"type": "Point", "coordinates": [77.0733195, 28.5614842]}}, {"type": "Feature", "properties": {"aeroway": null, "supplement": true, "amenity": null, "emergency": null, "man_made": "storage_tank", "name": null, "operator": null, "id": 349977639, "osm_type": "way"}, "geometry": {"type": "Point", "coordinates": [77.0735254, 28.5615407]}}, {"type": "Feature", "properties": {"aeroway": null, "supplement": true, "amenity": null, "emergency": null, "man_made": "storage_tank", "name": null, "operator": null, "id": 349977645, "osm_type": "way"}, "geometry": {"type": "Point", "coordinates": [77.073831, 28.5614219]}}, {"type": "Feature", "properties": {"aeroway": null, "supplement": true, "amenity": null, "emergency": null, "man_made": "storage_tank", "name": null, "operator": null, "id": 349977648, "osm_type": "way"}, "geometry": {"type": "Point", "coordinates": [77.0750776, 28.5595605]}}, {"type": "Feature", "properties": {"aeroway": null, "supplement": true, "amenity": null, "emergency": null, "man_made": "storage_tank", "name": null, "operator": null, "id": 349977651, "osm_type": "way"}, "geometry": {"type": "Point", "coordinates": [77.0734944, 28.5614435]}}, {"type": "Feature", "properties": {"aeroway": null, "supplement": true, "amenity": null, "emergency": null, "man_made": "storage_tank", "name": null, "operator": null, "id": 349977655, "osm_type": "way"}, "geometry": {"type": "Point", "coordinates": [77.0734355, 28.5614567]}}, {"type": "Feature", "properties": {"aeroway": null, "supplement": true, "amenity": null, "emergency": null, "man_made": "storage_tank", "name": null, "operator": null, "id": 349977666, "osm_type": "way"}, "geometry": {"type": "Point", "coordinates": [77.073346, 28.5615794]}}, {"type": "Feature", "properties": {"aeroway": null, "supplement": true, "amenity": null, "emergency": null, "man_made": "storage_tank", "name": null, "operator": null, "id": 349977669, "osm_type": "way"}, "geometry": {"type": "Point", "coordinates": [77.0733788, 28.5614711]}}, {"type": "Feature", "properties": {"aeroway": null, "supplement": true, "amenity": null, "emergency": null, "man_made": "storage_tank", "name": null, "operator": null, "id": 350086658, "osm_type": "way"}, "geometry": {"type": "Point", "coordinates": [77.0572868, 28.5374068]}}, {"type": "Feature", "properties": {"aeroway": null, "supplement": true, "amenity": null, "emergency": null, "man_made": "storage_tank", "name": null, "operator": null, "id": 350086661, "osm_type": "way"}, "geometry": {"type": "Point", "coordinates": [77.0570372, 28.537173]}}, {"type": "Feature", "properties": {"aeroway": null, "supplement": true, "amenity": null, "emergency": null, "man_made": "storage_tank", "name": null, "operator": null, "id": 350086663, "osm_type": "way"}, "geometry": {"type": "Point", "coordinates": [77.057056, 28.5374118]}}, {"type": "Feature", "properties": {"aeroway": null, "supplement": true, "amenity": null, "emergency": null, "man_made": "storage_tank", "name": null, "operator": null, "id": 350086665, "osm_type": "way"}, "geometry": {"type": "Point", "coordinates": [77.0575535, 28.5373982]}}, {"type": "Feature", "properties": {"aeroway": null, "supplement": true, "amenity": null, "emergency": null, "man_made": "storage_tank", "name": null, "operator": null, "id": 350086668, "osm_type": "way"}, "geometry": {"type": "Point", "coordinates": [77.0571089, 28.5379125]}}, {"type": "Feature", "properties": {"aeroway": null, "supplement": true, "amenity": null, "emergency": null, "man_made": "storage_tank", "name": null, "operator": null, "id": 350086670, "osm_type": "way"}, "geometry": {"type": "Point", "coordinates": [77.0572624, 28.5371658]}}, {"type": "Feature", "properties": {"aeroway": null, "supplement": true, "amenity": null, "emergency": null, "man_made": "storage_tank", "name": null, "operator": null, "id": 350086672, "osm_type": "way"}, "geometry": {"type": "Point", "coordinates": [77.0575622, 28.5371596]}}, {"type": "Feature", "properties": {"aeroway": null, "supplement": true, "amenity": null, "emergency": null, "man_made": "storage_tank", "name": null, "operator": null, "id": 350086674, "osm_type": "way"}, "geometry": {"type": "Point", "coordinates": [77.056491, 28.5374306]}}, {"type": "Feature", "properties": {"aeroway": null, "supplement": true, "amenity": null, "emergency": null, "man_made": "storage_tank", "name": null, "operator": null, "id": 350086677, "osm_type": "way"}, "geometry": {"type": "Point", "coordinates": [77.0574035, 28.5379003]}}, {"type": "Feature", "properties": {"aeroway": null, "supplement": true, "amenity": null, "emergency": null, "man_made": "storage_tank", "name": null, "operator": null, "id": 350740541, "osm_type": "way"}, "geometry": {"type": "Point", "coordinates": [77.0614987, 28.5400668]}}, {"type": "Feature", "properties": {"aeroway": null, "supplement": true, "amenity": "fire_station", "emergency": null, "man_made": null, "name": "Fire Station 1", "operator": null, "id": 414134628, "osm_type": "way"}, "geometry": {"type": "Point", "coordinates": [77.0947618, 28.5482432]}}, {"type": "Feature", "properties": {"aeroway": null, "supplement": true, "amenity": null, "emergency": null, "man_made": "storage_tank", "name": null, "operator": null, "id": 414380544, "osm_type": "way"}, "geometry": {"type": "Point", "coordinates": [77.0864279, 28.50035]}}, {"type": "Feature", "properties": {"aeroway": null, "supplement": true, "amenity": null, "emergency": null, "man_made": "storage_tank", "name": null, "operator": null, "id": 816903718, "osm_type": "way"}, "geometry": {"type": "Point", "coordinates": [77.0591754, 28.5440733]}}, {"type": "Feature", "properties": {"aeroway": null, "supplement": true, "amenity": null, "emergency": null, "man_made": "storage_tank", "name": null, "operator": null, "id": 948328995, "osm_type": "way"}, "geometry": {"type": "Point", "coordinates": [77.0595459, 28.541471]}}, {"type": "Feature", "properties": {"aeroway": null, "supplement": true, "amenity": null, "emergency": null, "man_made": "storage_tank", "name": null, "operator": null, "id": 948328996, "osm_type": "way"}, "geometry": {"type": "Point", "coordinates": [77.0593899, 28.5415412]}}, {"type": "Feature", "properties": {"aeroway": null, "supplement": true, "amenity": null, "emergency": null, "man_made": "storage_tank", "name": null, "operator": null, "id": 948328997, "osm_type": "way"}, "geometry": {"type": "Point", "coordinates": [77.0584964, 28.543146]}}, {"type": "Feature", "properties": {"aeroway": null, "supplement": true, "amenity": null, "emergency": null, "man_made": "storage_tank", "name": null, "operator": null, "id": 948328998, "osm_type": "way"}, "geometry": {"type": "Point", "coordinates": [77.0618537, 28.5427532]}}, {"type": "Feature", "properties": {"aeroway": null, "supplement": true, "amenity": null, "emergency": null, "man_made": "storage_tank", "name": null, "operator": null, "id": 948328999, "osm_type": "way"}, "geometry": {"type": "Point", "coordinates": [77.0625753, 28.5428939]}}, {"type": "Feature", "properties": {"aeroway": null, "supplement": true, "amenity": null, "emergency": null, "man_made": "storage_tank", "name": null, "operator": null, "id": 948329000, "osm_type": "way"}, "geometry": {"type": "Point", "coordinates": [77.0623875, 28.5428981]}}, {"type": "Feature", "properties": {"aeroway": null, "supplement": true, "amenity": null, "emergency": null, "man_made": "storage_tank", "name": null, "operator": null, "id": 948329001, "osm_type": "way"}, "geometry": {"type": "Point", "coordinates": [77.0621689, 28.5429117]}}, {"type": "Feature", "properties": {"aeroway": null, "supplement": true, "amenity": null, "emergency": null, "man_made": "storage_tank", "name": null, "operator": null, "id": 948329002, "osm_type": "way"}, "geometry": {"type": "Point", "coordinates": [77.0581075, 28.5432877]}}, {"type": "Feature", "properties": {"aeroway": null, "supplement": true, "amenity": null, "emergency": null, "man_made": "storage_tank", "name": null, "operator": null, "id": 948329003, "osm_type": "way"}, "geometry": {"type": "Point", "coordinates": [77.0579006, 28.5430023]}}, {"type": "Feature", "properties": {"aeroway": null, "supplement": true, "amenity": null, "emergency": null, "man_made": "storage_tank", "name": null, "operator": null, "id": 948329004, "osm_type": "way"}, "geometry": {"type": "Point", "coordinates": [77.0582563, 28.5428309]}}, {"type": "Feature", "properties": {"aeroway": null, "supplement": true, "amenity": null, "emergency": null, "man_made": "storage_tank", "name": null, "operator": null, "id": 948329005, "osm_type": "way"}, "geometry": {"type": "Point", "coordinates": [77.0574376, 28.5424492]}}, {"type": "Feature", "properties": {"aeroway": null, "supplement": true, "amenity": null, "emergency": null, "man_made": "storage_tank", "name": null, "operator": null, "id": 948329006, "osm_type": "way"}, "geometry": {"type": "Point", "coordinates": [77.0577708, 28.5423067]}}, {"type": "Feature", "properties": {"aeroway": null, "supplement": true, "amenity": null, "emergency": null, "man_made": "storage_tank", "name": null, "operator": null, "id": 948329007, "osm_type": "way"}, "geometry": {"type": "Point", "coordinates": [77.0581327, 28.5421664]}}, {"type": "Feature", "properties": {"aeroway": null, "supplement": true, "amenity": null, "emergency": null, "man_made": "storage_tank", "name": null, "operator": null, "id": 948329008, "osm_type": "way"}, "geometry": {"type": "Point", "coordinates": [77.057822, 28.5418235]}}, {"type": "Feature", "properties": {"aeroway": null, "supplement": true, "amenity": null, "emergency": null, "man_made": "storage_tank", "name": null, "operator": null, "id": 948329009, "osm_type": "way"}, "geometry": {"type": "Point", "coordinates": [77.0573147, 28.542061]}}, {"type": "Feature", "properties": {"aeroway": null, "supplement": true, "amenity": null, "emergency": null, "man_made": "storage_tank", "name": null, "operator": null, "id": 948329010, "osm_type": "way"}, "geometry": {"type": "Point", "coordinates": [77.060377, 28.5408787]}}, {"type": "Feature", "properties": {"aeroway": null, "supplement": true, "amenity": null, "emergency": null, "man_made": "storage_tank", "name": null, "operator": null, "id": 948329011, "osm_type": "way"}, "geometry": {"type": "Point", "coordinates": [77.0595085, 28.5404033]}}, {"type": "Feature", "properties": {"aeroway": null, "supplement": true, "amenity": null, "emergency": null, "man_made": "storage_tank", "name": null, "operator": null, "id": 948329012, "osm_type": "way"}, "geometry": {"type": "Point", "coordinates": [77.0596537, 28.54059]}}, {"type": "Feature", "properties": {"aeroway": null, "supplement": true, "amenity": null, "emergency": null, "man_made": "storage_tank", "name": null, "operator": null, "id": 948329013, "osm_type": "way"}, "geometry": {"type": "Point", "coordinates": [77.0617281, 28.5404598]}}, {"type": "Feature", "properties": {"aeroway": null, "supplement": true, "amenity": null, "emergency": null, "man_made": "storage_tank", "name": null, "operator": null, "id": 948329014, "osm_type": "way"}, "geometry": {"type": "Point", "coordinates": [77.0609426, 28.5413577]}}, {"type": "Feature", "properties": {"aeroway": null, "supplement": true, "amenity": null, "emergency": null, "man_made": "storage_tank", "name": null, "operator": null, "id": 948329015, "osm_type": "way"}, "geometry": {"type": "Point", "coordinates": [77.0612939, 28.5410601]}}, {"type": "Feature", "properties": {"aeroway": null, "supplement": true, "amenity": null, "emergency": null, "man_made": "storage_tank", "name": null, "operator": null, "id": 948329016, "osm_type": "way"}, "geometry": {"type": "Point", "coordinates": [77.0612275, 28.5417158]}}, {"type": "Feature", "properties": {"aeroway": null, "supplement": true, "amenity": null, "emergency": null, "man_made": "storage_tank", "name": null, "operator": null, "id": 948329017, "osm_type": "way"}, "geometry": {"type": "Point", "coordinates": [77.0616581, 28.5414543]}}, {"type": "Feature", "properties": {"aeroway": null, "supplement": true, "amenity": null, "emergency": null, "man_made": "storage_tank", "name": null, "operator": null, "id": 948329018, "osm_type": "way"}, "geometry": {"type": "Point", "coordinates": [77.0617003, 28.5419067]}}, {"type": "Feature", "properties": {"aeroway": null, "supplement": true, "amenity": null, "emergency": null, "man_made": "storage_tank", "name": null, "operator": null, "id": 948329019, "osm_type": "way"}, "geometry": {"type": "Point", "coordinates": [77.0612309, 28.5421363]}}, {"type": "Feature", "properties": {"aeroway": null, "supplement": true, "amenity": null, "emergency": null, "man_made": "storage_tank", "name": null, "operator": null, "id": 948329020, "osm_type": "way"}, "geometry": {"type": "Point", "coordinates": [77.0604688, 28.542333]}}, {"type": "Feature", "properties": {"aeroway": null, "supplement": true, "amenity": null, "emergency": null, "man_made": "storage_tank", "name": null, "operator": null, "id": 948329021, "osm_type": "way"}, "geometry": {"type": "Point", "coordinates": [77.0602256, 28.5419823]}}, {"type": "Feature", "properties": {"aeroway": null, "supplement": true, "amenity": null, "emergency": null, "man_made": "storage_tank", "name": null, "operator": null, "id": 948329022, "osm_type": "way"}, "geometry": {"type": "Point", "coordinates": [77.0594486, 28.5422481]}}, {"type": "Feature", "properties": {"aeroway": null, "supplement": true, "amenity": null, "emergency": null, "man_made": "storage_tank", "name": null, "operator": null, "id": 948329023, "osm_type": "way"}, "geometry": {"type": "Point", "coordinates": [77.0595996, 28.5426745]}}, {"type": "Feature", "properties": {"aeroway": null, "supplement": true, "amenity": null, "emergency": null, "man_made": "storage_tank", "name": null, "operator": null, "id": 948329024, "osm_type": "way"}, "geometry": {"type": "Point", "coordinates": [77.0598571, 28.5425929]}}, {"type": "Feature", "properties": {"aeroway": null, "supplement": true, "amenity": null, "emergency": null, "man_made": "storage_tank", "name": null, "operator": null, "id": 948329025, "osm_type": "way"}, "geometry": {"type": "Point", "coordinates": [77.0604679, 28.5433905]}}, {"type": "Feature", "properties": {"aeroway": null, "supplement": true, "amenity": null, "emergency": null, "man_made": "storage_tank", "name": null, "operator": null, "id": 948329026, "osm_type": "way"}, "geometry": {"type": "Point", "coordinates": [77.0605959, 28.5433418]}}, {"type": "Feature", "properties": {"aeroway": null, "supplement": true, "amenity": null, "emergency": null, "man_made": "storage_tank", "name": null, "operator": null, "id": 948329027, "osm_type": "way"}, "geometry": {"type": "Point", "coordinates": [77.0606174, 28.5430285]}}, {"type": "Feature", "properties": {"aeroway": null, "supplement": true, "amenity": null, "emergency": null, "man_made": "storage_tank", "name": null, "operator": null, "id": 948329028, "osm_type": "way"}, "geometry": {"type": "Point", "coordinates": [77.0604029, 28.543161]}}, {"type": "Feature", "properties": {"aeroway": null, "supplement": true, "amenity": null, "emergency": null, "man_made": "storage_tank", "name": null, "operator": null, "id": 948329029, "osm_type": "way"}, "geometry": {"type": "Point", "coordinates": [77.0595698, 28.5434942]}}, {"type": "Feature", "properties": {"aeroway": null, "supplement": true, "amenity": null, "emergency": null, "man_made": "storage_tank", "name": null, "operator": null, "id": 948329030, "osm_type": "way"}, "geometry": {"type": "Point", "coordinates": [77.0599174, 28.5433572]}}, {"type": "Feature", "properties": {"aeroway": null, "supplement": true, "amenity": null, "emergency": null, "man_made": "storage_tank", "name": null, "operator": null, "id": 948329031, "osm_type": "way"}, "geometry": {"type": "Point", "coordinates": [77.0600644, 28.5436559]}}, {"type": "Feature", "properties": {"aeroway": null, "supplement": true, "amenity": null, "emergency": null, "man_made": "storage_tank", "name": null, "operator": null, "id": 948329032, "osm_type": "way"}, "geometry": {"type": "Point", "coordinates": [77.0597391, 28.5437891]}}, {"type": "Feature", "properties": {"aeroway": null, "supplement": true, "amenity": null, "emergency": null, "man_made": "storage_tank", "name": null, "operator": null, "id": 948329033, "osm_type": "way"}, "geometry": {"type": "Point", "coordinates": [77.0584307, 28.5438323]}}, {"type": "Feature", "properties": {"aeroway": null, "supplement": true, "amenity": null, "emergency": null, "man_made": "storage_tank", "name": null, "operator": null, "id": 948329034, "osm_type": "way"}, "geometry": {"type": "Point", "coordinates": [77.0586993, 28.5437615]}}, {"type": "Feature", "properties": {"aeroway": null, "supplement": true, "amenity": null, "emergency": null, "man_made": "storage_tank", "name": null, "operator": null, "id": 948329035, "osm_type": "way"}, "geometry": {"type": "Point", "coordinates": [77.0589447, 28.5436702]}}, {"type": "Feature", "properties": {"aeroway": null, "supplement": true, "amenity": null, "emergency": null, "man_made": "storage_tank", "name": null, "operator": null, "id": 948329036, "osm_type": "way"}, "geometry": {"type": "Point", "coordinates": [77.0591217, 28.5438529]}}, {"type": "Feature", "properties": {"aeroway": null, "supplement": true, "amenity": null, "emergency": null, "man_made": "storage_tank", "name": null, "operator": null, "id": 948329037, "osm_type": "way"}, "geometry": {"type": "Point", "coordinates": [77.0586613, 28.544049]}}, {"type": "Feature", "properties": {"aeroway": null, "supplement": true, "amenity": null, "emergency": null, "man_made": "storage_tank", "name": null, "operator": null, "id": 948329038, "osm_type": "way"}, "geometry": {"type": "Point", "coordinates": [77.0589364, 28.544077]}}, {"type": "Feature", "properties": {"aeroway": null, "supplement": true, "amenity": null, "emergency": null, "man_made": "storage_tank", "name": null, "operator": null, "id": 948329599, "osm_type": "way"}, "geometry": {"type": "Point", "coordinates": [77.0597102, 28.545124]}}, {"type": "Feature", "properties": {"aeroway": null, "supplement": true, "amenity": null, "emergency": null, "man_made": "storage_tank", "name": null, "operator": null, "id": 948329600, "osm_type": "way"}, "geometry": {"type": "Point", "coordinates": [77.0594651, 28.5451324]}}, {"type": "Feature", "properties": {"aeroway": null, "supplement": true, "amenity": null, "emergency": null, "man_made": "storage_tank", "name": null, "operator": null, "id": 948329601, "osm_type": "way"}, "geometry": {"type": "Point", "coordinates": [77.0591103, 28.5452107]}}, {"type": "Feature", "properties": {"aeroway": null, "supplement": true, "amenity": null, "emergency": null, "man_made": "storage_tank", "name": null, "operator": null, "id": 948330657, "osm_type": "way"}, "geometry": {"type": "Point", "coordinates": [77.0590955, 28.5435192]}}, {"type": "Feature", "properties": {"aeroway": null, "supplement": true, "amenity": null, "emergency": null, "man_made": "storage_tank", "name": null, "operator": null, "id": 948331197, "osm_type": "way"}, "geometry": {"type": "Point", "coordinates": [77.0733316, 28.5601824]}}, {"type": "Feature", "properties": {"aeroway": null, "supplement": true, "amenity": null, "emergency": null, "man_made": "storage_tank", "name": null, "operator": null, "id": 1178064587, "osm_type": "way"}, "geometry": {"type": "Point", "coordinates": [77.1355657, 28.5984046]}}, {"type": "Feature", "properties": {"aeroway": null, "supplement": true, "amenity": null, "emergency": null, "man_made": "storage_tank", "name": null, "operator": null, "id": 1263463259, "osm_type": "way"}, "geometry": {"type": "Point", "coordinates": [77.1182014, 28.5907251]}}, {"type": "Feature", "properties": {"aeroway": null, "supplement": true, "amenity": null, "emergency": null, "man_made": "storage_tank", "name": null, "operator": null, "id": 1391755178, "osm_type": "way"}, "geometry": {"type": "Point", "coordinates": [77.1313687, 28.5973454]}}, {"type": "Feature", "properties": {"aeroway": null, "supplement": true, "amenity": null, "emergency": null, "man_made": "storage_tank", "name": null, "operator": null, "id": 1391978816, "osm_type": "way"}, "geometry": {"type": "Point", "coordinates": [77.1140641, 28.5771374]}}, {"type": "Feature", "properties": {"aeroway": null, "supplement": true, "amenity": null, "emergency": null, "man_made": "storage_tank", "name": null, "operator": null, "id": 1391978822, "osm_type": "way"}, "geometry": {"type": "Point", "coordinates": [77.1146172, 28.5768645]}}, {"type": "Feature", "properties": {"aeroway": null, "supplement": true, "amenity": null, "emergency": null, "man_made": "storage_tank", "name": null, "operator": null, "id": 1391978834, "osm_type": "way"}, "geometry": {"type": "Point", "coordinates": [77.1142964, 28.5770401]}}, {"type": "Feature", "properties": {"aeroway": null, "supplement": true, "amenity": null, "emergency": null, "man_made": "storage_tank", "name": null, "operator": null, "id": 1391978836, "osm_type": "way"}, "geometry": {"type": "Point", "coordinates": [77.114696, 28.577004]}}, {"type": "Feature", "properties": {"aeroway": null, "supplement": true, "amenity": "fire_station", "emergency": null, "man_made": null, "name": "Indira Gandhi International Airport Fire Station", "operator": null, "id": 1429449939, "osm_type": "way"}, "geometry": {"type": "Point", "coordinates": [77.0987799, 28.5665693]}}]}